"H","C","epoch","t","velocity","dist_to_limit"
0.998993972492356,0.00132519852978975,1,1,NA,0.438471079491264
0.88331054587899,0.126263763032202,2,2,0.17027125445281,0.275171986464823
0.745308802809485,0.212150076938312,3,3,0.162545193735775,0.114499100207515
0.697377295983614,0.233254775648802,4,4,0.0523721075980247,0.0625545092740753
0.672334889112579,0.240539936091456,5,5,0.0260805618146863,0.036512584850388
0.637973201571368,0.247484494222361,6,6,0.0350564182185421,0.00152235271076965
0.624062434150349,0.249154638410602,7,7,0.0140106685012243,0.0126109158352732
0.624057750386031,0.248561140617421,8,8,0.000593516274552709,0.0125853782358488
0.620580052927265,0.246109340002061,9,9,0.00425508000773035,0.016196021617297
0.626204197227853,0.248073776052753,10,10,0.0059573490842064,0.0104351893184142
0.631410414361161,0.243620529832169,11,11,0.00685099253687337,0.0069609794613495
0.634295641718261,0.244530078482125,12,12,0.00302519679505241,0.00436790014708455
0.636370922759028,0.243150987864668,13,13,0.00249172276333556,0.00507260824411404
0.643893335896845,0.239616793213641,14,14,0.00831127133760841,0.0112512031629016
0.63952859907228,0.241844755862893,15,15,0.00490048417140351,0.00699662843166041
0.640511023314371,0.242452329854557,16,16,0.00115512057673418,0.00694429533195165
0.642740473912347,0.241712815298882,17,17,0.00234890011428128,0.00891816138305637
0.652509445703274,0.238470690916492,18,18,0.0102929189427885,0.0186244818635145
0.65299042978447,0.237004219428077,19,19,0.00154333545047669,0.0198268670202636
0.666527743175098,0.232793262177792,20,20,0.0141771299916381,0.0336340556440001
0.670188876751852,0.231394304356478,21,21,0.00391930887436181,0.0375316052236826
0.676452196995193,0.230478679704122,22,22,0.00632989328303779,0.0435863428201789
0.683395418308168,0.225645745471338,23,23,0.00845964393454981,0.0519197316754756
0.681885323081698,0.225442398788037,24,24,0.00152372486578674,0.0506551536994641
0.685927432021992,0.225036400468782,25,25,0.00406244745448388,0.0544676647647223
0.686519375854926,0.224536244406511,26,26,0.000774953926356248,0.0552165473124681
0.688976086729094,0.223239182263812,27,27,0.00277809260487815,0.0579922472820808
0.685843807659531,0.224845200178154,28,28,0.00352000933390951,0.0544737609105066
0.691935637642697,0.221743866173685,29,29,0.00683583682888031,0.0613073060965193
0.697020777936791,0.219519976960452,30,30,0.00555016531675873,0.0668544913896546
0.686310058881856,0.223990754024501,31,31,0.0116063495652239,0.0552644673402079
0.689608846387503,0.224026693270159,32,32,0.00329898327319052,0.0582324287489668
0.692365958769768,0.223266339902454,33,33,0.0028600360019097,0.0610579406564881
0.681758484607893,0.226145593988452,34,34,0.0109912971111958,0.0502289531770976
0.690317578773919,0.22153491765665,35,35,0.00972195603670057,0.0599446583668386
0.69574862351167,0.220465271005242,37,37,0.00553537631081406,0.0653004609907434
0.703284650858383,0.217902589248032,38,38,0.00795983956868121,0.0732165074162168
0.703935406922654,0.218390084495862,39,39,0.000813102128789696,0.0736104827561928
0.703599334953925,0.218491645942781,40,40,0.000351082747604683,0.0732620961103317
0.700995415796358,0.218307136102919,41,41,0.00261044801904772,0.070967574037983
0.713656122955247,0.210317858503912,42,42,0.0149707068075338,0.0858372767310001
0.698363131385721,0.217777527770205,44,44,0.0170153535581272,0.0688220504071306
0.70189713362109,0.215622186899862,45,45,0.00413940407147738,0.0729458208805922
0.701331792220819,0.214643144619626,46,46,0.00113054618895032,0.0728862572721824
0.705557298255306,0.212194064539571,47,47,0.00488394251460932,0.0777652352228177
0.706724827832584,0.21186865257303,48,48,0.00121203063566351,0.0789510911697719
0.70533338264673,0.212784361661393,49,49,0.00166572591975596,0.0772944916724864
0.698448508867153,0.215786736643626,50,50,0.00751104137218297,0.0698010056446425
0.706324099698088,0.21409930569226,51,51,0.00805433759858215,0.0775891805812168
0.705237656166571,0.212780266824939,52,52,0.0017088660218632,0.077211307107777
0.70322511488706,0.215842766365596,53,53,0.00366459081457399,0.0740395192384614
0.715792689463834,0.208265883234166,54,54,0.0146749135850991,0.0886648455526044
0.71551699430219,0.2107300890193,55,55,0.00247958020109085,0.0873330692152397
0.714499326554787,0.211372081498042,56,56,0.00120324643646494,0.0861384720118944
0.71844008316188,0.210610332624833,57,57,0.00401370452103572,0.090031885880291
0.717635212741006,0.209822044177429,58,58,0.00112659445707345,0.0896360377944312
0.716939836254811,0.213209895177215,59,59,0.00345847984731788,0.0876001378820573
0.724437779558578,0.210192602727036,60,60,0.00808227737190532,0.0956794074509028
0.71988152517959,0.213846003578262,61,61,0.00584010203213832,0.0900597019615521
0.722642792938464,0.211468977729498,62,62,0.00364346696456674,0.0935261307344461
0.721384232766737,0.211320261354202,63,63,0.0012673161666051,0.092429377183249
0.718279114134505,0.211288790795515,64,64,0.00310527810611204,0.0896039237120873
0.727808326425344,0.207312316368775,65,65,0.0103256106720327,0.0999255176327451
0.718443743950959,0.212111009036341,66,66,0.0105224928718108,0.089418800835783
0.720056321572841,0.210221567012854,67,67,0.00248402853178329,0.0916633288319961
0.721372584124662,0.2094328235215,68,68,0.00153449125135318,0.093188287008784
0.719619570416066,0.211951436070753,69,69,0.00306862611534549,0.0905595420738488
0.721910067048789,0.20978754214138,70,70,0.00315100170772614,0.093530974978486
0.718054690885689,0.212330037473408,71,71,0.00461824727276315,0.0889744444843412
0.709572026122653,0.216166487646329,72,72,0.00930988460784328,0.0796650371255805
0.722851641409228,0.211525931485028,73,73,0.0140670872480988,0.0936959013836889
0.724368401012246,0.207936656428381,74,74,0.0038965953248465,0.096535072626981
0.72283929375441,0.210785538110588,75,75,0.00323331035398417,0.093976976826263
0.715392786674865,0.214015034089235,76,76,0.00811665645212427,0.0858603212817944
0.715943656650158,0.213465090076118,77,77,0.000778393311406586,0.0865851334540964
0.7038577557282,0.217510813377511,78,78,0.0127450726999425,0.0739004872382701
0.714876803193317,0.213386746216964,79,79,0.0117655147351574,0.0856408817173006
0.70615957271941,0.218114870560985,80,80,0.00991691821826407,0.0757581843582497
0.723672027261481,0.211020259496953,81,81,0.0188949615040092,0.094648897133127
0.70794871558171,0.217829571161041,82,82,0.0171344464607967,0.0775146920603783
0.719076703322877,0.21315317522534,83,83,0.012070658230395,0.0895852201652759
0.713451639869398,0.215610421361144,84,84,0.00613835461891776,0.0834471759753649
0.718830369708475,0.212278284316359,85,85,0.00632723256779821,0.0897054980294136
0.712795845169693,0.216645585887649,86,86,0.00744908111271149,0.0824419796005698
0.720049211218977,0.213806599372137,87,87,0.00778916962712751,0.0902297384048248
0.718378208117878,0.211466354344244,88,88,0.0028755865757199,0.0896212622890398
0.723855442295011,0.208897945333344,89,89,0.00604953048413063,0.0956700711557304
0.730545842133754,0.205964681716832,90,90,0.0073051684064233,0.102974876729136
0.731245725629365,0.206004483875486,91,91,0.000701014350254119,0.103597305718274
0.722544522950654,0.20943861464683,92,92,0.00935436701282877,0.0942527858702239
0.72707649357016,0.20619918997568,93,93,0.0055706938433306,0.0997221367709629
0.727605785365211,0.20504862818673,94,94,0.00126646841038382,0.100690277025255
0.721814496406823,0.211010315843909,95,95,0.00831148287138384,0.0929476665814079
0.72458685087948,0.20789519783429,96,96,0.00417012104571485,0.096750911058429
0.716088722102888,0.212394056376905,97,97,0.00961550419322888,0.0871527529144084
0.716035214560564,0.211699963458734,98,98,0.000696152308148668,0.087391720713479
0.711430015407714,0.214478025501839,99,99,0.00537824208759245,0.0820492018204244
0.721762118238082,0.210148963071688,100,100,0.0112023716427122,0.0932479813534745
0.708931517066734,0.217762585742876,101,101,0.014919503228909,0.0784457556980236
0.718492327751556,0.211797542394392,102,102,0.0112690213905335,0.0895902179423858
0.708686789653723,0.217832585685006,103,103,0.0115139187467882,0.0781930535180469
0.712279915091899,0.214333969412164,104,104,0.0050150639317024,0.0828834470885991
0.70894903725083,0.218616047360756,105,105,0.00542502891696829,0.0781346012208163
0.715594005378543,0.214086765290319,106,106,0.00804176581926527,0.086016437278755
0.708605105253536,0.217166917792363,107,107,0.0076375430861744,0.078379105577388
0.710473891156926,0.215975060315014,108,108,0.0022165028759336,0.0805679291850761
0.70362670358557,0.217900883117067,109,109,0.00711285955873164,0.0735287049883826
0.708651942379723,0.215748974398992,110,110,0.00546660187586284,0.0789942503240987
0.709684715824111,0.215210866616984,111,111,0.00116455183332072,0.0801569534795086
0.715141985002667,0.213354621389221,112,112,0.005764324178324,0.0858962430741054
0.71957732096328,0.210862086559849,113,113,0.00508772394682918,0.0909627289296193
0.72019269208636,0.209726060729093,114,114,0.00129198928295312,0.0919936680281195
0.718084292049657,0.211560940769053,115,115,0.00279501976304519,0.0893144141235863
0.724657104947693,0.208703938663577,116,116,0.00716689126632202,0.0964807557509733
0.716518324454019,0.214603841756593,117,117,0.0100522934910988,0.0866637994590576
0.717202323468474,0.211516796820295,118,118,0.00316191414976728,0.0885291771960191
0.715350322297728,0.212886740212957,119,119,0.00230361742386684,0.0862772264630922
0.711277950205848,0.214078739060156,120,120,0.00424323882269739,0.0820758815574662
0.712686957289001,0.21521196372745,121,121,0.00180817562945051,0.0829016496889831
0.712233986230333,0.214093115946465,122,122,0.00120706384959782,0.0829403347785058
0.717712405592259,0.21311012651026,123,123,0.00556590935398852,0.088348474496636
0.719028774325784,0.212911805197794,124,124,0.00133122424316136,0.0896359099317641
0.728560946068673,0.208279560896958,125,125,0.0105981123507236,0.100223324840683
0.730783761119791,0.207269357734979,126,126,0.0024416013556576,0.102664593582427
0.721983957412068,0.212559223502672,127,127,0.0102673864802425,0.0924949003911858
0.726637007304562,0.209398795316495,128,128,0.00562487152049013,0.0980130844672835
0.728078577280687,0.207897609782159,129,129,0.00208126932533122,0.0999345797515021
0.726358203292943,0.207899058895638,130,130,0.00172037459805597,0.0983622920371843
0.718461669645456,0.21333914807032,131,131,0.00958904655710809,0.0889464906783634
0.724077918039677,0.210006596914837,132,132,0.00653055458820317,0.0954236198526885
0.717308339294983,0.215357055494683,133,133,0.00862870809537906,0.0871055861400336
0.721521682282385,0.211991247251779,134,134,0.00539267320143634,0.0922899867917355
0.717396583355811,0.215439040983328,135,135,0.00537621825908606,0.0871564508695082
0.713580197181289,0.216688783594782,136,136,0.00401580129338679,0.083150694309038
0.713646531056439,0.21700885620554,137,137,0.000326874072312065,0.0830913362679416
0.713950679828582,0.214952899694297,138,138,0.002078331939734,0.0841644625323158
0.720400005633459,0.211947297034844,139,139,0.00711529694980916,0.091276847020692
0.719834684424768,0.212179702489961,140,140,0.00061122856981984,0.0906657247814521
0.721082106490296,0.213417911481029,141,141,0.0017576186489475,0.0913328108701146
0.72781125168141,0.207988219131637,142,142,0.00864655735030647,0.0996534232439525
0.725616867380323,0.211583010114603,143,143,0.00421163206750906,0.0962246397915072
0.727616518281156,0.20806635705552,144,144,0.00404542364446049,0.0994437191639779
0.728925026642724,0.209226012684712,145,145,0.00174842652422395,0.100185232141195
0.73580293363659,0.203773993461577,146,146,0.00877668036479082,0.108668038469217
0.725897904215156,0.20926644739777,147,147,0.0113259285747649,0.0973877144639823
0.739145723624785,0.202165507208018,148,148,0.0150309038546782,0.112376362540185
0.737961698320057,0.205483880070795,149,149,0.00352328176259734,0.109965853242076
0.733061207891913,0.205966234281613,150,150,0.00492417221683247,0.105273188352717
0.732630125173965,0.20617819300319,151,151,0.00048037361435241,0.104793281750882
0.736239242875669,0.205389347335184,152,152,0.00369432105706653,0.108418145341386
0.734675605860887,0.205914425327619,153,153,0.00164944463748742,0.106774344191003
0.737416299493293,0.204751344576046,154,154,0.00297727365577815,0.109751565458547
0.730401656953268,0.209097578609422,155,155,0.00825196705260054,0.101596454302453
0.731258526277065,0.20797984537591,156,156,0.00140838653052405,0.102820026760493
0.733029642355465,0.207038501283094,157,157,0.00200573698780434,0.104818416558161
0.730131731854672,0.209957120444171,158,158,0.00411293363403936,0.101018732548724
0.727189775035029,0.210546183663018,159,159,0.00300035088022084,0.0980744888697249
0.720040734896042,0.214407928443734,160,160,0.00812538292391406,0.0899942772270497
0.7239652768714,0.212845577628346,161,161,0.00422409396044763,0.094218292136846
0.727921978121262,0.209987383941293,162,162,0.0048810609434189,0.0989654388729233
0.722904836759951,0.212732588752701,163,163,0.00571907832574059,0.0932791889873515
0.725506233050487,0.209481514506556,164,164,0.00416374187652908,0.0969427257791159
0.718827461632367,0.212829717508417,165,165,0.0074710408242204,0.089483335488476
0.719626325791826,0.212387526716025,166,166,0.000913080851920751,0.0903919923176863
0.719518374770139,0.215155652948149,167,167,0.00277023036227247,0.0892306602859535
0.73134826497117,0.207823955595063,168,168,0.0139176179084532,0.102963670329093
0.723389191727181,0.212398573702363,169,169,0.00918008593264895,0.0938542740381839
0.727323118518282,0.210792617450528,170,170,0.00424910290303148,0.098103344741651
0.722588244630573,0.213935337078059,171,171,0.00568293211201552,0.0925341821492847
0.724147351735085,0.211721748971506,172,172,0.00270754266241785,0.0948139471246805
0.723694226884062,0.212634436584898,173,173,0.00101898027961968,0.0940468035220469
0.725280588578341,0.210354880064493,174,174,0.00277721467567716,0.0963895275756129
0.732738372677665,0.20786224810122,175,175,0.00786331722471244,0.10422893842707
0.728753523150372,0.209503393495338,176,176,0.00430956888328769,0.0999194760355173
0.719442493803611,0.213547645469089,177,177,0.0101514157398578,0.0897688613071994
0.726406513752705,0.209333704908619,178,178,0.00813970938661533,0.0978273337242132
0.729232653474035,0.206550504657137,179,179,0.00396651854455873,0.101536950545918
0.721769722339619,0.210508283000581,180,180,0.00844744639123976,0.093108822872252
0.721730792064155,0.213640928164476,181,181,0.00313288705337783,0.0918487144031435
0.729237076354572,0.207818264180305,182,182,0.00949987998456418,0.101027390363474
0.725764415725286,0.208960248239342,183,183,0.00365561204687909,0.0973884040621083
0.7287483424355,0.206701846159351,184,184,0.00374221840180875,0.101033209187584
0.730042819057578,0.207601180001634,185,185,0.00157622050645898,0.101852790843039
0.735789769333698,0.20393611281296,186,186,0.00681616864328421,0.108589816207003
0.726484687042209,0.209794396810898,187,187,0.0109956376737267,0.0977170123075224
0.730419072364607,0.207361464697755,188,188,0.00462585630259558,0.102293449028904
0.726494007540026,0.212819328688305,189,189,0.0067226790207852,0.0965763474907813
0.726482755936399,0.208563529662847,190,190,0.00425581389908833,0.0982057413341673
0.723339525094086,0.21197858931598,191,191,0.00464139338588361,0.0939695287977701
0.725745267219399,0.208055083753789,192,192,0.0046023353930422,0.0977393189834851
0.720402573438089,0.213208274249037,193,193,0.00742292052504693,0.0907855366477867
0.733593872596427,0.203497564986954,194,194,0.0163801174555457,0.106771477213566
0.723756054662366,0.210559796947024,195,195,0.0121102345956454,0.0949079249552067
0.720875757327185,0.21111164999526,196,196,0.00293268725333921,0.0920472892514245
0.714574246634239,0.215912597662144,197,197,0.00792200325129144,0.0843655098128561
0.721848799117611,0.209962207496357,198,198,0.00939820498597626,0.0934034489592964
0.718803382403738,0.213175850520091,199,199,0.00442742187340799,0.0893248707030339
0.715822265734666,0.213048586400179,200,200,0.00298383189051189,0.086642183060552
0.722645830993366,0.210965388387207,201,201,0.00713447663118942,0.0937279289954756
0.734627548873983,0.202492973771699,202,202,0.0146745825421976,0.108131936707983
0.730410149466296,0.207792030054037,203,203,0.00677247777754524,0.102114054031652
0.726281813647035,0.210113498127257,204,204,0.0047362823661151,0.097405243836883
0.716573336229166,0.217301482542901,205,205,0.0120798035469462,0.085704918973724
0.714039215722163,0.216066256218408,206,206,0.00281914008462394,0.0838124417825783
0.715078704504792,0.21890900728324,207,207,0.00302684167835305,0.0837365583689882
0.721352915272038,0.212331784526599,208,208,0.00908986138190796,0.0920014293025592
0.719622780530381,0.214042416606017,209,209,0.00243302863432033,0.0897456204014662
0.719147106567409,0.211458291987464,210,210,0.00262753986901459,0.0903263733273399
0.718917478738015,0.215736708359925,211,211,0.00428457414408651,0.0884578122007596
0.723089261185402,0.211489297930411,212,212,0.00595350855757091,0.0939289087210722
0.721577698744961,0.212897417972356,213,213,0.00206582261191008,0.0919897987261167
0.721375597624513,0.211226362203366,214,214,0.0016832326773091,0.0924589862147119
0.713685789289073,0.217739458749345,215,215,0.0100773795628152,0.0828562071612556
0.717378862488144,0.213169508250425,216,216,0.00587564781247783,0.0880188333201514
0.710643814587589,0.220652864299843,217,217,0.0100678442570955,0.0789718688009695
0.707925659652348,0.218903706654815,218,218,0.00323232404302766,0.0770786227977798
0.704205094856042,0.222352484162263,219,219,0.00507313204040568,0.0723478142461963
0.709804993490473,0.216156435204149,220,220,0.00835163980349055,0.0798824084690156
0.706739760672566,0.220271452462196,221,221,0.00513118107865999,0.0754660666643211
0.706858174356393,0.218264844346612,222,222,0.00201009898513607,0.0763408102370194
0.704726740683272,0.222717906016288,223,223,0.00493687833927994,0.0727062655531768
0.709704450482263,0.215850850674659,224,224,0.00848139398377216,0.079913603598258
0.707313179252814,0.221133116391563,225,225,0.00579831951489136,0.0756864240125979
0.706802603477513,0.218328231924719,226,226,0.0028509760599954,0.0762648341962294
0.704581833031868,0.220849275064783,227,227,0.00335968449207865,0.0732480433784383
0.705862389543335,0.2178957976271,228,228,0.00321913869753431,0.0755731876370723
0.703415500917414,0.220241827324613,229,229,0.00338985534931427,0.0724000300715612
0.710143417809341,0.216104711216645,230,230,0.00789813872982012,0.0802131887184824
0.711843537710485,0.217828072485234,231,231,0.00242082253383818,0.0811127001161953
0.712692909030048,0.215237837381807,232,232,0.00272594011847687,0.082896812789256
0.705644080459006,0.221386899655529,233,233,0.00935398049335415,0.074037909840223
0.710602035557016,0.217498310041704,234,234,0.0063009878541885,0.0800888724142258
0.710268222581666,0.217482510573637,235,235,0.000334186662964265,0.0797867770547445
0.714585520362696,0.212650919468872,236,236,0.00647945466329771,0.0856776825815748
0.706506660873908,0.219088069297888,237,237,0.0103298048655713,0.075697029113621
0.716118225714886,0.21330353199201,238,238,0.0112179788970839,0.0868099023789317
0.714933855670568,0.215536004305282,239,239,0.00252718519926894,0.0848421719938106
0.713824530854841,0.215175041966447,240,240,0.00116657419688805,0.0839609299996876
0.706090478539569,0.220737527465489,241,241,0.00952663687470123,0.0746906010795611
0.712185881177138,0.21779812426331,242,242,0.00676712823131523,0.0814413920893118
0.708515602392205,0.219547952369548,243,243,0.00406606010291407,0.077383581174382
0.713510723898823,0.213856632663562,244,244,0.00757247376103884,0.0842018752421132
0.711681128182626,0.217044833532845,245,245,0.00367587340201256,0.0812593672293187
0.71418721405699,0.21412068413619,246,246,0.00385111881193569,0.0847133066082037
0.714567297335669,0.215332178447856,247,247,0.00126971719919453,0.084583051718797
0.719124629057405,0.212517470885184,248,248,0.00535647748854638,0.089879918697795
0.71625283324608,0.217300538817146,249,249,0.0055789739221211,0.0854064133736957
0.724514484529692,0.211157380611498,250,250,0.0102953035249879,0.0953707800189928
0.724665917898603,0.213202066458388,251,251,0.00205028590145179,0.0947357135497191
0.725754078538303,0.210371808289921,252,252,0.00303223595354424,0.0968185209936641
0.718914912670203,0.21555894297766,253,253,0.00858373788277163,0.0885208532382291
0.724066391214392,0.212891640550916,254,254,0.00580105450991056,0.0942947524359541
0.715858114097661,0.216721301272655,255,255,0.00905771022216322,0.0852508739289257
0.721820928647993,0.212183488171136,256,256,0.00749312385497319,0.0924902277098565
0.719327077894431,0.213746950274724,257,257,0.00294341728784718,0.0895855364014721
0.718637322867437,0.213714476122375,258,258,0.00069051905682193,0.0889618684687153
0.710169996830474,0.219149486060747,259,259,0.010061557694832,0.0790682478502887
0.714868861924769,0.213553387348994,260,260,0.007307232989721,0.0855659843476202
0.716431398853818,0.214421369615568,261,261,0.00178743247976784,0.0866546855706044
0.707310514083258,0.218869570027628,262,262,0.0101477596494835,0.0765231394588251
0.713032370273892,0.216596752076293,263,263,0.00615673125174452,0.0826791877066908
0.706429838517474,0.22069698137426,264,264,0.00777208504137822,0.0750211272691036
0.706453225220807,0.222033789610288,265,265,0.00133701278894597,0.0745630255629034
0.711992685752957,0.21760128644721,266,266,0.00709455476248824,0.0813360962430832
0.715874621598199,0.216036614717526,267,267,0.00418540601713226,0.0855214870289275
0.712789332742215,0.217224033291499,268,268,0.00330589930195632,0.082216168929054
0.714435808547228,0.219027733100996,269,269,0.00244217435480611,0.0830928492752722
0.718596630016685,0.215396679733218,270,270,0.00552240743338862,0.0882852931063683
0.708025007695955,0.220110650125423,271,271,0.0115750039028391,0.0767201884130979
0.714201401035408,0.217538102752188,272,272,0.00669072751434232,0.0834097357514651
0.705926697669524,0.222040308457011,273,273,0.00942022144123548,0.074067954236167
0.705308532792425,0.221264819800509,274,274,0.000991720964607531,0.0737697832630242
0.706457298425854,0.222527851066552,275,275,0.00170731088544232,0.0743947972660755
0.706758293566967,0.221794884694202,276,276,0.000792362150767898,0.074932648950606
0.704728189657358,0.22471164049546,277,277,0.00355370036553195,0.0720326199732545
0.701065880075951,0.225180819247756,278,278,0.00369224053545686,0.0684218041086359
0.706016624063209,0.223346770490195,279,279,0.00527954551760675,0.0737010309582551
0.712610121624032,0.218900442130308,280,280,0.00795261252473142,0.0814317781496719
0.708980393395037,0.220664017515756,281,281,0.00403548326183138,0.0774112652799806
0.713429962943082,0.217671394700947,282,282,0.00536231857265163,0.082643502060449
0.712483661243822,0.218400093267552,283,283,0.00119435694287535,0.0814955370672092
0.711058306451672,0.219766146992355,284,284,0.00197426924773525,0.0796727417847932
0.707666344917953,0.221341602825178,285,285,0.00373998183517052,0.075942278896384
0.710699819439797,0.219284344352148,286,286,0.00366528035756208,0.0795120383667436
0.704341395240796,0.223616391923265,287,287,0.00769390631947532,0.072033752079623
0.708623406024114,0.219526796341471,288,288,0.00592118302124507,0.0774915542249711
0.716628434237991,0.215610711931192,289,289,0.00891157639328743,0.086380228783128
0.7145882096818,0.216334221352838,290,290,0.0021647129423772,0.0842178926203228
0.71407437381351,0.21623296528113,291,291,0.000523717568541563,0.0837811283515092
0.716901970067135,0.214141545096037,292,292,0.00351700710322403,0.087197157473574
0.71837255166904,0.215388984371803,293,293,0.00192839700129026,0.0880801807757749
0.719310009617675,0.2136779720884,294,294,0.00195099729354371,0.0895963502320246
0.718698308372899,0.217366033273588,295,295,0.003738445361183,0.0876674432963747
0.71896053230105,0.215616881039841,296,296,0.00176869865305456,0.0885419082002264
0.72737786386669,0.211696647294853,298,298,0.00928545654780977,0.0978128364024296
0.724285258254841,0.21567843346638,299,299,0.00504170909377004,0.0934917018235337
0.715386018260213,0.217934230119335,300,300,0.00918069120608413,0.0843694496094701
0.719102721425437,0.215993661966756,301,301,0.00419281375369689,0.0885363001932093
0.717218140335514,0.216371988803687,302,302,0.0019221802933225,0.0866439167334041
0.717668607517516,0.217009793111759,303,303,0.000780842504898435,0.0868317562178997
0.711101703954162,0.216230919558898,304,304,0.00661293175692439,0.0810423468655603
0.722404828838834,0.209978028202921,305,305,0.0129174023111516,0.093904538195015
0.71601292307224,0.215473015989495,306,306,0.00842919629049027,0.0858629816196863
0.715967266068402,0.216988266753415,307,307,0.00151593846826302,0.0852541634269989
0.719098841277998,0.213849588115521,308,308,0.00443374186047499,0.0893353794808299
0.714508894053025,0.217258231386706,309,309,0.00571720775188657,0.0837987415534691
0.707708637441475,0.218329015105152,310,310,0.00688404443293458,0.0770989059718591
0.715882169276047,0.212693438930059,311,311,0.00992805829334401,0.086841602984868
0.715506663371136,0.213062664574801,312,312,0.000526623453103036,0.0863481109423645
0.713902865554651,0.214919764357198,313,313,0.00245376996434896,0.0841336513007084
0.707054715367511,0.217185821485075,314,314,0.00721333320264828,0.0769503832296469
0.711724707328974,0.215072984938159,315,315,0.00512571001853529,0.082075862527831
0.710068216863222,0.215777601486408,316,316,0.00180012364664032,0.0802759066626261
0.714157522063482,0.213143269696474,317,317,0.00486437262145191,0.0850843519164388
0.710472637676691,0.215414467264045,318,318,0.00432859230408187,0.0807927538466241
0.713140141148789,0.212864859134731,319,319,0.00368999680036703,0.0842748843016051
0.709906943018282,0.215022418776966,320,320,0.00388698260362904,0.0804371029752275
0.709761443073683,0.21622447742656,321,321,0.00121083245370367,0.0798152238447933
0.705384684428365,0.21841321013874,322,322,0.00489352297682693,0.0749285569571639
0.705250242236809,0.219314783029854,323,323,0.000911541760350039,0.0744506212889569
0.703133268848746,0.218693161956363,324,324,0.00220635198569375,0.0727543540551556
0.696552819191758,0.222668564820831,325,325,0.00768805213451196,0.0651339804086783
0.696672563129927,0.219788772033425,326,326,0.00288228123352385,0.066424675123731
0.696921397996823,0.222310224212293,327,327,0.00253370082711066,0.0656138383112595
0.695165725574987,0.223567799729519,328,328,0.00215960223983991,0.0635059604043718
0.70395276048899,0.220334266567481,329,329,0.00936310414819292,0.0728604343078509
0.702218734682626,0.219078149801349,330,330,0.00214118537901194,0.0717622790839393
0.709092919954629,0.217235621261405,332,332,0.00711683458950194,0.0788002110723791
0.713989409316317,0.215737245009483,333,333,0.00512061905060788,0.0838932751853026
0.711294595379225,0.213881038131191,334,334,0.00327223564716296,0.0821734301445692
0.714900234075171,0.214093024288571,335,335,0.00361186496655451,0.0853775576532395
0.716325591709174,0.213014916518928,336,336,0.00178716556249698,0.0871160211471733
0.715448134001906,0.215727965041975,337,337,0.00285141444136966,0.0852436509260958
0.710616658068227,0.215903263574961,338,338,0.004834655031477,0.0807274980636145
0.712011445361499,0.216066058877614,339,339,0.0014042556405579,0.0819435648458644
0.705169919396754,0.221318447308871,340,340,0.00862519923010954,0.0736211593726898
0.710699753536472,0.218972902783012,341,341,0.00600671663519909,0.0796258303272253
0.711124512150098,0.217732122836467,342,342,0.0013114704554803,0.0804827871738393
0.711926250377883,0.217599551842561,343,343,0.000812624916131154,0.0812752040926119
0.716593176743115,0.213907374826408,344,344,0.00595082959066256,0.0870050771984778
0.723178290293345,0.211048318639389,345,345,0.00717899176416544,0.0941840085786967
0.712561161507557,0.214655876685318,346,346,0.0112132911631133,0.0830095310104052
0.716230399127752,0.213224918194077,347,347,0.00393839395148695,0.0869442249176284
0.708797982215361,0.215065363180382,348,348,0.0076568961666729,0.0794103539057689
0.716454754063846,0.213291337803816,349,349,0.00785960057359475,0.0871230075523758
0.71314796620931,0.213652688746975,350,350,0.00332647266921412,0.0839545824965139
0.708567673256837,0.216045513824595,351,351,0.00516765859771723,0.0787958993922364
0.709501257164312,0.214408675675684,352,352,0.00188436144038947,0.0803241315297778
0.718215108088018,0.211403805557532,353,353,0.00921739889272105,0.0894982402066496
0.714451021085502,0.212519529766752,354,354,0.00392596376365728,0.0856100397036621
0.716457198200942,0.211972518609478,355,355,0.00207941526028295,0.0876622378777542
0.716348890647362,0.212256949044678,357,357,0.000304353739307677,0.0874462853456989
0.718819486057283,0.210998153380743,358,358,0.00277279790159044,0.0902160599642934
0.720924873776692,0.210644199188484,359,359,0.00213493349293511,0.0922815728103587
0.708810914069926,0.216233416045583,360,360,0.0133411905335629,0.0789416904133387
0.719500576264891,0.214085434484531,361,361,0.0109033344729528,0.089616242283927
0.718826473652753,0.211781104975225,362,362,0.00240090583304501,0.089902272749457
0.721527841305634,0.213638729262971,363,363,0.00327843791926209,0.0916615538875884
0.717689196080546,0.212363961223862,364,364,0.0040447782037615,0.088626391349694
0.725393329091463,0.210719741627311,365,365,0.0078776343867676,0.0963506380994866
0.718094988992851,0.213211187598733,366,366,0.00771187857940748,0.0886597364915156
0.718956099918144,0.214635446250384,367,367,0.00166433912784077,0.088903834852875
0.711537553791256,0.215938884204955,368,368,0.00753218276054032,0.0815581309713223
0.71164365632282,0.21768489538764,369,369,0.00174923205929498,0.0809812831867506
0.709384264856608,0.218293181522954,370,370,0.00233984226391586,0.078659816365164
0.714356890829947,0.215452415960255,371,371,0.00572686284565489,0.084342456739757
0.71302881609764,0.213198495752416,372,372,0.0026160922762581,0.0840342637431128
0.712633983132343,0.215438361328553,373,373,0.00227439901284906,0.0827631322194942
0.710213021201959,0.215252582822501,374,374,0.00242807955423212,0.0806216212165973
0.706666874267745,0.218715075549569,375,375,0.00495620963681258,0.0759889606617573
0.703367881663953,0.219782109295885,376,376,0.00346726307274934,0.072535089236127
0.70497426498169,0.219144405983035,377,377,0.00172833239821614,0.0742628977575814
0.708015824538589,0.217308296038124,378,378,0.00355279949729291,0.0777820980527322
0.699138000369615,0.224852245088254,379,379,0.0116501900948515,0.0667239763391844
0.700541895028843,0.223679017143235,380,380,0.00182958575234459,0.0684525044775722
0.704646771016252,0.222308798740619,381,381,0.00432752878013237,0.072776013662504
0.70570997314242,0.219616809987491,382,382,0.00289433968429001,0.0747584465063241
0.69941878081443,0.223343522500998,383,383,0.00731214654298519,0.0675280823106609
0.699643973430232,0.22379845428995,384,384,0.000507616633701849,0.0675717683325619
0.699035910722617,0.226331625175251,385,385,0.00260512859385651,0.0661241071217224
0.707512169079394,0.22049471334414,386,386,0.0102915740027945,0.0761024922984432
0.704805297741198,0.221666009600832,387,387,0.00294942153014574,0.0731550079381979
0.701156356347048,0.222850573454054,388,388,0.00383639998179309,0.0693253027400588
0.701667497143553,0.222872434634089,389,389,0.000511608077579253,0.0697933076447205
0.699171998050301,0.22183653627656,390,390,0.00270196245931606,0.0678701272160393
0.703178808523882,0.220907624938941,391,391,0.00411307749068216,0.0719263610435452
0.695588114449178,0.224265074068668,392,392,0.00830006633675005,0.0636297125433513
0.698700312640496,0.221849881876588,393,393,0.00393940743091235,0.0674305595213551
0.6939651433457,0.22396328760904,394,394,0.00518539410655929,0.0622460806001597
0.69626781984966,0.223657253854179,395,395,0.00232292396367245,0.0644889525184272
0.699560146474442,0.221016002853832,396,396,0.00422085553544329,0.0685493550465458
0.692400931377869,0.22683154526524,397,397,0.0092236052787337,0.0597224977717457
0.690719465365779,0.226233925972402,398,398,0.00178451023224466,0.0583780422509474
0.69284319855998,0.227143851044589,399,399,0.00231045586782041,0.0600252982303031
0.692793158569737,0.227774634962149,400,400,0.000632765636927177,0.0597597458238122
0.694177527055621,0.227135027008657,401,401,0.00152498342249314,0.0612795245773963
0.693402540896351,0.226611476675935,402,402,0.000935258519316091,0.0607366879823278
0.700739104899958,0.223463045564224,403,403,0.00798359504510421,0.068714150765067
0.699146806159917,0.222824623099426,404,404,0.00171551698362189,0.0674688741155164
0.704463338897433,0.221790542791885,405,405,0.0054161649191585,0.0727911687384848
0.70062149186691,0.223252609873866,406,406,0.00411064821629755,0.0686806560385331
0.703372906165515,0.223322630979811,407,407,0.00275230514257511,0.0712263969791642
0.696266440614176,0.224436446146975,408,408,0.0071932215911212,0.064194975212725
0.705901841539801,0.219900738625665,409,409,0.0106495818564112,0.0748278523627937
0.701451426016719,0.22255638832773,410,410,0.00518253544784473,0.0697077497028298
0.708044111294298,0.218929531350231,411,411,0.00752446614082627,0.0771783841742506
0.701930689904499,0.222493133464132,412,412,0.00707624060610232,0.0701767439999232
0.71163258768358,0.216853481569825,413,413,0.0112219648014372,0.0812881790066407
0.711585870920976,0.217059402558212,414,414,0.0002111537576423,0.0811658120041491
0.717893316185449,0.213264152625323,415,415,0.00736123548172567,0.0884535419262665
0.709183293029412,0.219479552670319,416,416,0.010700266403134,0.0780293177395256
0.716643987337691,0.2144957630618,417,417,0.00897218582194822,0.0868215590880363
0.708738943769773,0.21872711065581,418,418,0.00896627103494066,0.0778980958897161
0.712381836137838,0.21671400986018,419,419,0.00416211960648329,0.0820333830444145
0.70902520615252,0.219085215484972,420,420,0.00410969353764749,0.0780287271235458
0.709192066846136,0.218616603715617,421,421,0.000497432891405519,0.0783593598739682
0.713630477199883,0.213840678970355,422,422,0.00651988831504458,0.0843177214538747
0.712590121749494,0.214751809123912,423,423,0.00138293080805767,0.0829972930312351
0.70828269044785,0.217478258662738,424,424,0.00509779280729878,0.077959892171586
0.710947671990182,0.217302501583274,425,425,0.00267077089469546,0.080483191509475
0.702385801351074,0.220385930284859,426,426,0.00910017370156082,0.0713951135621229
0.706767405719221,0.217700932140194,427,427,0.00513883954563866,0.0764805745990332
0.703753108138691,0.219913285020902,428,428,0.00373905003614104,0.0728385672671292
0.709896799967513,0.217218494621971,429,429,0.0067087140781006,0.079546655770928
0.700942741148763,0.222638620053707,430,430,0.010466753509345,0.0692046019642612
0.702336324123128,0.220047717453441,431,431,0.00294191260755737,0.0714821545341742
0.700967822817943,0.220248948593253,432,432,0.00138321718971496,0.0701459867421258
0.69971426782251,0.221240508555554,433,433,0.00159830888298019,0.0686022597911237
0.69746512424537,0.220238031304103,434,434,0.00246243933331705,0.0669528643728036
0.703444760655232,0.219365709567989,435,435,0.00604292948870364,0.0727699033657942
0.69818975276978,0.221828961331093,436,436,0.00580368134244096,0.0669691872584908
0.697078466261855,0.221660938058011,437,437,0.00112391704453371,0.0660166670784981
0.693869332768628,0.224212166669212,438,438,0.00409967135316498,0.0620611666265954
0.693277123088567,0.224752226643849,439,439,0.000801484298887309,0.0613067513905952
0.695864618980039,0.222199405775081,440,440,0.00363483553636227,0.0646887551389342
0.698011051913589,0.221328215759889,441,441,0.00231649441631061,0.0670043512903334
0.700539360720032,0.218735335204455,442,442,0.00362151556609725,0.070373808114154
0.697960796524713,0.221547722466243,443,443,0.0038155622678248,0.0668704781966946
0.698623916409645,0.220445410749583,444,444,0.0012863977232871,0.067922297946835
0.699253360330807,0.219797180944386,446,446,0.000903549406636648,0.0687625763485632
0.695711440684331,0.224927846758214,447,447,0.00623449488533562,0.0634979222680392
0.696497545131036,0.220621544372332,448,448,0.00437746507008136,0.0659135780869024
0.696393986622965,0.224390629647921,449,449,0.00377050768189851,0.0643304195969566
0.691981433611884,0.223932959494389,450,450,0.00443622430057748,0.0604362679755863
0.693090253137561,0.22556536240109,451,451,0.00197337781236348,0.0608266914014116
0.696477274991707,0.221902084382489,452,452,0.00498914049531857,0.0653692609352888
0.688664653383364,0.226093838480663,453,453,0.00886610730900013,0.0565344485298635
0.702929824081505,0.218003866070132,454,454,0.0163994740357809,0.0728516106522523
0.69807643985495,0.222995969538293,455,455,0.00696250209963323,0.0664131660685172
0.704462316633887,0.217203589920911,456,456,0.00862154764921179,0.0745780484422756
0.704046393180765,0.218189323542268,457,457,0.0010698892891933,0.0737934268958309
0.703685914713305,0.218115584837704,458,458,0.00036794309621611,0.0734944577370143
0.702847592760973,0.220126506822542,459,459,0.00217866723591893,0.0719215251445204
0.699049444380759,0.221532129191482,460,460,0.00404990189537802,0.0678763208289934
0.700619007227624,0.220703110557171,461,461,0.00177504913348728,0.0696455709711852
0.699870059838684,0.220614797347117,462,462,0.000754136204190037,0.0689934610892144
0.704237089749778,0.219171487176159,463,463,0.00459935805237861,0.0735744284953117
0.697321646243596,0.220906980844571,464,464,0.00712988759801243,0.0665452261022935
0.694911246097541,0.224311706957329,465,465,0.0041715930730356,0.0629854301655315
0.698274633319117,0.220576819070737,466,466,0.00502610795026057,0.0675498196302103
0.700357270241673,0.222229302723429,467,467,0.00265858585973973,0.0688144577133
0.697685082565672,0.222279354215533,468,468,0.00267265638038897,0.0663282275971932
0.699857971000109,0.221671485612568,469,469,0.00225631300731548,0.0685664111832417
0.697936867564496,0.221750754141353,470,470,0.00192273812828994,0.0667677965635907
0.699746259586709,0.223026925316821,471,471,0.00221416177348073,0.0679493731243881
0.698941251610782,0.220356783457559,472,472,0.00278885198422025,0.0682481504574285
0.70096105200866,0.219715507175939,473,473,0.00211915759598865,0.0703541830954475
0.700053269170016,0.218313731210739,474,474,0.00167004357390727,0.0701114988089112
0.696245066950185,0.221175808504776,475,475,0.0047638105109427,0.0654534540563378
0.692414728572574,0.222549851084472,476,476,0.00406933472422911,0.061398506267813
0.697706836146303,0.2208320267633,477,477,0.005563930532486,0.0669273051286957
0.696160099753736,0.220154988622331,478,478,0.00168842355835787,0.0658048793743776
0.69201812126134,0.223741254631316,479,479,0.00547880367586509,0.0605471052561789
0.692373852224963,0.221539382857202,480,480,0.00223042234299247,0.0617908582969423
0.692399527268447,0.222332641209906,481,481,0.000793673750348697,0.0614758355254044
0.68683194162448,0.224849943427648,482,482,0.00611022261119478,0.0553659497911485
0.688885668313924,0.225309718313796,483,483,0.00210456319954206,0.0570482114225298
0.684470905547631,0.226742106661292,484,484,0.00464132165020791,0.0524318497311932
0.691865976712391,0.224044503068941,485,485,0.00787173060218209,0.0602857482062638
0.686093269088505,0.228111527878757,486,486,0.00706150438040867,0.0533853402385217
0.6948742030036,0.223975692172598,487,487,0.00970618037178406,0.0630795230858825
0.694339635922248,0.222558452495423,488,488,0.00151470467980538,0.0631487835678199
0.692956713109457,0.223651703249674,489,489,0.00176285924503585,0.0614425130606399
0.690336644510995,0.222832162537586,490,490,0.00274525161677691,0.059395849583777
0.69914332227114,0.220658621708236,491,491,0.00907093451127743,0.0683103422103859
0.690747402507889,0.222959596094434,492,492,0.00870551272452616,0.0597134509560492
0.703457471117379,0.218322202939909,493,493,0.0135296437250793,0.0732014907326744
0.692754530658621,0.223357695041746,494,494,0.0118283183577118,0.0613757371535053
0.704372441060507,0.218969082002253,495,495,0.0124191693166918,0.0737788092440777
0.696382208492744,0.221488440829312,496,496,0.008378006050751,0.0654500777676853
0.704102509979479,0.218704318906911,497,497,0.00820697203144229,0.0736367836722453
0.697153362840633,0.22134383986736,498,498,0.0074335534475768,0.0662133027843093
0.704562414686396,0.217779739141204,499,499,0.00822173115830177,0.074431641030297
0.695811425354181,0.222364628964686,500,500,0.00987932330607775,0.0645737329625288
0.701879249752402,0.219512338290144,501,501,0.00670477852130301,0.0712762113119346
0.693364603725216,0.222177964316059,502,502,0.0089221499134631,0.062416892071361
0.698906342451745,0.220965298628981,503,503,0.00567286754487774,0.0679700338617199
0.68643178797417,0.225510732680549,504,504,0.0132768776499273,0.0547259912817906
0.693391215622897,0.223595262309879,505,505,0.00721821722718147,0.0618634641979739
0.690795292242248,0.223213187912703,506,506,0.00262389005927789,0.0596501085488772
0.692099684163004,0.224630438205165,507,507,0.00192614554860667,0.0602682094778183
0.687154689019028,0.225604450008292,508,508,0.00504000753636118,0.0553461923326534
0.691838565442521,0.225617094510296,509,509,0.00468389349088816,0.05964722997682
0.683345586270386,0.228116659631781,510,510,0.0088531644633353,0.0508484558092278
0.69033867813783,0.226740232067077,511,511,0.00712726361988867,0.05783554745909
0.680911592230086,0.22911261044997,512,512,0.00972101475688641,0.0482190288537422
0.686454632728408,0.227977002722494,513,513,0.00565817133681377,0.0537707622072009
0.681804404963997,0.227698309773538,514,514,0.00465857145707749,0.0496081124780668
0.682461826298886,0.231223467102971,515,515,0.0035859360017745,0.0488727937418247
0.677619245930065,0.230229636543735,516,516,0.00494350926053164,0.0447544139344111
0.678716801524257,0.233191446139088,517,517,0.00315863014002388,0.0446804704979751
0.673014872453673,0.231550883232422,518,518,0.00593324883825876,0.0400123867850863
0.682468381026421,0.228817988675848,519,519,0.00984060653579713,0.0497663540128044
0.677566122051738,0.228131159740603,520,520,0.0049501390931114,0.0455905699188484
0.678936673000904,0.230394515010201,521,521,0.00264597561981903,0.0458995379645997
0.673249074448362,0.230033032211729,522,522,0.005699074232581,0.0408776303488987
0.675196402498434,0.232989836482887,523,523,0.00354044884619671,0.0414556540134224
0.668877022234546,0.233900598847246,524,524,0.00638467344536508,0.0352742718669265
0.674880662882026,0.231204996103661,525,525,0.00658103146742943,0.0418552564277637
0.666972647486319,0.232800127560151,526,526,0.00806728900326635,0.0340269260893961
0.673679920178869,0.231822213646588,527,527,0.00677818726464289,0.040507374313973
0.674532347987256,0.229051380340799,528,528,0.00289899126886942,0.0424647363655751
0.678859598379784,0.229620092385237,529,529,0.00436446209161252,0.0461351987939862
0.676430622678052,0.230078309420437,530,530,0.00247181832078173,0.0437311737204956
0.67381477705471,0.231910162465825,531,531,0.00319348303660039,0.0405953221051579
0.674025873665656,0.230942815113418,532,532,0.00099011245793683,0.0411849968971251
0.675872536657925,0.231567274472432,533,533,0.00194938803168483,0.0426205900674649
0.674233872804875,0.229633400046934,534,534,0.00253477602893982,0.0419374757131259
0.675202055505303,0.231876887025005,535,535,0.00244348348923871,0.0418824423264107
0.675375568389119,0.230058738399829,536,536,0.0018264093582983,0.0427816918253371
0.678208092251393,0.228909887913075,537,537,0.00305664012786363,0.0458343239395809
0.676188826446176,0.22945405414204,538,538,0.00209130372659374,0.043775178715249
0.679073724388411,0.228524211165438,539,539,0.00303104670011003,0.046781873358838
0.679926729246056,0.226986572747144,540,540,0.00175839392417618,0.0482140025461504
0.678912246946249,0.229928199832386,541,541,0.00311164654889514,0.046060184896918
0.677481192989119,0.229903296937731,542,542,0.00143127061815,0.0447605602066512
0.685824438149192,0.226999958294133,543,543,0.00883397504414017,0.0535668615276238
0.677398295724062,0.230629809390449,544,544,0.009174731339391,0.0443921314643388
0.68317624934657,0.229350516471007,545,545,0.00591788293544133,0.0502165041625596
0.677514359904296,0.231170077173722,546,546,0.00594708274765017,0.0442879795778481
0.683508529886714,0.229141971567651,547,547,0.00632797646388617,0.0506028383989104
0.677273552444387,0.231391412179493,548,548,0.00662834268671511,0.0439806740265786
0.683671303143661,0.228403644058256,549,549,0.00706101779889701,0.0510357113801114
0.683934030146856,0.228435177574953,550,550,0.000264612624194583,0.0512657579442062
0.690178168381317,0.226506436526953,551,551,0.00653523559799467,0.0577739930166638
0.683986487401275,0.228213014111572,552,552,0.0064225633831779,0.0514002085025974
0.685233303693151,0.231677699250043,553,553,0.00368219961088877,0.0513322209560245
0.681278127874561,0.229068077699165,554,554,0.00473851668718877,0.0485733257549771
0.682433626999859,0.230773769434497,555,555,0.00206023360921628,0.0490046130911729
0.678905502143431,0.231756178675351,556,556,0.00366234800627413,0.0453591284587657
0.683188209053831,0.231131509827177,557,557,0.00432802375805251,0.0495861070073694
0.679715597416079,0.229502419225193,558,558,0.00383574865914381,0.0469666088568648
0.67975995191135,0.23096124055561,559,559,0.00145949545916744,0.0464458038477157
0.685529732358445,0.224788678647977,560,560,0.00844931280704192,0.0542146293276491
0.691612339653511,0.227201254062172,561,561,0.00654359470285007,0.0588538455443506
0.693216373603828,0.223859211754059,562,562,0.00370704352590942,0.0615982576614422
0.692607138955826,0.226183561535064,563,563,0.00240286677965801,0.0601494032318404
0.691943054045714,0.225079338418427,564,564,0.00128853306482761,0.0599494261459034
0.693327875098809,0.228444654737971,565,565,0.00363910473601465,0.0600385114261094
0.693444009756287,0.224694405778949,566,566,0.00375204670990554,0.0614830619464789
0.693021780188916,0.227608443960829,567,567,0.00294446876923779,0.0600314751461774
0.687211140337915,0.227571648980797,568,568,0.00581075634909924,0.0546242851692368
0.691938437013431,0.226922666616101,569,569,0.00477163619401477,0.0592580963365849
0.686146757032934,0.227963958648274,570,570,0.00588454298078932,0.0534905919716756
0.688220377606807,0.229583497406617,571,571,0.00263112296827121,0.0548442304636798
0.682178207523457,0.230769779089235,572,572,0.00615752251694171,0.0487674336403382
0.678892472981337,0.23399196927878,573,573,0.00460201706851252,0.0445841251781329
0.672650686427425,0.234486952314637,574,574,0.0062613822427946,0.038540700555878
0.67678966542972,0.234104911583029,575,575,0.00415657338465789,0.042558916063248
0.670266416960532,0.235050485954347,576,576,0.00659142484463384,0.0361135404014382
0.676350406300342,0.232212794493656,577,577,0.00671322717573304,0.0428154467761259
0.667369728405686,0.234335780055602,579,579,0.00922819826097138,0.0337207561363197
0.667525447246797,0.233231706453889,580,580,0.00111500084102051,0.0343300782143054
0.676676920886721,0.232030160565349,581,581,0.00923001529275508,0.0431865858228212
0.669494780709212,0.235008109631325,582,582,0.00777504457665275,0.035411914631063
0.670897808449675,0.235407565389747,583,583,0.00145878433753763,0.0365756227941024
0.663727911359078,0.23787839097049,584,584,0.00758369325198507,0.0289951441628182
0.672694329114315,0.234450472975607,585,585,0.00959933691153049,0.0385944798157593
0.671287935567384,0.23552420327562,586,586,0.00176941786077097,0.0369010163003922
0.674452694499975,0.235832169208684,587,587,0.00317970786666681,0.0397906110001243
0.663082110890725,0.237558853890686,588,588,0.0115009395966593,0.0285106219655462
0.6711965899811,0.236999613425167,589,589,0.00813372736243396,0.0363330045512918
0.664272949158276,0.235737255184105,590,590,0.00703778023045994,0.0303216139771087
0.66578108282767,0.237126543273281,591,591,0.00205050934147747,0.0311814589294758
0.668071538535661,0.234043295305397,592,592,0.00384091205076731,0.0344807540642488
0.667211463593733,0.236411838364935,593,593,0.00251986609378718,0.0327728936629523
0.665421192417483,0.234199854138824,594,594,0.00284568886231004,0.0320143094951708
0.668315262868919,0.235880531742438,595,595,0.00334668806212419,0.0339941182917899
0.662915615826288,0.237252962584712,596,596,0.00557133328762678,0.0284726456411587
0.668522345203533,0.236351819661379,597,597,0.00567868584075011,0.0340199483403064
0.666009128651071,0.235358250630344,598,598,0.00270248716167184,0.0320620443665744
0.675260744480431,0.232437894611759,599,599,0.00970159135035853,0.0417211017798383
0.666589277577283,0.234305355642957,600,600,0.00887027333036781,0.0330238623648787
0.670499728928503,0.23608897012729,601,601,0.00429801237771371,0.0359675804361608
0.66840478185253,0.234500943663042,602,602,0.00262880796222916,0.0346008660430765
0.670013193267835,0.235663640013112,603,603,0.00198465364317038,0.0356574175580233
0.66393891096744,0.23631050373371,604,604,0.00610862817152254,0.0297837375810718
0.672053985036856,0.234296605442002,605,605,0.00836123277283037,0.0380529565284706
0.666915588170156,0.234724591675113,606,606,0.0051561899281781,0.0331472495894547
0.670673772105001,0.234475576842474,607,607,0.00376642468064898,0.0367044944072855
0.66548309528584,0.234950868784663,608,608,0.00521239179947985,0.0317489191983055
0.668795471282171,0.235343518803961,609,609,0.00333556723492783,0.0346380027524426
0.658047318782805,0.236850612912491,610,610,0.0108532997195136,0.0242389283223819
0.668017337064202,0.236733153231293,611,611,0.00997071017069984,0.0334141468338198
0.665017816473318,0.234575735131862,612,612,0.00369480400439443,0.0314874933331788
0.666319681762538,0.236841417153868,613,613,0.0026130763969155,0.0317863380486819
0.664838754568668,0.235593515307005,614,614,0.0019365960789353,0.0308966042802024
0.664221643131613,0.236759332877991,615,615,0.00131907434762555,0.0298680819254192
0.661315098485512,0.234562370500202,616,616,0.00364343868744886,0.0282023982321904
0.661823738849451,0.237430540424411,617,617,0.00291292185510787,0.0273977836780756
0.660862017048273,0.234105112502877,618,618,0.00346170184796136,0.0280341843091047
0.660039263850114,0.238292215751744,619,619,0.00426717194893215,0.0254183427694296
0.65695333199943,0.236601517963373,620,620,0.00351872624662234,0.023400956483731
0.661958487227881,0.236757016817067,621,621,0.00500757014472995,0.0277925701403677
0.658310995189933,0.237071020429618,622,622,0.00366098298761264,0.0243705463277422
0.658255857962654,0.238794627602909,623,623,0.00172448885228413,0.0235814856869472
0.661748310364175,0.234966447590956,624,624,0.0051819094917614,0.0283914073792794
0.657741762480342,0.238851556779431,625,625,0.00558090488646957,0.0230879703371397
0.655151260110886,0.237605181268404,626,626,0.0028747442391707,0.021338381555465
0.66573428716205,0.234787906183899,627,627,0.010951598078246,0.0320452530310111
0.66095706900291,0.234633309371072,628,628,0.00477971897861718,0.0278550048801144
0.662507813646121,0.236569175198928,629,629,0.00248040026042338,0.0283705326700632
0.654871329423319,0.238124918844098,630,630,0.00779334521079298,0.0208393892339561
0.661229596040964,0.237182695461355,631,631,0.00642770093299662,0.026953146937755
0.652172661850751,0.239619752108411,632,632,0.00937908854989703,0.0177543719025365
0.653689338576467,0.241632770347159,633,633,0.00252042669400659,0.0182778601787854
0.652123837756596,0.240022799483264,634,634,0.00224561773229723,0.0175195843718175
0.662049754916489,0.238074088200324,635,635,0.0101153995041875,0.0273606607207756
0.6504344225322,0.240284134813641,636,636,0.0118237156778463,0.0159139245449977
0.652919889911933,0.241168364667355,637,637,0.00263806947025961,0.0177415711501051
0.648524028485898,0.239468738238843,638,638,0.00471299561567787,0.0147577755997504
0.652368018436539,0.239385678252339,639,639,0.00384488721576947,0.0180389766675833
0.647281856988843,0.240800987458481,640,640,0.00527940701414653,0.0129720223902783
0.652615335929694,0.24039100626922,641,641,0.0053492132307517,0.0177904783934975
0.649702491994953,0.238926037734091,642,642,0.00326048962535928,0.0160307095174074
0.654472753468362,0.238703180095598,643,643,0.00477546438074086,0.0202130601467758
0.649651903712835,0.239603666087986,644,644,0.00490422954069767,0.0156055308892916
0.655962684330422,0.237360151542991,645,645,0.00669770927384255,0.0221650337744095
0.647690870486476,0.238971530628861,646,646,0.00842730365106637,0.0144092698589809
0.656609579901917,0.237612050446635,647,647,0.00902172732922814,0.0226120056646146
0.651927925118652,0.238859411376345,648,648,0.00484497686254898,0.0179255433846917
0.656973844524807,0.238249143014923,649,649,0.00508268926124388,0.0226468292690334
0.651283534529664,0.238167047799025,650,650,0.0056909021662033,0.0177615298065402
0.661322273694195,0.236313005194601,651,651,0.0102085139953133,0.0274041463849181
0.651786864432153,0.238376865134278,652,652,0.00975620559670828,0.018063633323435
0.659028418121469,0.237691844221209,653,653,0.00727388159695964,0.0247402841465089
0.646432856618692,0.240174504363119,654,654,0.012837903682084,0.012673022590677
0.648823758335477,0.241898629614308,655,655,0.00294771418239848,0.0137258402432746
0.641505660463736,0.241744699501923,656,656,0.00731971658876754,0.00809782871665398
0.648042748192071,0.24170524348689,657,657,0.00653720679993142,0.0131322464171739
0.637267362089055,0.244221173498654,658,658,0.0110652089674423,0.00404456718225444
0.645311912203194,0.240964199118574,659,659,0.00867886332715239,0.0113060192164775
0.63806525403346,0.243571751664175,660,660,0.00770151835075665,0.00485900508684956
0.648622341976387,0.240264191071556,661,661,0.0110630946352519,0.014382435795883
0.640442171851936,0.241713696369638,662,662,0.00830760187263023,0.00753362878795186
0.646301877380969,0.240648022658471,663,663,0.00595582146690553,0.0122745687355851
0.640817622302903,0.241229365832318,664,664,0.00551498083832317,0.00814164604302381
0.651711548937908,0.239366439144217,665,665,0.0110520646656681,0.0174792385678303
0.644479053326419,0.239849289328655,666,666,0.00724859552401837,0.0114667584918033
0.651396423743125,0.238908953646503,667,667,0.00698099166859896,0.0174479256770582
0.643905380029079,0.238817796710077,668,668,0.0074915983283146,0.0118804547375579
0.652338400568365,0.237000823619342,669,669,0.00862654198555099,0.0192946098662873
0.646964268610569,0.237944753572752,670,670,0.00545639973395911,0.0145647837758056
0.649811756702273,0.238476228733647,671,671,0.00289666261049581,0.0163832445697373
0.645702973215243,0.237897004982039,672,672,0.00414940982523027,0.0137353224562936
0.652024568907693,0.238015018920079,673,673,0.00632269716089382,0.0184609017397009
0.646500316006283,0.239406115322623,674,674,0.0056967112722963,0.0132242485939952
0.653522044214327,0.238760136086627,675,675,0.00705137973739744,0.019351502685167
0.649550614235829,0.238946309656352,676,676,0.00397579132653822,0.015895350445828
0.653739347187628,0.238231754501175,678,678,0.00424924379287383,0.0198024738276673
0.658028429463195,0.238298152958351,679,679,0.00428959619564564,0.0235776867051863
0.65289564670767,0.238070344313404,680,680,0.00513783569162417,0.0191635854498908
0.653546437726647,0.240798426907926,681,681,0.0028046325236856,0.0184637424639954
0.645346362157665,0.24311931649854,682,682,0.00852219266555474,0.0100900993907887
0.65080394365986,0.24188211791606,683,683,0.00559605719999282,0.0155173203833981
0.646016229161692,0.241445805594444,684,684,0.0048075543218941,0.0115666036403939
0.652575251108042,0.241335997776379,685,685,0.00655994105534568,0.0173587081728365
0.643730372424246,0.242130455843926,686,686,0.00888048661685607,0.00934539116792756
0.649619039098099,0.239595187808875,687,687,0.00641123850790925,0.0155828246495258
0.640826253749377,0.24340990033561,688,688,0.00958462862349556,0.00637509277440606
0.651045833038045,0.240367497221151,689,689,0.0106628334671532,0.0164067453210298
0.643894681840783,0.240286281821175,690,690,0.00715161236276787,0.0107490676637552
0.651852487962341,0.240059936534817,691,691,0.0079610244602665,0.0172626280878604
0.642068158100603,0.242200415155579,692,692,0.0100157256137155,0.00810406732876374
0.648283009976104,0.242384898196415,693,693,0.0062175893903324,0.013023238485095
0.64268187983786,0.243322804334839,694,694,0.00567911320102347,0.00777638503284916
0.654873967185143,0.238982816467431,695,695,0.0129415025624163,0.020440087421442
0.644715893116473,0.240378517793023,696,696,0.0102535092029434,0.0112552345948496
0.651337611028379,0.239622785148368,697,697,0.00666470403956941,0.0170270112547782
0.643655252326151,0.241253494249201,698,698,0.00785352452095477,0.00988534595872738
0.652195567642063,0.238493387335737,699,699,0.008975253526723,0.0183457032486363
0.643307653970662,0.241260320692696,700,700,0.00930864810980244,0.0096367932703056
0.651042047475797,0.24003668419318,701,701,0.00783058932489895,0.0165642625421349
0.643165857204721,0.241045153416796,702,702,0.0079404901209669,0.00969723333183716
0.64899635056718,0.241698884790134,703,703,0.00586702800045856,0.0139713459864379
0.646936189311548,0.240270038717972,704,704,0.00250716283817785,0.0130073487506005
0.651782607962144,0.239695576947593,705,705,0.00488034630558864,0.017376809904301
0.644118247417475,0.240767851719881,706,706,0.00773900482917309,0.0105560838391506
0.651832505741364,0.240473395657641,707,707,0.00771987602622476,0.0170533518982497
0.644809033451402,0.241165633955175,708,708,0.00705750358614413,0.0107923281040978
0.653614582226653,0.241414512674059,709,709,0.00880906520863815,0.0182881924524581
0.652064722274864,0.238643899700768,710,710,0.00317464362061758,0.0181550689653935
0.658846603472369,0.239030529496572,711,711,0.00679289299018285,0.0240330319464168
0.653165336860451,0.239183935649681,712,712,0.00568333737899716,0.0188342037474284
0.662093342070228,0.237491239982751,713,713,0.00908705098734725,0.0276221940063357
0.654521582045148,0.23861918753686,714,714,0.00765531289773446,0.0202957383053723
0.663640795384804,0.236801874799371,715,715,0.00929853093343247,0.0293159235063523
0.652480926538983,0.240313958834417,716,716,0.0116994618220306,0.0177041266455442
0.662014066078622,0.237929012834892,717,717,0.00982693832802863,0.0273816930139167
0.654664850348775,0.237751771526158,718,718,0.00735135268677492,0.0208437977642812
0.658281788047264,0.238605774120799,719,719,0.00371639055353507,0.023681271316193
0.656059824556914,0.237974929274325,720,720,0.00230978071962926,0.0219563637422725
0.657356935601467,0.239891583062713,721,721,0.00231431605586691,0.0223285062526786
0.650630725430983,0.240468354120498,722,722,0.00675089387493398,0.0159943507729969
0.652865476175278,0.243040763631122,723,723,0.00340755067159331,0.017032507914783
0.647461466911619,0.241169638354257,724,724,0.00571877835935576,0.012915005470731
0.655194077659755,0.240984536139935,725,725,0.0077348259070218,0.0199151867966061
0.649589056314909,0.240315703047622,726,726,0.00564478537958282,0.0151704464370929
0.654414701102955,0.240928534279099,727,727,0.00486440230024906,0.0192122756470184
0.650976634147927,0.240828355376537,728,728,0.00343952615919318,0.0161297838128107
0.65843113910246,0.240177103192662,729,729,0.00748289873806665,0.0232283354368221
0.652832014434962,0.239155452984575,730,730,0.00569156974743075,0.0185562954379877
0.65851252702422,0.239550962717664,731,731,0.00569426476603322,0.0235280514456272
0.651229991057858,0.240160530597529,732,732,0.00730800267525405,0.0166677384675144
0.66027545941403,0.237356646457927,733,733,0.00947007201930489,0.0260124463812834
0.656152371359819,0.237398872592242,734,734,0.00412330427560189,0.0223118038203148
0.662135605634552,0.23619494751082,735,735,0.00610315721475507,0.0281891050289722
0.657972271275105,0.236998492460455,736,736,0.00424016951012991,0.0241034893796868
0.661217157316644,0.238365228827395,737,737,0.00352097340508141,0.0264794850450794
0.653932036494794,0.239342504457828,738,738,0.00735037774857796,0.019437541065049
0.655686287685165,0.241142012944728,739,739,0.00251309133008395,0.0203192165413121
0.652104849426525,0.239002808410841,740,740,0.0041716778444953,0.0180028768735948
0.65374920251424,0.240970369093682,741,741,0.00256421374260012,0.0185818781632422
0.64627940377215,0.241643368379483,742,742,0.00750005475220132,0.0116685615984233
0.658611375225089,0.237529473123513,743,743,0.0130000636188133,0.024434086302956
0.650147284606,0.23970283166571,744,744,0.00873866793974287,0.0159678709207477
0.66161559303954,0.237145089043109,745,745,0.0117500700274625,0.027320993255576
0.657778657171606,0.237384429996944,746,746,0.00384439344329128,0.0237538340350998
0.655324891655637,0.239918870468944,747,747,0.00352765555482251,0.0204459261593985
0.649382988208399,0.240264341897469,748,748,0.00595193809479113,0.0150220407664944
0.657503244108866,0.238910438865958,749,749,0.00823235138388802,0.0228461112334916
0.653592269423212,0.238267146253969,750,750,0.00396352726450387,0.0196576641764682
0.661286025638511,0.236122265328279,751,751,0.00798713959348656,0.027454988751371
0.648327735276173,0.241152265859117,752,752,0.0139002947614391,0.0136581212909327
0.656323330428026,0.238623777580882,753,753,0.00838586875675425,0.0218978802621139
0.644448422919187,0.241848031311521,754,754,0.0123048462185848,0.0100774098234006
0.654132743383259,0.239774320208602,755,755,0.00990385483482127,0.0194247974303383
0.647683891135971,0.240603056667676,756,756,0.00650188429810541,0.0134152064126055
0.65436002294048,0.239099329900275,757,757,0.00684338586243497,0.0199293517990605
0.644501214515598,0.242562549187108,758,758,0.0104494014846409,0.00968459048690433
0.651031777781857,0.240985341910309,759,759,0.00671832117188497,0.0161077386507324
0.645161605797455,0.240581899262499,760,760,0.00588401946772186,0.0114425777932826
0.652242309163004,0.240843713209639,761,761,0.00708554208891698,0.0172580481590807
0.651354404408402,0.239818308155891,762,762,0.00135640347149981,0.0169437530967487
0.656222920904904,0.240543670135955,763,763,0.00492225587295444,0.0210339245339449
0.644507899474435,0.244004047529793,764,764,0.0122153976121996,0.00892602639244506
0.65001508037222,0.242649569154537,765,765,0.0056713008304942,0.0144888392032597
0.648676040670174,0.241652213286817,766,766,0.00166965447040125,0.0137111240007358
0.651711296864623,0.240414495477408,767,767,0.00327791481610935,0.0169724423185642
0.650243956579263,0.240947966416232,768,768,0.00156130674616173,0.0154254024905471
0.647254890211714,0.24323901196464,769,769,0.00376608649057518,0.0117254179235839
0.645270878067731,0.242798321496448,770,770,0.00203236617670818,0.0101919862315777
0.643662502005175,0.245107383994126,771,771,0.00281400838250098,0.00768145247661386
0.640554739252334,0.245452296300016,772,772,0.00312684406817813,0.00479360732416774
0.645451911843803,0.243281007021336,773,773,0.0053569391001155,0.0101013508248795
0.639310807887748,0.244057477468672,774,774,0.00618999710457615,0.00494363235870874
0.647376378557829,0.24144638296325,775,775,0.00847769100347005,0.012694052873963
0.641400118657066,0.242679308292685,776,776,0.00610211334452501,0.00730306717726892
0.646646002614065,0.241240974219068,777,777,0.00543949477411524,0.012198787258508
0.644934783491675,0.239786792744488,778,778,0.00224564348146472,0.0118275285048603
0.651338826731412,0.239207607376231,779,779,0.00643018083005633,0.0172413194664412
0.641561709381491,0.243080089231326,780,780,0.0105160895485045,0.00711491322932648
0.64638977887449,0.242193781850877,781,781,0.00490874686675384,0.0114613609938038
0.645756915346493,0.241085826456331,782,782,0.00127596293103379,0.0115755862730546
0.644220859691158,0.242084284906062,784,784,0.00183204428225024,0.00975182446987735
0.643038534882456,0.244092321527111,785,785,0.00233025814551656,0.00761385358034228
0.641468841054613,0.243854607838893,786,786,0.0015875914180716,0.00650841803789661
0.645972792608876,0.24241802181658,787,787,0.00472751086753409,0.0109887896302919
0.648727444880505,0.23991288545514,788,788,0.00372341474012768,0.0146661318196627
0.645678746065062,0.24130429146284,790,790,0.00335120502887353,0.0113801071501007
0.653768906716998,0.241187943981763,791,791,0.00809099722595965,0.018516345836651
0.647605729039756,0.240455651047059,792,792,0.0062065297891392,0.0134355299477096
0.651816715323611,0.241338436311503,793,793,0.00430252429463613,0.0166640105136565
0.652881439957755,0.238798409241136,794,794,0.00275415614385795,0.0187759736403617
0.657644862879628,0.238486884858179,795,795,0.0047735987864295,0.0231503181067148
0.654891545396313,0.238594072472743,796,796,0.00275540311908146,0.020634166078335
0.660030562768143,0.23752380715242,797,797,0.00524928256087024,0.0257201734303033
0.65459201436315,0.238120584865727,798,798,0.00547119295881183,0.0205975774073118
0.654856422280568,0.239570049999403,799,799,0.00147338410488772,0.0201657566187792
0.645949228181123,0.241997616518348,800,800,0.00923207376102952,0.0111967106366855
0.646513906004587,0.243552582811874,801,801,0.00165432198145164,0.0109214425231985
0.64952476207672,0.240574616107327,802,802,0.00423480105559764,0.0149818907980348
0.650336482649789,0.242241316782557,803,803,0.00185385582760786,0.0149445800405802
0.649962387709276,0.240440988429298,804,804,0.00183878470845984,0.0154268456004737
0.655114647690915,0.240029705821097,805,805,0.00516864936924606,0.0202087999038939
0.655229387449673,0.238035741050786,806,806,0.00199726330699816,0.02119606295936
0.656689894348081,0.240118762506682,807,807,0.00254402413235812,0.0216248931970987
0.65795327760206,0.238455778217354,808,808,0.00208845732371679,0.0234434645072794
0.657591014104231,0.240125641354749,809,809,0.00170870645211223,0.0224605040160295
0.652751130429998,0.240539905754579,810,810,0.00485758056784178,0.0178479818057677
0.657628645452998,0.238572829640299,811,811,0.00525923390228673,0.0230995911387917
0.654900592700989,0.238489939889464,812,812,0.0027293117316528,0.0206909169221334
0.655441809236049,0.240532703455537,813,813,0.00211324355546107,0.0203127828895004
0.655670404401019,0.237793989537119,814,814,0.00274823755821512,0.0216989940698025
0.660444273106512,0.236532188120667,815,815,0.00493780976059688,0.0265187324152719
0.656366330498031,0.237098144658688,816,816,0.00411702838476903,0.0226452982976396
0.658982062325576,0.23779119402678,817,817,0.00270598788250148,0.0246561678470103
0.651104602365307,0.239310564877289,818,818,0.00802264689532188,0.0169878513217205
0.648907180220383,0.242361283047233,819,819,0.00375972677669921,0.0135943643700348
0.64461385078984,0.241831671880192,820,820,0.0043258716563741,0.0102163682740676
0.647387905750407,0.242196597092441,821,821,0.00279795484859584,0.0123203635013113
0.643094445909166,0.242860250053329,822,822,0.0043444484875349,0.00838869645493498
0.649545330332186,0.24099272097842,823,823,0.00671577059500937,0.0147909477751261
0.650215804270616,0.238936756111235,824,824,0.00216252788125678,0.0164456681590812
0.653329991097517,0.240359912726117,825,825,0.00342396471116836,0.0184481829130263
0.64503279606727,0.243058961220765,826,826,0.00872515376061742,0.00985222429837061
0.648701079455903,0.243606488918214,827,827,0.00370892027398738,0.0129135802385675
0.645138513844897,0.241279981865485,828,828,0.00425493934141499,0.0109712162834608
0.652301810519642,0.241001608343787,829,829,0.00716870358349372,0.0172452120125983
0.645726197892293,0.241868659513358,830,830,0.00663253037351549,0.0110852812183054
0.652485345981492,0.240816121806352,831,831,0.00684060805165678,0.0174897556211959
0.646041434704111,0.240445328072183,832,832,0.00645457051584819,0.0121987125926308
0.649436221260436,0.241458292937572,833,833,0.00354269298437182,0.0144726590509355
0.647523146429876,0.23941193005989,834,834,0.00280133117186763,0.0139999507600768
0.648613677590744,0.243290617553811,835,835,0.00402907866494603,0.0129488120755112
0.646178743463838,0.241987220671092,836,836,0.00276183772808126,0.0113939618443853
0.650126731054012,0.241249651299126,837,837,0.00401629363849685,0.015181315033446
0.648722984927902,0.239526804070635,838,838,0.00222231990480394,0.0148845033540031
0.65223679629957,0.240920076225707,839,839,0.00377995736136824,0.0172205697133771
0.647315565803125,0.240647694257706,840,840,0.00492876267795806,0.0130877447677566
0.654780887182882,0.23880199879199,841,841,0.00769009850751089,0.0204397417220962
0.653514427516719,0.238575183182263,842,842,0.00128661004458754,0.0194359384887442
0.653492881769963,0.240383278411718,843,843,0.0018082235973411,0.0185858329641919
0.650364657726656,0.240936549180277,844,844,0.00317677418279394,0.0155373139668658
0.652626499021037,0.241438094568344,845,845,0.00231678091697477,0.0173656643099812
0.645369065698489,0.24316731066881,846,846,0.00746059828387384,0.0100855864185679
0.647993519667137,0.244085782583957,847,847,0.0027805303976879,0.0120831147792749
0.645641987163132,0.244482975268418,848,848,0.0023848411154585,0.0097469943315672
0.64745069617902,0.243696756520474,849,849,0.00197219882967536,0.0117189574796432
0.64360244480549,0.243158721352268,850,850,0.00388568146868753,0.00860693311559877
0.651093510193272,0.241634865350194,851,851,0.00764448806389822,0.0158829577549935
0.648609683510296,0.242122158347435,852,852,0.00253117550877523,0.0134332744495969
0.647367508455113,0.243776647483068,853,853,0.00206889660632097,0.011611467982744
0.647560680959282,0.241977295733635,854,854,0.00180969122630201,0.0125787184032568
0.648593198509848,0.244514475873781,855,855,0.00273922900754539,0.0125148806907335
0.645600205669599,0.243145110801881,856,856,0.00329137765106369,0.0102972405694656
0.649508091361559,0.242887236963109,857,857,0.00391638474848279,0.0139294707937562
0.647262411869592,0.242841210766935,858,858,0.00224615110608687,0.0119064506503552
0.653004442741298,0.240086025370774,859,859,0.006368827607876,0.0182743611707101
0.645033979652098,0.242225555401765,860,860,0.0082526281032052,0.0103139454790636
0.645403483062861,0.244438606346079,861,861,0.00224368608604115,0.00954459425576606
0.643411824777678,0.243064578984569,862,862,0.00241963921176612,0.00851010206718466
0.647822215805953,0.243164174778923,863,863,0.00441151542494659,0.0122720778417937
0.646480188859608,0.242211220052127,864,864,0.00164595231888378,0.0115292872301683
0.644494105207235,0.246117645992939,865,865,0.00438231581532779,0.00813125442983748
0.644028865727561,0.24433350650737,866,866,0.0018438008236829,0.00834845947117164
0.65134856060685,0.243206438344866,867,867,0.00740595812632095,0.0155399368699219
0.643123878826167,0.244502685421005,868,868,0.00832620242823211,0.00747355421783243
0.649304593513519,0.243685360985324,869,869,0.00623452109464797,0.0134522777826013
0.648458930115816,0.241687649842256,870,870,0.00216933086304341,0.01350374342852
0.65228772070208,0.242150230582527,871,871,0.00385663302567578,0.0167839512975732
0.649185977578009,0.241469953559934,872,872,0.00317546645946536,0.0142463280991799
0.651601198785157,0.242650400304373,873,873,0.00268826114726862,0.0159645528075858
0.650464549209613,0.241717380208981,874,874,0.00147054369400894,0.0152774732148656
0.648894958941677,0.243346766780878,875,875,0.00226241335964002,0.0131885431984933
0.649915932901758,0.241554782954138,876,876,0.00206242426829717,0.0148550195303543
0.652984120943026,0.24202901013052,877,877,0.00310462063244443,0.0174776365003935
0.649312602273815,0.243279504569618,878,878,0.00387863193414636,0.0136018181519414
0.65497068778124,0.240979605031725,879,879,0.0061076566286697,0.0197090238052683
0.652830646100057,0.241559137987842,880,880,0.00221712355190824,0.0175074125937804
0.653895396569813,0.242790099146378,881,881,0.00162756226813901,0.0180900479119044
0.653966258493087,0.239852470119428,882,882,0.00293848357357145,0.0192408933844778
0.657368686046558,0.240686864504033,883,883,0.00350324524486637,0.022055392549681
0.65370007378853,0.240739187806372,884,884,0.00366898536760786,0.0186282352692443
0.651645030570805,0.243520587319253,885,885,0.00345823450288903,0.0157242049673081
0.652939213101915,0.241016406469327,886,886,0.00281883489281766,0.0178201595800425
0.653129248839594,0.243042774115976,887,887,0.00203525905500527,0.0172833910816778
0.653038344194778,0.240361734277792,888,888,0.00268258052411829,0.0181839433466427
0.654545229386812,0.239978592668059,889,889,0.0015548313333221,0.0197108583543365
0.656293888404346,0.238248621041893,890,890,0.00245979881025709,0.0220385393242727
0.658235271555289,0.239338006103915,891,891,0.00222614652530382,0.0233506482177187
0.654327212636807,0.239775820974997,892,892,0.00393250637274338,0.0195994759136219
0.651442326742136,0.243357056617295,893,893,0.00459867539090744,0.0155810949074649
0.64939417918823,0.242123126927987,894,894,0.00239112753334636,0.014136453437738
0.657569408670497,0.240250477648518,895,895,0.0083869656259951,0.0223956432387682
0.654348429709893,0.239495025097793,896,896,0.00330838540999231,0.0197410637828346
0.657540645447781,0.241801578587007,897,897,0.00393832836566796,0.0218644726005403
0.654675085252227,0.240691117900682,898,898,0.00307319998864655,0.0195436335951266
0.658587231784161,0.240382597542643,899,899,0.00392429296799413,0.0233049654355974
0.653610580388803,0.24056482534185,900,900,0.00497998655437163,0.0186172846201967
0.656695121398635,0.240332768601135,901,901,0.00309325776039536,0.0215505337534594
0.654375222639951,0.240240365378224,902,902,0.00232173827253372,0.0194477213360527
0.656428911048322,0.241208971726555,903,903,0.00227064623768318,0.020994521394964
0.649058941013493,0.242366249658986,904,904,0.00746027818028046,0.0137293653780553
0.655032657256594,0.240651613746572,905,905,0.00621492253091122,0.0198891031338087
0.655999849592045,0.239603359383165,906,906,0.00142628826825335,0.0211908518672601
0.657813460520174,0.239402237512933,907,907,0.00182472863881572,0.0229363177513617
0.660813441912681,0.236731327647713,908,908,0.00401667124165243,0.0267645706700942
0.662955077484896,0.237325844284651,909,909,0.00222262299002167,0.0284811203238507
0.658982262937885,0.238007913902303,910,910,0.00403093964086123,0.0245654999232543
0.662310113441705,0.238142159119007,911,911,0.00333055712366309,0.0275776990347126
0.65935840242085,0.237547816425546,912,912,0.00301095353466429,0.0251001930809918
0.659406048429481,0.240961709648622,913,913,0.00341422569270146,0.0238955624861826
0.662234605570181,0.236527853796795,914,914,0.00525925975903314,0.0281387736912989
0.664277699775635,0.238678349027539,915,915,0.00296628786024089,0.0292387996384443
0.661198723207552,0.237498131001449,916,916,0.00329742494924628,0.0267972620017393
0.659616350123691,0.240760815716055,917,917,0.00362615721162933,0.0241572668128349
0.661663683183633,0.238123220922961,918,918,0.00333893380450826,0.0269840575913821
0.662776979187295,0.240044248608936,919,919,0.00222030974461945,0.0273863310275842
0.664529433612009,0.23806161925179,920,920,0.00264611331550956,0.0296821762997772
0.662214611761486,0.240030560849508,921,921,0.00303893586883353,0.0268542795938922
0.66192248465627,0.237675012419287,922,922,0.00237359361574773,0.0273935797220734
0.661415038611168,0.239088841333099,923,923,0.00150213637404212,0.0264044728598954
0.662063422509247,0.236843240917965,924,924,0.00233733243329614,0.0278528843380174
0.661741751839124,0.23930668249402,925,925,0.00248435432630972,0.0266376296168463
0.66165684560344,0.237578556093014,926,926,0.00173021094861638,0.0271861876031296
0.662367766570352,0.238873460648299,927,927,0.00147722253858144,0.0273732150022094
0.658071463769232,0.239444096647205,928,928,0.00433403313348656,0.0231588327754262
0.660529789185898,0.239878444829794,929,929,0.00249640185025258,0.0253045808339195
0.656572068751842,0.239487714507931,930,930,0.00397696130463539,0.0217610460436126
0.659806661878277,0.239260896919913,931,931,0.0032425358767197,0.024838909337153
0.652563858768522,0.240271560915096,932,932,0.00731297740990877,0.0177972636085054
0.659485995239429,0.239040636359981,933,933,0.00703072887987056,0.0246213187552627
0.659767200082185,0.237984931371591,934,934,0.00109251507362644,0.0252908426389724
0.656870713841733,0.241430087001642,935,935,0.00450096987952598,0.0213401510640011
0.655307074702882,0.240583204290872,936,936,0.00177825129898674,0.0201689572808958
0.654874740365645,0.243084800201806,937,937,0.00253867979090628,0.0189446163092438
0.658500678593709,0.238688075651888,938,938,0.0056990012108779,0.0238484883841776
0.662108939955326,0.237997348308014,939,939,0.00367377929621717,0.0274441205169724
0.653711426127431,0.24004401091815,940,940,0.00864332495799021,0.0189282353014056
0.660454101045254,0.239604296687358,941,941,0.00675699738435647,0.0253250440238902
0.663205254424099,0.235849601690966,942,942,0.00465473731051082,0.0293042378528443
0.664706795590018,0.238321396499529,943,943,0.0028921264579178,0.0297615206533111
0.658770533171078,0.237818684231065,944,944,0.00595751048101329,0.0244529396124821
0.66293675938662,0.238713257452107,945,945,0.00426118553067977,0.0279627526818947
0.657242608932938,0.239547107383443,946,946,0.00575488098027722,0.0223537928549927
0.659046911511686,0.241267748410897,947,947,0.00249321345677318,0.0234611727917702
0.660340352592377,0.238226548926364,948,948,0.00330482739851005,0.0257212359852775
0.663588669093796,0.239159738256898,949,949,0.00337970448708366,0.0284313577269909
0.660172071713338,0.239344823012928,950,950,0.00342160693637754,0.025150359345111
0.66126547349182,0.240645071000361,951,951,0.00169887382639531,0.0257646925436813
0.660471877186836,0.238181843064748,952,952,0.002587911698275,0.0258598004039472
0.665099666183938,0.238387591720027,953,953,0.00463236046857839,0.0301106510250533
0.665610340723765,0.236146109421412,954,954,0.00229891961160712,0.0313857935318989
0.671352232009311,0.235644578760978,955,955,0.00576375299075046,0.0369202331878916
0.666710899484016,0.235940586859528,956,956,0.0046507621316048,0.0324815889431218
0.668401015682711,0.236752823639292,957,957,0.00187515902032145,0.0337680305304197
0.664822282547904,0.237400346099325,958,958,0.00363684151241336,0.0301880886598966
0.662034799438667,0.239879188964647,959,959,0.00373024450073168,0.0267299083368245
0.660589329808488,0.239446682918729,960,960,0.00150878889561321,0.0255060175736911
0.668521902752943,0.23701404437402,961,961,0.00829719493613981,0.0337942745510697
0.660843661806001,0.23971088954292,962,962,0.00813808072608748,0.0256561938913644
0.662374688610964,0.240320868229426,963,963,0.0016480646454272,0.0269202089804064
0.659641218560421,0.240566783833315,964,964,0.00274450961037702,0.0242414511427426
0.659773047119051,0.241713724918592,965,965,0.0011544923654866,0.0240311885702391
0.654636805991946,0.241444783550083,966,966,0.0051432773963166,0.01923015673017
0.658159705922599,0.241136538460934,967,967,0.00353635956265473,0.0226559613291098
0.656355577067076,0.240908755665596,968,968,0.00181845151961292,0.0210278475355308
0.660343356014349,0.241204314499781,969,969,0.00399871678876842,0.0247203510535545
0.659247304960898,0.240212366110723,970,970,0.00147827247770018,0.023983930296044
0.660464972059005,0.240872198075043,971,971,0.00138495176195806,0.0249327977009791
0.659123817318568,0.239437658836998,972,972,0.0019638225131838,0.0241383983754167
0.657486739160342,0.242569643462049,973,973,0.00353402781365634,0.0215995429760305
0.657338214833626,0.240653895036565,974,974,0.00192149720410176,0.0220380466779984
0.658530635672012,0.242000665321504,975,975,0.00179879338897268,0.0227575620177703
0.654897197198811,0.241792517866816,976,976,0.00363939562309871,0.0193559126743931
0.65962130568168,0.24191033909693,977,977,0.00472557750969976,0.0238323655924772
0.654358167463578,0.241356016476506,978,978,0.00529224881032245,0.0190014886649252
0.660777463021599,0.240470053056967,979,979,0.00648014557259245,0.0253515664810763
0.658343187003468,0.239676939789702,980,980,0.00256022037863146,0.023324281263068
0.65713834648645,0.241266558995424,981,981,0.00199462525067954,0.0216460069274148
0.651700376429337,0.241473978389501,982,982,0.0054419243974073,0.0165022711675781
0.65581041469324,0.241056588938779,983,983,0.00413117761471481,0.0204653523407927
0.646509702499792,0.243728394167162,984,984,0.00967686883675533,0.0108437013006233
0.652554175253324,0.243042437290946,985,985,0.00608327113518863,0.0167356777753449
0.653421836922747,0.240359194906484,986,986,0.00282004015332391,0.0185316289714497
0.65691789558152,0.242033886027077,987,987,0.00387646959164841,0.0212010077967446
0.657449329803311,0.238791933731386,988,988,0.00328522100011959,0.0228455151800797
0.661349801329615,0.238845654255312,989,989,0.00390084145053337,0.0264285137522409
0.655208803417653,0.240139244314126,990,990,0.00627576533938163,0.0202509801752048
0.647524663863963,0.245197758846869,991,991,0.00919970488431856,0.0112970596227633
0.642154608017056,0.244308746842585,992,992,0.00544314634587945,0.00676012412710756
0.649760493526342,0.242833168668859,993,993,0.00774769806633835,0.0141834322445123
0.645069868272014,0.243164229779554,994,994,0.00470229377384642,0.00982930896629105
0.651900831719168,0.242035447926135,995,995,0.00692359805946033,0.0164665540223198
0.645086990439838,0.242716491813132,996,996,0.00684779188906308,0.010081122354168
0.648842752560368,0.244012372319693,997,997,0.00397304107621522,0.012908175452271
0.643196667482748,0.244542075748409,998,998,0.00567087845277236,0.00751747429506916
0.651203790490015,0.243431923377715,999,999,0.00808371555286692,0.0153311073987527
0.644241418016763,0.243808451805353,1000,1000,0.00697254645829741,0.00878845615814339
0.647362051823623,0.245083878363945,1001,1001,0.00337121169060613,0.0111718420972283
0.645945927025896,0.243879960093037,1002,1002,0.00185871693535177,0.010268193028771
0.652343114116614,0.243549594092556,1003,1003,0.00640571185489349,0.0163834704800465
0.648066577263163,0.243352965011327,1004,1004,0.00428105482965475,0.0124200385312295
0.648105667263485,0.243017658546717,1005,1005,0.000337577329414207,0.0125907245653223
0.643103996073027,0.243644984951367,1006,1006,0.00504085837089555,0.00791851674695783
0.651260740592734,0.240687968792843,1007,1007,0.0086761988060176,0.0164466385060034
0.645981670484499,0.241230681766131,1008,1008,0.00530689349610822,0.0116661353637136
0.653910910806355,0.24042487273528,1009,1009,0.00797008031803625,0.0189485974216321
0.653484923697427,0.239807562139929,1010,1010,0.000750024924989486,0.0188285929399771
0.65505718332848,0.240163769876106,1011,1011,0.00161210554826639,0.0201021963579718
0.650859539854868,0.241022095401634,1012,1012,0.00428449920519656,0.0159373947064529
0.65530102564329,0.240107275819419,1013,1013,0.00453472059522505,0.0203483013762531
0.652844979190342,0.239883938108353,1014,1014,0.00246618002429312,0.0182232027652581
0.66319747493802,0.236495358207966,1015,1015,0.010892962955367,0.0290305012880824
0.659124221307056,0.23843337060489,1016,1016,0.00451079673592067,0.0245218696322621
0.661102777302678,0.238716737315455,1017,1017,0.00199874473619527,0.0262440754506946
0.656773702981903,0.23871954627155,1018,1018,0.00432907523208224,0.0222625894841274
0.658950217541425,0.238775046214069,1019,1019,0.00217722205377199,0.0242272272097417
0.659039362783407,0.237318843149068,1020,1020,0.00145892914176334,0.024911091024001
0.658881308911994,0.240787223774312,1021,1021,0.00347198000971154,0.0234508267341308
0.652539676261702,0.240569513194036,1022,1022,0.00634536859197436,0.0176444685183778
0.659844583538831,0.24099202480471,1023,1023,0.00731711598846209,0.0243047339771815
0.655560826327716,0.242559997063657,1024,1024,0.00456170065311258,0.0197497925280928
0.659418246365502,0.241351082126259,1025,1025,0.00404242064532836,0.0237919196606142
0.657473815986045,0.241161435582171,1026,1026,0.00195365690750435,0.0219974685975421
0.664519925057446,0.237477212007219,1027,1027,0.00795117327168201,0.0298782868057652
0.658566624820333,0.239963466730873,1028,1028,0.00645160803707887,0.0234298912565754
0.654690149545397,0.24225177915104,1029,1029,0.00450149245134113,0.0190116716496206
0.653207284885367,0.24094885700713,1030,1030,0.0019739538274886,0.0180927282004552
0.65211555189902,0.24303375158974,1031,1031,0.00235343713195709,0.0163218627965877
0.656417140183535,0.241018014421577,1033,1033,0.00475045872528016,0.0210479671565118
0.649837261903712,0.243782500188262,1034,1034,0.00713702877474164,0.0139237347873188
0.64946510254152,0.244990440024501,1035,1035,0.00126397042641046,0.0132261769066008
0.649864464677554,0.243350442886349,1036,1036,0.00168792201503634,0.0140928142012244
0.653052999634857,0.241936177308389,1037,1037,0.00348810869941658,0.0175750304040176
0.653280831701049,0.242640035037897,1038,1038,0.000739812918090423,0.0175518544559847
0.655800996945989,0.241526026109648,1039,1039,0.00275540355556535,0.0202969874390059
0.652590993098515,0.242331052278677,1040,1040,0.00330940958988454,0.0170036425364849
0.650519127988124,0.244178610590089,1041,1041,0.00277598572577801,0.0144561127802454
0.652197419007405,0.242800464546886,1042,1042,0.0021716231859592,0.0164747267679978
0.652360458951772,0.24258471796768,1043,1043,0.00027042302028169,0.0167003062716436
0.654622153828173,0.240296114553159,1044,1044,0.00321760303687324,0.0196506529778577
0.656880065157396,0.239878288002549,1045,1045,0.00229624532596767,0.0218918028074912
0.654650247338346,0.241016582775034,1046,1046,0.00250355796721783,0.0193975681820609
0.66046065213603,0.239337425570192,1047,1047,0.00604817103193372,0.0254231758974235
0.662150003588533,0.237744956796723,1048,1048,0.00232160830558214,0.0275770817428659
0.658125691829176,0.240458196961913,1049,1049,0.00485353039863763,0.0228450246019888
0.657847854368424,0.239393417009838,1050,1050,0.00110043173388358,0.0229714607464013
0.65292702115935,0.24161443212341,1051,1051,0.00539884317296222,0.0175757408472579
0.655646077653161,0.240199301810608,1052,1052,0.00306526703873362,0.0206292878883956
0.655349336593908,0.241921973091742,1053,1053,0.00174804221890959,0.0197413356205013
0.659989579565342,0.237529715778336,1054,1054,0.0063893488824066,0.0256804459936341
0.657651105227556,0.241079786794438,1055,1055,0.00425105474533687,0.0221915882847022
0.660739066179056,0.238132301950736,1056,1056,0.00426886047345679,0.0261253413642592
0.660705911865886,0.238339144994572,1057,1057,0.000209483300683169,0.026015525264848
0.658635163539385,0.237710911034046,1058,1058,0.00216394929258171,0.0243767385222348
0.664627581515326,0.237803195889228,1059,1059,0.0059931285396591,0.0298635468987374
0.662479050615416,0.237236340048385,1060,1060,0.00222205098325077,0.0280767425519041
0.667930956039538,0.236295079606284,1061,1061,0.00553256215269517,0.0334864842531396
0.662958503428869,0.236914125124439,1062,1062,0.00501083848461483,0.0286442293186478
0.66469352101189,0.238321698590542,1063,1063,0.00223417749426261,0.0297489011138169
0.664645435341185,0.236831691725923,1064,1064,0.00149078257581007,0.0302325687264799
0.665243032333767,0.238408004991397,1065,1065,0.00168578933335466,0.0302395726695642
0.661819183531647,0.23789103002683,1066,1066,0.00346265847778373,0.0272155743545768
0.663552315750067,0.238478890845173,1067,1067,0.00183011683459506,0.0286213226658053
0.658108985167518,0.239909354838992,1068,1068,0.00562815023507063,0.0230216181844071
0.659727992065538,0.24006625089066,1069,1069,0.00162659143821221,0.0244858325085974
0.663066994872989,0.23706769518195,1070,1070,0.00448779189428422,0.0286839120888568
0.659824385077172,0.239092988926841,1071,1071,0.00382313131359925,0.0249164323892249
0.659918668329949,0.237773577945843,1072,1072,0.00132277536586237,0.0255152083947941
0.658723232112592,0.239766203539605,1073,1073,0.00232370921302223,0.0236463006459122
0.657207069164575,0.238855521244362,1074,1074,0.00176864137908409,0.0225986368964352
0.655654839391696,0.240298352187922,1075,1075,0.00211924005235519,0.0205990841127508
0.651023138122775,0.241848661339837,1076,1076,0.00488427221917817,0.0157311877049614
0.656581886822828,0.239882152190915,1077,1077,0.00589634169151815,0.0216149084705016
0.654238630891205,0.238945370309841,1078,1078,0.00252357061597151,0.0198927710572571
0.653255781379123,0.242077214845067,1079,1079,0.00328244472249341,0.0177152005518064
0.654910132847649,0.239762432761264,1080,1080,0.00284518802136335,0.0201327535316017
0.649798012644962,0.243292353194142,1081,1081,0.00621241589312648,0.0140507204785924
0.650689501715033,0.242490829904659,1082,1082,0.00119882957322542,0.0151729008747641
0.655053308795935,0.240746220121872,1083,1083,0.00469962504180138,0.0198724472350564
0.651936116020385,0.240907980022307,1084,1084,0.00312138704189818,0.0169539034106975
0.657358626550621,0.240002071910598,1085,1085,0.00549766222656327,0.0222891193311703
0.659069820121179,0.23764048248966,1086,1086,0.00291638269591031,0.0247996194948573
0.65265581326718,0.241166408322935,1087,1087,0.00731926477898578,0.017500329919261
0.652170047606914,0.240822976400429,1088,1088,0.000594906515420599,0.0172016432843261
0.651566301528257,0.241466555071978,1089,1089,0.000882441405401222,0.0163830469043729
0.653412164667365,0.240363334012733,1090,1090,0.00215042029237987,0.0185211141963682
0.655168228910108,0.240203423198607,1091,1091,0.00176333011461693,0.0201882196008619
0.648681236153487,0.243048530702483,1092,1092,0.00708348161097801,0.0131048834248753
0.652294054191352,0.243376875381949,1093,1093,0.00362770787181879,0.0163866267936655
0.651536519484732,0.241817156989969,1094,1094,0.00173394933432741,0.0162143687486474
0.651842236711667,0.242073373542338,1095,1095,0.000398885879109111,0.0163980128768469
0.647054216940344,0.243032851292644,1096,1096,0.0048832090764078,0.0116344166298639
0.651152459728973,0.240520205654779,1097,1097,0.00480718026040535,0.0164283652014953
0.649492882688015,0.241060331266476,1098,1098,0.00174525976040414,0.0147121981384949
0.648643254296208,0.241356715955648,1099,1099,0.000899840145881575,0.0138265489448016
0.652301581345364,0.240029443395223,1100,1100,0.00389165893267175,0.0176738073869106
0.657778997402038,0.239936542344548,1101,1101,0.00547820383548544,0.0227042458015238
0.659050379307258,0.237874951877343,1102,1102,0.00242209975091678,0.0246828845224917
0.661032289201906,0.238565628638836,1103,1103,0.00209880947667254,0.0262335931565887
0.658609826215317,0.23841506302819,1104,1104,0.00242713759900482,0.0240585132112978
0.66514462896494,0.235981220242366,1105,1105,0.00697332328825982,0.0310210821888671
0.660166475747303,0.238213206300582,1106,1106,0.00545561831714239,0.025566316495775
0.661355836623496,0.239073781542261,1107,1107,0.00146804939985318,0.0263541493844332
0.653735187594926,0.241945373433536,1108,1108,0.00814372958825873,0.0182106375402585
0.659610747842766,0.239177062392029,1109,1109,0.00649505613898194,0.0246868475129561
0.658591273078664,0.238529836364361,1110,1110,0.00120757207881415,0.0239950078470492
0.662956356976921,0.237181262562076,1111,1111,0.00456865502517225,0.0285378985746246
0.663921102908936,0.235466302995346,1112,1112,0.00196769434335171,0.0301150103013201
0.666009653446568,0.23577637962761,1113,1113,0.00211144283988915,0.0318971394041375
0.659333029361514,0.238242763658057,1114,1114,0.00711760910410008,0.0247895530156169
0.668865216902509,0.234585429056853,1115,1115,0.0102097353394623,0.0349910593771261
0.663186489842934,0.234996185716136,1116,1116,0.00569356321211015,0.0296576849874561
0.666796664107199,0.235547847916046,1117,1117,0.00365208014714494,0.0327110993376543
0.660697650397499,0.237757247809824,1118,1118,0.00648686489158938,0.0262344013983292
0.669927441513593,0.235549274105425,1119,1119,0.00949021558901826,0.035617681208846
0.664864589751004,0.236491705987036,1120,1120,0.00514981997951642,0.0305645043834802
0.671794986062867,0.233861672213669,1121,1121,0.00741265611562652,0.0379742944070211
0.66368450331863,0.236601257005365,1122,1122,0.00856068076588876,0.0294347742515063
0.665384668730721,0.236587664252888,1123,1123,0.00170021974797092,0.0310093230289093
0.667969190462029,0.233133229813726,1124,1124,0.00431426353785574,0.0347724605720829
0.67524666552301,0.230891912721979,1125,1125,0.00761479780223736,0.0423171367588759
0.662817614210556,0.235701810385061,1126,1126,0.013327281495374,0.0290167048497559
0.664923343034503,0.235169591549519,1127,1127,0.00217194630893742,0.0311490010975908
0.663940149972739,0.234360749078048,1128,1128,0.00127314364482416,0.0306164647549892
0.673786654269133,0.232951007368538,1129,1129,0.00994690999991644,0.0401625260996564
0.66703474495739,0.234518962206784,1130,1130,0.00693157714584354,0.033340077736993
0.671658633933703,0.233591862655604,1131,1131,0.00471591590712414,0.0379512481632279
0.664147766736875,0.236357503411315,1132,1132,0.00800386749253356,0.0299566591710155
0.669468878438665,0.234274165331445,1133,1133,0.00571441399427469,0.0356683253910806
0.666619591852028,0.235826909602613,1134,1134,0.00324491121980778,0.0324403171580165
0.669456430360681,0.234501185695107,1135,1135,0.00313132505548524,0.0355687133813793
0.660653983344874,0.237714087695159,1136,1136,0.00937047558707817,0.0262116241862927
0.666815019407976,0.235629079780799,1137,1137,0.00650427731372115,0.0326966646665148
0.661633232873171,0.236792228390812,1138,1138,0.00531072748135904,0.0274819220372461
0.666261997718075,0.235586961090395,1139,1139,0.00478310916192323,0.0322034653838775
0.660286880189034,0.237990435818543,1140,1140,0.00644039752303375,0.025764769059435
0.665514710119222,0.236940995545689,1141,1141,0.00533212252909264,0.0309996545920199
0.664060122601759,0.236453041515119,1142,1142,0.0015342502996281,0.0298384012752057
0.668246766275746,0.234758449605166,1143,1143,0.00451659462363114,0.034354160615178
0.664639077687405,0.235090724358298,1144,1144,0.00362295783331994,0.030924495075906
0.663070287729038,0.235728822766558,1145,1145,0.0016935972107019,0.0292333236562563
0.658456555543874,0.237739283885419,1146,1146,0.00503274066358186,0.024203395329107
0.66307847561075,0.236263411804336,1147,1147,0.00485183918780409,0.0290164490347674
0.662653727815258,0.236941328061873,1148,1148,0.000799988213668347,0.0283536089140405
0.666288844087365,0.235433620019492,1149,1149,0.00393538484176547,0.0322885622845
0.659612726496217,0.236859459668291,1150,1150,0.00682668036419769,0.0256281576537541
0.663785180774727,0.23572188201699,1151,1151,0.00432474942846355,0.0298841699178682
0.659920418866314,0.238615075825106,1152,1152,0.00482772772844958,0.0251841225465605
0.661506907165151,0.23763812740174,1153,1153,0.00186316218946822,0.0270248948052757
0.656491320016455,0.239601795601331,1154,1154,0.00538628881923809,0.021641437953037
0.659007622754315,0.239102344852139,1155,1155,0.00256539090967244,0.0241547140515616
0.658519630312639,0.238814123349696,1156,1156,0.00056675237767773,0.0238158186692399
0.661017170071982,0.238764492821886,1157,1157,0.00249803283380936,0.0261469905785963
0.658672704837303,0.238598894707737,1158,1158,0.00235030635705821,0.0240418224567596
0.663378957957825,0.238589133343228,1159,1159,0.00470626324366369,0.0284208346402001
0.664198273250721,0.237936132161425,1160,1160,0.00104770610984637,0.0294148401953358
0.670649490876701,0.235922308035327,1161,1161,0.00675823175605938,0.0361649240758903
0.668406995922677,0.235456271580106,1162,1162,0.00229040904565491,0.0342354709561103
0.665705732521915,0.237100092436713,1163,1163,0.00316211495188152,0.0311204855195523
0.665588869569765,0.236434914871801,1164,1164,0.00067536519191286,0.031255971783597
0.661866503153513,0.239318996995696,1165,1165,0.00470892147250425,0.0267511296034135
0.667025001235761,0.235267924309527,1166,1166,0.00655906185160506,0.0330304638853138
0.667519034583542,0.236117442185567,1167,1167,0.000982725582464996,0.0331662647000473
0.666736216041466,0.236113387632354,1168,1168,0.000782829042141185,0.0324401633350065
0.666463672038847,0.235940760974242,1169,1169,0.000322614625295429,0.0322527669718906
0.663074379535908,0.23648009803044,1170,1170,0.00343193649863562,0.0289241167091897
0.659712962424881,0.238997562648369,1171,1171,0.0041996134461197,0.0248480279156188
0.658558071675094,0.237917457592681,1172,1172,0.00158126518182955,0.0242186424404945
0.655404749336465,0.241091018540848,1173,1173,0.00447380496479531,0.0200735779440478
0.661525607358637,0.2379371715109,1174,1174,0.00688561210175966,0.0269265293824058
0.658026895785871,0.240305218416695,1175,1175,0.00422476375877416,0.0228047432555609
0.65503456770434,0.242480104350891,1176,1176,0.00369921020952891,0.0192698027804671
0.655029567890144,0.242608335462622,1177,1177,0.00012832854771157,0.0192272367742076
0.66108516886499,0.239542742414531,1178,1178,0.00678735323252445,0.0259399067739392
0.665327433400743,0.239329510175058,1179,1179,0.00424762008414803,0.0300339698111372
0.666083418873113,0.238387350672268,1180,1180,0.00120796463654032,0.0310422532653122
0.667277587121755,0.237511529109578,1181,1181,0.00148091229170992,0.032455452671172
0.665371717587049,0.238316302399157,1182,1182,0.00206881577984606,0.0303910784044031
0.661270265104648,0.24057649395793,1183,1183,0.00468298818573591,0.0257895050760551
0.665251285265053,0.237463619735555,1184,1184,0.00505356383573781,0.030566679571219
0.661379923656546,0.23986868398634,1185,1185,0.00455760625265346,0.0261118589691491
0.661309083371885,0.239398774850642,1186,1186,0.000475218835636056,0.0261991428558294
0.659760393406131,0.24066957836238,1187,1187,0.00200334275037315,0.024322473749776
0.661769489076072,0.24038182766342,1188,1188,0.00202959746642719,0.0263240163180698
0.65989336502066,0.241021299566417,1189,1189,0.00198211144641726,0.0243426457389823
0.661153929276027,0.240209870915915,1190,1190,0.00149914598914332,0.025789870431162
0.663229109416103,0.239510919056939,1191,1191,0.00218972745220311,0.0279795123526848
0.659924242047078,0.24107053806733,1192,1192,0.00365438911234414,0.0243576538596031
0.661639072039312,0.241423724052573,1193,1193,0.00175082330417364,0.0259070537853254
0.664926907377265,0.237766108478153,1194,1194,0.00491813103726732,0.030157098310061
0.664667175066148,0.238314496022928,1195,1195,0.000606786430882015,0.0297264549367536
0.661294123875664,0.238962500365559,1196,1196,0.00343473200725972,0.0263351752347438
0.662776762767861,0.23944496028751,1197,1197,0.00155916184565432,0.0275708918226049
0.663214543876584,0.239224157784272,1198,1198,0.000490312190946603,0.0280562614941852
0.663593366614108,0.239690985273571,1199,1199,0.000601194287423267,0.0282710938952552
0.662930179957894,0.239099529929488,1200,1200,0.000888614632461404,0.0278276304968813
0.663267559086022,0.240491394748313,1201,1201,0.00143217050311026,0.0277270523651814
0.657439246717371,0.240755349556498,1202,1202,0.0058342863494462,0.0220985102132764
0.660884402857801,0.240149384587105,1203,1203,0.00349804150576782,0.0255528305200236
0.658654864167744,0.23900912351077,1204,1204,0.00250420408366928,0.0238642148563367
0.661943189557273,0.239134839611043,1205,1205,0.00329072764070339,0.0268851098063706
0.661593808294507,0.238335865624599,1206,1206,0.000872024482331923,0.0268402609319354
0.661319915986896,0.239276511974063,1207,1207,0.000979710442390214,0.0262507298582636
0.658697405279078,0.239797501070435,1208,1208,0.00267375990903414,0.0236110031446783
0.663429101492482,0.239477390959719,1209,1209,0.00474251194399382,0.0281800258442128
0.659614222658242,0.239409680918526,1210,1210,0.00381547967752561,0.0246058674617555
0.666330699026703,0.23677880355238,1211,1211,0.00721336055689684,0.0318190794314454
0.66373659816063,0.237294159975403,1212,1212,0.00264479707087556,0.029216607626921
0.664686156484185,0.237572458112359,1213,1213,0.000989500309684548,0.0299995422824496
0.662660113550478,0.237864747741639,1214,1214,0.00204701812317545,0.0280051537087372
0.666178694643787,0.237392781986701,1215,1215,0.00355009360214985,0.0314608030595289
0.659427759869602,0.241259148734727,1216,1216,0.0077797115727732,0.023827709603245
0.66575593816056,0.238646247891007,1217,1217,0.00684639257574855,0.0306499741482755
0.66755980408838,0.236319194286845,1218,1218,0.00294433536849885,0.033131245365782
0.667047881416402,0.237291929067926,1219,1219,0.0010992168923419,0.0323122739908729
0.669583933057356,0.235836517641531,1220,1220,0.00292400074310291,0.0351947782231709
0.674696160856486,0.232386892661744,1221,1221,0.00616723483997229,0.041218564963177
0.675286274595263,0.232722383867516,1222,1222,0.000678814093728005,0.0416380388047553
0.674314227439935,0.234836953247095,1223,1223,0.00232729012657091,0.0399810021186599
0.672084317003393,0.235475243681809,1224,1224,0.00231946442827783,0.0376663367684877
0.672764786132394,0.235404263032218,1225,1225,0.000684161156555771,0.0383310509097566
0.671773931096475,0.234884813257265,1226,1226,0.00111875903165282,0.0375797784647254
0.670875906701737,0.235194588472296,1227,1227,0.000949951839511862,0.0366302794352003
0.670498403055804,0.234264379139633,1228,1228,0.00100389163024007,0.0366218771967178
0.667623908327429,0.236005067276131,1229,1229,0.00336046352933645,0.0333049717603851
0.668529877571653,0.237324080254745,1230,1230,0.0016001798365284,0.0337003168835952
0.664045934452994,0.239655929417116,1231,1231,0.00505403466622662,0.0287133493470579
0.664775526323396,0.239421561412792,1232,1232,0.000766311071828866,0.0294796360788816
0.668113281831046,0.23767595596404,1233,1233,0.00376666300743254,0.033192942689112
0.670373840287335,0.236935087197422,1234,1234,0.00237886760111821,0.0355717641968081
0.66715104775592,0.23813979443861,1235,1235,0.00344059751169983,0.0321335002888284
0.667800051307173,0.237150035021369,1236,1236,0.00118356635367697,0.0330683443149257
0.675313129165512,0.233661565856139,1237,1237,0.00828346280381725,0.0413228888248099
0.677606214382466,0.232020702714998,1238,1238,0.00281969354011536,0.0440529919888537
0.676684275157068,0.232629450076904,1239,1239,0.00110478291349709,0.0429724173376576
0.675228361100667,0.231429663158487,1240,1240,0.00188657742730865,0.0420830550231868
0.675788529184998,0.233312903811337,1241,1241,0.00196478590163152,0.0418909318223301
0.670623407466929,0.234794301090126,1242,1242,0.00537336210021918,0.0365395199557878
0.672975916567647,0.235399890525863,1243,1243,0.00242920514441195,0.0385315566464419
0.674871476548027,0.233093476849234,1244,1244,0.00298541315180322,0.0411153788884116
0.671555341113653,0.235824695418131,1245,1245,0.00429608066616524,0.0370506391550395
0.674324415094395,0.233811280507365,1246,1246,0.00342368373447625,0.0403453398458021
0.673403817079851,0.234231475365411,1247,1247,0.00101196068259133,0.0393354440401365
0.677406365704756,0.231582451132279,1248,1248,0.0047997630027377,0.0440308878573493
0.678541239535798,0.232177213927094,1249,1249,0.00128128115356475,0.0448676616996252
0.6782725592892,0.231869813442008,1250,1250,0.000408269681880825,0.0447282664292209
0.677100840004802,0.233135943609685,1251,1251,0.00172511207836829,0.043181391758095
0.674260180802951,0.233783563292742,1252,1252,0.00291354697146679,0.0402952654929748
0.675703066654275,0.234236561049153,1253,1253,0.00151232488151998,0.041490808361863
0.675656652779872,0.231623783089966,1254,1254,0.00261319017902457,0.042399797312136
0.67975654076501,0.230258426805311,1255,1255,0.00432125899185946,0.0467083181847798
0.67964457968879,0.230395939742209,1256,1256,0.000177327635755576,0.0465521683992189
0.676549694189684,0.232449454771398,1257,1257,0.00371419442513198,0.0429128366013681
0.67719495630644,0.231763108368872,1258,1258,0.000942037464000645,0.043766983239686
0.678609489354137,0.232439106137875,1259,1259,0.00156776169321871,0.0448385870042785
0.680171076130349,0.23005578204394,1260,1260,0.00284934852139418,0.0471689103852895
0.680971314948694,0.230360314033385,1261,1261,0.000856225378613334,0.0477938408672381
0.68393471851517,0.227535437923289,1262,1262,0.00409410377679822,0.051620235693101
0.67909711481328,0.231255345047802,1263,1263,0.00610246823765127,0.0457211516550268
0.68036003480095,0.23019120137942,1264,1264,0.00165147468712481,0.0472915771039977
0.687086565241536,0.229079133977096,1265,1265,0.00681783731658669,0.0539560620483512
0.684584736408033,0.229363421886881,1266,1266,0.00251792913478458,0.0515198042919198
0.683393420393556,0.230826219616732,1267,1267,0.00188653413560596,0.0498844083791417
0.688152161199982,0.227383466479112,1268,1268,0.00587351370385193,0.0555669278065308
0.681602625097804,0.232220429409636,1269,1269,0.00814202883469448,0.047724796031716
0.683578024230062,0.229350862706367,1270,1270,0.0034837644576285,0.0505889426587222
0.686158679712924,0.229119158585176,1271,1271,0.00259103637971424,0.0530751075792288
0.689059759453121,0.2265876336062,1272,1272,0.00385030938732997,0.0567080895385377
0.689196345860453,0.227413718112986,1273,1273,0.000837300100931397,0.0565251622855997
0.691288493290687,0.225642777438203,1274,1274,0.00274104209078147,0.0591287265757159
0.687376046014388,0.228480839044684,1275,1275,0.00483340846318633,0.0544408445395548
0.692588653077024,0.224346050538483,1276,1276,0.00665340126404947,0.0608295151288916
0.695415781528289,0.224231944335641,1277,1277,0.00282943024396767,0.0634825974286928
0.694578558423818,0.22437059948461,1278,1278,0.000848626995207935,0.0626553239720514
0.695779040737212,0.223184368560908,1279,1279,0.00168769120075879,0.0642201195230353
0.691233049323763,0.225303529008716,1280,1280,0.00501566335938787,0.0592079442411477
0.690635458161622,0.225964630061773,1281,1281,0.000891162050034716,0.0584023000697251
0.69224231313042,0.223867229693514,1282,1282,0.00264217168168985,0.0607015889226466
0.68681848294363,0.22789924762437,1283,1283,0.00675833577812453,0.0541371595316102
0.688306855345412,0.226361001603226,1284,1284,0.00214043295338856,0.056100737527843
0.689756795329762,0.227255847646231,1285,1285,0.00170384136553214,0.0571044081895344
0.692432597371811,0.22502410087356,1286,1286,0.00348433784607074,0.060422516682105
0.69050435807688,0.227786478225233,1287,1287,0.00336880326103375,0.0576101357273475
0.687160665063461,0.228395354430118,1288,1288,0.00339867815493946,0.0542713332017455
0.686896168327643,0.229158970238469,1289,1289,0.000808125996378003,0.0537497273735462
0.686523427961037,0.229250679278523,1290,1290,0.000383856651531742,0.0533687066123382
0.690885153528112,0.227491310695167,1291,1291,0.00470319335500627,0.058071027755555
0.691473838197704,0.226095789845858,1292,1292,0.00151460492573769,0.059129110604006
0.689826085265931,0.228287244582143,1293,1293,0.00274181756967026,0.05679881662038
0.691412500774144,0.227255927196723,1294,1294,0.00189217592051268,0.0586476620173806
0.690873196149518,0.227278449059203,1295,1295,0.000539774686728155,0.0581361817787086
0.692858169775423,0.226055780997413,1296,1296,0.00233131668480705,0.0604297987473672
0.69081863009104,0.228496208975431,1297,1297,0.00318047336729393,0.057657503058425
0.689822642182503,0.227073486431824,1298,1298,0.00173670128405536,0.0572327809672041
0.694448705289708,0.225160729062626,1299,1299,0.00500590657376512,0.0622382567650143
0.691438029688009,0.22540638842419,1300,1300,0.00302068139673644,0.059357402898401
0.687325254295537,0.228453352420437,1301,1301,0.00511848718112576,0.0544034899755517
0.685216995450948,0.22865714185902,1302,1302,0.00211808533611506,0.0523683967094589
0.681691416254687,0.230849458371628,1303,1303,0.0041516214134435,0.0482844577077885
0.675833380187217,0.233732367889614,1304,1304,0.00652899332643816,0.0417856063246309
0.674456941499735,0.234853029908958,1305,1305,0.00177495544225685,0.040110157015097
0.678149585670746,0.233744382852583,1307,1307,0.00385547912318437,0.0439615855559005
0.674178798910734,0.234641137064629,1308,1308,0.00407078808221569,0.0399195733050616
0.675149198992474,0.23548181420342,1309,1309,0.00128390590400036,0.0405617317272264
0.67023400403099,0.235580104845936,1310,1310,0.00491617763712873,0.035893500834468
0.671982271620432,0.235607349680203,1311,1311,0.00174847986699523,0.0375257272481072
0.673322603783267,0.232704066609559,1312,1312,0.00319774027948144,0.0398292212754935
0.677037928327371,0.233215561200686,1313,1313,0.00375036840654,0.0430946680113644
0.676771823817565,0.23178700928727,1314,1314,0.00145312497035308,0.043366119785638
0.680540712942025,0.231010363214443,1315,1315,0.00384807800790354,0.0471536285215042
0.676916308728581,0.232553962586055,1316,1316,0.00393941682517498,0.0432160319841828
0.67451301418677,0.235702821680143,1317,1317,0.00396120414130844,0.0398883286160094
0.668882079399615,0.236846812803596,1318,1318,0.00574596747882652,0.0341895435261629
0.673525707135677,0.235713789838822,1319,1319,0.00477985560344979,0.0389485740787368
0.672386554755901,0.235464972690115,1320,1320,0.00116600948445545,0.0379543448468257
0.67416938721612,0.234628828214527,1321,1321,0.00196916966391081,0.0399149111330541
0.672240762126602,0.234900910758513,1322,1322,0.00194772268217528,0.0380109645751727
0.672896739523549,0.233491681716841,1323,1323,0.00155442363504841,0.0391342289630213
0.669928024215907,0.236126410831284,1324,1324,0.00396926543384558,0.0354170807637854
0.673344060063213,0.234760278944078,1325,1325,0.0036790783143772,0.0390944456005843
0.679042507999227,0.231121884740761,1326,1326,0.00676093346056544,0.0457201785345843
0.679315864119084,0.23324141099576,1327,1327,0.00213708097972289,0.0452285257786029
0.677255317723196,0.232948018434668,1328,1328,0.00208132905723984,0.0433919451982806
0.676850493346132,0.234526006657767,1329,1329,0.00162908858215395,0.0424787278372595
0.680022238350347,0.230910591598428,1330,1330,0.00480948982981128,0.0467081617240443
0.681535496323675,0.232944906364505,1331,1331,0.00253542624844812,0.0474233183049577
0.676738628005391,0.23312230529261,1332,1332,0.0048001475021764,0.0428469762082205
0.677350392086631,0.234643850917434,1333,1333,0.00163992572378034,0.0429148382633141
0.672607252275614,0.23524238594787,1334,1334,0.00478075511289929,0.0382372365353022
0.679786816073171,0.233058949016152,1335,1335,0.00750423434855159,0.0457333300338629
0.677301295885179,0.233623061747317,1336,1336,0.00254873179804754,0.0432023131570834
0.680767818262881,0.232533504606634,1337,1337,0.00363371877804578,0.0468333453471075
0.67182704729429,0.23555638618265,1338,1338,0.00943796580495062,0.0373967867588764
0.678167552700719,0.233555753633839,1339,1339,0.00664864944212869,0.0440409845070997
0.672492297175624,0.234753715678176,1340,1340,0.00580031364107099,0.0382981570425234
0.676841510546527,0.233808497165544,1341,1341,0.00445074094755734,0.0427069193270976
0.668653170782841,0.235734667152103,1342,1342,0.00841183921046289,0.0343619270189133
0.672418645893121,0.235098091912126,1343,1343,0.00381890440339757,0.0381093024107906
0.670297753094766,0.234734084145971,1344,1344,0.00215190332402153,0.0362591776195697
0.676460751654118,0.234157746029704,1345,1345,0.006189888275796,0.0422311324751677
0.672965898853146,0.234534906113331,1346,1346,0.0035151452074052,0.0388184688027631
0.674934163855384,0.234697401379383,1347,1347,0.00197496122253687,0.040611966722447
0.668398038730661,0.236260285013948,1348,1348,0.00672038219904393,0.033935615840057
0.676275262789998,0.233810822903263,1349,1349,0.00824927412035027,0.0421735076872222
0.672630065754766,0.233886793659115,1350,1350,0.00364598861509592,0.0387393970063113
0.677347684140932,0.231885526945882,1351,1351,0.00512454795030607,0.0438628196762843
0.670968119983439,0.233585309208426,1352,1352,0.00660212833710687,0.0373175812088232
0.678131123362587,0.232338989398054,1353,1353,0.00727062105183671,0.044426814404148
0.6773437425838,0.231436093576825,1354,1354,0.00119799388762876,0.0440284844529731
0.676757551560603,0.233728329238458,1355,1355,0.00236600174220957,0.0426550552331805
0.681354838271174,0.231320745542842,1357,1357,0.00518955724032301,0.0478019538109401
0.6767559905378,0.231813743580115,1358,1358,0.00462519702710216,0.0433413423862013
0.678877509465755,0.23149488225779,1359,1359,0.00214534731559859,0.0454285738491647
0.669859612905658,0.233841200762737,1360,1360,0.00931813655701965,0.0361980478270154
0.673769600114688,0.233431227284992,1361,1361,0.00393142190908489,0.0399666200295827
0.672519606821871,0.233006840216016,1362,1362,0.00132007106490584,0.0389717232976896
0.680350208196454,0.230054290069993,1363,1363,0.00836874364838606,0.0473348558789942
0.68007759788471,0.229632582710843,1364,1364,0.000502148861225851,0.0472475022456825
0.68219227423952,0.229601081503701,1365,1365,0.002114910970146,0.0492106675243602
0.681548597975959,0.228606796829539,1366,1366,0.00118444972267518,0.0490047647127148
0.681612376139357,0.230578199534026,1367,1367,0.00197243409963048,0.0483090948293691
0.67595597328989,0.233011412766914,1368,1368,0.00615754982376592,0.0421552682537873
0.679535690819118,0.233732654149013,1369,1369,0.00365165260126351,0.0452764797402868
0.680813623444635,0.231117255429461,1370,1370,0.00291091433360639,0.0473691352630986
0.680214574837828,0.231255467821988,1371,1371,0.000614786059345441,0.0467606679974477
0.679871510302953,0.230983436639337,1372,1372,0.0004378290070604,0.0465411728757354
0.680796237255084,0.232129191443323,1373,1373,0.00147237020034177,0.046996983456655
0.679594430504335,0.231346797562699,1374,1374,0.0014340431132235,0.0461498414710716
0.680674816135169,0.232569479150464,1375,1375,0.0016316198627046,0.0467336660474533
0.678591717288585,0.231252301074318,1376,1376,0.0024646011622409,0.0452533463375329
0.678728150259763,0.231543047932568,1377,1377,0.000321166142684264,0.0452719729370235
0.674418577508426,0.231805937313167,1378,1378,0.00431758359797438,0.0411903981341839
0.673923933370732,0.234699196851917,1379,1379,0.00293523824953324,0.0396601662549173
0.675885380054475,0.231674470568591,1380,1380,0.00360503012223331,0.0425906642387442
0.675294735640222,0.233628396001795,1381,1381,0.00204124604656313,0.0413173743501817
0.674030585299579,0.23282646100809,1382,1382,0.00149705571635673,0.0404354951572798
0.673448500893053,0.233566843418129,1383,1383,0.000941800599604794,0.0396181317958429
0.66776425786821,0.234233826665022,1384,1384,0.00572324081418138,0.034122348165371
0.665109739034083,0.237547066631993,1385,1385,0.00424547162509293,0.030404838660726
0.666188393248183,0.236749411534282,1386,1386,0.00134154708023985,0.0316969480912064
0.665016552851924,0.239903216892626,1387,1387,0.00336447591054297,0.0295707678986314
0.667633448831006,0.235022966174165,1388,1388,0.00553759800277835,0.0336862403824736
0.665760351967908,0.237307384831578,1389,1389,0.00295415985702945,0.0310981855576697
0.663341224812045,0.237337897430619,1390,1390,0.0024193195768508,0.0288337503169971
0.661692083206305,0.239519501000595,1391,1391,0.00273478740897986,0.026520275420504
0.6627546942694,0.237288290043256,1392,1392,0.00247132446424211,0.028310544418304
0.665595478809219,0.237170112978365,1393,1393,0.00284324156911449,0.0309925048695831
0.662197933422147,0.237460145008286,1394,1394,0.00340990223255662,0.0277306553344608
0.667848346018088,0.236610734697456,1395,1395,0.00571390062746222,0.0332979698462395
0.665034213333968,0.237099206851649,1396,1396,0.00285621214360111,0.0304945358578167
0.670004603560278,0.23495473782453,1397,1397,0.00541327316972564,0.0359051283024334
0.668929947880782,0.234481240894149,1398,1398,0.00117434414570574,0.0350913355063917
0.667065596038683,0.236217083429447,1399,1399,0.00254734314502142,0.032707806101796
0.66370243896628,0.236416760816034,1400,1400,0.00336907948145608,0.0295245054926006
0.671505049752832,0.234486655805062,1401,1401,0.00803778828035402,0.0374725533606521
0.667979844304921,0.234491345576431,1402,1402,0.00352520856743782,0.0342150030477606
0.66726410365127,0.236745112178066,1403,1403,0.00236468783942702,0.0327036196940045
0.665444339981659,0.23778932975448,1404,1404,0.00209807772976315,0.0306350826889922
0.66776209584586,0.237435661199256,1405,1405,0.00234458390615317,0.0329379893653577
0.666054979679267,0.236496042444636,1406,1406,0.00194862233649234,0.0316655113180326
0.668298083922341,0.236825995323308,1407,1407,0.00226724183699948,0.0336463881335241
0.667739834999091,0.23497331350135,1408,1408,0.00193496041140987,0.0338035745687048
0.667930247848024,0.237358205157035,1409,1409,0.00239248098475093,0.0331222361317549
0.66560964104414,0.236287385105594,1410,1410,0.00255575263294415,0.0313310857854301
0.664361743708344,0.238344831397456,1411,1411,0.0024063110780993,0.0294284528939569
0.66659128889485,0.236103217313887,1412,1412,0.00316159855742737,0.0323095575952557
0.665453950802035,0.237915440533254,1413,1413,0.0021395539100899,0.0306014381691759
0.664071280782803,0.23546265465477,1414,1414,0.00281565888341849,0.0302526686459842
0.669329683089983,0.234590623374241,1415,1415,0.00533021888653524,0.0354172967328403
0.660626493156456,0.237750291747027,1416,1416,0.00925899666513756,0.0261719403386837
0.660023847674793,0.240845044218915,1417,1417,0.00315288351177549,0.0245197395684348
0.660312026208232,0.236826927288959,1418,1418,0.00402843772819367,0.0262709602922077
0.660471947517228,0.240579571950857,1419,1419,0.00375605068969291,0.0250272006850426
0.660116371123674,0.239177175684534,1420,1420,0.00144677222099732,0.0251579956386257
0.665223918065382,0.23897621428153,1421,1421,0.00511149892372551,0.0300418852539097
0.663009670758351,0.237719140908714,1422,1422,0.00254619806797048,0.0283837762981355
0.667685316782288,0.236191773205056,1423,1423,0.00491879231553187,0.0332942248595497
0.66552000149577,0.234470017437497,1424,1424,0.0027664116131103,0.0319861403868515
0.659206840546236,0.240534446150712,1425,1425,0.00875404459620733,0.0238400630351828
0.660551272319834,0.237256697030866,1426,1426,0.00354275825967723,0.0263048116510195
0.660914156591409,0.240283916126803,1427,1427,0.00304889167557034,0.025538958003662
0.65945308906605,0.238559007103456,1428,1428,0.00226053742558761,0.024774533287597
0.65835549323847,0.241272555701211,1429,1429,0.00292712531216196,0.0228002325969937
0.653611714992053,0.241461591984864,1430,1430,0.00474754323494971,0.0182680702081866
0.653887971268881,0.243503002113862,1431,1431,0.00206001768081308,0.0178819683734366
0.651144884393185,0.241236296540405,1432,1432,0.00355843782640035,0.0160984962427604
0.65665842412779,0.240338384221238,1433,1433,0.00558617641486375,0.0215143274499394
0.652558230577654,0.241365082782112,1434,1434,0.0042267833021669,0.0173315647575181
0.655329054261178,0.242156325590897,1435,1435,0.00288158447171542,0.019648571645727
0.65327549502993,0.239676771205688,1436,1436,0.00321951789332709,0.0187008082358113
0.656738012683128,0.240958784253583,1437,1437,0.00369223319329659,0.0213698158536834
0.655396110879002,0.24056596573107,1438,1438,0.00139821559265591,0.0202579024293492
0.657337371929651,0.241601096150635,1439,1439,0.00219999760278867,0.0217304189372612
0.652017267056558,0.241453110962461,1440,1440,0.00532216266912489,0.0168003928701776
0.654172540312054,0.241953983159094,1441,1441,0.00221270778983939,0.0186189508149089
0.656216556389253,0.238676525623589,1442,1442,0.00386260658375751,0.0217787893913995
0.656909391299678,0.241557191726998,1443,1443,0.00296281241600496,0.0213368129533404
0.653155858655519,0.241359112000175,1444,1444,0.00375875549736154,0.0178843622370458
0.655336914061061,0.242257609982851,1445,1445,0.002358877128406,0.0196250576425984
0.653748708977699,0.241169427172245,1446,1446,0.00192523692467065,0.0185047051758651
0.656540613458417,0.241882451068445,1447,1447,0.00288151586946964,0.0208858413918322
0.650467719086488,0.242505058258682,1448,1448,0.00610472651033122,0.0149623126547295
0.656315720659199,0.241469989454875,1449,1449,0.00593889634722175,0.0208017423180899
0.653435362835002,0.240600766155433,1450,1450,0.00300865590250951,0.0184428202176516
0.652097693906224,0.243430185355766,1451,1451,0.00312969186570041,0.0161832826955864
0.648102792682327,0.242750105957094,1452,1452,0.00405237507854244,0.0127009432047452
0.651149000451086,0.243293094569462,1453,1453,0.0030942233926479,0.0153231047377169
0.645950274784772,0.244084848203734,1454,1454,0.00525867116018635,0.0101873300237213
0.652406723547918,0.242772869287818,1455,1455,0.00658840036024964,0.0166815242227283
0.654885931085658,0.240939126897681,1456,1456,0.00308367980967094,0.0196451711646674
0.659137743120365,0.240904410734754,1457,1457,0.00425195376156044,0.0236577092829694
0.658042734559751,0.239673593820805,1458,1458,0.00164740827467898,0.0230461931596571
0.654894866693733,0.243017508174197,1459,1459,0.00459247594492668,0.0189823110105956
0.653351714304756,0.242263739129994,1460,1460,0.00171740707684696,0.017741768941348
0.655956291132199,0.242247049369171,1461,1461,0.00260463029971035,0.0202191823840338
0.659061061252117,0.238317053571038,1462,1462,0.00500843932486748,0.024510713925285
0.659074174517762,0.241403376152533,1463,1463,0.00308635043939955,0.0234474458244169
0.660986798349065,0.237572936690092,1464,1464,0.00428140121870092,0.0265731119981367
0.658718901451468,0.240814530270987,1465,1465,0.00395617053245052,0.0232881479242937
0.655859512417939,0.237832620844147,1466,1466,0.00413133023068155,0.021846659468452
0.655565248103024,0.242059840381486,1467,1467,0.00423744929219136,0.0199030182805969
0.653820195919186,0.240543273873625,1468,1468,0.00231196476986203,0.0188173526857413
0.656173472196256,0.242278943733327,1469,1469,0.00292411680650724,0.020417484933195
0.661994059544907,0.237206855942303,1470,1470,0.00772044763230285,0.0276427581961805
0.662933499993998,0.239769040818397,1471,1471,0.00272898143941528,0.0276186889789757
0.662325883118242,0.236825895113222,1472,1472,0.00300521295578092,0.0280996982005895
0.664388898937922,0.238658132267281,1473,1473,0.00275918960221365,0.0293505157127872
0.660997645508768,0.241194765134073,1475,1475,0.00423498596475097,0.0253510879666537
0.661407923634963,0.238403520528811,1476,1476,0.00282123635791798,0.0266425249133075
0.66083075548833,0.241627767546224,1477,1477,0.00327549872519963,0.0250735216524588
0.659890236924172,0.240792618326209,1478,1478,0.00125779544808268,0.0244082373674787
0.656013850902092,0.244123768399325,1479,1479,0.00511105951851459,0.0198029917173566
0.663488725415476,0.237832780360136,1480,1480,0.00976986588956354,0.0287882246379082
0.658432756213778,0.241670950082262,1481,1481,0.00634778476197515,0.0227560598406471
0.659671330286228,0.239575264299666,1482,1482,0.00243433042792482,0.0246005496370417
0.658377351084742,0.242782194629055,1483,1483,0.00345814752597882,0.0224078927445256
0.658621162265217,0.239765561846429,1484,1484,0.0030264694343308,0.0235512294602737
0.662863503038179,0.240990822913579,1485,1485,0.00441573548988261,0.0272023248309204
0.662265556504328,0.237997299937495,1486,1486,0.00305265783632679,0.0275895538444374
0.657650563352162,0.243102832539463,1487,1487,0.00688219622971452,0.0216254614148404
0.66023165980508,0.239132245364456,1488,1488,0.00473578097187742,0.0252817290564823
0.660902887462159,0.240603778767536,1489,1489,0.00161739207491812,0.0254306701203434
0.659989250654825,0.238352240623397,1490,1490,0.00242984695613288,0.0253488883006105
0.657183169353095,0.242313442378261,1491,1491,0.00485440126222142,0.0213760072319047
0.655050189943042,0.241016101883437,1492,1492,0.00249653630520769,0.0197696720463601
0.657236908144105,0.240766122127918,1493,1493,0.00220096032881773,0.0219044934873053
0.657699769614506,0.23832549847111,1494,1494,0.00248412652152677,0.0232682949009088
0.657431310592797,0.241171584633881,1495,1495,0.00285871941474735,0.0219539539706292
0.660548922381749,0.238049682200193,1496,1496,0.0044120038612947,0.0259822550164838
0.655971319898517,0.24060519716997,1498,1498,0.00524262350882135,0.0207772454121984
0.65479856932554,0.243434966982453,1499,1499,0.00306315867986917,0.0187791058550106
0.657935714867908,0.239514229294967,1500,1500,0.00502134107266899,0.023006637861297
0.661032121613524,0.240315854062402,1501,1501,0.00319848980021216,0.0256412555561501
0.659497593858606,0.238452439676596,1502,1502,0.00241393632969938,0.0248571904810925
0.657530438767405,0.241848660801403,1503,1503,0.00392479516426311,0.0218409417627708
0.65869604673609,0.238831150235343,1504,1504,0.00323481250661388,0.0239713340707545
0.658425756667067,0.240901905745695,1505,1505,0.00208832112115586,0.022982435298274
0.661459980026825,0.238900610036107,1506,1506,0.0036347896657326,0.0265122022456536
0.663070688325661,0.238708883600708,1507,1507,0.00162207899005249,0.0280902268698452
0.662314622209428,0.23907946550822,1508,1508,0.00084200173532527,0.0272535132137586
0.662772213839189,0.239913298523074,1509,1509,0.000951140155964312,0.027421150654095
0.662417365555619,0.23890351599728,1510,1510,0.001070316800649,0.0274096140790058
0.664719147505121,0.23881369663561,1511,1511,0.0023035337333722,0.0296131940281025
0.663794885159256,0.238072361767089,1512,1512,0.00118483681208377,0.0289892820090679
0.66161834127027,0.240680303458179,1513,1513,0.00339686666868274,0.0260919874759374
0.659589639473569,0.239375175765344,1514,1514,0.00241225812767678,0.024595297012677
0.662126186660864,0.240381706510861,1515,1515,0.00272895140576838,0.0266647962142519
0.664007105176586,0.237637802049788,1516,1516,0.00332668996966689,0.0293420372071526
0.664950034799755,0.239752735099686,1517,1517,0.00231561181543897,0.0295496882062875
0.667545196931777,0.236947024956316,1518,1518,0.00382189428164758,0.0328972859295312
0.664645866824204,0.241140264026087,1519,1519,0.00509797694864672,0.0288875631363674
0.667121045895731,0.237228391542701,1520,1520,0.00462917463079515,0.0324026306359621
0.669520087332994,0.238303221593433,1521,1521,0.00262881331700474,0.0343435374365057
0.667166178049697,0.237653152131261,1522,1522,0.00244202359113094,0.0323037112566379
0.665651774158331,0.240195303232842,1523,1523,0.00295904568559764,0.0301017527930003
0.662378740426493,0.239073038392964,1524,1524,0.00346009077634901,0.0273160797131291
0.661774223406176,0.241737895044158,1525,1525,0.0027325632287773,0.0259573099884995
0.663922625926819,0.239547688805186,1526,1526,0.00306800207951972,0.0286282622597068
0.66632997356877,0.239944741759434,1527,1527,0.00243987166008457,0.030822257783276
0.664585389014878,0.238377575657794,1528,1528,0.00234511936920239,0.0296283450869685
0.665515742033722,0.238808065130277,1529,1529,0.00102512337091245,0.0303713628804875
0.666794289392495,0.235457075596772,1530,1530,0.00358661598199268,0.0327441744974045
0.66711200115535,0.238736461628951,1531,1531,0.0032947402799473,0.0319141288817526
0.664359553966025,0.237834297289996,1532,1532,0.00289652654476101,0.029601566887832
0.66370991505829,0.24022425309435,1533,1533,0.0024766750810731,0.0282266366771418
0.665644836647969,0.237280401171777,1534,1534,0.00352280934770002,0.0309995466705139
0.665694674669998,0.241200308551249,1535,1535,0.00392022418900739,0.0298913700779534
0.661428121490811,0.240782495615948,1536,1536,0.00428696205718403,0.025880394025459
0.666087805572146,0.239275259075704,1537,1537,0.00489738886817184,0.0307768319340406
0.663150042680386,0.238696126286572,1538,1538,0.00299430218843216,0.0281692194165411
0.665830178969192,0.23947250043669,1539,1539,0.00279032029479528,0.0304732273264955
0.662973518852506,0.2396083864152,1540,1540,0.00285989021142778,0.0277062853283037
0.664632890677595,0.240034320672298,1541,1541,0.00171316515411354,0.0291657272006061
0.661834544276069,0.24054517277322,1542,1542,0.0028445935477586,0.0263380910510958
0.667585812994786,0.239494198205958,1543,1543,0.00584650659932274,0.0321530866172289
0.664522918937044,0.238434677531118,1544,1544,0.00324097270419933,0.0295504762968636
0.664403920143283,0.240759410136073,1545,1545,0.00232777627736375,0.0287494751747741
0.660662780437221,0.24062369662661,1546,1546,0.0037436004670536,0.025195666851619
0.658547347948182,0.244081435449614,1547,1547,0.00405351851898949,0.0222957539293502
0.660026216287672,0.240918026490997,1548,1548,0.00349202059057561,0.0245001584851247
0.661866695542435,0.243119430281822,1549,1549,0.00286941501659691,0.0257380439883955
0.658994991484729,0.241516000836148,1550,1550,0.0032890226788972,0.0233391076444447
0.660273720050987,0.244206481841959,1551,1551,0.00297889825082933,0.0239730773950763
0.66107375837596,0.240603617118908,1552,1552,0.00369062264855556,0.0255938044796645
0.665562466642103,0.241013663497503,1553,1553,0.00450739835505344,0.0298074230160397
0.664834128572518,0.239142408544128,1554,1554,0.00200800185361897,0.0296198984934692
0.664953826286999,0.24163614339137,1555,1555,0.00249660590226031,0.0290699914847405
0.658693747245735,0.242953385460075,1556,1556,0.00639716470558934,0.0226746264661396
0.660724952442564,0.244188037459243,1557,1557,0.00237700654409587,0.0244211046375005
0.662290255722338,0.24161487939145,1558,1558,0.00301186267939286,0.0264877159693483
0.660584895123794,0.244907505794598,1559,1559,0.00370805115954104,0.0241740325805404
0.657883787797056,0.243580100370901,1560,1560,0.00300964880831933,0.0217454050407158
0.650863568173326,0.247987389061245,1561,1561,0.00828900942003555,0.0142270037702052
0.655574655885876,0.242488097389536,1562,1562,0.00724130902018881,0.0197837420635063
0.65165061029762,0.246093471862264,1563,1563,0.00532887031811722,0.0151615821151145
0.649546886519255,0.24498527236805,1564,1564,0.00237776362463437,0.0133067595421079
0.651979855530204,0.245785914984649,1565,1565,0.00256132130115547,0.0155328002718401
0.64896766332338,0.244917361700406,1566,1566,0.00313491414530297,0.0127630348142723
0.6467204837869,0.248093792489986,1567,1567,0.00389095469392363,0.0100828210168686
0.643740756258222,0.247556306136975,1568,1568,0.00302781566889963,0.00713296784038442
0.645807534548021,0.248251296341385,1569,1569,0.00218050083315971,0.00916919048514635
0.644446530746316,0.247317658249,1570,1570,0.00165045794730062,0.00785969061275095
0.646270125336908,0.247314161324308,1571,1571,0.00182359794344003,0.00967389406330266
0.642870754581267,0.246628070841203,1572,1572,0.00346791604357928,0.00643158998778614
0.640475887010557,0.249593764826184,1573,1573,0.00381191965993391,0.00407712915320873
0.643171449092721,0.246119754548493,1574,1574,0.00439713569819066,0.00686127569970177
0.643523292260599,0.247617603201492,1575,1575,0.00153861762698645,0.0069108847663814
0.643634543282758,0.246148348705555,1576,1576,0.00147346040454522,0.00729542949260387
0.645423249314235,0.247374647232458,1577,1577,0.00216870407020565,0.00882508832884853
0.644481060386098,0.24464374435416,1578,1578,0.00288886664749349,0.0086181219100896
0.647107315678485,0.245882425837796,1579,1579,0.00290371291258167,0.0107259531078777
0.647091886619456,0.244131867490188,1580,1580,0.00175062634055429,0.0112231775067538
0.6449007904115,0.246303285899025,1581,1581,0.00308479504971656,0.00848100626224461
0.641900629460349,0.245347969920247,1582,1582,0.00314858608777331,0.00599329967263787
0.643969308235469,0.246708796094573,1583,1583,0.00247614211049427,0.00748434081863667
0.640919851937449,0.246124087407381,1584,1584,0.00310500691825504,0.00476540637017901
0.642341942137215,0.247132903284406,1585,1585,0.00174357391871064,0.00580556157237643
0.63986826556759,0.24667602279873,1586,1586,0.00251551496702026,0.00357842933857254
0.643466482793646,0.246558871616549,1587,1587,0.00360012383194977,0.00702641010434515
0.642124704624761,0.246215549333293,1588,1588,0.00138500499806917,0.00583981058761493
0.642137827384542,0.247434984002785,1589,1589,0.0012195052767345,0.00555467550105811
0.642584727924713,0.246146065774457,1590,1590,0.00136419584082395,0.00629647167798555
0.646928298572926,0.245826365657584,1591,1591,0.00435532021104604,0.0105638409258105
0.648336647777284,0.243823658003651,1592,1592,0.00244832298288799,0.0124958460721721
0.648735914107571,0.244820053283785,1593,1593,0.00107341378637236,0.0125652584560194
0.647821493054665,0.243638810747972,1594,1594,0.00149382053487418,0.0120837469724142
0.650507344410913,0.244148008077231,1595,1595,0.002733693367586,0.0144533831523348
0.648265373679334,0.243415064327367,1596,1596,0.00235873680212976,0.0125793657103788
0.651244778167409,0.243064291341357,1597,1597,0.00299998213182608,0.0154884358585192
0.651984178584153,0.241082041619142,1598,1598,0.00211566229287727,0.0169231694276689
0.655057477124591,0.242398992250995,1599,1599,0.00334357935234022,0.0193159489101253
0.652420336985371,0.241722195445601,1600,1600,0.00272260206965253,0.0170659226297373
0.65530391464263,0.242020767525055,1601,1601,0.00289899385857797,0.0196669429728676
0.650249017710231,0.242731666363034,1602,1602,0.00510464104076055,0.0146742109878917
0.654263661555042,0.240918857843578,1603,1603,0.00440495629137123,0.0190763109631646
0.650364019876412,0.240698045612424,1604,1604,0.00390588828093372,0.015649923514805
0.655821231538208,0.239521637539107,1605,1605,0.00558257065128673,0.0210613852863243
0.654031684724836,0.240390958704493,1606,1606,0.00198952182341341,0.0190726429623155
0.65898075683282,0.239701413979578,1607,1607,0.00499687769088692,0.0239099940024755
0.64970718595113,0.243968653604442,1608,1608,0.0102082540580522,0.0137418133435149
0.653514465327269,0.243460774933907,1609,1609,0.00384100468522987,0.0175333549029442
0.653074637742596,0.242329927605981,1610,1610,0.00121336885707384,0.0174585730864122
0.660354092785179,0.240426214374851,1611,1611,0.00752426672728753,0.0249624270745707
0.656062109183284,0.239269342705175,1612,1612,0.00444516313525548,0.0213853316074951
0.655986171900259,0.241740784398607,1613,1613,0.00247260803909298,0.0204027274223047
0.652032587169594,0.242046182014759,1614,1614,0.00396536252144727,0.0165847518476915
0.654008446142264,0.242623604978084,1615,1615,0.00205850332971695,0.0182482619709733
0.648797195426273,0.243855186735071,1616,1616,0.00535480416533232,0.0129173315825371
0.656388475313296,0.241316417460998,1617,1617,0.00800455368837622,0.0209207254885144
0.652667263636059,0.241887959001486,1618,1618,0.00376484741779913,0.0172329646738707
0.655048913678591,0.242290188228971,1619,1619,0.00241537683944676,0.019340844797225
0.652252427014766,0.241503692193187,1620,1620,0.0029049808390512,0.016995877060543
0.654904918436537,0.242187284429937,1621,1621,0.00273916211435418,0.0192358321722346
0.651998609802958,0.242148618286054,1622,1622,0.00290656583347059,0.0165153079788292
0.650050961654638,0.24274024695898,1624,1624,0.0020355239611172,0.0144874536900294
0.655043896386733,0.242643807378956,1625,1625,0.00499386602058518,0.0192306335150915
0.656478573805867,0.241516601580563,1626,1626,0.00182452520095062,0.0209408991985138
0.659727835017206,0.240149890397553,1627,1627,0.00352499615280308,0.0244579713951834
0.652793156203758,0.242449392897221,1628,1628,0.00730598946013913,0.0171533028080946
0.655417753596619,0.242290267271788,1629,1629,0.00262941674887842,0.0196922431650041
0.653297394969587,0.241927877659348,1630,1630,0.00215110365590162,0.0178064325327019
0.65708846130608,0.241601694024616,1631,1631,0.00380507289434212,0.0214932726817312
0.655657034423056,0.242806682329425,1632,1632,0.0018710905205709,0.0197730782342838
0.654813753260756,0.243292748008012,1633,1633,0.0009733359967608,0.018830475812203
0.653355480769111,0.242940844494595,1634,1634,0.00150013157511057,0.0175297862550488
0.652127601018282,0.245410338709135,1635,1635,0.00275791413175652,0.0157413404280179
0.652170206685218,0.243222660195892,1636,1636,0.00218809335270691,0.0163148868325471
0.658288996900405,0.24257945509455,1637,1637,0.00615250408369314,0.0223724077150602
0.657219083021429,0.241638298963232,1638,1638,0.00142495283148006,0.0216064190030908
0.661868296528276,0.240402246958088,1639,1639,0.00481071832387524,0.0264123140264081
0.657903274356491,0.240276471110238,1640,1640,0.00396701655991612,0.0226988795214328
0.660362295951081,0.239992184941108,1641,1641,0.00247540013505262,0.025109017538427
0.654941314623519,0.242493550721248,1642,1642,0.00597024868157357,0.0191767805151383
0.661608636523625,0.24076474325732,1643,1643,0.00688781217564519,0.0260584241757033
0.656406741617133,0.241300760218792,1644,1644,0.00522943828734726,0.0209431356033623
0.661139042213628,0.240907841915526,1645,1645,0.00474858439207183,0.0255675190440339
0.660555565110264,0.239770502515646,1647,1647,0.00127827479075094,0.0253646572651986
0.658258408545182,0.24056599270675,1648,1648,0.00243099422636954,0.0229337130278496
0.662704257903874,0.239952694638528,1649,1649,0.00448795176452094,0.0273444610162254
0.654202723642283,0.241952407157159,1650,1650,0.00873355225313127,0.0186479076429222
0.651295096784363,0.243875405529375,1651,1651,0.00348600296678635,0.0152860690239331
0.654191892633593,0.24194304319471,1652,1652,0.00348216174014764,0.0186408556716005
0.654670185968212,0.243917915340295,1653,1653,0.00203196567523876,0.0185370739131252
0.651135448007916,0.242746857342594,1654,1654,0.00372367416430831,0.0154945644205407
0.651668069924761,0.245254254845333,1655,1655,0.00256334319650051,0.0153188055901442
0.649690027739036,0.243925241810878,1656,1656,0.00238304983881145,0.0137389939920784
0.653540987039831,0.244251300121176,1657,1657,0.0038647382263349,0.0173614581577335
0.653347776405195,0.243057570330581,1658,1658,0.00120926471969142,0.0174876494133457
0.653655291955553,0.243814773920932,1659,1659,0.000817265618359443,0.0175769680672999
0.656326928899674,0.240824524848624,1660,1660,0.00400989195311184,0.0210304457200194
0.652231174667988,0.244118814788493,1661,1661,0.00525619148569538,0.0161222099252362
0.65243155105768,0.24278639041314,1662,1662,0.00134740692204725,0.0167005932968735
0.650387614023576,0.245479545494618,1663,1663,0.00338094112523016,0.01401897801439
0.649280713574487,0.244968893803449,1664,1664,0.00121901343466232,0.0130527789518826
0.654626185394178,0.243684359110063,1665,1665,0.00549764480060536,0.0185499519501793
0.650636683172405,0.24280125968685,1666,1666,0.0040860730009156,0.0150092271610275
0.651575795961054,0.244219354635701,1667,1667,0.00170086040396052,0.0154629551298743
0.649464234947811,0.243010236794939,1668,1668,0.0024332397879158,0.0138422312638855
0.651193810174048,0.244411162362427,1669,1669,0.0022257634440466,0.0150446191316759
0.650125230319291,0.242881020890657,1670,1670,0.00186633218630093,0.0145038641035509
0.653257897118859,0.242785337721365,1671,1671,0.00313412771692553,0.0174844301549712
0.651331877731556,0.241808368383148,1672,1672,0.00215963417459603,0.0160300543414821
0.653234063334697,0.24250756745146,1673,1673,0.00202662019281497,0.0175501585173716
0.652592811907911,0.241762043261003,1674,1674,0.000983366519112632,0.0172105622557833
0.655331216116027,0.243032459315887,1675,1675,0.00301874387113819,0.0193983422355865
0.656361784856576,0.241061332741418,1676,1676,0.00222427783821508,0.0209811460602112
0.661524642087734,0.240288741702235,1677,1677,0.00522034402153209,0.0261184707685619
0.653381548630833,0.242949625978971,1678,1678,0.008566812486684,0.0175520102132217
0.652599833285858,0.245557701900136,1679,1679,0.00272270800695375,0.0161813611350538
0.652549843287271,0.244257473903786,1680,1680,0.00130118862677596,0.0163965821129815
0.653189302994915,0.245025660770121,1681,1681,0.000999509769491904,0.0168556744949315
0.649525079792818,0.24373113794102,1682,1682,0.00388617048388887,0.0136449653574593
0.648139241037038,0.247430933842922,1683,1683,0.00395082760605329,0.0115276316235726
0.648555105664706,0.24597150084312,1684,1684,0.0015175269583953,0.0121263280440977
0.656656354958174,0.243899174894924,1685,1685,0.00836210350034501,0.0204782263077446
0.65322326698627,0.244208789488316,1686,1686,0.00344702106452416,0.0170622254336146
0.655350757006954,0.245083337823593,1687,1687,0.00230022794062803,0.018972845866785
0.654099597133773,0.242151849248361,1688,1688,0.00318732274722441,0.0184844127851545
0.65645079193169,0.243243403602852,1689,1689,0.0025922206477382,0.0204270054726861
0.653792550848273,0.242642877588735,1690,1690,0.00272522974282847,0.0180369134876545
0.652856167374806,0.245956578453002,1691,1691,0.00344346154722628,0.0163744641555417
0.646162240095665,0.24584177668751,1692,1692,0.00669491163972967,0.00981543862022946
0.650930930985996,0.245342826957365,1693,1693,0.00479472247796857,0.0145785588057128
0.649217722672357,0.24486618545368,1694,1694,0.00177827721375403,0.0130178329799736
0.653943090025607,0.24519415319935,1695,1695,0.00473673510610008,0.0175666378908203
0.651538220974188,0.243420945845655,1696,1696,0.00298791892019698,0.0156525422663846
0.653553229068814,0.243552168544876,1697,1697,0.00201927636003569,0.017546152137396
0.651757973521482,0.242310614381817,1698,1698,0.00218275037968964,0.016232102285625
0.655120147155724,0.243198614760094,1699,1699,0.0034774640499381,0.0191508268980839
0.651956902012732,0.242154473136848,1700,1700,0.0033311186655622,0.0164743691208581
0.656144342069125,0.244020935930594,1701,1701,0.00458457605306339,0.0199520542944133
0.652440703887826,0.242445255373106,1702,1702,0.00402488571231793,0.016823204359533
0.658232565408589,0.24198374195316,1703,1703,0.0058102198334043,0.0224756602866877
0.652173066902278,0.242310923115653,1704,1704,0.00606832511168236,0.0166193219485411
0.654429003764474,0.243240003723342,1705,1705,0.00243976267325292,0.018473525075295
0.648751333768025,0.244008031665492,1706,1706,0.00572938072643987,0.012823199869026
0.65373833077179,0.243147204776254,1707,1707,0.00506074718285715,0.0178355106062852
0.650316935330569,0.243841381194836,1708,1708,0.00349110693982914,0.0143611998036877
0.654021666080795,0.243940101009071,1709,1709,0.00370604580832361,0.0179015505787599
0.649401488806293,0.24477278321191,1710,1710,0.00469461369004415,0.0132195171547489
0.653891997056284,0.244681016736991,1711,1711,0.00449144580610254,0.0176121033301361
0.64792990854192,0.245789701928672,1712,1712,0.00606429569755331,0.0115493496458844
0.651757815392051,0.246898745264312,1713,1713,0.00398532909225918,0.0151767256238701
0.647937661816922,0.245357876510371,1714,1714,0.0041192050027211,0.0116552581404896
0.649736811460711,0.245851151853684,1715,1715,0.00186554549798892,0.013310265856878
0.647640920689968,0.245180787336374,1716,1716,0.00220048783431175,0.0114136334690315
0.652680791994747,0.244170077049675,1717,1717,0.00514021770476446,0.0165448443218948
0.651747836350155,0.243580804113828,1718,1718,0.00110347126274224,0.0158045816561799
0.655500277810073,0.244268625204368,1719,1719,0.00381495933958719,0.0192706014507519
0.656471785506879,0.241146238117746,1720,1720,0.00327003491168783,0.0210559240190207
0.658177396737455,0.24279796902439,1721,1721,0.0023743050894588,0.022210106917028
0.655890067352203,0.242012049026764,1722,1722,0.00241858346130659,0.0202267645673312
0.65449213418403,0.243167552911434,1724,1724,0.00181367206797861,0.0185539140500703
0.656484993473942,0.244314613729386,1725,1725,0.00229939919750123,0.0202265146825371
0.661476019665367,0.238890516747167,1726,1726,0.00737096808540152,0.0265307659482787
0.66590974643347,0.239461144027905,1727,1727,0.00447029624831688,0.0305527097892427
0.661135163469974,0.241130442589188,1728,1728,0.00505798380404757,0.0255010527465729
0.664926508133083,0.240453258459919,1729,1729,0.00385134686822914,0.029334024937061
0.662589440099641,0.239211313989616,1730,1730,0.0026465662773209,0.0274690742092469
0.661113622126748,0.241548746439916,1731,1731,0.00276434967918852,0.0253672123974037
0.662839007983738,0.238375071471,1732,1732,0.0036123633764926,0.0279879583840551
0.663937319997811,0.239673207714558,1733,1733,0.00170042553118214,0.0286045275118121
0.663913937101364,0.238878496808311,1734,1734,0.00079505483103631,0.0288297313161831
0.665780530803778,0.23841219084788,1735,1735,0.00192395771747323,0.0307471697019175
0.663695327162765,0.237352102917694,1736,1736,0.00233920085589495,0.0291566927797326
0.664337607107228,0.240119340304539,1737,1737,0.0028407967689034,0.0288584501505048
0.658241503033804,0.241084808373223,1738,1738,0.00617208339749755,0.0227498397414337
0.662163676358829,0.241372975539545,1739,1739,0.00393274508546938,0.026426758826558
0.654441468957086,0.24262201519248,1740,1740,0.00782256909270468,0.0186613933916141
0.654045800949199,0.243950812817707,1741,1741,0.00138645457959293,0.0179224350687487
0.652393601919666,0.242989278748907,1742,1742,0.00191162480593152,0.0165997084495556
0.65333907841505,0.244199205367611,1743,1743,0.00153552864706984,0.017177057209395
0.649858025054508,0.244104529393062,1744,1744,0.0034823405978017,0.0138443795121545
0.651800919191027,0.24505128346503,1745,1745,0.00216129148855681,0.0154893682019242
0.652342183819536,0.244160412783229,1746,1746,0.00104240969381887,0.0162191452077554
0.654319264184515,0.24440353698742,1747,1747,0.00199197292859342,0.0180873322699076
0.657563552034868,0.24189232605294,1748,1748,0.00410263135236401,0.0218599459497502
0.656422638421283,0.244896904232814,1749,1749,0.00321390322079532,0.0200607993206196
0.653037768596036,0.244004462222023,1750,1750,0.00350054231177003,0.0169316435213502
0.653269898979711,0.246025095679011,1751,1751,0.00203392332267578,0.0167752451559965
0.650294036053515,0.24566538750377,1752,1752,0.00299752399937733,0.0138918860065035
0.650318404031909,0.246553120280333,1753,1753,0.00088806716016033,0.0137807546628822
0.651533674702326,0.243970214864345,1754,1754,0.00285451978278589,0.0154887113152453
0.649180680770873,0.245730267358519,1755,1755,0.00293842904009999,0.0127863248286492
0.653301505379127,0.243805093391317,1756,1756,0.00454835027850584,0.0172371575111041
0.650245252337888,0.245420795332897,1757,1757,0.00345704721056976,0.0138910885405997
0.652719680057582,0.244128621785524,1758,1758,0.00279150586897475,0.0165927186756661
0.656861236293227,0.243282539399947,1759,1759,0.00422709633864595,0.0208160287881438
0.654136723880869,0.243216316697484,1760,1760,0.00272531710657945,0.0181987145302441
0.658848941906844,0.242245838260953,1761,1761,0.00481111495602582,0.0229990650598825
0.657511646942426,0.240463996408447,1762,1762,0.0022278505805371,0.0222664306636473
0.659631573523668,0.241221567192789,1763,1763,0.00225122237976275,0.0240336263922755
0.656923942386089,0.24100062061826,1764,1764,0.00271663095873978,0.0215307292019974
0.656588626420869,0.24225297144259,1765,1765,0.00129646418528683,0.0208224703557994
0.657598861263633,0.240437043689404,1766,1766,0.00207802022182786,0.0223575728080209
0.66146232449359,0.240728616872349,1767,1767,0.00387445003197132,0.025928665731641
0.657121181402874,0.241481626915264,1768,1768,0.0044059672557569,0.0215616085475727
0.65398448323304,0.243559252632293,1769,1769,0.00376236681208784,0.0179604168082911
0.65525319751994,0.241375784408714,1770,1770,0.00252530580824649,0.0198319498670437
0.658420481751278,0.241546177819872,1771,1771,0.00317186432822213,0.0227805260315375
0.65835849546697,0.239799895099223,1772,1772,0.00174738251103746,0.0232938190154118
0.659104772833255,0.240521813317098,1773,1773,0.00103831393168397,0.0237475527144683
0.66057610872308,0.238870182935396,1774,1774,0.0022119476075279,0.0256976222358589
0.665147826345125,0.238401409783662,1775,1775,0.0045956882274044,0.030151676219409
0.661392827529884,0.239163752375964,1776,1776,0.00383160310190121,0.0263578096571999
0.662833879582785,0.240234032672017,1777,1777,0.00179502950708039,0.0273847225990468
0.659280306851881,0.239933786965416,1778,1778,0.0035662342377018,0.0241093233333337
0.661142872892246,0.240044393204188,1779,1779,0.00186584725923009,0.0258312343125637
0.661751017592435,0.237736075360861,1780,1780,0.00238708425536045,0.0272118204888314
0.665159074910459,0.238123343981826,1781,1781,0.00342999003901189,0.0302539403945468
0.660808582036455,0.239190446105025,1782,1782,0.00447945255450882,0.0258005342229597
0.6615192146489,0.24059256093854,1783,1783,0.00157191752844518,0.0260226724112798
0.659046405565656,0.239231838277579,1784,1784,0.00282247248387417,0.0241421438387486
0.655702165546975,0.241789402926023,1785,1785,0.00421011617814968,0.0201180230571676
0.652733793507428,0.24207504288728,1786,1786,0.0029820836260292,0.0172272848310609
0.657417071048091,0.24120930266503,1787,1787,0.00476262476532636,0.0219283860302197
0.654442835235244,0.241039307423391,1788,1788,0.0029790899705449,0.0191966197150767
0.655845978401574,0.242573218644554,1789,1789,0.00207886853351245,0.0200194342358428
0.657590089555833,0.240149959072585,1790,1790,0.00298565079531248,0.0224508927473034
0.657772924474028,0.240992757005791,1791,1791,0.000862401857330864,0.0223349664458762
0.655850191340975,0.241158168021807,1792,1792,0.00192983509791882,0.0204673677063287
0.659082480499534,0.240536198980224,1793,1793,0.00329158604524107,0.023721802651781
0.661753719585451,0.238950687283148,1794,1794,0.00310634280073782,0.0267700351239314
0.657693949608608,0.242053511929226,1795,1795,0.00510972142579072,0.0219389755766292
0.656745074009586,0.240432879803816,1796,1796,0.00187798120020684,0.0215606884253877
0.655327039548819,0.242970584773531,1797,1797,0.0029070205099447,0.0194109481722233
0.656281325037645,0.240857014595534,1798,1798,0.00231901696662665,0.0209763368622259
0.656486703313261,0.241727499922378,1799,1799,0.000894385230393307,0.0208821065439471
0.65702000542347,0.239703798959875,1800,1800,0.00209279161083682,0.0220879191381683
0.656651987972513,0.240831097185527,1801,1801,0.00118584911930948,0.0213327928693156
0.654432862763462,0.240696570142924,1802,1802,0.0022231990955911,0.0193181903386857
0.654171051469481,0.243047656387233,1803,1803,0.00236561866788267,0.0182786997092643
0.649032932839141,0.243661658056931,1804,1804,0.00517467497625103,0.0132049663123205
0.650150188355432,0.244545104191472,1805,1805,0.00142433737622735,0.0140016994354465
0.646845385172689,0.244677272769416,1806,1806,0.00330744502745918,0.0108031822406417
0.649504823063171,0.244943056992579,1807,1807,0.00267268612946116,0.0132763047927188
0.64932881884068,0.242706846803428,1808,1808,0.0022431258316014,0.0138348539042381
0.65138544355939,0.243202529298021,1809,1809,0.00211551562723007,0.0155761128194903
0.649113611608755,0.24279173203475,1810,1810,0.00230867381919508,0.0136036459718073
0.649900816675113,0.242115938125513,1812,1812,0.00103749179479238,0.0145982450806757
0.64863982907487,0.244507171967276,1813,1813,0.00270334774195986,0.0125615867864072
0.652098550598968,0.241709604783627,1814,1814,0.00444849825539916,0.0167736739511648
0.65269275338332,0.243765105486177,1815,1815,0.00213966354530688,0.0166600480428518
0.652371730915888,0.241898405780492,1816,1816,0.00189410221894191,0.0169545330858987
0.654376030384477,0.242155076199621,1817,1817,0.00202066723233743,0.0187447194251228
0.648520739862504,0.242768666152922,1818,1818,0.00588735252278123,0.0130716899967589
0.653809569177211,0.24282130016393,1819,1819,0.00528909121297966,0.017998814074735
0.651642811425263,0.241440123597607,1820,1820,0.00256953066978902,0.0164636528507784
0.655362009810817,0.241675241007052,1821,1821,0.00372662271062308,0.0198333498747497
0.651160224169854,0.241275919729388,1822,1822,0.00422071795496912,0.0160951943086837
0.652472505859229,0.242793949941952,1823,1823,0.00200661380403058,0.0167368773104747
0.648162210358237,0.241640844677872,1824,1824,0.00446187169872927,0.013267920997274
0.650762049321506,0.242992643580604,1825,1825,0.00293027693373161,0.0150587605498863
0.644859388178489,0.244117861808453,1826,1826,0.00600895370506108,0.00918605656585308
0.643732253025762,0.245279136347891,1827,1827,0.00161833006783532,0.00767795168893397
0.639270275795653,0.244990222039783,1828,1828,0.00447132108883277,0.00416363265707396
0.64115495625208,0.245853456280354,1829,1829,0.00207296738443517,0.00509738648527455
0.639726683974078,0.244847305796088,1830,1830,0.00174708342591239,0.00457046679136308
0.639168017506234,0.247359159982127,1831,1831,0.00257323136818574,0.00267095725453697
0.639186187898182,0.245646805380604,1832,1832,0.00171245100499273,0.00361866021059681
0.640661351884606,0.24659424877444,1833,1833,0.00175321355555045,0.00433772825339999
0.643275119052789,0.244459052613434,1834,1834,0.00337503206732112,0.00762657258088375
0.645060511392677,0.244988229703982,1835,1835,0.00186216384899165,0.00901963256841268
0.643782198957486,0.244065336480879,1836,1836,0.00157664662597973,0.00826233630168126
0.644336629372564,0.245308895462885,1837,1837,0.00136155500325596,0.00822903223109942
0.645454735102615,0.243231307904887,1838,1838,0.00235934958934046,0.0101281841994904
0.646193960043158,0.245144014948441,1839,1839,0.00205058570832383,0.0100373771374595
0.646053707214985,0.243455727639372,1840,1840,0.00169410297614223,0.0105505044650407
0.641379525046646,0.246807402855873,1841,1841,0.0057516698183854,0.00494609302370415
0.643478701770758,0.244055177493497,1842,1842,0.00346139962505914,0.00800665468174778
0.642184928449012,0.246803542996304,1843,1843,0.0030376573778294,0.00572367227791667
0.645138359556328,0.243074614596802,1844,1844,0.0047568542456412,0.00993420991730722
0.643018687594946,0.246497850405636,1845,1845,0.00402635724032936,0.00660771006517545
0.643760457587669,0.244079726970963,1846,1846,0.00252933660619123,0.00823630825975092
0.642545708804372,0.246652940688211,1847,1847,0.00284553043230164,0.00611072978640796
0.643087912430824,0.244527219354474,1848,1848,0.00219378120177066,0.00743015204483006
0.643091572208229,0.246391382595968,1849,1849,0.0018641668339792,0.00670630285303299
0.644473511568875,0.244040176824674,1850,1850,0.00272725594242068,0.00887867196248261
0.64392377363579,0.24609296919889,1851,1851,0.002125127837734,0.0075885487071833
0.643694378848314,0.243931373610455,1852,1852,0.00217373352931376,0.0082552611615118
0.641646361399778,0.246856690004161,1853,1853,0.00357097346290797,0.00518929342189078
0.64070810710364,0.245006158957484,1854,1854,0.00207479788869588,0.00518352900266744
0.641345373561304,0.247020524769805,1855,1855,0.0021127655250669,0.00485653742721738
0.639457434376993,0.245406124838218,1856,1856,0.00248406954467165,0.00398061863291097
0.640120809504322,0.247117128610201,1857,1857,0.00183510230431409,0.0036518227239584
0.640942577315355,0.244193056996169,1858,1858,0.00303735034845135,0.00589188099001872
0.641590767998892,0.246094695295865,1859,1859,0.00200907426072182,0.00538777037888756
0.641651152723732,0.244330238452563,1860,1860,0.00176548980933601,0.00634278484728813
0.641485888993339,0.246333341441987,1861,1861,0.00200990887525351,0.00520043123001187
0.642920473219081,0.243711541821795,1862,1862,0.00298862261739193,0.007730414974013
0.643578713212756,0.245528783605047,1863,1863,0.00193278234368752,0.0074425692348421
0.643527341415125,0.243771782664284,1864,1864,0.00175775179346628,0.00819836769382786
0.642816821215907,0.245995692065212,1865,1865,0.00233465457338611,0.00656543414727755
0.644367266914542,0.243358622984059,1866,1866,0.00305908731539147,0.00912877729875743
0.644720138255826,0.245106601344418,1867,1867,0.00178324045820603,0.00865944817811688
0.644225378411868,0.243666807900388,1868,1868,0.00152242978973255,0.00884658921236639
0.645258721721477,0.244384596947659,1869,1869,0.00125818103303775,0.00943363941371788
0.645323964007958,0.242534692305291,1870,1870,0.00185105476466793,0.010378931910865
0.644908644320168,0.244977244433731,1871,1871,0.00247761000627877,0.00888199323701501
0.644572850297535,0.243151093931411,1872,1872,0.0018567668897198,0.00941350488468649
0.643889245046739,0.2456030886672,1873,1873,0.00254550472858584,0.00770744644284599
0.644548406583607,0.243459237296656,1874,1874,0.00224289826578684,0.00923038261845583
0.643733462380054,0.245803913096857,1875,1875,0.00248226482530629,0.0074940330456283
0.643327440738353,0.243806519384632,1876,1876,0.00203824316880141,0.00801195376563343
0.643623641394639,0.24584964243929,1877,1877,0.00206448217363564,0.00737534109362647
0.643412239548274,0.244163281563012,1878,1878,0.00169955986822695,0.00789390022472979
0.644176583462586,0.246172978066967,1879,1879,0.0021501399157624,0.00781026247935138
0.645807106526614,0.243720045120188,1880,1880,0.00294541771294348,0.0102119269171037
0.645108653590775,0.246046752950079,1881,1881,0.00242928092843505,0.00874374047959011
0.64454143344091,0.244069149579297,1882,1882,0.00205734143752104,0.0089251676031712
0.64410848187865,0.245687305012542,1883,1883,0.00167507434503773,0.00788663411529263
0.643220382918074,0.243505520938644,1884,1884,0.00235561064458688,0.00809419893356511
0.644389324309294,0.245501309257911,1885,1885,0.00231291914934997,0.00821274280172523
0.643125545110735,0.244041494592785,1886,1886,0.00193085388344823,0.00771452628438551
0.641545989905237,0.247216937625547,1887,1887,0.00354660867612041,0.00500834736827807
0.642675701655945,0.243933657447583,1888,1888,0.00347220065184877,0.00740215933718469
0.643234326071379,0.246571787535713,1889,1889,0.00269662596579795,0.00679789054824836
0.642835316086304,0.244805011311027,1890,1890,0.00181127225902272,0.00707390731657376
0.644361853885848,0.245808424205063,1891,1891,0.00182678818951581,0.00809015461318003
0.643836205162415,0.243995973038148,1892,1892,0.00188713693538605,0.00834394572956003
0.642604003738202,0.24599328529683,1893,1893,0.00234682266234882,0.00636640910819647
0.642312245535776,0.244526405358346,1894,1894,0.00149561345360682,0.00676827114155466
0.64292546961089,0.246694909958838,1895,1895,0.0022535429813195,0.00646857582776919
0.643710735661757,0.243866006927385,1896,1896,0.00293587042152887,0.00830330762893843
0.644629966320342,0.245691711542977,1897,1897,0.00204406026013828,0.00838091435383017
0.643837990713386,0.244357064553849,1898,1898,0.00155193683750394,0.00816881287482092
0.643354921036113,0.246190234149905,1899,1899,0.00189574974113271,0.00701551361736837
0.641709940863677,0.244973857610506,1900,1900,0.00204585719279421,0.00601958523328135
0.64226267066481,0.246814937044452,1901,1901,0.00192226005398839,0.0057962743048795
0.643715444287803,0.244071513135873,1902,1902,0.00310433985604463,0.00820156398861845
0.643567289164301,0.246178796145247,1903,1903,0.00211248470342775,0.00722231001168522
0.642243564049735,0.244416910282417,1904,1904,0.00220374453432623,0.00677162672469774
0.642642438957932,0.24706652275733,1905,1905,0.00267946775677628,0.0061131743836215
0.641443509507096,0.244550106313434,1906,1906,0.00278743314667672,0.00604414659787386
0.640752921536305,0.247429262623597,1907,1907,0.00296081961688866,0.00418915376267173
0.64029868339761,0.244917591009037,1908,1908,0.00255241583329039,0.00492754071268239
0.642048766262196,0.246639336151155,1909,1909,0.00245503490144731,0.0056355588294866
0.641530836705268,0.244847149928231,1910,1910,0.00186552472070947,0.00594042255782303
0.643614844630868,0.246229851449926,1911,1911,0.00250099031026941,0.00725379673747171
0.642240557387719,0.24412116605288,1912,1912,0.00251698619988216,0.00693946200527588
0.645216183829659,0.245380505931642,1913,1913,0.00323114370652443,0.00903444998886487
0.644458621805546,0.243484254478877,1914,1914,0.00204197693240925,0.00914058134431025
0.647432201990074,0.244392598929987,1915,1915,0.00310922317559865,0.011451133654161
0.646065703912011,0.242619503244913,1916,1916,0.0022385676906848,0.010963606943558
0.648711438979315,0.243964571432329,1917,1917,0.00296801658943491,0.0127998927958518
0.646827937285403,0.242289629018707,1918,1918,0.00252051794675608,0.011787905902533
0.649439063188128,0.243168183786313,1919,1919,0.00275496587266793,0.013760182070989
0.647196933954058,0.24417525240183,1921,1921,0.0024579118573763,0.011305504149268
0.645726853450159,0.242361552649553,1922,1922,0.00233466132005339,0.0108111362385465
0.647753558329664,0.244186367717453,1923,1923,0.00272717485699837,0.0118232314382353
0.645960455215684,0.242291981153868,1924,1924,0.00260843233181465,0.0110454022070448
0.646653473658988,0.244404349788261,1925,1925,0.00222314547664493,0.0107160760251596
0.644272882410438,0.243107357372761,1926,1926,0.00271097842457979,0.00918634331265736
0.644310413642863,0.246072387491903,1927,1927,0.00296526764404606,0.00796599178340938
0.644680959990343,0.242980750069997,1928,1928,0.00311376404760545,0.00959667096468801
0.644357733776184,0.246039313796049,1929,1929,0.0030755954304558,0.00802049054870604
0.645059547680263,0.242413831390198,1930,1930,0.0036927855923535,0.0102267772366457
0.647403493147251,0.244324505330536,1931,1931,0.00302402963915707,0.0114470494008352
0.645329116985365,0.242789277011531,1932,1932,0.00258069030541749,0.0102461484513158
0.646330233446243,0.244947957898586,1933,1933,0.00237952460386049,0.0102281505240648
0.64588410943861,0.242344575985844,1934,1934,0.00264132997063577,0.0109527578725157
0.646240614969467,0.244542615349948,1935,1935,0.00222676295094077,0.0102810531562088
0.64545049843181,0.242769891028614,1936,1936,0.00194083375447984,0.0103594823299897
0.647349103914403,0.24405876401406,1937,1937,0.00229475409382896,0.0114893888225596
0.646682005378193,0.241985178500482,1938,1938,0.00217825098166718,0.0118196302362211
0.644853281886865,0.245762981511585,1939,1939,0.00419714488651912,0.00857345110422815
0.64405192776663,0.242583553071708,1940,1940,0.00327886163634822,0.00931078800904939
0.645666074139658,0.245529564199499,1941,1941,0.00335923355523666,0.00941905264401774
0.644719940468389,0.242619199323443,1942,1942,0.00306029290031029,0.00983063291315297
0.647253322679868,0.244266665875551,1943,1943,0.0030219482903837,0.0113259819697366
0.641843374441754,0.24328569980868,1944,1944,0.00549816645468518,0.0071697159896761
0.645293187710854,0.244709208209986,1945,1945,0.0037319683493094,0.0093384444759531
0.641702211488416,0.243162094250129,1946,1946,0.00391007312398367,0.0071546833995983
0.644379576806825,0.245195958977879,1947,1947,0.0033622746436014,0.0083096068586945
0.642222304821739,0.243011149029404,1948,1948,0.00307037732674538,0.00763386949024588
0.642197341057213,0.245795189029552,1949,1949,0.00278415191969896,0.00606338595640273
0.642413361443701,0.24335285465573,1950,1950,0.0024518690831549,0.00755019781798676
0.643862018352407,0.245046489270235,1951,1951,0.00222867786963283,0.00788858236343886
0.642567350289818,0.242908692077652,1952,1952,0.00249926833871506,0.00795773643400669
0.642339392336985,0.245689357024378,1953,1953,0.00278999325701882,0.00623601213680688
0.641746744528353,0.243407084773233,1954,1954,0.00235796481174397,0.0070161192323559
0.641712642999397,0.246013603919349,1955,1955,0.00260674221459401,0.00553179560946824
0.643354110113025,0.242760495288095,1956,1956,0.0036437796382138,0.00865268965306739
0.643863328850857,0.24509169950389,1957,1957,0.00238617200107191,0.00787172618261883
0.642855368040275,0.243127273588195,1958,1958,0.00220792983899472,0.00803437534127166
0.64393309895173,0.245167710009105,1959,1959,0.00230757117014443,0.00790619023247901
0.643083141137547,0.243050333958494,1960,1960,0.00228160242496182,0.00825979608470936
0.645098003283642,0.244677108432305,1961,1961,0.00258960704671756,0.00917018461972578
0.64455333289154,0.24246384443435,1962,1962,0.00227929887480255,0.00978465616824549
0.64448077213793,0.245221443156957,1963,1963,0.00275855320374432,0.0083948342440401
0.644900487774829,0.242377608359846,1964,1964,0.00287464042431689,0.0101170666375534
0.644914285871584,0.244450793882425,1965,1965,0.00207323143872197,0.00909235702417425
0.643571544469586,0.242703338418841,1966,1966,0.00220375930397333,0.00885797558406242
0.645495337872362,0.244855432285975,1967,1967,0.00288660511146232,0.00947323643397119
0.642471076471477,0.243657593261698,1968,1968,0.00325284111953897,0.00740297116909616
0.644935061903394,0.244518797218018,1969,1969,0.00261015257467455,0.00908337633601558
0.643339944367518,0.242960660846927,1970,1970,0.00222984055577432,0.00851673736859732
0.643503668684726,0.245020965188502,1971,1971,0.00206679936906272,0.00757254696391534
0.643289173396799,0.242680034972701,1972,1972,0.00235073658749614,0.0086536424575115
0.643045432858576,0.245330292008097,1973,1973,0.00266144167767008,0.00702711622814148
0.642128721443567,0.243173649492833,1974,1974,0.00234338788019652,0.00745481399442954
0.641133702548521,0.245562324108505,1975,1975,0.00258763000080277,0.00522039371964494
0.641405267054639,0.24353916576765,1976,1976,0.0020413027588171,0.00667837884890885
0.643831973185305,0.244979718388968,1977,1977,0.00282207273106109,0.00788824173745736
0.64336063444785,0.242384580900406,1978,1978,0.00263759337085263,0.00889944008332216
0.644978782993244,0.244074382336433,1979,1979,0.00233962253540174,0.00931231881848286
0.642946819518802,0.242345736544078,1980,1980,0.00266778781706736,0.00861756050476375
0.644991160043255,0.244396331067484,1981,1981,0.00289555971779957,0.00918490176479791
0.64341810271606,0.242237365855496,1982,1982,0.00267126190052869,0.00903962066245045
0.645456156677334,0.244208223025438,1983,1983,0.00283512644045665,0.00968603385530322
0.644080509777841,0.242456048254858,1984,1984,0.00222767161375767,0.00941106263147372
0.644910276942139,0.244923096799122,1985,1985,0.00260285267863976,0.00890340064631147
0.641654683991186,0.243251157284612,1986,1986,0.00365981791930622,0.00705818798924102
0.644493496966114,0.245177663090418,1987,1987,0.00343078471000791,0.00842241990080621
0.639977939870202,0.244537560240666,1988,1988,0.00456070033489396,0.00496863587548182
0.642645598645464,0.246491297883025,1989,1989,0.0033065834506939,0.00625002175341178
0.642397195538245,0.243652144090909,1990,1990,0.00284999971209873,0.00734828615852544
0.644101112934881,0.24581277329355,1991,1991,0.00275166368691087,0.0078402821364807
0.642698792967283,0.243389342294404,1992,1992,0.00279991412353053,0.00774790728616291
0.645638965592051,0.245295963052541,1993,1993,0.00350425709370673,0.00946254532295254
0.643333463303945,0.243898574593324,1994,1994,0.00269592939566578,0.00796671534176619
0.645268082768888,0.246339374939953,1995,1995,0.00311452384904026,0.00883147761140248
0.644027619542171,0.243375250253437,1996,1996,0.00321322021872929,0.00883393978377862
0.646002831632216,0.244576059729524,1997,1997,0.00231158088729769,0.0100471628113196
0.646104555717392,0.242171014416399,1998,1998,0.00240719561890793,0.0112319312414202
0.650255526155832,0.242899067826592,1999,1999,0.00421433474570979,0.0146185276352599
0.650216463310132,0.242334179209398,2001,2001,0.000566237631873346,0.0147974891845812
0.648899952189894,0.241533846827437,2002,2002,0.0015406925232913,0.0139643756981959
0.648937441307242,0.243438661330078,2003,2003,0.00190518338313952,0.0131944793176077
0.649739688076566,0.242838515157354,2005,2005,0.00100188587549987,0.0141621546995072
0.649955861301652,0.24081900474333,2006,2006,0.00203104731003376,0.0152341070956562
0.648493613233054,0.243265325399668,2007,2007,0.00285002704684436,0.0128475817952432
0.649834091374168,0.240792036206696,2008,2008,0.00281319055146938,0.0151409790098223
0.650082017046223,0.242999092728308,2009,2009,0.00222093800644096,0.0144205517993369
0.64656236644846,0.242124937177072,2010,2010,0.0036265807943696,0.0116444201900366
0.648473730379299,0.243780815037139,2011,2011,0.00252888188011469,0.0126392426221298
0.646635937378557,0.242072265872166,2012,2012,0.00250930734719891,0.0117346769504272
0.650195792176933,0.242260359601494,2013,2013,0.00356482053356597,0.0148080613936132
0.648567059005045,0.241343210682346,2014,2014,0.00186920675290426,0.013767182216308
0.649380268173704,0.243257009795432,2015,2015,0.00207940765537685,0.0136730347005024
0.650302771148505,0.241532154149795,2016,2016,0.00195605182364949,0.0152116982509905
0.654556758880894,0.242238865079283,2017,2017,0.0043122908024824,0.018889145304595
0.650420153638446,0.240685131243388,2018,2018,0.00441877717979238,0.0157053671472897
0.652006907083712,0.243327820802584,2019,2019,0.00308246566928931,0.0161273143099776
0.652543443519384,0.240618605855211,2020,2020,0.00276183217771697,0.0176266467670749
0.650649628388257,0.243244572804933,2021,2021,0.00323762847960011,0.0148672353509716
0.650530057314858,0.24129448595965,2022,2022,0.00195374920236442,0.0155207177843869
0.651539110559132,0.243572314161605,2023,2023,0.00249132289505023,0.0156076808089347
0.651414818682617,0.240406912992123,2024,2024,0.00316784043700525,0.0167132435090738
0.653929934913365,0.242745868308276,2025,2025,0.00343460647311053,0.0181362915206332
0.65067029975924,0.244178714929588,2027,2027,0.00356065594774521,0.0146012996840255
0.653074024139854,0.240238738263594,2028,2028,0.00461533390195509,0.0182695022779745
0.65560813144139,0.24128047246063,2029,2029,0.00273987407611589,0.0201980035726421
0.652690723062077,0.240228682640437,2030,2030,0.00310121483898604,0.0179299358769955
0.652932516757542,0.24176337071703,2031,2031,0.00155361889908798,0.0175254470308665
0.65225083385151,0.240022424334656,2032,2032,0.00186964860085457,0.0176321096347283
0.656341893777162,0.240885783295993,2033,2033,0.00418116730248828,0.0210230171406507
0.655961455427601,0.238801549775467,2034,2034,0.00211867003233182,0.0214946994126548
0.657462219031589,0.239618703755869,2035,2035,0.00170881011898392,0.0225289544880248
0.659493097592589,0.238172329677864,2037,2037,0.00249328412000205,0.0249644323390948
0.65733835499829,0.236971069513309,2038,2038,0.00246697013168649,0.0235573407247853
0.658409108833805,0.239195377056736,2039,2039,0.00246861455557896,0.0235657524218704
0.655532207570446,0.237769983165005,2040,2040,0.00321065548224983,0.0215894907505815
0.656836644688019,0.24013500325107,2041,2041,0.00270090284926969,0.0217549971659443
0.654897765570487,0.239026620478156,2042,2042,0.00223333038390968,0.0204415915342723
0.656381012320744,0.240443451838064,2043,2043,0.00205120258008973,0.0212177102366399
0.655404112682189,0.238592038381769,2044,2044,0.00209333816903982,0.0210898697305059
0.659522398167963,0.239347464666403,2045,2045,0.00418699704010553,0.0245425628434893
0.657428497025237,0.238226315797569,2046,2046,0.00237516247477873,0.0230658248084634
0.656382519288372,0.242354742568665,2047,2047,0.00425887039369822,0.0205958856935657
0.652754130241793,0.241622878359069,2048,2048,0.0037014635341473,0.0174124322587105
0.655710726485318,0.241737566701658,2049,2049,0.00295881982607126,0.0201427489729321
0.656652142078337,0.236818640774319,2050,2050,0.00500820283109891,0.0230317509234885
0.658393223760352,0.239203335371048,2051,2051,0.00295264859797382,0.0235480308751693
0.657183969166636,0.23745730970748,2052,2052,0.00212388848348055,0.0231922618959975
0.657543910095029,0.240060892260962,2053,2053,0.00262834540818521,0.0224400201672598
0.656483215604816,0.237785031227829,2054,2054,0.0025108994889683,0.022419470543223
0.657849774156104,0.23976156544491,2055,2055,0.00240295022532517,0.0228343719898975
0.654805094403833,0.239177612819366,2056,2056,0.00310017345688407,0.0202911459750618
0.656655058961094,0.239802338153695,2057,2057,0.00195260098496189,0.0217132449991313
0.653906848006733,0.238885232061283,2058,2058,0.00289719640936004,0.0196283528686062
0.655013773144279,0.240675739484994,2059,2059,0.00210504158973054,0.0198624677536236
0.652156396482667,0.239954664147496,2060,2060,0.00294695623121091,0.0175802866018302
0.656443438031622,0.241225722655386,2061,2061,0.00447150030447789,0.0210026342699716
0.654628639225562,0.239990955111974,2062,2062,0.00219502746970063,0.0197815210398484
0.655534583853989,0.241380163231811,2063,2063,0.0016585038046374,0.0200948107166572
0.653289400963291,0.240103701257974,2064,2064,0.00258267330170402,0.0185222469740153
0.655950774678574,0.241307198918772,2065,2065,0.0029208417745481,0.020511128872201
0.65404517284159,0.23950059279901,2066,2066,0.00262586062712364,0.0194669747823476
0.655095835944815,0.241093041434918,2067,2067,0.00190782221773508,0.0197843571440569
0.654848167122593,0.240004230451588,2068,2068,0.00111662402039401,0.0199759170742023
0.657315393790103,0.241442049993546,2069,2069,0.00285561420085219,0.0217584778415012
0.653996092001025,0.240245465341581,2070,2070,0.00352839612236126,0.0191004485960571
0.657811077091986,0.240944634913139,2071,2071,0.00387852411801801,0.0223866571554439
0.651253813669457,0.241106630561573,2072,2072,0.00655926414947202,0.0162530249343219
0.656450032316418,0.240163917245444,2073,2073,0.00528104124424641,0.0213856281885835
0.656204926933153,0.238879809796905,2074,2074,0.00130729055236346,0.0216800159901261
0.657538180324332,0.239809515175995,2075,2075,0.00162539739663845,0.0225272822633938
0.654371472108867,0.239455455795881,2076,2076,0.00318643985766872,0.0197792332270523
0.65296418294399,0.24244610850988,2077,2077,0.00330521806380909,0.0173155631853425
0.653856231848948,0.240262318675547,2078,2078,0.00235895936577403,0.0189663651509855
0.655112114306731,0.242017724699324,2079,2079,0.00215840011491835,0.0194859705348863
0.655179745097563,0.240159441129636,2080,2080,0.0018595138475529,0.0202162788423131
0.657488329078416,0.241986094972483,2081,2081,0.00294384514848161,0.0217609181046104
0.655979661912595,0.240944541030375,2082,2082,0.00183327881991449,0.0206631550727292
0.657483698295466,0.241803494552781,2083,2083,0.00173202961714093,0.0218094745806192
0.654084857860776,0.241072963626334,2084,2084,0.00347646253179575,0.0188522998459435
0.655389648907815,0.242806305895534,2085,2085,0.0021695518197611,0.0195161364390739
0.654286871092772,0.241113554128473,2086,2086,0.00202027905355656,0.0190242101145305
0.657999644465253,0.241551636784844,2087,2087,0.00373852946079308,0.0223768464622129
0.656470938002802,0.240549728992975,2088,2088,0.00182777533404615,0.0212628582276576
0.657850344791545,0.241640688597892,2089,2089,0.00175868017228576,0.02220783610189
0.656819064895544,0.241146349815379,2090,2090,0.00114363851622459,0.0213833207171541
0.656974931317632,0.242526481345062,2091,2091,0.00138890510142329,0.0211175484872061
0.653516589964004,0.241665895232158,2092,2092,0.00356380882988085,0.0181048029647662
0.657644945089817,0.241981228199909,2093,2093,0.00414038052905492,0.0219124078016947
0.656123304180436,0.240383626820605,2094,2094,0.00220629128273125,0.0210003717021268
0.656796140890435,0.241886106746557,2095,2095,0.00164625489102117,0.0211283810411256
0.65814652975686,0.239705223670048,2096,2096,0.00256511229461167,0.0231309684430305
0.658695054576033,0.242004069011196,2097,2097,0.00236338092142729,0.0229148500293623
0.656170590612269,0.24058844988381,2098,2098,0.00289428675465369,0.020968877422704
0.657988960438954,0.242240430510395,2099,2099,0.00245672725739158,0.0221711496172282
0.653435236263336,0.240727671657273,2100,2100,0.00479842090851849,0.0183906634926417
0.65761009332572,0.241551137698387,2101,2101,0.00425529409232843,0.0220054328327335
0.654814205366645,0.240232685767345,2102,2102,0.0030911656335707,0.0198519884795647
0.65397268103666,0.243779342251476,2103,2103,0.00364512488323586,0.0178931737405686
0.654895762865674,0.240905573505167,2104,2104,0.00301838149847202,0.0196667523378479
0.655824281609987,0.242943924386737,2105,2105,0.00223987083889625,0.0198971890758887
0.653997910472134,0.240843748891247,2106,2106,0.00278322989439234,0.018860283345527
0.656783000508944,0.242079287892214,2107,2107,0.00304684806579671,0.0210587363417107
0.656419188677658,0.24000391322868,2108,2108,0.00210702136738632,0.0214178996200935
0.656805494093116,0.242102619373682,2109,2109,0.00213396329796958,0.0210734736673943
0.655682768563227,0.240215218933667,2110,2110,0.0021960858445045,0.0206569289324833
0.658737300938144,0.240652061483295,2111,2111,0.00308561168045837,0.0233577031934675
0.654008165999727,0.240972494434209,2112,2112,0.00473997832714324,0.0188197928386604
0.658373212492419,0.241601163406755,2113,2113,0.00441008566361296,0.0227192612528836
0.653491314838383,0.241224796841615,2114,2114,0.00489638402250453,0.0182456805116504
0.655801170631816,0.242544026826197,2115,2115,0.00266003788294007,0.0199847138572917
0.652070530267666,0.240807222544262,2116,2116,0.00411511441400752,0.0171186536646406
0.656740825312736,0.241578274385438,2117,2117,0.00473351631979718,0.0211701123413184
0.656690580474666,0.240177012204473,2118,2118,0.0014021627022409,0.0216037850611399
0.659732547249345,0.241482950244103,2119,2119,0.00331044347808627,0.0240557766692519
0.658515286165327,0.238965297828354,2120,2120,0.00279647961429932,0.0237525402961817
0.659798508400078,0.241796995498973,2121,2121,0.00310888581352687,0.0240333246807628
0.658076483102541,0.239477954016579,2122,2122,0.00288848135227176,0.0231506769382076
0.660492167885053,0.24206236871792,2123,2123,0.00353761675665524,0.0246348447509257
0.658898617610642,0.23980130391711,2124,2124,0.00276619169808199,0.0237977524466395
0.661462149966475,0.241515965831886,2125,2125,0.00308411472247489,0.0257121711503619
0.660833953403137,0.238949911302218,2126,2126,0.00264183019352483,0.0259093555743537
0.663081515938405,0.240945775255498,2127,2127,0.00300582938137597,0.0274244754822882
0.662810457176331,0.238584700184807,2128,2128,0.00237658333368212,0.0278881402960631
0.663227130571905,0.24116741373876,2129,2129,0.00261610894657534,0.0275072758945982
0.659185357334318,0.240309163924095,2130,2130,0.00413189104992452,0.023893334053548
0.660916487289156,0.241163586585977,2131,2131,0.0019305048577185,0.0252817952859366
0.657893814591163,0.24058720840482,2132,2132,0.00307713536376055,0.0225831553862689
0.662192638789113,0.241248384484335,2133,2133,0.00434937274707555,0.026487238150351
0.661461353547575,0.23805601844586,2134,2134,0.0032750540496456,0.0268219071023086
0.665051051355282,0.238727340026197,2135,2135,0.00365193140884145,0.0299553514937839
0.661062543935568,0.238050627215937,2136,2136,0.00404550759048648,0.0264553222842038
0.666831187312567,0.238362159066831,2137,2137,0.00577704929052158,0.0317602361901366
0.660668101178766,0.238283435398515,2138,2138,0.00616358889841003,0.0260017807403073
0.665443363234467,0.238933138764444,2139,2139,0.0048192574287246,0.0302639529493661
0.664050307802424,0.236797098877545,2140,2140,0.00255015094360468,0.0296953826315425
0.664297768922236,0.239868090138597,2141,2141,0.00308094536324103,0.0288918108155675
0.660028467031563,0.23870956333109,2142,2142,0.00442370014777406,0.0252483138223821
0.666429587079687,0.238658579533168,2143,2143,0.00640132308340591,0.0312868793306133
0.661432501544535,0.238476315368436,2144,2144,0.00500040839045879,0.0266386735497408
0.663001906474253,0.240921835084006,2145,2145,0.00290578707283669,0.027354097497917
0.659450308866451,0.240020647829346,2146,2146,0.00366414847348019,0.0242395412358525
0.659409267446657,0.241990934418356,2147,2147,0.00197071399268675,0.0236065689987234
0.659177270270955,0.239351715968126,2148,2148,0.00264939553814983,0.0242195232525841
0.662115882156875,0.240810502494796,2149,2149,0.00328077703394554,0.0265320742196955
0.662373202869198,0.237902961349359,2150,2150,0.00291890552457585,0.0277245278461467
0.661279960501948,0.240681923783416,2151,2151,0.00298627043039477,0.0257677402113278
0.657664457131795,0.238961283219601,2152,2152,0.0040040565142657,0.0229729060851895
0.657310151231726,0.24264148848063,2153,2153,0.00369722104209759,0.0214103263088129
0.658763668630703,0.239718040943667,2154,2154,0.00326485196149902,0.0237012981872559
0.66061665543848,0.241370941985265,2155,2155,0.00248307107492141,0.0249362878384726
0.66085190714415,0.23910691406073,2156,2156,0.00227621743427441,0.0258704214771271
0.658986989821253,0.24274067189061,2157,2157,0.00408437419777562,0.0230096531849931
0.660711571931226,0.240786154110101,2159,2159,0.00260659225970703,0.0251938036623377
0.660093442207861,0.238276078813492,2160,2160,0.00258506525054087,0.0254745221914203
0.662295181481213,0.239981434585886,2161,2161,0.00278494059869472,0.0269459990575672
0.661430765750113,0.23643741385026,2162,2162,0.00364791687552231,0.0274482911705509
0.66363038578223,0.239448190121726,2163,2163,0.00372868636955609,0.0283804632828558
0.661197547970376,0.238334198463909,2164,2164,0.00267575731942798,0.0264728522977218
0.66319424941499,0.239993484995784,2165,2165,0.00259616032898301,0.0277998421212178
0.661803277841686,0.237673460761809,2166,2166,0.00270505348634196,0.0272841908130874
0.663608561779832,0.239617802012364,2167,2167,0.00265320805741605,0.0283077261959966
0.659949328346411,0.238204857726994,2168,2168,0.00392255030226838,0.0253699166788492
0.663158395445061,0.23976864607007,2169,2169,0.00356981030666602,0.0278330113459684
0.659259630187468,0.239065994246969,2170,2170,0.00396157672124643,0.0244018865818433
0.660911042504193,0.240892265908133,2171,2171,0.00246220040212034,0.0253536124269859
0.658963958659613,0.239400358494308,2172,2172,0.00245294175007284,0.0240032322521493
0.660895934907878,0.241710383624554,2173,2173,0.00301143625637805,0.0251148874384648
0.659665072626184,0.238848780063435,2174,2174,0.00311509179599991,0.0248592456805514
0.663602098010829,0.239752477276591,2175,2175,0.00403941054269125,0.0282609414151006
0.662484019877402,0.237249319323768,2176,2176,0.00274151389732546,0.0280762435746735
0.662571093640226,0.239975596438368,2177,2177,0.00272766727182111,0.0272106084602447
0.661278853687446,0.237621350034611,2178,2178,0.00268558377734968,0.026821809974899
0.663387477028312,0.239178705259253,2179,2179,0.00262138278192346,0.0282346422480664
0.663752320837011,0.236363747724962,2180,2180,0.00283850258492179,0.0295914314855248
0.663192900108254,0.239488224649445,2181,2181,0.00317416250425048,0.0279521808407841
0.66048736707189,0.237252730476982,2182,2182,0.00350960727232735,0.0262483875012547
0.663215731328187,0.238935414086541,2183,2183,0.00320552579851066,0.0281512572672702
0.662845774464939,0.236697620140119,2184,2184,0.002268168826897,0.0286271102188957
0.666413943603131,0.238046250221741,2185,2185,0.00381452934132139,0.0314645383260143
0.665688326475296,0.235724422900125,2186,2186,0.00243257113515929,0.0316219956226941
0.667147688667598,0.238549317838686,2187,2187,0.00317958636024061,0.0320042379552747
0.663419303819837,0.237602944431744,2188,2188,0.00384661880076261,0.0288073716206808
0.668484812608632,0.237285702463262,2189,2189,0.00507543315943826,0.0336701135005144
0.665774496902674,0.236681338648035,2190,2190,0.0027768807765402,0.0313364389023506
0.669048408933156,0.237737968398359,2191,2191,0.00344019860075033,0.0340618330348683
0.66278568887317,0.237685899441386,2192,2192,0.00626293650981956,0.0281881989174095
0.663714578138769,0.239748453007284,2193,2193,0.0022620703967701,0.0283694793595917
0.662361062864144,0.237661235727886,2194,2194,0.00248766548596487,0.0278041236814278
0.66559291832213,0.238327874897209,2195,2195,0.00329989355637261,0.0305965558010318
0.66312770121396,0.236766624662837,2196,2196,0.00291801262587063,0.0288579812705366
0.664849385578734,0.238413798190883,2197,2197,0.00238272484424923,0.0298655799778698
0.665575046951133,0.235074596693285,2198,2198,0.0034171407739443,0.0317811201892792
0.664867035210279,0.238589815581463,2199,2199,0.00358581154789127,0.0298249741340375
0.662166913332101,0.237000748982528,2200,2200,0.00313301624842045,0.0278836587232859
0.664996092231197,0.23848401445256,2201,2201,0.00319442165308209,0.0299813304006838
0.661298112582339,0.238264865105138,2202,2202,0.00370446756226102,0.0265920428170449
0.663102773315782,0.239667457555471,2203,2203,0.00228562156634962,0.02781095677616
0.66073426000483,0.237739630380756,2204,2204,0.00305391108575978,0.0262749994802515
0.664657825137595,0.238541693249974,2205,2205,0.00400470575663518,0.0296427100977675
0.6617941544272,0.237891796973789,2206,2206,0.00293649027026705,0.0271921270193112
0.664512129642533,0.239563212975425,2207,2207,0.00319077117977603,0.0291860291174875
0.661485999807536,0.237843087249138,2208,2208,0.00348084677808341,0.0269260323226972
0.660175283582413,0.240529142957876,2209,2209,0.00298879110900122,0.024760461904208
0.659999194119714,0.238804419379795,2210,2210,0.00173368939538263,0.0251855956263839
0.663582700263092,0.238921637562441,2211,2211,0.00358542276195857,0.0285024554668024
0.659611697583385,0.237843614522828,2212,2212,0.00411472914736514,0.0252065368614857
0.661466328553817,0.239967388216191,2213,2213,0.00281958697987957,0.026162454508743
0.659365004622574,0.237194386074586,2214,2214,0.00347923887385744,0.0252583838309095
0.658567074419456,0.241017179707267,2215,2215,0.00390518165609671,0.0230802317003558
0.661787798329173,0.236047369252926,2216,2216,0.00592216839128205,0.0279388693526177
0.662775489485281,0.238370575743384,2217,2217,0.00252444493248716,0.0279300897445372
0.662008367116967,0.236609481749092,2218,2218,0.00192091873453799,0.0278990770021638
0.661763776542142,0.239328453050652,2219,2219,0.00272995045522811,0.0266511184172819
0.660958253019228,0.237248905643204,2220,2220,0.00223010886859625,0.0266785258522984
0.661783131808155,0.23954452369912,2221,2221,0.00243932106846746,0.0265981368051071
0.65997156578135,0.236875957616964,2222,2222,0.00322537073904805,0.0259431096861118
0.663909401326496,0.237962641690279,2223,2223,0.00408502522095177,0.0291350197271846
0.660328916128668,0.238416080958107,2224,2224,0.00360908318295301,0.0256376491682077
0.660743813140346,0.240731575498718,2225,2225,0.0023523721002211,0.025240743593241
0.657628317209386,0.238850378751656,2226,2226,0.00363939776570043,0.0229848027798733
0.660161429308363,0.240115628172115,2227,2227,0.00283152132288554,0.0248788502772698
0.65960100439335,0.23815532771123,2228,2228,0.002038836428533,0.025070075987598
0.660634199258754,0.239751552895026,2229,2229,0.00190142748146801,0.0254451152330341
0.65696813239307,0.237865795040412,2230,2230,0.00412263616511388,0.0228130556644789
0.658489863347591,0.240108988847557,2231,2231,0.00271064264600871,0.0233070457195006
0.656757023207121,0.238539076965035,2232,2232,0.00233823828368871,0.0223251397506021
0.657586581504641,0.241463927685838,2233,2233,0.00304021688502086,0.0220096262353216
0.654818869897663,0.24001533673738,2234,2234,0.00312388272432802,0.019944644329844
0.65936975743441,0.240538038031011,2235,2235,0.00458080713570022,0.0239931975983254
0.652071349226299,0.241097443398244,2236,2236,0.0073198153485666,0.0169957974961936
0.65611186708019,0.241650514704525,2237,2237,0.004078194747366,0.0205506253851575
0.654698536606315,0.239972432704831,2238,2238,0.0021939603975643,0.0198527947252042
0.655858800283976,0.242560727344895,2239,2239,0.00283645570130813,0.020035259088109
0.655326151915897,0.239528562098337,2240,2240,0.00307859389436985,0.0206085573755855
0.657193868694772,0.242128679759399,2241,2241,0.00320140247664327,0.0214380248797098
0.655317187931087,0.239551470674309,2242,2242,0.00318809305966058,0.0205907782913957
0.655299264098477,0.242986961137476,2243,2243,0.00343553721945881,0.0193797822252414
0.653787546543627,0.240426408355028,2244,2244,0.00297350307168902,0.0188355784781071
0.657563219580461,0.241226779454894,2245,2245,0.0038595726160517,0.0220613778443304
0.654496217139962,0.240266449529653,2246,2246,0.00321383533108662,0.0195475112318976
0.658489379580196,0.240532380604925,2247,2247,0.00400200769750526,0.0231627105366687
0.654659233876429,0.239556822618634,2248,2248,0.00395243336397988,0.019993518386582
0.65490006099426,0.242510562035473,2249,2249,0.002963540828683,0.0191323304537505
0.649974705102015,0.241782120318437,2250,2250,0.0049789314114969,0.0148073801936257
0.655411047045545,0.241580288086952,2251,2251,0.00544008731332954,0.0199110955428047
0.655716674270878,0.239279693043807,2252,2252,0.00232080709095093,0.0210676856740819
0.655530863161878,0.241863463552749,2253,2253,0.00259044316886245,0.01993204335237
0.654608989513315,0.239758432477327,2254,2254,0.00229804413630528,0.0198615530762894
0.657149791257538,0.241139602724158,2255,2255,0.00289193788905948,0.0216979212357378
0.653720499686444,0.240202319965695,2256,2256,0.00355507238307306,0.0188686377775114
0.654038682589634,0.243509689570818,2257,2257,0.00332263962306688,0.0180256460834944
0.647625610564241,0.243604933817383,2258,2258,0.00641377925012884,0.0119157658960905
0.649338743039279,0.245700551591559,2259,2259,0.00270673913269682,0.0129471484044136
0.644932777994415,0.244280884372063,2260,2260,0.00462903693986936,0.00918073614648339
0.649203270539577,0.245367762819433,2261,2261,0.00440663265290431,0.0128837589907281
0.645180541504078,0.244425830179935,2262,2262,0.00413153554872747,0.00934545250532257
0.648230126178905,0.245629620812099,2263,2263,0.00327857874314851,0.0118768695102808
0.645606814969712,0.244378933555189,2264,2264,0.00290619688164356,0.00975497318336862
0.650028453419676,0.244883473461859,2265,2265,0.00445033112246974,0.013798644428688
0.646244865859854,0.243644208937887,2266,2266,0.0039813705408082,0.0106390880501269
0.65017512945305,0.244772736059765,2267,2267,0.00408907634763848,0.0139679114972114
0.647460087162556,0.243470084958365,2268,2268,0.00301137087240174,0.0118168320951028
0.650392903826954,0.24445225900663,2269,2269,0.00309290792751031,0.0142602911426564
0.64440777937291,0.243844008840022,2270,2270,0.00601595237643832,0.00891527445008973
0.647830293806,0.245307075595326,2271,2271,0.00372211893619545,0.0115638765063463
0.645687469670855,0.243506379731083,2272,2272,0.00279896424944331,0.0102015233795718
0.648929805097864,0.244885481083647,2273,2273,0.00352344427540463,0.012734768924985
0.644227341547012,0.244244014504399,2274,2274,0.00474601336064111,0.00856579425391615
0.648815732599078,0.245112590071967,2275,2275,0.00466987751051945,0.012566689462352
0.645182317894799,0.243723417335213,2276,2276,0.00388992330333281,0.00965331562158329
0.649011642592587,0.244995164899851,2277,2277,0.00403498073220336,0.0127857004205212
0.645570009427133,0.243593999505237,2278,2278,0.00371592563281568,0.0100569049786364
0.649818383819685,0.244663699083023,2279,2279,0.00438097502458152,0.0136504351799633
0.645846443198967,0.243807398060059,2280,2280,0.00406319624636064,0.0102092309913629
0.648689081366369,0.245307960896753,2281,2281,0.00321438650097309,0.0123967135357951
0.647422109600955,0.243347867124332,2282,2282,0.00233392053228893,0.0118318274588671
0.652357960486893,0.243897552657938,2283,2283,0.00496636468194495,0.0163020829826221
0.648729317759478,0.242645460313542,2284,2284,0.00383859131480769,0.013312661866634
0.653257023899675,0.243690644579588,2285,2285,0.00464677662923107,0.0172238801453613
0.648324161615539,0.242883244884727,2286,2286,0.00499850223382098,0.0128452642963707
0.651970049330228,0.244433976143783,2287,2287,0.00396197736817533,0.0157913566756144
0.647932967698192,0.243080975381732,2288,2288,0.00425777396838217,0.0124072980644976
0.651009056733411,0.243766289439001,2289,2289,0.00315150426141,0.0150439425512945
0.646883532163961,0.243251537978833,2290,2290,0.00415751392527806,0.0113848039626655
0.648798038935926,0.244246628688981,2291,2291,0.00215767043389921,0.0127912768160271
0.647370333510025,0.242088961811837,2292,2292,0.00258725127033913,0.0123580492674125
0.649144362339335,0.244305419712039,2293,2293,0.00283898994548957,0.0131032704667485
0.647879070925968,0.241924544064296,2294,2294,0.00269620681898776,0.0128818343239713
0.648516608269415,0.244532625458492,2295,2295,0.00268487288768777,0.0124363504336773
0.645827944548858,0.242892151304108,2296,2296,0.00314961395308089,0.010620576593389
0.646972089113233,0.243079745268407,2298,2298,0.00115942152801749,0.0115399987750608
0.649424877981538,0.244958437201118,2299,2299,0.0030896046042357,0.0131950365728744
0.646329909089596,0.243667625606628,2300,2300,0.0033533605554069,0.0107059687017774
0.648642268845977,0.245518541127802,2301,2301,0.0029619074782061,0.0123033255410804
0.647529995735216,0.242796946909793,2302,2302,0.00294010655596391,0.0121654681786423
0.649330484695299,0.244520243167848,2303,2303,0.00249229020950754,0.0132193555833123
0.647279086634626,0.242776488672979,2304,2304,0.00269238068291036,0.0119506545642519
0.650682928750269,0.243947166208377,2305,2305,0.00359953150286407,0.014679102487375
0.647923046612781,0.242369800345504,2306,2306,0.0031788413735483,0.012709341993132
0.650531525270256,0.243742730417033,2307,2307,0.00294772758032547,0.0145956710662107
0.649519405462819,0.241896687124629,2308,2308,0.00210529388495671,0.014347841971588
0.65175833515992,0.243126023455972,2309,2309,0.00255422669395658,0.015953854826087
0.650121394296911,0.240849636157451,2310,2310,0.00280383924679296,0.0153643131910672
0.651784647822302,0.242165029974084,2311,2311,0.00212053606018909,0.0163104040263878
0.64855616905766,0.240831986736805,2312,2312,0.00349286120626056,0.0140201494171523
0.64964386517724,0.243253154068604,2313,2313,0.00265426714878518,0.0139203826328284
0.647669611866092,0.241359435864287,2314,2314,0.00273566167022548,0.0129887364611921
0.650648379683768,0.242894998376918,2315,2315,0.00335126989987678,0.0149865954548809
0.649350690630611,0.24124016169676,2316,2316,0.00210296964235811,0.0145007557066173
0.652042728290549,0.242800765671765,2317,2317,0.00311167985649645,0.0163286135672118
0.64864857594591,0.241939088821003,2318,2318,0.00350182197345292,0.0135517697783338
0.649253245539008,0.244706720085812,2319,2319,0.00283291513017344,0.0130940025846634
0.648694486604101,0.242088102314114,2320,2320,0.00267756803491358,0.013524300969965
0.649845643660368,0.244579598574988,2321,2321,0.00274457941880763,0.0136988450535882
0.648807753188728,0.242174951480755,2322,2322,0.00261907317173929,0.0135865260790599
0.651481666192972,0.244396801910244,2323,2323,0.00347655434090792,0.0153268602494559
0.648045941101226,0.242521905218271,2324,2324,0.00391400619718773,0.012749926171115
0.650177822539519,0.244712423408541,2325,2325,0.00305667931076218,0.0139855109776799
0.648817896508437,0.242255312953606,2326,2326,0.00280834303420453,0.013560092372037
0.651726443286467,0.244049423066351,2327,2327,0.00341737844796892,0.0156529103594797
0.650233202782439,0.241450512729755,2328,2328,0.00299734918561972,0.0151854370856587
0.651593334522772,0.244098841860942,2329,2329,0.00297718080373948,0.0155114537130217
0.649236129573262,0.24212800066037,2330,2330,0.00307256085568153,0.013991884614977
0.650618469764588,0.243759679072783,2331,2331,0.00213851323261977,0.0146732978630211
0.648436020613272,0.242414078801741,2332,2332,0.00256392753164133,0.0131473251327386
0.650352213948634,0.243575599081904,2333,2333,0.00224074234567822,0.0144778016514367
0.648939073745813,0.241960870827672,2334,2334,0.00214576619598776,0.0137999895016311
0.650550109874072,0.243522034469461,2335,2335,0.0022433611664196,0.0146824304784779
0.648554638495642,0.242151915458856,2336,2336,0.00242056442288873,0.0133707201642455
0.649438017802616,0.24422214280352,2337,2337,0.00225082212948612,0.0134083988522862
0.648175276810806,0.242460620646878,2338,2338,0.00216736594066115,0.0128930170832449
0.649841393347321,0.243968944182645,2339,2339,0.00224743947678187,0.013869420672524
0.649000282872204,0.242177673640234,2340,2340,0.00197891813561377,0.0137580446745027
0.650097830815634,0.243745243398493,2341,2341,0.00191360561117895,0.014182682811171
0.64853930461926,0.242385556960335,2342,2342,0.00206827249531938,0.0132526088711014
0.650300576026454,0.24403700368075,2343,2343,0.00241440535953853,0.0142871723901918
0.647704108465694,0.242444506368708,2344,2344,0.00304593031485284,0.0124806266178871
0.64957592702036,0.244321473833055,2345,2345,0.00265079451557624,0.0135111390450451
0.648722636341042,0.242421920452132,2346,2346,0.00208240438685357,0.0134017210845055
0.653421536942078,0.24267373372372,2347,2347,0.00470564307849256,0.0176747288141109
0.650133944292751,0.241158493539236,2348,2348,0.00361997489557382,0.0152297553679155
0.653366063835818,0.242389377668913,2349,2349,0.00345856508994213,0.0177135600658209
0.649451730667997,0.241390071969817,2350,2350,0.00403987821956914,0.0145183275799609
0.654375849009121,0.242311443618592,2351,2351,0.00500957754232437,0.018694568524307
0.65191401590934,0.241322225913046,2352,2352,0.00265314414989904,0.0167593462327234
0.654190692715788,0.242735756897063,2353,2353,0.00267979982905339,0.0183880830837133
0.649429830865756,0.242712541591491,2354,2354,0.0047609184518854,0.0139253162678776
0.653932875943199,0.243763048937492,2355,2355,0.0046239572503956,0.0178586708669682
0.650217632927167,0.242078500227218,2356,2356,0.00407930570384965,0.0149020405610916
0.654425297123117,0.24300017904353,2357,2357,0.00430742728624845,0.0185360126085557
0.650600501418476,0.241739597661677,2358,2358,0.00402717364941155,0.0153912560665107
0.654713041687282,0.242784835160143,2359,2359,0.00424328986645382,0.0188731480105212
0.653207521599464,0.24037785202392,2360,2360,0.00283904183711425,0.0183297700354296
0.654336516196213,0.242510451555379,2361,2361,0.00241300840468232,0.018595225065249
0.649704074979564,0.24218612803998,2362,2362,0.00464378050389442,0.0143901860765266
0.650286472240964,0.244163206106799,2363,2363,0.00206107356792113,0.0142372437446533
0.647215577757764,0.243403014022519,2364,2364,0.00316358735171809,0.0116209508473334
0.649347424920855,0.245158772146633,2365,2365,0.00276178545820843,0.013071686880205
0.648239969615642,0.243204266789439,2366,2366,0.00224645241310481,0.012638000487844
0.649741830214295,0.245374777613984,2367,2367,0.00263945117349295,0.0134080285195346
0.64710430913964,0.243886443507373,2368,2368,0.00302847417557929,0.0113262866902412
0.64778648504271,0.246293162190869,2369,2369,0.00250153128787508,0.0113127784195005
0.647690745835251,0.243456774548982,2370,2370,0.00283800296879585,0.012033681200978
0.648988148618253,0.245285284070269,2371,2371,0.00224203056419369,0.0126928443994387
0.647438093585585,0.243595402672232,2372,2372,0.00229311354793673,0.0117468321164264
0.647968060556731,0.245972192943829,2373,2373,0.00243515851345732,0.0115498082594806
0.647600998694444,0.243537453789306,2374,2374,0.00246225286299213,0.0119194038247254
0.64923445972816,0.245166992838452,2375,2375,0.00230729115227362,0.0129599459892314
0.647120171629002,0.243146768651062,2376,2376,0.00292429819504722,0.0116434486373879
0.648931216081447,0.244938895723503,2377,2377,0.00254786213373244,0.012722264975933
0.647645065613419,0.242931883418114,2378,2378,0.00238375364087642,0.0122095884560769
0.649301674375288,0.245066306062809,2379,2379,0.00270187205768296,0.0130492234112782
0.648021834311047,0.242877097149586,2380,2380,0.00253586794919833,0.0125734635714747
0.650179737902719,0.244782441764799,2381,2381,0.00287869519290808,0.0139699887096881
0.647730942914634,0.243335485212403,2382,2382,0.00284434177942667,0.0121189508897355
0.650214705326306,0.244694537932441,2383,2383,0.0028312718014132,0.0140257008956015
0.648042163016732,0.243218901402892,2384,2384,0.00262629839398124,0.0124507816022756
0.647560437015542,0.246107396888395,2385,2385,0.00292838967864485,0.0111238102504708
0.645153174372509,0.244493168587499,2386,2386,0.00289838686857983,0.00929326089843739
0.647754223185127,0.245923355702769,2387,2387,0.00296831435503484,0.0113498895244677
0.645819976671304,0.244232060155601,2388,2388,0.00256939491011147,0.0100088579112689
0.647592652778524,0.246006868825116,2389,2389,0.00250845099503541,0.0111748859942394
0.64533614511385,0.244296877093486,2390,2390,0.00283123622521602,0.00954014381674551
0.646857366185073,0.246335376305074,2391,2391,0.00254353938109432,0.0103906611231509
0.644356058652978,0.244400058668605,2392,2392,0.00316259287992353,0.00860973990748661
0.646340328131884,0.246129222432889,2393,2393,0.00263198265355814,0.00992391584370175
0.645118280267512,0.243786340979872,2394,2394,0.00264244100893614,0.00956738482372957
0.646792676497289,0.245961810893862,2395,2395,0.00274522714560511,0.0104015828919739
0.645289252750719,0.243958682651613,2396,2396,0.00250455699009746,0.00964190952184798
0.647302817504912,0.246085974793447,2397,2397,0.00292913210286546,0.0108751501662307
0.645191772034814,0.244269221132732,2398,2398,0.00278515831516676,0.00942026108348072
0.646488110185605,0.246279414114162,2399,2399,0.00239193821487651,0.0100383786772878
0.645536065143931,0.243309291343895,2400,2400,0.00311897724131397,0.0101611684599344
0.644465679325908,0.246836283336468,2401,2401,0.00368583753237969,0.00794803439979771
0.645714287286984,0.243365827757757,2402,2402,0.00368823586071561,0.0102908185288795
0.648147679757088,0.245300161060082,2403,2403,0.00310854374877407,0.0118730177329371
0.646665069395464,0.243153508412084,2404,2404,0.00260887927577183,0.0112324607834119
0.647646667891261,0.245658079977723,2405,2405,0.00269005842582617,0.0113016571351296
0.647580427853063,0.243132552344885,2406,2406,0.00252639616190507,0.0120654329795664
0.648932573749731,0.244995571814587,2407,2407,0.00230198611428583,0.0127090948247939
0.647048673171634,0.242929202079771,2408,2408,0.00279624127519747,0.0116760228157485
0.64869085080392,0.245162630623537,2409,2409,0.00277217431560304,0.0124333296077534
0.646336997586147,0.243409807482572,2410,2410,0.00293479367832262,0.0108243829874561
0.648476608096243,0.244509759184252,2411,2411,0.00240579028199502,0.0124049647218002
0.645795879632806,0.243194455798738,2412,2412,0.00298602211824117,0.0104441642827219
0.647999561808639,0.245066680270002,2413,2413,0.00289161539677804,0.0117897149976222
0.648368315543249,0.242206819071237,2414,2414,0.00288353695883898,0.0131798108918122
0.648356077979774,0.244594134292799,2415,2415,0.00238734658670696,0.0122648097322585
0.646985328825011,0.24232763341343,2416,2416,0.00264876942776526,0.011905374230273
0.649032732777962,0.244675048072788,2417,2417,0.00311483844356786,0.012890360517293
0.647630552878225,0.242330981588304,2418,2418,0.00273143847723278,0.0124686402050838
0.648652162759399,0.244818714749935,2419,2419,0.00268933133562803,0.0124850095795306
0.646756247571249,0.242952894401858,2420,2420,0.00266003382909987,0.0114051124210982
0.649040175954661,0.244608544388294,2421,2421,0.0028209051274618,0.0129159367846009
0.644242759638921,0.244108324688249,2422,2422,0.00482342441164386,0.00864312191761287
0.647308903856862,0.24526807774573,2423,2423,0.00327815001480253,0.0110703596262415
0.646610048002,0.243051361148369,2424,2424,0.00232427020350275,0.0112299877334291
0.647695183934314,0.245773909753868,2425,2425,0.00293083450588799,0.0113233690737599
0.64649272634808,0.243807323298601,2426,2426,0.00230507408400066,0.0107957738064051
0.646613031600333,0.246110490585594,2427,2427,0.00230630720104551,0.0101945336233367
0.644014334808685,0.244604903920951,2428,2428,0.00300333418381516,0.00821268368102442
0.646215597186314,0.246167053501429,2429,2429,0.0026992345890924,0.00979402394341829
0.644415100799227,0.244386376561645,2430,2430,0.00253231072417899,0.00866874053786617
0.645297401211305,0.246537070279809,2431,2431,0.00232463706554443,0.00882035962453035
0.643957141779396,0.24468524994523,2432,2432,0.00228594267128055,0.00812612058793368
0.644761222568307,0.247051223181078,2433,2433,0.00249887480035412,0.00820597618664806
0.643770483195061,0.244613421285305,2434,2434,0.0026314335615277,0.0079905521598601
0.64580275993427,0.246448460855365,2435,2435,0.00273815977773688,0.00933334934370384
0.64433754974028,0.244162718929638,2436,2436,0.0027150427369746,0.0087011613115899
0.645701488506776,0.24642838643719,2437,2437,0.00264453742902752,0.00923779635579766
0.644652919540868,0.24410402974549,2438,2438,0.0025499276277016,0.0090080571609594
0.645842173455894,0.245918734803721,2439,2439,0.00216967263032326,0.00948626193315728
0.644190690310514,0.244005583494603,2440,2440,0.00252735919707788,0.00864691172063481
0.646128193395359,0.246255081849145,2441,2441,0.00296886528001372,0.00969037165882723
0.645623493053434,0.243410820255177,2442,2442,0.00288869286184263,0.0101895362043799
0.646533188748837,0.246133862885999,2443,2443,0.00287097673754227,0.0101115867248307
0.645288252367479,0.243401857246385,2444,2444,0.00300228603042941,0.00989954197195047
0.647450964726116,0.245296729736051,2445,2445,0.00287538979936531,0.0111998493389665
0.647134220843815,0.242663651671944,2446,2446,0.00265206085500624,0.0118741989442468
0.646970206787702,0.246010080658045,2447,2447,0.00335044587624088,0.0105647755800838
0.646378433413219,0.243540772981918,2448,2448,0.00253922746640129,0.0108042048318424
0.647934914378427,0.2456036374165,2449,2449,0.00258419091216536,0.0115947516353835
0.647699952574783,0.242737936109965,2450,2450,0.00287531755245364,0.0123439382490271
0.649655126989847,0.244560110646404,2451,2451,0.00267264420276391,0.0135205173218773
0.648668117828507,0.242450701477141,2452,2452,0.00232890406155768,0.0133401180819969
0.649759627329558,0.244179557255948,2453,2453,0.00204458682740526,0.0137282032592838
0.648237546179642,0.242488488974626,2454,2454,0.00227517976411164,0.0129364027010338
0.650747419791054,0.244037117959591,2455,2455,0.0029491892578022,0.0147150166991955
0.649032067091017,0.242643258518426,2456,2456,0.00221026673214997,0.0135891202528592
0.650395526441017,0.244884018774994,2457,2457,0.00262298073315778,0.0141549971131185
0.648666135449702,0.243054047051261,2458,2458,0.00251785418769708,0.0130888311422095
0.650387687691907,0.244167003075885,2459,2459,0.0020499788377903,0.0143332263371721
0.648489914128654,0.242501401676899,2460,2460,0.00252502921125406,0.0131575431752207
0.651210844647483,0.243836230640376,2461,2461,0.00303071464345167,0.0152165354711531
0.648669749314198,0.242078715858382,2462,2462,0.00308966401114595,0.0135065167986217
0.651152003819615,0.243284740191782,2463,2463,0.00275972500847751,0.0153286347579854
0.6499294378513,0.241323812122842,2464,2464,0.00231082375754596,0.0149720106273079
0.649586930530873,0.243923559743695,2465,2465,0.00262221260707,0.0136416221016177
0.648793165448061,0.241106566679429,2466,2466,0.0029266897565021,0.0140815405124291
0.649010164791157,0.244002493115611,2467,2467,0.00290404521980666,0.0130697550872822
0.649170500562785,0.241564674708698,2468,2468,0.00244308537401939,0.0141880438950645
0.648298220997245,0.24573914280954,2469,2469,0.0042646284205551,0.0119200958107051
0.64830920321406,0.242092073787831,2470,2470,0.00364708555674193,0.0131801549978344
0.647412660132901,0.245518462866111,2471,2471,0.00354174132484723,0.0111069383838628
0.645075040605705,0.242700994900157,2472,2472,0.00366095490181252,0.0100795813452965
0.650172751153654,0.243931683099971,2473,2473,0.0052441630672427,0.0141964213572175
0.647684242626019,0.24247770040166,2474,2474,0.00288214163064552,0.012447677872754
0.649685317315622,0.243884211339111,2475,2475,0.00244592987032314,0.0137473943778281
0.650091342497554,0.240278483513045,2476,2476,0.00362851617111314,0.0156203109480289
0.648363084978853,0.244413551136393,2477,2477,0.00448170261179913,0.0123260179683153
0.647614412761265,0.241745528384303,2478,2478,0.00277107479059263,0.0127415309944577
0.649074916483813,0.243727161442755,2479,2479,0.00246169468089088,0.0132219969337095
0.647729429487277,0.241466957872963,2480,2480,0.00263037172938505,0.0129833568682645
0.649424153610219,0.243380253327276,2481,2481,0.00255593218774999,0.0136698535885093
0.64663722271932,0.242451675015827,2482,2482,0.00293755705836337,0.011541659758274
0.646210121746058,0.244958319702196,2483,2483,0.00254277069848291,0.0101110661034366
0.64707814505439,0.241897854244927,2484,2484,0.00318118111382306,0.0122030259425618
0.64760263379018,0.244255196556451,2485,2485,0.00241498472203697,0.0116578915755908
0.644925940498975,0.242109837727498,2486,2486,0.00343034276423633,0.0102944139805272
0.645329944002312,0.245261816828973,2487,2487,0.00317776510882156,0.00918004060563513
0.645178552894505,0.242369570623414,2488,2488,0.00289620568694516,0.0103499312584061
0.64571833218947,0.244971654243618,2489,2489,0.00265748016997434,0.00964231626766235
0.643400354093425,0.243174432869094,2490,2490,0.00293309173446555,0.00843485149074666
0.644644311195261,0.245706443988365,2491,2491,0.00282108305076619,0.0083901746241841
0.643312970351017,0.24347352642205,2492,2492,0.00259969023183734,0.00818815741736053
0.645676093772119,0.245978941216619,2493,2493,0.00344404639867208,0.00931056235748611
0.642660577574931,0.24384832353347,2494,2494,0.00369227161070937,0.00743961064352963
0.644199003459875,0.246214369884525,2495,2495,0.00282222067507246,0.00782120541984257
0.646162875232101,0.242515668656946,2496,2496,0.00418774200597895,0.0111002413503181
0.646849171894732,0.245450095054703,2497,2497,0.0030136126813165,0.0105788879365843
0.647391462878472,0.242166415498953,2498,2498,0.00332815728833482,0.0123382388496876
0.650284653950845,0.244019909009356,2499,2499,0.00343598497877458,0.0142769631266297
0.646653808998032,0.242577614327482,2500,2500,0.00390682083294452,0.0114937237682049
0.64809299544196,0.24453436483246,2501,2501,0.00242901835298079,0.0120318715584429
0.6449382262791,0.243092831275754,2502,2502,0.0034685137257969,0.00975393914023434
0.647710177153954,0.244462686749436,2503,2503,0.00309195984310599,0.01169082689506
0.644486596806896,0.243174902234654,2504,2504,0.00347129071246569,0.00932802953849014
0.64682615317254,0.245196498583712,2505,2505,0.00309198573517893,0.0106259472189169
0.64539907986554,0.242511296833776,2506,2506,0.00304086281528964,0.0104546220393134
0.646331247410613,0.245698940922867,2507,2507,0.00332114606285303,0.0100144593787696
0.644695154611619,0.243099442144993,2508,2508,0.00307151323342235,0.00954441258418363
0.64355645094097,0.243354786385712,2510,2510,0.00116698188966999,0.00845552639356937
0.646961697794947,0.244716787026764,2511,2511,0.0036675266710341,0.0109003914474933
0.643004485521755,0.243256146072836,2512,2512,0.00421817507595325,0.00807046547976918
0.647251197073861,0.243926399297842,2513,2513,0.00429927882236328,0.011447119576366
0.646488127296784,0.242139303903946,2514,2514,0.00194318949965584,0.0115736646936909
0.649071963622998,0.243913071124948,2515,2515,0.00313408045764057,0.0131572447765444
0.646206679522778,0.242592539652882,2516,2516,0.00315494157532124,0.0110987002744298
0.647305502170681,0.244494921718402,2517,2517,0.00219692256002724,0.0112976674318916
0.643897137869234,0.243984926765828,2518,2518,0.00344630846893152,0.00840212297454565
0.646558562642645,0.24494629927267,2519,2519,0.0028297383132434,0.010445281009464
0.645700365914081,0.242484847264409,2520,2520,0.00260676957437556,0.0107224685812325
0.647617139043613,0.244810521510781,2521,2521,0.00301376507550503,0.0114949313014617
0.644376498318243,0.243352288191204,2522,2522,0.00355361741402352,0.0091399641408307
0.647324633760849,0.244850578338251,2523,2523,0.0033070191944844,0.0112037970577115
0.646701212823027,0.242112131146962,2524,2524,0.00280851325173899,0.0117696131245454
0.647364282415505,0.244374783377859,2525,2525,0.00235780754143595,0.0113931305660806
0.647594082046783,0.241881133670201,2526,2526,0.00250421579242651,0.012655595910679
0.645751814202956,0.245670243027631,2527,2527,0.00421322922839033,0.00946243936629778
0.648063556574563,0.242726000506782,2528,2528,0.0037433563568352,0.0126759609089878
0.650030822864204,0.24429375256214,2529,2529,0.00251554828246983,0.0139551056888003
0.648221387738272,0.242561639970868,2530,2530,0.00250484919781604,0.0128896568611025
0.649200615781226,0.245063210473618,2531,2531,0.00268639954964569,0.0129519301384655
0.648104731166087,0.242371961700192,2532,2532,0.00290581882610827,0.0128699495897224
0.64990855535002,0.244454281186348,2533,2533,0.00275496572192222,0.0137931628200502
0.645396898788616,0.243080919784619,2534,2534,0.00471605412053545,0.0101531132305846
0.651677673304749,0.243784355233593,2535,2535,0.00632004350882016,0.0156787656585044
0.648163588391295,0.242539538982549,2536,2536,0.00372805046610539,0.0128474925106065
0.651306916687773,0.244529832239526,2537,2537,0.003720454277129,0.0151247113861489
0.64302591738866,0.243953125045139,2538,2538,0.00830105659419132,0.00767964498962848
0.647399878053341,0.245584496705806,2539,2539,0.00466828720104108,0.0110786660232787
0.643629818076028,0.244026597701247,2540,2540,0.00407926482848845,0.00815079094736132
0.645900429128324,0.245988201283854,2541,2541,0.00300059380225071,0.00952630499987927
0.641892392028929,0.24432075285049,2542,2542,0.00434105352052413,0.00654075492316603
0.647467010769827,0.245688460279177,2543,2543,0.00573994753607185,0.0111197920969971
0.640974696709812,0.245286025268949,2544,2544,0.00650477484555202,0.00523366905334875
0.649428691995159,0.245036653297916,2545,2545,0.00845767241412231,0.0131796428642855
0.646525881073182,0.243161129515781,2546,2546,0.00345599489381896,0.0111049199523802
0.6480160729984,0.245419237086836,2547,2547,0.00270549843401192,0.0117164889287437
0.645729245690714,0.243562929935417,2548,2548,0.00294541259853146,0.010212706248687
0.647835049203624,0.245528935706642,2549,2549,0.00288090040221354,0.0115146836902945
0.648957460598959,0.244637553805779,2551,2551,0.00143330702697082,0.0128284115073079
0.647064810123742,0.241987725695797,2552,2552,0.00325633457030909,0.0121452843478827
0.650882161170816,0.243906746656718,2553,2553,0.00427256485791046,0.0148814903934329
0.644924854805096,0.243675369203579,2554,2554,0.00596179793861459,0.00944920042367176
0.64903091385659,0.245538190233888,2555,2555,0.00450886051295858,0.0126786317741465
0.646308220791651,0.243287047900794,2556,2556,0.0035328033245165,0.0108538067594955
0.649209031940852,0.245080225925386,2557,2557,0.00341030684121074,0.0129559636893758
0.644714566793319,0.243602459481544,2558,2558,0.00473117433888614,0.00930129218439765
0.647896965560511,0.246061154752293,2559,2559,0.00402154750659857,0.0114630168144001
0.643784102403303,0.244416748576262,2560,2560,0.00442941474934198,0.00809316536061516
0.648868731959747,0.244878393068884,2561,2561,0.00510554339554888,0.0126776966663332
0.645032384736033,0.243539747199023,2562,2562,0.00406319243770149,0.00960891208004739
0.648523729847359,0.245422484072508,2563,2563,0.00396663444511338,0.0122093230931374
0.64519732894682,0.243589571910473,2564,2564,0.00379796128795989,0.00972953832311272
0.649881888005519,0.244542604782078,2565,2565,0.00478051934718381,0.0137436349445129
0.645539269755575,0.243257390631137,2566,2566,0.0045288087482832,0.010189134151236
0.649334758574347,0.244558879191393,2567,2567,0.00401243166245863,0.0132127113610608
0.646046517883214,0.242971439748446,2568,2568,0.00365136835006365,0.0107714232018549
0.648423367366528,0.245036851668478,2569,2569,0.00314886326564683,0.0122063766521808
0.646872407382402,0.242165567294864,2570,2570,0.00326339559761298,0.0118890268005612
0.647269005068572,0.245790628290154,2571,2571,0.00364669123237056,0.0109038797662466
0.64597618508643,0.243446064213143,2572,2572,0.00267738010327936,0.0104857747091103
0.648446056618747,0.245815018234919,2573,2573,0.00342231041015259,0.0120493908761216
0.645728209343731,0.243397000395299,2574,2574,0.00363778835049987,0.0102884596710952
0.64881534759006,0.24484194304575,2575,2575,0.00340856007942352,0.0126358896071344
0.645617088301505,0.243490380711327,2576,2576,0.00347211509323341,0.0101465873174919
0.650041275587533,0.244213903606546,2577,2577,0.00448295867946135,0.0139877766290025
0.646093339118728,0.242652023120468,2578,2578,0.00424566520282883,0.0109708486045447
0.647070728340918,0.246129902048159,2579,2579,0.00361260730322718,0.0106389529374514
0.646211098443272,0.242797862277652,2580,2580,0.00344114117600069,0.010999928138503
0.650067766767106,0.244546380629271,2581,2581,0.00423452559161156,0.0139218420058755
0.648994308227631,0.241861845627101,2582,2582,0.00289120068723144,0.013894255870411
0.651313372317005,0.243461805053749,2583,2583,0.00281743294818951,0.0154260173906841
0.64817856082945,0.242277446138351,2584,2584,0.00335108178100589,0.012978748116733
0.64913157404701,0.245245434736149,2585,2585,0.00311724084881213,0.0128415967850282
0.64682750594117,0.242809996418555,2586,2586,0.00335262429078392,0.0115346597896443
0.650875328230875,0.24407349973307,2587,2587,0.00424043699573796,0.0148274952051667
0.646589327814372,0.24279855266333,2588,2588,0.00447160928535835,0.0113302841507485
0.649221517596461,0.244740553727766,2589,2589,0.00327105352802494,0.0130543889024251
0.647225157249253,0.24280351943987,2590,2590,0.00278164635933274,0.0118903320306896
0.651532059162344,0.243920484948638,2591,2591,0.00444938378168983,0.0155008665802993
0.648676011651441,0.241812387879965,2592,2592,0.00354980008387561,0.0136351385154172
0.648254925686188,0.245119830299325,2593,2593,0.00333413988121597,0.0120221895183974
0.646677328329092,0.242488741502957,2594,2594,0.00306780730742491,0.0115580077365387
0.650066142994935,0.244658511614511,2595,2595,0.00402392435023648,0.0138911328380411
0.64492538462499,0.243203983595985,2596,2596,0.00534256945437648,0.00968502234512178
0.649519639042369,0.244313702571494,2597,2597,0.00472637809069594,0.013459501952362
0.644627184195266,0.243311920597294,2598,2598,0.00499396451276674,0.00937420890348771
0.649670530312519,0.244347769121689,2599,2599,0.0051486233328825,0.0135942465487152
0.647275911862849,0.24200022920783,2600,2600,0.00335337757591668,0.0123206716748441
0.648184476783312,0.2443494902559,2601,2601,0.00251883260394075,0.0121764413108236
0.642377643207402,0.244189431440632,2602,2602,0.00580903907739149,0.00701116189780364
0.646386028410219,0.245423628756951,2603,2603,0.00419409047944501,0.0101398427811573
0.642400719509461,0.243837422494527,2604,2604,0.00428937493598006,0.00723746295868588
0.645498763804075,0.24574869719755,2605,2605,0.0036401716225758,0.00919761448050998
0.643687031304578,0.243304006996643,2606,2606,0.00304284157131851,0.00859162560930981
0.645308298977632,0.246125868869524,2607,2607,0.00325444515967148,0.00891840098554129
0.641734346892519,0.243636170821284,2608,2608,0.00435565493101713,0.00685188609673037
0.646493258746073,0.244812061972992,2609,2609,0.00490203651868917,0.0104263371602577
0.643668348977052,0.243449464732761,2610,2610,0.00313636516403863,0.00849382345084751
0.645826087296028,0.246101835077601,2611,2611,0.00341919626511315,0.00942790467074679
0.642494949664222,0.243433146705202,2612,2612,0.00426829890600591,0.00756173897059228
0.645259578872215,0.24564043225968,2613,2613,0.00353769475459582,0.00899782629299215
0.640781228015947,0.244059544729522,2614,2614,0.00474919274980976,0.0058688619219489
0.643176949262346,0.246251408323649,2615,2615,0.00324711353446524,0.0068274617355926
0.63970438728318,0.244831225844384,2616,2616,0.00375174692290947,0.00456733620605115
0.641743909894723,0.247251827747946,2617,2617,0.00316527503678952,0.00519584419975634
0.638813947129163,0.244629305152357,2618,2618,0.00393221395297139,0.00419537917215665
0.644403207591236,0.245702103633159,2619,2619,0.00569128536389668,0.0081617685659566
0.640851908436928,0.24390972573843,2620,2620,0.00397798242843057,0.00602513130476398
0.645555125257682,0.245279653044338,2621,2621,0.004898668113528,0.00938792358517564
0.641406050181948,0.243684593421375,2622,2622,0.00444511408007536,0.00657791161710419
0.645310714266753,0.245256320907071,2623,2623,0.00420912448193906,0.0091636101808625
0.64244148895671,0.243203911789282,2624,2624,0.00352772406327006,0.00766825627836515
0.64487629572454,0.245850923994058,2625,2625,0.00359652020832687,0.00857081647201311
0.642178484014666,0.24348529477885,2626,2626,0.00358808996623252,0.00728540249675006
0.64085206377033,0.244582566717033,2628,2628,0.00172145182067589,0.00556422777925354
0.64384628731428,0.246600659510309,2629,2629,0.00361082721179189,0.00738678290596375
0.641418375222238,0.24417515823065,2630,2630,0.00343188193041529,0.00625945876093959
0.644553927144097,0.245898891385941,2631,2631,0.00357811987576201,0.00824784223568299
0.640547391748583,0.244579951556064,2632,2632,0.00421804790754473,0.00533899846791275
0.645982345489781,0.245196594445696,2633,2633,0.00546982363722043,0.0098198367951029
0.641053044431548,0.244228643552868,2634,2634,0.00502343884740555,0.00594914323112825
0.645828286383758,0.245046754361819,2635,2635,0.00484481588895481,0.00972118108151799
0.640598494371405,0.244608591384732,2636,2636,0.00524811502226853,0.00535719631337738
0.645033839238649,0.245578053565292,2637,2637,0.00454005958230984,0.00880027481168607
0.644445372157047,0.246239675830345,2639,2639,0.00088545893622631,0.00805336238756953
0.643593874880895,0.243750188768211,2640,2640,0.00263108218112373,0.00826600108959336
0.643290382870035,0.24634568755655,2641,2641,0.00261318222880171,0.00691005265917065
0.639966754996571,0.243971703944688,2642,2642,0.00408439719305759,0.00539411741536014
0.642669920007566,0.246117138357135,2643,2643,0.00345108532128363,0.00638643839507198
0.639993309714708,0.243953637762576,2644,2644,0.00344165330655052,0.00542472825815535
0.64178149988313,0.246207939482733,2645,2645,0.00287741208796099,0.00552139881412266
0.640692667441279,0.244216716821365,2646,2646,0.00226947654175426,0.0056952242039845
0.641037780848008,0.246770955681894,2647,2647,0.00257744823811082,0.00463078552351575
0.639278047255111,0.244464739081724,2648,2648,0.00290091318809612,0.00458733967926699
0.641670596641246,0.246908217310977,2649,2649,0.00341977753983045,0.00519948149099234
0.638780126994929,0.244694570054439,2650,2650,0.00364074840556968,0.00412204013790585
0.642553933297583,0.246075675169691,2651,2651,0.00401858997029136,0.00629100255340299
0.638690022000193,0.245072389249251,2652,2652,0.00399204122627155,0.00375430255154729
0.64109789363489,0.246976979852212,2653,2653,0.00307006696572988,0.00462855278557869
0.638198513363122,0.245640156682071,2654,2654,0.00319272644436429,0.00301192079206869
0.641143968112818,0.247081133400934,2655,2655,0.00327904217521089,0.00464641792930877
0.639301481847039,0.244689729530149,2656,2656,0.00301886868094483,0.00441931382864381
0.641609329560035,0.246571616867026,2657,2657,0.00297786181933929,0.0052360108489501
0.64206930280504,0.24304052308705,2658,2658,0.00356092665876535,0.00750238193242194
0.642635457673908,0.245968741703045,2659,2659,0.00298244792051808,0.00640446506228564
0.641705088008655,0.243342938818989,2660,2660,0.00278575456563203,0.00703016373854541
0.642029052819661,0.246504601835933,2661,2661,0.00317821746132666,0.00565594893745725
0.640715605694157,0.24410263614128,2662,2662,0.00273762352228805,0.00579203930068058
0.642979142949967,0.246026339703938,2663,2663,0.00297056161448022,0.00670834306069606
0.641793968019561,0.243533265002547,2664,2664,0.00276044581225186,0.00696511531747488
0.643220710911324,0.245744101612118,2665,2665,0.00263123427186097,0.00703133209922474
0.642076612756207,0.243466273486206,2666,2666,0.00254901187908923,0.00722073882759069
0.642296731737699,0.245888919815372,2667,2667,0.00243262566011184,0.00611836702942739
0.642368961985232,0.243792287256638,2668,2668,0.00209787637743555,0.00723969801428007
0.643213821655274,0.243316338005998,2670,2670,0.000969698690959342,0.0082004881440921
0.644247016078609,0.245558372961896,2671,2671,0.0024686456732142,0.00805957395343686
0.64221663388459,0.243894383210076,2672,2672,0.00262513118680786,0.00705674218187189
0.645215698670284,0.245547297296413,2673,2673,0.00342439988400904,0.00898302462858788
0.641228735417867,0.244717105263699,2674,2674,0.00407248017641659,0.00577209859396962
0.643831533092062,0.246261736119697,2675,2675,0.0030266219146263,0.0074540105777262
0.642253405184488,0.244062449729925,2676,2676,0.00270690751908892,0.00698459923988405
0.641872839189446,0.247175703779371,2677,2677,0.0031364281042253,0.00533690798447259
0.641531438126263,0.244528819945029,2678,2678,0.00266881035640293,0.00612707060899988
0.643954306517376,0.246217976716345,2679,2679,0.00295356426013331,0.00758396944976884
0.640999209037822,0.244966429099027,2680,2680,0.00320920123271824,0.00543872972428591
0.642333564704616,0.246944484725435,2681,2681,0.00238604465730832,0.0058354870430455
0.640107340573134,0.245106063277678,2682,2682,0.00288719020903814,0.00465924209752933
0.642050368539925,0.247150810553895,2683,2683,0.00282070010871927,0.0055158927022116
0.640711651912109,0.245060362469518,2684,2684,0.00248236488112981,0.00515293590010379
0.64272746228643,0.246910951082014,2685,2685,0.0027364520236832,0.0062274487091942
0.640404114328956,0.245092004298542,2686,2686,0.00295068011356726,0.00489318348343452
0.642134763185407,0.24697031659636,2687,2687,0.00255405609814452,0.00563586448152099
0.640193539566791,0.245314251314804,2688,2688,0.00255164679261208,0.0045893592769649
0.642595615033155,0.246919421399746,2689,2689,0.00288903747772511,0.00609678650873496
0.639833213707535,0.245039630031833,2690,2690,0.00334132857867456,0.00450549882134554
0.641358736935316,0.247211415253031,2691,2691,0.00265402942061942,0.00482615375061487
0.640002838331803,0.245143362974123,2692,2692,0.00247291351472405,0.0045567298889504
0.641728295521358,0.246977731113497,2693,2693,0.00251835441980221,0.00523847109308915
0.639648420228751,0.245499099091493,2694,2694,0.00255190789200799,0.00405519910959227
0.641318446156461,0.247677188639539,2695,2695,0.00274464217677477,0.00471101235800613
0.638925399081547,0.245816026381685,2696,2696,0.00303160011426555,0.0033155359439947
0.640503895313724,0.247923156722386,2697,2697,0.00263280242853496,0.00387660291180581
0.63789502540006,0.246151807292352,2698,2698,0.0031533919879556,0.00241706394032639
0.639986725527641,0.247982082094391,2699,2699,0.00277940915928208,0.00335651413747309
0.63852849100585,0.245827300553239,2700,2700,0.00260183231793144,0.00304645125200587
0.640827350118376,0.247008511000421,2701,2701,0.00258457179040859,0.00435965029216061
0.639168749040187,0.245361990672322,2702,2702,0.00233708937086563,0.00381458520057406
0.63992367955051,0.247698403538191,2703,2703,0.00245535031211736,0.00332587739189873
0.638672464850959,0.245745463038603,2704,2704,0.00231937811046487,0.00320056154042737
0.640697916681361,0.247382577386879,2705,2705,0.00260434224068383,0.00414428358143674
0.638118105155957,0.245984791117876,2706,2706,0.00293414961452557,0.00267772199543433
0.638904202712767,0.248017637988139,2707,2707,0.00217954485311975,0.00227450618095034
0.638118105155957,0.245984791117876,2708,2708,0.00217954485311975,0.00267772199543433
0.639477642713522,0.247438918700192,2709,2709,0.00199068565978711,0.00294379611391686
0.637508349812509,0.24592045092839,2710,2710,0.00248673659722568,0.00245536439599832
0.639697690076144,0.24749581815924,2711,2711,0.00269721943897953,0.00314302927216492
0.637508349812509,0.24592045092839,2712,2712,0.00269721943897953,0.00245536439599832
0.639697690076144,0.24749581815924,2713,2713,0.00269721943897953,0.00314302927216492
0.637823794733031,0.245902429733302,2714,2714,0.00245975007528279,0.0026000456334668
0.64127101367652,0.247417263249087,2715,2715,0.00376537368994033,0.00470104866758588
0.640637163148088,0.245155105987768,2716,2716,0.0023492811597022,0.0050361093420522
0.642408048805191,0.247173807955868,2717,2717,0.00268536657582232,0.00586310668276553
0.64087447773709,0.245240224139002,2718,2718,0.00246791138369315,0.00517713420588899
0.642315554359121,0.247274282190422,2719,2719,0.00249280845375465,0.00575480807888149
0.640542821009725,0.245473348173599,2720,2720,0.0025270431062827,0.00477174181158533
0.640720786821844,0.245395188489441,2722,2722,0.000194372751461795,0.00496244071627524
0.641670130628582,0.247242684754545,2723,2723,0.0020771365176524,0.00512509556341409
0.640429166342005,0.245482810106318,2724,2724,0.00215340454583707,0.00467366087504136
0.641006312325107,0.247513604792128,2725,2725,0.00211121399714119,0.00442410299146993
0.638498932443294,0.245750531213958,2726,2726,0.00306518878925285,0.00308913204250541
0.640732818897657,0.24714989831005,2727,2727,0.00263599638858083,0.00423106444886395
0.63979941353948,0.245279048385714,2728,2728,0.00209077138923928,0.00431518168157618
0.64335065857282,0.246295092230557,2729,2729,0.00369373610067986,0.00698185062362761
0.641714661943676,0.2442322002625,2730,2730,0.00263287072269885,0.0064531610063676
0.643498118240869,0.246163725793508,2731,2731,0.00262897456072385,0.00716028202530718
0.642315655512772,0.243819140412456,2732,2732,0.00262589008002645,0.00718110219639817
0.645030521324325,0.245604495422767,2733,2733,0.00324930590858754,0.00878921517639237
0.64317911898327,0.243659167912215,2734,2734,0.00268551480200251,0.00797185693789425
0.644789867521039,0.246552393770801,2735,2735,0.00331138441149854,0.0083195936762462
0.644613782219755,0.243656594507853,2736,2736,0.0029011479460066,0.00918692841950514
0.643059637843587,0.246583338142435,2737,2737,0.0033137883222289,0.00662567066442048
0.64151231329201,0.244933767125231,2738,2738,0.00226170241382736,0.00587635285853262
0.643135054988078,0.246988694343491,2739,2739,0.00261839960367082,0.00661165626507216
0.641317195917925,0.245143566192757,2740,2740,0.00259019487521083,0.00559769578396468
0.642395001727286,0.247380859116007,2741,2741,0.00248337371072434,0.00581693298201057
0.641161304216532,0.245454022592549,2742,2742,0.00228794854316536,0.00529981770716508
0.643079070760777,0.247149044839339,2743,2743,0.00255947825451566,0.0065285262412065
0.64263613166735,0.244649112267284,2744,2744,0.00253886941478041,0.0069784810005955
0.64335438406261,0.247533919976706,2745,2745,0.00297287773439094,0.00675057602633801
0.642488271145754,0.244858758477565,2746,2746,0.00281187493164814,0.00674503995273075
0.643829947987665,0.247072967495732,2747,2747,0.00258898017069508,0.00728189360784639
0.640493732696786,0.245773497750698,2748,2748,0.00358035669806147,0.00456420447672471
0.643006838248423,0.24709878884084,2749,2749,0.00284114342955056,0.00646577480245313
0.640345716897185,0.245544930237373,2750,2750,0.00308156509027199,0.00456964074160914
0.642825315594443,0.247017891339598,2751,2751,0.00288409849140272,0.00630194866661797
0.640571371076887,0.245349359244511,2752,2752,0.00280432973106876,0.00486712452878784
0.641163884098245,0.247368778589918,2753,2753,0.00210454892389859,0.00460419520740567
0.638974701847828,0.245608916542874,2754,2754,0.00280884911488078,0.00350113596625138
0.641163884098245,0.247368778589918,2755,2755,0.00280884911488078,0.00460419520740567
0.638974701847828,0.245608916542874,2756,2756,0.00280884911488078,0.00350113596625138
0.640010135023482,0.247977119325611,2757,2757,0.00258466753788727,0.00338021473516294
0.637966905872128,0.246055329326344,2758,2758,0.00280500662498782,0.00253687352558103
0.640736367757709,0.248044791491731,2759,2759,0.00340996757216141,0.00410155523692642
0.638719066016489,0.246122009119273,2760,2760,0.00278686174163066,0.00295231837058407
0.640736367757709,0.248044791491731,2761,2761,0.00278686174163066,0.00410155523692642
0.638719066016489,0.246122009119273,2762,2762,0.00278686174163066,0.00295231837058407
0.640736367757709,0.248044791491731,2763,2763,0.00278686174163066,0.00410155523692642
0.638719066016489,0.246122009119273,2764,2764,0.00278686174163066,0.00295231837058407
0.641055266322021,0.247932814765133,2765,2765,0.00295581612328076,0.00442595973168207
0.639024593281183,0.24601235426863,2766,2766,0.00279496002071855,0.00324843036358572
0.640075302070908,0.248107391200937,2767,2767,0.00234375099115409,0.00343862482440041
0.638015681089865,0.246204949863234,2768,2768,0.00280380484858594,0.00243790183607743
0.640075302070908,0.248107391200937,2769,2769,0.00280380484858594,0.00343862482440041
0.638015681089865,0.246204949863234,2770,2770,0.00280380484858594,0.00243790183607743
0.640075302070908,0.248107391200937,2771,2771,0.00280380484858594,0.00343862482440041
0.638015681089865,0.246204949863234,2772,2772,0.00280380484858594,0.00243790183607743
0.639756403506596,0.248218732224389,2773,2773,0.00266184784129542,0.00311799433710475
0.637710153825171,0.246313967482272,2774,2774,0.00279557981133501,0.00218366941043704
0.639756403506596,0.248218732224389,2775,2775,0.00279557981133501,0.00311799433710475
0.637710153825171,0.246313967482272,2776,2776,0.00279557981133501,0.00218366941043704
0.639756403506596,0.248218732224389,2777,2777,0.00279557981133501,0.00311799433710475
0.637710153825171,0.246313967482272,2778,2778,0.00279557981133501,0.00218366941043704
0.639756403506596,0.248218732224389,2779,2779,0.00279557981133501,0.00311799433710475
0.637710153825171,0.246313967482272,2780,2780,0.00279557981133501,0.00218366941043704
0.64047979188974,0.248287050900031,2781,2781,0.00340058130062273,0.00384202905369087
0.638459383961257,0.246381384236368,2782,2782,0.00277733930776806,0.00258529267075472
0.64047979188974,0.248287050900031,2783,2783,0.00277733930776806,0.00384202905369087
0.638459383961257,0.246381384236368,2784,2784,0.00277733930776806,0.00258529267075472
0.64047979188974,0.248287050900031,2785,2785,0.00277733930776806,0.00384202905369087
0.638459383961257,0.246381384236368,2786,2786,0.00277733930776806,0.00258529267075472
0.64047979188974,0.248287050900031,2787,2787,0.00277733930776806,0.00384202905369087
0.638459383961257,0.246381384236368,2788,2788,0.00277733930776806,0.00258529267075472
0.639756403506596,0.248218732224389,2789,2789,0.00224902363928801,0.00311799433710475
0.637710153825171,0.246313967482272,2790,2790,0.00279557981133501,0.00218366941043704
0.640075302070908,0.248107391200937,2791,2791,0.00296821408577328,0.00343862482440041
0.638015681089865,0.246204949863234,2792,2792,0.00280380484858594,0.00243790183607743
0.640075302070908,0.248107391200937,2793,2793,0.00280380484858594,0.00343862482440041
0.638015681089865,0.246204949863234,2794,2794,0.00280380484858594,0.00243790183607743
0.640075302070908,0.248107391200937,2795,2795,0.00280380484858594,0.00343862482440041
0.638015681089865,0.246204949863234,2796,2796,0.00280380484858594,0.00243790183607743
0.640075302070908,0.248107391200937,2797,2797,0.00280380484858594,0.00343862482440041
0.638015681089865,0.246204949863234,2798,2798,0.00280380484858594,0.00243790183607743
0.639756403506596,0.248218732224389,2799,2799,0.00266184784129542,0.00311799433710475
0.637710153825171,0.246313967482272,2800,2800,0.00279557981133501,0.00218366941043704
0.639756403506596,0.248218732224389,2801,2801,0.00279557981133501,0.00311799433710475
0.637710153825171,0.246313967482272,2802,2802,0.00279557981133501,0.00218366941043704
0.639756403506596,0.248218732224389,2803,2803,0.00279557981133501,0.00311799433710475
0.637710153825171,0.246313967482272,2804,2804,0.00279557981133501,0.00218366941043704
0.639756403506596,0.248218732224389,2805,2805,0.00279557981133501,0.00311799433710475
0.637710153825171,0.246313967482272,2806,2806,0.00279557981133501,0.00218366941043704
0.640075302070908,0.248107391200937,2807,2807,0.00296821408577328,0.00343862482440041
0.638015681089865,0.246204949863234,2808,2808,0.00280380484858594,0.00243790183607743
0.640075302070908,0.248107391200937,2809,2809,0.00280380484858594,0.00343862482440041
0.638015681089865,0.246204949863234,2810,2810,0.00280380484858594,0.00243790183607743
0.640075302070908,0.248107391200937,2811,2811,0.00280380484858594,0.00343862482440041
0.638015681089865,0.246204949863234,2812,2812,0.00280380484858594,0.00243790183607743
0.64088248374611,0.247999843971717,2813,2813,0.00338233681506156,0.00424960222334291
0.638841399557147,0.2460924463041,2814,2814,0.00279359813302943,0.00306021758146605
0.640562663817112,0.248111856892687,2815,2815,0.0026534448888059,0.00392564985179703
0.638879788647009,0.245890791165314,2816,2816,0.00278661116832976,0.00322999690081085
0.640844400934796,0.247864759843194,2817,2817,0.00278500516742338,0.00422067631846198
0.638879788647009,0.245890791165314,2818,2818,0.00278500516742338,0.00322999690081085
0.640844400934796,0.247864759843194,2819,2819,0.00278500516742338,0.00422067631846198
0.638879788647009,0.245890791165314,2820,2820,0.00278500516742338,0.00322999690081085
0.640119089565256,0.247797209029045,2821,2821,0.00227382845375821,0.00350584768601757
0.638104734782947,0.245732170905973,2822,2822,0.00288478901113265,0.00288482092174076
0.640119089565256,0.247797209029045,2823,2823,0.00288478901113265,0.00350584768601757
0.638014193412326,0.246053484291337,2824,2824,0.00273334296704864,0.00256351017624256
0.639960231930062,0.248052836169726,2825,2825,0.0027900669967099,0.00332585324938806
0.638014193412326,0.246053484291337,2826,2826,0.0027900669967099,0.00256351017624256
0.639960231930062,0.248052836169726,2827,2827,0.0027900669967099,0.00332585324938806
0.638014193412326,0.246053484291337,2828,2828,0.0027900669967099,0.00256351017624256
0.639960231930062,0.248052836169726,2829,2829,0.0027900669967099,0.00332585324938806
0.638014193412326,0.246053484291337,2830,2830,0.0027900669967099,0.00256351017624256
0.639960231930062,0.248052836169726,2831,2831,0.0027900669967099,0.00332585324938806
0.637898822915399,0.246435342824092,2832,2832,0.00262024652445228,0.00218204022026794
0.639914124708326,0.248364128267363,2833,2833,0.00278956172234078,0.00327903795712507
0.638245874205473,0.246123534781078,2834,2834,0.00279344212595359,0.00263905412195725
0.640198193233144,0.248116310273023,2835,2835,0.00278974976424461,0.00356119401589479
0.638476700993478,0.245926267919287,2836,2836,0.00278564553423219,0.00293677614483909
0.64051010720299,0.247834187911687,2837,2837,0.00278835067921547,0.00389053104261516
0.639099686557853,0.246042772373763,2838,2838,0.00228001228631427,0.0032837695585866
0.640164982466019,0.247949788418399,2839,2839,0.00218439134919876,0.00353664664232476
0.639099686557853,0.246042772373763,2840,2840,0.00218439134919876,0.0032837695585866
0.640993469931678,0.247966624815661,2841,2841,0.00269955990583153,0.00436222471434272
0.638911218237729,0.246125617530313,2842,2842,0.00277940280306005,0.0030883019256471
0.640188449944389,0.248074093027861,2843,2843,0.00232978058989303,0.00355289667556684
0.639218674900583,0.24601547650648,2844,2844,0.00227560225384215,0.00339152501511138
0.641314205740984,0.247854133007059,2845,2845,0.00278781405947254,0.00468981921080486
0.639218674900583,0.24601547650648,2846,2846,0.00278781405947254,0.00339152501511138
0.641314205740984,0.247854133007059,2847,2847,0.00278781405947254,0.00468981921080486
0.639585025142214,0.245701869163208,2848,2848,0.00276085225912409,0.00387377127537084
0.642424031612891,0.246891470404674,2849,2849,0.00307816647604428,0.00593542113489909
0.640270841406803,0.245265342039179,2850,2850,0.00269824415586516,0.00468018374988582
0.642884122930941,0.246705192710828,2851,2851,0.00298369071471039,0.00642597053939326
0.64157970230212,0.244672364767358,2852,2852,0.00241534730932139,0.00608091595735038
0.643684002775759,0.246479245943027,2853,2853,0.00277360777081838,0.00725662210855462
0.640502067030838,0.244958511481145,2854,2854,0.00352666249992275,0.00505396748099812
0.642565946953294,0.246641841499538,2855,2855,0.00266330626949664,0.00613313673608481
0.640401505585951,0.244901681175624,2856,2856,0.0027772224227797,0.00501489472166633
0.643525830530542,0.246387046634535,2857,2857,0.00345943881372682,0.00712626153743139
0.640474705523694,0.245029664224546,2858,2858,0.00333943869750005,0.00498731717019086
0.643993766270958,0.246311890943125,2859,2859,0.00374538301122484,0.0075979569437787
0.640797520284795,0.244984165690161,2860,2860,0.00346104648212376,0.00526748839203207
0.642560644290221,0.247146452686613,2861,2861,0.00278999844328539,0.00601813457038469
0.640694547720353,0.244963163669351,2862,2862,0.00287211896358248,0.00519968293337974
0.642374837437468,0.246969321370579,2863,2863,0.00261687643109856,0.00587044729335983
0.639062766759813,0.245707446824114,2864,2864,0.0035443108702255,0.00348898952384953
0.642082356158335,0.247375767011982,2865,2865,0.00344981338407083,0.00550848866791661
0.64074453928381,0.245499570898918,2866,2866,0.00230431461489966,0.00492363809312014
0.643313784971049,0.247162821840944,2867,2867,0.00306062527885174,0.00675802862939246
0.641007655689503,0.245274416432647,2868,2868,0.00298065550664431,0.00526748438016682
0.641604239990834,0.247868752692991,2869,2869,0.00266204685539724,0.00497799389029512
0.641867884526937,0.247596490508195,2871,2871,0.000378992267317993,0.0052661052185111
0.640556128697765,0.245306357162574,2872,2872,0.00263920709609757,0.00488033571468547
0.642849144003468,0.247493827582998,2873,2873,0.00316906074924705,0.00625264175490763
0.640863312575697,0.244973759761854,2874,2874,0.00320846821438032,0.00532591938987084
0.642796120147515,0.247785847517982,2875,2875,0.00341226942925701,0.00617275383103354
0.640682404113449,0.245758285797364,2876,2876,0.00292895920142001,0.00473253590302424
0.642759615651676,0.247480037163881,2877,2877,0.00269800584555459,0.00616535431474159
0.640727886058407,0.24525550375383,2878,2878,0.00301271871116409,0.00504891500372079
0.643937645131307,0.247249295529097,2879,2879,0.00377859219143666,0.00736304241901585
0.640772720338609,0.245176883213251,2880,2880,0.0037830730564324,0.00513147423119107
0.643006840041115,0.247183618419033,2881,2881,0.0030030446269162,0.0064516529814328
0.641724306746366,0.244858305655339,2882,2882,0.00265555476334752,0.00609459394250902
0.642520563733752,0.24796959778374,2883,2883,0.00321156720281718,0.0058873349695791
0.640421234109974,0.245386181465622,2884,2884,0.00332884735937086,0.0047244767564076
0.641206051833464,0.248417592296308,2885,2885,0.00313135601353543,0.00457206463382696
0.640709425267113,0.245196517894939,2886,2886,0.00325913458537083,0.00506889448429765
0.641224417191288,0.247943450300921,2887,2887,0.0027947905690766,0.00459413101234714
0.639783331544442,0.245536582235118,2888,2888,0.00280530599538226,0.0041319121974632
0.641036410896431,0.248184874168797,2889,2889,0.00292978805178301,0.0043981149421224
0.639618953850871,0.245706860685457,2890,2890,0.00285477412409857,0.00389642472097078
0.641224417191288,0.247943450300921,2891,2891,0.00275315194739126,0.00459413101234714
0.639419984946286,0.245650591747697,2892,2892,0.00291773475009213,0.00378434183710436
0.641964540265668,0.24818078923851,2893,2893,0.00358840648699548,0.00532625029984372
0.639301546934918,0.245923048134261,2894,2894,0.00349126458084089,0.00351459777293045
0.641722581945514,0.248142367340411,2895,2895,0.00328432462788285,0.00508471300639287
0.640674420821873,0.245259784328607,2896,2896,0.0030672343505271,0.00500317699976924
0.641861487467146,0.248125419378694,2897,2897,0.00310177230960089,0.00522387227727357
0.639509950149189,0.245902419739684,2898,2898,0.00323596278606277,0.00368793839571997
0.641304172365164,0.248543828752234,2899,2899,0.00319316064924374,0.00467722757549772
0.638566189222696,0.246218495197685,2900,2900,0.00359217591834675,0.00277642048208309
0.64034078445028,0.248606295031867,2901,2901,0.00297502542340116,0.00372283319859084
0.64020770133094,0.245443226418469,2902,2902,0.00316586704864825,0.00452007764252092
0.641593080330863,0.247915404350217,2903,2903,0.00283389108817712,0.00496381310612189
0.640766365029127,0.245311309058963,2904,2904,0.00273217321487049,0.00504780866585905
0.640305889831029,0.248816450506938,2905,2905,0.00353525868620325,0.00371622159591999
0.638876645198466,0.246078871141348,2906,2906,0.00308821647599618,0.00309504758430579
0.640238199842766,0.248960766538612,2907,2907,0.0031873424871178,0.00367591654558994
0.638876645198466,0.246078871141348,2908,2908,0.0031873424871178,0.00309504758430579
0.641113907713044,0.248284677658253,2909,2909,0.00314180297745681,0.00447601644634115
0.64037818150035,0.245363383878064,2910,2910,0.00301251562821107,0.00470386900403961
0.640344410076987,0.24889984927963,2911,2911,0.00353662664774065,0.00376846791024538
0.639078858086974,0.246162607129743,2912,2912,0.00301564527531734,0.00318973697078349
0.639318170027117,0.249108722905331,2913,2913,0.00295581940718028,0.00282437724474835
0.638510702571421,0.246221810456495,2914,2914,0.0029977103227718,0.0027357668681369
0.639751761199179,0.24889796199985,2915,2915,0.00294991755826058,0.0031870509573537
0.638744051881978,0.246022931439339,2916,2916,0.00304651912710979,0.00304066451369206
0.640912374140828,0.248624262614157,2917,2917,0.00338652407333895,0.00429336800096872
0.639049493074103,0.24594341818569,2918,2918,0.00326454479497605,0.00331366845510798
0.6406113396284,0.248499757607003,2919,2919,0.00299570290518409,0.00398301183329072
0.639691284154631,0.245418064143734,2920,2920,0.00321610582480852,0.00414143702865905
0.641136795122485,0.248026061306137,2921,2921,0.00298180333980773,0.00450241611449127
0.639697978618185,0.245593809761183,2922,2922,0.00282595833496836,0.004029847074264
0.641538398901035,0.248038913027075,2923,2923,0.00306033932732982,0.00490320738682243
0.639163928252551,0.245886985820743,2924,2924,0.00320451268711238,0.00343584912931119
0.639875489346559,0.248852029047215,2925,2925,0.00304922949699649,0.00329886815306521
0.638813119214682,0.245729108217366,2926,2926,0.00329867622033587,0.00330403854443295
0.640342614037594,0.248201785562658,2927,2927,0.00290748820586343,0.00370423347575233
0.639269845507169,0.245551683652509,2928,2928,0.00285899850542903,0.00374511754501606
0.639084397266169,0.24894271057544,2929,2929,0.00339609402728089,0.00255150536436101
0.637987792848301,0.246044558875594,2930,2930,0.00309868109437028,0.00255701593201503
0.640692966884563,0.248819055739868,2931,2931,0.00387502250526787,0.00409908024099359
0.6394755933283,0.246037409337624,2932,2932,0.00303637202638373,0.00357745918760099
0.639777396412924,0.248664028827749,2933,2933,0.00264390148224041,0.00317072286832913
0.638414165839934,0.246004242941228,2934,2934,0.00298878881108564,0.00283682241657369
0.640573611147765,0.248647016063664,2935,2935,0.00341283662283785,0.00395867646060298
0.63991084132257,0.245679771431955,2936,2936,0.003040362568115,0.00414053078586699
0.642122450065654,0.247900876467938,2937,2937,0.00313440916495512,0.00549311739510743
0.64047302667018,0.245404539768784,2938,2938,0.00299203851129627,0.00475516806265196
0.642137160004576,0.247891544902495,2939,2939,0.00299241278732607,0.00550834577822405
0.642114694614428,0.244702942410936,2940,2940,0.00318868163085165,0.00650653921266121
0.642417960006356,0.247857577673594,2941,2941,0.00316917868514015,0.00579068665678172
0.641787818915241,0.244960414278111,2942,2942,0.00296490025714834,0.00609251662837451
0.642733929938432,0.248006512696423,2943,2943,0.00318964600578912,0.00609913722992412
0.64042820850141,0.24549562236,2944,2944,0.00340894729010074,0.00466540016693524
0.640972205668468,0.248570416095099,2945,2945,0.00312254534493435,0.00434821970875055
0.639759799221981,0.245748605711567,2946,2946,0.0030712445737994,0.00397916626339952
0.640368533230273,0.248758418946074,2947,2947,0.00307075443490109,0.00376927764716106
0.639192736749913,0.2459039985273,2948,2948,0.00308710435365264,0.00344563889258645
0.640573984026165,0.248572122567247,2949,2949,0.00300445168553216,0.00395160515284744
0.639192736749913,0.2459039985273,2950,2950,0.00300445168553216,0.00344563889258645
0.64094269518214,0.248497635628223,2951,2951,0.0031287869735421,0.00431345417662122
0.63827335773672,0.246172954888828,2952,2952,0.00353970379235823,0.00261711462931631
0.64094269518214,0.248497635628223,2953,2953,0.00353970379235823,0.00431345417662122
0.638041941850954,0.246326232602672,2954,2954,0.00362344601005158,0.00235439140049372
0.638762729470344,0.249056160137238,2955,2955,0.00282347996915995,0.00228422802348815
0.637860439561625,0.246179032293038,2956,2956,0.00301529297270548,0.00237587639565842
0.639186380124566,0.248816272829385,2957,2957,0.00295180555304785,0.00261760064039334
0.638360919294868,0.246078649129108,2958,2958,0.00285936515780757,0.0027454708487999
0.639812036945148,0.248686680867126,2959,2959,0.00298455557520096,0.00320826152960028
0.63892295245473,0.245827224743449,2960,2960,0.00299448836269833,0.00330574583976783
0.640534031436887,0.248755166545276,2961,2961,0.00334191841337189,0.00393268188668425
0.639903792063081,0.245676468140024,2962,2962,0.00314254443704406,0.00413698908895086
0.640830267544098,0.248741214312583,2963,2963,0.00320172233635909,0.00422456562136911
0.637438940653074,0.246196375144099,2964,2964,0.00423996515023797,0.00217299565344192
0.639186380124566,0.248816272829385,2965,2965,0.00314919173565137,0.00261760064039334
0.63818970516658,0.246263759092877,2966,2966,0.0027401984137902,0.00249396571158049
0.639907940687076,0.248885673065843,2967,2967,0.00313476732558071,0.00333730012627235
0.63818970516658,0.246263759092877,2968,2968,0.00313476732558071,0.00249396571158049
0.640210249382906,0.248868181160353,2969,2969,0.00329630296479017,0.00363079535744861
0.639766206580267,0.246005169904008,2970,2970,0.00289724135420813,0.00383056962534351
0.641234169166031,0.248720166185429,2971,2971,0.00308644114820501,0.00462327194998869
0.640163807944453,0.245886428455645,2972,2972,0.00302914883521085,0.00422585431759672
0.641859770931328,0.248588098810532,2973,2973,0.00318987666835646,0.00523456469299918
0.639593465282834,0.246106035610467,2974,2974,0.00336106813699343,0.00363133243528291
0.641540727920389,0.248699261494968,2975,2975,0.00324293883193368,0.00492602709003025
0.639296315937341,0.246248999219882,2976,2976,0.00332282565994045,0.00330691333268593
0.641013968167068,0.248761362426876,2977,2977,0.00304340238321245,0.0044093471977429
0.640778493387675,0.245259121208497,2978,2978,0.00351014841900496,0.00508788846302388
0.640778493387675,0.245259121208497,2980,2980,0,0.00508788846302388
0.641790099154201,0.248365044235351,2981,2981,0.00326651252494318,0.00515382922205979
0.64106108201978,0.244974094452974,2982,2982,0.00346842996309312,0.00548392859586303
0.642373164732651,0.247812576950707,2983,2983,0.00312706634649022,0.00574896491496972
0.640810198624405,0.245557282822919,2984,2984,0.00274394144586956,0.00494726818575107
0.642352692388912,0.24791298580201,2985,2985,0.00281578115968573,0.00572233940271284
0.639538906387375,0.246283309618851,2986,2986,0.00325165129194405,0.00348572147711745
0.640133349294879,0.248974306085181,2987,2987,0.00275587088813724,0.00357614492653315
0.638643135776456,0.246625361550776,2988,2988,0.00278177582781245,0.0025594472672141
0.640133349294879,0.248974306085181,2989,2989,0.00278177582781245,0.00357614492653315
0.6404348656364,0.245661707498503,2990,2990,0.00332629245567274,0.00457605050055872
0.64050852101235,0.248795480291848,2991,2991,0.00313463826217886,0.00391317429976724
0.64036010576123,0.245884851021049,2992,2992,0.00291441071896136,0.00439178632111429
0.64099079614332,0.248267977296397,2993,2993,0.00246516960923883,0.00435269015497589
0.641210111452924,0.24499201367256,2994,2994,0.00328329664662363,0.00559446299484049
0.641042268275241,0.248280461184336,2995,2995,0.00329272810447515,0.00440432223101103
0.640675216945342,0.245481698740456,2996,2996,0.00282272880313603,0.00487597787666651
0.642156497257801,0.247949080021446,2997,2997,0.0028778745194776,0.00552456530108067
0.639882715408279,0.246070557831681,2998,2998,0.00294939477124632,0.00388982669815078
0.642239707828313,0.247981963917614,2999,2999,0.00303461471911004,0.00560620757178593
0.64037249346511,0.245624652148105,3000,3000,0.00300722600694012,0.00454546538095079
0.641488650118939,0.248471164554475,3001,3001,0.00305752163614664,0.0048569192006526
0.639172560511841,0.246160021712559,3002,3002,0.0032719493125424,0.00326361473361599
0.642349781757487,0.247872803680365,3003,3003,0.00360948152966957,0.00572170619407124
0.640276592640594,0.245735659769921,3004,3004,0.00297749848167072,0.00440353647578165
0.64189049200644,0.248106489536365,3005,3005,0.00286801411163455,0.00525323489232859
0.640396354908066,0.245717059736557,3006,3006,0.00281812356665706,0.00451326326901291
0.641137437417628,0.248552299494957,3007,3007,0.00293049275269377,0.00451153893514295
0.639179263199769,0.246120329465765,3008,3008,0.00312232677507905,0.00329393811848397
0.640899793341218,0.248547968126863,3009,3009,0.00297550893739075,0.0042742524451524
0.640573848551358,0.245641411516338,3010,3010,0.00292477543346895,0.00470307951615252
0.642109087970199,0.248004168398743,3011,3011,0.00281772606165248,0.00547479855631053
0.640444113815801,0.245505730115161,3012,3012,0.00300238784831035,0.0046724581353611
0.642135424420405,0.247782928384931,3013,3013,0.00283657602067872,0.00551408977701134
0.639471640166213,0.245866347154888,3014,3014,0.00328162005177844,0.00368111310432319
0.64132464535711,0.248454092776275,3015,3015,0.00318277483314459,0.00469225258545608
0.639472526703874,0.246099543689554,3016,3016,0.00299570440922387,0.00353749707997797
0.641230058768725,0.248431391698755,3017,3017,0.00292000583852052,0.00459667279436288
0.64153614240785,0.244948314289249,3018,3018,0.00349650045541984,0.00588804500216271
0.64276554741719,0.247700025589828,3019,3019,0.00301385994344874,0.00614886976749151
0.639775704536373,0.245758721940373,3020,3020,0.00356480298352655,0.003985408445258
0.641423132441116,0.248119225030863,3021,3021,0.00287854017542555,0.00478571200005778
0.639360913856082,0.245775266357664,3022,3022,0.0031220006012371,0.00365675239679763
0.640961858069453,0.248177868606219,3023,3023,0.00288713005233361,0.00432362106258664
0.639341177287585,0.245858100988199,3024,3024,0.00282982826304541,0.00358708511870773
0.640723007171939,0.24842684973657,3025,3025,0.00291683457905164,0.00409000798057494
0.639413837175302,0.24573455948372,3026,3026,0.00299371890558978,0.00372333412887552
0.640929452315137,0.248218750447883,3027,3027,0.00291003333288919,0.00429104294406786
0.640277157586704,0.245456728882169,3028,3028,0.00283800132878945,0.00456695024251634
0.642497104083969,0.248109509606181,3029,3029,0.00345910508952948,0.00585967168715768
0.64113959915469,0.245234670094316,3030,3030,0.00317923290307537,0.00539928185644888
0.642018103511603,0.24799023844118,3031,3031,0.00289221832152314,0.00538445119842256
0.640242230300828,0.24559433183677,3032,3032,0.00298229678566767,0.0044568475276195
0.639556041686096,0.249171350460252,3033,3033,0.00364224066307057,0.00306989259517996
0.641014274384137,0.245714026625673,3034,3034,0.0037522700727405,0.00504090826913473
0.640772735845172,0.248886530008071,3035,3035,0.00318168486452261,0.00418826205823142
0.63972406731214,0.246250241591842,3036,3036,0.00283720325421263,0.00365890770972676
0.639379666339917,0.249227530454818,3037,3037,0.00299714213931689,0.00292174451728023
0.63814804523528,0.246508249732029,3038,3038,0.00298519315869495,0.00227974775622279
0.637404925135305,0.249765034010787,3039,3039,0.00334048968286869,0.0017278261920308
0.636999104516364,0.247024480167176,3040,3040,0.00277043782541472,0.00124543328252113
0.63806113405764,0.249707463190322,3041,3041,0.00288553368530545,0.00206082503480613
0.636065950755447,0.247085255443496,3042,3042,0.00329495521621522,0.00126787667684349
0.637077895793882,0.249877188823472,3043,3043,0.00296966744923357,0.00171782034349186
0.635515431999748,0.247400610541203,3044,3044,0.002928264519504,0.00138809876277942
0.636356064469264,0.249803755986926,3045,3045,0.00254593224224521,0.0016121345361761
0.635072048971448,0.247222172858111,3046,3046,0.00288327370355538,0.00185533017647963
0.636356064469264,0.249803755986926,3047,3047,0.00288327370355538,0.0016121345361761
0.63563757645987,0.246973844916938,3048,3048,0.00291969547790238,0.0015956050363073
0.63698329017573,0.249677874516549,3049,3049,0.00302038432664225,0.00150148087562913
0.636293529706444,0.246755202832194,3050,3050,0.00300296175125826,0.00150148087562913
0.63698329017573,0.249677874516549,3051,3051,0.00300296175125826,0.00150148087562913
0.636293529706444,0.246755202832194,3052,3052,0.00300296175125826,0.00150148087562913
0.63698329017573,0.249677874516549,3053,3053,0.00300296175125826,0.00150148087562913
0.636293529706444,0.246755202832194,3054,3054,0.00300296175125826,0.00150148087562913
0.63698329017573,0.249677874516549,3055,3055,0.00300296175125826,0.00150148087562913
0.636293529706444,0.246755202832194,3056,3056,0.00300296175125826,0.00150148087562913
0.63698329017573,0.249677874516549,3057,3057,0.00300296175125826,0.00150148087562913
0.636293529706444,0.246755202832194,3058,3058,0.00300296175125826,0.00150148087562913
0.63698329017573,0.249677874516549,3059,3059,0.00300296175125826,0.00150148087562913
0.636293529706444,0.246755202832194,3060,3060,0.00300296175125826,0.00150148087562913
0.63698329017573,0.249677874516549,3061,3061,0.00300296175125826,0.00150148087562913
0.636293529706444,0.246755202832194,3062,3062,0.00300296175125826,0.00150148087562913
0.63698329017573,0.249677874516549,3063,3063,0.00300296175125826,0.00150148087562913
0.636293529706444,0.246755202832194,3064,3064,0.00300296175125826,0.00150148087562913
0.63698329017573,0.249677874516549,3065,3065,0.00300296175125826,0.00150148087562913
0.636293529706444,0.246755202832194,3066,3066,0.00300296175125826,0.00150148087562913
0.63698329017573,0.249677874516549,3067,3067,0.00300296175125826,0.00150148087562913
0.636293529706444,0.246755202832194,3068,3068,0.00300296175125826,0.00150148087562913
0.63698329017573,0.249677874516549,3069,3069,0.00300296175125826,0.00150148087562913
0.636293529706444,0.246755202832194,3070,3070,0.00300296175125826,0.00150148087562913
0.63698329017573,0.249677874516549,3071,3071,0.00300296175125826,0.00150148087562913
0.636293529706444,0.246755202832194,3072,3072,0.00300296175125826,0.00150148087562913
0.63698329017573,0.249677874516549,3073,3073,0.00300296175125826,0.00150148087562913
0.636293529706444,0.246755202832194,3074,3074,0.00300296175125826,0.00150148087562913
0.63698329017573,0.249677874516549,3075,3075,0.00300296175125826,0.00150148087562913
0.636293529706444,0.246755202832194,3076,3076,0.00300296175125826,0.00150148087562913
0.63698329017573,0.249677874516549,3077,3077,0.00300296175125826,0.00150148087562913
0.636293529706444,0.246755202832194,3078,3078,0.00300296175125826,0.00150148087562913
0.63698329017573,0.249677874516549,3079,3079,0.00300296175125826,0.00150148087562913
0.636293529706444,0.246755202832194,3080,3080,0.00300296175125826,0.00150148087562913
0.63698329017573,0.249677874516549,3081,3081,0.00300296175125826,0.00150148087562913
0.636293529706444,0.246755202832194,3082,3082,0.00300296175125826,0.00150148087562913
0.63698329017573,0.249677874516549,3083,3083,0.00300296175125826,0.00150148087562913
0.636293529706444,0.246755202832194,3084,3084,0.00300296175125826,0.00150148087562913
0.63698329017573,0.249677874516549,3085,3085,0.00300296175125826,0.00150148087562913
0.636293529706444,0.246755202832194,3086,3086,0.00300296175125826,0.00150148087562913
0.63698329017573,0.249677874516549,3087,3087,0.00300296175125826,0.00150148087562913
0.636293529706444,0.246755202832194,3088,3088,0.00300296175125826,0.00150148087562913
0.63698329017573,0.249677874516549,3089,3089,0.00300296175125826,0.00150148087562913
0.636293529706444,0.246755202832194,3090,3090,0.00300296175125826,0.00150148087562913
0.63698329017573,0.249677874516549,3091,3091,0.00300296175125826,0.00150148087562913
0.636293529706444,0.246755202832194,3092,3092,0.00300296175125826,0.00150148087562913
0.63698329017573,0.249677874516549,3093,3093,0.00300296175125826,0.00150148087562913
0.636293529706444,0.246755202832194,3094,3094,0.00300296175125826,0.00150148087562913
0.63698329017573,0.249677874516549,3095,3095,0.00300296175125826,0.00150148087562913
0.636293529706444,0.246755202832194,3096,3096,0.00300296175125826,0.00150148087562913
0.63698329017573,0.249677874516549,3097,3097,0.00300296175125826,0.00150148087562913
0.636293529706444,0.246755202832194,3098,3098,0.00300296175125826,0.00150148087562913
0.63698329017573,0.249677874516549,3099,3099,0.00300296175125826,0.00150148087562913
0.636293529706444,0.246755202832194,3100,3100,0.00300296175125826,0.00150148087562913
0.63698329017573,0.249677874516549,3101,3101,0.00300296175125826,0.00150148087562913
0.636293529706444,0.246755202832194,3102,3102,0.00300296175125826,0.00150148087562913
0.63698329017573,0.249677874516549,3103,3103,0.00300296175125826,0.00150148087562913
0.636293529706444,0.246755202832194,3104,3104,0.00300296175125826,0.00150148087562913
0.63698329017573,0.249677874516549,3105,3105,0.00300296175125826,0.00150148087562913
0.636293529706444,0.246755202832194,3106,3106,0.00300296175125826,0.00150148087562913
0.63698329017573,0.249677874516549,3107,3107,0.00300296175125826,0.00150148087562913
0.636293529706444,0.246755202832194,3108,3108,0.00300296175125826,0.00150148087562913
0.63698329017573,0.249677874516549,3109,3109,0.00300296175125826,0.00150148087562913
0.636293529706444,0.246755202832194,3110,3110,0.00300296175125826,0.00150148087562913
0.63698329017573,0.249677874516549,3111,3111,0.00300296175125826,0.00150148087562913
0.636293529706444,0.246755202832194,3112,3112,0.00300296175125826,0.00150148087562913
0.63698329017573,0.249677874516549,3113,3113,0.00300296175125826,0.00150148087562913
0.636293529706444,0.246755202832194,3114,3114,0.00300296175125826,0.00150148087562913
0.63698329017573,0.249677874516549,3115,3115,0.00300296175125826,0.00150148087562913
0.636293529706444,0.246755202832194,3116,3116,0.00300296175125826,0.00150148087562913
0.63698329017573,0.249677874516549,3117,3117,0.00300296175125826,0.00150148087562913
0.636293529706444,0.246755202832194,3118,3118,0.00300296175125826,0.00150148087562913
0.63698329017573,0.249677874516549,3119,3119,0.00300296175125826,0.00150148087562913
0.636293529706444,0.246755202832194,3120,3120,0.00300296175125826,0.00150148087562913
0.63698329017573,0.249677874516549,3121,3121,0.00300296175125826,0.00150148087562913
0.636293529706444,0.246755202832194,3122,3122,0.00300296175125826,0.00150148087562913
0.63698329017573,0.249677874516549,3123,3123,0.00300296175125826,0.00150148087562913
0.636293529706444,0.246755202832194,3124,3124,0.00300296175125826,0.00150148087562913
0.63698329017573,0.249677874516549,3125,3125,0.00300296175125826,0.00150148087562913
0.636293529706444,0.246755202832194,3126,3126,0.00300296175125826,0.00150148087562913
0.63698329017573,0.249677874516549,3127,3127,0.00300296175125826,0.00150148087562913
0.636293529706444,0.246755202832194,3128,3128,0.00300296175125826,0.00150148087562913
0.63698329017573,0.249677874516549,3129,3129,0.00300296175125826,0.00150148087562913
0.636293529706444,0.246755202832194,3130,3130,0.00300296175125826,0.00150148087562913
0.63698329017573,0.249677874516549,3131,3131,0.00300296175125826,0.00150148087562913
0.636293529706444,0.246755202832194,3132,3132,0.00300296175125826,0.00150148087562913
0.63698329017573,0.249677874516549,3133,3133,0.00300296175125826,0.00150148087562913
0.636293529706444,0.246755202832194,3134,3134,0.00300296175125826,0.00150148087562913
0.63698329017573,0.249677874516549,3135,3135,0.00300296175125826,0.00150148087562913
0.636293529706444,0.246755202832194,3136,3136,0.00300296175125826,0.00150148087562913
0.63698329017573,0.249677874516549,3137,3137,0.00300296175125826,0.00150148087562913
0.636293529706444,0.246755202832194,3138,3138,0.00300296175125826,0.00150148087562913
0.63698329017573,0.249677874516549,3139,3139,0.00300296175125826,0.00150148087562913
0.636293529706444,0.246755202832194,3140,3140,0.00300296175125826,0.00150148087562913
0.63698329017573,0.249677874516549,3141,3141,0.00300296175125826,0.00150148087562913
0.636293529706444,0.246755202832194,3142,3142,0.00300296175125826,0.00150148087562913
0.63698329017573,0.249677874516549,3143,3143,0.00300296175125826,0.00150148087562913
0.636293529706444,0.246755202832194,3144,3144,0.00300296175125826,0.00150148087562913
0.63698329017573,0.249677874516549,3145,3145,0.00300296175125826,0.00150148087562913
0.636293529706444,0.246755202832194,3146,3146,0.00300296175125826,0.00150148087562913
0.63698329017573,0.249677874516549,3147,3147,0.00300296175125826,0.00150148087562913
0.636293529706444,0.246755202832194,3148,3148,0.00300296175125826,0.00150148087562913
0.63698329017573,0.249677874516549,3149,3149,0.00300296175125826,0.00150148087562913
0.636293529706444,0.246755202832194,3150,3150,0.00300296175125826,0.00150148087562913
0.63698329017573,0.249677874516549,3151,3151,0.00300296175125826,0.00150148087562913
0.636293529706444,0.246755202832194,3152,3152,0.00300296175125826,0.00150148087562913
0.63698329017573,0.249677874516549,3153,3153,0.00300296175125826,0.00150148087562913
0.636293529706444,0.246755202832194,3154,3154,0.00300296175125826,0.00150148087562913
0.63698329017573,0.249677874516549,3155,3155,0.00300296175125826,0.00150148087562913
0.636293529706444,0.246755202832194,3156,3156,0.00300296175125826,0.00150148087562913
0.63698329017573,0.249677874516549,3157,3157,0.00300296175125826,0.00150148087562913
0.636293529706444,0.246755202832194,3158,3158,0.00300296175125826,0.00150148087562913
0.63698329017573,0.249677874516549,3159,3159,0.00300296175125826,0.00150148087562913
0.636293529706444,0.246755202832194,3160,3160,0.00300296175125826,0.00150148087562913
0.63698329017573,0.249677874516549,3161,3161,0.00300296175125826,0.00150148087562913
0.636293529706444,0.246755202832194,3162,3162,0.00300296175125826,0.00150148087562913
0.63698329017573,0.249677874516549,3163,3163,0.00300296175125826,0.00150148087562913
0.636293529706444,0.246755202832194,3164,3164,0.00300296175125826,0.00150148087562913
0.63698329017573,0.249677874516549,3165,3165,0.00300296175125826,0.00150148087562913
0.636293529706444,0.246755202832194,3166,3166,0.00300296175125826,0.00150148087562913
0.63698329017573,0.249677874516549,3167,3167,0.00300296175125826,0.00150148087562913
0.636293529706444,0.246755202832194,3168,3168,0.00300296175125826,0.00150148087562913
0.63698329017573,0.249677874516549,3169,3169,0.00300296175125826,0.00150148087562913
0.636293529706444,0.246755202832194,3170,3170,0.00300296175125826,0.00150148087562913
0.63698329017573,0.249677874516549,3171,3171,0.00300296175125826,0.00150148087562913
0.636293529706444,0.246755202832194,3172,3172,0.00300296175125826,0.00150148087562913
0.63698329017573,0.249677874516549,3173,3173,0.00300296175125826,0.00150148087562913
0.636293529706444,0.246755202832194,3174,3174,0.00300296175125826,0.00150148087562913
0.63698329017573,0.249677874516549,3175,3175,0.00300296175125826,0.00150148087562913
0.636293529706444,0.246755202832194,3176,3176,0.00300296175125826,0.00150148087562913
0.63698329017573,0.249677874516549,3177,3177,0.00300296175125826,0.00150148087562913
0.636293529706444,0.246755202832194,3178,3178,0.00300296175125826,0.00150148087562913
0.63698329017573,0.249677874516549,3179,3179,0.00300296175125826,0.00150148087562913
0.636293529706444,0.246755202832194,3180,3180,0.00300296175125826,0.00150148087562913
0.63698329017573,0.249677874516549,3181,3181,0.00300296175125826,0.00150148087562913
0.636293529706444,0.246755202832194,3182,3182,0.00300296175125826,0.00150148087562913
0.63698329017573,0.249677874516549,3183,3183,0.00300296175125826,0.00150148087562913
0.636293529706444,0.246755202832194,3184,3184,0.00300296175125826,0.00150148087562913
0.63698329017573,0.249677874516549,3185,3185,0.00300296175125826,0.00150148087562913
0.636293529706444,0.246755202832194,3186,3186,0.00300296175125826,0.00150148087562913
0.63698329017573,0.249677874516549,3187,3187,0.00300296175125826,0.00150148087562913
0.636293529706444,0.246755202832194,3188,3188,0.00300296175125826,0.00150148087562913
0.63698329017573,0.249677874516549,3189,3189,0.00300296175125826,0.00150148087562913
0.636293529706444,0.246755202832194,3190,3190,0.00300296175125826,0.00150148087562913
0.63698329017573,0.249677874516549,3191,3191,0.00300296175125826,0.00150148087562913
0.636293529706444,0.246755202832194,3192,3192,0.00300296175125826,0.00150148087562913
0.63698329017573,0.249677874516549,3193,3193,0.00300296175125826,0.00150148087562913
0.636293529706444,0.246755202832194,3194,3194,0.00300296175125826,0.00150148087562913
0.63698329017573,0.249677874516549,3195,3195,0.00300296175125826,0.00150148087562913
0.636293529706444,0.246755202832194,3196,3196,0.00300296175125826,0.00150148087562913
0.63698329017573,0.249677874516549,3197,3197,0.00300296175125826,0.00150148087562913
0.636293529706444,0.246755202832194,3198,3198,0.00300296175125826,0.00150148087562913
0.63698329017573,0.249677874516549,3199,3199,0.00300296175125826,0.00150148087562913
0.636293529706444,0.246755202832194,3200,3200,0.00300296175125826,0.00150148087562913
0.63698329017573,0.249677874516549,3201,3201,0.00300296175125826,0.00150148087562913
0.636293529706444,0.246755202832194,3202,3202,0.00300296175125826,0.00150148087562913
0.63698329017573,0.249677874516549,3203,3203,0.00300296175125826,0.00150148087562913
0.636293529706444,0.246755202832194,3204,3204,0.00300296175125826,0.00150148087562913
0.63698329017573,0.249677874516549,3205,3205,0.00300296175125826,0.00150148087562913
0.636293529706444,0.246755202832194,3206,3206,0.00300296175125826,0.00150148087562913
0.63698329017573,0.249677874516549,3207,3207,0.00300296175125826,0.00150148087562913
0.636293529706444,0.246755202832194,3208,3208,0.00300296175125826,0.00150148087562913
0.63698329017573,0.249677874516549,3209,3209,0.00300296175125826,0.00150148087562913
0.636293529706444,0.246755202832194,3210,3210,0.00300296175125826,0.00150148087562913
0.63698329017573,0.249677874516549,3211,3211,0.00300296175125826,0.00150148087562913
0.636293529706444,0.246755202832194,3212,3212,0.00300296175125826,0.00150148087562913
0.63698329017573,0.249677874516549,3213,3213,0.00300296175125826,0.00150148087562913
0.636293529706444,0.246755202832194,3214,3214,0.00300296175125826,0.00150148087562913
0.63698329017573,0.249677874516549,3215,3215,0.00300296175125826,0.00150148087562913
0.636293529706444,0.246755202832194,3216,3216,0.00300296175125826,0.00150148087562913
0.63698329017573,0.249677874516549,3217,3217,0.00300296175125826,0.00150148087562913
0.636293529706444,0.246755202832194,3218,3218,0.00300296175125826,0.00150148087562913
0.63698329017573,0.249677874516549,3219,3219,0.00300296175125826,0.00150148087562913
0.636293529706444,0.246755202832194,3220,3220,0.00300296175125826,0.00150148087562913
0.63698329017573,0.249677874516549,3221,3221,0.00300296175125826,0.00150148087562913
0.636293529706444,0.246755202832194,3222,3222,0.00300296175125826,0.00150148087562913
0.63698329017573,0.249677874516549,3223,3223,0.00300296175125826,0.00150148087562913
0.636293529706444,0.246755202832194,3224,3224,0.00300296175125826,0.00150148087562913
0.63698329017573,0.249677874516549,3225,3225,0.00300296175125826,0.00150148087562913
0.636293529706444,0.246755202832194,3226,3226,0.00300296175125826,0.00150148087562913
0.63698329017573,0.249677874516549,3227,3227,0.00300296175125826,0.00150148087562913
0.636293529706444,0.246755202832194,3228,3228,0.00300296175125826,0.00150148087562913
0.63698329017573,0.249677874516549,3229,3229,0.00300296175125826,0.00150148087562913
0.636293529706444,0.246755202832194,3230,3230,0.00300296175125826,0.00150148087562913
0.63698329017573,0.249677874516549,3231,3231,0.00300296175125826,0.00150148087562913
0.636293529706444,0.246755202832194,3232,3232,0.00300296175125826,0.00150148087562913
0.63698329017573,0.249677874516549,3233,3233,0.00300296175125826,0.00150148087562913
0.636293529706444,0.246755202832194,3234,3234,0.00300296175125826,0.00150148087562913
0.63698329017573,0.249677874516549,3235,3235,0.00300296175125826,0.00150148087562913
0.636293529706444,0.246755202832194,3236,3236,0.00300296175125826,0.00150148087562913
0.63698329017573,0.249677874516549,3237,3237,0.00300296175125826,0.00150148087562913
0.636293529706444,0.246755202832194,3238,3238,0.00300296175125826,0.00150148087562913
0.63698329017573,0.249677874516549,3239,3239,0.00300296175125826,0.00150148087562913
0.636293529706444,0.246755202832194,3240,3240,0.00300296175125826,0.00150148087562913
0.63698329017573,0.249677874516549,3241,3241,0.00300296175125826,0.00150148087562913
0.636293529706444,0.246755202832194,3242,3242,0.00300296175125826,0.00150148087562913
0.63698329017573,0.249677874516549,3243,3243,0.00300296175125826,0.00150148087562913
0.636293529706444,0.246755202832194,3244,3244,0.00300296175125826,0.00150148087562913
0.63698329017573,0.249677874516549,3245,3245,0.00300296175125826,0.00150148087562913
0.636293529706444,0.246755202832194,3246,3246,0.00300296175125826,0.00150148087562913
0.63698329017573,0.249677874516549,3247,3247,0.00300296175125826,0.00150148087562913
0.636293529706444,0.246755202832194,3248,3248,0.00300296175125826,0.00150148087562913
0.63698329017573,0.249677874516549,3249,3249,0.00300296175125826,0.00150148087562913
0.636293529706444,0.246755202832194,3250,3250,0.00300296175125826,0.00150148087562913
0.63698329017573,0.249677874516549,3251,3251,0.00300296175125826,0.00150148087562913
0.636293529706444,0.246755202832194,3252,3252,0.00300296175125826,0.00150148087562913
0.63698329017573,0.249677874516549,3253,3253,0.00300296175125826,0.00150148087562913
0.636293529706444,0.246755202832194,3254,3254,0.00300296175125826,0.00150148087562913
0.63698329017573,0.249677874516549,3255,3255,0.00300296175125826,0.00150148087562913
0.636293529706444,0.246755202832194,3256,3256,0.00300296175125826,0.00150148087562913
0.63698329017573,0.249677874516549,3257,3257,0.00300296175125826,0.00150148087562913
0.636293529706444,0.246755202832194,3258,3258,0.00300296175125826,0.00150148087562913
0.63698329017573,0.249677874516549,3259,3259,0.00300296175125826,0.00150148087562913
0.636293529706444,0.246755202832194,3260,3260,0.00300296175125826,0.00150148087562913
0.63698329017573,0.249677874516549,3261,3261,0.00300296175125826,0.00150148087562913
0.636293529706444,0.246755202832194,3262,3262,0.00300296175125826,0.00150148087562913
0.63698329017573,0.249677874516549,3263,3263,0.00300296175125826,0.00150148087562913
0.636293529706444,0.246755202832194,3264,3264,0.00300296175125826,0.00150148087562913
0.63698329017573,0.249677874516549,3265,3265,0.00300296175125826,0.00150148087562913
0.636293529706444,0.246755202832194,3266,3266,0.00300296175125826,0.00150148087562913
0.63698329017573,0.249677874516549,3267,3267,0.00300296175125826,0.00150148087562913
0.636293529706444,0.246755202832194,3268,3268,0.00300296175125826,0.00150148087562913
0.63698329017573,0.249677874516549,3269,3269,0.00300296175125826,0.00150148087562913
0.636293529706444,0.246755202832194,3270,3270,0.00300296175125826,0.00150148087562913
0.63698329017573,0.249677874516549,3271,3271,0.00300296175125826,0.00150148087562913
0.636293529706444,0.246755202832194,3272,3272,0.00300296175125826,0.00150148087562913
0.63698329017573,0.249677874516549,3273,3273,0.00300296175125826,0.00150148087562913
0.636293529706444,0.246755202832194,3274,3274,0.00300296175125826,0.00150148087562913
0.63698329017573,0.249677874516549,3275,3275,0.00300296175125826,0.00150148087562913
0.636293529706444,0.246755202832194,3276,3276,0.00300296175125826,0.00150148087562913
0.63698329017573,0.249677874516549,3277,3277,0.00300296175125826,0.00150148087562913
0.636293529706444,0.246755202832194,3278,3278,0.00300296175125826,0.00150148087562913
0.63698329017573,0.249677874516549,3279,3279,0.00300296175125826,0.00150148087562913
0.636293529706444,0.246755202832194,3280,3280,0.00300296175125826,0.00150148087562913
0.63698329017573,0.249677874516549,3281,3281,0.00300296175125826,0.00150148087562913
0.636293529706444,0.246755202832194,3282,3282,0.00300296175125826,0.00150148087562913
0.63698329017573,0.249677874516549,3283,3283,0.00300296175125826,0.00150148087562913
0.636293529706444,0.246755202832194,3284,3284,0.00300296175125826,0.00150148087562913
0.63698329017573,0.249677874516549,3285,3285,0.00300296175125826,0.00150148087562913
0.636293529706444,0.246755202832194,3286,3286,0.00300296175125826,0.00150148087562913
0.63698329017573,0.249677874516549,3287,3287,0.00300296175125826,0.00150148087562913
0.636293529706444,0.246755202832194,3288,3288,0.00300296175125826,0.00150148087562913
0.63698329017573,0.249677874516549,3289,3289,0.00300296175125826,0.00150148087562913
0.636293529706444,0.246755202832194,3290,3290,0.00300296175125826,0.00150148087562913
0.63698329017573,0.249677874516549,3291,3291,0.00300296175125826,0.00150148087562913
0.636293529706444,0.246755202832194,3292,3292,0.00300296175125826,0.00150148087562913
0.63698329017573,0.249677874516549,3293,3293,0.00300296175125826,0.00150148087562913
0.636293529706444,0.246755202832194,3294,3294,0.00300296175125826,0.00150148087562913
0.63698329017573,0.249677874516549,3295,3295,0.00300296175125826,0.00150148087562913
0.636293529706444,0.246755202832194,3296,3296,0.00300296175125826,0.00150148087562913
0.63698329017573,0.249677874516549,3297,3297,0.00300296175125826,0.00150148087562913
0.636293529706444,0.246755202832194,3298,3298,0.00300296175125826,0.00150148087562913
0.63698329017573,0.249677874516549,3299,3299,0.00300296175125826,0.00150148087562913
0.636293529706444,0.246755202832194,3300,3300,0.00300296175125826,0.00150148087562913
0.63698329017573,0.249677874516549,3301,3301,0.00300296175125826,0.00150148087562913
0.636293529706444,0.246755202832194,3302,3302,0.00300296175125826,0.00150148087562913
0.63698329017573,0.249677874516549,3303,3303,0.00300296175125826,0.00150148087562913
0.636293529706444,0.246755202832194,3304,3304,0.00300296175125826,0.00150148087562913
0.63698329017573,0.249677874516549,3305,3305,0.00300296175125826,0.00150148087562913
0.636293529706444,0.246755202832194,3306,3306,0.00300296175125826,0.00150148087562913
0.63698329017573,0.249677874516549,3307,3307,0.00300296175125826,0.00150148087562913
0.636293529706444,0.246755202832194,3308,3308,0.00300296175125826,0.00150148087562913
0.63698329017573,0.249677874516549,3309,3309,0.00300296175125826,0.00150148087562913
0.636293529706444,0.246755202832194,3310,3310,0.00300296175125826,0.00150148087562913
0.63698329017573,0.249677874516549,3311,3311,0.00300296175125826,0.00150148087562913
0.636293529706444,0.246755202832194,3312,3312,0.00300296175125826,0.00150148087562913
0.63698329017573,0.249677874516549,3313,3313,0.00300296175125826,0.00150148087562913
0.636293529706444,0.246755202832194,3314,3314,0.00300296175125826,0.00150148087562913
0.63698329017573,0.249677874516549,3315,3315,0.00300296175125826,0.00150148087562913
0.636293529706444,0.246755202832194,3316,3316,0.00300296175125826,0.00150148087562913
0.63698329017573,0.249677874516549,3317,3317,0.00300296175125826,0.00150148087562913
0.636293529706444,0.246755202832194,3318,3318,0.00300296175125826,0.00150148087562913
0.63698329017573,0.249677874516549,3319,3319,0.00300296175125826,0.00150148087562913
0.636293529706444,0.246755202832194,3320,3320,0.00300296175125826,0.00150148087562913
0.63698329017573,0.249677874516549,3321,3321,0.00300296175125826,0.00150148087562913
0.636293529706444,0.246755202832194,3322,3322,0.00300296175125826,0.00150148087562913
0.63698329017573,0.249677874516549,3323,3323,0.00300296175125826,0.00150148087562913
0.636293529706444,0.246755202832194,3324,3324,0.00300296175125826,0.00150148087562913
0.63698329017573,0.249677874516549,3325,3325,0.00300296175125826,0.00150148087562913
0.636293529706444,0.246755202832194,3326,3326,0.00300296175125826,0.00150148087562913
0.63698329017573,0.249677874516549,3327,3327,0.00300296175125826,0.00150148087562913
0.636293529706444,0.246755202832194,3328,3328,0.00300296175125826,0.00150148087562913
0.63698329017573,0.249677874516549,3329,3329,0.00300296175125826,0.00150148087562913
0.636293529706444,0.246755202832194,3330,3330,0.00300296175125826,0.00150148087562913
0.63698329017573,0.249677874516549,3331,3331,0.00300296175125826,0.00150148087562913
0.636293529706444,0.246755202832194,3332,3332,0.00300296175125826,0.00150148087562913
0.63698329017573,0.249677874516549,3333,3333,0.00300296175125826,0.00150148087562913
0.636293529706444,0.246755202832194,3334,3334,0.00300296175125826,0.00150148087562913
0.63698329017573,0.249677874516549,3335,3335,0.00300296175125826,0.00150148087562913
0.636293529706444,0.246755202832194,3336,3336,0.00300296175125826,0.00150148087562913
0.63698329017573,0.249677874516549,3337,3337,0.00300296175125826,0.00150148087562913
0.636293529706444,0.246755202832194,3338,3338,0.00300296175125826,0.00150148087562913
0.63698329017573,0.249677874516549,3339,3339,0.00300296175125826,0.00150148087562913
0.636293529706444,0.246755202832194,3340,3340,0.00300296175125826,0.00150148087562913
0.63698329017573,0.249677874516549,3341,3341,0.00300296175125826,0.00150148087562913
0.636293529706444,0.246755202832194,3342,3342,0.00300296175125826,0.00150148087562913
0.63698329017573,0.249677874516549,3343,3343,0.00300296175125826,0.00150148087562913
0.636293529706444,0.246755202832194,3344,3344,0.00300296175125826,0.00150148087562913
0.63698329017573,0.249677874516549,3345,3345,0.00300296175125826,0.00150148087562913
0.636293529706444,0.246755202832194,3346,3346,0.00300296175125826,0.00150148087562913
0.63698329017573,0.249677874516549,3347,3347,0.00300296175125826,0.00150148087562913
0.636293529706444,0.246755202832194,3348,3348,0.00300296175125826,0.00150148087562913
0.63698329017573,0.249677874516549,3349,3349,0.00300296175125826,0.00150148087562913
0.636293529706444,0.246755202832194,3350,3350,0.00300296175125826,0.00150148087562913
0.63698329017573,0.249677874516549,3351,3351,0.00300296175125826,0.00150148087562913
0.636293529706444,0.246755202832194,3352,3352,0.00300296175125826,0.00150148087562913
0.63698329017573,0.249677874516549,3353,3353,0.00300296175125826,0.00150148087562913
0.636293529706444,0.246755202832194,3354,3354,0.00300296175125826,0.00150148087562913
0.63698329017573,0.249677874516549,3355,3355,0.00300296175125826,0.00150148087562913
0.636293529706444,0.246755202832194,3356,3356,0.00300296175125826,0.00150148087562913
0.63698329017573,0.249677874516549,3357,3357,0.00300296175125826,0.00150148087562913
0.636293529706444,0.246755202832194,3358,3358,0.00300296175125826,0.00150148087562913
0.63698329017573,0.249677874516549,3359,3359,0.00300296175125826,0.00150148087562913
0.636293529706444,0.246755202832194,3360,3360,0.00300296175125826,0.00150148087562913
0.63698329017573,0.249677874516549,3361,3361,0.00300296175125826,0.00150148087562913
0.636293529706444,0.246755202832194,3362,3362,0.00300296175125826,0.00150148087562913
0.63698329017573,0.249677874516549,3363,3363,0.00300296175125826,0.00150148087562913
0.636293529706444,0.246755202832194,3364,3364,0.00300296175125826,0.00150148087562913
0.63698329017573,0.249677874516549,3365,3365,0.00300296175125826,0.00150148087562913
0.636293529706444,0.246755202832194,3366,3366,0.00300296175125826,0.00150148087562913
0.63698329017573,0.249677874516549,3367,3367,0.00300296175125826,0.00150148087562913
0.636293529706444,0.246755202832194,3368,3368,0.00300296175125826,0.00150148087562913
0.63698329017573,0.249677874516549,3369,3369,0.00300296175125826,0.00150148087562913
0.636293529706444,0.246755202832194,3370,3370,0.00300296175125826,0.00150148087562913
0.63698329017573,0.249677874516549,3371,3371,0.00300296175125826,0.00150148087562913
0.636293529706444,0.246755202832194,3372,3372,0.00300296175125826,0.00150148087562913
0.63698329017573,0.249677874516549,3373,3373,0.00300296175125826,0.00150148087562913
0.636293529706444,0.246755202832194,3374,3374,0.00300296175125826,0.00150148087562913
0.63698329017573,0.249677874516549,3375,3375,0.00300296175125826,0.00150148087562913
0.636293529706444,0.246755202832194,3376,3376,0.00300296175125826,0.00150148087562913
0.63698329017573,0.249677874516549,3377,3377,0.00300296175125826,0.00150148087562913
0.636293529706444,0.246755202832194,3378,3378,0.00300296175125826,0.00150148087562913
0.63698329017573,0.249677874516549,3379,3379,0.00300296175125826,0.00150148087562913
0.636293529706444,0.246755202832194,3380,3380,0.00300296175125826,0.00150148087562913
0.63698329017573,0.249677874516549,3381,3381,0.00300296175125826,0.00150148087562913
0.636293529706444,0.246755202832194,3382,3382,0.00300296175125826,0.00150148087562913
0.63698329017573,0.249677874516549,3383,3383,0.00300296175125826,0.00150148087562913
0.636293529706444,0.246755202832194,3384,3384,0.00300296175125826,0.00150148087562913
0.63698329017573,0.249677874516549,3385,3385,0.00300296175125826,0.00150148087562913
0.636293529706444,0.246755202832194,3386,3386,0.00300296175125826,0.00150148087562913
0.63698329017573,0.249677874516549,3387,3387,0.00300296175125826,0.00150148087562913
0.636293529706444,0.246755202832194,3388,3388,0.00300296175125826,0.00150148087562913
0.63698329017573,0.249677874516549,3389,3389,0.00300296175125826,0.00150148087562913
0.636293529706444,0.246755202832194,3390,3390,0.00300296175125826,0.00150148087562913
0.63698329017573,0.249677874516549,3391,3391,0.00300296175125826,0.00150148087562913
0.636293529706444,0.246755202832194,3392,3392,0.00300296175125826,0.00150148087562913
0.63698329017573,0.249677874516549,3393,3393,0.00300296175125826,0.00150148087562913
0.636293529706444,0.246755202832194,3394,3394,0.00300296175125826,0.00150148087562913
0.63698329017573,0.249677874516549,3395,3395,0.00300296175125826,0.00150148087562913
0.636293529706444,0.246755202832194,3396,3396,0.00300296175125826,0.00150148087562913
0.63698329017573,0.249677874516549,3397,3397,0.00300296175125826,0.00150148087562913
0.636293529706444,0.246755202832194,3398,3398,0.00300296175125826,0.00150148087562913
0.63698329017573,0.249677874516549,3399,3399,0.00300296175125826,0.00150148087562913
0.636293529706444,0.246755202832194,3400,3400,0.00300296175125826,0.00150148087562913
0.63698329017573,0.249677874516549,3401,3401,0.00300296175125826,0.00150148087562913
0.636293529706444,0.246755202832194,3402,3402,0.00300296175125826,0.00150148087562913
0.63698329017573,0.249677874516549,3403,3403,0.00300296175125826,0.00150148087562913
0.636293529706444,0.246755202832194,3404,3404,0.00300296175125826,0.00150148087562913
0.63698329017573,0.249677874516549,3405,3405,0.00300296175125826,0.00150148087562913
0.636293529706444,0.246755202832194,3406,3406,0.00300296175125826,0.00150148087562913
0.63698329017573,0.249677874516549,3407,3407,0.00300296175125826,0.00150148087562913
0.636293529706444,0.246755202832194,3408,3408,0.00300296175125826,0.00150148087562913
0.63698329017573,0.249677874516549,3409,3409,0.00300296175125826,0.00150148087562913
0.636293529706444,0.246755202832194,3410,3410,0.00300296175125826,0.00150148087562913
0.63698329017573,0.249677874516549,3411,3411,0.00300296175125826,0.00150148087562913
0.636293529706444,0.246755202832194,3412,3412,0.00300296175125826,0.00150148087562913
0.63698329017573,0.249677874516549,3413,3413,0.00300296175125826,0.00150148087562913
0.636293529706444,0.246755202832194,3414,3414,0.00300296175125826,0.00150148087562913
0.63698329017573,0.249677874516549,3415,3415,0.00300296175125826,0.00150148087562913
0.636293529706444,0.246755202832194,3416,3416,0.00300296175125826,0.00150148087562913
0.63698329017573,0.249677874516549,3417,3417,0.00300296175125826,0.00150148087562913
0.636293529706444,0.246755202832194,3418,3418,0.00300296175125826,0.00150148087562913
0.63698329017573,0.249677874516549,3419,3419,0.00300296175125826,0.00150148087562913
0.636293529706444,0.246755202832194,3420,3420,0.00300296175125826,0.00150148087562913
0.63698329017573,0.249677874516549,3421,3421,0.00300296175125826,0.00150148087562913
0.636293529706444,0.246755202832194,3422,3422,0.00300296175125826,0.00150148087562913
0.63698329017573,0.249677874516549,3423,3423,0.00300296175125826,0.00150148087562913
0.636293529706444,0.246755202832194,3424,3424,0.00300296175125826,0.00150148087562913
0.63698329017573,0.249677874516549,3425,3425,0.00300296175125826,0.00150148087562913
0.636293529706444,0.246755202832194,3426,3426,0.00300296175125826,0.00150148087562913
0.63698329017573,0.249677874516549,3427,3427,0.00300296175125826,0.00150148087562913
0.636293529706444,0.246755202832194,3428,3428,0.00300296175125826,0.00150148087562913
0.63698329017573,0.249677874516549,3429,3429,0.00300296175125826,0.00150148087562913
0.636293529706444,0.246755202832194,3430,3430,0.00300296175125826,0.00150148087562913
0.63698329017573,0.249677874516549,3431,3431,0.00300296175125826,0.00150148087562913
0.636293529706444,0.246755202832194,3432,3432,0.00300296175125826,0.00150148087562913
0.63698329017573,0.249677874516549,3433,3433,0.00300296175125826,0.00150148087562913
0.636293529706444,0.246755202832194,3434,3434,0.00300296175125826,0.00150148087562913
0.63698329017573,0.249677874516549,3435,3435,0.00300296175125826,0.00150148087562913
0.636293529706444,0.246755202832194,3436,3436,0.00300296175125826,0.00150148087562913
0.63698329017573,0.249677874516549,3437,3437,0.00300296175125826,0.00150148087562913
0.636293529706444,0.246755202832194,3438,3438,0.00300296175125826,0.00150148087562913
0.63698329017573,0.249677874516549,3439,3439,0.00300296175125826,0.00150148087562913
0.636293529706444,0.246755202832194,3440,3440,0.00300296175125826,0.00150148087562913
0.63698329017573,0.249677874516549,3441,3441,0.00300296175125826,0.00150148087562913
0.636293529706444,0.246755202832194,3442,3442,0.00300296175125826,0.00150148087562913
0.63698329017573,0.249677874516549,3443,3443,0.00300296175125826,0.00150148087562913
0.636293529706444,0.246755202832194,3444,3444,0.00300296175125826,0.00150148087562913
0.63698329017573,0.249677874516549,3445,3445,0.00300296175125826,0.00150148087562913
0.636293529706444,0.246755202832194,3446,3446,0.00300296175125826,0.00150148087562913
0.63698329017573,0.249677874516549,3447,3447,0.00300296175125826,0.00150148087562913
0.636293529706444,0.246755202832194,3448,3448,0.00300296175125826,0.00150148087562913
0.63698329017573,0.249677874516549,3449,3449,0.00300296175125826,0.00150148087562913
0.636293529706444,0.246755202832194,3450,3450,0.00300296175125826,0.00150148087562913
0.63698329017573,0.249677874516549,3451,3451,0.00300296175125826,0.00150148087562913
0.636293529706444,0.246755202832194,3452,3452,0.00300296175125826,0.00150148087562913
0.63698329017573,0.249677874516549,3453,3453,0.00300296175125826,0.00150148087562913
0.636293529706444,0.246755202832194,3454,3454,0.00300296175125826,0.00150148087562913
0.63698329017573,0.249677874516549,3455,3455,0.00300296175125826,0.00150148087562913
0.636293529706444,0.246755202832194,3456,3456,0.00300296175125826,0.00150148087562913
0.63698329017573,0.249677874516549,3457,3457,0.00300296175125826,0.00150148087562913
0.636293529706444,0.246755202832194,3458,3458,0.00300296175125826,0.00150148087562913
0.63698329017573,0.249677874516549,3459,3459,0.00300296175125826,0.00150148087562913
0.636293529706444,0.246755202832194,3460,3460,0.00300296175125826,0.00150148087562913
0.63698329017573,0.249677874516549,3461,3461,0.00300296175125826,0.00150148087562913
0.636293529706444,0.246755202832194,3462,3462,0.00300296175125826,0.00150148087562913
0.63698329017573,0.249677874516549,3463,3463,0.00300296175125826,0.00150148087562913
0.636293529706444,0.246755202832194,3464,3464,0.00300296175125826,0.00150148087562913
0.63698329017573,0.249677874516549,3465,3465,0.00300296175125826,0.00150148087562913
0.636293529706444,0.246755202832194,3466,3466,0.00300296175125826,0.00150148087562913
0.63698329017573,0.249677874516549,3467,3467,0.00300296175125826,0.00150148087562913
0.636293529706444,0.246755202832194,3468,3468,0.00300296175125826,0.00150148087562913
0.63698329017573,0.249677874516549,3469,3469,0.00300296175125826,0.00150148087562913
0.636293529706444,0.246755202832194,3470,3470,0.00300296175125826,0.00150148087562913
0.63698329017573,0.249677874516549,3471,3471,0.00300296175125826,0.00150148087562913
0.636293529706444,0.246755202832194,3472,3472,0.00300296175125826,0.00150148087562913
0.63698329017573,0.249677874516549,3473,3473,0.00300296175125826,0.00150148087562913
0.636293529706444,0.246755202832194,3474,3474,0.00300296175125826,0.00150148087562913
0.63698329017573,0.249677874516549,3475,3475,0.00300296175125826,0.00150148087562913
0.636293529706444,0.246755202832194,3476,3476,0.00300296175125826,0.00150148087562913
0.63698329017573,0.249677874516549,3477,3477,0.00300296175125826,0.00150148087562913
0.636293529706444,0.246755202832194,3478,3478,0.00300296175125826,0.00150148087562913
0.63698329017573,0.249677874516549,3479,3479,0.00300296175125826,0.00150148087562913
0.636293529706444,0.246755202832194,3480,3480,0.00300296175125826,0.00150148087562913
0.63698329017573,0.249677874516549,3481,3481,0.00300296175125826,0.00150148087562913
0.636293529706444,0.246755202832194,3482,3482,0.00300296175125826,0.00150148087562913
0.63698329017573,0.249677874516549,3483,3483,0.00300296175125826,0.00150148087562913
0.636293529706444,0.246755202832194,3484,3484,0.00300296175125826,0.00150148087562913
0.63698329017573,0.249677874516549,3485,3485,0.00300296175125826,0.00150148087562913
0.636293529706444,0.246755202832194,3486,3486,0.00300296175125826,0.00150148087562913
0.63698329017573,0.249677874516549,3487,3487,0.00300296175125826,0.00150148087562913
0.636293529706444,0.246755202832194,3488,3488,0.00300296175125826,0.00150148087562913
0.63698329017573,0.249677874516549,3489,3489,0.00300296175125826,0.00150148087562913
0.636293529706444,0.246755202832194,3490,3490,0.00300296175125826,0.00150148087562913
0.63698329017573,0.249677874516549,3491,3491,0.00300296175125826,0.00150148087562913
0.636293529706444,0.246755202832194,3492,3492,0.00300296175125826,0.00150148087562913
0.63698329017573,0.249677874516549,3493,3493,0.00300296175125826,0.00150148087562913
0.636293529706444,0.246755202832194,3494,3494,0.00300296175125826,0.00150148087562913
0.63698329017573,0.249677874516549,3495,3495,0.00300296175125826,0.00150148087562913
0.636293529706444,0.246755202832194,3496,3496,0.00300296175125826,0.00150148087562913
0.63698329017573,0.249677874516549,3497,3497,0.00300296175125826,0.00150148087562913
0.636293529706444,0.246755202832194,3498,3498,0.00300296175125826,0.00150148087562913
0.63698329017573,0.249677874516549,3499,3499,0.00300296175125826,0.00150148087562913
0.636293529706444,0.246755202832194,3500,3500,0.00300296175125826,0.00150148087562913
0.63698329017573,0.249677874516549,3501,3501,0.00300296175125826,0.00150148087562913
0.636293529706444,0.246755202832194,3502,3502,0.00300296175125826,0.00150148087562913
0.63698329017573,0.249677874516549,3503,3503,0.00300296175125826,0.00150148087562913
0.636293529706444,0.246755202832194,3504,3504,0.00300296175125826,0.00150148087562913
0.63698329017573,0.249677874516549,3505,3505,0.00300296175125826,0.00150148087562913
0.636293529706444,0.246755202832194,3506,3506,0.00300296175125826,0.00150148087562913
0.63698329017573,0.249677874516549,3507,3507,0.00300296175125826,0.00150148087562913
0.636293529706444,0.246755202832194,3508,3508,0.00300296175125826,0.00150148087562913
0.63698329017573,0.249677874516549,3509,3509,0.00300296175125826,0.00150148087562913
0.636293529706444,0.246755202832194,3510,3510,0.00300296175125826,0.00150148087562913
0.63698329017573,0.249677874516549,3511,3511,0.00300296175125826,0.00150148087562913
0.636293529706444,0.246755202832194,3512,3512,0.00300296175125826,0.00150148087562913
0.63698329017573,0.249677874516549,3513,3513,0.00300296175125826,0.00150148087562913
0.636293529706444,0.246755202832194,3514,3514,0.00300296175125826,0.00150148087562913
0.63698329017573,0.249677874516549,3515,3515,0.00300296175125826,0.00150148087562913
0.636293529706444,0.246755202832194,3516,3516,0.00300296175125826,0.00150148087562913
0.63698329017573,0.249677874516549,3517,3517,0.00300296175125826,0.00150148087562913
0.636293529706444,0.246755202832194,3518,3518,0.00300296175125826,0.00150148087562913
0.63698329017573,0.249677874516549,3519,3519,0.00300296175125826,0.00150148087562913
0.636293529706444,0.246755202832194,3520,3520,0.00300296175125826,0.00150148087562913
0.63698329017573,0.249677874516549,3521,3521,0.00300296175125826,0.00150148087562913
0.636293529706444,0.246755202832194,3522,3522,0.00300296175125826,0.00150148087562913
0.63698329017573,0.249677874516549,3523,3523,0.00300296175125826,0.00150148087562913
0.636293529706444,0.246755202832194,3524,3524,0.00300296175125826,0.00150148087562913
0.63698329017573,0.249677874516549,3525,3525,0.00300296175125826,0.00150148087562913
0.636293529706444,0.246755202832194,3526,3526,0.00300296175125826,0.00150148087562913
0.63698329017573,0.249677874516549,3527,3527,0.00300296175125826,0.00150148087562913
0.636293529706444,0.246755202832194,3528,3528,0.00300296175125826,0.00150148087562913
0.63698329017573,0.249677874516549,3529,3529,0.00300296175125826,0.00150148087562913
0.636293529706444,0.246755202832194,3530,3530,0.00300296175125826,0.00150148087562913
0.63698329017573,0.249677874516549,3531,3531,0.00300296175125826,0.00150148087562913
0.636293529706444,0.246755202832194,3532,3532,0.00300296175125826,0.00150148087562913
0.63698329017573,0.249677874516549,3533,3533,0.00300296175125826,0.00150148087562913
0.636293529706444,0.246755202832194,3534,3534,0.00300296175125826,0.00150148087562913
0.63698329017573,0.249677874516549,3535,3535,0.00300296175125826,0.00150148087562913
0.636293529706444,0.246755202832194,3536,3536,0.00300296175125826,0.00150148087562913
0.63698329017573,0.249677874516549,3537,3537,0.00300296175125826,0.00150148087562913
0.636293529706444,0.246755202832194,3538,3538,0.00300296175125826,0.00150148087562913
0.63698329017573,0.249677874516549,3539,3539,0.00300296175125826,0.00150148087562913
0.636293529706444,0.246755202832194,3540,3540,0.00300296175125826,0.00150148087562913
0.63698329017573,0.249677874516549,3541,3541,0.00300296175125826,0.00150148087562913
0.636293529706444,0.246755202832194,3542,3542,0.00300296175125826,0.00150148087562913
0.63698329017573,0.249677874516549,3543,3543,0.00300296175125826,0.00150148087562913
0.636293529706444,0.246755202832194,3544,3544,0.00300296175125826,0.00150148087562913
0.63698329017573,0.249677874516549,3545,3545,0.00300296175125826,0.00150148087562913
0.636293529706444,0.246755202832194,3546,3546,0.00300296175125826,0.00150148087562913
0.63698329017573,0.249677874516549,3547,3547,0.00300296175125826,0.00150148087562913
0.636293529706444,0.246755202832194,3548,3548,0.00300296175125826,0.00150148087562913
0.63698329017573,0.249677874516549,3549,3549,0.00300296175125826,0.00150148087562913
0.636293529706444,0.246755202832194,3550,3550,0.00300296175125826,0.00150148087562913
0.63698329017573,0.249677874516549,3551,3551,0.00300296175125826,0.00150148087562913
0.636293529706444,0.246755202832194,3552,3552,0.00300296175125826,0.00150148087562913
0.63698329017573,0.249677874516549,3553,3553,0.00300296175125826,0.00150148087562913
0.636293529706444,0.246755202832194,3554,3554,0.00300296175125826,0.00150148087562913
0.63698329017573,0.249677874516549,3555,3555,0.00300296175125826,0.00150148087562913
0.636293529706444,0.246755202832194,3556,3556,0.00300296175125826,0.00150148087562913
0.63698329017573,0.249677874516549,3557,3557,0.00300296175125826,0.00150148087562913
0.636293529706444,0.246755202832194,3558,3558,0.00300296175125826,0.00150148087562913
0.63698329017573,0.249677874516549,3559,3559,0.00300296175125826,0.00150148087562913
0.636293529706444,0.246755202832194,3560,3560,0.00300296175125826,0.00150148087562913
0.63698329017573,0.249677874516549,3561,3561,0.00300296175125826,0.00150148087562913
0.636293529706444,0.246755202832194,3562,3562,0.00300296175125826,0.00150148087562913
0.63698329017573,0.249677874516549,3563,3563,0.00300296175125826,0.00150148087562913
0.636293529706444,0.246755202832194,3564,3564,0.00300296175125826,0.00150148087562913
0.63698329017573,0.249677874516549,3565,3565,0.00300296175125826,0.00150148087562913
0.636293529706444,0.246755202832194,3566,3566,0.00300296175125826,0.00150148087562913
0.63698329017573,0.249677874516549,3567,3567,0.00300296175125826,0.00150148087562913
0.636293529706444,0.246755202832194,3568,3568,0.00300296175125826,0.00150148087562913
0.63698329017573,0.249677874516549,3569,3569,0.00300296175125826,0.00150148087562913
0.636293529706444,0.246755202832194,3570,3570,0.00300296175125826,0.00150148087562913
0.63698329017573,0.249677874516549,3571,3571,0.00300296175125826,0.00150148087562913
0.636293529706444,0.246755202832194,3572,3572,0.00300296175125826,0.00150148087562913
0.63698329017573,0.249677874516549,3573,3573,0.00300296175125826,0.00150148087562913
0.636293529706444,0.246755202832194,3574,3574,0.00300296175125826,0.00150148087562913
0.63698329017573,0.249677874516549,3575,3575,0.00300296175125826,0.00150148087562913
0.636293529706444,0.246755202832194,3576,3576,0.00300296175125826,0.00150148087562913
0.63698329017573,0.249677874516549,3577,3577,0.00300296175125826,0.00150148087562913
0.636293529706444,0.246755202832194,3578,3578,0.00300296175125826,0.00150148087562913
0.63698329017573,0.249677874516549,3579,3579,0.00300296175125826,0.00150148087562913
0.636293529706444,0.246755202832194,3580,3580,0.00300296175125826,0.00150148087562913
0.63698329017573,0.249677874516549,3581,3581,0.00300296175125826,0.00150148087562913
0.636293529706444,0.246755202832194,3582,3582,0.00300296175125826,0.00150148087562913
0.63698329017573,0.249677874516549,3583,3583,0.00300296175125826,0.00150148087562913
0.636293529706444,0.246755202832194,3584,3584,0.00300296175125826,0.00150148087562913
0.63698329017573,0.249677874516549,3585,3585,0.00300296175125826,0.00150148087562913
0.636293529706444,0.246755202832194,3586,3586,0.00300296175125826,0.00150148087562913
0.63698329017573,0.249677874516549,3587,3587,0.00300296175125826,0.00150148087562913
0.636293529706444,0.246755202832194,3588,3588,0.00300296175125826,0.00150148087562913
0.63698329017573,0.249677874516549,3589,3589,0.00300296175125826,0.00150148087562913
0.636293529706444,0.246755202832194,3590,3590,0.00300296175125826,0.00150148087562913
0.63698329017573,0.249677874516549,3591,3591,0.00300296175125826,0.00150148087562913
0.636293529706444,0.246755202832194,3592,3592,0.00300296175125826,0.00150148087562913
0.63698329017573,0.249677874516549,3593,3593,0.00300296175125826,0.00150148087562913
0.636293529706444,0.246755202832194,3594,3594,0.00300296175125826,0.00150148087562913
0.63698329017573,0.249677874516549,3595,3595,0.00300296175125826,0.00150148087562913
0.636293529706444,0.246755202832194,3596,3596,0.00300296175125826,0.00150148087562913
0.63698329017573,0.249677874516549,3597,3597,0.00300296175125826,0.00150148087562913
0.636293529706444,0.246755202832194,3598,3598,0.00300296175125826,0.00150148087562913
0.63698329017573,0.249677874516549,3599,3599,0.00300296175125826,0.00150148087562913
0.636293529706444,0.246755202832194,3600,3600,0.00300296175125826,0.00150148087562913
0.63698329017573,0.249677874516549,3601,3601,0.00300296175125826,0.00150148087562913
0.636293529706444,0.246755202832194,3602,3602,0.00300296175125826,0.00150148087562913
0.63698329017573,0.249677874516549,3603,3603,0.00300296175125826,0.00150148087562913
0.636293529706444,0.246755202832194,3604,3604,0.00300296175125826,0.00150148087562913
0.63698329017573,0.249677874516549,3605,3605,0.00300296175125826,0.00150148087562913
0.636293529706444,0.246755202832194,3606,3606,0.00300296175125826,0.00150148087562913
0.63698329017573,0.249677874516549,3607,3607,0.00300296175125826,0.00150148087562913
0.636293529706444,0.246755202832194,3608,3608,0.00300296175125826,0.00150148087562913
0.63698329017573,0.249677874516549,3609,3609,0.00300296175125826,0.00150148087562913
0.636293529706444,0.246755202832194,3610,3610,0.00300296175125826,0.00150148087562913
0.63698329017573,0.249677874516549,3611,3611,0.00300296175125826,0.00150148087562913
0.636293529706444,0.246755202832194,3612,3612,0.00300296175125826,0.00150148087562913
0.63698329017573,0.249677874516549,3613,3613,0.00300296175125826,0.00150148087562913
0.636293529706444,0.246755202832194,3614,3614,0.00300296175125826,0.00150148087562913
0.63698329017573,0.249677874516549,3615,3615,0.00300296175125826,0.00150148087562913
0.636293529706444,0.246755202832194,3616,3616,0.00300296175125826,0.00150148087562913
0.63698329017573,0.249677874516549,3617,3617,0.00300296175125826,0.00150148087562913
0.636293529706444,0.246755202832194,3618,3618,0.00300296175125826,0.00150148087562913
0.63698329017573,0.249677874516549,3619,3619,0.00300296175125826,0.00150148087562913
0.636293529706444,0.246755202832194,3620,3620,0.00300296175125826,0.00150148087562913
0.63698329017573,0.249677874516549,3621,3621,0.00300296175125826,0.00150148087562913
0.636293529706444,0.246755202832194,3622,3622,0.00300296175125826,0.00150148087562913
0.63698329017573,0.249677874516549,3623,3623,0.00300296175125826,0.00150148087562913
0.636293529706444,0.246755202832194,3624,3624,0.00300296175125826,0.00150148087562913
0.63698329017573,0.249677874516549,3625,3625,0.00300296175125826,0.00150148087562913
0.636293529706444,0.246755202832194,3626,3626,0.00300296175125826,0.00150148087562913
0.63698329017573,0.249677874516549,3627,3627,0.00300296175125826,0.00150148087562913
0.636293529706444,0.246755202832194,3628,3628,0.00300296175125826,0.00150148087562913
0.63698329017573,0.249677874516549,3629,3629,0.00300296175125826,0.00150148087562913
0.636293529706444,0.246755202832194,3630,3630,0.00300296175125826,0.00150148087562913
0.63698329017573,0.249677874516549,3631,3631,0.00300296175125826,0.00150148087562913
0.636293529706444,0.246755202832194,3632,3632,0.00300296175125826,0.00150148087562913
0.63698329017573,0.249677874516549,3633,3633,0.00300296175125826,0.00150148087562913
0.636293529706444,0.246755202832194,3634,3634,0.00300296175125826,0.00150148087562913
0.63698329017573,0.249677874516549,3635,3635,0.00300296175125826,0.00150148087562913
0.636293529706444,0.246755202832194,3636,3636,0.00300296175125826,0.00150148087562913
0.63698329017573,0.249677874516549,3637,3637,0.00300296175125826,0.00150148087562913
0.636293529706444,0.246755202832194,3638,3638,0.00300296175125826,0.00150148087562913
0.63698329017573,0.249677874516549,3639,3639,0.00300296175125826,0.00150148087562913
0.636293529706444,0.246755202832194,3640,3640,0.00300296175125826,0.00150148087562913
0.63698329017573,0.249677874516549,3641,3641,0.00300296175125826,0.00150148087562913
0.636293529706444,0.246755202832194,3642,3642,0.00300296175125826,0.00150148087562913
0.63698329017573,0.249677874516549,3643,3643,0.00300296175125826,0.00150148087562913
0.636293529706444,0.246755202832194,3644,3644,0.00300296175125826,0.00150148087562913
0.63698329017573,0.249677874516549,3645,3645,0.00300296175125826,0.00150148087562913
0.636293529706444,0.246755202832194,3646,3646,0.00300296175125826,0.00150148087562913
0.63698329017573,0.249677874516549,3647,3647,0.00300296175125826,0.00150148087562913
0.636293529706444,0.246755202832194,3648,3648,0.00300296175125826,0.00150148087562913
0.63698329017573,0.249677874516549,3649,3649,0.00300296175125826,0.00150148087562913
0.636293529706444,0.246755202832194,3650,3650,0.00300296175125826,0.00150148087562913
0.63698329017573,0.249677874516549,3651,3651,0.00300296175125826,0.00150148087562913
0.636293529706444,0.246755202832194,3652,3652,0.00300296175125826,0.00150148087562913
0.63698329017573,0.249677874516549,3653,3653,0.00300296175125826,0.00150148087562913
0.636293529706444,0.246755202832194,3654,3654,0.00300296175125826,0.00150148087562913
0.63698329017573,0.249677874516549,3655,3655,0.00300296175125826,0.00150148087562913
0.636293529706444,0.246755202832194,3656,3656,0.00300296175125826,0.00150148087562913
0.63698329017573,0.249677874516549,3657,3657,0.00300296175125826,0.00150148087562913
0.636293529706444,0.246755202832194,3658,3658,0.00300296175125826,0.00150148087562913
0.63698329017573,0.249677874516549,3659,3659,0.00300296175125826,0.00150148087562913
0.636293529706444,0.246755202832194,3660,3660,0.00300296175125826,0.00150148087562913
0.63698329017573,0.249677874516549,3661,3661,0.00300296175125826,0.00150148087562913
0.636293529706444,0.246755202832194,3662,3662,0.00300296175125826,0.00150148087562913
0.63698329017573,0.249677874516549,3663,3663,0.00300296175125826,0.00150148087562913
0.636293529706444,0.246755202832194,3664,3664,0.00300296175125826,0.00150148087562913
0.63698329017573,0.249677874516549,3665,3665,0.00300296175125826,0.00150148087562913
0.636293529706444,0.246755202832194,3666,3666,0.00300296175125826,0.00150148087562913
0.63698329017573,0.249677874516549,3667,3667,0.00300296175125826,0.00150148087562913
0.636293529706444,0.246755202832194,3668,3668,0.00300296175125826,0.00150148087562913
0.63698329017573,0.249677874516549,3669,3669,0.00300296175125826,0.00150148087562913
0.636293529706444,0.246755202832194,3670,3670,0.00300296175125826,0.00150148087562913
0.63698329017573,0.249677874516549,3671,3671,0.00300296175125826,0.00150148087562913
0.636293529706444,0.246755202832194,3672,3672,0.00300296175125826,0.00150148087562913
0.63698329017573,0.249677874516549,3673,3673,0.00300296175125826,0.00150148087562913
0.636293529706444,0.246755202832194,3674,3674,0.00300296175125826,0.00150148087562913
0.63698329017573,0.249677874516549,3675,3675,0.00300296175125826,0.00150148087562913
0.636293529706444,0.246755202832194,3676,3676,0.00300296175125826,0.00150148087562913
0.63698329017573,0.249677874516549,3677,3677,0.00300296175125826,0.00150148087562913
0.636293529706444,0.246755202832194,3678,3678,0.00300296175125826,0.00150148087562913
0.63698329017573,0.249677874516549,3679,3679,0.00300296175125826,0.00150148087562913
0.636293529706444,0.246755202832194,3680,3680,0.00300296175125826,0.00150148087562913
0.63698329017573,0.249677874516549,3681,3681,0.00300296175125826,0.00150148087562913
0.636293529706444,0.246755202832194,3682,3682,0.00300296175125826,0.00150148087562913
0.63698329017573,0.249677874516549,3683,3683,0.00300296175125826,0.00150148087562913
0.636293529706444,0.246755202832194,3684,3684,0.00300296175125826,0.00150148087562913
0.63698329017573,0.249677874516549,3685,3685,0.00300296175125826,0.00150148087562913
0.636293529706444,0.246755202832194,3686,3686,0.00300296175125826,0.00150148087562913
0.63698329017573,0.249677874516549,3687,3687,0.00300296175125826,0.00150148087562913
0.636293529706444,0.246755202832194,3688,3688,0.00300296175125826,0.00150148087562913
0.63698329017573,0.249677874516549,3689,3689,0.00300296175125826,0.00150148087562913
0.636293529706444,0.246755202832194,3690,3690,0.00300296175125826,0.00150148087562913
0.63698329017573,0.249677874516549,3691,3691,0.00300296175125826,0.00150148087562913
0.636293529706444,0.246755202832194,3692,3692,0.00300296175125826,0.00150148087562913
0.63698329017573,0.249677874516549,3693,3693,0.00300296175125826,0.00150148087562913
0.636293529706444,0.246755202832194,3694,3694,0.00300296175125826,0.00150148087562913
0.63698329017573,0.249677874516549,3695,3695,0.00300296175125826,0.00150148087562913
0.636293529706444,0.246755202832194,3696,3696,0.00300296175125826,0.00150148087562913
0.63698329017573,0.249677874516549,3697,3697,0.00300296175125826,0.00150148087562913
0.636293529706444,0.246755202832194,3698,3698,0.00300296175125826,0.00150148087562913
0.63698329017573,0.249677874516549,3699,3699,0.00300296175125826,0.00150148087562913
0.636293529706444,0.246755202832194,3700,3700,0.00300296175125826,0.00150148087562913
0.63698329017573,0.249677874516549,3701,3701,0.00300296175125826,0.00150148087562913
0.636293529706444,0.246755202832194,3702,3702,0.00300296175125826,0.00150148087562913
0.63698329017573,0.249677874516549,3703,3703,0.00300296175125826,0.00150148087562913
0.636293529706444,0.246755202832194,3704,3704,0.00300296175125826,0.00150148087562913
0.63698329017573,0.249677874516549,3705,3705,0.00300296175125826,0.00150148087562913
0.636293529706444,0.246755202832194,3706,3706,0.00300296175125826,0.00150148087562913
0.63698329017573,0.249677874516549,3707,3707,0.00300296175125826,0.00150148087562913
0.636293529706444,0.246755202832194,3708,3708,0.00300296175125826,0.00150148087562913
0.63698329017573,0.249677874516549,3709,3709,0.00300296175125826,0.00150148087562913
0.636293529706444,0.246755202832194,3710,3710,0.00300296175125826,0.00150148087562913
0.63698329017573,0.249677874516549,3711,3711,0.00300296175125826,0.00150148087562913
0.636293529706444,0.246755202832194,3712,3712,0.00300296175125826,0.00150148087562913
0.63698329017573,0.249677874516549,3713,3713,0.00300296175125826,0.00150148087562913
0.636293529706444,0.246755202832194,3714,3714,0.00300296175125826,0.00150148087562913
0.63698329017573,0.249677874516549,3715,3715,0.00300296175125826,0.00150148087562913
0.636293529706444,0.246755202832194,3716,3716,0.00300296175125826,0.00150148087562913
0.63698329017573,0.249677874516549,3717,3717,0.00300296175125826,0.00150148087562913
0.636293529706444,0.246755202832194,3718,3718,0.00300296175125826,0.00150148087562913
0.63698329017573,0.249677874516549,3719,3719,0.00300296175125826,0.00150148087562913
0.636293529706444,0.246755202832194,3720,3720,0.00300296175125826,0.00150148087562913
0.63698329017573,0.249677874516549,3721,3721,0.00300296175125826,0.00150148087562913
0.636293529706444,0.246755202832194,3722,3722,0.00300296175125826,0.00150148087562913
0.63698329017573,0.249677874516549,3723,3723,0.00300296175125826,0.00150148087562913
0.636293529706444,0.246755202832194,3724,3724,0.00300296175125826,0.00150148087562913
0.63698329017573,0.249677874516549,3725,3725,0.00300296175125826,0.00150148087562913
0.636293529706444,0.246755202832194,3726,3726,0.00300296175125826,0.00150148087562913
0.63698329017573,0.249677874516549,3727,3727,0.00300296175125826,0.00150148087562913
0.636293529706444,0.246755202832194,3728,3728,0.00300296175125826,0.00150148087562913
0.63698329017573,0.249677874516549,3729,3729,0.00300296175125826,0.00150148087562913
0.636293529706444,0.246755202832194,3730,3730,0.00300296175125826,0.00150148087562913
0.63698329017573,0.249677874516549,3731,3731,0.00300296175125826,0.00150148087562913
0.636293529706444,0.246755202832194,3732,3732,0.00300296175125826,0.00150148087562913
0.63698329017573,0.249677874516549,3733,3733,0.00300296175125826,0.00150148087562913
0.636293529706444,0.246755202832194,3734,3734,0.00300296175125826,0.00150148087562913
0.63698329017573,0.249677874516549,3735,3735,0.00300296175125826,0.00150148087562913
0.636293529706444,0.246755202832194,3736,3736,0.00300296175125826,0.00150148087562913
0.63698329017573,0.249677874516549,3737,3737,0.00300296175125826,0.00150148087562913
0.636293529706444,0.246755202832194,3738,3738,0.00300296175125826,0.00150148087562913
0.63698329017573,0.249677874516549,3739,3739,0.00300296175125826,0.00150148087562913
0.636293529706444,0.246755202832194,3740,3740,0.00300296175125826,0.00150148087562913
0.63698329017573,0.249677874516549,3741,3741,0.00300296175125826,0.00150148087562913
0.636293529706444,0.246755202832194,3742,3742,0.00300296175125826,0.00150148087562913
0.63698329017573,0.249677874516549,3743,3743,0.00300296175125826,0.00150148087562913
0.636293529706444,0.246755202832194,3744,3744,0.00300296175125826,0.00150148087562913
0.63698329017573,0.249677874516549,3745,3745,0.00300296175125826,0.00150148087562913
0.636293529706444,0.246755202832194,3746,3746,0.00300296175125826,0.00150148087562913
0.63698329017573,0.249677874516549,3747,3747,0.00300296175125826,0.00150148087562913
0.636293529706444,0.246755202832194,3748,3748,0.00300296175125826,0.00150148087562913
0.63698329017573,0.249677874516549,3749,3749,0.00300296175125826,0.00150148087562913
0.636293529706444,0.246755202832194,3750,3750,0.00300296175125826,0.00150148087562913
0.63698329017573,0.249677874516549,3751,3751,0.00300296175125826,0.00150148087562913
0.636293529706444,0.246755202832194,3752,3752,0.00300296175125826,0.00150148087562913
0.63698329017573,0.249677874516549,3753,3753,0.00300296175125826,0.00150148087562913
0.636293529706444,0.246755202832194,3754,3754,0.00300296175125826,0.00150148087562913
0.63698329017573,0.249677874516549,3755,3755,0.00300296175125826,0.00150148087562913
0.636293529706444,0.246755202832194,3756,3756,0.00300296175125826,0.00150148087562913
0.63698329017573,0.249677874516549,3757,3757,0.00300296175125826,0.00150148087562913
0.636293529706444,0.246755202832194,3758,3758,0.00300296175125826,0.00150148087562913
0.63698329017573,0.249677874516549,3759,3759,0.00300296175125826,0.00150148087562913
0.636293529706444,0.246755202832194,3760,3760,0.00300296175125826,0.00150148087562913
0.63698329017573,0.249677874516549,3761,3761,0.00300296175125826,0.00150148087562913
0.636293529706444,0.246755202832194,3762,3762,0.00300296175125826,0.00150148087562913
0.63698329017573,0.249677874516549,3763,3763,0.00300296175125826,0.00150148087562913
0.636293529706444,0.246755202832194,3764,3764,0.00300296175125826,0.00150148087562913
0.63698329017573,0.249677874516549,3765,3765,0.00300296175125826,0.00150148087562913
0.636293529706444,0.246755202832194,3766,3766,0.00300296175125826,0.00150148087562913
0.63698329017573,0.249677874516549,3767,3767,0.00300296175125826,0.00150148087562913
0.636293529706444,0.246755202832194,3768,3768,0.00300296175125826,0.00150148087562913
0.63698329017573,0.249677874516549,3769,3769,0.00300296175125826,0.00150148087562913
0.636293529706444,0.246755202832194,3770,3770,0.00300296175125826,0.00150148087562913
0.63698329017573,0.249677874516549,3771,3771,0.00300296175125826,0.00150148087562913
0.636293529706444,0.246755202832194,3772,3772,0.00300296175125826,0.00150148087562913
0.63698329017573,0.249677874516549,3773,3773,0.00300296175125826,0.00150148087562913
0.636293529706444,0.246755202832194,3774,3774,0.00300296175125826,0.00150148087562913
0.63698329017573,0.249677874516549,3775,3775,0.00300296175125826,0.00150148087562913
0.636293529706444,0.246755202832194,3776,3776,0.00300296175125826,0.00150148087562913
0.63698329017573,0.249677874516549,3777,3777,0.00300296175125826,0.00150148087562913
0.636293529706444,0.246755202832194,3778,3778,0.00300296175125826,0.00150148087562913
0.63698329017573,0.249677874516549,3779,3779,0.00300296175125826,0.00150148087562913
0.636293529706444,0.246755202832194,3780,3780,0.00300296175125826,0.00150148087562913
0.63698329017573,0.249677874516549,3781,3781,0.00300296175125826,0.00150148087562913
0.636293529706444,0.246755202832194,3782,3782,0.00300296175125826,0.00150148087562913
0.63698329017573,0.249677874516549,3783,3783,0.00300296175125826,0.00150148087562913
0.636293529706444,0.246755202832194,3784,3784,0.00300296175125826,0.00150148087562913
0.63698329017573,0.249677874516549,3785,3785,0.00300296175125826,0.00150148087562913
0.636293529706444,0.246755202832194,3786,3786,0.00300296175125826,0.00150148087562913
0.63698329017573,0.249677874516549,3787,3787,0.00300296175125826,0.00150148087562913
0.636293529706444,0.246755202832194,3788,3788,0.00300296175125826,0.00150148087562913
0.63698329017573,0.249677874516549,3789,3789,0.00300296175125826,0.00150148087562913
0.636293529706444,0.246755202832194,3790,3790,0.00300296175125826,0.00150148087562913
0.63698329017573,0.249677874516549,3791,3791,0.00300296175125826,0.00150148087562913
0.636293529706444,0.246755202832194,3792,3792,0.00300296175125826,0.00150148087562913
0.63698329017573,0.249677874516549,3793,3793,0.00300296175125826,0.00150148087562913
0.636293529706444,0.246755202832194,3794,3794,0.00300296175125826,0.00150148087562913
0.63698329017573,0.249677874516549,3795,3795,0.00300296175125826,0.00150148087562913
0.636293529706444,0.246755202832194,3796,3796,0.00300296175125826,0.00150148087562913
0.63698329017573,0.249677874516549,3797,3797,0.00300296175125826,0.00150148087562913
0.636293529706444,0.246755202832194,3798,3798,0.00300296175125826,0.00150148087562913
0.63698329017573,0.249677874516549,3799,3799,0.00300296175125826,0.00150148087562913
0.636293529706444,0.246755202832194,3800,3800,0.00300296175125826,0.00150148087562913
0.63698329017573,0.249677874516549,3801,3801,0.00300296175125826,0.00150148087562913
0.636293529706444,0.246755202832194,3802,3802,0.00300296175125826,0.00150148087562913
0.63698329017573,0.249677874516549,3803,3803,0.00300296175125826,0.00150148087562913
0.636293529706444,0.246755202832194,3804,3804,0.00300296175125826,0.00150148087562913
0.63698329017573,0.249677874516549,3805,3805,0.00300296175125826,0.00150148087562913
0.636293529706444,0.246755202832194,3806,3806,0.00300296175125826,0.00150148087562913
0.63698329017573,0.249677874516549,3807,3807,0.00300296175125826,0.00150148087562913
0.636293529706444,0.246755202832194,3808,3808,0.00300296175125826,0.00150148087562913
0.63698329017573,0.249677874516549,3809,3809,0.00300296175125826,0.00150148087562913
0.636293529706444,0.246755202832194,3810,3810,0.00300296175125826,0.00150148087562913
0.63698329017573,0.249677874516549,3811,3811,0.00300296175125826,0.00150148087562913
0.636293529706444,0.246755202832194,3812,3812,0.00300296175125826,0.00150148087562913
0.63698329017573,0.249677874516549,3813,3813,0.00300296175125826,0.00150148087562913
0.636293529706444,0.246755202832194,3814,3814,0.00300296175125826,0.00150148087562913
0.63698329017573,0.249677874516549,3815,3815,0.00300296175125826,0.00150148087562913
0.636293529706444,0.246755202832194,3816,3816,0.00300296175125826,0.00150148087562913
0.63698329017573,0.249677874516549,3817,3817,0.00300296175125826,0.00150148087562913
0.636293529706444,0.246755202832194,3818,3818,0.00300296175125826,0.00150148087562913
0.63698329017573,0.249677874516549,3819,3819,0.00300296175125826,0.00150148087562913
0.636293529706444,0.246755202832194,3820,3820,0.00300296175125826,0.00150148087562913
0.63698329017573,0.249677874516549,3821,3821,0.00300296175125826,0.00150148087562913
0.636293529706444,0.246755202832194,3822,3822,0.00300296175125826,0.00150148087562913
0.63698329017573,0.249677874516549,3823,3823,0.00300296175125826,0.00150148087562913
0.636293529706444,0.246755202832194,3824,3824,0.00300296175125826,0.00150148087562913
0.63698329017573,0.249677874516549,3825,3825,0.00300296175125826,0.00150148087562913
0.636293529706444,0.246755202832194,3826,3826,0.00300296175125826,0.00150148087562913
0.63698329017573,0.249677874516549,3827,3827,0.00300296175125826,0.00150148087562913
0.636293529706444,0.246755202832194,3828,3828,0.00300296175125826,0.00150148087562913
0.63698329017573,0.249677874516549,3829,3829,0.00300296175125826,0.00150148087562913
0.636293529706444,0.246755202832194,3830,3830,0.00300296175125826,0.00150148087562913
0.63698329017573,0.249677874516549,3831,3831,0.00300296175125826,0.00150148087562913
0.636293529706444,0.246755202832194,3832,3832,0.00300296175125826,0.00150148087562913
0.63698329017573,0.249677874516549,3833,3833,0.00300296175125826,0.00150148087562913
0.636293529706444,0.246755202832194,3834,3834,0.00300296175125826,0.00150148087562913
0.63698329017573,0.249677874516549,3835,3835,0.00300296175125826,0.00150148087562913
0.636293529706444,0.246755202832194,3836,3836,0.00300296175125826,0.00150148087562913
0.63698329017573,0.249677874516549,3837,3837,0.00300296175125826,0.00150148087562913
0.636293529706444,0.246755202832194,3838,3838,0.00300296175125826,0.00150148087562913
0.63698329017573,0.249677874516549,3839,3839,0.00300296175125826,0.00150148087562913
0.636293529706444,0.246755202832194,3840,3840,0.00300296175125826,0.00150148087562913
0.63698329017573,0.249677874516549,3841,3841,0.00300296175125826,0.00150148087562913
0.636293529706444,0.246755202832194,3842,3842,0.00300296175125826,0.00150148087562913
0.63698329017573,0.249677874516549,3843,3843,0.00300296175125826,0.00150148087562913
0.636293529706444,0.246755202832194,3844,3844,0.00300296175125826,0.00150148087562913
0.63698329017573,0.249677874516549,3845,3845,0.00300296175125826,0.00150148087562913
0.636293529706444,0.246755202832194,3846,3846,0.00300296175125826,0.00150148087562913
0.63698329017573,0.249677874516549,3847,3847,0.00300296175125826,0.00150148087562913
0.636293529706444,0.246755202832194,3848,3848,0.00300296175125826,0.00150148087562913
0.63698329017573,0.249677874516549,3849,3849,0.00300296175125826,0.00150148087562913
0.636293529706444,0.246755202832194,3850,3850,0.00300296175125826,0.00150148087562913
0.63698329017573,0.249677874516549,3851,3851,0.00300296175125826,0.00150148087562913
0.636293529706444,0.246755202832194,3852,3852,0.00300296175125826,0.00150148087562913
0.63698329017573,0.249677874516549,3853,3853,0.00300296175125826,0.00150148087562913
0.636293529706444,0.246755202832194,3854,3854,0.00300296175125826,0.00150148087562913
0.63698329017573,0.249677874516549,3855,3855,0.00300296175125826,0.00150148087562913
0.636293529706444,0.246755202832194,3856,3856,0.00300296175125826,0.00150148087562913
0.63698329017573,0.249677874516549,3857,3857,0.00300296175125826,0.00150148087562913
0.636293529706444,0.246755202832194,3858,3858,0.00300296175125826,0.00150148087562913
0.63698329017573,0.249677874516549,3859,3859,0.00300296175125826,0.00150148087562913
0.636293529706444,0.246755202832194,3860,3860,0.00300296175125826,0.00150148087562913
0.63698329017573,0.249677874516549,3861,3861,0.00300296175125826,0.00150148087562913
0.636293529706444,0.246755202832194,3862,3862,0.00300296175125826,0.00150148087562913
0.63698329017573,0.249677874516549,3863,3863,0.00300296175125826,0.00150148087562913
0.636293529706444,0.246755202832194,3864,3864,0.00300296175125826,0.00150148087562913
0.63698329017573,0.249677874516549,3865,3865,0.00300296175125826,0.00150148087562913
0.636293529706444,0.246755202832194,3866,3866,0.00300296175125826,0.00150148087562913
0.63698329017573,0.249677874516549,3867,3867,0.00300296175125826,0.00150148087562913
0.636293529706444,0.246755202832194,3868,3868,0.00300296175125826,0.00150148087562913
0.63698329017573,0.249677874516549,3869,3869,0.00300296175125826,0.00150148087562913
0.636293529706444,0.246755202832194,3870,3870,0.00300296175125826,0.00150148087562913
0.63698329017573,0.249677874516549,3871,3871,0.00300296175125826,0.00150148087562913
0.636293529706444,0.246755202832194,3872,3872,0.00300296175125826,0.00150148087562913
0.63698329017573,0.249677874516549,3873,3873,0.00300296175125826,0.00150148087562913
0.636293529706444,0.246755202832194,3874,3874,0.00300296175125826,0.00150148087562913
0.63698329017573,0.249677874516549,3875,3875,0.00300296175125826,0.00150148087562913
0.636293529706444,0.246755202832194,3876,3876,0.00300296175125826,0.00150148087562913
0.63698329017573,0.249677874516549,3877,3877,0.00300296175125826,0.00150148087562913
0.636293529706444,0.246755202832194,3878,3878,0.00300296175125826,0.00150148087562913
0.63698329017573,0.249677874516549,3879,3879,0.00300296175125826,0.00150148087562913
0.636293529706444,0.246755202832194,3880,3880,0.00300296175125826,0.00150148087562913
0.63698329017573,0.249677874516549,3881,3881,0.00300296175125826,0.00150148087562913
0.636293529706444,0.246755202832194,3882,3882,0.00300296175125826,0.00150148087562913
0.63698329017573,0.249677874516549,3883,3883,0.00300296175125826,0.00150148087562913
0.636293529706444,0.246755202832194,3884,3884,0.00300296175125826,0.00150148087562913
0.63698329017573,0.249677874516549,3885,3885,0.00300296175125826,0.00150148087562913
0.636293529706444,0.246755202832194,3886,3886,0.00300296175125826,0.00150148087562913
0.63698329017573,0.249677874516549,3887,3887,0.00300296175125826,0.00150148087562913
0.636293529706444,0.246755202832194,3888,3888,0.00300296175125826,0.00150148087562913
0.63698329017573,0.249677874516549,3889,3889,0.00300296175125826,0.00150148087562913
0.636293529706444,0.246755202832194,3890,3890,0.00300296175125826,0.00150148087562913
0.63698329017573,0.249677874516549,3891,3891,0.00300296175125826,0.00150148087562913
0.636293529706444,0.246755202832194,3892,3892,0.00300296175125826,0.00150148087562913
0.63698329017573,0.249677874516549,3893,3893,0.00300296175125826,0.00150148087562913
0.636293529706444,0.246755202832194,3894,3894,0.00300296175125826,0.00150148087562913
0.63698329017573,0.249677874516549,3895,3895,0.00300296175125826,0.00150148087562913
0.636293529706444,0.246755202832194,3896,3896,0.00300296175125826,0.00150148087562913
0.63698329017573,0.249677874516549,3897,3897,0.00300296175125826,0.00150148087562913
0.636293529706444,0.246755202832194,3898,3898,0.00300296175125826,0.00150148087562913
0.63698329017573,0.249677874516549,3899,3899,0.00300296175125826,0.00150148087562913
0.636293529706444,0.246755202832194,3900,3900,0.00300296175125826,0.00150148087562913
0.63698329017573,0.249677874516549,3901,3901,0.00300296175125826,0.00150148087562913
0.636293529706444,0.246755202832194,3902,3902,0.00300296175125826,0.00150148087562913
0.63698329017573,0.249677874516549,3903,3903,0.00300296175125826,0.00150148087562913
0.636293529706444,0.246755202832194,3904,3904,0.00300296175125826,0.00150148087562913
0.63698329017573,0.249677874516549,3905,3905,0.00300296175125826,0.00150148087562913
0.636293529706444,0.246755202832194,3906,3906,0.00300296175125826,0.00150148087562913
0.63698329017573,0.249677874516549,3907,3907,0.00300296175125826,0.00150148087562913
0.636293529706444,0.246755202832194,3908,3908,0.00300296175125826,0.00150148087562913
0.63698329017573,0.249677874516549,3909,3909,0.00300296175125826,0.00150148087562913
0.636293529706444,0.246755202832194,3910,3910,0.00300296175125826,0.00150148087562913
0.63698329017573,0.249677874516549,3911,3911,0.00300296175125826,0.00150148087562913
0.636293529706444,0.246755202832194,3912,3912,0.00300296175125826,0.00150148087562913
0.63698329017573,0.249677874516549,3913,3913,0.00300296175125826,0.00150148087562913
0.636293529706444,0.246755202832194,3914,3914,0.00300296175125826,0.00150148087562913
0.63698329017573,0.249677874516549,3915,3915,0.00300296175125826,0.00150148087562913
0.636293529706444,0.246755202832194,3916,3916,0.00300296175125826,0.00150148087562913
0.63698329017573,0.249677874516549,3917,3917,0.00300296175125826,0.00150148087562913
0.636293529706444,0.246755202832194,3918,3918,0.00300296175125826,0.00150148087562913
0.63698329017573,0.249677874516549,3919,3919,0.00300296175125826,0.00150148087562913
0.636293529706444,0.246755202832194,3920,3920,0.00300296175125826,0.00150148087562913
0.63698329017573,0.249677874516549,3921,3921,0.00300296175125826,0.00150148087562913
0.636293529706444,0.246755202832194,3922,3922,0.00300296175125826,0.00150148087562913
0.63698329017573,0.249677874516549,3923,3923,0.00300296175125826,0.00150148087562913
0.636293529706444,0.246755202832194,3924,3924,0.00300296175125826,0.00150148087562913
0.63698329017573,0.249677874516549,3925,3925,0.00300296175125826,0.00150148087562913
0.636293529706444,0.246755202832194,3926,3926,0.00300296175125826,0.00150148087562913
0.63698329017573,0.249677874516549,3927,3927,0.00300296175125826,0.00150148087562913
0.636293529706444,0.246755202832194,3928,3928,0.00300296175125826,0.00150148087562913
0.63698329017573,0.249677874516549,3929,3929,0.00300296175125826,0.00150148087562913
0.636293529706444,0.246755202832194,3930,3930,0.00300296175125826,0.00150148087562913
0.63698329017573,0.249677874516549,3931,3931,0.00300296175125826,0.00150148087562913
0.636293529706444,0.246755202832194,3932,3932,0.00300296175125826,0.00150148087562913
0.63698329017573,0.249677874516549,3933,3933,0.00300296175125826,0.00150148087562913
0.636293529706444,0.246755202832194,3934,3934,0.00300296175125826,0.00150148087562913
0.63698329017573,0.249677874516549,3935,3935,0.00300296175125826,0.00150148087562913
0.636293529706444,0.246755202832194,3936,3936,0.00300296175125826,0.00150148087562913
0.63698329017573,0.249677874516549,3937,3937,0.00300296175125826,0.00150148087562913
0.636293529706444,0.246755202832194,3938,3938,0.00300296175125826,0.00150148087562913
0.63698329017573,0.249677874516549,3939,3939,0.00300296175125826,0.00150148087562913
0.636293529706444,0.246755202832194,3940,3940,0.00300296175125826,0.00150148087562913
0.63698329017573,0.249677874516549,3941,3941,0.00300296175125826,0.00150148087562913
0.636293529706444,0.246755202832194,3942,3942,0.00300296175125826,0.00150148087562913
0.63698329017573,0.249677874516549,3943,3943,0.00300296175125826,0.00150148087562913
0.636293529706444,0.246755202832194,3944,3944,0.00300296175125826,0.00150148087562913
0.63698329017573,0.249677874516549,3945,3945,0.00300296175125826,0.00150148087562913
0.636293529706444,0.246755202832194,3946,3946,0.00300296175125826,0.00150148087562913
0.63698329017573,0.249677874516549,3947,3947,0.00300296175125826,0.00150148087562913
0.636293529706444,0.246755202832194,3948,3948,0.00300296175125826,0.00150148087562913
0.63698329017573,0.249677874516549,3949,3949,0.00300296175125826,0.00150148087562913
0.636293529706444,0.246755202832194,3950,3950,0.00300296175125826,0.00150148087562913
0.63698329017573,0.249677874516549,3951,3951,0.00300296175125826,0.00150148087562913
0.636293529706444,0.246755202832194,3952,3952,0.00300296175125826,0.00150148087562913
0.63698329017573,0.249677874516549,3953,3953,0.00300296175125826,0.00150148087562913
0.636293529706444,0.246755202832194,3954,3954,0.00300296175125826,0.00150148087562913
0.63698329017573,0.249677874516549,3955,3955,0.00300296175125826,0.00150148087562913
0.636293529706444,0.246755202832194,3956,3956,0.00300296175125826,0.00150148087562913
0.63698329017573,0.249677874516549,3957,3957,0.00300296175125826,0.00150148087562913
0.636293529706444,0.246755202832194,3958,3958,0.00300296175125826,0.00150148087562913
0.63698329017573,0.249677874516549,3959,3959,0.00300296175125826,0.00150148087562913
0.636293529706444,0.246755202832194,3960,3960,0.00300296175125826,0.00150148087562913
0.63698329017573,0.249677874516549,3961,3961,0.00300296175125826,0.00150148087562913
0.636293529706444,0.246755202832194,3962,3962,0.00300296175125826,0.00150148087562913
0.63698329017573,0.249677874516549,3963,3963,0.00300296175125826,0.00150148087562913
0.636293529706444,0.246755202832194,3964,3964,0.00300296175125826,0.00150148087562913
0.63698329017573,0.249677874516549,3965,3965,0.00300296175125826,0.00150148087562913
0.636293529706444,0.246755202832194,3966,3966,0.00300296175125826,0.00150148087562913
0.63698329017573,0.249677874516549,3967,3967,0.00300296175125826,0.00150148087562913
0.636293529706444,0.246755202832194,3968,3968,0.00300296175125826,0.00150148087562913
0.63698329017573,0.249677874516549,3969,3969,0.00300296175125826,0.00150148087562913
0.636293529706444,0.246755202832194,3970,3970,0.00300296175125826,0.00150148087562913
0.63698329017573,0.249677874516549,3971,3971,0.00300296175125826,0.00150148087562913
0.636293529706444,0.246755202832194,3972,3972,0.00300296175125826,0.00150148087562913
0.63698329017573,0.249677874516549,3973,3973,0.00300296175125826,0.00150148087562913
0.636293529706444,0.246755202832194,3974,3974,0.00300296175125826,0.00150148087562913
0.63698329017573,0.249677874516549,3975,3975,0.00300296175125826,0.00150148087562913
0.636293529706444,0.246755202832194,3976,3976,0.00300296175125826,0.00150148087562913
0.63698329017573,0.249677874516549,3977,3977,0.00300296175125826,0.00150148087562913
0.636293529706444,0.246755202832194,3978,3978,0.00300296175125826,0.00150148087562913
0.63698329017573,0.249677874516549,3979,3979,0.00300296175125826,0.00150148087562913
0.636293529706444,0.246755202832194,3980,3980,0.00300296175125826,0.00150148087562913
0.63698329017573,0.249677874516549,3981,3981,0.00300296175125826,0.00150148087562913
0.636293529706444,0.246755202832194,3982,3982,0.00300296175125826,0.00150148087562913
0.63698329017573,0.249677874516549,3983,3983,0.00300296175125826,0.00150148087562913
0.636293529706444,0.246755202832194,3984,3984,0.00300296175125826,0.00150148087562913
0.63698329017573,0.249677874516549,3985,3985,0.00300296175125826,0.00150148087562913
0.636293529706444,0.246755202832194,3986,3986,0.00300296175125826,0.00150148087562913
0.63698329017573,0.249677874516549,3987,3987,0.00300296175125826,0.00150148087562913
0.636293529706444,0.246755202832194,3988,3988,0.00300296175125826,0.00150148087562913
0.63698329017573,0.249677874516549,3989,3989,0.00300296175125826,0.00150148087562913
0.636293529706444,0.246755202832194,3990,3990,0.00300296175125826,0.00150148087562913
0.63698329017573,0.249677874516549,3991,3991,0.00300296175125826,0.00150148087562913
0.636293529706444,0.246755202832194,3992,3992,0.00300296175125826,0.00150148087562913
0.63698329017573,0.249677874516549,3993,3993,0.00300296175125826,0.00150148087562913
0.636293529706444,0.246755202832194,3994,3994,0.00300296175125826,0.00150148087562913
0.63698329017573,0.249677874516549,3995,3995,0.00300296175125826,0.00150148087562913
0.636293529706444,0.246755202832194,3996,3996,0.00300296175125826,0.00150148087562913
0.63698329017573,0.249677874516549,3997,3997,0.00300296175125826,0.00150148087562913
0.636293529706444,0.246755202832194,3998,3998,0.00300296175125826,0.00150148087562913
0.63698329017573,0.249677874516549,3999,3999,0.00300296175125826,0.00150148087562913
0.636293529706444,0.246755202832194,4000,4000,0.00300296175125826,0.00150148087562913
0.63698329017573,0.249677874516549,4001,4001,0.00300296175125826,0.00150148087562913
0.636293529706444,0.246755202832194,4002,4002,0.00300296175125826,0.00150148087562913
0.63698329017573,0.249677874516549,4003,4003,0.00300296175125826,0.00150148087562913
0.636293529706444,0.246755202832194,4004,4004,0.00300296175125826,0.00150148087562913
0.63698329017573,0.249677874516549,4005,4005,0.00300296175125826,0.00150148087562913
0.636293529706444,0.246755202832194,4006,4006,0.00300296175125826,0.00150148087562913
0.63698329017573,0.249677874516549,4007,4007,0.00300296175125826,0.00150148087562913
0.636293529706444,0.246755202832194,4008,4008,0.00300296175125826,0.00150148087562913
0.63698329017573,0.249677874516549,4009,4009,0.00300296175125826,0.00150148087562913
0.636293529706444,0.246755202832194,4010,4010,0.00300296175125826,0.00150148087562913
0.63698329017573,0.249677874516549,4011,4011,0.00300296175125826,0.00150148087562913
0.636293529706444,0.246755202832194,4012,4012,0.00300296175125826,0.00150148087562913
0.63698329017573,0.249677874516549,4013,4013,0.00300296175125826,0.00150148087562913
0.636293529706444,0.246755202832194,4014,4014,0.00300296175125826,0.00150148087562913
0.63698329017573,0.249677874516549,4015,4015,0.00300296175125826,0.00150148087562913
0.636293529706444,0.246755202832194,4016,4016,0.00300296175125826,0.00150148087562913
0.63698329017573,0.249677874516549,4017,4017,0.00300296175125826,0.00150148087562913
0.636293529706444,0.246755202832194,4018,4018,0.00300296175125826,0.00150148087562913
0.63698329017573,0.249677874516549,4019,4019,0.00300296175125826,0.00150148087562913
0.636293529706444,0.246755202832194,4020,4020,0.00300296175125826,0.00150148087562913
0.63698329017573,0.249677874516549,4021,4021,0.00300296175125826,0.00150148087562913
0.636293529706444,0.246755202832194,4022,4022,0.00300296175125826,0.00150148087562913
0.63698329017573,0.249677874516549,4023,4023,0.00300296175125826,0.00150148087562913
0.636293529706444,0.246755202832194,4024,4024,0.00300296175125826,0.00150148087562913
0.63698329017573,0.249677874516549,4025,4025,0.00300296175125826,0.00150148087562913
0.636293529706444,0.246755202832194,4026,4026,0.00300296175125826,0.00150148087562913
0.63698329017573,0.249677874516549,4027,4027,0.00300296175125826,0.00150148087562913
0.636293529706444,0.246755202832194,4028,4028,0.00300296175125826,0.00150148087562913
0.63698329017573,0.249677874516549,4029,4029,0.00300296175125826,0.00150148087562913
0.636293529706444,0.246755202832194,4030,4030,0.00300296175125826,0.00150148087562913
0.63698329017573,0.249677874516549,4031,4031,0.00300296175125826,0.00150148087562913
0.636293529706444,0.246755202832194,4032,4032,0.00300296175125826,0.00150148087562913
0.63698329017573,0.249677874516549,4033,4033,0.00300296175125826,0.00150148087562913
0.636293529706444,0.246755202832194,4034,4034,0.00300296175125826,0.00150148087562913
0.63698329017573,0.249677874516549,4035,4035,0.00300296175125826,0.00150148087562913
0.636293529706444,0.246755202832194,4036,4036,0.00300296175125826,0.00150148087562913
0.63698329017573,0.249677874516549,4037,4037,0.00300296175125826,0.00150148087562913
0.636293529706444,0.246755202832194,4038,4038,0.00300296175125826,0.00150148087562913
0.63698329017573,0.249677874516549,4039,4039,0.00300296175125826,0.00150148087562913
0.636293529706444,0.246755202832194,4040,4040,0.00300296175125826,0.00150148087562913
0.63698329017573,0.249677874516549,4041,4041,0.00300296175125826,0.00150148087562913
0.636293529706444,0.246755202832194,4042,4042,0.00300296175125826,0.00150148087562913
0.63698329017573,0.249677874516549,4043,4043,0.00300296175125826,0.00150148087562913
0.636293529706444,0.246755202832194,4044,4044,0.00300296175125826,0.00150148087562913
0.63698329017573,0.249677874516549,4045,4045,0.00300296175125826,0.00150148087562913
0.636293529706444,0.246755202832194,4046,4046,0.00300296175125826,0.00150148087562913
0.63698329017573,0.249677874516549,4047,4047,0.00300296175125826,0.00150148087562913
0.636293529706444,0.246755202832194,4048,4048,0.00300296175125826,0.00150148087562913
0.63698329017573,0.249677874516549,4049,4049,0.00300296175125826,0.00150148087562913
0.636293529706444,0.246755202832194,4050,4050,0.00300296175125826,0.00150148087562913
0.63698329017573,0.249677874516549,4051,4051,0.00300296175125826,0.00150148087562913
0.636293529706444,0.246755202832194,4052,4052,0.00300296175125826,0.00150148087562913
0.63698329017573,0.249677874516549,4053,4053,0.00300296175125826,0.00150148087562913
0.636293529706444,0.246755202832194,4054,4054,0.00300296175125826,0.00150148087562913
0.63698329017573,0.249677874516549,4055,4055,0.00300296175125826,0.00150148087562913
0.636293529706444,0.246755202832194,4056,4056,0.00300296175125826,0.00150148087562913
0.63698329017573,0.249677874516549,4057,4057,0.00300296175125826,0.00150148087562913
0.636293529706444,0.246755202832194,4058,4058,0.00300296175125826,0.00150148087562913
0.63698329017573,0.249677874516549,4059,4059,0.00300296175125826,0.00150148087562913
0.636293529706444,0.246755202832194,4060,4060,0.00300296175125826,0.00150148087562913
0.63698329017573,0.249677874516549,4061,4061,0.00300296175125826,0.00150148087562913
0.636293529706444,0.246755202832194,4062,4062,0.00300296175125826,0.00150148087562913
0.63698329017573,0.249677874516549,4063,4063,0.00300296175125826,0.00150148087562913
0.636293529706444,0.246755202832194,4064,4064,0.00300296175125826,0.00150148087562913
0.63698329017573,0.249677874516549,4065,4065,0.00300296175125826,0.00150148087562913
0.636293529706444,0.246755202832194,4066,4066,0.00300296175125826,0.00150148087562913
0.63698329017573,0.249677874516549,4067,4067,0.00300296175125826,0.00150148087562913
0.636293529706444,0.246755202832194,4068,4068,0.00300296175125826,0.00150148087562913
0.63698329017573,0.249677874516549,4069,4069,0.00300296175125826,0.00150148087562913
0.636293529706444,0.246755202832194,4070,4070,0.00300296175125826,0.00150148087562913
0.63698329017573,0.249677874516549,4071,4071,0.00300296175125826,0.00150148087562913
0.636293529706444,0.246755202832194,4072,4072,0.00300296175125826,0.00150148087562913
0.63698329017573,0.249677874516549,4073,4073,0.00300296175125826,0.00150148087562913
0.636293529706444,0.246755202832194,4074,4074,0.00300296175125826,0.00150148087562913
0.63698329017573,0.249677874516549,4075,4075,0.00300296175125826,0.00150148087562913
0.636293529706444,0.246755202832194,4076,4076,0.00300296175125826,0.00150148087562913
0.63698329017573,0.249677874516549,4077,4077,0.00300296175125826,0.00150148087562913
0.636293529706444,0.246755202832194,4078,4078,0.00300296175125826,0.00150148087562913
0.63698329017573,0.249677874516549,4079,4079,0.00300296175125826,0.00150148087562913
0.636293529706444,0.246755202832194,4080,4080,0.00300296175125826,0.00150148087562913
0.63698329017573,0.249677874516549,4081,4081,0.00300296175125826,0.00150148087562913
0.636293529706444,0.246755202832194,4082,4082,0.00300296175125826,0.00150148087562913
0.63698329017573,0.249677874516549,4083,4083,0.00300296175125826,0.00150148087562913
0.636293529706444,0.246755202832194,4084,4084,0.00300296175125826,0.00150148087562913
0.63698329017573,0.249677874516549,4085,4085,0.00300296175125826,0.00150148087562913
0.636293529706444,0.246755202832194,4086,4086,0.00300296175125826,0.00150148087562913
0.63698329017573,0.249677874516549,4087,4087,0.00300296175125826,0.00150148087562913
0.636293529706444,0.246755202832194,4088,4088,0.00300296175125826,0.00150148087562913
0.63698329017573,0.249677874516549,4089,4089,0.00300296175125826,0.00150148087562913
0.636293529706444,0.246755202832194,4090,4090,0.00300296175125826,0.00150148087562913
0.63698329017573,0.249677874516549,4091,4091,0.00300296175125826,0.00150148087562913
0.636293529706444,0.246755202832194,4092,4092,0.00300296175125826,0.00150148087562913
0.63698329017573,0.249677874516549,4093,4093,0.00300296175125826,0.00150148087562913
0.636293529706444,0.246755202832194,4094,4094,0.00300296175125826,0.00150148087562913
0.63698329017573,0.249677874516549,4095,4095,0.00300296175125826,0.00150148087562913
0.636293529706444,0.246755202832194,4096,4096,0.00300296175125826,0.00150148087562913
0.63698329017573,0.249677874516549,4097,4097,0.00300296175125826,0.00150148087562913
0.636293529706444,0.246755202832194,4098,4098,0.00300296175125826,0.00150148087562913
0.63698329017573,0.249677874516549,4099,4099,0.00300296175125826,0.00150148087562913
0.636293529706444,0.246755202832194,4100,4100,0.00300296175125826,0.00150148087562913
0.63698329017573,0.249677874516549,4101,4101,0.00300296175125826,0.00150148087562913
0.636293529706444,0.246755202832194,4102,4102,0.00300296175125826,0.00150148087562913
0.63698329017573,0.249677874516549,4103,4103,0.00300296175125826,0.00150148087562913
0.636293529706444,0.246755202832194,4104,4104,0.00300296175125826,0.00150148087562913
0.63698329017573,0.249677874516549,4105,4105,0.00300296175125826,0.00150148087562913
0.636293529706444,0.246755202832194,4106,4106,0.00300296175125826,0.00150148087562913
0.63698329017573,0.249677874516549,4107,4107,0.00300296175125826,0.00150148087562913
0.636293529706444,0.246755202832194,4108,4108,0.00300296175125826,0.00150148087562913
0.63698329017573,0.249677874516549,4109,4109,0.00300296175125826,0.00150148087562913
0.636293529706444,0.246755202832194,4110,4110,0.00300296175125826,0.00150148087562913
0.63698329017573,0.249677874516549,4111,4111,0.00300296175125826,0.00150148087562913
0.636293529706444,0.246755202832194,4112,4112,0.00300296175125826,0.00150148087562913
0.63698329017573,0.249677874516549,4113,4113,0.00300296175125826,0.00150148087562913
0.636293529706444,0.246755202832194,4114,4114,0.00300296175125826,0.00150148087562913
0.63698329017573,0.249677874516549,4115,4115,0.00300296175125826,0.00150148087562913
0.636293529706444,0.246755202832194,4116,4116,0.00300296175125826,0.00150148087562913
0.63698329017573,0.249677874516549,4117,4117,0.00300296175125826,0.00150148087562913
0.636293529706444,0.246755202832194,4118,4118,0.00300296175125826,0.00150148087562913
0.63698329017573,0.249677874516549,4119,4119,0.00300296175125826,0.00150148087562913
0.636293529706444,0.246755202832194,4120,4120,0.00300296175125826,0.00150148087562913
0.63698329017573,0.249677874516549,4121,4121,0.00300296175125826,0.00150148087562913
0.636293529706444,0.246755202832194,4122,4122,0.00300296175125826,0.00150148087562913
0.63698329017573,0.249677874516549,4123,4123,0.00300296175125826,0.00150148087562913
0.636293529706444,0.246755202832194,4124,4124,0.00300296175125826,0.00150148087562913
0.63698329017573,0.249677874516549,4125,4125,0.00300296175125826,0.00150148087562913
0.636293529706444,0.246755202832194,4126,4126,0.00300296175125826,0.00150148087562913
0.63698329017573,0.249677874516549,4127,4127,0.00300296175125826,0.00150148087562913
0.636293529706444,0.246755202832194,4128,4128,0.00300296175125826,0.00150148087562913
0.63698329017573,0.249677874516549,4129,4129,0.00300296175125826,0.00150148087562913
0.636293529706444,0.246755202832194,4130,4130,0.00300296175125826,0.00150148087562913
0.63698329017573,0.249677874516549,4131,4131,0.00300296175125826,0.00150148087562913
0.636293529706444,0.246755202832194,4132,4132,0.00300296175125826,0.00150148087562913
0.63698329017573,0.249677874516549,4133,4133,0.00300296175125826,0.00150148087562913
0.636293529706444,0.246755202832194,4134,4134,0.00300296175125826,0.00150148087562913
0.63698329017573,0.249677874516549,4135,4135,0.00300296175125826,0.00150148087562913
0.636293529706444,0.246755202832194,4136,4136,0.00300296175125826,0.00150148087562913
0.63698329017573,0.249677874516549,4137,4137,0.00300296175125826,0.00150148087562913
0.636293529706444,0.246755202832194,4138,4138,0.00300296175125826,0.00150148087562913
0.63698329017573,0.249677874516549,4139,4139,0.00300296175125826,0.00150148087562913
0.636293529706444,0.246755202832194,4140,4140,0.00300296175125826,0.00150148087562913
0.63698329017573,0.249677874516549,4141,4141,0.00300296175125826,0.00150148087562913
0.636293529706444,0.246755202832194,4142,4142,0.00300296175125826,0.00150148087562913
0.63698329017573,0.249677874516549,4143,4143,0.00300296175125826,0.00150148087562913
0.636293529706444,0.246755202832194,4144,4144,0.00300296175125826,0.00150148087562913
0.63698329017573,0.249677874516549,4145,4145,0.00300296175125826,0.00150148087562913
0.636293529706444,0.246755202832194,4146,4146,0.00300296175125826,0.00150148087562913
0.63698329017573,0.249677874516549,4147,4147,0.00300296175125826,0.00150148087562913
0.636293529706444,0.246755202832194,4148,4148,0.00300296175125826,0.00150148087562913
0.63698329017573,0.249677874516549,4149,4149,0.00300296175125826,0.00150148087562913
0.636293529706444,0.246755202832194,4150,4150,0.00300296175125826,0.00150148087562913
0.63698329017573,0.249677874516549,4151,4151,0.00300296175125826,0.00150148087562913
0.636293529706444,0.246755202832194,4152,4152,0.00300296175125826,0.00150148087562913
0.63698329017573,0.249677874516549,4153,4153,0.00300296175125826,0.00150148087562913
0.636293529706444,0.246755202832194,4154,4154,0.00300296175125826,0.00150148087562913
0.63698329017573,0.249677874516549,4155,4155,0.00300296175125826,0.00150148087562913
0.636293529706444,0.246755202832194,4156,4156,0.00300296175125826,0.00150148087562913
0.63698329017573,0.249677874516549,4157,4157,0.00300296175125826,0.00150148087562913
0.636293529706444,0.246755202832194,4158,4158,0.00300296175125826,0.00150148087562913
0.63698329017573,0.249677874516549,4159,4159,0.00300296175125826,0.00150148087562913
0.636293529706444,0.246755202832194,4160,4160,0.00300296175125826,0.00150148087562913
0.63698329017573,0.249677874516549,4161,4161,0.00300296175125826,0.00150148087562913
0.636293529706444,0.246755202832194,4162,4162,0.00300296175125826,0.00150148087562913
0.63698329017573,0.249677874516549,4163,4163,0.00300296175125826,0.00150148087562913
0.636293529706444,0.246755202832194,4164,4164,0.00300296175125826,0.00150148087562913
0.63698329017573,0.249677874516549,4165,4165,0.00300296175125826,0.00150148087562913
0.636293529706444,0.246755202832194,4166,4166,0.00300296175125826,0.00150148087562913
0.63698329017573,0.249677874516549,4167,4167,0.00300296175125826,0.00150148087562913
0.636293529706444,0.246755202832194,4168,4168,0.00300296175125826,0.00150148087562913
0.63698329017573,0.249677874516549,4169,4169,0.00300296175125826,0.00150148087562913
0.636293529706444,0.246755202832194,4170,4170,0.00300296175125826,0.00150148087562913
0.63698329017573,0.249677874516549,4171,4171,0.00300296175125826,0.00150148087562913
0.636293529706444,0.246755202832194,4172,4172,0.00300296175125826,0.00150148087562913
0.63698329017573,0.249677874516549,4173,4173,0.00300296175125826,0.00150148087562913
0.636293529706444,0.246755202832194,4174,4174,0.00300296175125826,0.00150148087562913
0.63698329017573,0.249677874516549,4175,4175,0.00300296175125826,0.00150148087562913
0.636293529706444,0.246755202832194,4176,4176,0.00300296175125826,0.00150148087562913
0.63698329017573,0.249677874516549,4177,4177,0.00300296175125826,0.00150148087562913
0.636293529706444,0.246755202832194,4178,4178,0.00300296175125826,0.00150148087562913
0.63698329017573,0.249677874516549,4179,4179,0.00300296175125826,0.00150148087562913
0.636293529706444,0.246755202832194,4180,4180,0.00300296175125826,0.00150148087562913
0.63698329017573,0.249677874516549,4181,4181,0.00300296175125826,0.00150148087562913
0.636293529706444,0.246755202832194,4182,4182,0.00300296175125826,0.00150148087562913
0.63698329017573,0.249677874516549,4183,4183,0.00300296175125826,0.00150148087562913
0.636293529706444,0.246755202832194,4184,4184,0.00300296175125826,0.00150148087562913
0.63698329017573,0.249677874516549,4185,4185,0.00300296175125826,0.00150148087562913
0.636293529706444,0.246755202832194,4186,4186,0.00300296175125826,0.00150148087562913
0.63698329017573,0.249677874516549,4187,4187,0.00300296175125826,0.00150148087562913
0.636293529706444,0.246755202832194,4188,4188,0.00300296175125826,0.00150148087562913
0.63698329017573,0.249677874516549,4189,4189,0.00300296175125826,0.00150148087562913
0.636293529706444,0.246755202832194,4190,4190,0.00300296175125826,0.00150148087562913
0.63698329017573,0.249677874516549,4191,4191,0.00300296175125826,0.00150148087562913
0.636293529706444,0.246755202832194,4192,4192,0.00300296175125826,0.00150148087562913
0.63698329017573,0.249677874516549,4193,4193,0.00300296175125826,0.00150148087562913
0.636293529706444,0.246755202832194,4194,4194,0.00300296175125826,0.00150148087562913
0.63698329017573,0.249677874516549,4195,4195,0.00300296175125826,0.00150148087562913
0.636293529706444,0.246755202832194,4196,4196,0.00300296175125826,0.00150148087562913
0.63698329017573,0.249677874516549,4197,4197,0.00300296175125826,0.00150148087562913
0.636293529706444,0.246755202832194,4198,4198,0.00300296175125826,0.00150148087562913
0.63698329017573,0.249677874516549,4199,4199,0.00300296175125826,0.00150148087562913
0.636293529706444,0.246755202832194,4200,4200,0.00300296175125826,0.00150148087562913
0.63698329017573,0.249677874516549,4201,4201,0.00300296175125826,0.00150148087562913
0.636293529706444,0.246755202832194,4202,4202,0.00300296175125826,0.00150148087562913
0.63698329017573,0.249677874516549,4203,4203,0.00300296175125826,0.00150148087562913
0.636293529706444,0.246755202832194,4204,4204,0.00300296175125826,0.00150148087562913
0.63698329017573,0.249677874516549,4205,4205,0.00300296175125826,0.00150148087562913
0.636293529706444,0.246755202832194,4206,4206,0.00300296175125826,0.00150148087562913
0.63698329017573,0.249677874516549,4207,4207,0.00300296175125826,0.00150148087562913
0.636293529706444,0.246755202832194,4208,4208,0.00300296175125826,0.00150148087562913
0.63698329017573,0.249677874516549,4209,4209,0.00300296175125826,0.00150148087562913
0.636293529706444,0.246755202832194,4210,4210,0.00300296175125826,0.00150148087562913
0.63698329017573,0.249677874516549,4211,4211,0.00300296175125826,0.00150148087562913
0.636293529706444,0.246755202832194,4212,4212,0.00300296175125826,0.00150148087562913
0.63698329017573,0.249677874516549,4213,4213,0.00300296175125826,0.00150148087562913
0.636293529706444,0.246755202832194,4214,4214,0.00300296175125826,0.00150148087562913
0.63698329017573,0.249677874516549,4215,4215,0.00300296175125826,0.00150148087562913
0.636293529706444,0.246755202832194,4216,4216,0.00300296175125826,0.00150148087562913
0.63698329017573,0.249677874516549,4217,4217,0.00300296175125826,0.00150148087562913
0.636293529706444,0.246755202832194,4218,4218,0.00300296175125826,0.00150148087562913
0.63698329017573,0.249677874516549,4219,4219,0.00300296175125826,0.00150148087562913
0.636293529706444,0.246755202832194,4220,4220,0.00300296175125826,0.00150148087562913
0.63698329017573,0.249677874516549,4221,4221,0.00300296175125826,0.00150148087562913
0.636293529706444,0.246755202832194,4222,4222,0.00300296175125826,0.00150148087562913
0.63698329017573,0.249677874516549,4223,4223,0.00300296175125826,0.00150148087562913
0.636293529706444,0.246755202832194,4224,4224,0.00300296175125826,0.00150148087562913
0.63698329017573,0.249677874516549,4225,4225,0.00300296175125826,0.00150148087562913
0.636293529706444,0.246755202832194,4226,4226,0.00300296175125826,0.00150148087562913
0.63698329017573,0.249677874516549,4227,4227,0.00300296175125826,0.00150148087562913
0.636293529706444,0.246755202832194,4228,4228,0.00300296175125826,0.00150148087562913
0.63698329017573,0.249677874516549,4229,4229,0.00300296175125826,0.00150148087562913
0.636293529706444,0.246755202832194,4230,4230,0.00300296175125826,0.00150148087562913
0.63698329017573,0.249677874516549,4231,4231,0.00300296175125826,0.00150148087562913
0.636293529706444,0.246755202832194,4232,4232,0.00300296175125826,0.00150148087562913
0.63698329017573,0.249677874516549,4233,4233,0.00300296175125826,0.00150148087562913
0.636293529706444,0.246755202832194,4234,4234,0.00300296175125826,0.00150148087562913
0.63698329017573,0.249677874516549,4235,4235,0.00300296175125826,0.00150148087562913
0.636293529706444,0.246755202832194,4236,4236,0.00300296175125826,0.00150148087562913
0.63698329017573,0.249677874516549,4237,4237,0.00300296175125826,0.00150148087562913
0.636293529706444,0.246755202832194,4238,4238,0.00300296175125826,0.00150148087562913
0.63698329017573,0.249677874516549,4239,4239,0.00300296175125826,0.00150148087562913
0.636293529706444,0.246755202832194,4240,4240,0.00300296175125826,0.00150148087562913
0.63698329017573,0.249677874516549,4241,4241,0.00300296175125826,0.00150148087562913
0.636293529706444,0.246755202832194,4242,4242,0.00300296175125826,0.00150148087562913
0.63698329017573,0.249677874516549,4243,4243,0.00300296175125826,0.00150148087562913
0.636293529706444,0.246755202832194,4244,4244,0.00300296175125826,0.00150148087562913
0.63698329017573,0.249677874516549,4245,4245,0.00300296175125826,0.00150148087562913
0.636293529706444,0.246755202832194,4246,4246,0.00300296175125826,0.00150148087562913
0.63698329017573,0.249677874516549,4247,4247,0.00300296175125826,0.00150148087562913
0.636293529706444,0.246755202832194,4248,4248,0.00300296175125826,0.00150148087562913
0.63698329017573,0.249677874516549,4249,4249,0.00300296175125826,0.00150148087562913
0.636293529706444,0.246755202832194,4250,4250,0.00300296175125826,0.00150148087562913
0.63698329017573,0.249677874516549,4251,4251,0.00300296175125826,0.00150148087562913
0.636293529706444,0.246755202832194,4252,4252,0.00300296175125826,0.00150148087562913
0.63698329017573,0.249677874516549,4253,4253,0.00300296175125826,0.00150148087562913
0.636293529706444,0.246755202832194,4254,4254,0.00300296175125826,0.00150148087562913
0.63698329017573,0.249677874516549,4255,4255,0.00300296175125826,0.00150148087562913
0.636293529706444,0.246755202832194,4256,4256,0.00300296175125826,0.00150148087562913
0.63698329017573,0.249677874516549,4257,4257,0.00300296175125826,0.00150148087562913
0.636293529706444,0.246755202832194,4258,4258,0.00300296175125826,0.00150148087562913
0.63698329017573,0.249677874516549,4259,4259,0.00300296175125826,0.00150148087562913
0.636293529706444,0.246755202832194,4260,4260,0.00300296175125826,0.00150148087562913
0.63698329017573,0.249677874516549,4261,4261,0.00300296175125826,0.00150148087562913
0.636293529706444,0.246755202832194,4262,4262,0.00300296175125826,0.00150148087562913
0.63698329017573,0.249677874516549,4263,4263,0.00300296175125826,0.00150148087562913
0.636293529706444,0.246755202832194,4264,4264,0.00300296175125826,0.00150148087562913
0.63698329017573,0.249677874516549,4265,4265,0.00300296175125826,0.00150148087562913
0.636293529706444,0.246755202832194,4266,4266,0.00300296175125826,0.00150148087562913
0.63698329017573,0.249677874516549,4267,4267,0.00300296175125826,0.00150148087562913
0.636293529706444,0.246755202832194,4268,4268,0.00300296175125826,0.00150148087562913
0.63698329017573,0.249677874516549,4269,4269,0.00300296175125826,0.00150148087562913
0.636293529706444,0.246755202832194,4270,4270,0.00300296175125826,0.00150148087562913
0.63698329017573,0.249677874516549,4271,4271,0.00300296175125826,0.00150148087562913
0.636293529706444,0.246755202832194,4272,4272,0.00300296175125826,0.00150148087562913
0.63698329017573,0.249677874516549,4273,4273,0.00300296175125826,0.00150148087562913
0.636293529706444,0.246755202832194,4274,4274,0.00300296175125826,0.00150148087562913
0.63698329017573,0.249677874516549,4275,4275,0.00300296175125826,0.00150148087562913
0.636293529706444,0.246755202832194,4276,4276,0.00300296175125826,0.00150148087562913
0.63698329017573,0.249677874516549,4277,4277,0.00300296175125826,0.00150148087562913
0.636293529706444,0.246755202832194,4278,4278,0.00300296175125826,0.00150148087562913
0.63698329017573,0.249677874516549,4279,4279,0.00300296175125826,0.00150148087562913
0.636293529706444,0.246755202832194,4280,4280,0.00300296175125826,0.00150148087562913
0.63698329017573,0.249677874516549,4281,4281,0.00300296175125826,0.00150148087562913
0.636293529706444,0.246755202832194,4282,4282,0.00300296175125826,0.00150148087562913
0.63698329017573,0.249677874516549,4283,4283,0.00300296175125826,0.00150148087562913
0.636293529706444,0.246755202832194,4284,4284,0.00300296175125826,0.00150148087562913
0.63698329017573,0.249677874516549,4285,4285,0.00300296175125826,0.00150148087562913
0.636293529706444,0.246755202832194,4286,4286,0.00300296175125826,0.00150148087562913
0.63698329017573,0.249677874516549,4287,4287,0.00300296175125826,0.00150148087562913
0.636293529706444,0.246755202832194,4288,4288,0.00300296175125826,0.00150148087562913
0.63698329017573,0.249677874516549,4289,4289,0.00300296175125826,0.00150148087562913
0.636293529706444,0.246755202832194,4290,4290,0.00300296175125826,0.00150148087562913
0.63698329017573,0.249677874516549,4291,4291,0.00300296175125826,0.00150148087562913
0.636293529706444,0.246755202832194,4292,4292,0.00300296175125826,0.00150148087562913
0.63698329017573,0.249677874516549,4293,4293,0.00300296175125826,0.00150148087562913
0.636293529706444,0.246755202832194,4294,4294,0.00300296175125826,0.00150148087562913
0.63698329017573,0.249677874516549,4295,4295,0.00300296175125826,0.00150148087562913
0.636293529706444,0.246755202832194,4296,4296,0.00300296175125826,0.00150148087562913
0.63698329017573,0.249677874516549,4297,4297,0.00300296175125826,0.00150148087562913
0.636293529706444,0.246755202832194,4298,4298,0.00300296175125826,0.00150148087562913
0.63698329017573,0.249677874516549,4299,4299,0.00300296175125826,0.00150148087562913
0.636293529706444,0.246755202832194,4300,4300,0.00300296175125826,0.00150148087562913
0.63698329017573,0.249677874516549,4301,4301,0.00300296175125826,0.00150148087562913
0.636293529706444,0.246755202832194,4302,4302,0.00300296175125826,0.00150148087562913
0.63698329017573,0.249677874516549,4303,4303,0.00300296175125826,0.00150148087562913
0.636293529706444,0.246755202832194,4304,4304,0.00300296175125826,0.00150148087562913
0.63698329017573,0.249677874516549,4305,4305,0.00300296175125826,0.00150148087562913
0.636293529706444,0.246755202832194,4306,4306,0.00300296175125826,0.00150148087562913
0.63698329017573,0.249677874516549,4307,4307,0.00300296175125826,0.00150148087562913
0.636293529706444,0.246755202832194,4308,4308,0.00300296175125826,0.00150148087562913
0.63698329017573,0.249677874516549,4309,4309,0.00300296175125826,0.00150148087562913
0.636293529706444,0.246755202832194,4310,4310,0.00300296175125826,0.00150148087562913
0.63698329017573,0.249677874516549,4311,4311,0.00300296175125826,0.00150148087562913
0.636293529706444,0.246755202832194,4312,4312,0.00300296175125826,0.00150148087562913
0.63698329017573,0.249677874516549,4313,4313,0.00300296175125826,0.00150148087562913
0.636293529706444,0.246755202832194,4314,4314,0.00300296175125826,0.00150148087562913
0.63698329017573,0.249677874516549,4315,4315,0.00300296175125826,0.00150148087562913
0.636293529706444,0.246755202832194,4316,4316,0.00300296175125826,0.00150148087562913
0.63698329017573,0.249677874516549,4317,4317,0.00300296175125826,0.00150148087562913
0.636293529706444,0.246755202832194,4318,4318,0.00300296175125826,0.00150148087562913
0.63698329017573,0.249677874516549,4319,4319,0.00300296175125826,0.00150148087562913
0.636293529706444,0.246755202832194,4320,4320,0.00300296175125826,0.00150148087562913
0.63698329017573,0.249677874516549,4321,4321,0.00300296175125826,0.00150148087562913
0.636293529706444,0.246755202832194,4322,4322,0.00300296175125826,0.00150148087562913
0.63698329017573,0.249677874516549,4323,4323,0.00300296175125826,0.00150148087562913
0.636293529706444,0.246755202832194,4324,4324,0.00300296175125826,0.00150148087562913
0.63698329017573,0.249677874516549,4325,4325,0.00300296175125826,0.00150148087562913
0.636293529706444,0.246755202832194,4326,4326,0.00300296175125826,0.00150148087562913
0.63698329017573,0.249677874516549,4327,4327,0.00300296175125826,0.00150148087562913
0.636293529706444,0.246755202832194,4328,4328,0.00300296175125826,0.00150148087562913
0.63698329017573,0.249677874516549,4329,4329,0.00300296175125826,0.00150148087562913
0.636293529706444,0.246755202832194,4330,4330,0.00300296175125826,0.00150148087562913
0.63698329017573,0.249677874516549,4331,4331,0.00300296175125826,0.00150148087562913
0.636293529706444,0.246755202832194,4332,4332,0.00300296175125826,0.00150148087562913
0.63698329017573,0.249677874516549,4333,4333,0.00300296175125826,0.00150148087562913
0.636293529706444,0.246755202832194,4334,4334,0.00300296175125826,0.00150148087562913
0.63698329017573,0.249677874516549,4335,4335,0.00300296175125826,0.00150148087562913
0.636293529706444,0.246755202832194,4336,4336,0.00300296175125826,0.00150148087562913
0.63698329017573,0.249677874516549,4337,4337,0.00300296175125826,0.00150148087562913
0.636293529706444,0.246755202832194,4338,4338,0.00300296175125826,0.00150148087562913
0.63698329017573,0.249677874516549,4339,4339,0.00300296175125826,0.00150148087562913
0.636293529706444,0.246755202832194,4340,4340,0.00300296175125826,0.00150148087562913
0.63698329017573,0.249677874516549,4341,4341,0.00300296175125826,0.00150148087562913
0.636293529706444,0.246755202832194,4342,4342,0.00300296175125826,0.00150148087562913
0.63698329017573,0.249677874516549,4343,4343,0.00300296175125826,0.00150148087562913
0.636293529706444,0.246755202832194,4344,4344,0.00300296175125826,0.00150148087562913
0.63698329017573,0.249677874516549,4345,4345,0.00300296175125826,0.00150148087562913
0.636293529706444,0.246755202832194,4346,4346,0.00300296175125826,0.00150148087562913
0.63698329017573,0.249677874516549,4347,4347,0.00300296175125826,0.00150148087562913
0.636293529706444,0.246755202832194,4348,4348,0.00300296175125826,0.00150148087562913
0.63698329017573,0.249677874516549,4349,4349,0.00300296175125826,0.00150148087562913
0.636293529706444,0.246755202832194,4350,4350,0.00300296175125826,0.00150148087562913
0.63698329017573,0.249677874516549,4351,4351,0.00300296175125826,0.00150148087562913
0.636293529706444,0.246755202832194,4352,4352,0.00300296175125826,0.00150148087562913
0.63698329017573,0.249677874516549,4353,4353,0.00300296175125826,0.00150148087562913
0.636293529706444,0.246755202832194,4354,4354,0.00300296175125826,0.00150148087562913
0.63698329017573,0.249677874516549,4355,4355,0.00300296175125826,0.00150148087562913
0.636293529706444,0.246755202832194,4356,4356,0.00300296175125826,0.00150148087562913
0.63698329017573,0.249677874516549,4357,4357,0.00300296175125826,0.00150148087562913
0.636293529706444,0.246755202832194,4358,4358,0.00300296175125826,0.00150148087562913
0.63698329017573,0.249677874516549,4359,4359,0.00300296175125826,0.00150148087562913
0.636293529706444,0.246755202832194,4360,4360,0.00300296175125826,0.00150148087562913
0.63698329017573,0.249677874516549,4361,4361,0.00300296175125826,0.00150148087562913
0.636293529706444,0.246755202832194,4362,4362,0.00300296175125826,0.00150148087562913
0.63698329017573,0.249677874516549,4363,4363,0.00300296175125826,0.00150148087562913
0.636293529706444,0.246755202832194,4364,4364,0.00300296175125826,0.00150148087562913
0.63698329017573,0.249677874516549,4365,4365,0.00300296175125826,0.00150148087562913
0.636293529706444,0.246755202832194,4366,4366,0.00300296175125826,0.00150148087562913
0.63698329017573,0.249677874516549,4367,4367,0.00300296175125826,0.00150148087562913
0.636293529706444,0.246755202832194,4368,4368,0.00300296175125826,0.00150148087562913
0.63698329017573,0.249677874516549,4369,4369,0.00300296175125826,0.00150148087562913
0.636293529706444,0.246755202832194,4370,4370,0.00300296175125826,0.00150148087562913
0.63698329017573,0.249677874516549,4371,4371,0.00300296175125826,0.00150148087562913
0.636293529706444,0.246755202832194,4372,4372,0.00300296175125826,0.00150148087562913
0.63698329017573,0.249677874516549,4373,4373,0.00300296175125826,0.00150148087562913
0.636293529706444,0.246755202832194,4374,4374,0.00300296175125826,0.00150148087562913
0.63698329017573,0.249677874516549,4375,4375,0.00300296175125826,0.00150148087562913
0.636293529706444,0.246755202832194,4376,4376,0.00300296175125826,0.00150148087562913
0.63698329017573,0.249677874516549,4377,4377,0.00300296175125826,0.00150148087562913
0.636293529706444,0.246755202832194,4378,4378,0.00300296175125826,0.00150148087562913
0.63698329017573,0.249677874516549,4379,4379,0.00300296175125826,0.00150148087562913
0.636293529706444,0.246755202832194,4380,4380,0.00300296175125826,0.00150148087562913
0.63698329017573,0.249677874516549,4381,4381,0.00300296175125826,0.00150148087562913
0.636293529706444,0.246755202832194,4382,4382,0.00300296175125826,0.00150148087562913
0.63698329017573,0.249677874516549,4383,4383,0.00300296175125826,0.00150148087562913
0.636293529706444,0.246755202832194,4384,4384,0.00300296175125826,0.00150148087562913
0.63698329017573,0.249677874516549,4385,4385,0.00300296175125826,0.00150148087562913
0.636293529706444,0.246755202832194,4386,4386,0.00300296175125826,0.00150148087562913
0.63698329017573,0.249677874516549,4387,4387,0.00300296175125826,0.00150148087562913
0.636293529706444,0.246755202832194,4388,4388,0.00300296175125826,0.00150148087562913
0.63698329017573,0.249677874516549,4389,4389,0.00300296175125826,0.00150148087562913
0.636293529706444,0.246755202832194,4390,4390,0.00300296175125826,0.00150148087562913
0.63698329017573,0.249677874516549,4391,4391,0.00300296175125826,0.00150148087562913
0.636293529706444,0.246755202832194,4392,4392,0.00300296175125826,0.00150148087562913
0.63698329017573,0.249677874516549,4393,4393,0.00300296175125826,0.00150148087562913
0.636293529706444,0.246755202832194,4394,4394,0.00300296175125826,0.00150148087562913
0.63698329017573,0.249677874516549,4395,4395,0.00300296175125826,0.00150148087562913
0.636293529706444,0.246755202832194,4396,4396,0.00300296175125826,0.00150148087562913
0.63698329017573,0.249677874516549,4397,4397,0.00300296175125826,0.00150148087562913
0.636293529706444,0.246755202832194,4398,4398,0.00300296175125826,0.00150148087562913
0.63698329017573,0.249677874516549,4399,4399,0.00300296175125826,0.00150148087562913
0.636293529706444,0.246755202832194,4400,4400,0.00300296175125826,0.00150148087562913
0.63698329017573,0.249677874516549,4401,4401,0.00300296175125826,0.00150148087562913
0.636293529706444,0.246755202832194,4402,4402,0.00300296175125826,0.00150148087562913
0.63698329017573,0.249677874516549,4403,4403,0.00300296175125826,0.00150148087562913
0.636293529706444,0.246755202832194,4404,4404,0.00300296175125826,0.00150148087562913
0.63698329017573,0.249677874516549,4405,4405,0.00300296175125826,0.00150148087562913
0.636293529706444,0.246755202832194,4406,4406,0.00300296175125826,0.00150148087562913
0.63698329017573,0.249677874516549,4407,4407,0.00300296175125826,0.00150148087562913
0.636293529706444,0.246755202832194,4408,4408,0.00300296175125826,0.00150148087562913
0.63698329017573,0.249677874516549,4409,4409,0.00300296175125826,0.00150148087562913
0.636293529706444,0.246755202832194,4410,4410,0.00300296175125826,0.00150148087562913
0.63698329017573,0.249677874516549,4411,4411,0.00300296175125826,0.00150148087562913
0.636293529706444,0.246755202832194,4412,4412,0.00300296175125826,0.00150148087562913
0.63698329017573,0.249677874516549,4413,4413,0.00300296175125826,0.00150148087562913
0.636293529706444,0.246755202832194,4414,4414,0.00300296175125826,0.00150148087562913
0.63698329017573,0.249677874516549,4415,4415,0.00300296175125826,0.00150148087562913
0.636293529706444,0.246755202832194,4416,4416,0.00300296175125826,0.00150148087562913
0.63698329017573,0.249677874516549,4417,4417,0.00300296175125826,0.00150148087562913
0.636293529706444,0.246755202832194,4418,4418,0.00300296175125826,0.00150148087562913
0.63698329017573,0.249677874516549,4419,4419,0.00300296175125826,0.00150148087562913
0.636293529706444,0.246755202832194,4420,4420,0.00300296175125826,0.00150148087562913
0.63698329017573,0.249677874516549,4421,4421,0.00300296175125826,0.00150148087562913
0.636293529706444,0.246755202832194,4422,4422,0.00300296175125826,0.00150148087562913
0.63698329017573,0.249677874516549,4423,4423,0.00300296175125826,0.00150148087562913
0.636293529706444,0.246755202832194,4424,4424,0.00300296175125826,0.00150148087562913
0.63698329017573,0.249677874516549,4425,4425,0.00300296175125826,0.00150148087562913
0.636293529706444,0.246755202832194,4426,4426,0.00300296175125826,0.00150148087562913
0.63698329017573,0.249677874516549,4427,4427,0.00300296175125826,0.00150148087562913
0.636293529706444,0.246755202832194,4428,4428,0.00300296175125826,0.00150148087562913
0.63698329017573,0.249677874516549,4429,4429,0.00300296175125826,0.00150148087562913
0.636293529706444,0.246755202832194,4430,4430,0.00300296175125826,0.00150148087562913
0.63698329017573,0.249677874516549,4431,4431,0.00300296175125826,0.00150148087562913
0.636293529706444,0.246755202832194,4432,4432,0.00300296175125826,0.00150148087562913
0.63698329017573,0.249677874516549,4433,4433,0.00300296175125826,0.00150148087562913
0.636293529706444,0.246755202832194,4434,4434,0.00300296175125826,0.00150148087562913
0.63698329017573,0.249677874516549,4435,4435,0.00300296175125826,0.00150148087562913
0.636293529706444,0.246755202832194,4436,4436,0.00300296175125826,0.00150148087562913
0.63698329017573,0.249677874516549,4437,4437,0.00300296175125826,0.00150148087562913
0.636293529706444,0.246755202832194,4438,4438,0.00300296175125826,0.00150148087562913
0.63698329017573,0.249677874516549,4439,4439,0.00300296175125826,0.00150148087562913
0.636293529706444,0.246755202832194,4440,4440,0.00300296175125826,0.00150148087562913
0.63698329017573,0.249677874516549,4441,4441,0.00300296175125826,0.00150148087562913
0.636293529706444,0.246755202832194,4442,4442,0.00300296175125826,0.00150148087562913
0.63698329017573,0.249677874516549,4443,4443,0.00300296175125826,0.00150148087562913
0.636293529706444,0.246755202832194,4444,4444,0.00300296175125826,0.00150148087562913
0.63698329017573,0.249677874516549,4445,4445,0.00300296175125826,0.00150148087562913
0.636293529706444,0.246755202832194,4446,4446,0.00300296175125826,0.00150148087562913
0.63698329017573,0.249677874516549,4447,4447,0.00300296175125826,0.00150148087562913
0.636293529706444,0.246755202832194,4448,4448,0.00300296175125826,0.00150148087562913
0.63698329017573,0.249677874516549,4449,4449,0.00300296175125826,0.00150148087562913
0.636293529706444,0.246755202832194,4450,4450,0.00300296175125826,0.00150148087562913
0.63698329017573,0.249677874516549,4451,4451,0.00300296175125826,0.00150148087562913
0.636293529706444,0.246755202832194,4452,4452,0.00300296175125826,0.00150148087562913
0.63698329017573,0.249677874516549,4453,4453,0.00300296175125826,0.00150148087562913
0.636293529706444,0.246755202832194,4454,4454,0.00300296175125826,0.00150148087562913
0.63698329017573,0.249677874516549,4455,4455,0.00300296175125826,0.00150148087562913
0.636293529706444,0.246755202832194,4456,4456,0.00300296175125826,0.00150148087562913
0.63698329017573,0.249677874516549,4457,4457,0.00300296175125826,0.00150148087562913
0.636293529706444,0.246755202832194,4458,4458,0.00300296175125826,0.00150148087562913
0.63698329017573,0.249677874516549,4459,4459,0.00300296175125826,0.00150148087562913
0.636293529706444,0.246755202832194,4460,4460,0.00300296175125826,0.00150148087562913
0.63698329017573,0.249677874516549,4461,4461,0.00300296175125826,0.00150148087562913
0.636293529706444,0.246755202832194,4462,4462,0.00300296175125826,0.00150148087562913
0.63698329017573,0.249677874516549,4463,4463,0.00300296175125826,0.00150148087562913
0.636293529706444,0.246755202832194,4464,4464,0.00300296175125826,0.00150148087562913
0.63698329017573,0.249677874516549,4465,4465,0.00300296175125826,0.00150148087562913
0.636293529706444,0.246755202832194,4466,4466,0.00300296175125826,0.00150148087562913
0.63698329017573,0.249677874516549,4467,4467,0.00300296175125826,0.00150148087562913
0.636293529706444,0.246755202832194,4468,4468,0.00300296175125826,0.00150148087562913
0.63698329017573,0.249677874516549,4469,4469,0.00300296175125826,0.00150148087562913
0.636293529706444,0.246755202832194,4470,4470,0.00300296175125826,0.00150148087562913
0.63698329017573,0.249677874516549,4471,4471,0.00300296175125826,0.00150148087562913
0.636293529706444,0.246755202832194,4472,4472,0.00300296175125826,0.00150148087562913
0.63698329017573,0.249677874516549,4473,4473,0.00300296175125826,0.00150148087562913
0.636293529706444,0.246755202832194,4474,4474,0.00300296175125826,0.00150148087562913
0.63698329017573,0.249677874516549,4475,4475,0.00300296175125826,0.00150148087562913
0.636293529706444,0.246755202832194,4476,4476,0.00300296175125826,0.00150148087562913
0.63698329017573,0.249677874516549,4477,4477,0.00300296175125826,0.00150148087562913
0.636293529706444,0.246755202832194,4478,4478,0.00300296175125826,0.00150148087562913
0.63698329017573,0.249677874516549,4479,4479,0.00300296175125826,0.00150148087562913
0.636293529706444,0.246755202832194,4480,4480,0.00300296175125826,0.00150148087562913
0.63698329017573,0.249677874516549,4481,4481,0.00300296175125826,0.00150148087562913
0.636293529706444,0.246755202832194,4482,4482,0.00300296175125826,0.00150148087562913
0.63698329017573,0.249677874516549,4483,4483,0.00300296175125826,0.00150148087562913
0.636293529706444,0.246755202832194,4484,4484,0.00300296175125826,0.00150148087562913
0.63698329017573,0.249677874516549,4485,4485,0.00300296175125826,0.00150148087562913
0.636293529706444,0.246755202832194,4486,4486,0.00300296175125826,0.00150148087562913
0.63698329017573,0.249677874516549,4487,4487,0.00300296175125826,0.00150148087562913
0.636293529706444,0.246755202832194,4488,4488,0.00300296175125826,0.00150148087562913
0.63698329017573,0.249677874516549,4489,4489,0.00300296175125826,0.00150148087562913
0.636293529706444,0.246755202832194,4490,4490,0.00300296175125826,0.00150148087562913
0.63698329017573,0.249677874516549,4491,4491,0.00300296175125826,0.00150148087562913
0.636293529706444,0.246755202832194,4492,4492,0.00300296175125826,0.00150148087562913
0.63698329017573,0.249677874516549,4493,4493,0.00300296175125826,0.00150148087562913
0.636293529706444,0.246755202832194,4494,4494,0.00300296175125826,0.00150148087562913
0.63698329017573,0.249677874516549,4495,4495,0.00300296175125826,0.00150148087562913
0.636293529706444,0.246755202832194,4496,4496,0.00300296175125826,0.00150148087562913
0.63698329017573,0.249677874516549,4497,4497,0.00300296175125826,0.00150148087562913
0.636293529706444,0.246755202832194,4498,4498,0.00300296175125826,0.00150148087562913
0.63698329017573,0.249677874516549,4499,4499,0.00300296175125826,0.00150148087562913
0.636293529706444,0.246755202832194,4500,4500,0.00300296175125826,0.00150148087562913
0.63698329017573,0.249677874516549,4501,4501,0.00300296175125826,0.00150148087562913
0.636293529706444,0.246755202832194,4502,4502,0.00300296175125826,0.00150148087562913
0.63698329017573,0.249677874516549,4503,4503,0.00300296175125826,0.00150148087562913
0.636293529706444,0.246755202832194,4504,4504,0.00300296175125826,0.00150148087562913
0.63698329017573,0.249677874516549,4505,4505,0.00300296175125826,0.00150148087562913
0.636293529706444,0.246755202832194,4506,4506,0.00300296175125826,0.00150148087562913
0.63698329017573,0.249677874516549,4507,4507,0.00300296175125826,0.00150148087562913
0.636293529706444,0.246755202832194,4508,4508,0.00300296175125826,0.00150148087562913
0.63698329017573,0.249677874516549,4509,4509,0.00300296175125826,0.00150148087562913
0.636293529706444,0.246755202832194,4510,4510,0.00300296175125826,0.00150148087562913
0.63698329017573,0.249677874516549,4511,4511,0.00300296175125826,0.00150148087562913
0.636293529706444,0.246755202832194,4512,4512,0.00300296175125826,0.00150148087562913
0.63698329017573,0.249677874516549,4513,4513,0.00300296175125826,0.00150148087562913
0.636293529706444,0.246755202832194,4514,4514,0.00300296175125826,0.00150148087562913
0.63698329017573,0.249677874516549,4515,4515,0.00300296175125826,0.00150148087562913
0.636293529706444,0.246755202832194,4516,4516,0.00300296175125826,0.00150148087562913
0.63698329017573,0.249677874516549,4517,4517,0.00300296175125826,0.00150148087562913
0.636293529706444,0.246755202832194,4518,4518,0.00300296175125826,0.00150148087562913
0.63698329017573,0.249677874516549,4519,4519,0.00300296175125826,0.00150148087562913
0.636293529706444,0.246755202832194,4520,4520,0.00300296175125826,0.00150148087562913
0.63698329017573,0.249677874516549,4521,4521,0.00300296175125826,0.00150148087562913
0.636293529706444,0.246755202832194,4522,4522,0.00300296175125826,0.00150148087562913
0.63698329017573,0.249677874516549,4523,4523,0.00300296175125826,0.00150148087562913
0.636293529706444,0.246755202832194,4524,4524,0.00300296175125826,0.00150148087562913
0.63698329017573,0.249677874516549,4525,4525,0.00300296175125826,0.00150148087562913
0.636293529706444,0.246755202832194,4526,4526,0.00300296175125826,0.00150148087562913
0.63698329017573,0.249677874516549,4527,4527,0.00300296175125826,0.00150148087562913
0.636293529706444,0.246755202832194,4528,4528,0.00300296175125826,0.00150148087562913
0.63698329017573,0.249677874516549,4529,4529,0.00300296175125826,0.00150148087562913
0.636293529706444,0.246755202832194,4530,4530,0.00300296175125826,0.00150148087562913
0.63698329017573,0.249677874516549,4531,4531,0.00300296175125826,0.00150148087562913
0.636293529706444,0.246755202832194,4532,4532,0.00300296175125826,0.00150148087562913
0.63698329017573,0.249677874516549,4533,4533,0.00300296175125826,0.00150148087562913
0.636293529706444,0.246755202832194,4534,4534,0.00300296175125826,0.00150148087562913
0.63698329017573,0.249677874516549,4535,4535,0.00300296175125826,0.00150148087562913
0.636293529706444,0.246755202832194,4536,4536,0.00300296175125826,0.00150148087562913
0.63698329017573,0.249677874516549,4537,4537,0.00300296175125826,0.00150148087562913
0.636293529706444,0.246755202832194,4538,4538,0.00300296175125826,0.00150148087562913
0.63698329017573,0.249677874516549,4539,4539,0.00300296175125826,0.00150148087562913
0.636293529706444,0.246755202832194,4540,4540,0.00300296175125826,0.00150148087562913
0.63698329017573,0.249677874516549,4541,4541,0.00300296175125826,0.00150148087562913
0.636293529706444,0.246755202832194,4542,4542,0.00300296175125826,0.00150148087562913
0.63698329017573,0.249677874516549,4543,4543,0.00300296175125826,0.00150148087562913
0.636293529706444,0.246755202832194,4544,4544,0.00300296175125826,0.00150148087562913
0.63698329017573,0.249677874516549,4545,4545,0.00300296175125826,0.00150148087562913
0.636293529706444,0.246755202832194,4546,4546,0.00300296175125826,0.00150148087562913
0.63698329017573,0.249677874516549,4547,4547,0.00300296175125826,0.00150148087562913
0.636293529706444,0.246755202832194,4548,4548,0.00300296175125826,0.00150148087562913
0.63698329017573,0.249677874516549,4549,4549,0.00300296175125826,0.00150148087562913
0.636293529706444,0.246755202832194,4550,4550,0.00300296175125826,0.00150148087562913
0.63698329017573,0.249677874516549,4551,4551,0.00300296175125826,0.00150148087562913
0.636293529706444,0.246755202832194,4552,4552,0.00300296175125826,0.00150148087562913
0.63698329017573,0.249677874516549,4553,4553,0.00300296175125826,0.00150148087562913
0.636293529706444,0.246755202832194,4554,4554,0.00300296175125826,0.00150148087562913
0.63698329017573,0.249677874516549,4555,4555,0.00300296175125826,0.00150148087562913
0.636293529706444,0.246755202832194,4556,4556,0.00300296175125826,0.00150148087562913
0.63698329017573,0.249677874516549,4557,4557,0.00300296175125826,0.00150148087562913
0.636293529706444,0.246755202832194,4558,4558,0.00300296175125826,0.00150148087562913
0.63698329017573,0.249677874516549,4559,4559,0.00300296175125826,0.00150148087562913
0.636293529706444,0.246755202832194,4560,4560,0.00300296175125826,0.00150148087562913
0.63698329017573,0.249677874516549,4561,4561,0.00300296175125826,0.00150148087562913
0.636293529706444,0.246755202832194,4562,4562,0.00300296175125826,0.00150148087562913
0.63698329017573,0.249677874516549,4563,4563,0.00300296175125826,0.00150148087562913
0.636293529706444,0.246755202832194,4564,4564,0.00300296175125826,0.00150148087562913
0.63698329017573,0.249677874516549,4565,4565,0.00300296175125826,0.00150148087562913
0.636293529706444,0.246755202832194,4566,4566,0.00300296175125826,0.00150148087562913
0.63698329017573,0.249677874516549,4567,4567,0.00300296175125826,0.00150148087562913
0.636293529706444,0.246755202832194,4568,4568,0.00300296175125826,0.00150148087562913
0.63698329017573,0.249677874516549,4569,4569,0.00300296175125826,0.00150148087562913
0.636293529706444,0.246755202832194,4570,4570,0.00300296175125826,0.00150148087562913
0.63698329017573,0.249677874516549,4571,4571,0.00300296175125826,0.00150148087562913
0.636293529706444,0.246755202832194,4572,4572,0.00300296175125826,0.00150148087562913
0.63698329017573,0.249677874516549,4573,4573,0.00300296175125826,0.00150148087562913
0.636293529706444,0.246755202832194,4574,4574,0.00300296175125826,0.00150148087562913
0.63698329017573,0.249677874516549,4575,4575,0.00300296175125826,0.00150148087562913
0.636293529706444,0.246755202832194,4576,4576,0.00300296175125826,0.00150148087562913
0.63698329017573,0.249677874516549,4577,4577,0.00300296175125826,0.00150148087562913
0.636293529706444,0.246755202832194,4578,4578,0.00300296175125826,0.00150148087562913
0.63698329017573,0.249677874516549,4579,4579,0.00300296175125826,0.00150148087562913
0.636293529706444,0.246755202832194,4580,4580,0.00300296175125826,0.00150148087562913
0.63698329017573,0.249677874516549,4581,4581,0.00300296175125826,0.00150148087562913
0.636293529706444,0.246755202832194,4582,4582,0.00300296175125826,0.00150148087562913
0.63698329017573,0.249677874516549,4583,4583,0.00300296175125826,0.00150148087562913
0.636293529706444,0.246755202832194,4584,4584,0.00300296175125826,0.00150148087562913
0.63698329017573,0.249677874516549,4585,4585,0.00300296175125826,0.00150148087562913
0.636293529706444,0.246755202832194,4586,4586,0.00300296175125826,0.00150148087562913
0.63698329017573,0.249677874516549,4587,4587,0.00300296175125826,0.00150148087562913
0.636293529706444,0.246755202832194,4588,4588,0.00300296175125826,0.00150148087562913
0.63698329017573,0.249677874516549,4589,4589,0.00300296175125826,0.00150148087562913
0.636293529706444,0.246755202832194,4590,4590,0.00300296175125826,0.00150148087562913
0.63698329017573,0.249677874516549,4591,4591,0.00300296175125826,0.00150148087562913
0.636293529706444,0.246755202832194,4592,4592,0.00300296175125826,0.00150148087562913
0.63698329017573,0.249677874516549,4593,4593,0.00300296175125826,0.00150148087562913
0.636293529706444,0.246755202832194,4594,4594,0.00300296175125826,0.00150148087562913
0.63698329017573,0.249677874516549,4595,4595,0.00300296175125826,0.00150148087562913
0.636293529706444,0.246755202832194,4596,4596,0.00300296175125826,0.00150148087562913
0.63698329017573,0.249677874516549,4597,4597,0.00300296175125826,0.00150148087562913
0.636293529706444,0.246755202832194,4598,4598,0.00300296175125826,0.00150148087562913
0.63698329017573,0.249677874516549,4599,4599,0.00300296175125826,0.00150148087562913
0.636293529706444,0.246755202832194,4600,4600,0.00300296175125826,0.00150148087562913
0.63698329017573,0.249677874516549,4601,4601,0.00300296175125826,0.00150148087562913
0.636293529706444,0.246755202832194,4602,4602,0.00300296175125826,0.00150148087562913
0.63698329017573,0.249677874516549,4603,4603,0.00300296175125826,0.00150148087562913
0.636293529706444,0.246755202832194,4604,4604,0.00300296175125826,0.00150148087562913
0.63698329017573,0.249677874516549,4605,4605,0.00300296175125826,0.00150148087562913
0.636293529706444,0.246755202832194,4606,4606,0.00300296175125826,0.00150148087562913
0.63698329017573,0.249677874516549,4607,4607,0.00300296175125826,0.00150148087562913
0.636293529706444,0.246755202832194,4608,4608,0.00300296175125826,0.00150148087562913
0.63698329017573,0.249677874516549,4609,4609,0.00300296175125826,0.00150148087562913
0.636293529706444,0.246755202832194,4610,4610,0.00300296175125826,0.00150148087562913
0.63698329017573,0.249677874516549,4611,4611,0.00300296175125826,0.00150148087562913
0.636293529706444,0.246755202832194,4612,4612,0.00300296175125826,0.00150148087562913
0.63698329017573,0.249677874516549,4613,4613,0.00300296175125826,0.00150148087562913
0.636293529706444,0.246755202832194,4614,4614,0.00300296175125826,0.00150148087562913
0.63698329017573,0.249677874516549,4615,4615,0.00300296175125826,0.00150148087562913
0.636293529706444,0.246755202832194,4616,4616,0.00300296175125826,0.00150148087562913
0.63698329017573,0.249677874516549,4617,4617,0.00300296175125826,0.00150148087562913
0.636293529706444,0.246755202832194,4618,4618,0.00300296175125826,0.00150148087562913
0.63698329017573,0.249677874516549,4619,4619,0.00300296175125826,0.00150148087562913
0.636293529706444,0.246755202832194,4620,4620,0.00300296175125826,0.00150148087562913
0.63698329017573,0.249677874516549,4621,4621,0.00300296175125826,0.00150148087562913
0.636293529706444,0.246755202832194,4622,4622,0.00300296175125826,0.00150148087562913
0.63698329017573,0.249677874516549,4623,4623,0.00300296175125826,0.00150148087562913
0.636293529706444,0.246755202832194,4624,4624,0.00300296175125826,0.00150148087562913
0.63698329017573,0.249677874516549,4625,4625,0.00300296175125826,0.00150148087562913
0.636293529706444,0.246755202832194,4626,4626,0.00300296175125826,0.00150148087562913
0.63698329017573,0.249677874516549,4627,4627,0.00300296175125826,0.00150148087562913
0.636293529706444,0.246755202832194,4628,4628,0.00300296175125826,0.00150148087562913
0.63698329017573,0.249677874516549,4629,4629,0.00300296175125826,0.00150148087562913
0.636293529706444,0.246755202832194,4630,4630,0.00300296175125826,0.00150148087562913
0.63698329017573,0.249677874516549,4631,4631,0.00300296175125826,0.00150148087562913
0.636293529706444,0.246755202832194,4632,4632,0.00300296175125826,0.00150148087562913
0.63698329017573,0.249677874516549,4633,4633,0.00300296175125826,0.00150148087562913
0.636293529706444,0.246755202832194,4634,4634,0.00300296175125826,0.00150148087562913
0.63698329017573,0.249677874516549,4635,4635,0.00300296175125826,0.00150148087562913
0.636293529706444,0.246755202832194,4636,4636,0.00300296175125826,0.00150148087562913
0.63698329017573,0.249677874516549,4637,4637,0.00300296175125826,0.00150148087562913
0.636293529706444,0.246755202832194,4638,4638,0.00300296175125826,0.00150148087562913
0.63698329017573,0.249677874516549,4639,4639,0.00300296175125826,0.00150148087562913
0.636293529706444,0.246755202832194,4640,4640,0.00300296175125826,0.00150148087562913
0.63698329017573,0.249677874516549,4641,4641,0.00300296175125826,0.00150148087562913
0.636293529706444,0.246755202832194,4642,4642,0.00300296175125826,0.00150148087562913
0.63698329017573,0.249677874516549,4643,4643,0.00300296175125826,0.00150148087562913
0.636293529706444,0.246755202832194,4644,4644,0.00300296175125826,0.00150148087562913
0.63698329017573,0.249677874516549,4645,4645,0.00300296175125826,0.00150148087562913
0.636293529706444,0.246755202832194,4646,4646,0.00300296175125826,0.00150148087562913
0.63698329017573,0.249677874516549,4647,4647,0.00300296175125826,0.00150148087562913
0.636293529706444,0.246755202832194,4648,4648,0.00300296175125826,0.00150148087562913
0.63698329017573,0.249677874516549,4649,4649,0.00300296175125826,0.00150148087562913
0.636293529706444,0.246755202832194,4650,4650,0.00300296175125826,0.00150148087562913
0.63698329017573,0.249677874516549,4651,4651,0.00300296175125826,0.00150148087562913
0.636293529706444,0.246755202832194,4652,4652,0.00300296175125826,0.00150148087562913
0.63698329017573,0.249677874516549,4653,4653,0.00300296175125826,0.00150148087562913
0.636293529706444,0.246755202832194,4654,4654,0.00300296175125826,0.00150148087562913
0.63698329017573,0.249677874516549,4655,4655,0.00300296175125826,0.00150148087562913
0.636293529706444,0.246755202832194,4656,4656,0.00300296175125826,0.00150148087562913
0.63698329017573,0.249677874516549,4657,4657,0.00300296175125826,0.00150148087562913
0.636293529706444,0.246755202832194,4658,4658,0.00300296175125826,0.00150148087562913
0.63698329017573,0.249677874516549,4659,4659,0.00300296175125826,0.00150148087562913
0.636293529706444,0.246755202832194,4660,4660,0.00300296175125826,0.00150148087562913
0.63698329017573,0.249677874516549,4661,4661,0.00300296175125826,0.00150148087562913
0.636293529706444,0.246755202832194,4662,4662,0.00300296175125826,0.00150148087562913
0.63698329017573,0.249677874516549,4663,4663,0.00300296175125826,0.00150148087562913
0.636293529706444,0.246755202832194,4664,4664,0.00300296175125826,0.00150148087562913
0.63698329017573,0.249677874516549,4665,4665,0.00300296175125826,0.00150148087562913
0.636293529706444,0.246755202832194,4666,4666,0.00300296175125826,0.00150148087562913
0.63698329017573,0.249677874516549,4667,4667,0.00300296175125826,0.00150148087562913
0.636293529706444,0.246755202832194,4668,4668,0.00300296175125826,0.00150148087562913
0.63698329017573,0.249677874516549,4669,4669,0.00300296175125826,0.00150148087562913
0.636293529706444,0.246755202832194,4670,4670,0.00300296175125826,0.00150148087562913
0.63698329017573,0.249677874516549,4671,4671,0.00300296175125826,0.00150148087562913
0.636293529706444,0.246755202832194,4672,4672,0.00300296175125826,0.00150148087562913
0.63698329017573,0.249677874516549,4673,4673,0.00300296175125826,0.00150148087562913
0.636293529706444,0.246755202832194,4674,4674,0.00300296175125826,0.00150148087562913
0.63698329017573,0.249677874516549,4675,4675,0.00300296175125826,0.00150148087562913
0.636293529706444,0.246755202832194,4676,4676,0.00300296175125826,0.00150148087562913
0.63698329017573,0.249677874516549,4677,4677,0.00300296175125826,0.00150148087562913
0.636293529706444,0.246755202832194,4678,4678,0.00300296175125826,0.00150148087562913
0.63698329017573,0.249677874516549,4679,4679,0.00300296175125826,0.00150148087562913
0.636293529706444,0.246755202832194,4680,4680,0.00300296175125826,0.00150148087562913
0.63698329017573,0.249677874516549,4681,4681,0.00300296175125826,0.00150148087562913
0.636293529706444,0.246755202832194,4682,4682,0.00300296175125826,0.00150148087562913
0.63698329017573,0.249677874516549,4683,4683,0.00300296175125826,0.00150148087562913
0.636293529706444,0.246755202832194,4684,4684,0.00300296175125826,0.00150148087562913
0.63698329017573,0.249677874516549,4685,4685,0.00300296175125826,0.00150148087562913
0.636293529706444,0.246755202832194,4686,4686,0.00300296175125826,0.00150148087562913
0.63698329017573,0.249677874516549,4687,4687,0.00300296175125826,0.00150148087562913
0.636293529706444,0.246755202832194,4688,4688,0.00300296175125826,0.00150148087562913
0.63698329017573,0.249677874516549,4689,4689,0.00300296175125826,0.00150148087562913
0.636293529706444,0.246755202832194,4690,4690,0.00300296175125826,0.00150148087562913
0.63698329017573,0.249677874516549,4691,4691,0.00300296175125826,0.00150148087562913
0.636293529706444,0.246755202832194,4692,4692,0.00300296175125826,0.00150148087562913
0.63698329017573,0.249677874516549,4693,4693,0.00300296175125826,0.00150148087562913
0.636293529706444,0.246755202832194,4694,4694,0.00300296175125826,0.00150148087562913
0.63698329017573,0.249677874516549,4695,4695,0.00300296175125826,0.00150148087562913
0.636293529706444,0.246755202832194,4696,4696,0.00300296175125826,0.00150148087562913
0.63698329017573,0.249677874516549,4697,4697,0.00300296175125826,0.00150148087562913
0.636293529706444,0.246755202832194,4698,4698,0.00300296175125826,0.00150148087562913
0.63698329017573,0.249677874516549,4699,4699,0.00300296175125826,0.00150148087562913
0.636293529706444,0.246755202832194,4700,4700,0.00300296175125826,0.00150148087562913
0.63698329017573,0.249677874516549,4701,4701,0.00300296175125826,0.00150148087562913
0.636293529706444,0.246755202832194,4702,4702,0.00300296175125826,0.00150148087562913
0.63698329017573,0.249677874516549,4703,4703,0.00300296175125826,0.00150148087562913
0.636293529706444,0.246755202832194,4704,4704,0.00300296175125826,0.00150148087562913
0.63698329017573,0.249677874516549,4705,4705,0.00300296175125826,0.00150148087562913
0.636293529706444,0.246755202832194,4706,4706,0.00300296175125826,0.00150148087562913
0.63698329017573,0.249677874516549,4707,4707,0.00300296175125826,0.00150148087562913
0.636293529706444,0.246755202832194,4708,4708,0.00300296175125826,0.00150148087562913
0.63698329017573,0.249677874516549,4709,4709,0.00300296175125826,0.00150148087562913
0.636293529706444,0.246755202832194,4710,4710,0.00300296175125826,0.00150148087562913
0.63698329017573,0.249677874516549,4711,4711,0.00300296175125826,0.00150148087562913
0.636293529706444,0.246755202832194,4712,4712,0.00300296175125826,0.00150148087562913
0.63698329017573,0.249677874516549,4713,4713,0.00300296175125826,0.00150148087562913
0.636293529706444,0.246755202832194,4714,4714,0.00300296175125826,0.00150148087562913
0.63698329017573,0.249677874516549,4715,4715,0.00300296175125826,0.00150148087562913
0.636293529706444,0.246755202832194,4716,4716,0.00300296175125826,0.00150148087562913
0.63698329017573,0.249677874516549,4717,4717,0.00300296175125826,0.00150148087562913
0.636293529706444,0.246755202832194,4718,4718,0.00300296175125826,0.00150148087562913
0.63698329017573,0.249677874516549,4719,4719,0.00300296175125826,0.00150148087562913
0.636293529706444,0.246755202832194,4720,4720,0.00300296175125826,0.00150148087562913
0.63698329017573,0.249677874516549,4721,4721,0.00300296175125826,0.00150148087562913
0.636293529706444,0.246755202832194,4722,4722,0.00300296175125826,0.00150148087562913
0.63698329017573,0.249677874516549,4723,4723,0.00300296175125826,0.00150148087562913
0.636293529706444,0.246755202832194,4724,4724,0.00300296175125826,0.00150148087562913
0.63698329017573,0.249677874516549,4725,4725,0.00300296175125826,0.00150148087562913
0.636293529706444,0.246755202832194,4726,4726,0.00300296175125826,0.00150148087562913
0.63698329017573,0.249677874516549,4727,4727,0.00300296175125826,0.00150148087562913
0.636293529706444,0.246755202832194,4728,4728,0.00300296175125826,0.00150148087562913
0.63698329017573,0.249677874516549,4729,4729,0.00300296175125826,0.00150148087562913
0.636293529706444,0.246755202832194,4730,4730,0.00300296175125826,0.00150148087562913
0.63698329017573,0.249677874516549,4731,4731,0.00300296175125826,0.00150148087562913
0.636293529706444,0.246755202832194,4732,4732,0.00300296175125826,0.00150148087562913
0.63698329017573,0.249677874516549,4733,4733,0.00300296175125826,0.00150148087562913
0.636293529706444,0.246755202832194,4734,4734,0.00300296175125826,0.00150148087562913
0.63698329017573,0.249677874516549,4735,4735,0.00300296175125826,0.00150148087562913
0.636293529706444,0.246755202832194,4736,4736,0.00300296175125826,0.00150148087562913
0.63698329017573,0.249677874516549,4737,4737,0.00300296175125826,0.00150148087562913
0.636293529706444,0.246755202832194,4738,4738,0.00300296175125826,0.00150148087562913
0.63698329017573,0.249677874516549,4739,4739,0.00300296175125826,0.00150148087562913
0.636293529706444,0.246755202832194,4740,4740,0.00300296175125826,0.00150148087562913
0.63698329017573,0.249677874516549,4741,4741,0.00300296175125826,0.00150148087562913
0.636293529706444,0.246755202832194,4742,4742,0.00300296175125826,0.00150148087562913
0.63698329017573,0.249677874516549,4743,4743,0.00300296175125826,0.00150148087562913
0.636293529706444,0.246755202832194,4744,4744,0.00300296175125826,0.00150148087562913
0.63698329017573,0.249677874516549,4745,4745,0.00300296175125826,0.00150148087562913
0.636293529706444,0.246755202832194,4746,4746,0.00300296175125826,0.00150148087562913
0.63698329017573,0.249677874516549,4747,4747,0.00300296175125826,0.00150148087562913
0.636293529706444,0.246755202832194,4748,4748,0.00300296175125826,0.00150148087562913
0.63698329017573,0.249677874516549,4749,4749,0.00300296175125826,0.00150148087562913
0.636293529706444,0.246755202832194,4750,4750,0.00300296175125826,0.00150148087562913
0.63698329017573,0.249677874516549,4751,4751,0.00300296175125826,0.00150148087562913
0.636293529706444,0.246755202832194,4752,4752,0.00300296175125826,0.00150148087562913
0.63698329017573,0.249677874516549,4753,4753,0.00300296175125826,0.00150148087562913
0.636293529706444,0.246755202832194,4754,4754,0.00300296175125826,0.00150148087562913
0.63698329017573,0.249677874516549,4755,4755,0.00300296175125826,0.00150148087562913
0.636293529706444,0.246755202832194,4756,4756,0.00300296175125826,0.00150148087562913
0.63698329017573,0.249677874516549,4757,4757,0.00300296175125826,0.00150148087562913
0.636293529706444,0.246755202832194,4758,4758,0.00300296175125826,0.00150148087562913
0.63698329017573,0.249677874516549,4759,4759,0.00300296175125826,0.00150148087562913
0.636293529706444,0.246755202832194,4760,4760,0.00300296175125826,0.00150148087562913
0.63698329017573,0.249677874516549,4761,4761,0.00300296175125826,0.00150148087562913
0.636293529706444,0.246755202832194,4762,4762,0.00300296175125826,0.00150148087562913
0.63698329017573,0.249677874516549,4763,4763,0.00300296175125826,0.00150148087562913
0.636293529706444,0.246755202832194,4764,4764,0.00300296175125826,0.00150148087562913
0.63698329017573,0.249677874516549,4765,4765,0.00300296175125826,0.00150148087562913
0.636293529706444,0.246755202832194,4766,4766,0.00300296175125826,0.00150148087562913
0.63698329017573,0.249677874516549,4767,4767,0.00300296175125826,0.00150148087562913
0.636293529706444,0.246755202832194,4768,4768,0.00300296175125826,0.00150148087562913
0.63698329017573,0.249677874516549,4769,4769,0.00300296175125826,0.00150148087562913
0.636293529706444,0.246755202832194,4770,4770,0.00300296175125826,0.00150148087562913
0.63698329017573,0.249677874516549,4771,4771,0.00300296175125826,0.00150148087562913
0.636293529706444,0.246755202832194,4772,4772,0.00300296175125826,0.00150148087562913
0.63698329017573,0.249677874516549,4773,4773,0.00300296175125826,0.00150148087562913
0.636293529706444,0.246755202832194,4774,4774,0.00300296175125826,0.00150148087562913
0.63698329017573,0.249677874516549,4775,4775,0.00300296175125826,0.00150148087562913
0.636293529706444,0.246755202832194,4776,4776,0.00300296175125826,0.00150148087562913
0.63698329017573,0.249677874516549,4777,4777,0.00300296175125826,0.00150148087562913
0.636293529706444,0.246755202832194,4778,4778,0.00300296175125826,0.00150148087562913
0.63698329017573,0.249677874516549,4779,4779,0.00300296175125826,0.00150148087562913
0.636293529706444,0.246755202832194,4780,4780,0.00300296175125826,0.00150148087562913
0.63698329017573,0.249677874516549,4781,4781,0.00300296175125826,0.00150148087562913
0.636293529706444,0.246755202832194,4782,4782,0.00300296175125826,0.00150148087562913
0.63698329017573,0.249677874516549,4783,4783,0.00300296175125826,0.00150148087562913
0.636293529706444,0.246755202832194,4784,4784,0.00300296175125826,0.00150148087562913
0.63698329017573,0.249677874516549,4785,4785,0.00300296175125826,0.00150148087562913
0.636293529706444,0.246755202832194,4786,4786,0.00300296175125826,0.00150148087562913
0.63698329017573,0.249677874516549,4787,4787,0.00300296175125826,0.00150148087562913
0.636293529706444,0.246755202832194,4788,4788,0.00300296175125826,0.00150148087562913
0.63698329017573,0.249677874516549,4789,4789,0.00300296175125826,0.00150148087562913
0.636293529706444,0.246755202832194,4790,4790,0.00300296175125826,0.00150148087562913
0.63698329017573,0.249677874516549,4791,4791,0.00300296175125826,0.00150148087562913
0.636293529706444,0.246755202832194,4792,4792,0.00300296175125826,0.00150148087562913
0.63698329017573,0.249677874516549,4793,4793,0.00300296175125826,0.00150148087562913
0.636293529706444,0.246755202832194,4794,4794,0.00300296175125826,0.00150148087562913
0.63698329017573,0.249677874516549,4795,4795,0.00300296175125826,0.00150148087562913
0.636293529706444,0.246755202832194,4796,4796,0.00300296175125826,0.00150148087562913
0.63698329017573,0.249677874516549,4797,4797,0.00300296175125826,0.00150148087562913
0.636293529706444,0.246755202832194,4798,4798,0.00300296175125826,0.00150148087562913
0.63698329017573,0.249677874516549,4799,4799,0.00300296175125826,0.00150148087562913
0.636293529706444,0.246755202832194,4800,4800,0.00300296175125826,0.00150148087562913
0.63698329017573,0.249677874516549,4801,4801,0.00300296175125826,0.00150148087562913
0.636293529706444,0.246755202832194,4802,4802,0.00300296175125826,0.00150148087562913
0.63698329017573,0.249677874516549,4803,4803,0.00300296175125826,0.00150148087562913
0.636293529706444,0.246755202832194,4804,4804,0.00300296175125826,0.00150148087562913
0.63698329017573,0.249677874516549,4805,4805,0.00300296175125826,0.00150148087562913
0.636293529706444,0.246755202832194,4806,4806,0.00300296175125826,0.00150148087562913
0.63698329017573,0.249677874516549,4807,4807,0.00300296175125826,0.00150148087562913
0.636293529706444,0.246755202832194,4808,4808,0.00300296175125826,0.00150148087562913
0.63698329017573,0.249677874516549,4809,4809,0.00300296175125826,0.00150148087562913
0.636293529706444,0.246755202832194,4810,4810,0.00300296175125826,0.00150148087562913
0.63698329017573,0.249677874516549,4811,4811,0.00300296175125826,0.00150148087562913
0.636293529706444,0.246755202832194,4812,4812,0.00300296175125826,0.00150148087562913
0.63698329017573,0.249677874516549,4813,4813,0.00300296175125826,0.00150148087562913
0.636293529706444,0.246755202832194,4814,4814,0.00300296175125826,0.00150148087562913
0.63698329017573,0.249677874516549,4815,4815,0.00300296175125826,0.00150148087562913
0.636293529706444,0.246755202832194,4816,4816,0.00300296175125826,0.00150148087562913
0.63698329017573,0.249677874516549,4817,4817,0.00300296175125826,0.00150148087562913
0.636293529706444,0.246755202832194,4818,4818,0.00300296175125826,0.00150148087562913
0.63698329017573,0.249677874516549,4819,4819,0.00300296175125826,0.00150148087562913
0.636293529706444,0.246755202832194,4820,4820,0.00300296175125826,0.00150148087562913
0.63698329017573,0.249677874516549,4821,4821,0.00300296175125826,0.00150148087562913
0.636293529706444,0.246755202832194,4822,4822,0.00300296175125826,0.00150148087562913
0.63698329017573,0.249677874516549,4823,4823,0.00300296175125826,0.00150148087562913
0.636293529706444,0.246755202832194,4824,4824,0.00300296175125826,0.00150148087562913
0.63698329017573,0.249677874516549,4825,4825,0.00300296175125826,0.00150148087562913
0.636293529706444,0.246755202832194,4826,4826,0.00300296175125826,0.00150148087562913
0.63698329017573,0.249677874516549,4827,4827,0.00300296175125826,0.00150148087562913
0.636293529706444,0.246755202832194,4828,4828,0.00300296175125826,0.00150148087562913
0.63698329017573,0.249677874516549,4829,4829,0.00300296175125826,0.00150148087562913
0.636293529706444,0.246755202832194,4830,4830,0.00300296175125826,0.00150148087562913
0.63698329017573,0.249677874516549,4831,4831,0.00300296175125826,0.00150148087562913
0.636293529706444,0.246755202832194,4832,4832,0.00300296175125826,0.00150148087562913
0.63698329017573,0.249677874516549,4833,4833,0.00300296175125826,0.00150148087562913
0.636293529706444,0.246755202832194,4834,4834,0.00300296175125826,0.00150148087562913
0.63698329017573,0.249677874516549,4835,4835,0.00300296175125826,0.00150148087562913
0.636293529706444,0.246755202832194,4836,4836,0.00300296175125826,0.00150148087562913
0.63698329017573,0.249677874516549,4837,4837,0.00300296175125826,0.00150148087562913
0.636293529706444,0.246755202832194,4838,4838,0.00300296175125826,0.00150148087562913
0.63698329017573,0.249677874516549,4839,4839,0.00300296175125826,0.00150148087562913
0.636293529706444,0.246755202832194,4840,4840,0.00300296175125826,0.00150148087562913
0.63698329017573,0.249677874516549,4841,4841,0.00300296175125826,0.00150148087562913
0.636293529706444,0.246755202832194,4842,4842,0.00300296175125826,0.00150148087562913
0.63698329017573,0.249677874516549,4843,4843,0.00300296175125826,0.00150148087562913
0.636293529706444,0.246755202832194,4844,4844,0.00300296175125826,0.00150148087562913
0.63698329017573,0.249677874516549,4845,4845,0.00300296175125826,0.00150148087562913
0.636293529706444,0.246755202832194,4846,4846,0.00300296175125826,0.00150148087562913
0.63698329017573,0.249677874516549,4847,4847,0.00300296175125826,0.00150148087562913
0.636293529706444,0.246755202832194,4848,4848,0.00300296175125826,0.00150148087562913
0.63698329017573,0.249677874516549,4849,4849,0.00300296175125826,0.00150148087562913
0.636293529706444,0.246755202832194,4850,4850,0.00300296175125826,0.00150148087562913
0.63698329017573,0.249677874516549,4851,4851,0.00300296175125826,0.00150148087562913
0.636293529706444,0.246755202832194,4852,4852,0.00300296175125826,0.00150148087562913
0.63698329017573,0.249677874516549,4853,4853,0.00300296175125826,0.00150148087562913
0.636293529706444,0.246755202832194,4854,4854,0.00300296175125826,0.00150148087562913
0.63698329017573,0.249677874516549,4855,4855,0.00300296175125826,0.00150148087562913
0.636293529706444,0.246755202832194,4856,4856,0.00300296175125826,0.00150148087562913
0.63698329017573,0.249677874516549,4857,4857,0.00300296175125826,0.00150148087562913
0.636293529706444,0.246755202832194,4858,4858,0.00300296175125826,0.00150148087562913
0.63698329017573,0.249677874516549,4859,4859,0.00300296175125826,0.00150148087562913
0.636293529706444,0.246755202832194,4860,4860,0.00300296175125826,0.00150148087562913
0.63698329017573,0.249677874516549,4861,4861,0.00300296175125826,0.00150148087562913
0.636293529706444,0.246755202832194,4862,4862,0.00300296175125826,0.00150148087562913
0.63698329017573,0.249677874516549,4863,4863,0.00300296175125826,0.00150148087562913
0.636293529706444,0.246755202832194,4864,4864,0.00300296175125826,0.00150148087562913
0.63698329017573,0.249677874516549,4865,4865,0.00300296175125826,0.00150148087562913
0.636293529706444,0.246755202832194,4866,4866,0.00300296175125826,0.00150148087562913
0.63698329017573,0.249677874516549,4867,4867,0.00300296175125826,0.00150148087562913
0.636293529706444,0.246755202832194,4868,4868,0.00300296175125826,0.00150148087562913
0.63698329017573,0.249677874516549,4869,4869,0.00300296175125826,0.00150148087562913
0.636293529706444,0.246755202832194,4870,4870,0.00300296175125826,0.00150148087562913
0.63698329017573,0.249677874516549,4871,4871,0.00300296175125826,0.00150148087562913
0.636293529706444,0.246755202832194,4872,4872,0.00300296175125826,0.00150148087562913
0.63698329017573,0.249677874516549,4873,4873,0.00300296175125826,0.00150148087562913
0.636293529706444,0.246755202832194,4874,4874,0.00300296175125826,0.00150148087562913
0.63698329017573,0.249677874516549,4875,4875,0.00300296175125826,0.00150148087562913
0.636293529706444,0.246755202832194,4876,4876,0.00300296175125826,0.00150148087562913
0.63698329017573,0.249677874516549,4877,4877,0.00300296175125826,0.00150148087562913
0.636293529706444,0.246755202832194,4878,4878,0.00300296175125826,0.00150148087562913
0.63698329017573,0.249677874516549,4879,4879,0.00300296175125826,0.00150148087562913
0.636293529706444,0.246755202832194,4880,4880,0.00300296175125826,0.00150148087562913
0.63698329017573,0.249677874516549,4881,4881,0.00300296175125826,0.00150148087562913
0.636293529706444,0.246755202832194,4882,4882,0.00300296175125826,0.00150148087562913
0.63698329017573,0.249677874516549,4883,4883,0.00300296175125826,0.00150148087562913
0.636293529706444,0.246755202832194,4884,4884,0.00300296175125826,0.00150148087562913
0.63698329017573,0.249677874516549,4885,4885,0.00300296175125826,0.00150148087562913
0.636293529706444,0.246755202832194,4886,4886,0.00300296175125826,0.00150148087562913
0.63698329017573,0.249677874516549,4887,4887,0.00300296175125826,0.00150148087562913
0.636293529706444,0.246755202832194,4888,4888,0.00300296175125826,0.00150148087562913
0.63698329017573,0.249677874516549,4889,4889,0.00300296175125826,0.00150148087562913
0.636293529706444,0.246755202832194,4890,4890,0.00300296175125826,0.00150148087562913
0.63698329017573,0.249677874516549,4891,4891,0.00300296175125826,0.00150148087562913
0.636293529706444,0.246755202832194,4892,4892,0.00300296175125826,0.00150148087562913
0.63698329017573,0.249677874516549,4893,4893,0.00300296175125826,0.00150148087562913
0.636293529706444,0.246755202832194,4894,4894,0.00300296175125826,0.00150148087562913
0.63698329017573,0.249677874516549,4895,4895,0.00300296175125826,0.00150148087562913
0.636293529706444,0.246755202832194,4896,4896,0.00300296175125826,0.00150148087562913
0.63698329017573,0.249677874516549,4897,4897,0.00300296175125826,0.00150148087562913
0.636293529706444,0.246755202832194,4898,4898,0.00300296175125826,0.00150148087562913
0.63698329017573,0.249677874516549,4899,4899,0.00300296175125826,0.00150148087562913
0.636293529706444,0.246755202832194,4900,4900,0.00300296175125826,0.00150148087562913
0.63698329017573,0.249677874516549,4901,4901,0.00300296175125826,0.00150148087562913
0.636293529706444,0.246755202832194,4902,4902,0.00300296175125826,0.00150148087562913
0.63698329017573,0.249677874516549,4903,4903,0.00300296175125826,0.00150148087562913
0.636293529706444,0.246755202832194,4904,4904,0.00300296175125826,0.00150148087562913
0.63698329017573,0.249677874516549,4905,4905,0.00300296175125826,0.00150148087562913
0.636293529706444,0.246755202832194,4906,4906,0.00300296175125826,0.00150148087562913
0.63698329017573,0.249677874516549,4907,4907,0.00300296175125826,0.00150148087562913
0.636293529706444,0.246755202832194,4908,4908,0.00300296175125826,0.00150148087562913
0.63698329017573,0.249677874516549,4909,4909,0.00300296175125826,0.00150148087562913
0.636293529706444,0.246755202832194,4910,4910,0.00300296175125826,0.00150148087562913
0.63698329017573,0.249677874516549,4911,4911,0.00300296175125826,0.00150148087562913
0.636293529706444,0.246755202832194,4912,4912,0.00300296175125826,0.00150148087562913
0.63698329017573,0.249677874516549,4913,4913,0.00300296175125826,0.00150148087562913
0.636293529706444,0.246755202832194,4914,4914,0.00300296175125826,0.00150148087562913
0.63698329017573,0.249677874516549,4915,4915,0.00300296175125826,0.00150148087562913
0.636293529706444,0.246755202832194,4916,4916,0.00300296175125826,0.00150148087562913
0.63698329017573,0.249677874516549,4917,4917,0.00300296175125826,0.00150148087562913
0.636293529706444,0.246755202832194,4918,4918,0.00300296175125826,0.00150148087562913
0.63698329017573,0.249677874516549,4919,4919,0.00300296175125826,0.00150148087562913
0.636293529706444,0.246755202832194,4920,4920,0.00300296175125826,0.00150148087562913
0.63698329017573,0.249677874516549,4921,4921,0.00300296175125826,0.00150148087562913
0.636293529706444,0.246755202832194,4922,4922,0.00300296175125826,0.00150148087562913
0.63698329017573,0.249677874516549,4923,4923,0.00300296175125826,0.00150148087562913
0.636293529706444,0.246755202832194,4924,4924,0.00300296175125826,0.00150148087562913
0.63698329017573,0.249677874516549,4925,4925,0.00300296175125826,0.00150148087562913
0.636293529706444,0.246755202832194,4926,4926,0.00300296175125826,0.00150148087562913
0.63698329017573,0.249677874516549,4927,4927,0.00300296175125826,0.00150148087562913
0.636293529706444,0.246755202832194,4928,4928,0.00300296175125826,0.00150148087562913
0.63698329017573,0.249677874516549,4929,4929,0.00300296175125826,0.00150148087562913
0.636293529706444,0.246755202832194,4930,4930,0.00300296175125826,0.00150148087562913
0.63698329017573,0.249677874516549,4931,4931,0.00300296175125826,0.00150148087562913
0.636293529706444,0.246755202832194,4932,4932,0.00300296175125826,0.00150148087562913
0.63698329017573,0.249677874516549,4933,4933,0.00300296175125826,0.00150148087562913
0.636293529706444,0.246755202832194,4934,4934,0.00300296175125826,0.00150148087562913
0.63698329017573,0.249677874516549,4935,4935,0.00300296175125826,0.00150148087562913
0.636293529706444,0.246755202832194,4936,4936,0.00300296175125826,0.00150148087562913
0.63698329017573,0.249677874516549,4937,4937,0.00300296175125826,0.00150148087562913
0.636293529706444,0.246755202832194,4938,4938,0.00300296175125826,0.00150148087562913
0.63698329017573,0.249677874516549,4939,4939,0.00300296175125826,0.00150148087562913
0.636293529706444,0.246755202832194,4940,4940,0.00300296175125826,0.00150148087562913
0.63698329017573,0.249677874516549,4941,4941,0.00300296175125826,0.00150148087562913
0.636293529706444,0.246755202832194,4942,4942,0.00300296175125826,0.00150148087562913
0.63698329017573,0.249677874516549,4943,4943,0.00300296175125826,0.00150148087562913
0.636293529706444,0.246755202832194,4944,4944,0.00300296175125826,0.00150148087562913
0.63698329017573,0.249677874516549,4945,4945,0.00300296175125826,0.00150148087562913
0.636293529706444,0.246755202832194,4946,4946,0.00300296175125826,0.00150148087562913
0.63698329017573,0.249677874516549,4947,4947,0.00300296175125826,0.00150148087562913
0.636293529706444,0.246755202832194,4948,4948,0.00300296175125826,0.00150148087562913
0.63698329017573,0.249677874516549,4949,4949,0.00300296175125826,0.00150148087562913
0.636293529706444,0.246755202832194,4950,4950,0.00300296175125826,0.00150148087562913
0.63698329017573,0.249677874516549,4951,4951,0.00300296175125826,0.00150148087562913
0.636293529706444,0.246755202832194,4952,4952,0.00300296175125826,0.00150148087562913
0.63698329017573,0.249677874516549,4953,4953,0.00300296175125826,0.00150148087562913
0.636293529706444,0.246755202832194,4954,4954,0.00300296175125826,0.00150148087562913
0.63698329017573,0.249677874516549,4955,4955,0.00300296175125826,0.00150148087562913
0.636293529706444,0.246755202832194,4956,4956,0.00300296175125826,0.00150148087562913
0.63698329017573,0.249677874516549,4957,4957,0.00300296175125826,0.00150148087562913
0.636293529706444,0.246755202832194,4958,4958,0.00300296175125826,0.00150148087562913
0.63698329017573,0.249677874516549,4959,4959,0.00300296175125826,0.00150148087562913
0.636293529706444,0.246755202832194,4960,4960,0.00300296175125826,0.00150148087562913
0.63698329017573,0.249677874516549,4961,4961,0.00300296175125826,0.00150148087562913
0.636293529706444,0.246755202832194,4962,4962,0.00300296175125826,0.00150148087562913
0.63698329017573,0.249677874516549,4963,4963,0.00300296175125826,0.00150148087562913
0.636293529706444,0.246755202832194,4964,4964,0.00300296175125826,0.00150148087562913
0.63698329017573,0.249677874516549,4965,4965,0.00300296175125826,0.00150148087562913
0.636293529706444,0.246755202832194,4966,4966,0.00300296175125826,0.00150148087562913
0.63698329017573,0.249677874516549,4967,4967,0.00300296175125826,0.00150148087562913
0.636293529706444,0.246755202832194,4968,4968,0.00300296175125826,0.00150148087562913
0.63698329017573,0.249677874516549,4969,4969,0.00300296175125826,0.00150148087562913
0.636293529706444,0.246755202832194,4970,4970,0.00300296175125826,0.00150148087562913
0.63698329017573,0.249677874516549,4971,4971,0.00300296175125826,0.00150148087562913
0.636293529706444,0.246755202832194,4972,4972,0.00300296175125826,0.00150148087562913
0.63698329017573,0.249677874516549,4973,4973,0.00300296175125826,0.00150148087562913
0.636293529706444,0.246755202832194,4974,4974,0.00300296175125826,0.00150148087562913
0.63698329017573,0.249677874516549,4975,4975,0.00300296175125826,0.00150148087562913
0.636293529706444,0.246755202832194,4976,4976,0.00300296175125826,0.00150148087562913
0.63698329017573,0.249677874516549,4977,4977,0.00300296175125826,0.00150148087562913
0.636293529706444,0.246755202832194,4978,4978,0.00300296175125826,0.00150148087562913
0.63698329017573,0.249677874516549,4979,4979,0.00300296175125826,0.00150148087562913
0.636293529706444,0.246755202832194,4980,4980,0.00300296175125826,0.00150148087562913
0.63698329017573,0.249677874516549,4981,4981,0.00300296175125826,0.00150148087562913
0.636293529706444,0.246755202832194,4982,4982,0.00300296175125826,0.00150148087562913
0.63698329017573,0.249677874516549,4983,4983,0.00300296175125826,0.00150148087562913
0.636293529706444,0.246755202832194,4984,4984,0.00300296175125826,0.00150148087562913
0.63698329017573,0.249677874516549,4985,4985,0.00300296175125826,0.00150148087562913
0.636293529706444,0.246755202832194,4986,4986,0.00300296175125826,0.00150148087562913
0.63698329017573,0.249677874516549,4987,4987,0.00300296175125826,0.00150148087562913
0.636293529706444,0.246755202832194,4988,4988,0.00300296175125826,0.00150148087562913
0.63698329017573,0.249677874516549,4989,4989,0.00300296175125826,0.00150148087562913
0.636293529706444,0.246755202832194,4990,4990,0.00300296175125826,0.00150148087562913
0.63698329017573,0.249677874516549,4991,4991,0.00300296175125826,0.00150148087562913
0.636293529706444,0.246755202832194,4992,4992,0.00300296175125826,0.00150148087562913
0.63698329017573,0.249677874516549,4993,4993,0.00300296175125826,0.00150148087562913
0.636293529706444,0.246755202832194,4994,4994,0.00300296175125826,0.00150148087562913
0.63698329017573,0.249677874516549,4995,4995,0.00300296175125826,0.00150148087562913
0.636293529706444,0.246755202832194,4996,4996,0.00300296175125826,0.00150148087562913
0.63698329017573,0.249677874516549,4997,4997,0.00300296175125826,0.00150148087562913
0.636293529706444,0.246755202832194,4998,4998,0.00300296175125826,0.00150148087562913
0.63698329017573,0.249677874516549,4999,4999,0.00300296175125826,0.00150148087562913
0.636293529706444,0.246755202832194,5000,5000,0.00300296175125826,0.00150148087562913
