"H","C","epoch","t","velocity","dist_to_limit"
0.992481304119009,0.0180459267215859,1,1,NA,0.748365397629956
0.989871516268706,0.0241285312436916,2,2,0.00661884207365113,0.744156555923495
0.988110258821634,0.0282624732971387,3,3,0.00449349582130925,0.741328149465295
0.983688165846868,0.0372681191764366,4,4,0.0100327744906775,0.734659222859572
0.97727550680603,0.0503863006765808,5,5,0.0146016739398185,0.725111438796073
0.967738860081816,0.0685858129916709,6,6,0.0205467729643749,0.711525837027303
0.960245128355075,0.0812439551463247,7,7,0.0147100162474344,0.70143507129902
0.953994436139575,0.0895569535051265,8,8,0.0104008218370643,0.693596036337729
0.945739174461893,0.10162927477298,9,9,0.0146249884157658,0.683141411259449
0.938830880922588,0.112366138675197,10,10,0.0127673319875344,0.674400784933283
0.929677789357695,0.123946053710959,11,11,0.0147605391985111,0.663439323933152
0.91371861816231,0.145226594742836,12,12,0.0265999355610689,0.64454534469033
0.905569295117649,0.154322962876022,13,13,0.0122129185414743,0.635319012094187
0.89572876200641,0.166031381124089,14,14,0.0152945464066466,0.624239931714436
0.889408654405933,0.171776145744861,15,15,0.008540847769963,0.617384479677961
0.880076142849478,0.182776626505941,16,16,0.014425891616335,0.607138227227136
0.86806604311345,0.193494017255519,17,17,0.0160967375622665,0.594409462799554
0.854973799020351,0.205344972441528,18,18,0.0176593316468682,0.580717103768446
0.84958240932851,0.211432480443019,19,19,0.008131717929042,0.57510102415397
0.837086137300121,0.224711236161699,20,20,0.0182340935624415,0.562327824079899
0.824733597963787,0.236142761022869,21,21,0.016830477970255,0.549982931642658
0.81199261434506,0.244167060369971,22,22,0.0150572920402236,0.537393094806578
0.807913447120079,0.244979370079576,23,23,0.00415926102975969,0.533337402848884
0.797827039955437,0.256015916484855,24,24,0.0149512864345116,0.523685333657394
0.78740283865463,0.259798992868897,25,25,0.0110894382043114,0.513479187292666
0.778668956404083,0.266563958910956,26,26,0.0110474189164997,0.505203542445735
0.775605846274346,0.271224029305645,27,27,0.00557663875021071,0.502508487156746
0.771341819119135,0.270834642996533,28,28,0.00428176940973056,0.498226896988497
0.769059107354306,0.271120907693203,29,29,0.00230059133221147,0.495975469342785
0.764518777471919,0.272324797933383,30,30,0.0046972276026718,0.491552832457228
0.754015394807256,0.278281822288539,31,31,0.0120750646610386,0.481648705689984
0.749271441409909,0.281797671312128,32,32,0.00590476825903189,0.477296900925757
0.74070914660795,0.284902487195842,33,33,0.00910784134399643,0.469138558319878
0.73134164827148,0.287944363696602,34,34,0.00984901201794675,0.460209048937575
0.72809780105898,0.286592912911341,35,35,0.0035141092702169,0.456821987332368
0.723618564812332,0.292256019301217,36,36,0.00722041074568031,0.453119700311379
0.714363042666836,0.292775413366576,37,37,0.00927008416255725,0.444026554941723
0.709695591916223,0.290222057033992,38,38,0.00532021851717963,0.439049344414238
0.710376125987689,0.288459025941893,39,39,0.00188981619586009,0.439485838354056
0.705542923657485,0.293861497322344,40,40,0.00724889934964547,0.43545429935554
0.704322160932605,0.294151442211048,41,41,0.00125472294509271,0.434289413362856
0.701240759719251,0.291857654701881,42,42,0.00384141830251145,0.430907172409315
0.700297188612866,0.290034862966419,43,43,0.00205253407856487,0.429715288331088
0.688614836611464,0.296168706343758,44,44,0.0131947483061405,0.419073697754921
0.68580107743054,0.296784445274385,45,45,0.00288034288912269,0.416393561745873
0.687227895756842,0.301182197823151,46,46,0.00462342275986619,0.418526590045071
0.682550300077235,0.30008265967145,47,47,0.00480508954015628,0.413730298513175
0.684696526003056,0.300639683129325,48,48,0.00221733192312064,0.415939866136076
0.678549592606428,0.305360356436331,49,49,0.00775045460950869,0.410722224259057
0.675997404612523,0.299801377186704,50,50,0.00611685489888552,0.407225125104248
0.671663682380349,0.304288707609986,51,51,0.0062383717998651,0.403756596308814
0.675677071212614,0.302088959783107,52,52,0.00457669973024345,0.407307684026236
0.676828329763559,0.299220173108684,53,53,0.00309117020470742,0.407944911278876
0.674436129273019,0.301562508437138,54,54,0.00334800806120071,0.405993331627433
0.666385879609357,0.303537416136418,55,55,0.00828895530618649,0.398430682796848
0.672932912342951,0.299086772909394,56,56,0.00791655624302672,0.404083576762396
0.674486131601098,0.301301580463966,57,57,0.00270515481399279,0.405996703180487
0.67526537508683,0.298690394631365,58,58,0.00272497924073398,0.406314864789907
0.673033216178083,0.301926250564245,59,59,0.0039310681770034,0.40467682021084
0.674809914843464,0.300009762163964,60,60,0.00261334764927587,0.406091045677382
0.67157109089446,0.3017644938264,61,61,0.00368362101468086,0.403209215309247
0.66320354765184,0.301864281666376,62,62,0.00836813823560061,0.394995868351563
0.660210332911134,0.304256241011667,63,63,0.00383155373099523,0.392497831787692
0.651759701910986,0.30685032530883,64,64,0.00883982113175686,0.384711973200185
0.645690582468488,0.311463645717701,65,65,0.00762344646483549,0.379728675641456
0.648858983209563,0.314737993377455,66,66,0.00455632701339364,0.383533440897928
0.640553643703163,0.315715828185125,67,67,0.00836270442068047,0.375659081368188
0.637874992607548,0.31358130054279,68,68,0.00342511020960289,0.372567287279253
0.638155031700367,0.316843285867685,69,69,0.00327398383522782,0.373584230263936
0.638916123596618,0.314857088220574,70,70,0.00212702655552907,0.373869212468475
0.633923155221263,0.319674716535826,71,71,0.00693824731334994,0.37014444461855
0.632868303855381,0.316110570040054,72,72,0.00371696807188746,0.368272236865565
0.628051180168653,0.318684892490101,73,73,0.00546185103147727,0.364207777352544
0.62524515285582,0.317393610837434,74,74,0.0030888829027466,0.361172371040259
0.623789848090827,0.316591677666338,75,75,0.00166162834891434,0.359566626252327
0.614697518204499,0.317435529273982,76,76,0.00913140450848261,0.350957238500017
0.618075657560856,0.314173662636008,77,77,0.00469591306083257,0.353439875911483
0.609958699734741,0.319098855600109,78,78,0.00949434200377073,0.346792745217001
0.612020989172436,0.311511427300405,79,79,0.00786270347450419,0.346927572431215
0.614455658419844,0.312280721219045,80,80,0.00255331695594819,0.349474834277818
0.61018585447827,0.318141419909132,81,81,0.00725113886472182,0.346767938177477
0.611910516580022,0.313040324409431,82,82,0.00538475948044987,0.347182313647628
0.612122660283334,0.311606794839167,83,83,0.00144914180799388,0.347048793373516
0.605482143056979,0.31097644346583,84,84,0.00667036819728754,0.340447323584074
0.603055071533214,0.313305538416774,85,85,0.00336383107066631,0.338655043453862
0.598795958964134,0.313494015461981,86,86,0.0042632808343658,0.334575098917719
0.602975819328778,0.312319940201611,87,87,0.00434162243693956,0.338337321885049
0.598713644980487,0.312396834867627,88,88,0.00426286792721678,0.334223488934945
0.597091735501269,0.312656573919628,89,89,0.0016425756402402,0.332716136880054
0.592098658381688,0.315856972277479,90,90,0.00593071401865114,0.328702142293831
0.585129586848117,0.318407399245729,91,91,0.00742109397329035,0.322668397551467
0.588799576346009,0.320636482116347,92,92,0.00429390653819154,0.326810357878112
0.584708609582248,0.319640928534299,93,93,0.0042103605542673,0.322603764172004
0.583938890745626,0.318890281333534,94,94,0.00107514571452691,0.321656319658331
0.587201226078649,0.318877519728676,95,95,0.00326236029335295,0.324789621471724
0.584915202726347,0.315106434677909,96,96,0.00440987360673637,0.321573762727479
0.58022894231847,0.314543401748728,97,97,0.00471996214918808,0.316906159939744
0.577321575434871,0.312330840255827,98,98,0.0036535202963338,0.313517225823098
0.56975326957225,0.31530903838776,99,99,0.00813319849402715,0.307033685156204
0.569720718994977,0.314345810728457,100,100,0.000963777497002184,0.306736422911658
0.564077796393289,0.317984851796414,101,101,0.0067145510187138,0.30235236363429
0.565418106759484,0.313504148692389,102,102,0.00467687205129122,0.302368355316361
0.557095912091002,0.319364706134025,103,103,0.0101786569657709,0.296092120495569
0.552243235172206,0.316805449979289,104,104,0.00548618859899698,0.290695262157886
0.552767973430635,0.317057712096077,105,105,0.000582225399157995,0.291271373460728
0.555585798261745,0.315700928905613,106,106,0.00312745861759115,0.293563303343761
0.549834135286054,0.316509075621673,107,107,0.00580816047476392,0.28830777084173
0.546687391114469,0.316508400015428,108,108,0.00314674424411092,0.285307082253448
0.547341682359345,0.316537155450453,109,109,0.00065492282611328,0.285939396186032
0.551176924249576,0.313979437612444,110,110,0.00460988078972319,0.288844261869645
0.555771317346701,0.313381874750154,111,111,0.00463309068606407,0.293073244061067
0.558123040734031,0.314087369459601,112,112,0.00245526488908516,0.295528495984868
0.555133700764723,0.312253993767304,113,113,0.00350676772558574,0.292142751076696
0.553895011239444,0.309244401629405,114,114,0.00325453477113713,0.290118712708763
0.548580915849843,0.31155935319152,115,115,0.00579643084533185,0.285661535401885
0.555378342953115,0.307338570321207,116,116,0.0080012513560458,0.291034373424412
0.553442657596076,0.308136807726908,117,117,0.0020938148813383,0.289382854166767
0.55391569899154,0.307073608942814,118,118,0.00116368372692943,0.289553897213633
0.553530519226827,0.311648786736763,119,119,0.00459136311974848,0.290434096352089
0.555210097415917,0.308890661731873,120,120,0.00322927800535459,0.291288224502197
0.546157546803449,0.30975175476717,121,121,0.00909341266009266,0.282825196820368
0.547424168097731,0.307024215376299,122,122,0.00300729124493731,0.283287861577577
0.545582104111823,0.307076509182837,123,123,0.00184280611307297,0.281529774457617
0.54405976921123,0.308681051254745,124,124,0.0022117999028143,0.28051110748762
0.544363504965747,0.308452179907533,125,125,0.000380312374432994,0.280738717493862
0.549625518050393,0.307703210386354,126,126,0.00531504816973839,0.28559088299846
0.549625145098358,0.305690968607736,127,127,0.00201224181318023,0.285050225155464
0.549851303571865,0.307674133598188,128,128,0.00199601879612738,0.285800281797643
0.544901521432959,0.309712748187486,129,129,0.00535315726149873,0.281609218722383
0.5416952964186,0.311557643985265,130,130,0.0036991241324618,0.279068313222819
0.539107182391698,0.312449077223569,131,131,0.00273733217469117,0.276857859295903
0.538663390719459,0.310328741389715,132,132,0.00216628139831213,0.275809874888116
0.543026598679054,0.309256273937686,133,133,0.00449308025015452,0.279681752176082
0.54448990004781,0.31245874883594,134,134,0.00352095106040265,0.282004246741744
0.541998798725344,0.311078519990021,135,135,0.00284791458191751,0.279219254873945
0.541675725003609,0.310051208055239,136,136,0.00107691524319285,0.278613503799147
0.537721051847274,0.314203535971409,137,137,0.00573421894392209,0.276064309701943
0.540257089659488,0.311338775840798,138,138,0.00382600815353512,0.277628942715683
0.539832588886116,0.311490178611606,139,139,0.000450692473425076,0.277267469114224
0.541808756186455,0.311830222325745,140,140,0.0020052099457302,0.279256499193293
0.537654487327151,0.310570506144255,141,141,0.00434106376517208,0.274915450872557
0.540478350758805,0.312017027605013,142,142,0.00317279514262502,0.278039628559712
0.536294600482145,0.308681882688079,143,143,0.00535041661876911,0.273065864810221
0.538479670573375,0.310905315951226,144,144,0.00311740064464841,0.275802509430451
0.536045665384025,0.313884141511496,145,145,0.0038467886581278,0.274371348540456
0.537083044755087,0.31033130279441,146,146,0.00370119155261231,0.274299023358105
0.541082626977495,0.307987640113536,147,147,0.00463566745092113,0.277458978896416
0.545573660614943,0.307648322322017,148,148,0.00450383388862492,0.281678567450989
0.545244921363804,0.307562135889396,149,149,0.000339849373115679,0.281338804634697
0.541674533019769,0.30659792319426,150,150,0.00369829407276989,0.277640944586758
0.53890989390072,0.306545442361499,151,151,0.00276513719304896,0.274969811790534
0.537976492418445,0.304210079312569,152,152,0.00251498685830042,0.273431041580741
0.536935825262599,0.307151657807323,153,153,0.00312023591576976,0.273244500997911
0.539872721878431,0.305478366616494,154,154,0.00338012797707262,0.275600987814236
0.534272594818045,0.306008799540969,155,155,0.0056251917460505,0.270367280893209
0.527925811728063,0.303697006606296,156,156,0.00675470518705881,0.263627057589577
0.5324799083136,0.306661004830929,157,157,0.00543369866536845,0.268832244482271
0.53361228375791,0.305833529875071,158,158,0.00140249383223193,0.269684321599249
0.522452462390762,0.305639511742954,159,159,0.0111615077826541,0.258936025845979
0.525291200972132,0.307098434270425,160,160,0.00319169103682072,0.262077536769454
0.522064865562128,0.305216873786737,161,161,0.00373490428680937,0.258442141471929
0.520684797101183,0.305049460204938,162,162,0.00139018569416663,0.257073119001275
0.515980964161826,0.306604328726439,163,163,0.00495415587567927,0.25304326442158
0.517517485639306,0.304929550466905,164,164,0.00227283533705454,0.254009780302107
0.519069462661798,0.304543743065491,165,165,0.00159921231527532,0.255380519626749
0.516630470826627,0.305208394407764,166,166,0.00252793247117396,0.25324485289267
0.518677868300594,0.304821090799128,167,167,0.00208370835331372,0.255087081899674
0.51668834561071,0.30685969472648,168,168,0.00284852707660905,0.253794751109201
0.51543365365494,0.307880707409548,169,169,0.00161762752290557,0.252911315723654
0.520210318449559,0.305890522172854,170,170,0.00517468490214712,0.256866245452904
0.52102936321672,0.305532610369748,171,171,0.000893831745585375,0.257543851046416
0.519042602308425,0.304112581462041,172,172,0.00244206900096054,0.255229440594609
0.519310491773011,0.303071940966839,173,173,0.00107456847408172,0.255186250289664
0.513467062552938,0.304871369868081,174,174,0.00611421372055515,0.250124613853821
0.5110363938228,0.303357186002502,175,175,0.00286372192338101,0.247353450566123
0.508286738312465,0.306999807687904,176,176,0.00456391259430717,0.245843701509032
0.508724775593716,0.304750074383329,177,177,0.00229198093392573,0.245566441796763
0.504001288153099,0.306431566489952,178,178,0.00501385573249777,0.241596926149339
0.502415305874152,0.305735189246321,179,179,0.00173213193913824,0.239872208672739
0.505022256240339,0.305603883697356,180,180,0.00261025503714713,0.242306563726723
0.505145446367028,0.307869317090137,181,181,0.00226878034733294,0.243138853117145
0.503321297928569,0.304599604194603,182,182,0.00374413407141809,0.240377704773232
0.505254327982805,0.30457832107649,183,183,0.00193314721676753,0.242209713228703
0.50353391809424,0.302193040802301,184,184,0.00294098149791963,0.239845412136224
0.504503482347678,0.301398148400998,185,185,0.00125375785987302,0.240533440090108
0.505202887307734,0.302288073755365,186,186,0.00113187209281545,0.241466093379648
0.506842710893769,0.30145980570688,187,187,0.00183713073934795,0.242786610049538
0.509845307023791,0.302538408376858,188,188,0.00319044937896008,0.245973657529833
0.50886073797706,0.303332983573445,189,189,0.0012651979887797,0.245269054640263
0.514108779737898,0.301864183953515,190,190,0.00544970775794494,0.249856618172836
0.514787740292796,0.300640453906575,191,191,0.00139946513457522,0.250159149712785
0.513560611267975,0.305604723685263,192,192,0.005113689478171,0.250434049210067
0.515376990262812,0.303990056349965,193,193,0.00243030517766045,0.251687632915918
0.511720296976436,0.305567956937788,194,194,0.00398260920197771,0.248668856172543
0.507691918960005,0.306156331596021,195,195,0.00407111952437167,0.245015629079145
0.506491073540027,0.30276991179393,196,196,0.00359303058693851,0.242839431056476
0.51062432426646,0.302662145544297,197,197,0.0041346553825099,0.246754586349106
0.507712141556037,0.303574305697213,198,198,0.00305169531301041,0.244245612250414
0.50604456235576,0.305030805334149,199,199,0.00221409385112585,0.243100880199039
0.504432488419058,0.305192987978749,200,200,0.00162021158729538,0.241618198875833
0.50345950287275,0.304418575278903,201,201,0.00124354971875168,0.24045308247222
0.50679549349501,0.30543508361466,202,202,0.00348742349428241,0.243939917210687
0.509159717868561,0.306029002925663,203,203,0.00243768271858225,0.246372038684793
0.513312833663577,0.307515309668809,204,204,0.00441106319854204,0.250781108675102
0.508639202901392,0.305817258507142,205,205,0.00497254484634164,0.245811603551006
0.507515209448538,0.305218786961311,206,206,0.00127339289821586,0.244558004538897
0.509933079476489,0.305923884279136,207,207,0.00251858247823378,0.247075573591942
0.50808063165614,0.303629079889546,208,208,0.00294918465233997,0.244613515042394
0.505359831571102,0.302513971826761,209,209,0.00294044539048613,0.241683462370078
0.503820988245293,0.303460671778054,210,210,0.00180673173967921,0.240502918079051
0.503388176617094,0.303424631355129,211,211,0.000434309587262961,0.240079765175865
0.506064201877597,0.30620754348136,212,212,0.00386079151174588,0.243484877416082
0.506272292459261,0.303915043525412,213,213,0.00230192478986568,0.242976183087673
0.505202215180266,0.304366803721702,214,214,0.00116153030867598,0.242095145052539
0.497101212065597,0.305550845794557,215,215,0.00818707561307267,0.234775959979323
0.49665332709183,0.304303247882512,216,216,0.00132555705266405,0.233953127801434
0.497707744654569,0.305939967001906,217,217,0.00194695810751055,0.235475445024949
0.498090478090891,0.303154572036754,218,218,0.00281156717777964,0.234956738917917
0.496342470694966,0.305160132961827,219,219,0.00266041434374204,0.233931929668793
0.496065476877625,0.305203969969539,220,220,0.000280441184725556,0.233683691540607
0.488922596162468,0.303679058684962,221,221,0.00730384140961387,0.226431326635833
0.493799367017311,0.302268793421023,222,222,0.00507658764184389,0.230603464949121
0.483895674245793,0.301559703818998,223,223,0.0099290451996305,0.220988812896656
0.487418249713506,0.302712232335923,224,224,0.00370632701040431,0.22469482526888
0.487376321061818,0.300289533053107,225,225,0.0024230620765449,0.223883688444979
0.485804916059943,0.303797123197278,226,226,0.00384350130732472,0.223524105129096
0.484157036271471,0.302832148036179,227,227,0.00190962950825296,0.221650492771463
0.485739218413243,0.301650328531027,228,228,0.0019748411765249,0.222763169955291
0.485357091233143,0.298952031561607,229,229,0.0027252206730735,0.221547814992844
0.490100277039792,0.30137163316271,230,230,0.00532468623530566,0.226809641900515
0.489692893494336,0.301435240675602,231,231,0.000412319377187437,0.226442971959541
0.488317008045278,0.299797290250154,232,232,0.00213914524171658,0.224623875120713
0.488105222103109,0.302894470414171,233,233,0.00310441270672625,0.225403832187437
0.49602741050521,0.304509721626524,234,234,0.0080851781401144,0.233425372455802
0.497715038502243,0.305435259953873,235,235,0.00192476218057296,0.235320259956764
0.504061507709458,0.306513471005143,236,236,0.00643740712315212,0.241679948975402
0.506172546714024,0.306141886584783,237,237,0.00214349263125677,0.243567284162579
0.503422613459034,0.305263952037148,238,238,0.00288667663184365,0.240680713980863
0.495393350208184,0.305152272757339,239,239,0.0080300398886303,0.233030678401196
0.496681582478097,0.306187797318178,240,240,0.00165283196282881,0.23458449484438
0.500193663896448,0.3030245645887,241,241,0.00472660101869887,0.236916484776208
0.49680633141835,0.304107705355555,242,242,0.00355629234428259,0.234036314850751
0.49169316880572,0.30253169421527,243,243,0.0053505367036867,0.228687203604705
0.489703935593721,0.303874268687576,244,244,0.00239990728683592,0.227233703463226
0.490121102608966,0.300420155858857,245,245,0.00347921309380896,0.226532196151189
0.484538585426464,0.299610453624754,246,246,0.00564093217481349,0.220976270006845
0.479691895435176,0.298685943668965,247,247,0.00493407767774329,0.216085806361355
0.482778059084369,0.298841256546524,248,248,0.00309006928070133,0.219063213308634
0.48150516627821,0.296887946072558,249,249,0.00233145403207394,0.217246453361067
0.4819449685667,0.299512619943443,250,250,0.00266126642436785,0.218484779363096
0.47205360118167,0.296476652190498,251,251,0.0103467989708196,0.208141528840844
0.474548679917273,0.30159316474396,252,252,0.00569246155951796,0.212176989398819
0.470830849460637,0.297812321314741,253,253,0.00530255036190673,0.207415286970398
0.473302363991531,0.29901478838272,254,254,0.00274851071054767,0.210144226838303
0.474791757555647,0.29906785164486,255,255,0.00149033851812945,0.211569081356485
0.478231926631967,0.300788519435543,256,256,0.0038464868282052,0.215382866812143
0.474879278019288,0.298182551622714,257,257,0.00424633029351127,0.211364943657601
0.473216509872488,0.301097844917231,258,258,0.00335614852220092,0.210755822815717
0.469418999789236,0.299046652074552,259,259,0.00431607169892549,0.206490271078436
0.471291861880227,0.301935506246392,260,260,0.00344283180507401,0.20923088602699
0.471849353185784,0.299758031161956,261,261,0.00224770867754513,0.209018710772616
0.475040594401497,0.303648841346666,262,262,0.00503213914655664,0.213340255316581
0.477263651001592,0.301742378128053,263,263,0.00292858031324899,0.21478481829769
0.477122152832278,0.30188025759515,264,264,0.000197566392298497,0.214697498480536
0.470758067774359,0.303290004589353,265,265,0.00651835602066103,0.209199740750855
0.47430887779921,0.303757203312523,266,266,0.0035814140335221,0.212691072198587
0.477613728650695,0.301517336396077,267,267,0.00399237309804006,0.215040013957378
0.477129464000936,0.301465863344845,268,268,0.000486992531780134,0.214566178017294
0.479262333337272,0.30230867236431,269,269,0.00229335096511019,0.216857959893658
0.478258332804368,0.30588542407749,270,270,0.00371499258247033,0.217134111057638
0.480352916329004,0.304045868264334,271,271,0.00278769541582138,0.218468556111614
0.480866298602196,0.305016342041131,272,272,0.00109789831490818,0.219281410068597
0.481748486619507,0.303127208699084,273,273,0.00208496534309835,0.219474798081369
0.477336287711946,0.304903144076412,274,274,0.00475620075946399,0.21592800051275
0.476401772080485,0.303350043267194,275,275,0.00181257871250895,0.214516236820899
0.481087715239022,0.305319211176333,276,276,0.00508288161768816,0.219593090290441
0.48562748534132,0.30403338203196,277,277,0.00471835449815248,0.22343468640754
0.481856209365298,0.304016663544439,278,278,0.00377131303330129,0.219873853526212
0.476912162090288,0.305474860685001,279,279,0.00515460399626109,0.21572932193533
0.480681041103844,0.306574773205084,280,280,0.00392609940916641,0.219645141335232
0.484760223893187,0.305108820734035,281,281,0.00433459904446145,0.222976018560481
0.482193865858921,0.305300811871268,282,282,0.00257352951349293,0.220626350901352
0.47817617111066,0.30730753866398,283,283,0.00449097133266147,0.217557818120973
0.483080570876744,0.307340553574558,284,284,0.00490451088793668,0.222161180839019
0.477423853196789,0.305692069707653,285,285,0.0058920246070575,0.21628465875548
0.47959535401762,0.304732512268502,286,286,0.00237406113946143,0.217990045384997
0.479021832957253,0.304529240128963,287,287,0.000608478405037229,0.217381591060527
0.482494701133355,0.305360884617458,288,288,0.0035710566956886,0.220929649078827
0.479703254508279,0.302612355738755,289,289,0.00391747179411815,0.217374893152877
0.483577194353743,0.304735364190775,290,290,0.00441753039758878,0.221736313829057
0.478922006524098,0.304597599105315,291,291,0.00465722588544415,0.217311232365393
0.477924444390396,0.304937437311485,292,292,0.00105385967612807,0.216491673849087
0.472646229422588,0.300801016022062,293,293,0.00670593277106098,0.210118893972873
0.470796342348587,0.304587101369774,294,294,0.00421384912481571,0.209692918845063
0.46983762500527,0.301609939845254,295,295,0.00312771956662682,0.207753371875155
0.468786424881834,0.302498322349341,296,296,0.00137631579700388,0.207075726954651
0.469077818684576,0.300698105336066,297,297,0.00182364789451356,0.206726950147738
0.467725547907348,0.302102242139477,298,298,0.00194941950786344,0.205943322664026
0.471056081766777,0.299403154762214,299,299,0.00428690196516081,0.208152527617579
0.468615190203616,0.301112763365575,300,300,0.00298005254983832,0.206434505879872
0.463654698415593,0.298959458590133,301,301,0.0054076982381589,0.201036244584773
0.462183666662758,0.302084746419418,302,302,0.00345417984964984,0.200754394178776
0.46464454547871,0.299735302963349,303,303,0.0034023240733459,0.202232362374312
0.46713533395333,0.302654436735788,304,304,0.0038373648779723,0.205584738846361
0.464261499537573,0.300648554402621,305,305,0.00350463809596674,0.202189692117132
0.466001874121944,0.300627150465204,306,306,0.00174050619719178,0.203814140786706
0.463609645411764,0.300002277766127,307,307,0.00247249349682945,0.201353634373278
0.471286685689395,0.300083829224877,308,308,0.00767747341674345,0.208597404406221
0.465105046397599,0.299819668345809,309,309,0.00618728092977146,0.202693762380329
0.469428230488451,0.299948920768306,310,310,0.00432511582181601,0.206802030866861
0.466716710030062,0.299732341423072,311,311,0.00272015621041197,0.204177996568688
0.472234239727242,0.298869801851553,312,312,0.00558454192138387,0.209087747603413
0.468833399803102,0.298770555940287,313,313,0.00340228775098819,0.205846096997178
0.467632711640097,0.299636175693073,314,314,0.00148018567118981,0.2050066557488
0.465853989405699,0.29787559148219,315,315,0.00250270045166298,0.202738869050962
0.466626316736936,0.297914026746034,316,316,0.000773283115089396,0.203479716638315
0.459964087306232,0.297244131441282,317,317,0.00669582412453172,0.19698162351675
0.461867193584097,0.300910799785654,318,318,0.00413113425737656,0.200040365564661
0.459262918580517,0.297633234315352,319,319,0.00418624936027311,0.196456051706004
0.460695950240155,0.299523338025613,320,320,0.00237193418396573,0.198455722631254
0.45775691561423,0.297081967608624,321,321,0.00382076092491231,0.194852324829006
0.459186727530099,0.299865727562734,322,322,0.00312948583586297,0.197163516965373
0.456432227947912,0.296596801701299,323,323,0.00427470984229646,0.19344158624414
0.456334564885326,0.298185523468704,324,324,0.00159172074435794,0.193902119086824
0.456593544684785,0.297275930729352,325,325,0.000945742823397805,0.19382744382642
0.458401805749824,0.298229132505953,326,326,0.00204411391714125,0.195854190830865
0.457655866702621,0.297666542834232,327,327,0.000934308407791122,0.194959301797869
0.458109243148449,0.297769909570372,328,328,0.000465010627590459,0.195420408760536
0.454435284457459,0.298078025558343,329,329,0.00368685610312414,0.192086904404566
0.453294131160323,0.296951845295679,330,330,0.00160328189398386,0.190622111676441
0.452477427259856,0.297318208797183,331,331,0.000895113108089422,0.189986853850849
0.452484340455983,0.300653663699503,332,332,0.00333546206659396,0.191199061261092
0.460014831333592,0.301472946310679,333,333,0.00757492685474383,0.198510529459064
0.461446936590902,0.302213047412462,334,334,0.00161204066601158,0.20011305526116
0.460622076547907,0.300056430553055,335,335,0.00230898037428008,0.19857373344877
0.461514283552541,0.300189576145586,336,336,0.000902087073363209,0.199455723677488
0.463295761968263,0.298809993946287,337,337,0.00225320047716711,0.20064782487643
0.460513039731319,0.29899633614866,338,338,0.00278895436756699,0.198100449858583
0.461388781863364,0.297677705398972,339,339,0.00158294388272663,0.19846879635996
0.456048527245484,0.29887867371195,340,340,0.00547363172606282,0.193879185777835
0.45333424850206,0.29712166035831,341,341,0.00323332723705346,0.190719301516907
0.457481634758253,0.30101252363818,342,342,0.00568679433606478,0.19598181463279
0.456587098422803,0.297467442573044,343,343,0.00365619953145686,0.193887868929963
0.456349340474637,0.300773977220109,344,344,0.0033150716755683,0.19484003074832
0.455977892973153,0.29759439284076,345,345,0.0032012075958546,0.193361035536538
0.449249805681604,0.298255537310223,346,346,0.0067604933704724,0.187310657049517
0.450911603927671,0.296944440388866,347,347,0.00211673062712895,0.188390194104282
0.449778058058731,0.299641156866862,348,348,0.00292527024387285,0.188310161355032
0.446247884136972,0.297623280825468,349,349,0.00406619621222277,0.184285181401304
0.448108060806236,0.300564999073845,350,350,0.00348051195856378,0.187105303130253
0.445210621700162,0.299039672280248,351,351,0.00327441219162657,0.183847001849058
0.445768021225545,0.29791541713965,352,352,0.00125484813904215,0.183946310279552
0.44636757244683,0.297160543633474,353,353,0.000963999832609399,0.184227570564443
0.448586369316055,0.296857025204786,354,354,0.00223946042238669,0.186186774220423
0.44736356636848,0.296293957931918,355,355,0.00134621387690499,0.184843401084554
0.453523664659029,0.297623556762979,356,356,0.00630195556956588,0.191073465962587
0.443992519953251,0.29688826551601,357,357,0.00955946508024172,0.181917419265801
0.450185150415037,0.298552857207133,358,358,0.00641245175688732,0.188290075807384
0.450032781217174,0.296768666083215,359,359,0.00179068543835189,0.187506252991905
0.451577608374373,0.298358610906321,360,360,0.00221684809721841,0.189517830876729
0.445246959336172,0.298110547708119,361,361,0.00633550728791158,0.183534299216044
0.443148256667785,0.29982018527998,362,362,0.0027069195624201,0.182234069224675
0.441215874733253,0.297121863087398,363,363,0.00331889177224685,0.179424794936077
0.446131291094759,0.296863039419007,364,364,0.00492222588858803,0.183899289549969
0.445364491987472,0.297929141269545,365,365,0.00131322276353104,0.183576348608404
0.447465401408705,0.299801400673857,366,366,0.00281410299620731,0.186222930680288
0.444802964983413,0.297883648463217,367,367,0.00328121033463871,0.183037835934538
0.446902734349504,0.299605764929637,368,368,0.00271564292842197,0.18562794295464
0.446463649573014,0.300196355092972,369,369,0.000735929468069534,0.185443359894387
0.446073941055695,0.301272697784996,370,370,0.00114472106608722,0.185493028847638
0.445015080957166,0.297627633310728,371,371,0.00379574495057623,0.183140310653865
0.442746048128648,0.29896172694759,372,372,0.00263216941111395,0.181535102207736
0.440557350086278,0.297210305873759,373,373,0.00280319012885951,0.178847300975778
0.442064217419692,0.299726968743818,374,374,0.00293329868271968,0.181197164197126
0.433931881456208,0.295395902105961,375,375,0.009213741175252,0.172027078580067
0.436045111349265,0.297339112115267,376,376,0.00287085452804193,0.174722660243603
0.43628682979145,0.29619674213726,377,377,0.00116766303869927,0.174509819524996
0.440112537385284,0.296723523488261,378,378,0.00386180491289692,0.178252536277488
0.439895192973081,0.295245208661887,379,379,0.00149420658524621,0.177502994230408
0.438236533553997,0.29550554315,380,380,0.0016789654892875,0.176057750099307
0.440553271131507,0.296337378132805,381,381,0.00246154878921051,0.178517727120127
0.439712087928628,0.294945479729534,382,382,0.00162633647989358,0.177222772980676
0.444493989597217,0.294063930062374,383,383,0.00486248016795105,0.181368526807311
0.438080298150622,0.295601854724867,384,384,0.00659550227349075,0.175948549481591
0.438281352950609,0.296140182073024,385,385,0.000574647166852748,0.176336106088085
0.435156114239593,0.295302384213286,386,386,0.00323558684856637,0.173125030590588
0.433238649935547,0.293757798557858,387,387,0.00246219702790931,0.170768443061405
0.433053977063438,0.296250101497569,388,388,0.002499135453109,0.171542871555803
0.43723974028353,0.296292404294693,389,389,0.00418597697811656,0.175428156786168
0.434766430105401,0.298244125750339,390,390,0.00315063166328037,0.173895909618142
0.429200627072227,0.295681830670904,391,391,0.00612727667713701,0.167771247776102
0.423211386357958,0.294879052020408,392,392,0.00604280215588379,0.161952814000509
0.423805673982356,0.294421615556264,393,393,0.000749950597866927,0.162315793684276
0.428058716336892,0.298793911932912,394,394,0.00609961842042001,0.167969623213774
0.424350297851485,0.2969685204646,395,395,0.00413333057902433,0.163839039032545
0.426860522342941,0.297249242694982,396,396,0.00252587251620847,0.166246957879298
0.424154387391567,0.296430855865333,397,397,0.00282717586612314,0.163441228513526
0.421901805731986,0.295088367288713,398,398,0.00262228902133991,0.16083793559719
0.420504801855075,0.294727313303496,399,399,0.00144290672336908,0.1594143567493
0.417518160967416,0.291775553927722,400,400,0.00419915553466538,0.155494477685126
0.418714663238534,0.290856432814602,401,401,0.00150877476959684,0.156233715043714
0.415948858427704,0.289514161419574,402,402,0.00307430784885376,0.153163698003922
0.419856641907624,0.289400508747961,403,403,0.00390943584877697,0.156729631123326
0.417901896080492,0.289629908557592,404,404,0.00196816044095715,0.155010011785657
0.418478645124624,0.288222497041478,405,405,0.00152100185259556,0.155009355467364
0.419313566538566,0.287736490163252,406,406,0.000966072695577926,0.155602931863117
0.41551011245955,0.286792725790798,407,407,0.00391879498339673,0.151721425512117
0.418037034625742,0.287335068473706,408,408,0.00258446729901876,0.154268552437914
0.415814508343435,0.287714116090508,409,409,0.00225461752218612,0.152349932486701
0.415949825930353,0.289716253287323,410,410,0.00200670481242311,0.153243113807257
0.412843359225193,0.287602112463894,411,411,0.00375762249455083,0.149560649859961
0.423508663500453,0.29005138465749,412,412,0.0109429269193485,0.160358244556022
0.42249435836169,0.290041097836856,413,413,0.00101435730056009,0.159414106857426
0.42306846682441,0.289475005892749,414,414,0.000806263366493502,0.159734879830123
0.42057258202655,0.290240385856836,415,415,0.00261060288316978,0.157710983177756
0.425443111635795,0.29126062750346,416,416,0.00497623870931029,0.162605026213162
0.424350199763599,0.291112165045563,417,417,0.0011029494375503,0.161536784627265
0.427787618603778,0.291314245752862,418,418,0.00344335372784766,0.164799565633593
0.425410728085304,0.290737439547594,419,419,0.00244587692561342,0.162378880462095
0.420309664030085,0.288685523281637,420,420,0.00549829199460596,0.156880588808436
0.422887259774851,0.290631223538092,421,421,0.00322951224047937,0.160000601130133
0.418544397102025,0.291382828617465,422,422,0.00440742173956286,0.156282578863879
0.418945971264915,0.290749198976387,423,423,0.000750165535301811,0.156405211685924
0.421685158437519,0.293157332187411,424,424,0.00364722523688887,0.159868169603418
0.42311756177975,0.291982355312545,425,425,0.00185266024713239,0.160729259067819
0.428144148319623,0.292544252450784,426,426,0.00505789488194367,0.165590632902792
0.433055220976585,0.293897220197541,427,427,0.00509403144530194,0.170650338710283
0.42866364721281,0.293492004824924,428,428,0.00441022897601504,0.166430631008054
0.428834388985158,0.294500561165829,429,429,0.00102290695843,0.166974980014616
0.430655792906592,0.294499516304658,430,430,0.00182140422112933,0.168656463832955
0.42940012201798,0.292605724359063,431,431,0.0022722581969717,0.166777547373666
0.431092797411901,0.29359149125573,432,432,0.00195879717269235,0.168716552297608
0.428912303565656,0.291068596081794,433,433,0.00333459944703686,0.16575374155941
0.42906778513548,0.29226838136045,434,434,0.0012098178513457,0.166343093283747
0.428887823862385,0.29176218875262,435,435,0.000537230877776626,0.16598744363178
0.43460841853903,0.290568028230339,436,436,0.00584390475687577,0.170885380091853
0.431367079208608,0.292557735675449,437,437,0.00380331649643667,0.168584897572653
0.427010417641332,0.29134068883283,438,438,0.00452346139907423,0.164088118241822
0.429553097919685,0.290278575953284,439,439,0.00275559553759658,0.166061774904136
0.428412179153115,0.294122368508225,440,440,0.00400954322053427,0.166439660230713
0.425891738015509,0.292333757542056,441,441,0.00309059099792279,0.163426501896594
0.423257205525037,0.292379536302503,442,442,0.00263493019608846,0.16101138811618
0.421792896312876,0.289207387137955,443,443,0.00349381335949232,0.158451409614205
0.420569005540445,0.289794879212715,444,444,0.00135759182405681,0.157538288351039
0.420972003717565,0.290676974682243,445,445,0.000969793765768796,0.158246931436335
0.420330007610737,0.290264774627515,446,446,0.000762933736506536,0.157496090861423
0.421515186472558,0.289709294432728,447,447,0.00130889540502876,0.158382046503287
0.4215945686105,0.289541826714877,448,448,0.000185329329429028,0.158392654522533
0.417642619600242,0.289279078781392,449,449,0.00396067386390645,0.154636027207374
0.414044649196606,0.290270437903523,450,450,0.00373204822242096,0.151708893819041
0.419546975922286,0.289076913044812,451,451,0.00563028427208557,0.156320639965412
0.409603169860632,0.287842907797313,452,452,0.0100200822323287,0.146669583488084
0.414879965212859,0.28875738618809,453,453,0.00535544955316346,0.1518851774068
0.417777830356638,0.289467798105363,454,454,0.00298367348812413,0.15483322730612
0.419844650232741,0.288121625498834,455,455,0.00246656138922616,0.156238993794129
0.416698318628627,0.289136005708689,456,456,0.00330580849009576,0.153709051165267
0.420053312692723,0.289907434364396,457,457,0.00344254082633224,0.157104014056075
0.422042276956076,0.290757217354548,458,458,0.00216289388811591,0.159266723630191
0.419462700695194,0.291177471268463,459,459,0.00261358509290721,0.157047719244572
0.416384190240827,0.291661679873529,460,460,0.00311635758392206,0.154408773273142
0.416922078805094,0.291925528682372,461,461,0.000599116267094399,0.155007262164961
0.416095246051875,0.290645035748922,462,462,0.00152424228861817,0.153740553766544
0.410273149369971,0.288635045772808,463,463,0.0061592913129284,0.147598091909982
0.408192410454058,0.288200685524517,464,464,0.00212559244952779,0.145516383330348
0.411671088409499,0.290324055584278,465,465,0.00407552459548003,0.149554644673675
0.408613695495946,0.288554892581774,466,466,0.00353236311231927,0.146044155446237
0.405754963104059,0.287493382097211,467,467,0.00304945165517705,0.142999647288861
0.40571093998311,0.288354628626548,468,468,0.00086237092916729,0.143307339776264
0.403673784533493,0.285446240134696,469,469,0.00355087678544877,0.140275567199995
0.399219105178872,0.285594964761531,470,470,0.00445716133510068,0.136254329817826
0.40370973260423,0.285859632676399,471,471,0.00449842014251064,0.140472217614077
0.404114200742361,0.284880879146285,472,472,0.0010590339689897,0.140458828789447
0.404116303532504,0.283212080604787,473,473,0.00166879986632026,0.139818207138592
0.404929362532937,0.285162389760194,474,474,0.00211300041170077,0.141319236401498
0.402901796192792,0.283618608732087,475,475,0.00254838873142064,0.138851773791356
0.403600161408935,0.284364111775939,476,476,0.00102151297765118,0.139784193461353
0.404332782623331,0.284270229221069,477,477,0.000738612061838292,0.140423366323096
0.402384086642816,0.284896632252017,478,478,0.00204689930911534,0.138873649410383
0.402163381157497,0.285213706951998,479,479,0.000386325350731567,0.138796517441374
0.406664108710691,0.28572772434197,480,480,0.00452998481071067,0.143137227977055
0.408565144769886,0.286750248641493,481,481,0.00215858612093135,0.145286377336845
0.407697783079498,0.287166135614145,482,482,0.000961913860995134,0.144651700916254
0.405541988740341,0.285998460595435,483,483,0.00245171657865712,0.142210252410264
0.405983070048289,0.285248113672406,484,484,0.000870386824992187,0.14232342421322
0.408130308298048,0.284260448953651,485,485,0.00236349607528808,0.143930583423076
0.407914845612034,0.286670179811188,486,486,0.00241934432746366,0.144656459507607
0.405312543367721,0.286293769460327,487,487,0.00262938428591027,0.142115848852756
0.405281388977577,0.285501969515618,488,488,0.000792412612510993,0.141775879798801
0.404420503948917,0.284247540548165,489,489,0.00152141876778082,0.140495550472366
0.408551023798437,0.28515086161488,490,490,0.0042281418113459,0.14465703605444
0.403690625098686,0.28438718881139,491,491,0.00492002760879822,0.139876520341179
0.405683409366706,0.285630591825127,492,492,0.00234888062562597,0.142196197943588
0.399148246873849,0.283337258334974,493,493,0.00692587375752026,0.135285136470758
0.401434009069189,0.28367406141261,494,494,0.0023104426257217,0.137520217558763
0.398766791072024,0.283423745866166,495,495,0.00267893816972171,0.134968711958613
0.401225485278676,0.284945031362941,496,496,0.00289127770449672,0.137829116801526
0.402545971519802,0.283984904905284,497,497,0.00163264409094487,0.138665489124785
0.406180739302619,0.285776689279036,498,498,0.00405241015656505,0.142711097559291
0.402701035713397,0.283603845211158,499,499,0.00410238813524065,0.13866085603612
0.40215271256319,0.283469012541825,500,500,0.000564657529633201,0.138103006576605
0.400614388149665,0.281404811138456,501,501,0.00257436777382749,0.135892663583956
0.400665346110829,0.281972620888633,502,502,0.000570091769983228,0.136155215835403
0.400018405291006,0.281990916102606,503,503,0.000647199458597057,0.13556431918638
0.401076666527185,0.282839231959813,504,504,0.00135630256122577,0.136867262946753
0.401162303901893,0.283418054178896,505,505,0.000585122996686589,0.137170292928493
0.400605000106276,0.281805855584373,506,506,0.00170580533144708,0.136035936033326
0.402585773807039,0.281668504508264,507,507,0.00198553009842267,0.137818564525281
0.40306599195184,0.283426304320338,508,508,0.00182221558711495,0.138929345497876
0.402472367965364,0.283189258110381,509,509,0.00063920289656314,0.138290206711199
0.397774414435364,0.283864210219386,510,510,0.00474619086420852,0.134233538218556
0.400425742187876,0.284636781222016,511,511,0.00276159461278192,0.136972765817334
0.399338817979916,0.283191699918646,512,512,0.00180822128269735,0.135403190619472
0.391977733546828,0.280739929825198,513,513,0.00775865585151049,0.127671853360685
0.393031950287614,0.281416668155851,514,514,0.00125273608742166,0.128908201455269
0.395301033303451,0.282578449094904,515,515,0.00254921020771321,0.131452347414815
0.395551958773879,0.281958696298409,516,516,0.00066862330237017,0.13143661844927
0.395400628577525,0.281975467830344,517,517,0.000152256732566415,0.131304212104106
0.39241025785431,0.282701442039472,518,518,0.00307723181034227,0.128857394918256
0.393899967505099,0.280465795772529,519,519,0.00268651243707325,0.129331544222386
0.392914318558039,0.281380994388728,520,520,0.00134502503840412,0.128786093339161
0.397115062276042,0.280680770388237,521,521,0.00425870419672587,0.132380625308713
0.397581165977356,0.281541696333063,522,522,0.000979002626580999,0.133141809840289
0.391897703491855,0.28117821637716,523,523,0.00569507361694656,0.127773016374435
0.399513378667426,0.282762884763246,524,524,0.00777879696827671,0.135396376668262
0.400249767381101,0.281617113974858,525,525,0.001362005520236,0.135635626543214
0.39682228045136,0.283060978989499,526,526,0.00371919518633429,0.133039830676391
0.398473420879871,0.283394366244844,527,527,0.00168446186560901,0.134687640103614
0.396104044619693,0.282343886681335,528,528,0.00259180461756835,0.13209597818439
0.392838781935759,0.280040325805626,529,529,0.00399603967737855,0.128188446254201
0.398355292442584,0.28217330413515,530,530,0.00591451474984367,0.134100183936634
0.395430464245356,0.281026477584603,531,531,0.0031416287368719,0.130959579219987
0.394830120677645,0.280916452499958,532,532,0.000610342460052655,0.130363783274168
0.395847485766616,0.278718689844433,533,533,0.00242181593319547,0.130466163793508
0.39491141111576,0.279334976173241,534,534,0.00112073395194889,0.129830540672179
0.38753619713121,0.278480532557959,535,535,0.00742454410786239,0.122698830786658
0.387293989969767,0.27895034510075,536,536,0.000528571787383938,0.122662690303693
0.387282784632694,0.280098637064543,537,537,0.00114834663481394,0.123114385630177
0.385111841972993,0.2780662946681,538,538,0.00297378675228875,0.120309004173255
0.386130635019556,0.277340167239834,539,539,0.00125107965925633,0.120958446528728
0.388692391202758,0.277533871867674,540,540,0.00256906913589737,0.123395048881332
0.387072672728209,0.278578350376412,541,541,0.00192728391577674,0.122311766577623
0.38967405168428,0.280549011888695,542,542,0.00326353784551114,0.125483665330055
0.388466105286567,0.279431147970724,543,543,0.00164582934681853,0.12392932407677
0.389530998668176,0.280139921899593,544,544,0.00127920225001321,0.125188578678058
0.384653137953253,0.277904505603471,545,545,0.0053656883222153,0.119823838758312
0.385560407268979,0.278920697335021,546,546,0.001362271355688,0.121062602312071
0.383029042142141,0.276594179954596,547,547,0.00343809431615728,0.117813062216988
0.385096004959454,0.278818312212133,548,548,0.00303629701893172,0.120596394987653
0.384899901350557,0.277956734687927,549,549,0.000883613295304782,0.120070955094609
0.382728550054915,0.279683393004609,550,550,0.00277418733896198,0.118793264172255
0.385021117966304,0.278663236604911,551,551,0.00250930004347338,0.120465281951968
0.384520245682938,0.277765948303827,552,552,0.00102761828492253,0.119646716256693
0.387086306683104,0.278413166972446,553,553,0.00264642420287919,0.122258895852197
0.387948179900511,0.277640567012382,554,554,0.00115746971501416,0.122749681225873
0.390726102362352,0.277512425387429,555,555,0.00278087638704908,0.125266726971246
0.391487584172572,0.279831241427121,556,556,0.00244064794127024,0.12686302667125
0.392721181750726,0.279628090119617,557,557,0.00125021335721791,0.127919935103957
0.391024731714155,0.279652568392613,558,558,0.00169662662729044,0.126367181900697
0.394721077043668,0.279474564777271,559,559,0.00370062887656825,0.129707537474484
0.394447325186843,0.279349927722869,560,560,0.000300789751230502,0.129406949917539
0.392406562095875,0.278395790806152,561,561,0.00225279631775661,0.127156664808263
0.393221195705739,0.27886187290389,562,562,0.000938541656055945,0.128087347880501
0.390618976019255,0.277663470378698,563,563,0.00286491115204479,0.125224889930387
0.392544262719065,0.278712491631897,564,564,0.00219252695904239,0.12740458789549
0.39462923586682,0.280514481522086,565,565,0.00275577223137175,0.130022394249807
0.396342753721544,0.282451210570808,566,566,0.00258593558439184,0.132357671482386
0.396255004915671,0.280458717216503,567,567,0.00199442463379292,0.131501051108383
0.394766381659041,0.280060457780301,568,568,0.00154097689103537,0.129973573547987
0.399136694171842,0.281782662057081,569,569,0.00469740556376697,0.13467013716139
0.397820379517482,0.281330291047513,570,570,0.00139187779620925,0.133281046222761
0.399085181286601,0.279962053864468,571,571,0.00186327574562509,0.133933998668551
0.394543366650927,0.279447505608813,572,572,0.00457086863650881,0.129532917374488
0.397977355464119,0.281303113733375,573,573,0.00390327563477995,0.133415534502778
0.397005205724827,0.279555741790492,574,574,0.00199959591477437,0.13185291350807
0.398664878598903,0.280610128568178,575,575,0.00196627707251679,0.133787406416621
0.398407039261486,0.281724057408783,576,576,0.0011433803329822,0.13397407715728
0.396587837493077,0.280809121245675,577,577,0.00203632101023964,0.131942866469831
0.393280428340049,0.280094198439658,578,578,0.0033837951953537,0.128616231045801
0.399050438710735,0.283196028147599,579,579,0.00655090583163039,0.135139664277449
0.395563634038109,0.28089293982028,580,580,0.00417875850803517,0.131030436003833
0.395032271287316,0.281876123412821,581,581,0.00111758505250011,0.13092658998067
0.391341755939094,0.281200251180909,582,582,0.00375189376306592,0.127272489988472
0.39549232115265,0.280224120639279,583,583,0.00426380375091149,0.130706698845809
0.392253180465239,0.281588067978099,584,584,0.00351459595628237,0.128262934018795
0.395496257556687,0.280595336293047,585,585,0.00339161690342248,0.130853172375523
0.396545183860316,0.281790800495632,586,586,0.00159040279492539,0.1322840910519
0.396638354612859,0.281570447329794,587,587,0.00023924110605052,0.13228394041261
0.393142768600712,0.280794748755617,588,588,0.00358061864016534,0.128763680989894
0.39332846312972,0.281026801095294,589,589,0.000297204889685469,0.129025829922029
0.385503491462264,0.27744326115505,590,590,0.00860650568464422,0.120421892280927
0.386651945955243,0.278287128101524,591,591,0.00142515232371726,0.121810101260108
0.384063664145973,0.277813025640704,592,592,0.00263134487811019,0.119246926679636
0.382715503815956,0.27794351542801,593,593,0.00135446072664464,0.118065518443584
0.380137134885923,0.277393220746478,594,594,0.00263643899528892,0.115486676750795
0.381881863123516,0.275970965051131,595,595,0.00225097487458228,0.116513094025529
0.379114992755753,0.278276254746276,596,596,0.00360137920949016,0.114922458777728
0.378932140020056,0.276390801257163,597,597,0.00189429933816195,0.113977575806607
0.378907729997184,0.276344265565136,598,598,5.25492135908838e-05,0.113936370225918
0.375756099668942,0.274578506393337,599,599,0.00361257237694831,0.110339790307374
0.377227385719669,0.275289485317139,600,600,0.00163406660609502,0.111972864549526
0.383713127692228,0.275035399781327,601,601,0.00649071709398258,0.117838549577124
0.377052626610784,0.274860809812154,602,602,0.00666278892906307,0.111640388572807
0.377663040748703,0.273231072312754,603,603,0.00174030162234056,0.11155948135637
0.375981221621234,0.273300028695951,604,604,0.00168323217658907,0.110037509234668
0.381277791130258,0.27485474100933,605,605,0.00552003432428577,0.115520943728004
0.380525449221701,0.274048912081721,606,606,0.00110244211092616,0.114515998223036
0.378155655492812,0.273645126265517,607,607,0.00240394785776367,0.112174058968455
0.376922517722058,0.272502113776584,608,608,0.00168140010453095,0.110595336136598
0.379512038860434,0.273793889343159,609,609,0.00289383894515538,0.113482440489824
0.375561567924942,0.272945325938953,610,610,0.00404057922371624,0.109512392616279
0.379238369124401,0.273522667459003,611,611,0.00372185307221004,0.113125515991956
0.375132762039634,0.273108206444772,612,612,0.00412647397505499,0.109181995470911
0.37763600805384,0.274068035860314,613,613,0.00268095376957088,0.111860972552822
0.374083045049901,0.273371516008697,614,614,0.00362059194207986,0.108322941476155
0.375254193241614,0.27343499439092,615,615,0.00117286725248976,0.109422659086493
0.369085142291939,0.272452743346884,616,616,0.00624675969869166,0.10338071125175
0.367988296981015,0.271259249714222,617,617,0.00162095548590956,0.101893103947907
0.368061548396053,0.273180899446801,618,618,0.00192304536205637,0.102751132492916
0.371925598094941,0.271240667171199,619,619,0.00432381560184561,0.105499402093322
0.366391504817018,0.27223194973673,620,620,0.00562217302592912,0.100837203076584
0.371472793335771,0.271699534918635,621,621,0.00510910545490505,0.105263172048146
0.371909234244249,0.273305464516198,622,622,0.00166417863792445,0.106306899100572
0.373614216250686,0.27210371249688,623,623,0.00208594620213674,0.107390993183275
0.36974912238862,0.27212645178879,624,624,0.00386516075189354,0.103854223267576
0.3709746036502,0.271582707751651,625,625,0.00134069455895331,0.104759417427864
0.370017999704838,0.272445560607412,626,626,0.00128825702364738,0.104229420756435
0.369639731732859,0.270296905002389,627,627,0.00218169832186375,0.103026479738583
0.37094245631609,0.273527350515502,628,628,0.00348322688795131,0.105515509967586
0.368931870974376,0.272517374608453,629,629,0.00225000105536298,0.103267459203318
0.371227241364296,0.275084335780002,630,630,0.00344354684637257,0.106424008169777
0.37448429316002,0.274134360394412,631,631,0.00339276283186026,0.108996920085321
0.375100425483196,0.274583915385198,632,632,0.0007627048770027,0.109742293511475
0.378229727821081,0.274494803842589,633,633,0.00313057087268711,0.11257478339166
0.375357343798137,0.272466990428155,634,634,0.00351605136751751,0.109137852204641
0.373441425923454,0.270829782304278,635,635,0.0025201570870523,0.106739267865523
0.370904789972468,0.270179060089668,636,636,0.00261877096142871,0.104146957320571
0.371647609008929,0.270458821713649,637,637,0.00079375480293459,0.104940230481423
0.36626614295872,0.269171947699036,638,638,0.00553319271117801,0.0994817802172843
0.367209327824062,0.270119472506349,639,639,0.00133693715285444,0.100722635466291
0.368444772126939,0.271522004771387,640,640,0.0018690691212432,0.102416841528503
0.372737188276803,0.273493654182165,641,641,0.00472358315292933,0.107139977375215
0.369826423361902,0.27200658009335,642,642,0.00326862994776827,0.103876480079912
0.368413922066595,0.271193542913248,643,643,0.00162978199937008,0.102256147305239
0.364520404051786,0.270393730899951,644,644,0.00397481845978627,0.098373086272774
0.370429613971905,0.270938586024191,645,645,0.00593427577606923,0.104004542863975
0.369732022479523,0.269713626315859,646,646,0.00140966669013654,0.102885400093388
0.368670705838079,0.267606029296928,647,647,0.00235973689372685,0.101105883166883
0.36601058979971,0.26735697606135,648,648,0.00267174939912808,0.098546183576973
0.36566293064787,0.266483774030639,649,649,0.000939866305543178,0.0978964425424789
0.364203240829652,0.268038196288048,650,650,0.00213235150004343,0.097139603861211
0.360741203654558,0.266312490533392,651,651,0.003868302179689,0.0932788042731774
0.361473260873452,0.267365853207966,652,652,0.00128276291493081,0.0943649798388007
0.36232963571417,0.265405156153657,653,653,0.002139558554139,0.0944013692654535
0.359964026570549,0.264215362477648,654,654,0.00264796442798098,0.0917626819804455
0.364020653097545,0.266190680399453,655,655,0.0045119950877335,0.0962635144268821
0.361731629379203,0.268144217213867,656,656,0.00300930817105905,0.0949118054511523
0.365860027813435,0.269431054215586,657,657,0.00432430608314953,0.0992109192521338
0.362108264802103,0.269855418097706,658,658,0.00377568674516882,0.0959534446041881
0.364736269121155,0.271323813708247,659,659,0.00301041398648266,0.0989540050007356
0.362598294409502,0.271172079726785,660,660,0.00214335229694015,0.0969502122440747
0.365788353570531,0.272177473001564,661,661,0.0033447411092399,0.100266694763575
0.365064099565998,0.271029937222889,662,662,0.00135697539639538,0.0991303686196172
0.364843848832116,0.271161656793569,663,663,0.000256632872164857,0.0989844095700104
0.362120580490471,0.269712843077566,664,664,0.00308468015267111,0.0959056563665914
0.366319197692439,0.270477686977955,665,665,0.00426771280671716,0.100050533925877
0.357549651434251,0.269732078014607,666,666,0.00880118595989871,0.0917708806778376
0.358934098274338,0.268971325920655,667,667,0.00157969516093463,0.0926997243102995
0.355099383430521,0.269321377223501,668,668,0.00385065888492025,0.0893862762071691
0.358286200198815,0.268224372449445,669,669,0.00337034428344968,0.0917991583348278
0.358697493976068,0.267159713059716,670,670,0.00114134227440567,0.0917380460225409
0.363442502541692,0.2676644790073,671,671,0.00477178110873598,0.0962933311388728
0.358142935128381,0.267107703401318,672,672,0.00532873473196503,0.0912099397237509
0.360090817195911,0.266501054382847,673,673,0.00204016361613943,0.0927536779871785
0.362917745578341,0.26944346498776,674,674,0.00408035589713575,0.0965220055340209
0.362949344514216,0.271326467793828,675,675,0.00188326792050666,0.0973336082154535
0.361292993680264,0.269739745964321,676,676,0.00229372715233713,0.0951638348464287
0.36347243668633,0.269260152740009,677,677,0.00223158721037119,0.0969545447384255
0.360981983064762,0.268485897016929,678,678,0.00260803204848046,0.0943640633814442
0.36480247234008,0.268447782316535,679,679,0.00382067939419204,0.0978513351490896
0.362126046562706,0.268980026452025,680,680,0.00272883468930499,0.0956101961057504
0.363790024649675,0.270991815083163,681,681,0.00261076934452046,0.0979555298504607
0.363402402117213,0.270414084919557,682,682,0.000695717880761661,0.0973627461129688
0.365482660201722,0.271069729639483,683,683,0.00218113358071661,0.0995280894594191
0.362411506980343,0.269539577860252,684,684,0.00343123105847867,0.0960994017663686
0.361797490813177,0.268391710440877,685,685,0.00130177396886117,0.0950715902256983
0.358610802733627,0.267459652853821,686,686,0.00332019762392761,0.0917804809473906
0.359157873538922,0.267553021587462,687,687,0.000554981248717382,0.092318264556068
0.361648915323642,0.267215611893082,688,688,0.00251378886843824,0.0944672211127968
0.360530741798667,0.267828804432501,689,689,0.00127527139164744,0.0936854110486487
0.358436444941928,0.267481384308362,690,690,0.00212291781913525,0.0916301270125138
0.361019898103308,0.267068536086794,691,691,0.00261623276699434,0.0938310856455221
0.356210456897507,0.267535676975226,692,692,0.00483207463949974,0.0896252196377543
0.360417724041309,0.267366676511254,693,693,0.00421066004043685,0.0933965607733182
0.355263664337953,0.26726157414792,694,694,0.0051551312235994,0.0886506287746281
0.35872171539119,0.265370313577586,695,695,0.0039414443585686,0.0910519651888588
0.354021962736273,0.263646695412142,696,696,0.00500585003747156,0.0860518192279346
0.358173588196966,0.264948535579061,697,697,0.00435095182529997,0.0903833948306255
0.353051945544169,0.265071262217532,698,698,0.00512311285165032,0.085730846248671
0.354032363180266,0.265509319254384,699,699,0.00107383085665603,0.0868046770939266
0.350038995162477,0.262986926637082,700,700,0.00472328832925981,0.0821323751998855
0.355489250579802,0.263591955903598,701,701,0.00548373454202713,0.0873837925479007
0.351967051643811,0.262319284380976,702,702,0.00374507385096617,0.0836429972734447
0.354433570429918,0.262354811423468,703,703,0.00246677463359844,0.0859376114865215
0.353290112557412,0.261954408249216,704,704,0.00121153564047664,0.0847274965586814
0.356269608274273,0.264157863593361,705,705,0.00370575365889801,0.0883217747760909
0.352559574859152,0.261141314457418,706,706,0.00478162280307376,0.0837461494080874
0.356551334241249,0.263254166188469,707,707,0.0045164461030724,0.0882381176847757
0.353346310358368,0.262307810377641,708,708,0.00334182097224312,0.0849130412824324
0.357104010196832,0.264164777020455,709,709,0.00419149534039056,0.089094818880397
0.354638140151241,0.264662447171351,710,710,0.00251558952550528,0.0870181199891837
0.3571452913694,0.2653614624948,711,711,0.00260277345405416,0.0895973109339728
0.351797413258898,0.26401951418303,712,712,0.0055136762288196,0.0841575259555935
0.357369451643201,0.265569313932748,713,713,0.00578355349420878,0.0898852578762054
0.356329768177302,0.265635033182493,714,714,0.00104175847923175,0.0889571984939135
0.357071619220287,0.26517984520157,715,715,0.000870367202940726,0.0894581920230713
0.355122185178209,0.264962072887677,716,716,0.0019615600590114,0.0875814063549895
0.36090356891466,0.26619550862971,717,717,0.0059114940275558,0.0933831505871486
0.360612540932843,0.266223774101113,718,718,0.000292397371866234,0.0931257921391907
0.363258302116777,0.267583906781083,719,719,0.00297489716621158,0.0960922929009433
0.36113931153969,0.267175124007696,720,720,0.00215806033780365,0.0939828564183425
0.36511590166902,0.267954572507867,721,721,0.00405225974255085,0.0979480177306366
0.360255151220654,0.267446813204685,722,722,0.00488719903740974,0.0932795902015668
0.364101783084625,0.268125632284529,723,723,0.00390606861691865,0.0970804442430612
0.359943369757182,0.267847274745361,724,724,0.00416771931893932,0.0931555974344699
0.366354722800277,0.268529150582408,725,725,0.00644751134162249,0.0993126629382278
0.364293126607996,0.269307580887438,726,726,0.0022036634497623,0.0977248523071005
0.365788375767071,0.269621456844422,727,727,0.00152783774141355,0.0992208586612034
0.359259698735661,0.268187242764804,728,728,0.00668435440462544,0.0926702811325836
0.364516100889983,0.268478705913904,729,729,0.00526447664780086,0.097600111855521
0.362108935170143,0.26905692588649,730,730,0.00247563832969729,0.0956258774705012
0.361585932051076,0.26771804668311,731,731,0.00143740383462534,0.0946080321515822
0.36004693133587,0.267548340551051,732,732,0.00154832921972828,0.0931296308434678
0.360175362733467,0.266227493885261,733,733,0.00132707593543811,0.0927244758217181
0.36138351744531,0.265774805592256,734,734,0.00129018002556663,0.0936648495276245
0.364033352904594,0.26695598399735,735,735,0.00290117396685163,0.0965648869692788
0.359091062875731,0.264775669193504,736,736,0.00540185184665975,0.0911646452203785
0.361673508895477,0.266466254197389,737,737,0.00308660089746983,0.0941979045418494
0.357821045659693,0.264850545140173,738,738,0.00417755774833099,0.0900203475923286
0.358592585372797,0.264898700556549,739,739,0.000773041055199149,0.0907509858682917
0.357236610310953,0.264813066771125,740,740,0.00135867638293661,0.0894669806023708
0.35929397273577,0.265491876036919,741,741,0.00216645382281225,0.0916266819480882
0.354310456236108,0.263835147461091,742,742,0.00525168413714767,0.0863909858840685
0.357056901706556,0.265177038419041,743,743,0.00305673585139029,0.0894435532037303
0.35405332106453,0.264318839843042,744,744,0.00312377999689501,0.0863449593119461
0.357100051386001,0.264244700482338,745,745,0.00304763224431237,0.0891217629168178
0.35463600905857,0.263186817195818,746,746,0.00268153344921621,0.0864404350594026
0.359665057331767,0.266321906250841,747,747,0.00592622222980778,0.0922917691193295
0.354968546282004,0.264744857234656,748,748,0.00495422038670015,0.0873540869523025
0.359541567590925,0.26379303487385,749,749,0.00467102662145817,0.0912137582647459
0.35575027201156,0.263240632345977,750,750,0.00383132754054116,0.0874911887073164
0.361655278278183,0.264708862044962,751,751,0.00608480052736557,0.0935163096895172
0.35652683284626,0.264578213184639,752,752,0.00513010932368002,0.0887217133231416
0.358137838627943,0.264588944375845,753,753,0.00161104152245733,0.0902122744550584
0.3563312028255,0.263288263224192,754,754,0.00222614114128833,0.0880470200051227
0.360956506085736,0.264833843000834,755,755,0.00487670453227538,0.0929142174560851
0.362613512458343,0.265397251257004,756,756,0.00175017112934158,0.0946617405724255
0.36570135625203,0.26684409126418,757,757,0.00341000370976022,0.0980665987430933
0.357497294498556,0.265261604757343,758,758,0.00835529130546234,0.0898818668047672
0.363662531234313,0.268405788656482,759,759,0.00692069623661731,0.096787043007215
0.358482940161666,0.266219561643115,760,760,0.00562207721699146,0.0911651408682218
0.357944509170591,0.266797957531898,761,761,0.000790221321093612,0.090903097675108
0.355663664438759,0.265286747632402,762,762,0.00273605702628101,0.0882074286200623
0.357140650265666,0.266176723038773,763,763,0.00172439651960561,0.089917152296322
0.35249799619512,0.265190958762963,764,764,0.00474615297121991,0.0852746226177531
0.358378312321548,0.265083880756936,765,765,0.00588129096764503,0.0906244929733944
0.354519146577251,0.263311945308163,766,766,0.00424651804147453,0.0863805428907357
0.357944698102247,0.26431910317091,767,767,0.00357054200519959,0.0899307867738807
0.351869955580464,0.263799252684835,768,768,0.00609694523789063,0.084135416460279
0.35363665846823,0.264017065717779,769,769,0.0017800791024447,0.0858428733823204
0.352909851450782,0.265335629593315,770,770,0.00150560922369622,0.0857095252716668
0.354800416457978,0.265391266554528,771,771,0.0018913834930769,0.0874587119311741
0.351519171261025,0.264834794835149,772,772,0.00332809717661512,0.0842360006891192
0.354210843234396,0.266114219984312,773,773,0.00298027292786097,0.0872157804677872
0.350174476599119,0.264606257166962,774,774,0.00430885222221534,0.0829174957158602
0.353466535798041,0.265402540310609,775,775,0.00338699285710236,0.086244634644661
0.351454509462627,0.264400367836245,776,776,0.00224779884392953,0.0839987034171569
0.352271094264682,0.263751419372199,777,777,0.00104304594718345,0.0844840260872283
0.350477829326177,0.263558232717305,778,778,0.00180364082436119,0.0827640438238151
0.355590839299278,0.26488596013752,779,779,0.00528258753712859,0.0879813668256591
0.351528957970597,0.262970571229542,780,780,0.00449083451009927,0.0834932655254554
0.356811961700558,0.264354117113376,781,781,0.0054611654089091,0.0888978608150708
0.349238966749999,0.262551694463013,782,782,0.00778453466378983,0.0812250327367231
0.348803457638449,0.261671143115437,783,783,0.000982363915237393,0.0804763658418516
0.344517304760779,0.261287150011956,784,784,0.00430331932283446,0.0763949630208943
0.350031661006452,0.260596042165283,785,785,0.0055574953765102,0.0811974081221795
0.345530045010288,0.261634692737872,786,786,0.00461988545191999,0.077461391025236
0.348308142723444,0.262485975881523,787,787,0.00290559974781611,0.0803461304722698
0.348496618033665,0.262314833205587,788,788,0.000254583499247463,0.0804499267989441
0.351899444602793,0.261742695308495,789,789,0.00345058986737781,0.0833599547959376
0.351319920513814,0.262524290594978,790,790,0.000973005324527172,0.0831260030985122
0.347469040011713,0.260922663175491,791,791,0.00417067033368929,0.0789554319844031
0.348837345491143,0.261977297420523,792,792,0.00172757439082419,0.0806281364243863
0.352312876325537,0.262068300582718,793,793,0.00347672204186046,0.0838661883814773
0.349196729291646,0.261699972534707,794,794,0.00313783968484393,0.0808494994916294
0.350049300318266,0.261886527357683,795,795,0.000872742835780993,0.0817072987137678
0.344329655456041,0.260281136102108,796,796,0.00594067491396773,0.0758174848057646
0.346709458847554,0.260784851234865,797,797,0.0024325281328738,0.0782025367317821
0.342086030860996,0.258619478141275,798,798,0.00510538215820613,0.0731004255293289
0.346032549205337,0.260385797805819,799,799,0.00432375903578996,0.077423380621446
0.344178406743058,0.261323112881156,800,800,0.00207759568272562,0.0761004971844357
0.346432556140605,0.260737394476627,801,801,0.00232900312491571,0.0779292584390237
0.344636919910703,0.261704079072718,802,802,0.0020393108096749,0.0766751422585555
0.344984835093409,0.26112645628797,803,803,0.000674309317611957,0.076756838555112
0.348600935933267,0.26156340387658,804,804,0.00364240421688943,0.0802478115570449
0.345181897793989,0.260734606834163,805,805,0.00351805718193387,0.0767798598631151
0.345847285305218,0.261468760035106,806,806,0.00099081858205902,0.0776840564685135
0.347457061602877,0.262922525938483,807,807,0.0021690585585292,0.0797468071964905
0.34753482813544,0.262912725253982,808,808,7.83816751770375e-05,0.0798136507157273
0.353089988631838,0.263752354709567,809,809,0.00561825469015261,0.0852360939082395
0.350376727577393,0.262901412924095,810,810,0.00284356949481256,0.0824078498443852
0.349786085278339,0.262001850468857,811,811,0.00107613704345939,0.0815099859082387
0.343769898995863,0.260439673141419,812,812,0.0062156974980937,0.0753680703837744
0.344730208799766,0.259874997441004,813,813,0.00111402583727246,0.0760250205915135
0.343929922735302,0.259349977458048,814,814,0.000957133098099445,0.0750832017956824
0.349148925196561,0.260719180502283,815,815,0.00539561893270533,0.080426858538579
0.344368039129848,0.259883607741477,816,816,0.00485335486251428,0.0756953313074223
0.34595595773055,0.25940857995057,817,817,0.00165744890859009,0.0769753812044833
0.339655333190123,0.256879178968528,818,818,0.00678938428190554,0.070186300960839
0.346517974222781,0.25907760264251,819,819,0.00720617156286496,0.0773706966162123
0.341663965328556,0.257480359203825,820,820,0.00511004784201045,0.0722726237092377
0.347774063797906,0.259813207111752,821,821,0.00654029683322388,0.0788111893999554
0.345103502270749,0.258115102076954,822,822,0.003164721090324,0.0756994931702218
0.34974428268704,0.259596061302318,823,823,0.00487135331293295,0.0805595144031832
0.35053734900466,0.260477932604066,824,824,0.00118602326157242,0.0816222125092988
0.357110261117713,0.261834140486759,825,825,0.00671136897115566,0.0882354880937769
0.358098461820399,0.262016915547319,826,826,0.00100496136818916,0.0892234624326208
0.361048672687212,0.264080915184703,827,827,0.00360053310799682,0.0927210209269552
0.358563633970515,0.2640710737155,828,828,0.00248505820414709,0.0904099113548511
0.360423450114804,0.262834855284014,829,829,0.00223319325202799,0.0916872118453404
0.360315576222596,0.263278833115301,830,830,0.000456895055011909,0.0917461487577574
0.364310717893255,0.265015469056217,831,831,0.00435626690641344,0.0960991106234914
0.360697824857707,0.265028378266001,832,832,0.00361291609839047,0.092747469912258
0.368181068113942,0.26438489678128,833,833,0.00751085867615453,0.0994955562734694
0.366399638110915,0.26468484151775,834,834,0.00180650482994646,0.097930810046063
0.366737092644603,0.264661534870074,835,835,0.000338258425072623,0.0982383706536887
0.364455472737048,0.263910009097932,836,836,0.00240220323635315,0.0958382833921643
0.366233822630082,0.265945158483737,837,837,0.00270265820343517,0.0982287417303356
0.364956153319115,0.265267067762719,838,838,0.00144645977964108,0.0967918506597241
0.368638533691511,0.267264137269853,839,839,0.00418905858437629,0.100949598598889
0.368382739088506,0.266688501126684,840,840,0.000629910984385179,0.100500756816553
0.3674635582838,0.266931304597266,841,841,0.000950708618382599,0.0997347064078232
0.367234297689384,0.264964133727702,842,842,0.00198048520575474,0.0988103225033136
0.368375700823946,0.26404284156371,843,843,0.00146682663154915,0.0995611028800958
0.367245825709223,0.265811605016663,844,844,0.00209884299731389,0.099123381084206
0.365531909299689,0.266293654026409,845,845,0.0017804158802555,0.0977042120695814
0.361388818664754,0.265196627501679,846,846,0.00428586831403466,0.0934509954539078
0.361775300477546,0.267213955259034,847,847,0.00205401545082117,0.0945827980794381
0.359186101681937,0.265988645641156,848,848,0.00286449542901446,0.0917205057168936
0.363459857312893,0.269365616033024,849,849,0.00544691804791234,0.0969857021634031
0.360218229811721,0.266519800988525,850,850,0.00431356141996859,0.0928782266076175
0.359231745140585,0.265677450150655,851,851,0.00129719194433573,0.091641202294046
0.357742802168307,0.264921263862743,852,852,0.00166996074107135,0.0899755343099724
0.358324189786725,0.26493989380773,853,853,0.000581686030173798,0.0905190338552717
0.35649440775492,0.263583672027313,854,854,0.0022775951794804,0.0883098262504624
0.357390333436478,0.264297155402033,855,855,0.00114531277513013,0.0894100043234243
0.35495927121157,0.265458861731172,856,856,0.00269436915372268,0.0876313350612958
0.356378414132686,0.264575677873864,857,857,0.0016715203727032,0.0885840009664529
0.356144835576088,0.264342024859135,858,858,0.000330382616665658,0.0882779708816483
0.355891651115633,0.264556823549542,859,859,0.000332025373151615,0.0881284727887694
0.348684291790293,0.263791942983596,860,860,0.00724783213966261,0.0812236673198978
0.349771245851487,0.261459799092321,861,861,0.00257300685206152,0.0812855875558484
0.344219034211629,0.260945887829522,862,862,0.00557594466254834,0.0759835644645349
0.342559862820455,0.261049179081378,863,863,0.00166238346599094,0.074513296157726
0.346485138573132,0.262312539483798,864,864,0.00412357481330856,0.078610089248839
0.344297177080747,0.261070028256666,865,865,0.00251614976535721,0.0761054334099927
0.343682264175322,0.260931460145153,866,866,0.000630332454174699,0.0754874735813152
0.346727281942533,0.261825336378329,867,867,0.00317350719596865,0.0786331046189771
0.345560217765084,0.260728933216664,868,868,0.00160129281744249,0.0771246272389668
0.348324412392009,0.262201327665864,869,869,0.00313188718659427,0.0802466803055047
0.345785790976441,0.26093492197569,870,870,0.0028369670536834,0.0774135370461358
0.348927965754005,0.261241072048035,871,871,0.00315705403811164,0.0804233237260559
0.35078052341969,0.262185322894198,872,872,0.00207932190032435,0.0824971591240628
0.352418829068831,0.263045361286965,873,873,0.00185032738644827,0.0843411395823453
0.349178242000151,0.262504502367931,874,874,0.00328541213852913,0.0811505093862803
0.349864006665824,0.263301113410702,875,875,0.00105112431717209,0.0820986748012914
0.347698358312254,0.26237036767763,876,876,0.00235718484870282,0.0797416261196854
0.351719243804394,0.264881437988048,877,877,0.00474056897901104,0.0844375077859
0.349205838251448,0.264541868715745,878,878,0.00253624028125654,0.082010706643886
0.347275774206192,0.263136441955177,879,879,0.00238754509865441,0.0796701362690982
0.347831579159432,0.262113977443271,880,880,0.00116376665365271,0.079760162322629
0.351038553921238,0.263201606624656,881,881,0.00338638809929669,0.083134480169753
0.351054471491964,0.263687218508388,882,882,0.000485872689786372,0.0833436696031015
0.346265234092733,0.263197254811616,883,883,0.00481423506804065,0.0787773032422218
0.348410291280259,0.261625851783744,884,884,0.00265905581245749,0.0800970485569774
0.34899609372897,0.264372814955088,885,885,0.00280873123912535,0.0817493727080395
0.350066180722239,0.264534677716603,886,886,0.00108225954684036,0.082789233814137
0.347788127114842,0.26335488403208,887,887,0.00256543200576662,0.0802269431423088
0.347899169498385,0.264208384631906,888,888,0.000860693723020453,0.0806852207615032
0.352947928157429,0.26612651111759,889,889,0.0054008493047253,0.0860723788874448
0.353186484101311,0.265233748611259,890,890,0.000924085402477493,0.0859200301936655
0.352220410994134,0.264328635289654,891,891,0.0013238305682216,0.0846693288347401
0.351852666911065,0.263382695923628,892,892,0.00101490738239026,0.0839535017084611
0.35400054063139,0.263731401859334,893,893,0.00217599571416433,0.0860651718574019
0.354315407317441,0.263828439053537,894,894,0.000329480268062892,0.0863929233265479
0.359355598870972,0.265485806342846,895,895,0.00530569479219842,0.0916811808893846
0.358140456133322,0.265168347900969,896,896,0.00125592664402898,0.09043786700104
0.359841603699939,0.267017682058393,897,897,0.00251275543362708,0.092729066266484
0.357284573126835,0.265656862155319,898,898,0.00289659043711586,0.0898419047173005
0.360193516664157,0.266837420196353,899,899,0.00313937410825422,0.09298057524787
0.359437251380565,0.266220642497424,900,900,0.000975885192562749,0.0920424977302829
0.358141783358372,0.265667647817613,901,901,0.00140855972980326,0.0906339380007764
0.357293886988231,0.264349796732515,902,902,0.00156705447799082,0.0893410797065031
0.359515775325743,0.267029695097078,903,903,0.00348118414174824,0.092435085252646
0.357487914229594,0.265280674892007,904,904,0.00267792686663065,0.089880700154379
0.358742229913266,0.266604344213766,905,905,0.00182357020914267,0.091556044104159
0.358179333181162,0.265437364857866,906,906,0.00129564406690667,0.0905783528309159
0.360971521453066,0.264996365356172,907,907,0.00282679958721013,0.0929890347783414
0.357122144960098,0.263843453848875,908,908,0.00401832108327245,0.0889891903057751
0.355492004376151,0.26412673662542,909,909,0.0016545716832214,0.0875927704902217
0.355144337684543,0.263404692287256,910,910,0.000801386395397025,0.0869934486405123
0.353146321558353,0.263308610104339,911,911,0.00200032503018656,0.0851136677587946
0.348152841950741,0.263308047827804,912,912,0.00499347963926881,0.0805396342900604
0.349599335249469,0.263078333824082,913,913,0.00146461987791028,0.0817665586539052
0.349760473479459,0.262078473823106,914,914,0.0010127613493399,0.0815164604235491
0.348558186319183,0.261304148665253,915,915,0.00143006079096244,0.0801071039116284
0.34971780893329,0.26280211123239,916,916,0.00189436439464255,0.0817640615811889
0.347286531972926,0.263298246344441,917,917,0.00248138221711332,0.0797471738778159
0.347441961837319,0.26175902687491,918,918,0.00154704719324544,0.0792609866481249
0.350968430915951,0.264324612835497,919,919,0.00436098790226533,0.083524185578728
0.350918460589481,0.263633165129439,920,920,0.000693251010630767,0.0831974099919926
0.351598772472105,0.264153235986991,921,921,0.00085632818154826,0.0840299088290341
0.352070747581696,0.26282631101496,922,922,0.00140836443631387,0.0839351615667603
0.353053688830221,0.262186823320645,923,923,0.00117265425818136,0.0845963957196498
0.354237199430228,0.264354117832204,924,924,0.0024693851137814,0.0865277651864961
0.35516094246244,0.264689858670543,925,925,0.000982864741502146,0.0875089633499145
0.349249669365058,0.263381713468847,926,926,0.00605428720003943,0.0815701021468262
0.350774746734731,0.262665225701252,927,927,0.00168499724172019,0.0826797548801492
0.34784065159892,0.26299916103614,928,928,0.00295303692389411,0.0801279745955986
0.347271762136008,0.264536796773232,929,929,0.00163949958249263,0.0802575367490247
0.344736134435987,0.262819033284032,930,930,0.00306269803244486,0.077231436240688
0.348526141046914,0.261893644522092,931,931,0.00390134521307655,0.0803092355828035
0.349763261388102,0.2624785267866,932,932,0.00136841295006981,0.0816768516800011
0.34971907450233,0.263098281409502,933,933,0.000621327830925969,0.0818841725394157
0.347597337725014,0.262140774471862,934,934,0.00232778574783984,0.079556483130724
0.351017430985984,0.263233922181822,935,935,0.00359054450320861,0.0831279861809705
0.347552167535741,0.262063890552188,936,936,0.00365746152323295,0.0794841815431972
0.349158294110004,0.262296144290882,937,937,0.00162283220688099,0.0810491950351029
0.346917854492157,0.262139752115764,938,938,0.00224589140290745,0.0789346520395193
0.349111927452718,0.263878988087735,939,939,0.00279980319352233,0.081648925891996
0.345239179827785,0.26218954203386,940,940,0.00422521030664476,0.077424240526796
0.349826766531158,0.264332336380661,941,941,0.00506335060741946,0.0824873797820128
0.347655521284758,0.263034114800547,942,942,0.00252975990779559,0.0799736120626339
0.351400620013844,0.264304754406564,943,943,0.00395478058797011,0.083910482637439
0.347430081137358,0.262968690486152,944,944,0.00418930134618159,0.0797412459039592
0.34986027231561,0.26579733243718,945,945,0.0037292149911165,0.0831365313861793
0.350506562613498,0.263573075060521,946,946,0.0023162495605544,0.0827963250852142
0.348970174920497,0.262702003132486,947,947,0.00176614083442238,0.0810390924566009
0.344482433960383,0.262690127174403,948,948,0.00448775667382573,0.0769470155133998
0.344135314755401,0.262169137111719,949,949,0.000626037049928403,0.0764125372189388
0.34515146881211,0.263172134639984,950,950,0.00142778608645429,0.077757408121683
0.348492785731089,0.263090354015253,951,951,0.00334231758270171,0.0807602260385638
0.346768517458685,0.264268370678156,952,952,0.00208825868447738,0.0796877960499146
0.351920943772296,0.265493989994296,953,953,0.0052961910487896,0.0848750332133118
0.349961198878904,0.264174294800016,954,954,0.0023626670211822,0.0825443081276257
0.35399002589845,0.264368678371577,955,955,0.00403351362044516,0.0863066388090989
0.355923865403928,0.263392178947809,956,956,0.00216639939936433,0.08770929426548
0.359428496389637,0.264083631941262,957,957,0.00357219058676193,0.091216607469094
0.357548859252463,0.264931548563485,958,958,0.00206203743071894,0.0898007376135415
0.359677624758599,0.266491507547152,959,959,0.0026391503577551,0.0923700387685973
0.354956367122409,0.263555066409566,960,960,0.00555994246569126,0.0868776586752818
0.355456331844615,0.265193113623291,961,961,0.00171264806596174,0.0879799546938254
0.359378991065907,0.265944277777256,962,962,0.00399393326842004,0.091880711299177
0.361982979241441,0.267235416321418,963,963,0.00290650875769267,0.0947822522692252
0.363360258950893,0.266864494777661,964,964,0.00142635275780179,0.0959080089404041
0.366882908720297,0.268421706835223,965,965,0.00385148942489757,0.0997585460118111
0.365932173101907,0.267573764393431,966,966,0.00127393273003976,0.0985558497474966
0.369940508887815,0.269481728731535,967,967,0.00443926612043756,0.102988906374998
0.364760224438815,0.266179879506576,968,968,0.00614309004304192,0.0969454749620823
0.369302426329293,0.267318671218916,969,969,0.00468278171367833,0.101587099025654
0.3655234034259,0.265950172099918,970,970,0.00401917951117725,0.0975695371169877
0.369108651674019,0.268192643440828,971,971,0.00422879211069162,0.101730962071935
0.365820243980882,0.267806599433005,972,972,0.00331099005318032,0.0985412325820889
0.37085591892676,0.268972618116775,973,973,0.00516890914327566,0.103643204078563
0.36795294114131,0.269590421596357,974,974,0.00296798941409857,0.101197732059175
0.369872722476783,0.270355470497374,975,975,0.00206660596074307,0.103263856672039
0.367713001825386,0.268920205054671,976,976,0.00259314098789273,0.100716563096253
0.370437209565448,0.270194702637354,977,977,0.00300759902568111,0.103721615369668
0.373943115244775,0.273288330535737,978,978,0.00467567195234986,0.108161430520725
0.378522444103226,0.274494848990889,979,979,0.00473560340151739,0.112843839181699
0.375776802003398,0.273210670749082,980,980,0.00303111601511338,0.109814420457442
0.375547857591685,0.273057429295742,981,981,0.000275496799756993,0.109543702047668
0.369827484980303,0.27151559920317,982,982,0.00592451709824591,0.103680289435715
0.372552084099585,0.273018821076931,983,983,0.00311177061534829,0.10677897469173
0.370591300745925,0.272513782943268,984,984,0.00202478020447771,0.104781107985625
0.371047568586129,0.27214389699623,985,985,0.000587363563579709,0.105049830645656
0.367852714546473,0.271934287383562,986,986,0.00320172274321674,0.102044062943083
0.369676571586735,0.271585769123674,987,987,0.0018568574206949,0.10357006107353
0.366951900037472,0.269505776793406,988,988,0.0034278569318651,0.100243557487303
0.368690878213994,0.271476359621469,989,989,0.002628163195214,0.102623537369958
0.367768576056993,0.271203141619413,990,990,0.000961919614861728,0.10166945453094
0.368993059653172,0.272771383715292,991,991,0.00198965910361475,0.103427817500517
0.368169657535029,0.27219507375413,992,992,0.00100504936172116,0.102440132109022
0.368903837866363,0.271368314732073,993,993,0.0011056903904213,0.10277499866236
0.362440961675489,0.271850113196312,994,994,0.00648081001254588,0.0970974269170806
0.367543173513787,0.272462298249304,995,995,0.00513880688311727,0.101980096159437
0.363719068435727,0.271833948256009,996,996,0.00387538428573376,0.0982459353909158
0.362862202628377,0.270240716317112,997,997,0.00180903483187228,0.0967992770296016
0.367382795547696,0.27217701083958,998,998,0.00491782439905476,0.101715857738456
0.368810857338297,0.270530359217613,999,999,0.00217963805295795,0.102355871871008
0.370687341218004,0.270399303838814,1000,1000,0.00188105482724802,0.104031446842849
0.367418182583171,0.270047412446232,1001,1001,0.00328804284216011,0.100885754890695
0.364655550445329,0.27058436751509,1002,1002,0.00281433066198807,0.0985745491436018
0.368141373149279,0.270324319084084,1003,1003,0.0034955092776071,0.10165948172659
0.365800045460174,0.270529060217719,1004,1004,0.0023502625980023,0.0995966370713131
0.3660354921479,0.270854712181236,1005,1005,0.000401851146699389,0.0999442374989939
0.366359018702703,0.271316600792221,1006,1006,0.000563924215315614,0.100428450072796
0.362673780113744,0.269838747730209,1007,1007,0.00397052051127401,0.0964615162250601
0.363077304729153,0.268868261136009,1008,1008,0.00105103584370941,0.0964349668151597
0.369614605728716,0.271156470699825,1009,1009,0.00692619717932109,0.103341930802208
0.365475879518066,0.270710701791443,1010,1010,0.00416266315793214,0.0993746021974094
0.370787105591383,0.270792948658426,1011,1011,0.00531186285111076,0.104276458886902
0.365577050502781,0.270079419467815,1012,1012,0.00525868785269908,0.0992107900763733
0.366579347271732,0.270298122352411,1013,1013,0.00102587999531175,0.10021641291135
0.360403034302271,0.267981435913889,1014,1014,0.00659650497999951,0.0936302091399418
0.368348530661261,0.269496246584489,1015,1015,0.008088607034495,0.101525460575839
0.362652182039218,0.268567764498059,1016,1016,0.0057715220357086,0.0959249473649259
0.365318397866303,0.270419043963584,1017,1017,0.00324591165869787,0.099111857493296
0.360274753873137,0.267833670551807,1018,1018,0.00566767151554473,0.0934531372053221
0.363470080774559,0.268748119969991,1019,1019,0.00332360222429915,0.0967466383453227
0.361883936291756,0.267390891981763,1020,1020,0.00208756368342463,0.0947522444676211
0.36632256591533,0.269089421082764,1021,1021,0.00475251870508812,0.0995012907218973
0.360624194639252,0.267915766422125,1022,1022,0.00581798078911186,0.0938059876498386
0.365466771523216,0.268430323408526,1023,1023,0.00486983775595826,0.0984560018159639
0.360638340152919,0.268423386782763,1024,1024,0.00482843635294476,0.0940247581483357
0.370643427217424,0.269088332036994,1025,1025,0.0100271590871718,0.103489818681552
0.369685363131306,0.270662125262177,1026,1026,0.00184247439839508,0.103211524724265
0.372366965273697,0.271446929523965,1027,1027,0.00279408442595993,0.105986265005754
0.369200633516525,0.270950124742551,1028,1028,0.00320506970084999,0.102880051784934
0.372266259293214,0.271454373775272,1029,1029,0.00310681967447402,0.10589645877774
0.36845442724734,0.271143378767987,1030,1030,0.0038244975409204,0.102273088588092
0.370545661714725,0.272585168373137,1031,1031,0.00254008245202694,0.104768315787277
0.368937462235695,0.271483668617474,1032,1032,0.00194925813479784,0.102852166618104
0.371135729450082,0.271842636050268,1033,1033,0.00222738329967075,0.105010468642384
0.366060381230965,0.271385505876158,1034,1034,0.00509589320348951,0.100184599284389
0.37145605085734,0.273376014528221,1035,1035,0.00575111949197048,0.105921830688634
0.36689890669943,0.272048516738801,1036,1036,0.00474655804313885,0.10122220439646
0.373311862141949,0.272380361049307,1037,1037,0.00642153549816113,0.107221629021433
0.364857571884026,0.271745296565189,1038,1038,0.00847810890848829,0.0992404741855806
0.368488498806137,0.272413349622968,1039,1039,0.00369187285828197,0.102820536762863
0.366596584249112,0.271769416330901,1040,1040,0.00199849712927382,0.100831463975274
0.375858849162134,0.274376817308009,1041,1041,0.00962227058310167,0.110352722063791
0.376424965578005,0.274071108664569,1042,1042,0.000643386020202932,0.110749708007968
0.376020606016484,0.27365908205923,1043,1043,0.000577297651563478,0.110215183863366
0.369491469933798,0.273180383156885,1044,1044,0.00654666102874927,0.104050730577526
0.374524276413794,0.272563137694158,1045,1045,0.00507051605128574,0.108408278117774
0.373137182524419,0.271676287730316,1046,1046,0.00164636943494117,0.106784956353736
0.373612347500434,0.271483593521892,1047,1047,0.000512750243676796,0.107148167050207
0.374786635549245,0.271974933367855,1048,1048,0.00127293647359666,0.108421103427455
0.378670393105574,0.271701655845292,1049,1049,0.0038933601632366,0.11191144582233
0.374856809292279,0.27221308653624,1050,1050,0.00384772437327212,0.108578008726677
0.380720235077714,0.272876647598886,1051,1051,0.00590085377086823,0.114251693982937
0.3775254565587,0.272641109691717,1052,1052,0.00320344937391939,0.111205525361092
0.37409142711442,0.271398755426766,1053,1053,0.00365184916772703,0.107557592308493
0.376361575886794,0.273530577751314,1054,1054,0.00311420003727333,0.110477863629295
0.377730235357891,0.272777754672499,1055,1055,0.00156204075997428,0.111447017302098
0.377089011331997,0.273340236413324,1056,1056,0.000852967736872106,0.111072803701099
0.376272999166765,0.27230259377309,1057,1057,0.00132006746139646,0.109918983631998
0.372481893440014,0.272153457580574,1058,1058,0.00379403798548822,0.106369520595426
0.376254109267642,0.273232256097168,1059,1059,0.00392344472238529,0.11026198847032
0.37321388774933,0.272212944966642,1060,1060,0.00320654675020016,0.107065623433831
0.37361360686585,0.274494768554808,1061,1061,0.00231656950243767,0.108348287418447
0.373181079993746,0.273645395703224,1062,1062,0.000953159869119437,0.107607291816162
0.374151193480882,0.271539266011302,1063,1063,0.00231881488202872,0.107666796093905
0.37026532894845,0.272517919503945,1064,1064,0.00400720673575392,0.104484816685285
0.373511687155909,0.273177388850374,1065,1065,0.00331266379670678,0.107721621580277
0.37014604524538,0.270865920123808,1066,1066,0.00408294417593478,0.103715232095459
0.371935050612673,0.270410521837715,1067,1067,0.00184605736725006,0.10518708221842
0.369532528899626,0.271850714307621,1068,1068,0.00280111851445701,0.103544682164392
0.373639066531941,0.272392660458804,1069,1069,0.00414214400478788,0.107527218910815
0.368673386768298,0.271956064916045,1070,1070,0.00498483612398726,0.1028019709452
0.371710982673735,0.271734687823269,1071,1071,0.00304565209798032,0.10549587407723
0.369210510933743,0.270474262325455,1072,1072,0.00280018416502111,0.102701052596246
0.372718238900236,0.27140032048873,1073,1073,0.00362791113572037,0.106291650982145
0.373658674937022,0.27100026589647,1074,1074,0.0010219900273845,0.107005168179433
0.375574032465356,0.271669005681665,1075,1075,0.00202874526780699,0.109030744909923
0.369564378231428,0.271054349020277,1076,1076,0.00604100544799933,0.103255281764951
0.379052233578206,0.272318388992733,1077,1077,0.00957168721455821,0.112496063759531
0.379889042303505,0.273023501380351,1078,1078,0.00109427250806599,0.113536878834182
0.379999558257577,0.272863915017686,1079,1079,0.000194117447060454,0.113578994097697
0.373857845390269,0.27297423110617,1080,1080,0.00614270352400608,0.107958099768406
0.377325175781442,0.272344403697771,1081,1081,0.00352406904102697,0.110907125762909
0.377676929109432,0.271295677460526,1082,1082,0.00110614516426989,0.110838257468511
0.378874068083547,0.272101158321784,1083,1083,0.00144289332287535,0.112249460263257
0.376938027377273,0.272305715540611,1084,1084,0.00194681721590018,0.110534496399867
0.374339084567482,0.27150407933005,1085,1085,0.00271976549405381,0.107826707240454
0.375600357298966,0.271714393396013,1086,1086,0.00127868718204544,0.109072394703967
0.380121274364972,0.274391656417568,1087,1087,0.00525418199192742,0.114275343364952
0.378009482804469,0.27259764431308,1088,1088,0.00277094623297952,0.111636306298013
0.37640563629233,0.273351323787847,1089,1089,0.00177210507171163,0.110448035781312
0.374628887804095,0.27289163726319,1090,1090,0.00183525117937437,0.108633551125823
0.376953685063691,0.273334501681448,1091,1091,0.00236660330245299,0.110945936683366
0.374911216054206,0.273239771472444,1092,1092,0.0020446646344094,0.109030413223242
0.380085496605705,0.273979214597622,1093,1093,0.00522684946798728,0.114083047513079
0.376272168229205,0.272161207406838,1094,1094,0.00422452641757205,0.109863992439366
0.376798831166364,0.27256453115779,1095,1095,0.000663358046200453,0.110505095565665
0.371037778629271,0.269624830314223,1096,1096,0.00646773278551415,0.104057863457983
0.37140978380481,0.270406868009842,1097,1097,0.000866008549609521,0.104700731024134
0.362373592367505,0.268250012226877,1098,1098,0.00929003673620996,0.0955424564704342
0.364817772587705,0.269763017349646,1099,1099,0.00287457848220264,0.0983883922006033
0.363202909649113,0.269565016921287,1100,1100,0.00162695620103001,0.0968319499844718
0.36435277523463,0.271136387521365,1101,1101,0.00194715084868841,0.0985272919032045
0.360789582399264,0.269868400339632,1102,1102,0.0037820807335437,0.0947603781769271
0.361765035489755,0.27110903729989,1103,1103,0.00157819162300003,0.0961692136356827
0.364178380143292,0.270380164930768,1104,1104,0.00252100919221277,0.0980556152302645
0.362448408538756,0.2716050728095,1105,1105,0.00211971721318644,0.0969990133366714
0.359584452541558,0.269508785357565,1106,1106,0.00354917807879882,0.0935157905961973
0.360992487195407,0.270033481017813,1107,1107,0.00150262008582495,0.0950138616549668
0.356655863158809,0.267842992535071,1108,1108,0.00485845117582044,0.0901583369941597
0.357518894708566,0.267838435634515,1109,1109,0.000863043580139023,0.0909408734266381
0.352805005156349,0.266812280599733,1110,1110,0.00482428739462197,0.0862324303718674
0.355725543246236,0.268975533363094,1111,1111,0.00363444703533685,0.0897990008272574
0.357464146571604,0.268166122301157,1112,1112,0.00191778199756005,0.0910276608830921
0.359524631084371,0.271107806816978,1113,1113,0.00359153229387823,0.0941471760453241
0.361945509004608,0.270196958777078,1114,1114,0.00258656027505334,0.0959476251377182
0.364611345203414,0.270186027012962,1115,1115,0.00266585861259192,0.09837120102599
0.363998635056032,0.270927406316528,1116,1116,0.000961798833676331,0.0981182928047414
0.368913436627445,0.273075717995311,1117,1117,0.00536381557807198,0.103481354343088
0.365972029323407,0.272013777749483,1118,1118,0.00312723424353857,0.100364939744504
0.371760364277511,0.273091667661004,1119,1119,0.00588784070795645,0.106084054449529
0.367140811204285,0.27011685963765,1120,1120,0.00549452030409998,0.100658727668201
0.369037031449128,0.270996791799945,1121,1121,0.00209043819023482,0.102748500838872
0.368995725017206,0.271206055190352,1122,1122,0.000213301167092245,0.102794140443234
0.374772979570791,0.273057685408182,1123,1123,0.00606672931986401,0.108831455565907
0.373981700102861,0.271494686675159,1124,1124,0.00175188134181462,0.107493207672424
0.376368484351177,0.274377431634418,1125,1125,0.00374258701276844,0.110819944069567
0.37563302424842,0.27462417497128,1126,1126,0.000775747276524113,0.110245616388751
0.380016692850655,0.2735252476457,1127,1127,0.00451931318688306,0.113845557325035
0.374729481473223,0.272865240763902,1128,1128,0.0053282467316814,0.108715624357259
0.377480143915548,0.273732607267349,1129,1129,0.00288417553607977,0.111586052111546
0.37154223026223,0.271676278526753,1130,1130,0.00628389261872433,0.10531777046171
0.375764873360886,0.271579406286962,1131,1131,0.00422375413222235,0.109173101228085
0.371356463081512,0.270435912347618,1132,1132,0.00455430121759744,0.104662718227174
0.375012891514181,0.270803714815525,1133,1133,0.00367488061556146,0.108183597792618
0.374569852580045,0.271894639176354,1134,1134,0.00117745465229546,0.108190131899632
0.377045031251369,0.273582811919662,1135,1135,0.00299607020382112,0.111127018096906
0.377207407883968,0.273313587516732,1136,1136,0.000314400938209173,0.111171499315071
0.380281607555589,0.273746218644515,1137,1137,0.00310449244059657,0.114174789454768
0.375206685668755,0.273938714256762,1138,1138,0.00507857132648508,0.109579645691861
0.380220116308527,0.274255330479362,1139,1139,0.00502341841898703,0.114313718125209
0.379048714757108,0.27354320472107,1140,1140,0.00137087734326968,0.112958321572335
0.376761777112279,0.273977612679452,1141,1141,0.00232783033437584,0.111021903247531
0.374277970066092,0.273277145329798,1142,1142,0.0025806882707175,0.108464043261829
0.376236012969784,0.273205198181708,1143,1143,0.00195936428588896,0.110234748813832
0.373825519163186,0.270209906628943,1144,1144,0.00384476941801697,0.106860092113885
0.376059279064155,0.271795367224931,1145,1145,0.00273922773726611,0.109527528807735
0.374184382854525,0.27183845191922,1146,1146,0.00187539118259742,0.107812937127708
0.378907352781405,0.273252154682719,1147,1147,0.00493001018596629,0.112716072668287
0.378125191172584,0.272268247316297,1148,1148,0.0012569210349153,0.111618408121485
0.381777314338245,0.273950974476683,1149,1149,0.00402114092185976,0.115635753876925
0.378982962429662,0.273239609645939,1150,1150,0.00288347750319259,0.112781121428184
0.381585417650978,0.27296475313752,1151,1151,0.00261692936075352,0.115087159447291
0.382192697948149,0.27364167636508,1152,1152,0.000909403329301011,0.115903615746267
0.383969712166793,0.273831342411679,1153,1153,0.00178710736736566,0.117622689864075
0.383585468887196,0.274037324635158,1154,1154,0.000435971987981747,0.117343089552007
0.383462570666531,0.27459410194399,1155,1155,0.000570179747336796,0.11743902245442
0.383690562286974,0.274234260506614,1156,1156,0.00042598830857828,0.117514381964825
0.38251132742207,0.273835959170995,1157,1157,0.00124468422523993,0.116271916057985
0.385299808046455,0.274184479889428,1158,1158,0.00281017630830326,0.118988829601925
0.385443956003563,0.2736819238852,1159,1159,0.000522820400256673,0.11893760180585
0.383461207088707,0.272406412834273,1160,1160,0.00235758811084537,0.116626230350494
0.385767085160165,0.272988899314323,1161,1161,0.0023783112033279,0.118986670838516
0.384814172693477,0.271633363433906,1162,1162,0.00165696098091289,0.117612705735141
0.383835719813231,0.273930526108971,1163,1163,0.00249686331115071,0.117535281261301
0.381253154451279,0.27316569335197,1164,1164,0.00269343887900557,0.114854100811166
0.381977219811332,0.273956539328977,1165,1165,0.00107224437745162,0.115822851188205
0.378600718393798,0.274565545575287,1166,1166,0.00343098388667985,0.112943624240313
0.380248355292342,0.275672409085438,1167,1167,0.0019849065921465,0.114894604966956
0.378903617212519,0.273631349721709,1168,1168,0.00244422663220646,0.112858384923359
0.380421630029169,0.275049550346586,1169,1169,0.00207741568394778,0.114808319096096
0.380068115348798,0.27428732573656,1170,1170,0.000840213654594456,0.114185917972131
0.381357772474446,0.276805983577722,1171,1171,0.00282963828476068,0.116364269359709
0.382647442502204,0.276115200311987,1172,1172,0.00146302095019722,0.117273731173807
0.378667990473195,0.274597955222116,1173,1173,0.00425888143928891,0.113018223490699
0.374809497190578,0.2753494280626,1174,1174,0.00393098993155464,0.109789789949566
0.375104114891745,0.276031334872456,1175,1175,0.000742830052682477,0.110340464162939
0.376633133867956,0.274271843902443,1176,1176,0.00233103142474929,0.111020523670024
0.372154129030658,0.273380728878484,1177,1177,0.00456678993588108,0.106561245291369
0.372729814349021,0.272017663893649,1178,1178,0.00147964851862278,0.106543759827775
0.371761480237546,0.272840171758941,1179,1179,0.00127050782756814,0.105983372471861
0.36894425797731,0.272279706946798,1180,1180,0.00287243138633874,0.103181337797914
0.370451552544761,0.272482882384892,1181,1181,0.00152092641890158,0.104640820193038
0.371456875004371,0.271836774914533,1182,1182,0.00119504314192098,0.105302887304506
0.371305088802617,0.272726427606712,1183,1183,0.000902508151622175,0.105519909112519
0.372391788834574,0.272530719106439,1184,1184,0.00110418240184037,0.106436645527634
0.373815302128141,0.274331181683232,1185,1185,0.0022952245178618,0.108465462945728
0.371797260767825,0.273005455288898,1186,1186,0.00241454786752764,0.106082875549185
0.376715810135833,0.274049401995439,1187,1187,0.00502811620904185,0.111008093494845
0.375012737139701,0.27350215785777,1188,1188,0.00178883587183528,0.109227678160221
0.377321075095419,0.275177318560312,1189,1189,0.00285211982517303,0.112013387611594
0.3760971815597,0.273130847537475,1190,1190,0.00238452490741517,0.110077897176994
0.378112477909564,0.274361718210759,1191,1191,0.00236145336437693,0.112414568429093
0.371854426077533,0.273385245156398,1192,1192,0.00633377552162086,0.106289301761973
0.375098961173511,0.272503252990392,1193,1193,0.00336227871687164,0.108913909485388
0.375855427208152,0.273330412690525,1194,1194,0.00112090768178753,0.10993378040838
0.375228191790637,0.272382210885542,1195,1195,0.00113688650794977,0.108985917531224
0.375064242077786,0.273850990043815,1196,1196,0.00147790112122639,0.109414002140118
0.376546057255682,0.273382466355155,1197,1197,0.00155412054496416,0.110589437299676
0.372177946832588,0.274341336467119,1198,1198,0.00447211589294881,0.106976807970305
0.373463964247573,0.274390401132042,1199,1199,0.00128695304226341,0.108169020312974
0.374645692618701,0.2761823844287,1200,1200,0.00214655213741199,0.109987057599138
0.374767847308847,0.275331690661252,1201,1201,0.00085941937044755,0.109744531738326
0.369513978082528,0.275097961433364,1202,1202,0.00525906562035826,0.104879768837227
0.366383358489255,0.272085006180741,1203,1203,0.00434496011398113,0.100768471044796
0.369794216209334,0.27304122145895,1204,1204,0.00354235769578694,0.104268961266085
0.371701676296334,0.273219296535609,1205,1205,0.00191575434657603,0.106082236767806
0.370988860523164,0.274766257727033,1206,1206,0.00170328953917111,0.106073661484268
0.367874142180446,0.272683030697542,1207,1207,0.00374717296249657,0.102372878713739
0.370061041939559,0.27365271899978,1208,1208,0.0023922428722656,0.104764959364326
0.36735044963393,0.271873196575338,1209,1209,0.00324253152743828,0.10156103340943
0.370968543494072,0.271885889433202,1210,1210,0.00361811612437186,0.104874320945992
0.371338591841505,0.271504491123149,1211,1211,0.00053141363395104,0.105062873066811
0.372204316714397,0.27195243161568,1212,1212,0.000974746244103348,0.106035098431828
0.370064653640612,0.272648762532673,1213,1213,0.00225011884470155,0.104354762404647
0.370675796693572,0.272774135114284,1214,1214,0.000623870271291564,0.104963984534732
0.37560745718607,0.272296126645723,1215,1215,0.00495477217531478,0.10930228521669
0.373468580121423,0.272797986226567,1216,1216,0.00219696566576579,0.107530853853929
0.374639063296233,0.272420581339545,1217,1217,0.00122982328456555,0.108458173904654
0.37115648743052,0.270680355641249,1218,1218,0.0038931632564603,0.104572874867631
0.369094040471049,0.27059407852672,1219,1219,0.00206425076023313,0.102641202533877
0.367011907367686,0.270657492065695,1220,1220,0.00208309854232685,0.100756940646307
0.368603332468935,0.271650217157585,1221,1221,0.00187566973664172,0.102613730904036
0.368412121371151,0.271348164628078,1222,1222,0.000357487642439802,0.102316754955908
0.368702446511368,0.271904746339258,1223,1223,0.000627751454209366,0.102807627028842
0.371079837702256,0.27079213243119,1224,1224,0.00262486163119921,0.104545710091773
0.368948002429805,0.270481199037495,1225,1225,0.00215439114465796,0.102462480717492
0.371990797389036,0.271154022275809,1226,1226,0.00311629463849852,0.105525689729486
0.373239720629516,0.271738664554956,1227,1227,0.00137899088292117,0.106903693279483
0.377182133057689,0.271468826417639,1228,1228,0.00395163616419282,0.110443843766267
0.376521434942872,0.271980480949953,1229,1229,0.0008356508597258,0.11002535606642
0.37391200625534,0.270116987129132,1230,1230,0.0032065132614024,0.106905428297358
0.374396471991121,0.271158357957733,1231,1231,0.00114854701767343,0.107747438010455
0.379433943737359,0.272325405582219,1232,1232,0.00517089177530978,0.112852573021453
0.370594689591868,0.270917261547905,1233,1233,0.0089507141318425,0.104148009454265
0.3680222110402,0.268568238163221,1234,1234,0.00348361260196759,0.100867132782974
0.370237413573363,0.269772132131823,1235,1235,0.00252120664574919,0.103374430827546
0.366921492962172,0.268079927972107,1236,1236,0.00372275226383348,0.0996633777256657
0.365762091710789,0.267880650223011,1237,1237,0.00117640251742039,0.0985158962229329
0.366683631016589,0.267356837454339,1238,1238,0.00106000684373137,0.0991695086667808
0.371430175407549,0.267973828679451,1239,1239,0.00478647697447996,0.103807049760208
0.370980075668372,0.26993136299732,1240,1240,0.00200861404476873,0.10412140673716
0.375070087417007,0.270370570614569,1241,1241,0.00411352639897003,0.108074393570061
0.372198049724873,0.270010047644664,1242,1242,0.00289457722592913,0.105277518598859
0.369559310974267,0.269428286603556,1243,1243,0.00270210808497745,0.102616301797567
0.367168607026124,0.2702405333661,1244,1244,0.00252491785429346,0.100733465676632
0.363713035505681,0.267911462632977,1245,1245,0.00416719870090094,0.0966388742256022
0.360970144874974,0.267775384686341,1246,1246,0.00274626404768023,0.0940663308497938
0.355413561637059,0.264929291482895,1247,1247,0.00624306525695308,0.0878357529963275
0.355956234525881,0.266766151522118,1248,1248,0.0019153455740295,0.089074689542369
0.354907666074981,0.265623232864992,1249,1249,0.00155105088666666,0.0876506356219399
0.352318453187611,0.266841127224348,1250,1250,0.0028613440979153,0.0858048126971391
0.352992912280901,0.266069319502227,1251,1251,0.00102497913561535,0.0860893120055244
0.349973816844328,0.265715394996083,1252,1252,0.00303976969706372,0.0832039626854841
0.353874795879991,0.266076709017046,1253,1253,0.00391767600222721,0.0868943122428904
0.353113876502392,0.267385876748086,1254,1254,0.00151423857010722,0.0867570428003299
0.353646108998662,0.266193249685178,1255,1255,0.00130599798670061,0.086734663711736
0.350350994519004,0.264636869479864,1256,1256,0.00364418698443786,0.0830907465702538
0.352182012537763,0.264697023547024,1257,1257,0.0018320058670258,0.0847839258619165
0.3561123571669,0.265331163736982,1258,1258,0.00398117353104557,0.0886366790451699
0.353380342599371,0.264808140213621,1259,1259,0.00278162851638705,0.0859240982939135
0.3530193783975,0.267049225213516,1260,1260,0.00226996853101282,0.0865273896108987
0.352220314558153,0.263413527894496,1261,1261,0.00372247203010099,0.0843033091799303
0.352507380354565,0.264376266789573,1262,1262,0.00100462577687619,0.084951077621875
0.3514324124672,0.264493453055439,1263,1263,0.00108133647851779,0.084016612126277
0.352319265138863,0.26576609909423,1264,1264,0.00155117233126611,0.0853505931247375
0.349389502117216,0.265012887729993,1265,1265,0.00302503532578186,0.0823760081608999
0.347760830786696,0.264888613532257,1266,1266,0.00163340576069786,0.0808503448988709
0.349942932704458,0.264513254170406,1267,1267,0.00221415072432561,0.0826682535132566
0.350000722507959,0.265458157277578,1268,1268,0.000946668655513556,0.0831184838770477
0.349089305943314,0.265406878739351,1269,1269,0.000912857953239536,0.0822725991858002
0.349092000587206,0.264660877143094,1270,1270,0.00074600646292364,0.0819575498844826
0.352476073130563,0.265877970621932,1271,1271,0.00359628468213175,0.0855398160345795
0.353196013361083,0.266240880054462,1272,1272,0.000806236436623807,0.0863455574402952
0.354238139871049,0.266125066153555,1273,1273,0.00104854209377519,0.0872451197134958
0.353352878499987,0.267343642574964,1274,1274,0.00150619261381477,0.0869547858679485
0.350550518187866,0.265357851405483,1275,1275,0.00343461641056706,0.0835739579727179
0.34972262772401,0.264810906175211,1276,1276,0.000992245788633819,0.0825927095219121
0.345715750661748,0.262425108986847,1277,1277,0.00466337774752258,0.0779555902529199
0.349493669589848,0.265134891727505,1278,1278,0.00464925735240232,0.0825221038050935
0.349134980824361,0.263308625353158,1279,1279,0.00186115730140122,0.0814355722532618
0.349707609258951,0.264710706197801,1280,1280,0.00151450784712935,0.0825369996399876
0.348748084736542,0.262925444951877,1281,1281,0.00202678193827135,0.080926243511656
0.346453177906835,0.263319523424208,1282,1282,0.00232849633871025,0.0789992367665359
0.34411831133341,0.261403028560767,1283,1283,0.00302068774905565,0.0760785622360396
0.343275528128792,0.261143742594737,1284,1284,0.000881766829816973,0.0752038422512316
0.345885914617254,0.26286197465472,1285,1285,0.00312513024226176,0.0782923294273493
0.346094480218034,0.261526103524839,1286,1286,0.00135205446838425,0.0779333630662315
0.35107053556622,0.262188776645443,1287,1287,0.00501998630406349,0.0827657352270595
0.350192237174165,0.263892774237426,1288,1288,0.00191703308760431,0.0826392184883802
0.349462691461226,0.262679210089836,1289,1289,0.00141597135832083,0.0814810814249948
0.344558384895736,0.262178192637345,1290,1290,0.00492983177968645,0.0768005005986073
0.342745236696335,0.261283649770438,1291,1291,0.00202180942072323,0.074779461751289
0.344817522183745,0.262008034914622,1292,1292,0.00219524508391284,0.0769652785955139
0.341554362932466,0.260806556149849,1293,1293,0.00347732073893171,0.0734981607757961
0.340165813046297,0.26005230650612,1294,1294,0.00158017825306095,0.0719215408135915
0.339608863264005,0.258983565432053,1295,1295,0.00120515581706019,0.0709738055565125
0.342584296485602,0.259667927791446,1296,1296,0.00305312212253908,0.0739724158811948
0.341616506454166,0.26008677638018,1297,1297,0.00105453861248887,0.0732569276513013
0.344074239632544,0.260920661554183,1298,1298,0.00259534522935227,0.0758410121470142
0.343493645546601,0.260307360773018,1299,1299,0.000844527880421291,0.0750619249135161
0.344464039632304,0.262205637507126,1300,1300,0.00213192852619948,0.0767262814629006
0.344952437219865,0.261767492619552,1301,1301,0.000656127385529933,0.0769887689051794
0.344835818124818,0.261691592054519,1302,1302,0.000139143483863741,0.0768512510381133
0.341813976800514,0.260503746433794,1303,1303,0.00324692195901771,0.0736084459095276
0.344551777962567,0.261063558456621,1304,1304,0.00279444890879035,0.0763354254355496
0.34120046468145,0.260864149585129,1305,1305,0.00335724062381891,0.0732010032711568
0.339740668659996,0.259779429064145,1306,1306,0.00181868717290738,0.0714213976529714
0.338106138066479,0.258951938201151,1307,1307,0.00183205660105764,0.0695908365172345
0.340546681136272,0.258783479157364,1308,1308,0.00244635012313205,0.0717511307319869
0.338351981011054,0.258673951293742,1309,1309,0.00219743145343424,0.0697001335433058
0.339349636969614,0.258490828568716,1310,1310,0.00101432309648961,0.0705372632792821
0.333210249676079,0.25686774354665,1311,1311,0.00635031348272555,0.0642716196944962
0.333390963921479,0.25599075497828,1312,1312,0.000895414198872166,0.064076413178464
0.336618839234129,0.256951090823279,1313,1313,0.00336770307022494,0.0674183425119457
0.338766052352823,0.257620181149354,1314,1314,0.002249045584585,0.069654758773416
0.336852013414631,0.257905831243949,1315,1315,0.00193523668667614,0.0680171456437476
0.336351425212223,0.25717787840791,1316,1316,0.000883461306389107,0.0672641791269272
0.337300727174335,0.257034553445258,1317,1317,0.000960060550272038,0.0680772943984315
0.336858822462529,0.257581500654135,1318,1318,0.000703157893800941,0.0678913654550187
0.339084908187274,0.257706815533238,1319,1319,0.00222961016162816,0.0699819073338615
0.339150539971717,0.257173440523884,1320,1320,0.000537397833762499,0.0698336089163447
0.335576674537668,0.256800063857361,1321,1321,0.00359331661223989,0.0664028856522067
0.337268217770042,0.257766642796097,1322,1322,0.00194822825967605,0.0683406649949339
0.334608908291924,0.256434258193073,1323,1323,0.00297442021758616,0.0653697464358675
0.336718705033238,0.258019540230211,1324,1324,0.00263900765950632,0.067942188399244
0.334985814096752,0.257756330371311,1325,1325,0.0017527665068618,0.0662559936526709
0.335658271472027,0.256643490949499,1326,1326,0.00130023478660568,0.0664148346402786
0.337218583761,0.257138261923221,1327,1327,0.00163687896790126,0.0680430323366301
0.337868203361451,0.258445090174548,1328,1328,0.00145938538561769,0.0691650530291942
0.337613842577748,0.256835716075939,1329,1329,0.00162935091295805,0.0682868147659445
0.338558847498939,0.257697951371164,1330,1330,0.00127925134567328,0.0694953391654218
0.336871089531293,0.257095550697176,1331,1331,0.00179204172088038,0.067707272283077
0.337589526948067,0.257984406200138,1332,1332,0.00114289825748762,0.0687226741137532
0.337487107259968,0.258521405230065,1333,1333,0.00054667883684446,0.0688491224057164
0.337367195241199,0.259051798515117,1334,1334,0.000543779301805776,0.0689610224626906
0.335783774309767,0.256582553459265,1335,1335,0.00293332456300772,0.0665055856453459
0.339021349204778,0.257642459466233,1336,1336,0.00340665406879121,0.0698981166650402
0.336916843665874,0.256584024462082,1337,1337,0.00235567999127438,0.0675469366599078
0.333558001110352,0.256854430718724,1338,1338,0.00336970961010201,0.0645823874328446
0.334547369475102,0.257424551703156,1339,1339,0.00114187902076269,0.0657191632137672
0.336282486970447,0.258165629060453,1340,1340,0.00188675074457419,0.0676053239706049
0.335188477067736,0.257700964943495,1341,1341,0.00118860018880118,0.0664171538286343
0.331869339403413,0.256258690736586,1342,1342,0.00361895423052627,0.0627988809736595
0.333264790878566,0.255371999052526,1343,1343,0.00165333207858785,0.0637129492229156
0.332299414884336,0.256516282419846,1344,1344,0.00149710895894735,0.063297204213903
0.33638834428754,0.256429925199005,1345,1345,0.00408984122356549,0.0670003805608052
0.336214587277993,0.257158755097829,1346,1346,0.000749255977478209,0.0671312388383077
0.338903209477094,0.256863016469996,1347,1347,0.00270483838066046,0.069485496392088
0.335942044819512,0.258063364127992,1348,1348,0.00319520431731205,0.0672531775735884
0.339138994396397,0.258103684874416,1349,1349,0.00319720383456178,0.0701890760089518
0.339005079731643,0.257420614321738,1350,1350,0.000696073643641366,0.069795987195547
0.343417295813194,0.257941623295648,1351,1351,0.00444287081752266,0.0740703427491075
0.34353826686006,0.258441390951936,1352,1352,0.000514200062671122,0.0743715481327527
0.341389401929923,0.258099818157495,1353,1353,0.00217584293134309,0.0722565150356881
0.341549004918781,0.258591184630384,1354,1354,0.000516637324176143,0.0725951855854382
0.341348500775667,0.2567048866132,1355,1355,0.00189692438463865,0.0716892648546671
0.338760183497994,0.257246481527157,1356,1356,0.00264437353275266,0.069502487177969
0.335045051292373,0.25551385680791,1357,1357,0.00409929210022789,0.0654058497269917
0.335152592184048,0.256736100464022,1358,1358,0.0012269656059923,0.0659889962986746
0.33019875111957,0.254115280939224,1359,1359,0.00560439437171163,0.0603999872493673
0.33221465057464,0.255467010363503,1360,1360,0.00242714298083486,0.062788776179345
0.332936193461689,0.255537060539398,1361,1361,0.000724935283314286,0.0634774688797799
0.334240512462049,0.255490881554567,1362,1362,0.0013051362202233,0.0646563214837386
0.335713417182932,0.255151864447116,1363,1363,0.00151141685710581,0.0658835869422382
0.331065881557417,0.255298101087713,1364,1364,0.00464983575467769,0.0616705411517005
0.331958444683073,0.255979250547687,1365,1365,0.00112277937285247,0.0627640961659317
0.332639191913732,0.254988814950764,1366,1366,0.0012018233912272,0.062986739449942
0.333117672822814,0.255061418183434,1367,1367,0.000483957859478037,0.0634550603774674
0.333581237067051,0.255519968359742,1368,1368,0.000652042999140042,0.06406213250121
0.332552564216511,0.253881515268674,1369,1369,0.00193460496357,0.0624771270158815
0.333206480432243,0.255116880547034,1370,1370,0.00139776027564621,0.063558531232078
0.331305939105963,0.253824835226757,1371,1371,0.00229813803818371,0.061304321695541
0.330667397643754,0.25478958680681,1372,1372,0.00115692731412751,0.0610997351347493
0.332024708773095,0.255351420133376,1373,1373,0.00146899632017015,0.0625683266538462
0.330619153470327,0.255471867951278,1374,1374,0.00141070669736009,0.0613348332857748
0.327800898657818,0.254684354335419,1375,1375,0.0029262156248978,0.058445077714107
0.324755138695304,0.25350791158957,1376,1376,0.00326506834285465,0.0551874918997143
0.326820525708174,0.25348656342499,1377,1377,0.00206549733891449,0.0570556307165274
0.326329162758761,0.254314990035564,1378,1378,0.000963186480990308,0.0569552890921378
0.332678144471876,0.255083829359046,1379,1379,0.00639536415685616,0.0630601236464416
0.329654763751115,0.255134281970023,1380,1380,0.00302380165497428,0.0603172683754626
0.331603935321124,0.253522732661704,1381,1381,0.00252910280187979,0.0614633546620815
0.330545947104634,0.255296965823501,1382,1382,0.00206573047095989,0.0611959391319134
0.33448345154722,0.256515876007571,1383,1383,0.00412185434873811,0.0652879476526096
0.333053730011797,0.254855571199923,1384,1384,0.00219105356464701,0.0633154739354089
0.331192670991722,0.254756011193103,1385,1385,0.00186372016975668,0.0615670688355887
0.329574795248393,0.254381206528259,1386,1386,0.0016607228720173,0.0599353429089498
0.332085164619007,0.253968709493536,1387,1387,0.0025440338402962,0.0620786998718618
0.326281768553282,0.252371208303615,1388,1388,0.00601925376998405,0.0561124873403063
0.330651855106499,0.253091598225183,1389,1389,0.00442906515211781,0.0604188217756319
0.326859800614867,0.252921656786496,1390,1390,0.0037958605559337,0.0568622531054088
0.327760927390383,0.253595786674007,1391,1391,0.00112538018944136,0.0579588071013473
0.324263784162896,0.252433467075247,1392,1392,0.00368524050819161,0.0542919774125293
0.324287612119066,0.251628878197449,1393,1393,0.000804941633766332,0.0539876383318409
0.324027927600843,0.250986925363697,1394,1394,0.000692487898643854,0.0534955706703633
0.325559282689454,0.251941313049895,1395,1395,0.00180441244259248,0.0552787966355668
0.323014260599834,0.251037400476052,1396,1396,0.00270077681006839,0.0525840483747285
0.321333647090202,0.250656820182229,1397,1397,0.0017231665992605,0.0508919629999999
0.319894446017813,0.25082976273631,1398,1398,0.00144955470879033,0.0496509754933055
0.321203316875303,0.250624080243498,1399,1399,0.00132493328489943,0.0507595251051884
0.318567115383962,0.24948838064478,1400,1400,0.00287043060906863,0.0478892393676315
0.320014194549772,0.250534918244964,1401,1401,0.0017858552742937,0.0496376127554036
0.321790901807255,0.250521393771684,1402,1402,0.00177675873155828,0.0512563944683874
0.323148235265867,0.251387074411568,1403,1403,0.00160989350211097,0.0528469236592071
0.322825103978777,0.251838543929039,1404,1404,0.000555192357568032,0.0527359685481269
0.32207205049338,0.251934761302646,1405,1405,0.000759175430880339,0.0520911650431044
0.321241200595896,0.251082647292869,1406,1406,0.00119013017683191,0.0509813059824143
0.321483160590217,0.252115864622421,1407,1407,0.00106117043350163,0.0516341710191233
0.322645398948616,0.250588208455756,1408,1408,0.00191951331469254,0.0520674348212679
0.319194930231561,0.249599112496566,1409,1409,0.00358943521795011,0.0485083267185138
0.318313686479744,0.248850420562821,1410,1410,0.00115634344455733,0.0474015176214158
0.319953162548403,0.249319894442838,1411,1411,0.00170537019550697,0.0490933996528339
0.318797205340773,0.249894973524308,1412,1412,0.00129110534652218,0.0482651286993794
0.319687515491963,0.24967136719096,1413,1413,0.000917960760395515,0.0489885461714253
0.319987485764781,0.249609525165943,1414,1414,0.000306278632347306,0.049239096323806
0.320931418543001,0.250660223290217,1415,1415,0.00141243606515475,0.0505257015163537
0.32471237103904,0.251391644892045,1416,1416,0.00385104912159309,0.054283837571357
0.324989826442087,0.250917612023851,1417,1417,0.000549261923683172,0.0543557188080967
0.324392150564469,0.251344880043825,1418,1418,0.000734693416044056,0.0539710195568247
0.32563410149054,0.253061802534448,1419,1419,0.00211902452594948,0.0557994596649122
0.32766231742019,0.252861077879099,1420,1420,0.00203812419752813,0.0575741288682125
0.3249028940981,0.251811474308365,1421,1421,0.00295230159810849,0.0546247318709951
0.323929874860034,0.252083089870902,1422,1422,0.00101021851668741,0.0538437561531061
0.321256598765474,0.249871416301112,1423,1423,0.00346956842518691,0.0505087131728323
0.324359838446142,0.251446159878796,1424,1424,0.00347993015032328,0.0539813151163557
0.326497409418684,0.251250324103528,1425,1425,0.00214652307547081,0.0558763619641445
0.325750378999987,0.251063770642032,1426,1426,0.000769971843936425,0.0551144398750123
0.324978050440617,0.251264532536305,1427,1427,0.000797995452249246,0.0544787613511961
0.325700082102957,0.251884156520479,1428,1428,0.000951453416193303,0.0553856340384007
0.3259179128309,0.251397312259049,1429,1429,0.000533355004591785,0.0553968530198498
0.325643240242159,0.25188740722489,1430,1430,0.000561816790910215,0.0553346643952273
0.325953921867583,0.252009691975322,1431,1431,0.000333881165333797,0.0556683964706899
0.328980334459821,0.253227762088784,1432,1432,0.00326234087424443,0.0589299826410991
0.329484900505078,0.253811177661983,1433,1433,0.000771336907633122,0.0596240772269704
0.330554105265914,0.253613660318022,1434,1434,0.00108729569196196,0.0605294455602244
0.331640589163035,0.254778448744025,1435,1435,0.00159285257825552,0.0619866522702692
0.334666060987139,0.255899917911216,1436,1436,0.00322663491139086,0.0652086949532724
0.337125054166401,0.256078108773696,1437,1437,0.00246544102325124,0.0675422143216795
0.334701495355691,0.256030789033698,1438,1438,0.00242402072325411,0.0652931268358617
0.334002764968299,0.256287794718772,1439,1439,0.000744497197056961,0.0647560794182603
0.330920214591815,0.254167307185377,1440,1440,0.00374146818813769,0.0610830689969661
0.330299681327333,0.253810620446936,1441,1441,0.000715742245300918,0.0603722327740743
0.327786152436419,0.253385380198906,1442,1442,0.00254924631097186,0.057896874353613
0.332360322864086,0.255126407429607,1443,1443,0.00489430392593109,0.062785433404644
0.331568674919086,0.254791217802052,1444,1444,0.000859685148902191,0.0619257892548146
0.334379846920129,0.254919871898046,1445,1445,0.00281411440703216,0.0645626995791612
0.333937338241811,0.255966536128584,1446,1446,0.00113636259260703,0.064566816427805
0.335651599742116,0.256117240355895,1447,1447,0.00172087310850009,0.066200030904525
0.335947196344685,0.256090582302171,1448,1448,0.000296796231914406,0.0664614839439
0.339178355089972,0.255798029599725,1449,1449,0.00324437573670982,0.0693375500514446
0.340601431873463,0.256807528309338,1450,1450,0.00174477367484227,0.0710346891000617
0.338814579979455,0.256403482489622,1451,1451,0.00183196416874046,0.069227728752164
0.337202941079189,0.256455270730579,1452,1452,0.00161247076461943,0.0677599878415769
0.338884182570364,0.256260276248266,1453,1453,0.00169251168379389,0.0692378491910473
0.337332295416534,0.256623902872059,1454,1454,0.00159391908820801,0.0679448494161951
0.338621440804049,0.257204771657857,1455,1455,0.00141396760092552,0.0693584790153713
0.336985436740821,0.255255477901798,1456,1456,0.00254484880539291,0.0671004973134457
0.336200988784325,0.255455703667017,1457,1457,0.000809598019704403,0.0664501574936613
0.337536346497434,0.256048696418296,1458,1458,0.00146110253747988,0.0679107694168419
0.336533825565705,0.255331584139183,1459,1459,0.00123259816623647,0.0667108367569938
0.336792154713805,0.256031378229412,1460,1460,0.00074595289226429,0.0672170212913719
0.338127373959762,0.25569381672546,1461,1461,0.00137722845008571,0.0683234799566918
0.335727501986544,0.254826945929127,1462,1462,0.00255163682082171,0.0657737104922724
0.336543227956139,0.255027799063199,1463,1463,0.000840089780284321,0.0666051902560861
0.336336688151691,0.254386256401395,1464,1464,0.000673970086677748,0.0661754696623737
0.337280520991916,0.254730229218199,1465,1465,0.0010045584746483,0.0671796804383284
0.337307356453771,0.254414101772953,1466,1466,0.000317264406529513,0.0670893693446095
0.334467323660586,0.253790126894233,1467,1467,0.00290777078113832,0.0642179314778522
0.336686611694154,0.255519212856036,1468,1468,0.0028133570052953,0.0669233635451593
0.339606036243859,0.255456644754364,1469,1469,0.00292009494173845,0.0696097765814519
0.339294888542696,0.255029920446697,1470,1470,0.000528116016319622,0.069165089818296
0.341361663700191,0.256420771909454,1471,1471,0.00249118994520543,0.0715965000153188
0.343477505940217,0.256419708748415,1472,1472,0.00211584250713297,0.0735677595207351
0.34205950585108,0.256006066285622,1473,1473,0.00147709997624398,0.0720957525069955
0.341484418600926,0.257112893892007,1474,1474,0.00124731419279375,0.0719677075747621
0.340847974130777,0.256734301776747,1475,1475,0.000740535990564541,0.0712357594906844
0.340527263735567,0.256576950038049,1476,1476,0.00035723203561108,0.070879476599184
0.339651206812295,0.257091853023498,1477,1477,0.00101616967935389,0.070263950802667
0.338231565966994,0.256586573660538,1478,1478,0.00150688000991408,0.0687591964403025
0.339413297556038,0.254990139388406,1479,1479,0.00198622554957535,0.0692612306413464
0.337520948960128,0.254924270813666,1480,1480,0.001893494620426,0.0674745908901816
0.337352074046206,0.255308813021981,1481,1481,0.000419989817172154,0.067460428974531
0.34457993700391,0.257458215439541,1482,1482,0.00754068522668557,0.0749710774223251
0.341821102684768,0.25596674239046,1483,1483,0.00313618536706761,0.0718591681058021
0.338519577759461,0.255571298736874,1484,1484,0.00332512293240207,0.0686416720445936
0.340336588484924,0.254722029954451,1485,1485,0.00200568827120426,0.0700287946971694
0.341268604484063,0.256802362198191,1486,1486,0.00227956927225114,0.0716513732065852
0.344058964723488,0.256583867416105,1487,1487,0.00279890161234042,0.0741694727450383
0.34427868352512,0.257322685115478,1488,1488,0.000770796954260972,0.0746411397524361
0.346210567639657,0.257674854227948,1489,1489,0.00196372078355901,0.0765692529015038
0.345828431148397,0.25803292746619,1490,1490,0.000523683818632336,0.0763432537014848
0.347576884411605,0.257017245597092,1491,1491,0.00202205303412962,0.0776147419896423
0.347915805904108,0.256985011200834,1492,1492,0.000340450928010391,0.0779215634619626
0.349163317853427,0.25708045819108,1493,1493,0.00125115794032528,0.0791260748773284
0.344288522549709,0.257422397346375,1494,1494,0.00488677313153273,0.0746867377190566
0.346446071879775,0.25571562793667,1495,1495,0.00275101452732839,0.0761070615033195
0.347152020394399,0.257881189496937,1496,1496,0.00227772258552348,0.0775219556618751
0.345205264962868,0.257417127538985,1497,1497,0.00200130212886827,0.0755387092946691
0.342770914341689,0.258235333089361,1498,1498,0.00256817508544494,0.0735836640071924
0.341004392087363,0.25705336134655,1499,1499,0.00212547831695209,0.0715005672410016
0.344525101568016,0.257862997639402,1500,1500,0.00361260379419987,0.07506885902468
0.34813751993189,0.257732861882939,1501,1501,0.00361476164508352,0.0783902977009695
0.347651620384219,0.258343088316045,1502,1502,0.000780047863972655,0.0781543537310692
0.346871060337188,0.257797910733331,1503,1503,0.000952099040916906,0.0772298199406342
0.348318378863944,0.260131160787727,1504,1504,0.00274568511199446,0.0794352775587818
0.349265712667033,0.258472156741028,1505,1505,0.00191042816181003,0.0797072708902967
0.348205339696144,0.259326671808707,1506,1506,0.00136183216230262,0.0790294765563284
0.351124698234073,0.259567040090626,1507,1507,0.00292923730413397,0.0818350879603168
0.349119904959263,0.259114945368993,1508,1508,0.002055136421761,0.0798025998390959
0.348862970433239,0.257743622031934,1509,1509,0.00139518566700887,0.0790733128279579
0.351168487924869,0.259844767374226,1510,1510,0.0031193304816337,0.0819763468282117
0.352882388878648,0.259285075466791,1511,1511,0.00180297296447089,0.0833780097065752
0.355545899854867,0.261493651736293,1512,1512,0.0034600722331545,0.0866537323854686
0.353682459502018,0.260460766457554,1513,1513,0.0021305543756647,0.0845431218319227
0.347818148886288,0.261145182617783,1514,1514,0.00590411419928085,0.0793637495326287
0.346292848105578,0.258399494905725,1515,1515,0.00314091443432987,0.0769098117437045
0.347002761891446,0.260243476082667,1516,1516,0.00197591603168893,0.0782621844774556
0.34229002778478,0.257157669844917,1517,1517,0.00563312194942321,0.0727316375673398
0.341489796443306,0.25801845130523,1518,1518,0.00117529354728737,0.072317602597131
0.343361421877124,0.257486895047058,1519,1519,0.00194564483401134,0.0738486510415989
0.344386522090454,0.25869788700245,1520,1520,0.00158661021154891,0.0752535744346656
0.345806569996426,0.258300286323643,1521,1521,0.00147466008118616,0.076421210228288
0.344142650192117,0.258214455831405,1522,1522,0.0016661320441576,0.0748450568248051
0.342623835128571,0.257173614583826,1523,1523,0.00184123591642057,0.073047478182021
0.341284147249625,0.257591692351993,1524,1524,0.00140340750789993,0.0719637684444934
0.339731125209348,0.256283404878631,1525,1525,0.00203063870999803,0.0700313262707737
0.343948210976146,0.259031667034363,1526,1526,0.00503356307610891,0.0749765860468524
0.337497390309675,0.256232230531953,1527,1527,0.00703206456184831,0.0679451866177887
0.337654477601834,0.256154622539606,1528,1528,0.000175212493372641,0.0680604426679732
0.337873787373822,0.256375637637433,1529,1529,0.000311359036414318,0.0683477852808722
0.333291909944814,0.255152639962947,1530,1530,0.0047422910166134,0.0636511397649145
0.32938912669185,0.254491686399581,1531,1531,0.00395835530650539,0.0598106531215255
0.328654022350704,0.253035827645111,1532,1532,0.00163092093779542,0.0585545324239178
0.33253820411688,0.254033280432489,1533,1533,0.00401020947778887,0.0625218194899386
0.331009774624336,0.254460895205806,1534,1534,0.00158712038233999,0.0612815642110477
0.33225316590701,0.255497437354859,1535,1535,0.0016187777823392,0.0628363050056516
0.33086445497081,0.254078418035998,1536,1536,0.00198548077090182,0.060996812059555
0.330435222261828,0.254693822545272,1537,1537,0.000750308888721035,0.0608486642377867
0.329585079748501,0.253293324950837,1538,1538,0.00163833323990742,0.0595121599515078
0.32840065793975,0.253677050708236,1539,1539,0.0012450303120547,0.058576803824562
0.326426185738753,0.253768245394216,1540,1540,0.00197657707749042,0.0568130463325115
0.326788663922196,0.253799711426659,1541,1541,0.000363841372948878,0.0571557806141509
0.324901206236952,0.252215594992308,1542,1542,0.00246412690240789,0.0547851639422001
0.327964449904993,0.252973381279065,1543,1543,0.00315558264448794,0.0578960444572662
0.325721772878401,0.252823974920872,1544,1544,0.00224764821657502,0.0557820042209709
0.332793612211409,0.254545133251228,1545,1545,0.00727827572643621,0.0629549124118334
0.331365710559052,0.254087057602284,1546,1546,0.00149957875050255,0.0614613556722533
0.329141904423793,0.254133502711747,1547,1547,0.00222429109502541,0.0594392262863023
0.326479314396247,0.252515738007504,1548,1548,0.00311553338821415,0.0563512110294588
0.330849913265623,0.25377151201915,1549,1549,0.00454742815724573,0.0608633565464962
0.331708709235823,0.253861776123045,1550,1550,0.000863526564087127,0.0616900959762034
0.333879415603429,0.254504572987987,1551,1551,0.00226388028480855,0.063941313662662
0.33596117113202,0.255331638221883,1552,1552,0.00224003191538424,0.066181143773667
0.339289500772515,0.255999772147893,1553,1553,0.00339472843374608,0.0695157340405971
0.341314573550939,0.255983572335005,1554,1554,0.00202513757356085,0.071392965527988
0.34162671703913,0.256574385562451,1555,1555,0.00066820193575389,0.0718994883127879
0.3353146351353,0.254010963644036,1556,1556,0.00681274613445059,0.0650870128916639
0.332265440233549,0.253380436313122,1557,1557,0.00311370426725045,0.0620218142957661
0.332507741609735,0.252506762590697,1558,1558,0.000906650831443533,0.0619248024912819
0.330869925689642,0.254079707933431,1559,1559,0.00227081440001946,0.0610023491926047
0.328578282730298,0.252462006846441,1560,1560,0.00280509968806126,0.0582620880347385
0.325481917577925,0.250891894511874,1561,1561,0.00347170417806422,0.0548007958746702
0.321446649574057,0.249010137924589,1562,1562,0.00445245951321676,0.0503536723779533
0.322621847152797,0.250273623880549,1563,1563,0.00172553936784608,0.0519226735761394
0.323781072873534,0.250281842063072,1564,1564,0.00115925485124808,0.0529957489483956
0.326222264680253,0.25147100119328,1565,1565,0.0027154220434669,0.0557061528884283
0.327302309214862,0.252424242316125,1566,1566,0.00144054324302458,0.0570712740729306
0.326378421151356,0.25144734915716,1567,1567,0.00134457777682217,0.0558413260087655
0.326126508943055,0.251098429694013,1568,1568,0.000430353985055752,0.0554755639290725
0.325135492794575,0.250716929439686,1569,1569,0.00106191122538558,0.0544138908754527
0.325643503812644,0.250881074850483,1570,1570,0.000533871623487802,0.0549462229593378
0.328165815267586,0.252315405980541,1571,1571,0.00290161349362483,0.0578249541070987
0.328737996145257,0.251862026990833,1572,1572,0.000730029769996266,0.0581823895453212
0.327498637450607,0.251453401336701,1573,1573,0.0013049846356252,0.0568802335714214
0.327782399401126,0.251702774799908,1574,1574,0.000377767082623826,0.0572370245996466
0.327240448971324,0.251484270253126,1575,1575,0.00058434108646212,0.0566526882770425
0.3260978850022,0.250125867775207,1576,1576,0.00177502386337656,0.055087889287506
0.326959230814544,0.251367790770339,1577,1577,0.0015113865601762,0.0563483062371558
0.324497102766456,0.250746700570344,1578,1578,0.00253925728545002,0.0538351236435518
0.326192953223848,0.252072044763513,1579,1579,0.00215231178136503,0.0559126793835893
0.327973222789537,0.251879898887216,1580,1580,0.00179060876918849,0.0574806822591665
0.327012536403467,0.252493860355866,1581,1581,0.00114011710686454,0.0568321436912537
0.325383961955215,0.251455525521451,1582,1582,0.0019314227817491,0.0549269963841143
0.325492657479481,0.250896948338381,1583,1583,0.000569054642755717,0.0548126503692832
0.324540084083315,0.249819842724528,1584,1584,0.00143789866766672,0.0535262315065952
0.325561897125225,0.250119563764805,1585,1585,0.00106486365070938,0.0545866557413003
0.32734860774657,0.251337693633771,1586,1586,0.00216244658248374,0.0566977495356338
0.324174983494609,0.250060291116164,1587,1587,0.0034210594973815,0.0532766942772451
0.324388008626563,0.250048734037304,1588,1588,0.000213338400002422,0.0534699264589152
0.32283030601383,0.249792825178324,1589,1589,0.00157858378739194,0.0519304492805456
0.324761625876602,0.250266628657015,1590,1590,0.00198858898436958,0.0538979136073002
0.324789419636401,0.25135900103612,1591,1591,0.00109272590694751,0.0543419258395342
0.326734756935556,0.251184067353574,1592,1592,0.00195318688321758,0.0560711351850501
0.325603066780394,0.251371615958377,1593,1593,0.00114712557571231,0.0550964363434665
0.325602410729396,0.250595876113008,1594,1594,0.000775740122783634,0.0548008169024749
0.326620199202872,0.251231186018394,1595,1595,0.00119979667136563,0.0559827917181096
0.323202380616286,0.250297902430303,1596,1596,0.00354295105055289,0.0524673687436008
0.323215842621437,0.25064807092383,1597,1597,0.000350427167100379,0.0526156415460207
0.323077469356327,0.250556205241667,1598,1598,0.000166091733859768,0.0524523807027523
0.322692455870815,0.250447709048119,1599,1599,0.000400008509959964,0.0520555788537316
0.323359417186453,0.250254795506624,1600,1600,0.000694300389637569,0.0525957768324211
0.322918379010695,0.250677321164503,1601,1601,0.000610772137579138,0.0523534573759249
0.319934983495178,0.24964708785971,1602,1602,0.00315626828142225,0.0492058213146464
0.320307966443359,0.249574846524543,1603,1603,0.0003799145826902,0.0495198158412813
0.317225770493896,0.247949986942,1604,1604,0.0034842647049082,0.0460477391200148
0.316030635570976,0.248423296990231,1605,1605,0.00128544540364057,0.045138774605181
0.315231101901654,0.247967459009747,1606,1606,0.000920349038588739,0.0442231047885636
0.315415249592798,0.247771580557467,1607,1607,0.000268847057304165,0.0443130557270869
0.317402864785204,0.248162694331908,1608,1608,0.00202573051950194,0.0462936551616853
0.314922654685524,0.247867041140928,1609,1609,0.00249776959463741,0.0439004051413939
0.314321553005202,0.247745409728712,1610,1610,0.0006132841352283,0.0433017507464258
0.313006038440133,0.245951784089803,1611,1611,0.00222433619389286,0.0413838038742803
0.313787187561348,0.247180689835104,1612,1612,0.00145616045833203,0.042584584245207
0.311725708864843,0.246216259577935,1613,1613,0.00227592182139138,0.040309385840401
0.31255883676101,0.246162255612043,1614,1614,0.000834876349948172,0.0410530854568645
0.314630825710368,0.247106514345869,1615,1615,0.00227700741383748,0.0433294045327309
0.316080930067892,0.247083078563828,1616,1616,0.00145029372321254,0.0446576645020689
0.312583813765152,0.24574861489178,1617,1617,0.00374307570413789,0.0409159587510692
0.31121065419668,0.245360328628985,1618,1618,0.00142700154952988,0.0394991037956251
0.311819605797458,0.245430122487753,1619,1619,0.000612938198198839,0.0400880407406937
0.309702955788108,0.2452976398344,1620,1620,0.0021207920490988,0.0380880629965586
0.310133426036725,0.246119851450554,1621,1621,0.000928082203624527,0.0388154346310113
0.309224080416559,0.244843442985593,1622,1622,0.00156720388792932,0.0374683218205023
0.307550741722212,0.244182247040669,1623,1623,0.00179923385461305,0.0356698555334337
0.302974694229279,0.241911611576441,1624,1624,0.00510842402987315,0.0305702369608477
0.30022246695961,0.241138852082534,1625,1625,0.0028586556594547,0.027735565282445
0.301405755486492,0.241472152655335,1626,1626,0.001229333563229,0.0289541392880143
0.300160088834055,0.240642738941731,1627,1627,0.00149653350022964,0.0274840303242663
0.298606042635816,0.239655382571396,1628,1628,0.00184117684873074,0.0256718880262471
0.297834659718487,0.240140072615235,1629,1629,0.000911019233465007,0.025147554546863
0.297924472832379,0.239976638812785,1630,1630,0.000186485933009157,0.0251652282056958
0.299323017753387,0.240331206683013,1631,1631,0.00144279113896489,0.0265915307349488
0.30016510198489,0.240710955455934,1632,1632,0.000923750498500442,0.0275149268482167
0.302345046528587,0.241916996138088,1633,1633,0.00249132341148341,0.0299927126813445
0.299848193820969,0.240483842246136,1634,1634,0.00287892402149713,0.027135042230326
0.300047364689583,0.240911060800264,1635,1635,0.000471364750374406,0.0274845479359498
0.300952409773723,0.241690575722269,1636,1636,0.00119446645744198,0.0286257108461937
0.302749825757511,0.242053406392528,1637,1637,0.00183367126662781,0.0304184983485905
0.304029909513246,0.242872054762669,1638,1638,0.00151947345341486,0.0319183927636492
0.304550590116322,0.243320932310101,1639,1639,0.000687458611850874,0.0325759099867613
0.306893544603253,0.244140907184907,1640,1640,0.00248229621986272,0.0350505121657891
0.30810936358944,0.245290200594541,1641,1641,0.00167304845972841,0.0366295058155949
0.307728821766209,0.244451600541196,1642,1642,0.000920902887767371,0.0359403163702927
0.310598837738276,0.246216006266789,1643,1643,0.00336899380296615,0.0392791443686132
0.312280955442086,0.246609679908985,1644,1644,0.001727570231867,0.0409759006447094
0.311137845545443,0.24641162696884,1645,1645,0.00116014016519779,0.0398509637545827
0.311415968943229,0.246307483250952,1646,1646,0.000296982387308781,0.0400625632427421
0.311428170945571,0.246742486652232,1647,1647,0.000435174502914119,0.0402517622527363
0.31059021370559,0.244831827260951,1648,1648,0.00208633449991286,0.0387233551826307
0.313445777850461,0.246802504158593,1649,1649,0.00346955530585276,0.0421206005798472
0.313418716203127,0.24586026922266,1650,1650,0.000942623470559571,0.041730575278534
0.311792184648195,0.247000628694226,1651,1651,0.00198646032519661,0.0406900539979946
0.312089689807936,0.245842407551956,1652,1652,0.00119582002595395,0.0404963081194827
0.310121466444888,0.245933927363644,1653,1653,0.00197034998992028,0.0387280945923952
0.309388420222405,0.244097033879387,1654,1654,0.00197775995429261,0.0373329631373163
0.30973634025624,0.245295465037148,1655,1655,0.00124791249286054,0.0381178042700033
0.309257869286513,0.244461145805278,1656,1656,0.000961781185894248,0.0373505959717299
0.310406501581567,0.245295816843812,1657,1657,0.00141987037852316,0.0387333734904789
0.309698564325001,0.24413781289455,1658,1658,0.00135725764162137,0.0376358252096475
0.310346425377647,0.245108431245053,1659,1659,0.0011669721187195,0.0386048305182125
0.308143563868655,0.243734125879228,1660,1660,0.00259640406453556,0.0360431360706733
0.310371399445725,0.244564598420745,1661,1661,0.00237759037697291,0.0384196193755911
0.311431514286662,0.244600759025251,1662,1662,0.0010607313822517,0.0394169100041897
0.312614290011428,0.246126374287365,1663,1663,0.00193040419163674,0.0410900967333064
0.309983303026696,0.244413653937999,1664,1664,0.00313934762473991,0.0380032526259
0.31562765147446,0.247317225626001,1665,1665,0.00634739300399275,0.0443293186321088
0.314866040473257,0.246629430566428,1666,1666,0.00102621311681603,0.0433615700253192
0.314382728043386,0.247359011521137,1667,1667,0.000875145287561771,0.0432016854518152
0.311552215952822,0.246248851864209,1668,1668,0.00304043634347135,0.0401635517613011
0.314401722220273,0.246766139423827,1669,1669,0.00289607879512565,0.0429855955838047
0.314134071039254,0.245992937868017,1670,1670,0.000818216230961156,0.0424432629408478
0.318170775309108,0.248601729012599,1671,1671,0.00480632631001173,0.0471721497743655
0.318374271685248,0.249072727384621,1672,1672,0.000513079176686465,0.047545494057119
0.318046890135103,0.249966187394063,1673,1673,0.000951551085253791,0.0476115991605936
0.318560268878832,0.249363019596637,1674,1674,0.000792066364874141,0.0478323227376717
0.321638876451028,0.250900508658805,1675,1675,0.00344117671732597,0.0512697415804211
0.321540567618609,0.250299473742608,1676,1676,0.000609021836242064,0.0509384468002342
0.325228889814381,0.251983055067318,1677,1677,0.00405440090478767,0.0549920828751152
0.321827526382019,0.250218068551359,1678,1678,0.00383202956676136,0.0511698927207475
0.323815145812515,0.25139052299997,1679,1679,0.00230765691439468,0.0534593140554372
0.323636695859651,0.251308828400375,1680,1680,0.000196261033524015,0.053263090239053
0.327488579583764,0.252262491234289,1681,1681,0.00396818359263737,0.0571798058875967
0.329494204709429,0.253242640872089,1682,1682,0.00223231392442379,0.0594087158101647
0.328733692264498,0.253635703666433,1683,1683,0.000856082670769821,0.0588652373517174
0.329317959736188,0.2522902737836,1684,1684,0.00146681629664277,0.0588807539801015
0.330362136226233,0.252865348921989,1685,1685,0.00119206373871405,0.0600648616174169
0.325231407294529,0.250436864163456,1686,1686,0.00567643528925058,0.0543972655779981
0.325408294718188,0.250411397814277,1687,1687,0.000178711207228755,0.0545518558862052
0.32593188991438,0.250633109617963,1688,1688,0.000568601840807215,0.0551203586017183
0.32885317230385,0.251816042924132,1689,1689,0.00315170144618222,0.0582720485180899
0.330392991718919,0.251266430987576,1690,1690,0.00163496700634315,0.059505739408636
0.332905597309124,0.253627877386164,1691,1691,0.003448132240117,0.0627080404705039
0.331528283228784,0.252519346760529,1692,1692,0.00176800289136467,0.0610174478603817
0.330597969613697,0.251997187234217,1693,1693,0.00106683362964147,0.0599604908834167
0.32967980925599,0.25118583374961,1694,1694,0.00122528075127747,0.0588108443674752
0.330860821730509,0.252330041420041,1695,1695,0.00164438488744111,0.0603271735645283
0.329365779781399,0.250949182496687,1696,1696,0.00203517119569974,0.0584329191472158
0.331513585957471,0.253729620238005,1697,1697,0.00351338944657663,0.0614591313203586
0.330099794490778,0.252919619720327,1698,1698,0.00162938858162547,0.0598428847688024
0.332521338562431,0.253048466406309,1699,1699,0.00242496951721976,0.0621356130769878
0.330136184480467,0.252166885692329,1700,1700,0.00254286148855411,0.0595935457108832
0.329403387675261,0.252472221010765,1701,1701,0.00079386448113268,0.0590286433452262
0.330273866999483,0.252675569205493,1702,1702,0.000893915399909788,0.0599113840937913
0.332775810674976,0.254929689663284,1703,1703,0.0033676076365241,0.0630889454997468
0.333188760329091,0.253772574765722,1704,1704,0.00122859362809369,0.0630248195000283
0.335952990505055,0.254666964078909,1705,1705,0.00290532282358574,0.0659228763013768
0.335249994958152,0.254405199142475,1706,1706,0.000750149065793816,0.0651729766351826
0.337699001494273,0.255118775294471,1707,1707,0.00255084769021251,0.0677118369723375
0.3351253990767,0.25374826357468,1708,1708,0.00291577292974348,0.0648146988726778
0.333304622635739,0.254626495555101,1709,1709,0.00202151385337598,0.0634575112567903
0.336804041873529,0.25493163301068,1710,1710,0.00351269752022702,0.0668112791879263
0.336700599713971,0.256363508196616,1711,1711,0.00143560678058876,0.067261625257886
0.335513737236517,0.255586531610127,1712,1712,0.0014185679949657,0.065866022632619
0.334678885179586,0.255878645720835,1713,1713,0.000884482114367695,0.0652120555733088
0.336524598811265,0.255372714038124,1714,1714,0.00191379875580891,0.0667178734841115
0.341618106491873,0.257567987138012,1715,1715,0.00554644430924004,0.0722634673670755
0.340109632134399,0.255663102028884,1716,1716,0.00242983171559932,0.0701539805983753
0.338891882707954,0.254433508516976,1717,1717,0.00173055305325566,0.0685753496344179
0.336277154863781,0.253384846656951,1718,1718,0.00281717826836786,0.0657586723628448
0.339305751614114,0.256264866283754,1719,1719,0.00417934340858653,0.0696300443363614
0.33821289918246,0.254432558986977,1720,1720,0.00213346583455058,0.0679406872208942
0.336189520653597,0.254409966675667,1721,1721,0.00202350465371236,0.0660473329371371
0.34152501075295,0.255686713630508,1722,1722,0.0054861222541059,0.0714822608926967
0.340926066495804,0.255767703777511,1723,1723,0.000604395257328122,0.0709526412932772
0.341702085354638,0.255878563753146,1724,1724,0.000783897444481618,0.0717163909086347
0.341340599056867,0.257659442954334,1725,1725,0.00181719648709218,0.0720418405433031
0.335867740132638,0.254566407586325,1726,1726,0.00628641810511093,0.0658063087029926
0.340614532951493,0.255969970611433,1727,1727,0.00494995264932754,0.0707360805770692
0.341323744719772,0.256824180456061,1728,1728,0.00111025032804518,0.0717106723065936
0.340713317728507,0.256477342831573,1729,1729,0.000702080799783623,0.0710150063329764
0.338260030255911,0.255723232633444,1730,1730,0.00256657390583603,0.0684574953702319
0.337481121278874,0.25584265532102,1731,1731,0.000788010769480671,0.0677811823018678
0.336013481790221,0.256045693531134,1732,1732,0.00148161742140767,0.0665049559460525
0.335945114136112,0.256686218989472,1733,1733,0.000644163798196591,0.0666948758260272
0.333074207879405,0.255210922903296,1734,1734,0.0032277858164205,0.0634741334435747
0.330473397117159,0.253221124696802,1735,1735,0.00327467762132082,0.0603034158693196
0.33049597944456,0.252199003441825,1736,1736,0.00102237068687697,0.0599397227552478
0.331569743627234,0.254356012776299,1737,1737,0.00240949347145796,0.0617544430434127
0.332738578540353,0.254517354883646,1738,1738,0.00117991793347256,0.0628934099307236
0.338471446827925,0.255614551380895,1739,1739,0.00583691861826275,0.0686130640767321
0.338760243672734,0.256257827115274,1740,1740,0.000705129270427035,0.0691221955180638
0.337834678083684,0.256673754904278,1741,1741,0.00101472537432552,0.0684269657143895
0.33701875782561,0.256160387249511,1742,1742,0.00096398766407881,0.0674758666021818
0.337126095339326,0.255611970565784,1743,1743,0.000558822154930364,0.067365174936371
0.336163415773091,0.25457859075971,1744,1744,0.00141231220728572,0.066085370981214
0.338944034977566,0.256495476978156,1745,1745,0.00337732082200748,0.0693824457065875
0.340807954925734,0.255726901437231,1746,1746,0.00201616118782336,0.0708277696980165
0.341039403292204,0.256094370946892,1747,1747,0.000434283532812168,0.071177016616383
0.34210996365926,0.256456587591763,1748,1748,0.0011301771530756,0.0723059229756906
0.345508469777323,0.258307021635811,1749,1749,0.00386961884245433,0.0761467441970499
0.346065736813686,0.258303251838609,1750,1750,0.000557279787170271,0.0766632197745215
0.34416470479555,0.25877698895382,1751,1751,0.00195917063787436,0.0750786535424928
0.344510859466943,0.257972021439482,1752,1752,0.000876239553813521,0.0750960430633515
0.344294619069395,0.258581449691413,1753,1753,0.000646655011411739,0.0751243391030916
0.341500696413895,0.257046486503665,1754,1754,0.00318780736442179,0.0719578878664785
0.338603923211667,0.256898596408479,1755,1755,0.00290054589093146,0.0692231929491965
0.3396997376289,0.257110139727802,1756,1756,0.00111604651021596,0.0703157823870892
0.339618811750785,0.259275008172324,1757,1757,0.00216638047900997,0.071102035119027
0.344774115940027,0.258187206140892,1758,1758,0.00526882098226936,0.0754204501433338
0.344221510603762,0.260798167331107,1759,1759,0.00266879954183138,0.0759259558563641
0.343651442228976,0.259601049189195,1760,1760,0.00132592224418495,0.0749253660780154
0.345063311843034,0.260896392231983,1761,1761,0.00191606090863477,0.0767359591738026
0.346236045274787,0.259091109548744,1762,1762,0.00215275388011614,0.0771144587509127
0.346127658824076,0.260413712998749,1763,1763,0.00132703711653621,0.0775218300619011
0.345030396450807,0.258880001403574,1764,1764,0.00188580380023202,0.0759183753196151
0.344962389306206,0.260886634367855,1765,1765,0.00200778505449605,0.0766396171007001
0.341159930321941,0.259281821866965,1766,1766,0.00412724090525706,0.0725128160300099
0.345812341836229,0.260833805372035,1767,1767,0.00490444550365109,0.0773976644540055
0.344128548174624,0.258713736676974,1768,1768,0.0027073700091859,0.0750210833805861
0.345182103823739,0.259927680242703,1769,1769,0.00160737005277471,0.0764615332369352
0.340573629105737,0.257344742047147,1770,1770,0.00528295456619965,0.0712128220755941
0.344268188353083,0.260109149571113,1771,1771,0.00461429485303156,0.0756927262379597
0.341566244369216,0.258110892320602,1772,1772,0.00336058526616681,0.0724238435984492
0.342596043106268,0.259622458453899,1773,1773,0.00182902094415758,0.0739650140451359
0.340309869590405,0.257514666575845,1774,1774,0.00310956201832845,0.0710346588497951
0.340285054595509,0.258094925842861,1775,1775,0.000580789635694012,0.0712379007114351
0.33905954272129,0.256028171320686,1776,1776,0.00240278039129287,0.069313026639433
0.339554241587727,0.258222668502532,1777,1777,0.00224956548017223,0.0706173244917377
0.33608053823455,0.254645526212045,1778,1778,0.00498623725390825,0.0660332672802947
0.336931768724974,0.257194073002254,1779,1779,0.00268694698304872,0.0678022478422514
0.334772531152544,0.255199323631558,1780,1780,0.00293961425123895,0.06503274880117
0.339264818496141,0.257805958511501,1781,1781,0.00519376462450699,0.0701863447460794
0.333155694663612,0.254984497449658,1782,1782,0.0067291928583353,0.06345979699621
0.335393343681671,0.25576885205604,1783,1783,0.00237113586210833,0.0658259520078735
0.334567085274128,0.254172488333325,1784,1784,0.00179752053986532,0.0644525679057811
0.33545273239185,0.255188734064808,1785,1785,0.00134800823583798,0.0656566666657454
0.331338784800688,0.252713189189866,1786,1786,0.0048013422301146,0.0609129974578756
0.337508232776933,0.255617855673899,1787,1787,0.00681903040872098,0.0677211915481412
0.337542471456234,0.254155908749902,1788,1788,0.00146234780259182,0.0672156494495326
0.340835053231614,0.257757655111306,1789,1789,0.00487992536822582,0.0716129396293849
0.339859783533503,0.256800034079014,1790,1790,0.00136681711488428,0.0703452193572478
0.342415114906508,0.258427506398249,1791,1791,0.00302958488505279,0.0733291108301795
0.340211852911844,0.25739800109717,1792,1792,0.00243192199342036,0.0708992310707953
0.342698820296976,0.257982906770042,1793,1793,0.00255482316821915,0.0734207790428851
0.338133295506914,0.255364732213517,1794,1794,0.00526297013264405,0.0682063246676012
0.340110137850246,0.257108095750089,1795,1795,0.00263575834837651,0.0706940596847069
0.338927032464287,0.255416024337543,1796,1796,0.00206466559506396,0.0689629888118353
0.338748541159017,0.257995966443347,1797,1797,0.00258610912673081,0.0697881033345532
0.332874804678245,0.255021058540478,1798,1798,0.00658413679050711,0.0632159362467248
0.33430502455226,0.257591127275971,1799,1799,0.00294122120779617,0.0655685578538277
0.331846275179896,0.25504717891834,1800,1800,0.00353795445453992,0.0622825781129394
0.330435245585658,0.254932410679928,1801,1801,0.00141568932480374,0.0609455602617362
0.330017282103734,0.253012142400839,1802,1802,0.00196522867267277,0.0598020304525497
0.330089576442533,0.25503647909263,1803,1803,0.00202562719007082,0.0606728034195244
0.32904918498204,0.253173232125416,1804,1804,0.00213403459482273,0.0589719400585332
0.330834515490345,0.25479001714372,1805,1805,0.0024086093123003,0.0612527962339247
0.330389827733543,0.252414490461295,1806,1806,0.00241679006534764,0.0599210312155294
0.328012310842719,0.253895454311679,1807,1807,0.0028010427508872,0.0583103857142058
0.330370042260754,0.25403003424167,1808,1808,0.00236156922344963,0.0605234044845535
0.332680732478423,0.254471318084368,1809,1809,0.00235244993822575,0.0628222268620174
0.330992447493078,0.253260021695033,1810,1810,0.00207787033631987,0.0607978930118973
0.33060896920173,0.254523777401338,1811,1811,0.00132065668708916,0.0609392231010558
0.328315107047114,0.252922754826352,1812,1812,0.0027973338860414,0.0581984223537254
0.32717897565332,0.252922887073515,1813,1813,0.00113613140149085,0.0571551963971815
0.329061986015256,0.253864634816715,1814,1814,0.00210537807411828,0.059257751965714
0.327900452910919,0.253978216998615,1815,1815,0.00116707329012204,0.0582421956473318
0.326327794150716,0.25312085561381,1816,1816,0.00179117953321163,0.0564564128341115
0.324758629156674,0.252378562450904,1817,1817,0.00173587958056578,0.0547209509490566
0.326032921501376,0.251926739272449,1818,1818,0.00135202261976505,0.0557084480238127
0.330668652016908,0.254933503530326,1819,1819,0.00552545280633814,0.0611592087400185
0.329523750329923,0.25501852443446,1820,1820,0.00114805419166489,0.0601500371028263
0.326626150169183,0.254503958042104,1821,1821,0.00294293480452208,0.0573044681554285
0.330278477576104,0.25510115960468,1822,1822,0.00370083033840916,0.060871594513058
0.329812020638705,0.256521651266163,1823,1823,0.00149511826782734,0.0610481779268325
0.330171876126601,0.256627974386625,1824,1824,0.000375234031124255,0.0614186156715473
0.333248631118048,0.257183248920232,1825,1825,0.00312645983263288,0.0644385451679896
0.334342769181789,0.256023548101282,1826,1826,0.00159437890477812,0.0649611998866405
0.339577608933695,0.257857621314563,1827,1827,0.00554683439267829,0.0704941525906504
0.33704320891279,0.255280575944613,1828,1828,0.00361446348781456,0.0671634654875753
0.334635400363833,0.255384190054765,1829,1829,0.00241003690682362,0.0649780251366661
0.334709401768023,0.253961889940497,1830,1830,0.00142422393705108,0.0645063528993767
0.331839646925259,0.254288340946732,1831,1831,0.00288826299305296,0.0619762640229328
0.332412499895451,0.254256029514887,1832,1832,0.000573763500133744,0.0624915316049802
0.33492069705768,0.256708512327476,1833,1833,0.003507951674504,0.0657657464240469
0.330972059942772,0.255449967463565,1834,1834,0.00414435401959163,0.0616472552286789
0.334231326785353,0.25644484297389,1835,1835,0.00340772616743165,0.0650286601421803
0.330939737619831,0.254057448923225,1836,1836,0.00406622793110994,0.0610577988029231
0.332187158944873,0.255620875506904,1837,1837,0.00200009065912584,0.0628260086239033
0.328614915094676,0.254191342156268,1838,1838,0.00384766055231586,0.0589812877989918
0.329624024625229,0.253677857684119,1839,1839,0.0011322404107744,0.059698930413092
0.325836018531566,0.252186814344327,1840,1840,0.00407089675707529,0.0556301669771627
0.325637051652758,0.252509277614491,1841,1841,0.000378906821616492,0.0555769428209704
0.327962716450551,0.251398234966128,1842,1842,0.00257742750008096,0.0572900467809629
0.327654860737822,0.251951779751237,1843,1843,0.000633393218293846,0.0572136478768842
0.326645805864842,0.251062059693054,1844,1844,0.00134528566431744,0.0559428709422633
0.328340211098988,0.252225577863897,1845,1845,0.00205542784630909,0.0579516128673527
0.324787609629529,0.251524844769351,1846,1846,0.00362105013367619,0.054405395796007
0.327888273772188,0.252826801814822,1847,1847,0.00336291692936712,0.0577682240078941
0.327613251171252,0.253305106868452,1848,1848,0.000551736490866756,0.0577062875631
0.328049175563358,0.253591001795306,1849,1849,0.000521311792340875,0.0582204642385598
0.327299984450481,0.252379104585716,1850,1850,0.00142477442783881,0.0570514825821529
0.329888388304008,0.252972026230247,1851,1851,0.0026554454589585,0.0596676065170893
0.328101350697767,0.252624498042416,1852,1852,0.00182051620356848,0.0578850919600621
0.32611057293131,0.252209045260751,1853,1853,0.0020336659335335,0.0558910284798465
0.329981225121855,0.252908889121092,1854,1854,0.00393341198058761,0.0597292013783659
0.330821187987035,0.254316035937876,1855,1855,0.00163877996658075,0.0610509475500486
0.332030512813549,0.253622258213938,1856,1856,0.00139420015286737,0.0618956943511177
0.329951778527224,0.253278294140596,1857,1857,0.00210699964805229,0.0598441745221142
0.330305601029678,0.252074622228369,1858,1858,0.00125459811713814,0.0597169046088028
0.329477071898402,0.25274186559712,1859,1859,0.0010638017834701,0.0591994951456218
0.325895402373212,0.251940863862864,1860,1860,0.00367014446118362,0.0555875151363095
0.323197436269215,0.250937853001866,1861,1861,0.00287837660593583,0.0527126519766344
0.323462955194385,0.250715713289817,1862,1862,0.000346188317672104,0.0528695491085504
0.32596204713239,0.251247444979768,1863,1863,0.00255503407114252,0.055380156857987
0.321511820832279,0.249778714790824,1864,1864,0.00468632931942695,0.0507075673251889
0.32242154345094,0.250415718901521,1865,1865,0.00111057169059422,0.0517937933253637
0.323886579356492,0.249902194560603,1866,1866,0.00155242953246627,0.0529500683834102
0.323018402216119,0.250271808286674,1867,1867,0.00094358139742513,0.0522875574403222
0.319653990983929,0.247997821901042,1868,1868,0.00406082221001223,0.0483127074151321
0.321889873584722,0.249110727133704,1869,1869,0.00249754460649195,0.0508022622299393
0.318130681429895,0.247111275081213,1870,1870,0.00425785558316936,0.0465699966286201
0.319778168186292,0.248407330752623,1871,1871,0.00209618055422193,0.0485810031102664
0.320762258678579,0.246991198086527,1872,1872,0.00172449001881499,0.048987304083964
0.320003719859906,0.247813480368297,1873,1873,0.00111871769912982,0.0485701058362064
0.315826138632231,0.24620963152701,1874,1874,0.00447487608985154,0.04409535168146
0.315226772969294,0.246210584850718,1875,1875,0.000599366421092534,0.0435383914846677
0.311865480704053,0.243687284707595,1876,1876,0.00420301431173626,0.0394969238413476
0.313077429204426,0.245747771460381,1877,1877,0.00239048631578663,0.0413720926884685
0.314873616208829,0.245525413612975,1878,1878,0.00180989799908387,0.0429595789531481
0.315053378177385,0.24648003146755,1879,1879,0.000971395703929294,0.0434782478238375
0.313910376236914,0.245018895337067,1880,1880,0.00185509359001693,0.0418788511894299
0.316378181879874,0.246846671805826,1881,1881,0.00307096589221897,0.0448437997516145
0.316352509797356,0.246651892605095,1882,1882,0.000196463718936047,0.0447475187336881
0.317065373184558,0.245965168796736,1883,1883,0.000989830186335422,0.0451645250803345
0.315167621564833,0.245301033099774,1884,1884,0.00201060623547962,0.0431544564324119
0.316764631628742,0.246685157972846,1885,1885,0.00211334871909124,0.0451428404201565
0.314351133240275,0.244773282909365,1886,1886,0.00307899995607217,0.0422048365301501
0.314729969028983,0.246011233169708,1887,1887,0.00129461863183228,0.0430030842800901
0.313395756404332,0.243972757528747,1888,1888,0.00243628944638485,0.0410327318580099
0.313621714318144,0.244553949636679,1889,1889,0.000623571363306488,0.0414447092692964
0.31370889462984,0.243856656792516,1890,1890,0.000702721649920875,0.0412886657906281
0.312980151206328,0.245030549178228,1891,1891,0.00138169834281686,0.0410153508901447
0.31033131127479,0.242173261031346,1892,1892,0.00389620950889756,0.0375458613066264
0.309410422464198,0.243807682815026,1893,1893,0.00187599860566083,0.037245796809355
0.308357070911896,0.24212102487725,1894,1894,0.00198855839537055,0.0356647097340379
0.308896048024052,0.243298771987787,1895,1895,0.00129521603750357,0.0365812208896078
0.308360798734742,0.242405467670218,1896,1896,0.00104138581010776,0.0357651899265727
0.308885773010778,0.243859623774839,1897,1897,0.00154601680686331,0.0367779719546031
0.307635435601518,0.241737786487371,1898,1898,0.0024628311171257,0.0348562796514617
0.30986269935777,0.242983926202384,1899,1899,0.00255216927911206,0.0373744396079579
0.311876554224909,0.243098544078927,1900,1900,0.00201711394906765,0.0393085326321954
0.313737602576712,0.244682050713019,1901,1901,0.00244356179131219,0.0415981001086344
0.313865890377348,0.244645246740522,1902,1902,0.000133462699596387,0.041705394917956
0.311001902199363,0.244352851148415,1903,1903,0.00287887538214515,0.0389262659283474
0.309433237053131,0.243272561825168,1904,1904,0.00190466148250125,0.037073327817186
0.311592883942909,0.244538712109524,1905,1905,0.00250343987966607,0.0395442687447207
0.310048521774789,0.243818086078304,1906,1906,0.00170421723474195,0.0378435241956594
0.311113826848205,0.243426568924777,1907,1907,0.00113497162120976,0.0387014650621762
0.309973148605716,0.242793620180527,1908,1908,0.00130451943861849,0.0374130619574501
0.307853658861021,0.243117105846162,1909,1909,0.00214403352439739,0.0355441830165633
0.30476133050841,0.242299249279253,1910,1910,0.00319865346738263,0.0323694633751215
0.305598958603538,0.241514262094745,1911,1911,0.00114796589914032,0.0328655830712609
0.305935583972155,0.242154769937148,1912,1912,0.00072357925272695,0.0334074090498827
0.30590015635091,0.242659002596442,1913,1913,0.000505475707671724,0.0335599954619878
0.306065407660188,0.241367499101115,1914,1914,0.00130203274676929,0.0332532500065494
0.309521594711575,0.24261108463075,1915,1915,0.00367310956870218,0.0369263587384269
0.306130246944111,0.242031706232121,1916,1916,0.00344048238023108,0.0335449831184939
0.305745298725816,0.242375937974744,1917,1917,0.000516411292863866,0.0333110012159814
0.307833802758878,0.242657465042611,1918,1918,0.00210739331546278,0.0353597070344099
0.30632838473978,0.242912677074423,1919,1919,0.00152689770233899,0.0340521529730381
0.30811552046285,0.242030164587534,1920,1920,0.00199315889536945,0.0354066673318281
0.309812967444955,0.242493599146278,1921,1921,0.00175957320032241,0.0371612030726183
0.308930755414255,0.243338125868406,1922,1922,0.00122127943219317,0.0366278068468434
0.310035506716658,0.243076197853774,1923,1923,0.00113537734917036,0.0375684826748825
0.308144235277773,0.242366363650545,1924,1924,0.00202009213938737,0.0355484291354506
0.306782098545173,0.241993639175785,1925,1925,0.00141221103677227,0.0341416026860702
0.305761503654084,0.241829586343456,1926,1926,0.00103369592410568,0.033128487838866
0.308096582689201,0.243250945359579,1927,1927,0.0027336524199242,0.0358192770101183
0.309833518924614,0.242733214208654,1928,1928,0.00181245497337982,0.0372612174489482
0.308087583685061,0.242485586044626,1929,1929,0.00176340850863666,0.0355366908932686
0.30562133746702,0.240998183689604,1930,1930,0.00288005836290289,0.0327108197791022
0.307528798426417,0.242466394916749,1931,1931,0.00240708361282703,0.0350067711168374
0.304896661771493,0.241231296271386,1932,1932,0.00290750959310124,0.0321087251678128
0.302677645207255,0.241790162652425,1933,1933,0.0022883107621599,0.0302493328704962
0.304207535156661,0.241410697019149,1934,1934,0.001576247894251,0.0315273387451009
0.301890333562509,0.241449823876431,1935,1935,0.00231753190677176,0.0293916601676219
0.300623116413109,0.239920423602482,1936,1936,0.00198617836603029,0.0276470318309913
0.302960272568162,0.241651248287615,1937,1937,0.00290827319620583,0.0304571307324491
0.302188930473669,0.24086351140745,1938,1938,0.00110249626716367,0.0294476799070169
0.298335207772516,0.239766456943856,1939,1939,0.00400683255870145,0.025462786237905
0.296103841151675,0.237503702230596,1940,1940,0.00317790117671751,0.022573097641159
0.295627279377084,0.237819060372867,1941,1941,0.000571455932594759,0.0222312569073243
0.299078785705178,0.237884042832815,1942,1942,0.00345211799522687,0.0255153322689672
0.300748518351687,0.240689344617773,1943,1943,0.00326461716216567,0.0280458257353197
0.298800393861895,0.238865520924687,1944,1944,0.00266861797400655,0.0255705213689809
0.299433858209273,0.240070135805127,1945,1945,0.00136101950374558,0.026594751029636
0.300098435386054,0.239099695356231,1946,1946,0.00117618769282405,0.0268710125832939
0.300595042308331,0.239998423564526,1947,1947,0.00102680612952924,0.027648661013086
0.300718588971112,0.23853602180725,1948,1948,0.00146761121471921,0.0272761931707604
0.300153205228081,0.239838416349786,1949,1949,0.00141982052433132,0.0271788317038256
0.299199942929413,0.238209586927402,1950,1950,0.00188727165434256,0.0257316238172409
0.299706458832647,0.238828338146278,1951,1951,0.000799632059818123,0.0264110181791964
0.299125107209986,0.237342446779366,1952,1952,0.00159556976138135,0.0253994597087596
0.30338167065604,0.239912680058847,1953,1953,0.00497236678868732,0.0302385998404652
0.299420628320591,0.237747345720114,1954,1954,0.00451425843098488,0.0258001162912762
0.303175698714232,0.240550804592277,1955,1955,0.00468614290318858,0.03025858724026
0.303109933794626,0.238881116132657,1956,1956,0.00167098311686221,0.0296596846972268
0.301694780327912,0.239635373298719,1957,1957,0.00160360943091142,0.0285545731655001
0.29996017622944,0.237829428496357,1958,1958,0.00250405431403054,0.0263398312592926
0.300150601862129,0.239703317408127,1959,1959,0.0018835396399434,0.0271282180095569
0.29979361635911,0.23867852293098,1960,1960,0.00108519231924912,0.0264442256358357
0.300563446799684,0.239726596838109,1961,1961,0.00130042217069644,0.0275227881179517
0.301616593329299,0.239089065521733,1962,1962,0.00123108236613182,0.0283024243007427
0.300125403565746,0.239144336094935,1963,1963,0.00149221370694266,0.0269114117820669
0.301220584465132,0.239508277458975,1964,1964,0.00115406868029542,0.0280652019236436
0.299321401613572,0.239462043283247,1965,1965,0.00189974553629256,0.0262674251744417
0.298182709139643,0.237956920339996,1966,1966,0.00188733029024739,0.0246867770534725
0.295701618043668,0.238096760244853,1967,1967,0.002485028817844,0.0223987680009948
0.295061465323075,0.23719722248774,1968,1968,0.0011040668830077,0.0214879602828902
0.294091759880402,0.238075017545316,1969,1969,0.00130799572195562,0.0208949716625305
0.294904272992095,0.237370701631133,1970,1970,0.00107528529407066,0.021398114805538
0.293986123441446,0.237400801115945,1971,1971,0.000918642790394788,0.0205478679464187
0.294893288170693,0.237537667453206,1972,1972,0.000917431327275469,0.0214452228646069
0.296652081803625,0.238610737288947,1973,1973,0.00206029947231462,0.0234705991728613
0.295456975026478,0.236887201683594,1974,1974,0.00209734479561728,0.0217627232451649
0.29590894397625,0.238220411380355,1975,1975,0.00140773720100535,0.0226366400466372
0.295591430019777,0.237537841846326,1976,1976,0.000752805606607021,0.0221012634087675
0.297971752332149,0.238571055755208,1977,1977,0.00259489215426846,0.0246911513352144
0.300069344879097,0.238634853209906,1978,1978,0.00209856250996627,0.0266911284262181
0.301495108848894,0.239962108990371,1979,1979,0.00194792474299014,0.0284781200682614
0.302135967225965,0.240086042546248,1980,1980,0.000652731940181734,0.0291223830544399
0.298362803802561,0.239357913441818,1981,1981,0.00384277688819245,0.0253359808071498
0.300442593453413,0.239115560204742,1982,1982,0.00209386247956055,0.0272007411059388
0.300396897405604,0.239572771887787,1983,1983,0.00045948955580938,0.0273130464170119
0.301523319247929,0.239859412446183,1984,1984,0.00116232051370746,0.0284691661267889
0.298803582226602,0.240010717620804,1985,1985,0.00272394249591328,0.0259888970196193
0.300792217254333,0.239974263149974,1986,1986,0.00198896913046924,0.0278242261583361
0.300765539195841,0.241937077739697,1987,1987,0.00196299588192003,0.028556391096628
0.303071656250222,0.241499148796423,1988,1988,0.00234732989327497,0.0305029708683732
0.302115658285992,0.242157383542645,1989,1989,0.00116069164240323,0.0298783615919047
0.299591119527696,0.240620475672406,1990,1990,0.00295556792236958,0.0269508757957297
0.300627056805728,0.241599432142527,1991,1991,0.0014253146369861,0.0282913828158493
0.304111394480977,0.242174845203068,1992,1992,0.00353153071987278,0.0317208894635607
0.302236146694697,0.242114846813839,1993,1993,0.00187620736238291,0.0299715236785255
0.302620238147445,0.241373156054474,1994,1994,0.000835243333767366,0.0300372442451167
0.302170843481226,0.241311353122428,1995,1995,0.000453624479538048,0.0295977678020495
0.303382562952776,0.240807730824258,1996,1996,0.00131221168145504,0.0305420084022866
0.301584243893046,0.240780978796844,1997,1997,0.00179851803203546,0.0288550980345918
0.300549711770817,0.240061200621904,1998,1998,0.00126029255851322,0.0276289491727879
0.301766446141687,0.240543822565845,1999,1999,0.00130895625214525,0.028937862717886
0.302405047406624,0.240951636708109,2000,2000,0.00075770967408971,0.0296810554098673
0.302869022305463,0.240916824165462,2001,2001,0.000465279077413151,0.0301007643086889
0.30741329137178,0.242320312600618,2002,2002,0.00475606572018307,0.0348471998423666
0.303804967078298,0.242534919137209,2003,2003,0.00361470056470482,0.031577999973601
0.305100361041144,0.242194385873673,2004,2004,0.00133940599616171,0.0326446517529154
0.305536412134514,0.243159923184409,2005,2005,0.0010594351582106,0.0334157922716867
0.304218157897659,0.242200668149244,2006,2006,0.0016303264873871,0.0318294419053417
0.303885736323036,0.242260050229585,2007,2007,0.000337683779208566,0.0315451580302423
0.302108717291608,0.241351602181595,2008,2008,0.00199576413785618,0.0295556087601221
0.300329691213012,0.241517371024998,2009,2009,0.00178673251992834,0.0279863961048621
0.299262625456748,0.239797496055982,2010,2010,0.00202400574041733,0.0263343699310409
0.302749817461951,0.241758175459334,2011,2011,0.00400059643101975,0.0303035633752529
0.302773876891991,0.241534058900649,2012,2012,0.000225404276912768,0.0302402211581719
0.305398743147464,0.243660266606454,2013,2013,0.00337797011048717,0.0334887921749785
0.303900326571382,0.242162835759065,2014,2014,0.00211838414320661,0.0315212474723444
0.305144725753043,0.243464838217632,2015,2015,0.00180103851303469,0.0331774518666883
0.305617648587549,0.242845673205092,2016,2016,0.000779115729626236,0.0333691555480169
0.305734820730646,0.243884828495048,2017,2017,0.00104574042083248,0.0338871150553249
0.30741645369247,0.243134064189853,2018,2018,0.00184161246201417,0.0351440731915547
0.304198296440079,0.243203530586488,2019,2019,0.00321890690784586,0.0322063230426082
0.303853356112573,0.242422498486176,2020,2020,0.000853812023373573,0.0315783916320552
0.302149923823321,0.243045266771285,2021,2021,0.00181370391767904,0.0302789281509056
0.300891341741842,0.241016191210638,2022,2022,0.00238771365256322,0.0283027033201936
0.300000842193593,0.241608249862432,2023,2023,0.00106935629824553,0.0277241952819888
0.300347409065254,0.24040457675984,2024,2024,0.00125257236694651,0.0275670567886491
0.299657788196987,0.242019309444094,2025,2025,0.00175582988456976,0.0275878259257592
0.298047229129053,0.239370365744346,2026,2026,0.00310012955144425,0.0250471718214623
0.29811653789814,0.241146355917754,2027,2027,0.00177734206092007,0.0258209074327611
0.300088166014834,0.240987811812159,2028,2028,0.00197799233162203,0.0275523324491275
0.300249303054595,0.242434543807056,2029,2029,0.00145567805872086,0.0283009962856008
0.300260824284934,0.240511638958593,2030,2030,0.00192293936331595,0.0275271511415841
0.301234734552855,0.242300519488934,2031,2031,0.00203680994739218,0.0291344170614549
0.298968497432804,0.240117249329491,2032,2032,0.00314682368006337,0.0261820188314662
0.299944591033408,0.241663268280035,2033,2033,0.00182836903074325,0.0276959928429349
0.300828539387127,0.240461615962108,2034,2034,0.00149175500174167,0.0280348540637349
0.302681370806094,0.241881055795501,2035,2035,0.00233405092226591,0.0302880463948837
0.302136481286506,0.240762128247826,2036,2036,0.00124454949499896,0.0293618631701716
0.300458059072973,0.241007202762869,2037,2037,0.00169622010505858,0.0279000115463192
0.299878676767231,0.240269786910988,2038,2038,0.000937798483050316,0.0270819916115234
0.298653652201758,0.240436630966487,2039,2039,0.00123633414774041,0.0260168703087366
0.300837248692071,0.240104318977232,2040,2040,0.0022087383029032,0.0279127337432163
0.299579180545293,0.241129654540335,2041,2041,0.00162297519355695,0.0271430239939895
0.300003900786481,0.240024686821438,2042,2042,0.00118378247287243,0.0271072548505766
0.3020610532189,0.241746408704262,2043,2043,0.00268257383346746,0.0296644926159298
0.302661493912989,0.241397414529323,2044,2044,0.000694496912347407,0.0300845927124806
0.302179713952094,0.241699942147042,2045,2045,0.000568889172162214,0.0297554739897101
0.302863240689195,0.240483388314725,2046,2046,0.00139542539293871,0.029942127080216
0.299996456039805,0.241435719409374,2047,2047,0.00302082583738473,0.0276489421316204
0.298658962153229,0.239724500588452,2048,2048,0.00217190233429241,0.0257467945099905
0.299894144649296,0.241335220990576,2049,2049,0.00202980196383999,0.0275144406392352
0.300998570227528,0.241572639844569,2050,2050,0.0011296563946991,0.0286203819728341
0.29836436638345,0.240981564764504,2051,2051,0.00269970362122102,0.0259755222171154
0.298960519229216,0.240301568087467,2052,2052,0.000904319465839688,0.0262458344359997
0.29606739486154,0.240273176113551,2053,2053,0.00289326367810222,0.0235954118999028
0.296379493292031,0.239160786243786,2054,2054,0.00115534265595557,0.0234243677778748
0.294187183103801,0.239075127969961,2055,2055,0.00219398297652757,0.0213839203749347
0.294738626709319,0.237890972514509,2056,2056,0.0013062596191971,0.021426406113543
0.294175321760679,0.238886339041699,2057,2057,0.00114370756254043,0.021294453934691
0.295328906527364,0.238585661382403,2058,2058,0.001192126196645,0.0222333616665155
0.295637295997317,0.240234527125548,2059,2059,0.00167745709456172,0.0231912621371835
0.298274397206227,0.240132101349292,2060,2060,0.00263908958273013,0.0255480944466827
0.29738969751627,0.240904715577589,2061,2061,0.00117457493893588,0.0250607873027558
0.296361018457874,0.23867300412455,2062,2062,0.00245738003060297,0.023222599773853
0.297914566353718,0.240684125079943,2063,2063,0.00254128285751542,0.0254425749813561
0.299714660030668,0.239660371050166,2064,2064,0.00207084754612172,0.0267056061594416
0.298398334002667,0.241124960035078,2065,2065,0.0019691965637586,0.0260667586075731
0.300479263747801,0.241029073494977,2066,2066,0.0020831377373465,0.0279280873598064
0.301734307932918,0.24315005415406,2067,2067,0.00246448673414977,0.0299493829991164
0.303998251436587,0.242112108331621,2068,2068,0.00249053643180062,0.0315923798103841
0.303867301797025,0.244024909528236,2069,2069,0.0019172783381335,0.0322506903105605
0.303616989909574,0.24247621282623,2070,2070,0.00156879492471255,0.0313821087604744
0.303528132419176,0.243046261259857,2071,2071,0.000576932292630391,0.0315304710402594
0.305226575825568,0.243326220199271,2072,2072,0.00172136196439683,0.0331968435935726
0.304370658329856,0.243975840632802,2073,2073,0.00107452383273964,0.0326844532439924
0.304777935315449,0.242881606850561,2074,2074,0.0011675710313256,0.0326089107219006
0.3035989321981,0.24397985519678,2075,2075,0.00161127210014102,0.0319892950142755
0.305569194075572,0.242988486185879,2076,2076,0.00220561655361855,0.0333793270454148
0.304674018070288,0.244923231105765,2077,2077,0.00213180158210405,0.0333696032559966
0.305406840399833,0.243660304036884,2078,2078,0.00146014155066994,0.0334962098377072
0.305095357616253,0.245487935366383,2079,2079,0.00185398430441951,0.0339995712188095
0.308573851853055,0.24501452253716,2080,2080,0.00351056147394382,0.0369403365622393
0.307288893458638,0.245803661919658,2081,2081,0.00150793204103905,0.0361051968774235
0.307764005050543,0.244816898219052,2082,2082,0.00109518657113605,0.0361199950580081
0.307857065692561,0.245777841753161,2083,2083,0.000965439153359362,0.0366064728406551
0.309294402485159,0.245432517221767,2084,2084,0.00147823749354997,0.0377684567694121
0.307579400250858,0.245670216414831,2085,2085,0.00173139642197863,0.0363094829452846
0.310476023767554,0.246077768307491,2086,2086,0.00292515407161496,0.0391104708943742
0.310881603149581,0.246702682843303,2087,2087,0.000744991820219966,0.0397381646829222
0.314581541045881,0.247442217816099,2088,2088,0.00377312236913485,0.0434171839140504
0.315656060380311,0.247807805957575,2089,2089,0.00113500946659111,0.0445483598370636
0.314677894899597,0.247627129030216,2090,2090,0.000994711948123439,0.0435796170814348
0.315010242986285,0.248602445973882,2091,2091,0.0010303874957155,0.0442829162196337
0.31502667751325,0.247395940775267,2092,2092,0.00120661712567067,0.0438072654330766
0.314828167424595,0.248240170375148,2093,2093,0.000867254214526157,0.0439667732465227
0.316893768159056,0.24784786735525,2094,2094,0.00210252420999804,0.0457021340269124
0.318298962319648,0.248853953363587,2095,2095,0.00172823021763142,0.0473893954592522
0.320905776331997,0.248344925600922,2096,2096,0.00265604754440577,0.0496041756051592
0.319779743834183,0.250136266919073,2097,2097,0.00211585748675284,0.0492604781196976
0.319906935069377,0.249072628507501,2098,2098,0.0010712162624235,0.0489544452426803
0.318352698624829,0.250141756799152,2099,2099,0.00188644804581766,0.0479627921678543
0.321212962449825,0.24932545007772,2100,2100,0.00297446899665092,0.0502570483790699
0.320293689584174,0.250355384745407,2101,2101,0.0013805173020379,0.0498191123360227
0.321235508703897,0.249617656659048,2102,2102,0.00119635529157483,0.0503904126262837
0.323258713163447,0.250782738524624,2103,2103,0.00233468885263835,0.0527078377742846
0.323521738204913,0.250965222821093,2104,2104,0.000320129178452357,0.0530214306823638
0.320606039380308,0.251228622580401,2105,2105,0.00292757221414047,0.050464169617277
0.32198354884783,0.250335046348175,2106,2106,0.00164195335375614,0.0513593754512971
0.320705221976787,0.251101726829625,2107,2107,0.00149061012671589,0.0505013094161052
0.323453392062612,0.250335601452149,2108,2108,0.0028529610783598,0.0527135676540128
0.321144944016677,0.250776847242103,2109,2109,0.00235024046172542,0.0507682154086262
0.320085966386723,0.248992657034961,2110,2110,0.00207479355985244,0.0490886580783869
0.319650313655033,0.249433172557621,2111,2111,0.000619554056022145,0.0488596453579823
0.315464914948515,0.24714972490083,2112,2112,0.00476777679152769,0.0441143664731639
0.313555245253688,0.247400465598786,2113,2113,0.00192606054965922,0.0424613889971443
0.313733471782724,0.246918057852384,2114,2114,0.00051427806626529,0.0424305283282687
0.315149808121291,0.247894955633139,2115,2115,0.00172056325021507,0.0441194499229355
0.314950315885976,0.247557709585721,2116,2116,0.00039183165830591,0.0438014000971471
0.313177756273288,0.247746880137603,2117,2117,0.00178262533310613,0.0422605725519924
0.311698661957294,0.246172048485207,2118,2118,0.00216051260792324,0.0402669189188806
0.311192503107794,0.246732210509064,2119,2119,0.000754969054928351,0.0400330613007575
0.311146655189895,0.245983310434391,2120,2120,0.000750302174740403,0.0396855016772566
0.313663544532767,0.246856973596215,2121,2121,0.00266421081834544,0.0423421168092646
0.314602303404883,0.246672495161088,2122,2122,0.000956713391253266,0.0431344378565555
0.315203215162804,0.247626337086169,2123,2123,0.00112734615750867,0.0440607006212115
0.316732051138343,0.247091416724429,2124,2124,0.00161971578787913,0.0452635952299682
0.320441511971006,0.250434825568151,2125,2125,0.00499384444745115,0.0499864692824453
0.318236575385475,0.248208822215348,2126,2126,0.00313318308959148,0.0470800477244082
0.318631495691822,0.249485839943661,2127,2127,0.00133668856761422,0.0479470786536799
0.318151790067556,0.248361268149208,2128,2128,0.00122261163368922,0.047060793445613
0.317087054301613,0.249083010254124,2129,2129,0.00128630242061807,0.0463724186130492
0.319699989529484,0.248619116382343,2130,2130,0.0026537950239843,0.0485889872776948
0.317149980146767,0.249046299523538,2131,2131,0.00258554313212168,0.0464148219918594
0.314846088115996,0.247772282786738,2132,2132,0.00263268629637118,0.0437920565392937
0.311012987664692,0.246281150843286,2133,2133,0.00411292274940402,0.0396836719111294
0.312249921259067,0.246838823889546,2134,2134,0.00135683600461421,0.0410405011696271
0.310702129891047,0.246697503260735,2135,2135,0.00155422959663101,0.0395730304359926
0.305773946341598,0.244326029309939,2136,2136,0.00546908418260051,0.0341046923365388
0.304523425820604,0.244397135124903,2137,2137,0.00125254046255858,0.0330032841480519
0.305052662420153,0.243896657202517,2138,2138,0.000728402038093011,0.0332701331958893
0.304423836531306,0.244014062136154,2139,2139,0.00063969204850972,0.0327488353584173
0.303816866561558,0.243589407618399,2140,2140,0.000740772572133668,0.0320191426545382
0.304704445140645,0.244374629150095,2141,2141,0.00118506058406047,0.0331567900172244
0.306119282118803,0.244325473080444,2142,2142,0.00141569064203535,0.0344185607588294
0.303238700521882,0.243737847467013,2143,2143,0.0029399071750792,0.0315597657116787
0.30303418993375,0.243566634652753,2144,2144,0.000266717844218905,0.0313013886675633
0.303330848439578,0.243680876745671,2145,2145,0.000317895462179757,0.0316183367276334
0.300134227216903,0.241808322610012,2146,2146,0.00370470595759357,0.0279289482541451
0.300649872444302,0.242536278448449,2147,2147,0.000892081668488904,0.0287059367537575
0.300843702097513,0.241365239057903,2148,2148,0.00118697227797174,0.0283955867342584
0.302820145535524,0.243417638426188,2149,2149,0.00284932831218035,0.0310440733755239
0.303843089939986,0.24301179358587,2150,2150,0.00110051137614856,0.031803836026873
0.302516736504803,0.243544511873898,2151,2151,0.00142933628283267,0.0308255162703115
0.30597319341493,0.244514699953645,2152,2152,0.00359003611146858,0.0343646281601874
0.306827477549532,0.245744787809859,2153,2153,0.00149763731144674,0.035664470349097
0.308152591508469,0.245494180464752,2154,2154,0.00134860336852301,0.0367538799687515
0.308997105437151,0.246492457475941,2155,2155,0.00130757820676472,0.037943108151443
0.310780182477383,0.246360347905483,2156,2156,0.00178796439282437,0.0395038071290937
0.310366830547126,0.246511768330614,2157,2157,0.000440213542946622,0.0391907471809082
0.311483204459482,0.247072564214317,2158,2158,0.00124931290530764,0.0404393985097713
0.310929959415135,0.246876495301081,2159,2159,0.000586960899747246,0.0398550052467251
0.310668894249607,0.245456316743781,2160,2160,0.00144397443026773,0.0390377389771499
0.31201540444393,0.247316815868957,2161,2161,0.0022966381295702,0.0410249685033225
0.311107480510892,0.246581199366999,2162,2162,0.00116852792270233,0.0398930780429015
0.310518767858556,0.247640427659035,2163,2163,0.0012118362767589,0.0398133216015157
0.31118214639903,0.247281827051218,2164,2164,0.00075409912073106,0.0402553245162942
0.310497419230517,0.248207847651131,2165,2165,0.00115167940276955,0.0400476928896631
0.310206555262766,0.246616434719891,2166,2166,0.00161777531365006,0.0390894293174839
0.310598862098816,0.247505352111952,2167,2167,0.000971637166600706,0.0398259641484103
0.308686692343385,0.24599735753794,2168,2168,0.00243524963994102,0.0374504437215205
0.31184621012778,0.248352863321681,2169,2169,0.00394093391560226,0.0413189238989089
0.313730845724149,0.247596061141728,2170,2170,0.00203091133993657,0.0427016167084373
0.314601583525943,0.249096484972066,2171,2171,0.0017347783691639,0.0441226123496026
0.315330126521559,0.248613150177364,2172,2172,0.000874292525549069,0.0445781439542449
0.316295634612265,0.250162168750917,2173,2173,0.0018252847488625,0.0461110931377706
0.315733009871323,0.248341529928902,2174,2174,0.00190558975630896,0.0448336201410788
0.315372633662406,0.248425932354752,2175,2175,0.000370128060868972,0.0445393968714129
0.314524674680805,0.247077144042746,2176,2176,0.00159319312862028,0.043220251294368
0.312745416407279,0.247264156256289,2177,2177,0.00178905940983638,0.0416668671186828
0.313588654426928,0.247326738939731,2178,2178,0.000845557183191877,0.0424619098672668
0.310465903857534,0.245775311935997,2179,2179,0.00348690362163347,0.038978519920687
0.311963634451771,0.245891150371912,2180,2180,0.00150220354018584,0.0403992575951082
0.312625542470557,0.246802357600829,2181,2181,0.00112624190978863,0.0413689421805007
0.313872514623799,0.247472836988088,2182,2182,0.00141579735827577,0.0427806419243814
0.311797849011473,0.246822756010352,2183,2183,0.00217413032741474,0.0406216005083855
0.312743930604252,0.24739114942327,2184,2184,0.00110369445592743,0.0417180289038959
0.311572659113755,0.247801361319828,2185,2185,0.00124102808369912,0.0408314606966035
0.312001988056082,0.247546531631204,2186,2186,0.000499260964750956,0.0411098279068673
0.309308984261496,0.245804849978618,2187,2187,0.00320713648237958,0.0379345356386189
0.307963608596882,0.244263549870723,2188,2188,0.00204588408800013,0.0360813559810847
0.307635124266512,0.243861588302409,2189,2189,0.000519109870548553,0.0356221672922438
0.309268272488059,0.245539045660319,2190,2190,0.00234116131463659,0.0377880184897837
0.309372359083517,0.245612646299008,2191,2191,0.000127479697871704,0.0379131095056622
0.31042856133924,0.245963713788019,2192,2192,0.00111301913138784,0.0390206159080909
0.309424000693937,0.24535423668041,2193,2193,0.00117499124881491,0.0378552729357886
0.309981193884803,0.244621687131019,2194,2194,0.00092037660458118,0.0380802167369906
0.311201624376506,0.245752687081267,2195,2195,0.00166391450277342,0.0396441763650345
0.311900987847683,0.24529851864617,2196,2196,0.000833893417802686,0.0401131469187376
0.311650438120103,0.245653515922262,2197,2197,0.000434509185199847,0.0400181739503145
0.314108650701552,0.246236822565183,2198,2198,0.00252647100424105,0.0425117466866695
0.315459907270495,0.248431528696965,2199,2199,0.00257732988187226,0.0446212440058557
0.315823353394202,0.24812117326799,2200,2200,0.000477926330234598,0.0448270464613583
0.312828607593029,0.24766169716889,2201,2201,0.00302978888691713,0.041907830241652
0.316345528860748,0.247995754702479,2202,2202,0.00353275100156826,0.0452558095270618
0.315279226006887,0.247711558723701,2203,2203,0.00110352577247008,0.0441643799979003
0.314977158091006,0.246660125041434,2204,2204,0.00109396426541793,0.0434759958469786
0.314927650684325,0.247818839728917,2205,2205,0.00115977183545066,0.0438854751149361
0.316041156432437,0.248585240099751,2206,2206,0.00135176350723574,0.0452144017606571
0.312017421392994,0.248049227543216,2207,2207,0.00405927987805743,0.0413397326112965
0.311022210833182,0.246905062939583,2208,2208,0.00151642892961339,0.0399507081324536
0.307468649106023,0.245408454869969,2209,2209,0.00385585744844987,0.0360976015604727
0.30886185687532,0.245449564887012,2210,2210,0.00139381416334128,0.0373806405654167
0.306693705142004,0.245778431283254,2211,2211,0.0021929512181665,0.0355591617155851
0.306746691818524,0.245035009592742,2212,2212,0.00074530758604271,0.0352854097706122
0.305262516158039,0.245269095902937,2213,2213,0.00150252247630325,0.0340505441086078
0.309767421549805,0.246654850675977,2214,2214,0.00471322489170286,0.0387083625043109
0.308508226101999,0.246359452711904,2215,2215,0.00129338050586622,0.0374448922198873
0.307143940368479,0.246196607179056,2216,2216,0.0013739702435836,0.0361481531041155
0.306650373962099,0.246295873402053,2217,2217,0.000503449680241437,0.0357518837259296
0.309392458240536,0.246712174505506,2218,2218,0.00277350550725699,0.0383946050780737
0.311598999714612,0.247778151413581,2219,2219,0.00245053709324477,0.040845136576148
0.310445109681973,0.246989850295935,2220,2220,0.00139745513684955,0.039464224799132
0.313482504992409,0.247915347536185,2221,2221,0.00317526619570266,0.0426078444640097
0.314867424943347,0.248417643353434,2222,2222,0.00147319528866083,0.0440760444938366
0.310703536826922,0.247320137186512,2223,2223,0.00430609846990728,0.0398396558045693
0.31282876314938,0.248010129185914,2224,2224,0.00223442965449938,0.0420552820043916
0.308661801014103,0.247057427245051,2225,2225,0.00427448411214197,0.037890695389354
0.310300370146705,0.246325170332046,2226,2226,0.00179474482558376,0.0390524582491135
0.310046032602461,0.247084558105103,2227,2227,0.000800847910830098,0.039145011226271
0.308644022335441,0.247007596376851,2228,2228,0.00140412104052474,0.0378524989384607
0.310108788676274,0.247530315848117,2229,2229,0.00155524148571108,0.039396878816439
0.312604984398293,0.247353434597349,2230,2230,0.00250245480668459,0.0415759622091457
0.310477276271545,0.247373964106386,2231,2231,0.00212780716545643,0.039659212658124
0.312813154016518,0.247781310541273,2232,2232,0.00237112967959881,0.0419441211753009
0.3111434532702,0.247612552627743,2233,2233,0.00167820732200625,0.0403628410756144
0.311550133445185,0.246743469108722,2234,2234,0.000959528492416563,0.0403632307239063
0.308343958663513,0.246582511771183,2235,2235,0.00321021245327077,0.0373948740680606
0.306855646055591,0.245422553357917,2236,2236,0.00188694937383236,0.0355495887923062
0.304214557873151,0.24410018171911,2237,2237,0.0029536441116935,0.0325964763917989
0.305079566920008,0.243829166094109,2238,2238,0.000906471246173071,0.0332666753903476
0.305593099730397,0.244729034514858,2239,2239,0.00103608837557741,0.034111482252589
0.305688433046088,0.243910956161727,2240,2240,0.000823614371499948,0.033855412349137
0.30425377365551,0.243878648636453,2241,2241,0.00143502311589794,0.0325373684534597
0.306596888380618,0.2439391053816,2242,2242,0.00234389454392671,0.0346978944989669
0.305876278071577,0.244272039044157,2243,2243,0.000793803528059123,0.0341752597885763
0.309178693772473,0.244768023126626,2244,2244,0.00333945349894033,0.0373969353238745
0.310003713052581,0.245010444390889,2245,2245,0.000859898181133377,0.0382510235589086
0.310950491371722,0.245569281778734,2246,2246,0.00109940366183197,0.0393410689338087
0.307625100040989,0.245493826703374,2247,2247,0.00332624728048218,0.0362754979731265
0.312067991786565,0.245112093108964,2248,2248,0.00445926088046128,0.0401976726069669
0.312129900579934,0.246382790014596,2249,2249,0.0012722041206818,0.0407464454742416
0.312061753635362,0.245322527176148,2250,2250,0.00106245060715684,0.0402710277686192
0.309859314149547,0.245640858114687,2251,2251,0.00222532565596735,0.0383693075227699
0.309545047385717,0.245337534542708,2252,2252,0.000436770864603076,0.0379593563937073
0.311069186430342,0.245961823605228,2253,2253,0.00164703875514024,0.0396059142020987
0.30897484097413,0.244468358434717,2254,2254,0.0025722987978632,0.0370923222753279
0.308841986588626,0.24452569875361,2255,2255,0.000144700379814374,0.0369922395182397
0.308879427910929,0.244879736499645,2256,2256,0.000356012047876746,0.0371662032545297
0.310050297201647,0.245002499610512,2257,2257,0.00117728742341688,0.0382908248455994
0.31147801614904,0.244937039750737,2258,2258,0.00142921880269867,0.0395850714417491
0.310741242128527,0.245652238439075,2259,2259,0.00102681308966333,0.0391816729160568
0.309839287448139,0.244467733766008,2260,2260,0.00148881616259077,0.0378903940614088
0.31288351264135,0.247029302968727,2261,2261,0.00397856051949758,0.041696743408673
0.313218330037889,0.245897766241111,2262,2262,0.00118003307367624,0.0415593751513202
0.313540426160472,0.247281513701649,2263,2263,0.00142074028123664,0.042399479295174
0.312661790296173,0.246337725523409,2264,2264,0.00128947163885785,0.0412167055131204
0.310730134234631,0.24524549986056,2265,2265,0.00221906557782201,0.0390116413245482
0.30740640808198,0.244315376966677,2266,2266,0.00345141769937322,0.0355903287399998
0.307035724144413,0.243960526460164,2267,2267,0.000513152475919238,0.0351091389424476
0.306664073312281,0.243993697794922,2268,2268,0.000373128233284858,0.0347812955988735
0.304088361312205,0.243422121932489,2269,2269,0.00263836905565766,0.0321958718404513
0.305258717501932,0.243043584782057,2270,2270,0.0012300503994099,0.0331147168169987
0.304324382704723,0.243830669761551,2271,2271,0.00122167273777456,0.0325810661163271
0.302974656344796,0.24333301972714,2272,2272,0.00143854676789875,0.031147603967505
0.303737804169769,0.243527579427108,2273,2273,0.000787558302358542,0.0319213890676702
0.304152444372464,0.244049719706871,2274,2274,0.000666751055073845,0.032518707362063
0.304260314380203,0.244396488471111,2275,2275,0.000363159075918546,0.0327661093667751
0.305167947253384,0.244772403351551,2276,2276,0.000982399831949476,0.0337468333548192
0.303769083859513,0.245184748394776,2277,2277,0.00145837143052961,0.032681503420452
0.304695681210044,0.244575634036671,2278,2278,0.00110887463279717,0.0332360133475228
0.301579870870113,0.242649753921485,2279,2279,0.00366296168318605,0.029594668617995
0.303206680002326,0.243101042346772,2280,2280,0.00168824441223689,0.0312604712025483
0.303039138084882,0.243826863449735,2281,2281,0.000744907086559407,0.0314187825417526
0.303928369560079,0.243217139850482,2282,2282,0.00107819083837985,0.0319655735422337
0.303053962459194,0.242656808498616,2283,2283,0.00103853695262221,0.0309385482780065
0.303835877459281,0.242568426780117,2284,2284,0.000786894145057002,0.0316196215692678
0.3001729799084,0.241819939506153,2285,2285,0.00373858952915868,0.0279689989028595
0.298453865460045,0.241028089895572,2286,2286,0.00189271770011261,0.0260762827924721
0.300577482386007,0.241935124152795,2287,2287,0.00230921198507359,0.0283845826665793
0.299684926475947,0.241767249533144,2288,2288,0.000908205891032072,0.0275043104224034
0.295884354017336,0.240483962691746,2289,2289,0.00401138082590775,0.0235228445244595
0.297458325858317,0.240564879787621,2290,2290,0.00157605042197445,0.0249782596547527
0.29530026498863,0.239444682727235,2291,2291,0.00243147448503365,0.0225496236674638
0.296008499711284,0.239875495609838,2292,2292,0.000828972956247105,0.0233729824936057
0.296347934570524,0.239597660884737,2293,2293,0.000438643543368625,0.0235681594706138
0.297675537770776,0.239812600438118,2294,2294,0.0013448900583053,0.0248719126199899
0.296876165713077,0.240020144755596,2295,2295,0.000825875493248284,0.0242225814371741
0.299653268626579,0.240839475659576,2296,2296,0.00289544534094479,0.0270942563972404
0.29866822910498,0.240156099739003,2297,2297,0.0011988767692854,0.025919982200429
0.297748234944285,0.239725616407754,2298,2298,0.00101572887829101,0.0249050440730102
0.297170590180852,0.239396079485892,2299,2299,0.000665032371837873,0.024245009988754
0.298421002953544,0.239576853882612,2300,2300,0.00126341263434425,0.0254709126608692
0.296666458286322,0.239661301268578,2301,2301,0.00175657574566902,0.0238853811663709
0.29609499206266,0.239144430064509,2302,2302,0.000770538439263655,0.0231559387812332
0.298058533839743,0.239287482901885,2303,2303,0.00196874590148953,0.0250270832471644
0.297367289069009,0.23877649199264,2304,2304,0.000859610983176306,0.02419740017721
0.294452154551761,0.23798882578297,2305,2305,0.00301967337828166,0.021196154131871
0.295037540320505,0.238110008229191,2306,2306,0.000597797359913732,0.021784773931045
0.291472517883522,0.237019299002839,2307,2307,0.00372814050065752,0.0180711090811381
0.291340973608707,0.236639702695707,2308,2308,0.000401742769225052,0.0178065373620912
0.29011693840517,0.236885408316714,2309,2309,0.00124845241466908,0.0167725647119389
0.290411996359338,0.23656923533885,2310,2310,0.000432463349024462,0.0169190758239762
0.290557914199789,0.237243115454403,2311,2311,0.000689497227187477,0.0173213168529816
0.292181526473328,0.238339658902392,2312,2312,0.00195921523782201,0.0192557065237466
0.291495470509996,0.237724798519641,2313,2313,0.000921263303892862,0.0183741934939763
0.291654887432971,0.23778836366288,2314,2314,0.000171622500756359,0.0185456095394864
0.289656924381482,0.237095361606694,2315,2315,0.00211473596578765,0.0164414916362143
0.292188551341648,0.238097667056579,2316,2316,0.00272282046420808,0.019159620466772
0.290940059080989,0.237272621154055,2317,2317,0.0014964737439055,0.0176819981324325
0.292921283513845,0.238059419091857,2318,2318,0.00213173667423455,0.0198121770491831
0.292256198203834,0.237962829979101,2319,2319,0.000672062442259783,0.0191652871874084
0.294113226060067,0.238074232047023,2320,2320,0.00186036632939983,0.0209145088434763
0.29269892095869,0.237866218290143,2321,2321,0.00142952042407004,0.0195310630018389
0.294392146148693,0.238538553964847,2322,2322,0.00182182512979207,0.0213520515197099
0.294532630674507,0.238074783214637,2323,2323,0.000484581479983593,0.0213029319987581
0.295772527009696,0.238417172767887,2324,2324,0.0012863022693707,0.0225812296684833
0.295492401071604,0.239147765238703,2325,2325,0.000782455046380295,0.0226039251294301
0.294987793691008,0.238723907541086,2326,2326,0.000659002243077834,0.021972515458696
0.29672528844142,0.240150996240927,2327,2327,0.00224843727173436,0.0241393143492972
0.299186777694625,0.239998842308788,2328,2328,0.00246618737380403,0.0263389907589656
0.298918196504529,0.239666404592424,2329,2329,0.000427376521272765,0.0259658738641966
0.299227327319042,0.239340140115384,2330,2330,0.000449455636809838,0.0261361613870697
0.29867606838573,0.240161086234885,2331,2331,0.000988857392489011,0.0259291429515588
0.300267811831784,0.240410971301663,2332,2332,0.00161123857471573,0.0274956614522991
0.298369062056791,0.240703965381602,2333,2333,0.00192122258963228,0.0258646006318231
0.299173232034244,0.239900170090495,2334,2334,0.00113700317618005,0.0262894499224955
0.296500889272661,0.239745644797458,2335,2335,0.00267680666122427,0.0237679391700961
0.297155023221167,0.239341507902456,2336,2336,0.000768906920563353,0.0242097234731855
0.297433805420253,0.239010438670677,2337,2337,0.000432812142571973,0.0243442696343267
0.296563824774539,0.238503091222129,2338,2338,0.00100710861254627,0.0233493738167444
0.295022757996664,0.238268688434505,2339,2339,0.00155879167328924,0.0218300071546567
0.293572915498552,0.237199140612983,2340,2340,0.00180165918304594,0.0200899847719404
0.292393308361301,0.237492572145628,2341,2341,0.00121555545435256,0.0191031917850173
0.292470014038408,0.237037464802629,2342,2342,0.000461526223039409,0.0190027794486402
0.292105143936688,0.237355999325865,2343,2343,0.000484349495326875,0.0187846225192559
0.29107033916596,0.23663115047845,2344,2344,0.00126341868164161,0.0175519866741977
0.289543266919948,0.235716493942085,2345,2345,0.00178004107369855,0.0157964688816467
0.290796403430272,0.237027648488378,2346,2346,0.00181369163800569,0.0174519701825136
0.291254317328022,0.237393684188824,2347,2347,0.000586231414846797,0.0180183427533787
0.29306907151922,0.237453897514564,2348,2348,0.00181575285186839,0.0197133633492805
0.285587561004989,0.234989056212334,2349,2349,0.00787708335741925,0.0118637356098703
0.287981140533534,0.235931180801691,2350,2350,0.00257231835147603,0.0144333058561347
0.288386058084611,0.236252031448641,2351,2351,0.000516626906789099,0.0149340224568365
0.288985720736495,0.237014936377268,2352,2352,0.000970370664327717,0.0158014809106807
0.287957550718146,0.23638410042947,2353,2353,0.00120627011057449,0.014601280241299
0.291065705422306,0.23718336458963,2354,2354,0.00320927544201255,0.0177610235455329
0.289880490102115,0.236515019318439,2355,2355,0.0013606692312011,0.0164080748877263
0.289112807516397,0.23593900339489,2356,2356,0.000959755644212249,0.0154777906189955
0.288675686885237,0.236226231767267,2357,2357,0.000523043577615432,0.0151878421559118
0.292588107312438,0.237193964474891,2358,2358,0.00403032755400675,0.0191702059070076
0.290313029714029,0.236746045938297,2359,2359,0.00231875162408645,0.0168966028325457
0.291072123564148,0.236150009603757,2360,2360,0.000965133558311821,0.0173800003702892
0.291687484727234,0.236454912582329,2361,2361,0.000686757007519475,0.0180632094716134
0.293080958883884,0.237164654183109,2362,2362,0.00156381052724631,0.0196181928428648
0.290978416730924,0.236556958683436,2363,2363,0.0021886016826493,0.0174390644109069
0.29325125280878,0.237310311142927,2364,2364,0.00239443600144685,0.0198297071014471
0.287963273444307,0.236147935316644,2365,2365,0.00541422601307074,0.0145061915855193
0.292432628874623,0.237243171840155,2366,2366,0.00460159548471223,0.0190443305370241
0.289487173687958,0.236581076196844,2367,2367,0.00301895294722228,0.0160735136830046
0.294355821702906,0.238006712343777,2368,2368,0.00507308307805981,0.0211134992498112
0.291403450275875,0.237990587847425,2369,2369,0.00295241545899803,0.0184031159015475
0.295664287671512,0.238837164581571,2370,2370,0.00434412562880664,0.0226396509885314
0.291453578907526,0.236973865462873,2371,2371,0.0046045577312972,0.0180362232684427
0.293373054192516,0.237801487967707,2372,2372,0.00209029767741184,0.0201263017892541
0.292129140472639,0.237760669838563,2373,2373,0.00124458324838613,0.0189668363124467
0.292100417529295,0.237441516204681,2374,2374,0.000320443519975302,0.0188135300353916
0.291161561160719,0.236811913822665,2375,2375,0.00113042047055849,0.0177045335942274
0.292724730400435,0.236978455648071,2376,2376,0.00157201598325313,0.0192188324684897
0.2895906207802,0.23626021551637,2377,2377,0.00321535565660043,0.0160420080075483
0.293354647554563,0.237571572676391,2378,2378,0.00398591961274386,0.0200222246689911
0.29065835111313,0.236817456314791,2379,2379,0.00279976891669883,0.0172422623094258
0.294298190001634,0.237981256577933,2380,2380,0.0038213686274362,0.0210505271822766
0.293589067855108,0.237316695749643,2381,2381,0.000971851487209257,0.0201469776236626
0.296201505227481,0.238376901566004,2382,2382,0.0028193732277969,0.0229659284424895
0.29310845696784,0.238180622142347,2383,2383,0.00309926977667698,0.0200323316659049
0.295169049131335,0.238848930296037,2384,2384,0.00216625849162757,0.0221883677938622
0.293371342064139,0.238597876029782,2385,2385,0.00181515259525321,0.0204432451642176
0.296154359882767,0.238538030146918,2386,2386,0.00278366120576842,0.0229807333902723
0.29297268594086,0.237645324024042,2387,2387,0.00330453828763313,0.0196966567301605
0.296853852549142,0.238742355586918,2388,2388,0.00403322854437902,0.0237064449096837
0.295718711507683,0.238758986093288,2389,2389,0.00113526285843771,0.0226598206142862
0.299254689126455,0.239848703919579,2390,2390,0.00370008414247476,0.0263459238852494
0.298225862840612,0.239768618898192,2391,2391,0.00103193853358239,0.0253625095177131
0.30008854680199,0.239925754499344,2392,2392,0.00186930017309299,0.0271500166023082
0.298008890697589,0.23953638387149,2393,2393,0.00211579275885189,0.0250736625932768
0.298631014750915,0.239253757030767,2394,2394,0.000683312716714506,0.0255482213329551
0.294883674345521,0.237909650160781,2395,2395,0.00398110328826518,0.0215683224146084
0.296450922883348,0.238829731629107,2396,2396,0.001817365645014,0.0233643508798868
0.295394466983819,0.239254911386641,2397,2397,0.00113880502890865,0.0225575723084499
0.296334534465645,0.239104620070988,2398,2398,0.000952005435881458,0.0233611872908955
0.292302387247646,0.238646251236759,2399,2399,0.0040581169494992,0.0194976070618829
0.297712178671857,0.240136471229983,2400,2400,0.00561129208664796,0.0250338883812939
0.295489018721526,0.239960002909623,2401,2401,0.00223015273756024,0.02293853295877
0.298922197476331,0.240786412533463,2402,2402,0.00353124188194788,0.0264032664394847
0.297782584865615,0.241095104050498,2403,2403,0.00118068088626508,0.0254973691766552
0.298359404987225,0.240189935527068,2404,2404,0.00107333662403899,0.0256490028758253
0.295191076450529,0.239147727136666,2405,2405,0.0033353416684755,0.0223281804020177
0.296330379389318,0.23879196848431,2406,2406,0.0011935557821312,0.0232384362947211
0.293291567037327,0.23880656194148,2407,2407,0.0030388473932739,0.0204588081871969
0.296202371306961,0.239062090757126,2408,2408,0.00292199871179803,0.0232228537964354
0.292935131110873,0.238635201005333,2409,2409,0.00329501037314265,0.0200633321081034
0.294803383564899,0.238369210498533,2410,2410,0.00188709252069925,0.0216650091422624
0.292996445040338,0.23843970641708,2411,2411,0.00180831316592923,0.0200365366174392
0.296307845079934,0.238732634643315,2412,2412,0.00332433108579152,0.0231953631181996
0.294225371112916,0.238769733672432,2413,2413,0.00208280439822528,0.021292223553328
0.296279585233106,0.239579879490724,2414,2414,0.00220819652623634,0.0234984496956998
0.29449103249986,0.239658811366652,2415,2415,0.00179029358504047,0.0219086500273915
0.297021794317706,0.239626403467788,2416,2416,0.00253096931047635,0.024197559948138
0.29645176293175,0.240216144843164,2417,2417,0.000820201603756855,0.0239184841943997
0.296194713436433,0.239278396566469,2418,2418,0.000972340615981129,0.0233002689634886
0.29576406644818,0.239701921149177,2419,2419,0.000604011507049782,0.0230783909898999
0.296747967709473,0.239118296625361,2420,2420,0.0011439752081109,0.0237483106192984
0.296786500159364,0.239733784807332,2421,2421,0.000616693158581508,0.0240244187417478
0.297214297654599,0.239164401099248,2422,2422,0.000712185722941309,0.0241975108071796
0.297632493558089,0.24022229908933,2423,2423,0.00113755701884127,0.0249956053761984
0.298668016390385,0.240143567828282,2424,2424,0.00103851150579665,0.0259149204096701
0.298536058051113,0.240444760695306,2425,2425,0.000328831486402035,0.0259122722988813
0.297831773421532,0.240282084282137,2426,2426,0.000722828094962159,0.0252020229065692
0.297724996429414,0.240759743261885,2427,2427,0.000489448084049491,0.0253021590225346
0.297279003521097,0.240209115517659,2428,2428,0.000708590563711705,0.0246674836754223
0.297530997588977,0.2406943425091,2429,2429,0.000546759767603678,0.0250986869250756
0.299086902436509,0.241068757384008,2430,2430,0.00160032071570835,0.0266689446327676
0.296866046096737,0.240668050750119,2431,2431,0.00225671635088381,0.0244862792120502
0.295566819731918,0.240430577767654,2432,2432,0.00132075075788021,0.0232145994927535
0.293072522952299,0.239473424351332,2433,2433,0.0026716397749692,0.0205566838464773
0.295549869480829,0.240359644741863,2434,2434,0.00263108958475589,0.0231678868069368
0.297032510883424,0.240824376718146,2435,2435,0.00155377004040774,0.0247040484409135
0.297648255805079,0.241291854291927,2436,2436,0.000773095783543135,0.0254622383649017
0.29778773412309,0.241119030593474,2437,2437,0.000222086091284857,0.0255123511907279
0.296540248485487,0.241061099300063,2438,2438,0.00124883003278327,0.0243673508879289
0.29547649977207,0.240941801246159,2439,2439,0.00107041737231928,0.0233668317948529
0.29718584144239,0.241046211423354,2440,2440,0.00171252749787991,0.0249389130893255
0.29542974954135,0.240851260394508,2441,2441,0.00176687992476759,0.0232834452704344
0.298313027019233,0.241540733588042,2442,2442,0.00296456780982845,0.0261687945981336
0.297830049324072,0.241862850589935,2443,2443,0.000580540107944018,0.0258803753082574
0.298539511086542,0.241582297724412,2444,2444,0.000762919329129867,0.0263906966432221
0.29743348829823,0.241434399681822,2445,2445,0.00111586748284271,0.0253330904318013
0.298617624054296,0.241200599285964,2446,2446,0.0012069963189237,0.0262974583089116
0.296205866826264,0.2413175263291,2447,2447,0.00241458999840145,0.024187264416454
0.295086979718587,0.240578186774465,2448,2448,0.00134109333633913,0.0228534125563598
0.293616134949105,0.240270582967706,2449,2449,0.00150266577715941,0.021409275807568
0.295418653614873,0.240654636446056,2450,2450,0.00184297873418952,0.0231833208360147
0.293477491764472,0.239369495527783,2451,2451,0.00232802416423704,0.0208713569250517
0.293763513644908,0.239476888868456,2452,2452,0.000305518977657714,0.0211753195389892
0.292965362311125,0.239110366072814,2453,2453,0.000878284982989346,0.0202974183583129
0.293581165469541,0.239171706223636,2454,2454,0.000618850663744986,0.0208774386456394
0.291961679406731,0.239285654955124,2455,2455,0.0016234898894181,0.0194856384962307
0.294130906280776,0.239362529385783,2456,2456,0.00217058860891937,0.0214555446843241
0.292782720449335,0.238653470668868,2457,2457,0.00152327584505714,0.0199333980845555
0.294799495921965,0.23920474086827,2458,2458,0.0020907611388567,0.0219944400215071
0.293705038611598,0.23899979220724,2459,2459,0.00111348136844531,0.0209152013245387
0.294437069613352,0.239284853988351,2460,2460,0.000785575971233607,0.02169898170436
0.294387776766827,0.239545820603934,2461,2461,0.000265581172463935,0.0217664780192125
0.29610930487921,0.239699771411202,2462,2462,0.00172839807127352,0.023391798347567
0.293184650142576,0.238910358092036,2463,2463,0.00302931984395667,0.0204068037097963
0.293523529104185,0.238848033828538,2464,2464,0.0003445624245931,0.0206864135712696
0.292064939346631,0.238686208354886,2465,2465,0.00146753928900221,0.0193023125898455
0.293238528232844,0.239643357668176,2466,2466,0.00151441265240877,0.0207821039339089
0.291448968522665,0.239494798952665,2467,2467,0.00179571535835963,0.0191371394515097
0.292417764404067,0.238990137203378,2468,2468,0.00109235934610077,0.0197539261194303
0.290886176640357,0.238871919672565,2469,2469,0.00153614337304078,0.0183427641799036
0.293277827457011,0.239767325111126,2470,2470,0.00255377064910055,0.0208742099400416
0.291346376774201,0.239231553046799,2471,2471,0.00200438355736653,0.0189192324180621
0.291791058501404,0.238935174767347,2472,2472,0.000534398655536584,0.0191711327047431
0.292697586059434,0.239412806467896,2473,2473,0.00102465811607463,0.0201957777415946
0.292784670777812,0.238993974450852,2474,2474,0.000427789675746949,0.0200838351743433
0.29407170952533,0.239504140025524,2475,2475,0.00138446294684759,0.0214639342535909
0.295947306602319,0.240387141358096,2476,2476,0.00207305469019373,0.0235367982736828
0.294634504887983,0.23988169372915,2477,2477,0.00140674292135131,0.0221355115193693
0.294651319865263,0.240037805671154,2478,2478,0.000157014909792693,0.0222200646806175
0.294694191669173,0.239427624752686,2479,2479,0.000611685168066824,0.0219923891591615
0.296411856200188,0.240378262645451,2480,2480,0.00196318207109528,0.0239515480762005
0.294953495302605,0.240101488285524,2481,2481,0.00148439231805872,0.0225189003009348
0.295482977575882,0.240444775752161,2482,2482,0.000631029129648119,0.0231459203527302
0.294176127152525,0.239751261491307,2483,2483,0.00147946613987524,0.021666906075932
0.294837572094982,0.239789881587746,2484,2484,0.000662571448034631,0.0222776555669685
0.295922667411821,0.239530425726995,2485,2485,0.00111568328404813,0.0231521863889318
0.297640968322292,0.240402118862393,2486,2486,0.00192676073792935,0.0250767834611452
0.296387190379277,0.239866719746832,2487,2487,0.00136330896840521,0.0237137728048265
0.29681051472595,0.240578257183672,2488,2488,0.000827942646872656,0.0243974646212545
0.294531554411592,0.239121275497469,2489,2489,0.00270489477583669,0.021716034107164
0.295244359196218,0.239747276638389,2490,2490,0.000948666479547974,0.0226263010170767
0.294244711886016,0.239508594861795,2491,2491,0.00102774692180131,0.0216214699741118
0.295917503834041,0.239578109295065,2492,2492,0.00167423569362574,0.0231669665259021
0.293073065393806,0.238423678980054,2493,2493,0.00306977839469012,0.0200995538412262
0.295912488947306,0.238947932539239,2494,2494,0.00288741543780762,0.0229113770804198
0.293242687857171,0.239070683192482,2495,2495,0.00267262148157146,0.0205288048149675
0.293398947685317,0.239070758422718,2496,2496,0.000156259846256086,0.0206694532145386
0.292234544139754,0.23816811857156,2497,2497,0.00147329369706785,0.0192309086790157
0.291528047714215,0.238231845192884,2498,2498,0.000709364702790262,0.0186199770757082
0.289981247319579,0.237624123897442,2499,2499,0.00166190151145562,0.0169636769132356
0.292868980956745,0.238646676768955,2500,2500,0.0030634327043789,0.0200084132557535
0.2925143494759,0.23816670496872,2501,2501,0.000596771661715192,0.0194845785277842
0.292856485679005,0.238321704678012,2502,2502,0.000375608960696127,0.0198601865848198
0.291514646316861,0.237490735999064,2503,2503,0.00157830346232609,0.0182956700759465
0.291858835575309,0.238709481368271,2504,2504,0.00126641482958627,0.0191284925385257
0.288525908500827,0.236991379626198,2505,2505,0.00374970351893751,0.0153789509777277
0.289464484793277,0.237289531119641,2506,2506,0.000984794277903346,0.0163522102090709
0.288566757763794,0.237591398370482,2507,2507,0.000947120719124214,0.0156933805377156
0.289214665718806,0.237296688326393,2508,2508,0.000711785591491575,0.0161315038145269
0.29041429919176,0.237883520418827,2509,2509,0.00133547458760661,0.0174669349801503
0.292168431854229,0.238440070703885,2510,2510,0.00184030693563322,0.019287151568203
0.289851539016886,0.237714386464503,2511,2511,0.00242788180005118,0.016888148339591
0.291169674533631,0.237945160537486,2512,2512,0.00133818455874616,0.0181725852638808
0.29050072811249,0.237486503109919,2513,2513,0.000811083195621845,0.0173715259843103
0.290477888082313,0.236976280838299,2514,2514,0.000510733231184211,0.0171394837517784
0.288526614498093,0.236771466468933,2515,2515,0.00196199325339675,0.0152821173961331
0.289128337480783,0.236643493590343,2516,2516,0.000615180953503023,0.0157717833042463
0.288451324813599,0.236516761379506,2517,2517,0.00068877224449849,0.0151042741881855
0.290366277447196,0.237707878115753,2518,2518,0.00225517242540099,0.0173460929750209
0.289393776945505,0.237422440030505,2519,2519,0.00101352460567085,0.0163479659313178
0.289231267272865,0.237215618175357,2520,2520,0.000263029795780966,0.0161103197728859
0.288304786808078,0.236626139658552,2521,2521,0.00109811245936209,0.0150191063296386
0.289182412896645,0.236501558101218,2522,2522,0.000886424342942735,0.0157626880079342
0.288299092200957,0.236305279671805,2523,2523,0.000904865002795148,0.0148770348134137
0.288868671419179,0.237089211327561,2524,2524,0.000969004296546558,0.0157292904787986
0.287517520756087,0.236508191903992,2525,2525,0.00147077927811674,0.014260987665896
0.288877972578268,0.236905091040142,2526,2526,0.00141716551071216,0.0156565649303691
0.287374246437475,0.236502809147151,2527,2527,0.00155660625333854,0.0141307616985293
0.29033505339711,0.237650136537976,2528,2528,0.00317533273751906,0.0172927172207187
0.290113518719088,0.237748179921246,2529,2529,0.000242260435418706,0.0171373750827638
0.29132401728787,0.237995362244829,2530,2530,0.00123547799904159,0.0183334725139806
0.291319234505837,0.237779894522324,2531,2531,0.000215520798173752,0.0182372256032646
0.293173178532662,0.238245188489339,2532,2532,0.00191144106117363,0.0201176492715614
0.293647395567274,0.238756268251714,2533,2533,0.000697197475200152,0.0207602003683478
0.293657222824713,0.23868152353222,2534,2534,7.5387983664384e-05,0.0207380415976744
0.292507923862225,0.23852281438348,2535,2535,0.0011602054555422,0.0196291215423756
0.291718836329945,0.237953758455941,2536,2536,0.00097287398067098,0.0186728787709711
0.291777672218245,0.238423396896923,2537,2537,0.000473309546702858,0.0189283481896994
0.293603326159586,0.238766874047515,2538,2538,0.00185768373694618,0.0207246054037282
0.29490585738092,0.239461334284331,2539,2539,0.00147609708456727,0.022198411455348
0.295654366042716,0.239509622079233,2540,2540,0.000750064615829544,0.0228989119747313
0.294288827946918,0.239327675394137,2541,2541,0.00137760621633785,0.0215831080407878
0.294381550964704,0.239575072744006,2542,2542,0.000264202586569191,0.0217736021544628
0.294705067891608,0.239228516094261,2543,2543,0.000474093570380134,0.0219184485467474
0.294043031504778,0.238903738069391,2544,2544,0.000737409616784074,0.0211812939339349
0.291888465061208,0.238546107209392,2545,2545,0.00218404587675728,0.0190819602612905
0.292912308766918,0.238889933505353,2546,2546,0.00108003354369932,0.0201526494540941
0.292946886312789,0.238964101101679,2547,2547,8.18317726997785e-05,0.0202162173880636
0.293446852662887,0.239558074352763,2548,2548,0.000776383007434823,0.0209285821864659
0.294525330144926,0.239587446261335,2549,2549,0.00107887737406892,0.021908464541714
0.295346116055062,0.239792011752588,2550,2550,0.000845893935721372,0.0227374170620015
0.296413482530632,0.240421762736671,2551,2551,0.00123929717788856,0.0239717386020205
0.297705798977083,0.240723152540915,2552,2552,0.00132699570906323,0.0252693309173704
0.296080620057821,0.240225309151552,2553,2553,0.00169972190665036,0.0235867273557837
0.297157116674074,0.240381611332711,2554,2554,0.0010877846002953,0.0246279874412287
0.298025663693693,0.240230249772506,2555,2555,0.000881637253747856,0.0253586826445397
0.29819494464181,0.24041784446221,2556,2556,0.000252681235948182,0.0255890809161658
0.297012533969932,0.240528924569934,2557,2557,0.00118761685206226,0.0245589891137226
0.297211192048585,0.240226535060624,2558,2558,0.000361807196659503,0.0246128313107613
0.296092175653848,0.239917055728839,2559,2559,0.00116102331953,0.0234663723537888
0.294519530895772,0.239630558827401,2560,2560,0.00159852807596212,0.0219219736796923
0.294512477931223,0.239234400200639,2561,2561,0.000396221405109445,0.02174603184309
0.295772991274943,0.239560773819333,2562,2562,0.00130208050007472,0.0230280772299657
0.294415192406911,0.239260035975663,2563,2563,0.00139070522277213,0.0216686511305553
0.294750691467977,0.238977921117309,2564,2564,0.000438347366001233,0.0218567907698173
0.29471966368521,0.239114239374147,2565,2565,0.000139804829855342,0.0218843284255822
0.296146372275497,0.239402501988017,2566,2566,0.00145553864124402,0.0233051855537118
0.293606048393242,0.239044229513511,2567,2567,0.00256546381630061,0.0208447489599994
0.294097171466051,0.238967752887291,2568,2568,0.000497041796033192,0.0212571970926213
0.293210702203351,0.238998475393013,2569,2569,0.000887001480308785,0.0204685083712644
0.294008083468083,0.240052466949838,2570,2570,0.00132163349049752,0.0216535972423504
0.293057335001266,0.239590966231368,2571,2571,0.00105683752786496,0.0205971453086881
0.294542325217543,0.240259121232013,2572,2572,0.00162838172653871,0.0222230931514021
0.295090869880111,0.240564542152293,2573,2573,0.00062784009538828,0.022850608968622
0.295556120654912,0.241007298906471,2574,2574,0.000642255266092354,0.0234677760383829
0.295396867291739,0.2407740503103,2575,2575,0.00028242971036707,0.0232186534890452
0.295321424283804,0.240620725702582,2576,2576,0.00017088031711774,0.0230813271069672
0.295174021698228,0.240187773257024,2577,2577,0.000457356909152178,0.0227548012326871
0.293726552435908,0.239527440423248,2578,2578,0.00159097665498984,0.0211646977007455
0.29235016489677,0.239606595608919,2579,2579,0.0013786617428916,0.0199798677238939
0.291209369061423,0.238395432112647,2580,2580,0.00166383056608711,0.018407192924205
0.29130286653278,0.238416295060028,2581,2581,9.57968669826202e-05,0.0185000559500563
0.29291458555677,0.23915266009622,2582,2582,0.00177196830637995,0.0202708277837045
0.29314341677798,0.238627504636254,2583,2583,0.000572845515765686,0.0202487133571053
0.293818937519339,0.238815597077427,2584,2584,0.000701218253065086,0.0209408519736216
0.293667722575638,0.239539450843042,2585,2585,0.000739479704382429,0.021117434267408
0.292717609343258,0.238893241962583,2586,2586,0.00114904354640208,0.0199791468448889
0.295814657312668,0.239764360998412,2587,2587,0.00321722776616943,0.0231504235948935
0.294344561107691,0.240178642181199,2588,2588,0.00152735449398634,0.0220104333870104
0.295592759957208,0.240137196211177,2589,2589,0.0012488867588251,0.0231087275344147
0.295962107576621,0.240671948096508,2590,2590,0.000649905564548402,0.0236760608535242
0.296054703110477,0.240684462879902,2591,2591,9.34374266204523e-05,0.0237645013190459
0.296721535918741,0.240286324272394,2592,2592,0.000776646859882883,0.0241926450107883
0.296469564139584,0.240413340636132,2593,2593,0.000282175360633794,0.0240187305251209
0.295298297535157,0.2398972157445,2594,2594,0.00127994154648083,0.0227393718075449
0.295855840992522,0.239806036263159,2595,2595,0.00056494991341575,0.0232052668359562
0.294496692832002,0.239634386601731,2596,2596,0.00136994427934635,0.0219030839426437
0.293962447266839,0.239102436516412,2597,2597,0.000753915921815387,0.0211918153497731
0.292762198437548,0.238718655929431,2598,2598,0.00126011300729706,0.0199429968318576
0.291577500008507,0.23890103559787,2599,2599,0.00119865454207281,0.0189660474010062
0.29077209854611,0.237968570419441,2600,2600,0.00123213750231595,0.0178252713430067
0.290112641056199,0.237852100878951,2601,2601,0.000669663598280327,0.0171833017482092
0.289090713923936,0.236867179871432,2602,2602,0.0014192971692737,0.0158320714267148
0.289723405506033,0.237540434171342,2603,2603,0.000923888516220329,0.0166955464509635
0.28758242976122,0.236090901374762,2604,2604,0.00258552170136636,0.0141367618616032
0.2886162450805,0.236329638960384,2605,2605,0.00106102297296795,0.0151757369516278
0.287644222528647,0.236155800642601,2606,2606,0.000987444986842856,0.0142203052351499
0.286716167423985,0.235365126763975,2607,2607,0.00121920115634323,0.0130474695242323
0.287708577368795,0.235945556526663,2608,2608,0.00114968526474409,0.0141904455011732
0.289596143715489,0.237132226390352,2609,2609,0.00222959459959899,0.0164023310047449
0.286817975068387,0.235847549335662,2610,2610,0.00306081952532126,0.0133417327123904
0.286490955711979,0.235548763536106,2611,2611,0.000442961187330435,0.0129183956189043
0.286604254480913,0.235623004745289,2612,2612,0.000135456148560446,0.0130524731367083
0.284613753505733,0.234767404764427,2613,2613,0.00216659766903023,0.0108872097643645
0.284963317838013,0.234524808777754,2614,2614,0.000425497397351094,0.0111046693445431
0.284441522303821,0.234395204212516,2615,2615,0.000537650372299667,0.010574940059998
0.287274278147912,0.235805206915213,2616,2616,0.00316427136855343,0.0137370399586633
0.285733440803601,0.235285456789182,2617,2617,0.0016261364995389,0.0121208671779233
0.285699430029433,0.235263791641237,2618,2618,4.03250715442166e-05,0.0120808523464382
0.284093775974561,0.234582825362855,2619,2619,0.00174408715843454,0.0103385408618062
0.285790294400851,0.235456088799674,2620,2620,0.00190807856253981,0.012246096931902
0.284462739141402,0.235417914848396,2621,2621,0.00132810399346081,0.0110497925422041
0.284532243894839,0.234960675538964,2622,2622,0.000462491834349641,0.0108987209893318
0.284233874640589,0.234980057108269,2623,2623,0.000298998088806732,0.0106415833229316
0.284920295895591,0.234899754931525,2624,2624,0.000691102437347516,0.0112208835962426
0.286362406537469,0.23585310557482,2625,2625,0.00172874536947712,0.0129347913637476
0.286495414998815,0.235562944325899,2626,2626,0.000319193986730265,0.0129284370155875
0.286389671961783,0.23566192114998,2627,2627,0.000144837845834334,0.0128752736648231
0.287419173382371,0.235736873510703,2628,2628,0.00103222625008873,0.0138408809204612
0.286990633792157,0.236146903973824,2629,2629,0.000593102993642861,0.0136281242052351
0.28774627558464,0.235846377334241,2630,2630,0.000813210169418735,0.0141842288180187
0.287662388592492,0.236143809513702,2631,2631,0.000309035481507332,0.0142316284016456
0.28769711533313,0.235898784327812,2632,2632,0.000247473813231461,0.014160746135113
0.288448277790551,0.236332604147287,2633,2633,0.000867435688226311,0.0150240310548003
0.290431654621292,0.236969118460194,2634,2634,0.00208301083128597,0.0170942750111379
0.28947504336646,0.237008520129321,2635,2635,0.0009574223646857,0.0162399449183518
0.290652007594146,0.237204330603124,2636,2636,0.00119314145636803,0.0173911387754377
0.289996020978546,0.237338161067493,2637,2637,0.00066949909114185,0.0168519023788953
0.291749634983263,0.237609276311436,2638,2638,0.00177444795726361,0.0185585330730989
0.289775742146668,0.237733870355272,2639,2639,0.00197782117647711,0.0168294017521671
0.290856655959801,0.237259925962188,2640,2640,0.00118025334532814,0.0176006476013703
0.289859428835084,0.237657315683735,2641,2641,0.00107348988307477,0.0168694995985732
0.290115044733492,0.237163806615185,2642,2642,0.000555779352135651,0.0168856083827377
0.289415137782926,0.237227534494155,2643,2643,0.000702802235347348,0.016280635745922
0.288727526871413,0.237331204727613,2644,2644,0.000695382112896511,0.0157131205528934
0.288855228885152,0.237575284208965,2645,2645,0.000275467960986623,0.015939750935174
0.288718242820204,0.236864027835799,2646,2646,0.00072432783348419,0.0154949287777078
0.287706122324234,0.237065813863729,2647,2647,0.00103203948540326,0.0146862775305433
0.288710159511208,0.237161678083914,2648,2648,0.00100860330236316,0.0156202002959049
0.289841447485992,0.237698426929681,2649,2649,0.00125216285095957,0.0168719393852455
0.289606134517728,0.237421004795399,2650,2650,0.000363779100035489,0.0165373825427934
0.290092466151724,0.237877471584987,2651,2651,0.000666993544363133,0.0171767989233949
0.290495555939776,0.237525620507021,2652,2652,0.000535051921123401,0.0173835497486821
0.29050292237898,0.237807105248111,2653,2653,0.000281581114233552,0.0175124629327194
0.291063658994154,0.237455705868504,2654,2654,0.000661745476437588,0.0178697182905767
0.291247864725551,0.238114441907831,2655,2655,0.000684006521159357,0.0183166740330475
0.288405415514308,0.237119208605797,2656,2656,0.00301164520552762,0.0153295981904554
0.288882023132898,0.237147889082077,2657,2657,0.000477469781051528,0.0157674371066755
0.28890421663016,0.237258381977074,2658,2658,0.000112699738976871,0.0158370113484728
0.288843246971247,0.238194726707861,2659,2659,0.000938327636905685,0.0162295903000982
0.286661552762497,0.236842906509705,2660,2660,0.00256655556507902,0.0136645581417109
0.28576373350623,0.236690338893114,2661,2661,0.000910690010132125,0.0128125026083767
0.285303013476698,0.235958070777455,2662,2662,0.000865147119757303,0.0120465977938143
0.283578948331092,0.235646496109435,2663,2663,0.00175199297945051,0.0104048286760839
0.282103196190561,0.234417001990987,2664,2664,0.00192080716564184,0.00850415141047997
0.281800455511619,0.23464728283824,2665,2665,0.00038036980334708,0.00836826955731731
0.28119984373054,0.233715588614296,2666,2666,0.00110850739217229,0.00737092761483586
0.279456055781975,0.233197658009239,2667,2667,0.00181907903105281,0.00561293649238981
0.279279541360308,0.23255828175855,2668,2668,0.000663294301951741,0.00513007939521781
0.279051471602539,0.232697472099357,2669,2669,0.000267188632584626,0.00500265014921798
0.279876458464773,0.232716543899542,2670,2670,0.000825207280881574,0.00573133980004627
0.279799356905186,0.233217367207056,2671,2671,0.000506723431311905,0.00591217057870976
0.27911146484894,0.232652580352046,2672,2672,0.000890044758784158,0.00503088178980826
0.278533778084923,0.232938263957007,2673,2673,0.000644466538668407,0.0047107584354411
0.278576077880261,0.232489687564793,2674,2674,0.000450566368404268,0.00448924763503161
0.279363746644305,0.233356456287721,2675,2675,0.00117120028214539,0.00562709742758075
0.281329267632345,0.23367308572862,2676,2676,0.00199086085833986,0.00746333661914407
0.281527766941277,0.234022029576925,2677,2677,0.000401452095418501,0.00780793154036175
0.281879958504507,0.233781333754214,2678,2678,0.000426583375532997,0.00800010019978733
0.283016031630926,0.234323399974405,2679,2679,0.00125876842018123,0.00925820881399197
0.282014549477066,0.233977107432997,2680,2680,0.00105966269573672,0.00821064590090426
0.280563825639161,0.233249728501734,2681,2681,0.00162286159715147,0.0065886257509305
0.280770341221219,0.23332565069964,2682,2682,0.000220029238437718,0.00680631396772132
0.280593189454285,0.23322276644948,2683,2683,0.000204860726980164,0.00660154973579528
0.280005335772504,0.232970650486519,2684,2684,0.000639636154358833,0.00596476948419409
0.279664894802784,0.23286872196306,2685,2685,0.000355372308654563,0.00561798692088944
0.27959359940959,0.232678739357611,2686,2686,0.000202919746362174,0.00546351310680078
0.280068948388597,0.232807290857384,2687,2687,0.000492424755608889,0.00594401417909885
0.279149174839038,0.23263162764024,2688,2688,0.000936397857924246,0.00505277072314411
0.278322703498299,0.232601158756916,2689,2689,0.000827032786481089,0.00434097142759027
0.279130426644261,0.231998580430181,2690,2690,0.00100772879306532,0.00474826342476447
0.27962627612522,0.232864835982188,2691,2691,0.000998130947897232,0.00558253314353525
0.280013081835004,0.232770393164201,2692,2692,0.00039816843545248,0.00587745944049026
0.280372496182573,0.232821773775394,2693,2693,0.000363068368830486,0.00622180993023861
0.281211037495112,0.233310051166978,2694,2694,0.000970343415480528,0.00718996721773071
0.281148790589702,0.233153665320623,2695,2695,0.00016831877546282,0.0070651053290104
0.280740001542497,0.232941002695217,2696,2696,0.000460797002333882,0.00660454035577939
0.280300796760085,0.233579551422958,2697,2697,0.000775013108658928,0.0065294569495693
0.280240454877877,0.233062567832345,2698,2698,0.000520493204289796,0.00621511159723557
0.280624939669952,0.233564855248591,2699,2699,0.000632551344837415,0.00679800633951964
0.28048442241127,0.233564813950263,2700,2700,0.000140517264750361,0.00667763765710481
0.281382162347093,0.234200480117197,2701,2701,0.00110000384915511,0.00777543953247467
0.281614100451997,0.233773745290192,2702,2702,0.000485693212929523,0.00776165185952752
0.282182780809853,0.234148571564999,2703,2703,0.000681096238205384,0.00844033700809594
0.282246625988827,0.233882201091626,2704,2704,0.000273915015950513,0.00837228960401497
0.280300647657258,0.233435017489612,2705,2705,0.00199669848521144,0.00645317207505356
0.28229321213589,0.234120950870869,2706,2706,0.00210732479818092,0.00852419996591581
0.280526011339936,0.233332202869224,2707,2707,0.00193523178542476,0.00659566614781397
0.282096596567898,0.234009115067029,2708,2708,0.00171024795916562,0.00829807127760741
0.282116572078263,0.234156870819099,2709,2709,0.000149099910408499,0.00838638377645456
0.283935675715878,0.234927090986392,2710,2710,0.00197544353259988,0.0103528158924289
0.283764396678257,0.234790668351069,2711,2711,0.00021896950508493,0.0101377085386348
0.285887170508262,0.235565728089852,2712,2712,0.00225984210334248,0.0123813627572308
0.285157752514029,0.235524320449487,2713,2713,0.000730592364449587,0.0117124072128205
0.285242556501947,0.235976041181951,2714,2714,0.000459612158785975,0.0120026504479112
0.285350113796493,0.235603046798548,2715,2715,0.00038819245440939,0.0119193472481176
0.287366003415123,0.236435637336487,2716,2716,0.00218105890758644,0.0140930302594318
0.287456170531551,0.236838416159211,2717,2717,0.000412747972642334,0.0143585211161164
0.289763304894817,0.237615320900671,2718,2718,0.00243443010732833,0.0167647536106598
0.290076654903715,0.237099536487443,2719,2719,0.000603507903017514,0.0168238696900229
0.290724685764027,0.237436690895696,2720,2720,0.000730490993046319,0.0175534933280999
0.288602084413828,0.237017698746325,2721,2721,0.00216355977802804,0.0154588380447255
0.289286019256101,0.237126173578022,2722,2722,0.000692483687596309,0.0161201791772114
0.288649647058865,0.236671481516711,2723,2723,0.000782121757806433,0.0153496939135988
0.289171909241748,0.236648307188282,2724,2724,0.000522776087027677,0.0158134185922618
0.28978903471289,0.236793652152422,2725,2725,0.00063401025680385,0.0164356868385718
0.289531227305149,0.236823058649739,2726,2726,0.000259479096595917,0.0162128579680041
0.288730131140715,0.237122064322781,2727,2727,0.000855078626315866,0.0156201268056082
0.289146476173051,0.237042372779122,2728,2728,0.000423903206028571,0.0159580563250753
0.290167900717841,0.237214675786999,2729,2729,0.00103585540845423,0.016954935038627
0.29004257116755,0.237259782495847,2730,2730,0.000133199517113447,0.0168604411484441
0.289948140151983,0.237211524256657,2731,2731,0.000106047509875886,0.0167544517652481
0.289827140795866,0.237148334332673,2732,2732,0.000136505716634184,0.0166180677012811
0.289378798989783,0.236851080192884,2733,2733,0.000537931592958885,0.0160860968730161
0.290835145943802,0.237297242054807,2734,2734,0.0015231568722607,0.01759626512904
0.29129958619371,0.237022684966583,2735,2735,0.000539524179651498,0.0179128418138126
0.291918186201817,0.237490275103231,2736,2736,0.000775439556587275,0.0186652222831335
0.291154561598916,0.237454582312755,2737,2737,0.000764458311125217,0.0179521102670629
0.289405837863231,0.236817615592944,2738,2738,0.00186111829443877,0.0160966112438009
0.289151427070477,0.237372976096144,2739,2739,0.000610860164018679,0.0161093179953984
0.288123478755083,0.236247275977691,2740,2740,0.00152442726812596,0.0146932680665014
0.288565007495478,0.236749098893279,2741,2741,0.000668411450532938,0.0153069033286123
0.28965435630314,0.23690286376755,2742,2742,0.00110014747253037,0.0163580279688667
0.290668054914584,0.237493690021,2743,2743,0.00117331178150102,0.0175260943439699
0.290041609223427,0.237335994518951,2744,2744,0.000645989222306352,0.0168921358663399
0.289705168273955,0.236591220624476,2745,2745,0.000817239662750693,0.0162772125281846
0.291957180031213,0.238320598615145,2746,2746,0.00283941986846553,0.0190450041875686
0.291420697195196,0.238855029097231,2747,2747,0.000757251459901653,0.0188058529723413
0.291692012548239,0.238092325484347,2748,2748,0.000809523824172084,0.0187074315054688
0.290799845076363,0.238186127234719,2749,2749,0.000897085038469664,0.0179472857124354
0.290125105221465,0.237939176304489,2750,2750,0.000718511401252025,0.0172339210851794
0.291793930628979,0.238541233617692,2751,2751,0.00177410576041712,0.0189950992079489
0.292795286789607,0.238968780958349,2752,2752,0.00108881168662489,0.020082195369675
0.29058008873003,0.238040962298101,2753,2753,0.00240165566005166,0.017685695040093
0.292111286601945,0.238303045217953,2754,2754,0.00155346528118099,0.0191765528373378
0.293800503825989,0.23915978456618,2755,2755,0.00189405837840512,0.0210700013829135
0.291654094590607,0.23899424187146,2756,2756,0.00215278354450814,0.0190772419641456
0.292728022099236,0.238986371881766,2757,2757,0.00107395634479591,0.0200296989711042
0.292605703291201,0.23872103278282,2758,2758,0.000292175851549966,0.0198030718072804
0.292058305689269,0.238718733188296,2759,2759,0.000547402432160769,0.019310890347152
0.292113003473654,0.238510910708222,2760,2760,0.00021490004848949,0.0192680722301757
0.290808800058962,0.238538345562746,2761,2761,0.00130449193870084,0.0181168833433129
0.291079274572988,0.237810034412354,2762,2762,0.000776912861601669,0.0180328322067536
0.290032165088937,0.238004211328251,2763,2763,0.00106496147641991,0.0171811130784634
0.288602783819406,0.237162251641591,2764,2764,0.00165892342428602,0.0155248073265148
0.288044394532316,0.237370090904543,2765,2765,0.000595815202190942,0.015128886665421
0.28732745453562,0.235956798197026,2766,2766,0.00158473948520912,0.0138489765197873
0.286531341884159,0.236531418445905,2767,2767,0.000981826758770483,0.0133989591325745
0.287022406239692,0.236122628369531,2768,2768,0.00063894720268356,0.0136458350682946
0.287007883457023,0.235756835854784,2769,2769,0.000366080694739355,0.0134748538060394
0.289025067841221,0.236405882473789,2770,2770,0.00211903146590471,0.0155800433105714
0.287753463252787,0.236559618075139,2771,2771,0.00128086410850231,0.0144949399658142
0.289006865588552,0.236808617740058,2772,2772,0.00127789602410859,0.0157312307062673
0.28648928437079,0.236664079118222,2773,2773,0.00252172690853594,0.0134265864464089
0.287561094458884,0.236257856102768,2774,2774,0.00114620853391752,0.01418925836188
0.287805661288281,0.23629187665684,2775,2775,0.000246921712574616,0.0144244794407366
0.287813834170906,0.23649563420353,2776,2776,0.000203921391333613,0.0145206293084593
0.28840199849906,0.237017957056113,2777,2777,0.000786612000444293,0.0152803692336232
0.288900565243479,0.236938201391642,2778,2778,0.000504905698775123,0.0156913345590374
0.285788871524948,0.236037792761688,2779,2779,0.00323934769650323,0.0125108171979463
0.285473561379643,0.235473026144746,2780,2780,0.000646824411524683,0.0119698483272314
0.286003505803985,0.235324734720871,2781,2781,0.000550301225953551,0.0123819382901606
0.286615550531885,0.235991091947843,2782,2782,0.000904782130066696,0.0132229073483221
0.286924811987012,0.236895644637764,2783,2783,0.000955959317372548,0.0139197192547351
0.286964581208394,0.236306626612065,2784,2784,0.000590359064949155,0.013676687526504
0.284106324326898,0.235680958333938,2785,2785,0.00292593458485941,0.0108719569484515
0.286267171310278,0.235610035045465,2786,2786,0.00216201059165537,0.0127423872168573
0.283284649492484,0.235446375867129,2787,2787,0.00298700865754836,0.0100491417185649
0.28565337675802,0.235705113161045,2788,2788,0.0023828163684509,0.0122355169387893
0.285345687645038,0.23568848887787,2789,2789,0.000308137886405787,0.0119552186234691
0.286035185165117,0.236160257551941,2790,2790,0.000835447492083861,0.0127857369320536
0.284573627534858,0.235396069291693,2791,2791,0.00164928299684145,0.0111366191935867
0.285922383746573,0.236291884949543,2792,2792,0.00161914453075961,0.0127501243477602
0.285567824277416,0.235991470363397,2793,2793,0.000464716408939302,0.0122945127077953
0.286595465750897,0.23592938674018,2794,2794,0.00102951511610591,0.0131774648095486
0.286183048830069,0.236528558895885,2795,2795,0.00072738915908664,0.0130932629853198
0.286494359147761,0.236422162329475,2796,2796,0.000328989883195724,0.0133142142011159
0.285226794115068,0.236027283580363,2797,2797,0.0013276484243225,0.0120141724467845
0.285054130263004,0.235612190777516,2798,2798,0.000449571841628248,0.0116621019485416
0.284099966181752,0.235400853315303,2799,2799,0.000977288400057264,0.0107249958087682
0.282584383868195,0.234184240928228,2800,2800,0.00194348538701772,0.00881103526399888
0.283554127210798,0.235413023433384,2801,2801,0.00156534615836232,0.0102607476001862
0.284016724339066,0.234881890095811,2802,2802,0.0007043427612775,0.0104036197558959
0.285115549415571,0.236191513444651,2803,2803,0.00170954083442938,0.0120003110483438
0.285054038766494,0.235856042131564,2804,2804,0.000341063867705117,0.0117795128048974
0.283700522746401,0.235120937071702,2805,2805,0.00154025487036567,0.0102394386542546
0.285480489960329,0.23527766360216,2806,2806,0.00178685379592436,0.0118894534116037
0.284797025525051,0.235931473891271,2807,2807,0.000945828487854652,0.011593962146211
0.284955451351104,0.235456043360396,2808,2808,0.000501131651413499,0.011501579110566
0.286728862395035,0.236798643157287,2809,2809,0.00222431134181934,0.0137013683745602
0.286946731344001,0.236314510000723,2810,2810,0.000530897157844715,0.013664383809554
0.285841572110117,0.236048313594384,2811,2811,0.00113676622882023,0.0125621884193036
0.285395951923638,0.235476180418655,2812,2812,0.000725199090848662,0.0119020191646797
0.28548784921689,0.236599741565625,2813,2813,0.00112731307252611,0.0125295555262138
0.287074417318247,0.236783673470613,2814,2814,0.00159719419167346,0.0139964776834151
0.286354566077204,0.236954495574675,2815,2815,0.000739841875312741,0.0134551903231394
0.285114664623739,0.235448020974814,2816,2816,0.00195110771981757,0.0116389194311841
0.285607341865893,0.236059101597451,2817,2817,0.000784952477733335,0.0123617211800899
0.287117390108767,0.236785397287652,2818,2818,0.001675634544109,0.0140350501126934
0.285135922990547,0.236069038438964,2819,2819,0.00210698408648016,0.0119561083896596
0.285936536919061,0.236254402857928,2820,2820,0.00082179232799247,0.0127443088715422
0.285763051152226,0.236648046976682,2821,2821,0.00043017787428475,0.0127901712647625
0.287010814673007,0.236256046848203,2822,2822,0.00130789063171151,0.0136950206155347
0.286167524073823,0.237124689409387,2823,2823,0.00121065227615955,0.0133833999091259
0.28688026368617,0.236395468318998,2824,2824,0.00101968679194947,0.0136425020012545
0.285871839830571,0.236364121488894,2825,2825,0.00100891094567304,0.0127414264378105
0.285194790064561,0.235901135952364,2826,2826,0.000820214601606884,0.0119243496660669
0.285419326026714,0.236068019690302,2827,2827,0.000279761649065968,0.0122018107517473
0.286301731009934,0.236689602715801,2828,2828,0.00107935351576773,0.0132760714014091
0.285711586153461,0.236711227262164,2829,2829,0.00059054091528612,0.0127786588932887
0.284944497754909,0.236117332700167,2830,2830,0.000970121313013368,0.0118153323082483
0.284914659868508,0.236661605804782,2831,2831,0.000545090370371831,0.0120771398864181
0.284673071725436,0.235928723879981,2832,2832,0.000771673989825152,0.0114856815994359
0.286352883283505,0.23676155351317,2833,2833,0.00187493255039694,0.0133562841054066
0.286597316339816,0.236667127096672,2834,2834,0.000262037911666158,0.0135223550561197
0.286099959363657,0.236994133788254,2835,2835,0.000595228811528205,0.0132574922266324
0.286520332678768,0.236391141952693,2836,2836,0.000735059778392375,0.0133223574654779
0.284661901445092,0.235988573543091,2837,2837,0.00190153305906426,0.0115066471141072
0.283712557287065,0.234958444246928,2838,2838,0.00140086426794061,0.010171099454249
0.283509891673329,0.235163070130595,2839,2839,0.000288001915370597,0.0100949933897354
0.283357736510456,0.234739978916136,2840,2840,0.000449619138094732,0.00975501294765125
0.281978939158915,0.234244602741585,2841,2841,0.001465086922653,0.0083098620292332
0.281530376656986,0.233632070538774,2842,2842,0.000759212761759021,0.00762115234465731
0.281802730376516,0.23394539527604,2843,2843,0.000415149297873086,0.00800941381863696
0.281675447784694,0.233814202635561,2844,2844,0.000182790500564687,0.00783485663356165
0.281171663010174,0.233892963320653,2845,2845,0.000509904250379469,0.0074356244782742
0.281565578365625,0.233695431396296,2846,2846,0.000440667866312684,0.00768189030305964
0.282537682931859,0.234368339075933,2847,2847,0.0011822825521026,0.00885722779226728
0.28065235799652,0.233302660507395,2848,2848,0.00216566870117544,0.006691701137028
0.281698940989012,0.233424260912963,2849,2849,0.00105362356598983,0.00767818342343898
0.280251049882048,0.232694348360482,2850,2850,0.00162146877610873,0.006057021489315
0.282395902428862,0.233857784909841,2851,2851,0.00244007726352283,0.00849474918103585
0.281887120236307,0.233358599411807,2852,2852,0.00071277309216098,0.00782038621063682
0.281821728902714,0.233846376207506,2853,2853,0.000492140456507076,0.00797893665914455
0.28105106629106,0.233152073182003,2854,2854,0.0010372933780874,0.00697649715562202
0.280922415787446,0.233452369742395,2855,2855,0.000326694010142824,0.0070004759574291
0.280046212808765,0.232557882292823,2856,2856,0.00125213396139935,0.00581349457288775
0.280015713064566,0.232958261314593,2857,2857,0.000401539033556254,0.0059678846548286
0.279923661167928,0.232752340023444,2858,2858,0.000225559592620248,0.00578971370243804
0.278253263349347,0.232009759063587,2859,2859,0.00182801951692553,0.00396651601577727
0.277280874003364,0.230873788689721,2860,2860,0.00149531592999031,0.00261793547982123
0.278260626036008,0.231715854593124,2861,2861,0.00129189358352086,0.0038393327026232
0.278294437894669,0.231393249106987,2862,2862,0.000324372535014589,0.00374563126169737
0.278372419988181,0.231990774764404,2863,2863,0.00060259282951336,0.00406221220597048
0.279166392912833,0.232211093688986,2864,2864,0.000823974170474209,0.00487007590328093
0.279213771935715,0.232659904679718,2865,2865,0.000451304860610708,0.00512282492311639
0.279027757545668,0.231823460966773,2866,2866,0.000856877726533769,0.00458532122525098
0.278631978593617,0.232138236933131,2867,2867,0.000505692483514302,0.00436061912335456
0.278959935557801,0.231817104305989,2868,2868,0.000459001018050752,0.00452018739086712
0.279420434114777,0.232514680325804,2869,2869,0.000835865554020731,0.00523361519333782
0.279320305796733,0.232193954044171,2870,2870,0.000335992600818612,0.00500178129776697
0.278770062236366,0.2320124611652,2871,2871,0.000579402831234329,0.00442679836377795
0.277551850376396,0.230816775608852,2872,2872,0.00170695755232248,0.00286246717457839
0.278630476710486,0.231693962534988,2873,2873,0.00139028474492632,0.00416870236670589
0.278603260013411,0.231235370751328,2874,2874,0.000459398707703655,0.00398820104645799
0.277853241091716,0.231666142409835,2875,2875,0.000864923467523983,0.00345171040658215
0.278045780881812,0.231273743676304,2876,2876,0.000437090764999154,0.00347099981520869
0.277239299674468,0.231326870633459,2877,2877,0.000808229182456875,0.0027506486281133
0.276686176480336,0.23073823480334,2878,2878,0.000807735976904978,0.00201060327103143
0.279040822624045,0.231733620520146,2879,2879,0.0025563941768244,0.00456423811965099
0.27759382201502,0.230940924168946,2880,2880,0.00164990250249014,0.00293674463315564
0.279655797471168,0.231849721418861,2881,2881,0.00225336531064285,0.00518092559619166
0.278241000599794,0.231440955795342,2882,2882,0.00147266409008271,0.00371272887923543
0.277579761077005,0.231306405337493,2883,2883,0.000674789991187219,0.00305016564595992
0.277124013268491,0.230781255025126,2884,2884,0.000695333672091395,0.00244086047151083
0.277523805896033,0.23129418940219,2885,2885,0.000650335159906448,0.0029940142512634
0.277275308457753,0.230918447602964,2886,2886,0.000450480717142341,0.00262642436932369
0.277268109643572,0.231380155345572,2887,2887,0.000461763860116333,0.00280059948704487
0.276486230310535,0.230467923024413,2888,2888,0.00120145873803365,0.0017443521815421
0.277120862097409,0.231153028398691,2889,2889,0.000933877336043617,0.00256857713827085
0.277146389792139,0.231032299370049,2890,2890,0.00012339838554487,0.00254454143643725
0.277801661509877,0.231555692915698,2891,2891,0.000838642848711013,0.00335614126435077
0.277006285033024,0.230751722026149,2892,2892,0.00113092569657472,0.00231960079803267
0.277300354231452,0.231187342003961,2893,2893,0.000525586775454922,0.00274646043057419
0.277361936537122,0.230895474817802,2894,2894,0.0002982932026184,0.00270177029886395
0.277739767746517,0.231332357879542,2895,2895,0.000577601274608227,0.00320745454141183
0.277445390248628,0.230958477778271,2896,2896,0.000475861788117499,0.00280047523268335
0.277736698033706,0.231737538566595,2897,2897,0.000831742711150604,0.00338276475937158
0.278075080786334,0.231310317765136,2898,2898,0.000544995871980334,0.00351112418885784
0.277280594570943,0.23114403015067,2899,2899,0.000811701864708393,0.00271118786677236
0.278010391954629,0.231147464347932,2900,2900,0.000729805463767988,0.00339623630259153
0.277796524756063,0.231588528852596,2901,2901,0.000490180656388339,0.00336604330235904
0.278616681653055,0.231560469276539,2902,2902,0.000820636750025218,0.00410620171471053
0.278012726337621,0.231716520330898,2903,2903,0.000623789992391869,0.00361668277018993
0.278129011955225,0.231358047225719,2904,2904,0.000376862457666383,0.00357840074898586
0.277790739152678,0.231887274138441,2905,2905,0.00062810000325728,0.00350455428962543
0.277892596645414,0.231409766923232,2906,2906,0.000488250027550531,0.00337837077628418
0.278340961938351,0.232125044927705,2907,2907,0.000844188402901331,0.00409952357521739
0.27789786420044,0.231563852986857,2908,2908,0.000715032866247391,0.00344638795321392
0.277717797790126,0.231932974340394,2909,2909,0.000410699994838785,0.00346630028508378
0.277517566937248,0.23144550799517,2910,2910,0.000526987506654804,0.00305258113932321
0.277918710175716,0.232014530264378,2911,2911,0.000696205602263712,0.0036799791171209
0.277906672320463,0.231635171806434,2912,2912,0.000379549403336263,0.00348543860565735
0.278674911478453,0.232250775080099,2913,2913,0.000984458630118886,0.0044521490477539
0.27851056334714,0.231799873189177,2914,2914,0.000479919601082421,0.00410141525395915
0.278298211768188,0.231887897268968,2915,2915,0.000229872642362033,0.00394884041044503
0.277743430884199,0.231366020382605,2916,2916,0.000761667456150897,0.00322403763698388
0.27790965720252,0.231886104137799,2917,2917,0.000546002107430478,0.00360651352896026
0.278300232898143,0.231534639112092,2918,2918,0.00052543033630209,0.00380261531580315
0.278684593104785,0.232203145582229,2919,2919,0.000771124937390273,0.00443770235237853
0.279014841275811,0.231974822048757,2920,2920,0.000401491581982552,0.00463296090597664
0.279131572357823,0.232449080713433,2921,2921,0.000488413171942734,0.00494786547843984
0.279282966276503,0.232154428810886,2922,2922,0.000331270074543124,0.00495130689626465
0.278960681768164,0.232527403039908,2923,2923,0.000492927053254433,0.00483743976826369
0.278113327741619,0.231581323808047,2924,2924,0.00127006880099466,0.00364935239589844
0.278404703086898,0.2321844605087,2925,2925,0.00066983092755625,0.004184415670688
0.27837750685362,0.232160757079879,2926,2926,3.60761367438173e-05,0.00414900676043139
0.277715740476408,0.232306911252819,2927,2927,0.000677713641796409,0.00367745230871233
0.277785024647271,0.231869946559946,2928,2928,0.000442423370935857,0.00349077015533997
0.278239989970973,0.232557463417223,2929,2929,0.000824422752483863,0.00424825399979737
0.277955350255618,0.231984223059006,2930,2930,0.00064001896522466,0.00369558852420221
0.277658482114772,0.232159422607463,2931,2931,0.000344710856848504,0.00354373976971698
0.277266912967986,0.231580887413811,2932,2932,0.000698590986921788,0.00289774331283214
0.277524749294937,0.232124635733762,2933,2933,0.000601782192279803,0.00341528441221195
0.27706383501619,0.231430672905682,2934,2934,0.000833082456369588,0.00264639897199577
0.277523759533182,0.232144887910441,2935,2935,0.000849490220281205,0.00342661523034292
0.277346163124184,0.231639675295453,2936,2936,0.00053551869326076,0.00299597309896632
0.277311071337247,0.232008257379861,2937,2937,0.000370248816955566,0.00317455403115457
0.277296528965353,0.231520659857916,2938,2938,0.000487814333519299,0.00289284040994646
0.277661960082982,0.232102116422717,2939,2939,0.000686754423707679,0.00351338037604046
0.277428430741259,0.231565025566733,2940,2940,0.000585664187933767,0.0030295092832476
0.277323143760061,0.231864203852199,2941,2941,0.000317163987401625,0.00309937728429361
0.27740002519211,0.231446499784049,2942,2942,0.000424720429392213,0.00294824509017597
0.27707148189278,0.231752886871977,2943,2943,0.000449236849761933,0.00282986956354217
0.277535081601407,0.231586628684045,2944,2944,0.000492510380493408,0.00313331983385975
0.277418051939894,0.231857659463582,2945,2945,0.000295217928199236,0.00317394017287004
0.277835765376631,0.231719828665463,2946,2946,0.000439865711485488,0.00346118320211843
0.277536251780571,0.231959670521143,2947,2947,0.000383708886997377,0.00332900012443816
0.277804264679174,0.231752824078141,2948,2948,0.000338550387387213,0.00344925582666659
0.277914477423968,0.232251068844823,2949,2949,0.000510288836484237,0.00380573408141987
0.277520012400947,0.231470295031868,2950,2950,0.000874763054422398,0.0030658759029572
0.277886908854313,0.232032220100172,2951,2951,0.000671098196898286,0.00366229372983787
0.278223131650641,0.23184435641629,2952,2952,0.00038514741657256,0.00386216816078524
0.278643734718943,0.232471737700087,2953,2953,0.00075532391483673,0.00453708080286845
0.279208200806906,0.232410823832633,2954,2954,0.000567743307937885,0.00499742539175975
0.279586451589411,0.23287634495258,2955,2955,0.000599819612535627,0.00555379651766375
0.279550330140934,0.232437806964563,2956,2956,0.00044002309709151,0.00531457886914223
0.280108414066302,0.23305460571019,2957,2957,0.000831804280081208,0.00609563591830592
0.279686654135872,0.232614908123934,2958,2958,0.000609274491732283,0.00551606150145729
0.28009875011046,0.233189323479649,2959,2959,0.000706948437407825,0.00615400068752471
0.280414080659654,0.232946694295332,2960,2960,0.000397872185930305,0.00631477110836878
0.281257550611545,0.234041439869555,2961,2961,0.00138199472937534,0.00758586886753131
0.281555990196256,0.233728006064025,2962,2962,0.000432789713569254,0.00768879975236219
0.281417403833692,0.233877609771479,2963,2963,0.000203930010476055,0.00764013589806858
0.280883830473429,0.23343785876401,2964,2964,0.000691434363733862,0.00695966843691159
0.279935374582077,0.233203651491213,2965,2965,0.000976945046801942,0.00602087434630186
0.281145325081278,0.233464291138557,2966,2966,0.00123770482599195,0.00720231584249442
0.280979106305064,0.233848989437853,2967,2967,0.000419072145397034,0.00724795239295404
0.282257116313541,0.233550778529132,2968,2968,0.00131234116290288,0.00823687047834967
0.281356620407671,0.233779301687544,2969,2969,0.000929040209259074,0.00753878724207185
0.281890626121544,0.23364565348647,2970,2970,0.000550476106747359,0.00794789199157465
0.281332381356751,0.233889310136616,2971,2971,0.000609102438493923,0.00757230301759365
0.281905258150459,0.233757033783215,2972,2972,0.000587949704003593,0.00801138770125416
0.282318201175273,0.234516471999067,2973,2973,0.000864446843616927,0.00873987836171487
0.281936075291109,0.233883517872611,2974,2974,0.000739358585224796,0.00809732237468268
0.28197127624296,0.234097467453762,2975,2975,0.000216826036917959,0.00823053743851448
0.282702295911735,0.234161742428586,2976,2976,0.000733839920231654,0.00890527364725734
0.283340844792543,0.234543491462815,2977,2977,0.000743960347273915,0.00964784761413186
0.283483320222405,0.23433307915755,2978,2978,0.000254111365981707,0.0096803076585046
0.28346132225702,0.234470276109261,2979,2979,0.000138949321840024,0.00972162866987961
0.284526784530236,0.234382358743582,2980,2980,0.00106908340125277,0.0106476734065798
0.283654393691669,0.234616256876019,2981,2981,0.00090320214325116,0.009959875554991
0.284156527830663,0.23460249450347,2982,2982,0.000502322701499638,0.0104036063723807
0.283652226941432,0.234887396386041,2983,2983,0.000579213664869911,0.0100841656228451
0.284953822342604,0.235073217791916,2984,2984,0.00131479282901575,0.0113264656669031
0.283979619267478,0.235093497000626,2985,2985,0.000974414120325547,0.0104702252884234
0.283966799285712,0.234718881080692,2986,2986,0.000374835216329398,0.0102849023538052
0.283629787976614,0.234912519516138,2987,2987,0.000388680416462662,0.0100764454248348
0.283633897649947,0.234570441570514,2988,2988,0.000342102631234067,0.00992083634341902
0.2833062918106,0.234486819357707,2989,2989,0.000338109834889563,0.00959108482255357
0.283508618994275,0.234340327937777,2990,2990,0.00024979196417635,0.00970622338958011
0.283401381991986,0.234561809860136,2991,2991,0.000246077257364665,0.00971000794132316
0.283432941252868,0.233816846653013,2992,2992,0.000745631388096933,0.00941895954931674
0.28266060650833,0.234265870238545,2993,2993,0.000893377377139034,0.00891655078552008
0.282536932820225,0.233824342548989,2994,2994,0.000458521408196435,0.00860677474846988
0.282150146136284,0.234118879919416,2995,2995,0.000486164788372035,0.00839744752396341
0.282604832092688,0.234014690131952,2996,2996,0.000466470610824627,0.00875174778396142
0.283193920885162,0.234516528305119,2997,2997,0.000773865077042705,0.00950518490680704
0.283458576235785,0.23419734601198,2998,2998,0.000414632115093528,0.00959917585096207
0.283167584129908,0.234912585516696,2999,2999,0.00077216834614602,0.00967325772185707
0.283268314582053,0.234796466856482,3000,3000,0.000153721069601994,0.00970380315620273
0.283922501166979,0.23520131927946,3001,3001,0.000769328000457593,0.010472329578615
0.28397577203492,0.234964203757179,3002,3002,0.000243025834589124,0.0104056209168309
0.283085895607051,0.234965048555864,3003,3003,0.000889876828871365,0.00962901865811174
0.28278981059753,0.234364699224668,3004,3004,0.000669392001991471,0.00907704410693672
0.283653425486689,0.23547861397377,3005,3005,0.00140948101975277,0.010379668110072
0.283353261186751,0.234725648430041,3006,3006,0.000810589734082683,0.00974424957794124
0.283668352965948,0.235173766030226,3007,3007,0.000547806729524752,0.0102375844123489
0.283862354782311,0.234551026394863,3008,3008,0.000652258658971836,0.010116575767186
0.284579272442884,0.235307394399185,3009,3009,0.00104214369930574,0.0110995999511651
0.285414789323259,0.235325131217005,3010,3010,0.000835705122694546,0.0118512839146593
0.286029081555222,0.235880365490811,3011,3011,0.000828033842943676,0.012649755407955
0.284691794218855,0.23504251264369,3012,3012,0.00157807946993749,0.0110780259108908
0.284787800978957,0.235491464584628,3013,3013,0.000459102541113852,0.0113703806701586
0.284874224469574,0.235432155334631,3014,3014,0.000104817016107045,0.0114186068839743
0.285159392578896,0.236017452621193,3015,3015,0.000651071243591275,0.0119507514227516
0.28437774746223,0.235192231515925,3016,3016,0.00113664372649836,0.0108675936060802
0.285743566425704,0.236341372452798,3017,3017,0.00178493314546548,0.0126186674575661
0.285766199345433,0.235887163006315,3018,3018,0.00045477298768633,0.0124198215973003
0.285516311837965,0.236276348065619,3019,3019,0.000462502731638786,0.0123891900684642
0.285364823042692,0.235647175727934,3020,3020,0.000647152752911779,0.0119528527038861
0.284678405837362,0.235704591855949,3021,3021,0.000688814337487757,0.0113779589221071
0.284803720383726,0.235349613006625,3022,3022,0.000376448826532018,0.0113177355957144
0.285076626328932,0.235936886407709,3023,3023,0.000647586058025361,0.0118389495981875
0.284321118731545,0.23526735857694,3024,3024,0.0010094846437086,0.0108532935721314
0.284099455574784,0.235799518412895,3025,3025,0.000576479527883787,0.0109275778788573
0.282854966467156,0.234662066824579,3026,3026,0.00168598613718112,0.00927754442801251
0.282961911213602,0.234659947684867,3027,3027,0.000106965740054598,0.00936969447017377
0.283027643946548,0.23467411751427,3028,3028,6.7242666856312e-05,0.00943400272649111
0.282538802292688,0.234815468431263,3029,3029,0.000508867609780682,0.00908275911421272
0.282631208559234,0.234342925050051,3030,3030,0.000481493681395793,0.00892707078027142
0.282358739151999,0.23467155839479,3031,3031,0.000426895131330274,0.00885414897525012
0.28223021177963,0.234141539719829,3032,3032,0.000545379758751073,0.0084785805001968
0.282500976040464,0.234809645173927,3033,3033,0.000720887080436821,0.009047443646243
0.283346161864423,0.234201077897076,3034,3034,0.0010414860572635,0.009499327102476
0.281971923446853,0.234176355379873,3035,3035,0.00137446077833523,0.0082698276640276
0.281689841818025,0.233734488418136,3036,3036,0.000524229393678673,0.00780997360837658
0.281821309870827,0.234116161747624,3037,3037,0.000403681036649586,0.00810918242684244
0.281856851155845,0.233880553780094,3038,3038,0.000238273576597248,0.00802603108510761
0.281740889302362,0.233908638957781,3039,3039,0.000119314410986785,0.00793751496127742
0.282237045891267,0.233560560790557,3040,3040,0.000606077364049207,0.00822279312163217
0.281741965379958,0.234063853564907,3041,3041,0.000705980402979986,0.00801433707828659
0.281851116293589,0.23351537595519,3042,3042,0.000559233055449728,0.00785485185957949
0.282331593658254,0.234229147573861,3043,3043,0.000860423396691933,0.00860956116647787
0.28346181784958,0.234723128991103,3044,3044,0.00123346032090127,0.00983866431379202
0.282308966454139,0.234166683621869,3045,3045,0.00128011631850861,0.00855978440906248
0.280937043335097,0.233541890819412,3046,3046,0.00150749430863346,0.00705670166462503
0.280783212752427,0.23385330441774,3047,3047,0.000347335971917672,0.00708353825661723
0.279910885132251,0.232957915029778,3048,3048,0.0012500710511792,0.00587603523048607
0.28017244451589,0.233485091277143,3049,3049,0.000588496479985684,0.00637049303610062
0.27885785458651,0.232284188283644,3050,3050,0.00178053775085538,0.00462865530225356
0.278804315241635,0.232735764644425,3051,3051,0.000454739124186283,0.00481451276755106
0.278069480369673,0.232146090735576,3052,3052,0.000942177057578364,0.00387746492258234
0.277693147581148,0.232130612605365,3053,3053,0.000376650952785047,0.00355527671096824
0.278097777044178,0.231993134885975,3054,3054,0.00042734661070384,0.00382294720148217
0.277942476787209,0.232076400150956,3055,3055,0.000176213717306446,0.00373285015514772
0.277152648908479,0.23141516288904,3056,3056,0.00103007902345636,0.00271566412244727
0.277517784036617,0.231923551313036,3057,3057,0.000625925276254483,0.00329346983922268
0.277536941432935,0.231696121259727,3058,3058,0.000228235481426622,0.00318878411346424
0.278005488752055,0.232159511691752,3059,3059,0.000658989592290477,0.00383063930137479
0.277785556580977,0.231804689602427,3060,3060,0.000417455237059126,0.00345835378029582
0.277473066349411,0.231671105439211,3061,3061,0.000339845367021795,0.00312103325455866
0.277664756948663,0.231368255873467,3062,3062,0.000358417557205107,0.00315288336208503
0.277376497366441,0.231643042625255,3063,3063,0.000398247844565647,0.00302368748576491
0.277568709236773,0.231364371138211,3064,3064,0.000338530945096717,0.00306375250044329
0.277325177274009,0.231651760821625,3065,3065,0.000376697022845931,0.00298436531229177
0.27738380965318,0.231268145001856,3066,3066,0.000388070680500541,0.00285558887182515
0.277032707968594,0.23158045247796,3067,3067,0.000469902492597202,0.00269952800922859
0.277069750188928,0.23126644169269,3068,3068,0.000316188075918597,0.00257216162229091
0.277110420612241,0.231499929932453,3069,3069,0.000237003884862313,0.00272193765790177
0.276887960960994,0.231232014120462,3070,3070,0.000348234373300219,0.0023954084412748
0.276847365698502,0.231337168197535,3071,3071,0.000112718034324285,0.00241261268129874
0.276891099001522,0.231067600820621,3072,3072,0.000273091875546804,0.00232414985440182
0.277210465103165,0.231469111882857,3073,3073,0.000513035905153985,0.00279254310434124
0.277461152665113,0.231237506649544,3074,3074,0.000341299337552198,0.00291394517858742
0.277261526066782,0.231561326129714,3075,3075,0.00038040745852145,0.00288307608017347
0.277015177648099,0.231181056645241,3076,3076,0.000453092070344607,0.00248502925725451
0.277358150428759,0.231604996325769,3077,3077,0.000545302834212051,0.00298846584961874
0.276673708578026,0.230944459536802,3078,3078,0.000951193721916207,0.00207519499958777
0.275746482488046,0.230793677265688,3079,3079,0.000939405937399785,0.00119412689896892
0.275782354369923,0.230395736089804,3080,3080,0.000399554716369299,0.00104503388096297
0.27615333285265,0.230904522322321,3081,3081,0.000629673300247449,0.00159487052565126
0.275746760125084,0.230455905346492,3082,3082,0.000605440809494803,0.0010310583568225
0.276381201253996,0.231135880977256,3083,3083,0.000929990539999407,0.00191087892148423
0.275646172011351,0.230326968691464,3084,3084,0.00109298082034881,0.000894972477888802
0.27580873157175,0.230805157730761,3085,3085,0.000505064716626698,0.00125139966733268
0.275016067618351,0.230035134449868,3086,3086,0.00110510270840984,0.000237755526030879
0.274903700126617,0.230354385000464,3087,3087,0.000338448470603975,0.000293074468810125
0.274664316363375,0.229819346692518,3088,3088,0.000586148937620226,0.0002930744688101
0.274903700126617,0.230354385000464,3089,3089,0.000586148937620226,0.000293074468810125
0.274664316363375,0.229819346692518,3090,3090,0.000586148937620226,0.0002930744688101
0.274903700126617,0.230354385000464,3091,3091,0.000586148937620226,0.000293074468810125
0.274664316363375,0.229819346692518,3092,3092,0.000586148937620226,0.0002930744688101
0.274903700126617,0.230354385000464,3093,3093,0.000586148937620226,0.000293074468810125
0.274664316363375,0.229819346692518,3094,3094,0.000586148937620226,0.0002930744688101
0.274903700126617,0.230354385000464,3095,3095,0.000586148937620226,0.000293074468810125
0.274664316363375,0.229819346692518,3096,3096,0.000586148937620226,0.0002930744688101
0.274903700126617,0.230354385000464,3097,3097,0.000586148937620226,0.000293074468810125
0.274664316363375,0.229819346692518,3098,3098,0.000586148937620226,0.0002930744688101
0.274903700126617,0.230354385000464,3099,3099,0.000586148937620226,0.000293074468810125
0.274664316363375,0.229819346692518,3100,3100,0.000586148937620226,0.0002930744688101
0.274903700126617,0.230354385000464,3101,3101,0.000586148937620226,0.000293074468810125
0.274664316363375,0.229819346692518,3102,3102,0.000586148937620226,0.0002930744688101
0.274903700126617,0.230354385000464,3103,3103,0.000586148937620226,0.000293074468810125
0.274664316363375,0.229819346692518,3104,3104,0.000586148937620226,0.0002930744688101
0.274903700126617,0.230354385000464,3105,3105,0.000586148937620226,0.000293074468810125
0.274664316363375,0.229819346692518,3106,3106,0.000586148937620226,0.0002930744688101
0.274903700126617,0.230354385000464,3107,3107,0.000586148937620226,0.000293074468810125
0.274664316363375,0.229819346692518,3108,3108,0.000586148937620226,0.0002930744688101
0.274903700126617,0.230354385000464,3109,3109,0.000586148937620226,0.000293074468810125
0.274664316363375,0.229819346692518,3110,3110,0.000586148937620226,0.0002930744688101
0.274903700126617,0.230354385000464,3111,3111,0.000586148937620226,0.000293074468810125
0.274664316363375,0.229819346692518,3112,3112,0.000586148937620226,0.0002930744688101
0.274903700126617,0.230354385000464,3113,3113,0.000586148937620226,0.000293074468810125
0.274664316363375,0.229819346692518,3114,3114,0.000586148937620226,0.0002930744688101
0.274903700126617,0.230354385000464,3115,3115,0.000586148937620226,0.000293074468810125
0.274664316363375,0.229819346692518,3116,3116,0.000586148937620226,0.0002930744688101
0.274903700126617,0.230354385000464,3117,3117,0.000586148937620226,0.000293074468810125
0.274664316363375,0.229819346692518,3118,3118,0.000586148937620226,0.0002930744688101
0.274903700126617,0.230354385000464,3119,3119,0.000586148937620226,0.000293074468810125
0.274664316363375,0.229819346692518,3120,3120,0.000586148937620226,0.0002930744688101
0.274903700126617,0.230354385000464,3121,3121,0.000586148937620226,0.000293074468810125
0.274664316363375,0.229819346692518,3122,3122,0.000586148937620226,0.0002930744688101
0.274903700126617,0.230354385000464,3123,3123,0.000586148937620226,0.000293074468810125
0.274664316363375,0.229819346692518,3124,3124,0.000586148937620226,0.0002930744688101
0.274903700126617,0.230354385000464,3125,3125,0.000586148937620226,0.000293074468810125
0.274664316363375,0.229819346692518,3126,3126,0.000586148937620226,0.0002930744688101
0.274903700126617,0.230354385000464,3127,3127,0.000586148937620226,0.000293074468810125
0.274664316363375,0.229819346692518,3128,3128,0.000586148937620226,0.0002930744688101
0.274903700126617,0.230354385000464,3129,3129,0.000586148937620226,0.000293074468810125
0.274664316363375,0.229819346692518,3130,3130,0.000586148937620226,0.0002930744688101
0.274903700126617,0.230354385000464,3131,3131,0.000586148937620226,0.000293074468810125
0.274664316363375,0.229819346692518,3132,3132,0.000586148937620226,0.0002930744688101
0.274903700126617,0.230354385000464,3133,3133,0.000586148937620226,0.000293074468810125
0.274664316363375,0.229819346692518,3134,3134,0.000586148937620226,0.0002930744688101
0.274903700126617,0.230354385000464,3135,3135,0.000586148937620226,0.000293074468810125
0.274664316363375,0.229819346692518,3136,3136,0.000586148937620226,0.0002930744688101
0.274903700126617,0.230354385000464,3137,3137,0.000586148937620226,0.000293074468810125
0.274664316363375,0.229819346692518,3138,3138,0.000586148937620226,0.0002930744688101
0.274903700126617,0.230354385000464,3139,3139,0.000586148937620226,0.000293074468810125
0.274664316363375,0.229819346692518,3140,3140,0.000586148937620226,0.0002930744688101
0.274903700126617,0.230354385000464,3141,3141,0.000586148937620226,0.000293074468810125
0.274664316363375,0.229819346692518,3142,3142,0.000586148937620226,0.0002930744688101
0.274903700126617,0.230354385000464,3143,3143,0.000586148937620226,0.000293074468810125
0.274664316363375,0.229819346692518,3144,3144,0.000586148937620226,0.0002930744688101
0.274903700126617,0.230354385000464,3145,3145,0.000586148937620226,0.000293074468810125
0.274664316363375,0.229819346692518,3146,3146,0.000586148937620226,0.0002930744688101
0.274903700126617,0.230354385000464,3147,3147,0.000586148937620226,0.000293074468810125
0.274664316363375,0.229819346692518,3148,3148,0.000586148937620226,0.0002930744688101
0.274903700126617,0.230354385000464,3149,3149,0.000586148937620226,0.000293074468810125
0.274664316363375,0.229819346692518,3150,3150,0.000586148937620226,0.0002930744688101
0.274903700126617,0.230354385000464,3151,3151,0.000586148937620226,0.000293074468810125
0.274664316363375,0.229819346692518,3152,3152,0.000586148937620226,0.0002930744688101
0.274903700126617,0.230354385000464,3153,3153,0.000586148937620226,0.000293074468810125
0.274664316363375,0.229819346692518,3154,3154,0.000586148937620226,0.0002930744688101
0.274903700126617,0.230354385000464,3155,3155,0.000586148937620226,0.000293074468810125
0.274664316363375,0.229819346692518,3156,3156,0.000586148937620226,0.0002930744688101
0.274903700126617,0.230354385000464,3157,3157,0.000586148937620226,0.000293074468810125
0.274664316363375,0.229819346692518,3158,3158,0.000586148937620226,0.0002930744688101
0.274903700126617,0.230354385000464,3159,3159,0.000586148937620226,0.000293074468810125
0.274664316363375,0.229819346692518,3160,3160,0.000586148937620226,0.0002930744688101
0.274903700126617,0.230354385000464,3161,3161,0.000586148937620226,0.000293074468810125
0.274664316363375,0.229819346692518,3162,3162,0.000586148937620226,0.0002930744688101
0.274903700126617,0.230354385000464,3163,3163,0.000586148937620226,0.000293074468810125
0.274664316363375,0.229819346692518,3164,3164,0.000586148937620226,0.0002930744688101
0.274903700126617,0.230354385000464,3165,3165,0.000586148937620226,0.000293074468810125
0.274664316363375,0.229819346692518,3166,3166,0.000586148937620226,0.0002930744688101
0.274903700126617,0.230354385000464,3167,3167,0.000586148937620226,0.000293074468810125
0.274664316363375,0.229819346692518,3168,3168,0.000586148937620226,0.0002930744688101
0.274903700126617,0.230354385000464,3169,3169,0.000586148937620226,0.000293074468810125
0.274664316363375,0.229819346692518,3170,3170,0.000586148937620226,0.0002930744688101
0.274903700126617,0.230354385000464,3171,3171,0.000586148937620226,0.000293074468810125
0.274664316363375,0.229819346692518,3172,3172,0.000586148937620226,0.0002930744688101
0.274903700126617,0.230354385000464,3173,3173,0.000586148937620226,0.000293074468810125
0.274664316363375,0.229819346692518,3174,3174,0.000586148937620226,0.0002930744688101
0.274903700126617,0.230354385000464,3175,3175,0.000586148937620226,0.000293074468810125
0.274664316363375,0.229819346692518,3176,3176,0.000586148937620226,0.0002930744688101
0.274903700126617,0.230354385000464,3177,3177,0.000586148937620226,0.000293074468810125
0.274664316363375,0.229819346692518,3178,3178,0.000586148937620226,0.0002930744688101
0.274903700126617,0.230354385000464,3179,3179,0.000586148937620226,0.000293074468810125
0.274664316363375,0.229819346692518,3180,3180,0.000586148937620226,0.0002930744688101
0.274903700126617,0.230354385000464,3181,3181,0.000586148937620226,0.000293074468810125
0.274664316363375,0.229819346692518,3182,3182,0.000586148937620226,0.0002930744688101
0.274903700126617,0.230354385000464,3183,3183,0.000586148937620226,0.000293074468810125
0.274664316363375,0.229819346692518,3184,3184,0.000586148937620226,0.0002930744688101
0.274903700126617,0.230354385000464,3185,3185,0.000586148937620226,0.000293074468810125
0.274664316363375,0.229819346692518,3186,3186,0.000586148937620226,0.0002930744688101
0.274903700126617,0.230354385000464,3187,3187,0.000586148937620226,0.000293074468810125
0.274664316363375,0.229819346692518,3188,3188,0.000586148937620226,0.0002930744688101
0.274903700126617,0.230354385000464,3189,3189,0.000586148937620226,0.000293074468810125
0.274664316363375,0.229819346692518,3190,3190,0.000586148937620226,0.0002930744688101
0.274903700126617,0.230354385000464,3191,3191,0.000586148937620226,0.000293074468810125
0.274664316363375,0.229819346692518,3192,3192,0.000586148937620226,0.0002930744688101
0.274903700126617,0.230354385000464,3193,3193,0.000586148937620226,0.000293074468810125
0.274664316363375,0.229819346692518,3194,3194,0.000586148937620226,0.0002930744688101
0.274903700126617,0.230354385000464,3195,3195,0.000586148937620226,0.000293074468810125
0.274664316363375,0.229819346692518,3196,3196,0.000586148937620226,0.0002930744688101
0.274903700126617,0.230354385000464,3197,3197,0.000586148937620226,0.000293074468810125
0.274664316363375,0.229819346692518,3198,3198,0.000586148937620226,0.0002930744688101
0.274903700126617,0.230354385000464,3199,3199,0.000586148937620226,0.000293074468810125
0.274664316363375,0.229819346692518,3200,3200,0.000586148937620226,0.0002930744688101
0.274903700126617,0.230354385000464,3201,3201,0.000586148937620226,0.000293074468810125
0.274664316363375,0.229819346692518,3202,3202,0.000586148937620226,0.0002930744688101
0.274903700126617,0.230354385000464,3203,3203,0.000586148937620226,0.000293074468810125
0.274664316363375,0.229819346692518,3204,3204,0.000586148937620226,0.0002930744688101
0.274903700126617,0.230354385000464,3205,3205,0.000586148937620226,0.000293074468810125
0.274664316363375,0.229819346692518,3206,3206,0.000586148937620226,0.0002930744688101
0.274903700126617,0.230354385000464,3207,3207,0.000586148937620226,0.000293074468810125
0.274664316363375,0.229819346692518,3208,3208,0.000586148937620226,0.0002930744688101
0.274903700126617,0.230354385000464,3209,3209,0.000586148937620226,0.000293074468810125
0.274664316363375,0.229819346692518,3210,3210,0.000586148937620226,0.0002930744688101
0.274903700126617,0.230354385000464,3211,3211,0.000586148937620226,0.000293074468810125
0.274664316363375,0.229819346692518,3212,3212,0.000586148937620226,0.0002930744688101
0.274903700126617,0.230354385000464,3213,3213,0.000586148937620226,0.000293074468810125
0.274664316363375,0.229819346692518,3214,3214,0.000586148937620226,0.0002930744688101
0.274903700126617,0.230354385000464,3215,3215,0.000586148937620226,0.000293074468810125
0.274664316363375,0.229819346692518,3216,3216,0.000586148937620226,0.0002930744688101
0.274903700126617,0.230354385000464,3217,3217,0.000586148937620226,0.000293074468810125
0.274664316363375,0.229819346692518,3218,3218,0.000586148937620226,0.0002930744688101
0.274903700126617,0.230354385000464,3219,3219,0.000586148937620226,0.000293074468810125
0.274664316363375,0.229819346692518,3220,3220,0.000586148937620226,0.0002930744688101
0.274903700126617,0.230354385000464,3221,3221,0.000586148937620226,0.000293074468810125
0.274664316363375,0.229819346692518,3222,3222,0.000586148937620226,0.0002930744688101
0.274903700126617,0.230354385000464,3223,3223,0.000586148937620226,0.000293074468810125
0.274664316363375,0.229819346692518,3224,3224,0.000586148937620226,0.0002930744688101
0.274903700126617,0.230354385000464,3225,3225,0.000586148937620226,0.000293074468810125
0.274664316363375,0.229819346692518,3226,3226,0.000586148937620226,0.0002930744688101
0.274903700126617,0.230354385000464,3227,3227,0.000586148937620226,0.000293074468810125
0.274664316363375,0.229819346692518,3228,3228,0.000586148937620226,0.0002930744688101
0.274903700126617,0.230354385000464,3229,3229,0.000586148937620226,0.000293074468810125
0.274664316363375,0.229819346692518,3230,3230,0.000586148937620226,0.0002930744688101
0.274903700126617,0.230354385000464,3231,3231,0.000586148937620226,0.000293074468810125
0.274664316363375,0.229819346692518,3232,3232,0.000586148937620226,0.0002930744688101
0.274903700126617,0.230354385000464,3233,3233,0.000586148937620226,0.000293074468810125
0.274664316363375,0.229819346692518,3234,3234,0.000586148937620226,0.0002930744688101
0.274903700126617,0.230354385000464,3235,3235,0.000586148937620226,0.000293074468810125
0.274664316363375,0.229819346692518,3236,3236,0.000586148937620226,0.0002930744688101
0.274903700126617,0.230354385000464,3237,3237,0.000586148937620226,0.000293074468810125
0.274664316363375,0.229819346692518,3238,3238,0.000586148937620226,0.0002930744688101
0.274903700126617,0.230354385000464,3239,3239,0.000586148937620226,0.000293074468810125
0.274664316363375,0.229819346692518,3240,3240,0.000586148937620226,0.0002930744688101
0.274903700126617,0.230354385000464,3241,3241,0.000586148937620226,0.000293074468810125
0.274664316363375,0.229819346692518,3242,3242,0.000586148937620226,0.0002930744688101
0.274903700126617,0.230354385000464,3243,3243,0.000586148937620226,0.000293074468810125
0.274664316363375,0.229819346692518,3244,3244,0.000586148937620226,0.0002930744688101
0.274903700126617,0.230354385000464,3245,3245,0.000586148937620226,0.000293074468810125
0.274664316363375,0.229819346692518,3246,3246,0.000586148937620226,0.0002930744688101
0.274903700126617,0.230354385000464,3247,3247,0.000586148937620226,0.000293074468810125
0.274664316363375,0.229819346692518,3248,3248,0.000586148937620226,0.0002930744688101
0.274903700126617,0.230354385000464,3249,3249,0.000586148937620226,0.000293074468810125
0.274664316363375,0.229819346692518,3250,3250,0.000586148937620226,0.0002930744688101
0.274903700126617,0.230354385000464,3251,3251,0.000586148937620226,0.000293074468810125
0.274664316363375,0.229819346692518,3252,3252,0.000586148937620226,0.0002930744688101
0.274903700126617,0.230354385000464,3253,3253,0.000586148937620226,0.000293074468810125
0.274664316363375,0.229819346692518,3254,3254,0.000586148937620226,0.0002930744688101
0.274903700126617,0.230354385000464,3255,3255,0.000586148937620226,0.000293074468810125
0.274664316363375,0.229819346692518,3256,3256,0.000586148937620226,0.0002930744688101
0.274903700126617,0.230354385000464,3257,3257,0.000586148937620226,0.000293074468810125
0.274664316363375,0.229819346692518,3258,3258,0.000586148937620226,0.0002930744688101
0.274903700126617,0.230354385000464,3259,3259,0.000586148937620226,0.000293074468810125
0.274664316363375,0.229819346692518,3260,3260,0.000586148937620226,0.0002930744688101
0.274903700126617,0.230354385000464,3261,3261,0.000586148937620226,0.000293074468810125
0.274664316363375,0.229819346692518,3262,3262,0.000586148937620226,0.0002930744688101
0.274903700126617,0.230354385000464,3263,3263,0.000586148937620226,0.000293074468810125
0.274664316363375,0.229819346692518,3264,3264,0.000586148937620226,0.0002930744688101
0.274903700126617,0.230354385000464,3265,3265,0.000586148937620226,0.000293074468810125
0.274664316363375,0.229819346692518,3266,3266,0.000586148937620226,0.0002930744688101
0.274903700126617,0.230354385000464,3267,3267,0.000586148937620226,0.000293074468810125
0.274664316363375,0.229819346692518,3268,3268,0.000586148937620226,0.0002930744688101
0.274903700126617,0.230354385000464,3269,3269,0.000586148937620226,0.000293074468810125
0.274664316363375,0.229819346692518,3270,3270,0.000586148937620226,0.0002930744688101
0.274903700126617,0.230354385000464,3271,3271,0.000586148937620226,0.000293074468810125
0.274664316363375,0.229819346692518,3272,3272,0.000586148937620226,0.0002930744688101
0.274903700126617,0.230354385000464,3273,3273,0.000586148937620226,0.000293074468810125
0.274664316363375,0.229819346692518,3274,3274,0.000586148937620226,0.0002930744688101
0.274903700126617,0.230354385000464,3275,3275,0.000586148937620226,0.000293074468810125
0.274664316363375,0.229819346692518,3276,3276,0.000586148937620226,0.0002930744688101
0.274903700126617,0.230354385000464,3277,3277,0.000586148937620226,0.000293074468810125
0.274664316363375,0.229819346692518,3278,3278,0.000586148937620226,0.0002930744688101
0.274903700126617,0.230354385000464,3279,3279,0.000586148937620226,0.000293074468810125
0.274664316363375,0.229819346692518,3280,3280,0.000586148937620226,0.0002930744688101
0.274903700126617,0.230354385000464,3281,3281,0.000586148937620226,0.000293074468810125
0.274664316363375,0.229819346692518,3282,3282,0.000586148937620226,0.0002930744688101
0.274903700126617,0.230354385000464,3283,3283,0.000586148937620226,0.000293074468810125
0.274664316363375,0.229819346692518,3284,3284,0.000586148937620226,0.0002930744688101
0.274903700126617,0.230354385000464,3285,3285,0.000586148937620226,0.000293074468810125
0.274664316363375,0.229819346692518,3286,3286,0.000586148937620226,0.0002930744688101
0.274903700126617,0.230354385000464,3287,3287,0.000586148937620226,0.000293074468810125
0.274664316363375,0.229819346692518,3288,3288,0.000586148937620226,0.0002930744688101
0.274903700126617,0.230354385000464,3289,3289,0.000586148937620226,0.000293074468810125
0.274664316363375,0.229819346692518,3290,3290,0.000586148937620226,0.0002930744688101
0.274903700126617,0.230354385000464,3291,3291,0.000586148937620226,0.000293074468810125
0.274664316363375,0.229819346692518,3292,3292,0.000586148937620226,0.0002930744688101
0.274903700126617,0.230354385000464,3293,3293,0.000586148937620226,0.000293074468810125
0.274664316363375,0.229819346692518,3294,3294,0.000586148937620226,0.0002930744688101
0.274903700126617,0.230354385000464,3295,3295,0.000586148937620226,0.000293074468810125
0.274664316363375,0.229819346692518,3296,3296,0.000586148937620226,0.0002930744688101
0.274903700126617,0.230354385000464,3297,3297,0.000586148937620226,0.000293074468810125
0.274664316363375,0.229819346692518,3298,3298,0.000586148937620226,0.0002930744688101
0.274903700126617,0.230354385000464,3299,3299,0.000586148937620226,0.000293074468810125
0.274664316363375,0.229819346692518,3300,3300,0.000586148937620226,0.0002930744688101
0.274903700126617,0.230354385000464,3301,3301,0.000586148937620226,0.000293074468810125
0.274664316363375,0.229819346692518,3302,3302,0.000586148937620226,0.0002930744688101
0.274903700126617,0.230354385000464,3303,3303,0.000586148937620226,0.000293074468810125
0.274664316363375,0.229819346692518,3304,3304,0.000586148937620226,0.0002930744688101
0.274903700126617,0.230354385000464,3305,3305,0.000586148937620226,0.000293074468810125
0.274664316363375,0.229819346692518,3306,3306,0.000586148937620226,0.0002930744688101
0.274903700126617,0.230354385000464,3307,3307,0.000586148937620226,0.000293074468810125
0.274664316363375,0.229819346692518,3308,3308,0.000586148937620226,0.0002930744688101
0.274903700126617,0.230354385000464,3309,3309,0.000586148937620226,0.000293074468810125
0.274664316363375,0.229819346692518,3310,3310,0.000586148937620226,0.0002930744688101
0.274903700126617,0.230354385000464,3311,3311,0.000586148937620226,0.000293074468810125
0.274664316363375,0.229819346692518,3312,3312,0.000586148937620226,0.0002930744688101
0.274903700126617,0.230354385000464,3313,3313,0.000586148937620226,0.000293074468810125
0.274664316363375,0.229819346692518,3314,3314,0.000586148937620226,0.0002930744688101
0.274903700126617,0.230354385000464,3315,3315,0.000586148937620226,0.000293074468810125
0.274664316363375,0.229819346692518,3316,3316,0.000586148937620226,0.0002930744688101
0.274903700126617,0.230354385000464,3317,3317,0.000586148937620226,0.000293074468810125
0.274664316363375,0.229819346692518,3318,3318,0.000586148937620226,0.0002930744688101
0.274903700126617,0.230354385000464,3319,3319,0.000586148937620226,0.000293074468810125
0.274664316363375,0.229819346692518,3320,3320,0.000586148937620226,0.0002930744688101
0.274903700126617,0.230354385000464,3321,3321,0.000586148937620226,0.000293074468810125
0.274664316363375,0.229819346692518,3322,3322,0.000586148937620226,0.0002930744688101
0.274903700126617,0.230354385000464,3323,3323,0.000586148937620226,0.000293074468810125
0.274664316363375,0.229819346692518,3324,3324,0.000586148937620226,0.0002930744688101
0.274903700126617,0.230354385000464,3325,3325,0.000586148937620226,0.000293074468810125
0.274664316363375,0.229819346692518,3326,3326,0.000586148937620226,0.0002930744688101
0.274903700126617,0.230354385000464,3327,3327,0.000586148937620226,0.000293074468810125
0.274664316363375,0.229819346692518,3328,3328,0.000586148937620226,0.0002930744688101
0.274903700126617,0.230354385000464,3329,3329,0.000586148937620226,0.000293074468810125
0.274664316363375,0.229819346692518,3330,3330,0.000586148937620226,0.0002930744688101
0.274903700126617,0.230354385000464,3331,3331,0.000586148937620226,0.000293074468810125
0.274664316363375,0.229819346692518,3332,3332,0.000586148937620226,0.0002930744688101
0.274903700126617,0.230354385000464,3333,3333,0.000586148937620226,0.000293074468810125
0.274664316363375,0.229819346692518,3334,3334,0.000586148937620226,0.0002930744688101
0.274903700126617,0.230354385000464,3335,3335,0.000586148937620226,0.000293074468810125
0.274664316363375,0.229819346692518,3336,3336,0.000586148937620226,0.0002930744688101
0.274903700126617,0.230354385000464,3337,3337,0.000586148937620226,0.000293074468810125
0.274664316363375,0.229819346692518,3338,3338,0.000586148937620226,0.0002930744688101
0.274903700126617,0.230354385000464,3339,3339,0.000586148937620226,0.000293074468810125
0.274664316363375,0.229819346692518,3340,3340,0.000586148937620226,0.0002930744688101
0.274903700126617,0.230354385000464,3341,3341,0.000586148937620226,0.000293074468810125
0.274664316363375,0.229819346692518,3342,3342,0.000586148937620226,0.0002930744688101
0.274903700126617,0.230354385000464,3343,3343,0.000586148937620226,0.000293074468810125
0.274664316363375,0.229819346692518,3344,3344,0.000586148937620226,0.0002930744688101
0.274903700126617,0.230354385000464,3345,3345,0.000586148937620226,0.000293074468810125
0.274664316363375,0.229819346692518,3346,3346,0.000586148937620226,0.0002930744688101
0.274903700126617,0.230354385000464,3347,3347,0.000586148937620226,0.000293074468810125
0.274664316363375,0.229819346692518,3348,3348,0.000586148937620226,0.0002930744688101
0.274903700126617,0.230354385000464,3349,3349,0.000586148937620226,0.000293074468810125
0.274664316363375,0.229819346692518,3350,3350,0.000586148937620226,0.0002930744688101
0.274903700126617,0.230354385000464,3351,3351,0.000586148937620226,0.000293074468810125
0.274664316363375,0.229819346692518,3352,3352,0.000586148937620226,0.0002930744688101
0.274903700126617,0.230354385000464,3353,3353,0.000586148937620226,0.000293074468810125
0.274664316363375,0.229819346692518,3354,3354,0.000586148937620226,0.0002930744688101
0.274903700126617,0.230354385000464,3355,3355,0.000586148937620226,0.000293074468810125
0.274664316363375,0.229819346692518,3356,3356,0.000586148937620226,0.0002930744688101
0.274903700126617,0.230354385000464,3357,3357,0.000586148937620226,0.000293074468810125
0.274664316363375,0.229819346692518,3358,3358,0.000586148937620226,0.0002930744688101
0.274903700126617,0.230354385000464,3359,3359,0.000586148937620226,0.000293074468810125
0.274664316363375,0.229819346692518,3360,3360,0.000586148937620226,0.0002930744688101
0.274903700126617,0.230354385000464,3361,3361,0.000586148937620226,0.000293074468810125
0.274664316363375,0.229819346692518,3362,3362,0.000586148937620226,0.0002930744688101
0.274903700126617,0.230354385000464,3363,3363,0.000586148937620226,0.000293074468810125
0.274664316363375,0.229819346692518,3364,3364,0.000586148937620226,0.0002930744688101
0.274903700126617,0.230354385000464,3365,3365,0.000586148937620226,0.000293074468810125
0.274664316363375,0.229819346692518,3366,3366,0.000586148937620226,0.0002930744688101
0.274903700126617,0.230354385000464,3367,3367,0.000586148937620226,0.000293074468810125
0.274664316363375,0.229819346692518,3368,3368,0.000586148937620226,0.0002930744688101
0.274903700126617,0.230354385000464,3369,3369,0.000586148937620226,0.000293074468810125
0.274664316363375,0.229819346692518,3370,3370,0.000586148937620226,0.0002930744688101
0.274903700126617,0.230354385000464,3371,3371,0.000586148937620226,0.000293074468810125
0.274664316363375,0.229819346692518,3372,3372,0.000586148937620226,0.0002930744688101
0.274903700126617,0.230354385000464,3373,3373,0.000586148937620226,0.000293074468810125
0.274664316363375,0.229819346692518,3374,3374,0.000586148937620226,0.0002930744688101
0.274903700126617,0.230354385000464,3375,3375,0.000586148937620226,0.000293074468810125
0.274664316363375,0.229819346692518,3376,3376,0.000586148937620226,0.0002930744688101
0.274903700126617,0.230354385000464,3377,3377,0.000586148937620226,0.000293074468810125
0.274664316363375,0.229819346692518,3378,3378,0.000586148937620226,0.0002930744688101
0.274903700126617,0.230354385000464,3379,3379,0.000586148937620226,0.000293074468810125
0.274664316363375,0.229819346692518,3380,3380,0.000586148937620226,0.0002930744688101
0.274903700126617,0.230354385000464,3381,3381,0.000586148937620226,0.000293074468810125
0.274664316363375,0.229819346692518,3382,3382,0.000586148937620226,0.0002930744688101
0.274903700126617,0.230354385000464,3383,3383,0.000586148937620226,0.000293074468810125
0.274664316363375,0.229819346692518,3384,3384,0.000586148937620226,0.0002930744688101
0.274903700126617,0.230354385000464,3385,3385,0.000586148937620226,0.000293074468810125
0.274664316363375,0.229819346692518,3386,3386,0.000586148937620226,0.0002930744688101
0.274903700126617,0.230354385000464,3387,3387,0.000586148937620226,0.000293074468810125
0.274664316363375,0.229819346692518,3388,3388,0.000586148937620226,0.0002930744688101
0.274903700126617,0.230354385000464,3389,3389,0.000586148937620226,0.000293074468810125
0.274664316363375,0.229819346692518,3390,3390,0.000586148937620226,0.0002930744688101
0.274903700126617,0.230354385000464,3391,3391,0.000586148937620226,0.000293074468810125
0.274664316363375,0.229819346692518,3392,3392,0.000586148937620226,0.0002930744688101
0.274903700126617,0.230354385000464,3393,3393,0.000586148937620226,0.000293074468810125
0.274664316363375,0.229819346692518,3394,3394,0.000586148937620226,0.0002930744688101
0.274903700126617,0.230354385000464,3395,3395,0.000586148937620226,0.000293074468810125
0.274664316363375,0.229819346692518,3396,3396,0.000586148937620226,0.0002930744688101
0.274903700126617,0.230354385000464,3397,3397,0.000586148937620226,0.000293074468810125
0.274664316363375,0.229819346692518,3398,3398,0.000586148937620226,0.0002930744688101
0.274903700126617,0.230354385000464,3399,3399,0.000586148937620226,0.000293074468810125
0.274664316363375,0.229819346692518,3400,3400,0.000586148937620226,0.0002930744688101
0.274903700126617,0.230354385000464,3401,3401,0.000586148937620226,0.000293074468810125
0.274664316363375,0.229819346692518,3402,3402,0.000586148937620226,0.0002930744688101
0.274903700126617,0.230354385000464,3403,3403,0.000586148937620226,0.000293074468810125
0.274664316363375,0.229819346692518,3404,3404,0.000586148937620226,0.0002930744688101
0.274903700126617,0.230354385000464,3405,3405,0.000586148937620226,0.000293074468810125
0.274664316363375,0.229819346692518,3406,3406,0.000586148937620226,0.0002930744688101
0.274903700126617,0.230354385000464,3407,3407,0.000586148937620226,0.000293074468810125
0.274664316363375,0.229819346692518,3408,3408,0.000586148937620226,0.0002930744688101
0.274903700126617,0.230354385000464,3409,3409,0.000586148937620226,0.000293074468810125
0.274664316363375,0.229819346692518,3410,3410,0.000586148937620226,0.0002930744688101
0.274903700126617,0.230354385000464,3411,3411,0.000586148937620226,0.000293074468810125
0.274664316363375,0.229819346692518,3412,3412,0.000586148937620226,0.0002930744688101
0.274903700126617,0.230354385000464,3413,3413,0.000586148937620226,0.000293074468810125
0.274664316363375,0.229819346692518,3414,3414,0.000586148937620226,0.0002930744688101
0.274903700126617,0.230354385000464,3415,3415,0.000586148937620226,0.000293074468810125
0.274664316363375,0.229819346692518,3416,3416,0.000586148937620226,0.0002930744688101
0.274903700126617,0.230354385000464,3417,3417,0.000586148937620226,0.000293074468810125
0.274664316363375,0.229819346692518,3418,3418,0.000586148937620226,0.0002930744688101
0.274903700126617,0.230354385000464,3419,3419,0.000586148937620226,0.000293074468810125
0.274664316363375,0.229819346692518,3420,3420,0.000586148937620226,0.0002930744688101
0.274903700126617,0.230354385000464,3421,3421,0.000586148937620226,0.000293074468810125
0.274664316363375,0.229819346692518,3422,3422,0.000586148937620226,0.0002930744688101
0.274903700126617,0.230354385000464,3423,3423,0.000586148937620226,0.000293074468810125
0.274664316363375,0.229819346692518,3424,3424,0.000586148937620226,0.0002930744688101
0.274903700126617,0.230354385000464,3425,3425,0.000586148937620226,0.000293074468810125
0.274664316363375,0.229819346692518,3426,3426,0.000586148937620226,0.0002930744688101
0.274903700126617,0.230354385000464,3427,3427,0.000586148937620226,0.000293074468810125
0.274664316363375,0.229819346692518,3428,3428,0.000586148937620226,0.0002930744688101
0.274903700126617,0.230354385000464,3429,3429,0.000586148937620226,0.000293074468810125
0.274664316363375,0.229819346692518,3430,3430,0.000586148937620226,0.0002930744688101
0.274903700126617,0.230354385000464,3431,3431,0.000586148937620226,0.000293074468810125
0.274664316363375,0.229819346692518,3432,3432,0.000586148937620226,0.0002930744688101
0.274903700126617,0.230354385000464,3433,3433,0.000586148937620226,0.000293074468810125
0.274664316363375,0.229819346692518,3434,3434,0.000586148937620226,0.0002930744688101
0.274903700126617,0.230354385000464,3435,3435,0.000586148937620226,0.000293074468810125
0.274664316363375,0.229819346692518,3436,3436,0.000586148937620226,0.0002930744688101
0.274903700126617,0.230354385000464,3437,3437,0.000586148937620226,0.000293074468810125
0.274664316363375,0.229819346692518,3438,3438,0.000586148937620226,0.0002930744688101
0.274903700126617,0.230354385000464,3439,3439,0.000586148937620226,0.000293074468810125
0.274664316363375,0.229819346692518,3440,3440,0.000586148937620226,0.0002930744688101
0.274903700126617,0.230354385000464,3441,3441,0.000586148937620226,0.000293074468810125
0.274664316363375,0.229819346692518,3442,3442,0.000586148937620226,0.0002930744688101
0.274903700126617,0.230354385000464,3443,3443,0.000586148937620226,0.000293074468810125
0.274664316363375,0.229819346692518,3444,3444,0.000586148937620226,0.0002930744688101
0.274903700126617,0.230354385000464,3445,3445,0.000586148937620226,0.000293074468810125
0.274664316363375,0.229819346692518,3446,3446,0.000586148937620226,0.0002930744688101
0.274903700126617,0.230354385000464,3447,3447,0.000586148937620226,0.000293074468810125
0.274664316363375,0.229819346692518,3448,3448,0.000586148937620226,0.0002930744688101
0.274903700126617,0.230354385000464,3449,3449,0.000586148937620226,0.000293074468810125
0.274664316363375,0.229819346692518,3450,3450,0.000586148937620226,0.0002930744688101
0.274903700126617,0.230354385000464,3451,3451,0.000586148937620226,0.000293074468810125
0.274664316363375,0.229819346692518,3452,3452,0.000586148937620226,0.0002930744688101
0.274903700126617,0.230354385000464,3453,3453,0.000586148937620226,0.000293074468810125
0.274664316363375,0.229819346692518,3454,3454,0.000586148937620226,0.0002930744688101
0.274903700126617,0.230354385000464,3455,3455,0.000586148937620226,0.000293074468810125
0.274664316363375,0.229819346692518,3456,3456,0.000586148937620226,0.0002930744688101
0.274903700126617,0.230354385000464,3457,3457,0.000586148937620226,0.000293074468810125
0.274664316363375,0.229819346692518,3458,3458,0.000586148937620226,0.0002930744688101
0.274903700126617,0.230354385000464,3459,3459,0.000586148937620226,0.000293074468810125
0.274664316363375,0.229819346692518,3460,3460,0.000586148937620226,0.0002930744688101
0.274903700126617,0.230354385000464,3461,3461,0.000586148937620226,0.000293074468810125
0.274664316363375,0.229819346692518,3462,3462,0.000586148937620226,0.0002930744688101
0.274903700126617,0.230354385000464,3463,3463,0.000586148937620226,0.000293074468810125
0.274664316363375,0.229819346692518,3464,3464,0.000586148937620226,0.0002930744688101
0.274903700126617,0.230354385000464,3465,3465,0.000586148937620226,0.000293074468810125
0.274664316363375,0.229819346692518,3466,3466,0.000586148937620226,0.0002930744688101
0.274903700126617,0.230354385000464,3467,3467,0.000586148937620226,0.000293074468810125
0.274664316363375,0.229819346692518,3468,3468,0.000586148937620226,0.0002930744688101
0.274903700126617,0.230354385000464,3469,3469,0.000586148937620226,0.000293074468810125
0.274664316363375,0.229819346692518,3470,3470,0.000586148937620226,0.0002930744688101
0.274903700126617,0.230354385000464,3471,3471,0.000586148937620226,0.000293074468810125
0.274664316363375,0.229819346692518,3472,3472,0.000586148937620226,0.0002930744688101
0.274903700126617,0.230354385000464,3473,3473,0.000586148937620226,0.000293074468810125
0.274664316363375,0.229819346692518,3474,3474,0.000586148937620226,0.0002930744688101
0.274903700126617,0.230354385000464,3475,3475,0.000586148937620226,0.000293074468810125
0.274664316363375,0.229819346692518,3476,3476,0.000586148937620226,0.0002930744688101
0.274903700126617,0.230354385000464,3477,3477,0.000586148937620226,0.000293074468810125
0.274664316363375,0.229819346692518,3478,3478,0.000586148937620226,0.0002930744688101
0.274903700126617,0.230354385000464,3479,3479,0.000586148937620226,0.000293074468810125
0.274664316363375,0.229819346692518,3480,3480,0.000586148937620226,0.0002930744688101
0.274903700126617,0.230354385000464,3481,3481,0.000586148937620226,0.000293074468810125
0.274664316363375,0.229819346692518,3482,3482,0.000586148937620226,0.0002930744688101
0.274903700126617,0.230354385000464,3483,3483,0.000586148937620226,0.000293074468810125
0.274664316363375,0.229819346692518,3484,3484,0.000586148937620226,0.0002930744688101
0.274903700126617,0.230354385000464,3485,3485,0.000586148937620226,0.000293074468810125
0.274664316363375,0.229819346692518,3486,3486,0.000586148937620226,0.0002930744688101
0.274903700126617,0.230354385000464,3487,3487,0.000586148937620226,0.000293074468810125
0.274664316363375,0.229819346692518,3488,3488,0.000586148937620226,0.0002930744688101
0.274903700126617,0.230354385000464,3489,3489,0.000586148937620226,0.000293074468810125
0.274664316363375,0.229819346692518,3490,3490,0.000586148937620226,0.0002930744688101
0.274903700126617,0.230354385000464,3491,3491,0.000586148937620226,0.000293074468810125
0.274664316363375,0.229819346692518,3492,3492,0.000586148937620226,0.0002930744688101
0.274903700126617,0.230354385000464,3493,3493,0.000586148937620226,0.000293074468810125
0.274664316363375,0.229819346692518,3494,3494,0.000586148937620226,0.0002930744688101
0.274903700126617,0.230354385000464,3495,3495,0.000586148937620226,0.000293074468810125
0.274664316363375,0.229819346692518,3496,3496,0.000586148937620226,0.0002930744688101
0.274903700126617,0.230354385000464,3497,3497,0.000586148937620226,0.000293074468810125
0.274664316363375,0.229819346692518,3498,3498,0.000586148937620226,0.0002930744688101
0.274903700126617,0.230354385000464,3499,3499,0.000586148937620226,0.000293074468810125
0.274664316363375,0.229819346692518,3500,3500,0.000586148937620226,0.0002930744688101
0.274903700126617,0.230354385000464,3501,3501,0.000586148937620226,0.000293074468810125
0.274664316363375,0.229819346692518,3502,3502,0.000586148937620226,0.0002930744688101
0.274903700126617,0.230354385000464,3503,3503,0.000586148937620226,0.000293074468810125
0.274664316363375,0.229819346692518,3504,3504,0.000586148937620226,0.0002930744688101
0.274903700126617,0.230354385000464,3505,3505,0.000586148937620226,0.000293074468810125
0.274664316363375,0.229819346692518,3506,3506,0.000586148937620226,0.0002930744688101
0.274903700126617,0.230354385000464,3507,3507,0.000586148937620226,0.000293074468810125
0.274664316363375,0.229819346692518,3508,3508,0.000586148937620226,0.0002930744688101
0.274903700126617,0.230354385000464,3509,3509,0.000586148937620226,0.000293074468810125
0.274664316363375,0.229819346692518,3510,3510,0.000586148937620226,0.0002930744688101
0.274903700126617,0.230354385000464,3511,3511,0.000586148937620226,0.000293074468810125
0.274664316363375,0.229819346692518,3512,3512,0.000586148937620226,0.0002930744688101
0.274903700126617,0.230354385000464,3513,3513,0.000586148937620226,0.000293074468810125
0.274664316363375,0.229819346692518,3514,3514,0.000586148937620226,0.0002930744688101
0.274903700126617,0.230354385000464,3515,3515,0.000586148937620226,0.000293074468810125
0.274664316363375,0.229819346692518,3516,3516,0.000586148937620226,0.0002930744688101
0.274903700126617,0.230354385000464,3517,3517,0.000586148937620226,0.000293074468810125
0.274664316363375,0.229819346692518,3518,3518,0.000586148937620226,0.0002930744688101
0.274903700126617,0.230354385000464,3519,3519,0.000586148937620226,0.000293074468810125
0.274664316363375,0.229819346692518,3520,3520,0.000586148937620226,0.0002930744688101
0.274903700126617,0.230354385000464,3521,3521,0.000586148937620226,0.000293074468810125
0.274664316363375,0.229819346692518,3522,3522,0.000586148937620226,0.0002930744688101
0.274903700126617,0.230354385000464,3523,3523,0.000586148937620226,0.000293074468810125
0.274664316363375,0.229819346692518,3524,3524,0.000586148937620226,0.0002930744688101
0.274903700126617,0.230354385000464,3525,3525,0.000586148937620226,0.000293074468810125
0.274664316363375,0.229819346692518,3526,3526,0.000586148937620226,0.0002930744688101
0.274903700126617,0.230354385000464,3527,3527,0.000586148937620226,0.000293074468810125
0.274664316363375,0.229819346692518,3528,3528,0.000586148937620226,0.0002930744688101
0.274903700126617,0.230354385000464,3529,3529,0.000586148937620226,0.000293074468810125
0.274664316363375,0.229819346692518,3530,3530,0.000586148937620226,0.0002930744688101
0.274903700126617,0.230354385000464,3531,3531,0.000586148937620226,0.000293074468810125
0.274664316363375,0.229819346692518,3532,3532,0.000586148937620226,0.0002930744688101
0.274903700126617,0.230354385000464,3533,3533,0.000586148937620226,0.000293074468810125
0.274664316363375,0.229819346692518,3534,3534,0.000586148937620226,0.0002930744688101
0.274903700126617,0.230354385000464,3535,3535,0.000586148937620226,0.000293074468810125
0.274664316363375,0.229819346692518,3536,3536,0.000586148937620226,0.0002930744688101
0.274903700126617,0.230354385000464,3537,3537,0.000586148937620226,0.000293074468810125
0.274664316363375,0.229819346692518,3538,3538,0.000586148937620226,0.0002930744688101
0.274903700126617,0.230354385000464,3539,3539,0.000586148937620226,0.000293074468810125
0.274664316363375,0.229819346692518,3540,3540,0.000586148937620226,0.0002930744688101
0.274903700126617,0.230354385000464,3541,3541,0.000586148937620226,0.000293074468810125
0.274664316363375,0.229819346692518,3542,3542,0.000586148937620226,0.0002930744688101
0.274903700126617,0.230354385000464,3543,3543,0.000586148937620226,0.000293074468810125
0.274664316363375,0.229819346692518,3544,3544,0.000586148937620226,0.0002930744688101
0.274903700126617,0.230354385000464,3545,3545,0.000586148937620226,0.000293074468810125
0.274664316363375,0.229819346692518,3546,3546,0.000586148937620226,0.0002930744688101
0.274903700126617,0.230354385000464,3547,3547,0.000586148937620226,0.000293074468810125
0.274664316363375,0.229819346692518,3548,3548,0.000586148937620226,0.0002930744688101
0.274903700126617,0.230354385000464,3549,3549,0.000586148937620226,0.000293074468810125
0.274664316363375,0.229819346692518,3550,3550,0.000586148937620226,0.0002930744688101
0.274903700126617,0.230354385000464,3551,3551,0.000586148937620226,0.000293074468810125
0.274664316363375,0.229819346692518,3552,3552,0.000586148937620226,0.0002930744688101
0.274903700126617,0.230354385000464,3553,3553,0.000586148937620226,0.000293074468810125
0.274664316363375,0.229819346692518,3554,3554,0.000586148937620226,0.0002930744688101
0.274903700126617,0.230354385000464,3555,3555,0.000586148937620226,0.000293074468810125
0.274664316363375,0.229819346692518,3556,3556,0.000586148937620226,0.0002930744688101
0.274903700126617,0.230354385000464,3557,3557,0.000586148937620226,0.000293074468810125
0.274664316363375,0.229819346692518,3558,3558,0.000586148937620226,0.0002930744688101
0.274903700126617,0.230354385000464,3559,3559,0.000586148937620226,0.000293074468810125
0.274664316363375,0.229819346692518,3560,3560,0.000586148937620226,0.0002930744688101
0.274903700126617,0.230354385000464,3561,3561,0.000586148937620226,0.000293074468810125
0.274664316363375,0.229819346692518,3562,3562,0.000586148937620226,0.0002930744688101
0.274903700126617,0.230354385000464,3563,3563,0.000586148937620226,0.000293074468810125
0.274664316363375,0.229819346692518,3564,3564,0.000586148937620226,0.0002930744688101
0.274903700126617,0.230354385000464,3565,3565,0.000586148937620226,0.000293074468810125
0.274664316363375,0.229819346692518,3566,3566,0.000586148937620226,0.0002930744688101
0.274903700126617,0.230354385000464,3567,3567,0.000586148937620226,0.000293074468810125
0.274664316363375,0.229819346692518,3568,3568,0.000586148937620226,0.0002930744688101
0.274903700126617,0.230354385000464,3569,3569,0.000586148937620226,0.000293074468810125
0.274664316363375,0.229819346692518,3570,3570,0.000586148937620226,0.0002930744688101
0.274903700126617,0.230354385000464,3571,3571,0.000586148937620226,0.000293074468810125
0.274664316363375,0.229819346692518,3572,3572,0.000586148937620226,0.0002930744688101
0.274903700126617,0.230354385000464,3573,3573,0.000586148937620226,0.000293074468810125
0.274664316363375,0.229819346692518,3574,3574,0.000586148937620226,0.0002930744688101
0.274903700126617,0.230354385000464,3575,3575,0.000586148937620226,0.000293074468810125
0.274664316363375,0.229819346692518,3576,3576,0.000586148937620226,0.0002930744688101
0.274903700126617,0.230354385000464,3577,3577,0.000586148937620226,0.000293074468810125
0.274664316363375,0.229819346692518,3578,3578,0.000586148937620226,0.0002930744688101
0.274903700126617,0.230354385000464,3579,3579,0.000586148937620226,0.000293074468810125
0.274664316363375,0.229819346692518,3580,3580,0.000586148937620226,0.0002930744688101
0.274903700126617,0.230354385000464,3581,3581,0.000586148937620226,0.000293074468810125
0.274664316363375,0.229819346692518,3582,3582,0.000586148937620226,0.0002930744688101
0.274903700126617,0.230354385000464,3583,3583,0.000586148937620226,0.000293074468810125
0.274664316363375,0.229819346692518,3584,3584,0.000586148937620226,0.0002930744688101
0.274903700126617,0.230354385000464,3585,3585,0.000586148937620226,0.000293074468810125
0.274664316363375,0.229819346692518,3586,3586,0.000586148937620226,0.0002930744688101
0.274903700126617,0.230354385000464,3587,3587,0.000586148937620226,0.000293074468810125
0.274664316363375,0.229819346692518,3588,3588,0.000586148937620226,0.0002930744688101
0.274903700126617,0.230354385000464,3589,3589,0.000586148937620226,0.000293074468810125
0.274664316363375,0.229819346692518,3590,3590,0.000586148937620226,0.0002930744688101
0.274903700126617,0.230354385000464,3591,3591,0.000586148937620226,0.000293074468810125
0.274664316363375,0.229819346692518,3592,3592,0.000586148937620226,0.0002930744688101
0.274903700126617,0.230354385000464,3593,3593,0.000586148937620226,0.000293074468810125
0.274664316363375,0.229819346692518,3594,3594,0.000586148937620226,0.0002930744688101
0.274903700126617,0.230354385000464,3595,3595,0.000586148937620226,0.000293074468810125
0.274664316363375,0.229819346692518,3596,3596,0.000586148937620226,0.0002930744688101
0.274903700126617,0.230354385000464,3597,3597,0.000586148937620226,0.000293074468810125
0.274664316363375,0.229819346692518,3598,3598,0.000586148937620226,0.0002930744688101
0.274903700126617,0.230354385000464,3599,3599,0.000586148937620226,0.000293074468810125
0.274664316363375,0.229819346692518,3600,3600,0.000586148937620226,0.0002930744688101
0.274903700126617,0.230354385000464,3601,3601,0.000586148937620226,0.000293074468810125
0.274664316363375,0.229819346692518,3602,3602,0.000586148937620226,0.0002930744688101
0.274903700126617,0.230354385000464,3603,3603,0.000586148937620226,0.000293074468810125
0.274664316363375,0.229819346692518,3604,3604,0.000586148937620226,0.0002930744688101
0.274903700126617,0.230354385000464,3605,3605,0.000586148937620226,0.000293074468810125
0.274664316363375,0.229819346692518,3606,3606,0.000586148937620226,0.0002930744688101
0.274903700126617,0.230354385000464,3607,3607,0.000586148937620226,0.000293074468810125
0.274664316363375,0.229819346692518,3608,3608,0.000586148937620226,0.0002930744688101
0.274903700126617,0.230354385000464,3609,3609,0.000586148937620226,0.000293074468810125
0.274664316363375,0.229819346692518,3610,3610,0.000586148937620226,0.0002930744688101
0.274903700126617,0.230354385000464,3611,3611,0.000586148937620226,0.000293074468810125
0.274664316363375,0.229819346692518,3612,3612,0.000586148937620226,0.0002930744688101
0.274903700126617,0.230354385000464,3613,3613,0.000586148937620226,0.000293074468810125
0.274664316363375,0.229819346692518,3614,3614,0.000586148937620226,0.0002930744688101
0.274903700126617,0.230354385000464,3615,3615,0.000586148937620226,0.000293074468810125
0.274664316363375,0.229819346692518,3616,3616,0.000586148937620226,0.0002930744688101
0.274903700126617,0.230354385000464,3617,3617,0.000586148937620226,0.000293074468810125
0.274664316363375,0.229819346692518,3618,3618,0.000586148937620226,0.0002930744688101
0.274903700126617,0.230354385000464,3619,3619,0.000586148937620226,0.000293074468810125
0.274664316363375,0.229819346692518,3620,3620,0.000586148937620226,0.0002930744688101
0.274903700126617,0.230354385000464,3621,3621,0.000586148937620226,0.000293074468810125
0.274664316363375,0.229819346692518,3622,3622,0.000586148937620226,0.0002930744688101
0.274903700126617,0.230354385000464,3623,3623,0.000586148937620226,0.000293074468810125
0.274664316363375,0.229819346692518,3624,3624,0.000586148937620226,0.0002930744688101
0.274903700126617,0.230354385000464,3625,3625,0.000586148937620226,0.000293074468810125
0.274664316363375,0.229819346692518,3626,3626,0.000586148937620226,0.0002930744688101
0.274903700126617,0.230354385000464,3627,3627,0.000586148937620226,0.000293074468810125
0.274664316363375,0.229819346692518,3628,3628,0.000586148937620226,0.0002930744688101
0.274903700126617,0.230354385000464,3629,3629,0.000586148937620226,0.000293074468810125
0.274664316363375,0.229819346692518,3630,3630,0.000586148937620226,0.0002930744688101
0.274903700126617,0.230354385000464,3631,3631,0.000586148937620226,0.000293074468810125
0.274664316363375,0.229819346692518,3632,3632,0.000586148937620226,0.0002930744688101
0.274903700126617,0.230354385000464,3633,3633,0.000586148937620226,0.000293074468810125
0.274664316363375,0.229819346692518,3634,3634,0.000586148937620226,0.0002930744688101
0.274903700126617,0.230354385000464,3635,3635,0.000586148937620226,0.000293074468810125
0.274664316363375,0.229819346692518,3636,3636,0.000586148937620226,0.0002930744688101
0.274903700126617,0.230354385000464,3637,3637,0.000586148937620226,0.000293074468810125
0.274664316363375,0.229819346692518,3638,3638,0.000586148937620226,0.0002930744688101
0.274903700126617,0.230354385000464,3639,3639,0.000586148937620226,0.000293074468810125
0.274664316363375,0.229819346692518,3640,3640,0.000586148937620226,0.0002930744688101
0.274903700126617,0.230354385000464,3641,3641,0.000586148937620226,0.000293074468810125
0.274664316363375,0.229819346692518,3642,3642,0.000586148937620226,0.0002930744688101
0.274903700126617,0.230354385000464,3643,3643,0.000586148937620226,0.000293074468810125
0.274664316363375,0.229819346692518,3644,3644,0.000586148937620226,0.0002930744688101
0.274903700126617,0.230354385000464,3645,3645,0.000586148937620226,0.000293074468810125
0.274664316363375,0.229819346692518,3646,3646,0.000586148937620226,0.0002930744688101
0.274903700126617,0.230354385000464,3647,3647,0.000586148937620226,0.000293074468810125
0.274664316363375,0.229819346692518,3648,3648,0.000586148937620226,0.0002930744688101
0.274903700126617,0.230354385000464,3649,3649,0.000586148937620226,0.000293074468810125
0.274664316363375,0.229819346692518,3650,3650,0.000586148937620226,0.0002930744688101
0.274903700126617,0.230354385000464,3651,3651,0.000586148937620226,0.000293074468810125
0.274664316363375,0.229819346692518,3652,3652,0.000586148937620226,0.0002930744688101
0.274903700126617,0.230354385000464,3653,3653,0.000586148937620226,0.000293074468810125
0.274664316363375,0.229819346692518,3654,3654,0.000586148937620226,0.0002930744688101
0.274903700126617,0.230354385000464,3655,3655,0.000586148937620226,0.000293074468810125
0.274664316363375,0.229819346692518,3656,3656,0.000586148937620226,0.0002930744688101
0.274903700126617,0.230354385000464,3657,3657,0.000586148937620226,0.000293074468810125
0.274664316363375,0.229819346692518,3658,3658,0.000586148937620226,0.0002930744688101
0.274903700126617,0.230354385000464,3659,3659,0.000586148937620226,0.000293074468810125
0.274664316363375,0.229819346692518,3660,3660,0.000586148937620226,0.0002930744688101
0.274903700126617,0.230354385000464,3661,3661,0.000586148937620226,0.000293074468810125
0.274664316363375,0.229819346692518,3662,3662,0.000586148937620226,0.0002930744688101
0.274903700126617,0.230354385000464,3663,3663,0.000586148937620226,0.000293074468810125
0.274664316363375,0.229819346692518,3664,3664,0.000586148937620226,0.0002930744688101
0.274903700126617,0.230354385000464,3665,3665,0.000586148937620226,0.000293074468810125
0.274664316363375,0.229819346692518,3666,3666,0.000586148937620226,0.0002930744688101
0.274903700126617,0.230354385000464,3667,3667,0.000586148937620226,0.000293074468810125
0.274664316363375,0.229819346692518,3668,3668,0.000586148937620226,0.0002930744688101
0.274903700126617,0.230354385000464,3669,3669,0.000586148937620226,0.000293074468810125
0.274664316363375,0.229819346692518,3670,3670,0.000586148937620226,0.0002930744688101
0.274903700126617,0.230354385000464,3671,3671,0.000586148937620226,0.000293074468810125
0.274664316363375,0.229819346692518,3672,3672,0.000586148937620226,0.0002930744688101
0.274903700126617,0.230354385000464,3673,3673,0.000586148937620226,0.000293074468810125
0.274664316363375,0.229819346692518,3674,3674,0.000586148937620226,0.0002930744688101
0.274903700126617,0.230354385000464,3675,3675,0.000586148937620226,0.000293074468810125
0.274664316363375,0.229819346692518,3676,3676,0.000586148937620226,0.0002930744688101
0.274903700126617,0.230354385000464,3677,3677,0.000586148937620226,0.000293074468810125
0.274664316363375,0.229819346692518,3678,3678,0.000586148937620226,0.0002930744688101
0.274903700126617,0.230354385000464,3679,3679,0.000586148937620226,0.000293074468810125
0.274664316363375,0.229819346692518,3680,3680,0.000586148937620226,0.0002930744688101
0.274903700126617,0.230354385000464,3681,3681,0.000586148937620226,0.000293074468810125
0.274664316363375,0.229819346692518,3682,3682,0.000586148937620226,0.0002930744688101
0.274903700126617,0.230354385000464,3683,3683,0.000586148937620226,0.000293074468810125
0.274664316363375,0.229819346692518,3684,3684,0.000586148937620226,0.0002930744688101
0.274903700126617,0.230354385000464,3685,3685,0.000586148937620226,0.000293074468810125
0.274664316363375,0.229819346692518,3686,3686,0.000586148937620226,0.0002930744688101
0.274903700126617,0.230354385000464,3687,3687,0.000586148937620226,0.000293074468810125
0.274664316363375,0.229819346692518,3688,3688,0.000586148937620226,0.0002930744688101
0.274903700126617,0.230354385000464,3689,3689,0.000586148937620226,0.000293074468810125
0.274664316363375,0.229819346692518,3690,3690,0.000586148937620226,0.0002930744688101
0.274903700126617,0.230354385000464,3691,3691,0.000586148937620226,0.000293074468810125
0.274664316363375,0.229819346692518,3692,3692,0.000586148937620226,0.0002930744688101
0.274903700126617,0.230354385000464,3693,3693,0.000586148937620226,0.000293074468810125
0.274664316363375,0.229819346692518,3694,3694,0.000586148937620226,0.0002930744688101
0.274903700126617,0.230354385000464,3695,3695,0.000586148937620226,0.000293074468810125
0.274664316363375,0.229819346692518,3696,3696,0.000586148937620226,0.0002930744688101
0.274903700126617,0.230354385000464,3697,3697,0.000586148937620226,0.000293074468810125
0.274664316363375,0.229819346692518,3698,3698,0.000586148937620226,0.0002930744688101
0.274903700126617,0.230354385000464,3699,3699,0.000586148937620226,0.000293074468810125
0.274664316363375,0.229819346692518,3700,3700,0.000586148937620226,0.0002930744688101
0.274903700126617,0.230354385000464,3701,3701,0.000586148937620226,0.000293074468810125
0.274664316363375,0.229819346692518,3702,3702,0.000586148937620226,0.0002930744688101
0.274903700126617,0.230354385000464,3703,3703,0.000586148937620226,0.000293074468810125
0.274664316363375,0.229819346692518,3704,3704,0.000586148937620226,0.0002930744688101
0.274903700126617,0.230354385000464,3705,3705,0.000586148937620226,0.000293074468810125
0.274664316363375,0.229819346692518,3706,3706,0.000586148937620226,0.0002930744688101
0.274903700126617,0.230354385000464,3707,3707,0.000586148937620226,0.000293074468810125
0.274664316363375,0.229819346692518,3708,3708,0.000586148937620226,0.0002930744688101
0.274903700126617,0.230354385000464,3709,3709,0.000586148937620226,0.000293074468810125
0.274664316363375,0.229819346692518,3710,3710,0.000586148937620226,0.0002930744688101
0.274903700126617,0.230354385000464,3711,3711,0.000586148937620226,0.000293074468810125
0.274664316363375,0.229819346692518,3712,3712,0.000586148937620226,0.0002930744688101
0.274903700126617,0.230354385000464,3713,3713,0.000586148937620226,0.000293074468810125
0.274664316363375,0.229819346692518,3714,3714,0.000586148937620226,0.0002930744688101
0.274903700126617,0.230354385000464,3715,3715,0.000586148937620226,0.000293074468810125
0.274664316363375,0.229819346692518,3716,3716,0.000586148937620226,0.0002930744688101
0.274903700126617,0.230354385000464,3717,3717,0.000586148937620226,0.000293074468810125
0.274664316363375,0.229819346692518,3718,3718,0.000586148937620226,0.0002930744688101
0.274903700126617,0.230354385000464,3719,3719,0.000586148937620226,0.000293074468810125
0.274664316363375,0.229819346692518,3720,3720,0.000586148937620226,0.0002930744688101
0.274903700126617,0.230354385000464,3721,3721,0.000586148937620226,0.000293074468810125
0.274664316363375,0.229819346692518,3722,3722,0.000586148937620226,0.0002930744688101
0.274903700126617,0.230354385000464,3723,3723,0.000586148937620226,0.000293074468810125
0.274664316363375,0.229819346692518,3724,3724,0.000586148937620226,0.0002930744688101
0.274903700126617,0.230354385000464,3725,3725,0.000586148937620226,0.000293074468810125
0.274664316363375,0.229819346692518,3726,3726,0.000586148937620226,0.0002930744688101
0.274903700126617,0.230354385000464,3727,3727,0.000586148937620226,0.000293074468810125
0.274664316363375,0.229819346692518,3728,3728,0.000586148937620226,0.0002930744688101
0.274903700126617,0.230354385000464,3729,3729,0.000586148937620226,0.000293074468810125
0.274664316363375,0.229819346692518,3730,3730,0.000586148937620226,0.0002930744688101
0.274903700126617,0.230354385000464,3731,3731,0.000586148937620226,0.000293074468810125
0.274664316363375,0.229819346692518,3732,3732,0.000586148937620226,0.0002930744688101
0.274903700126617,0.230354385000464,3733,3733,0.000586148937620226,0.000293074468810125
0.274664316363375,0.229819346692518,3734,3734,0.000586148937620226,0.0002930744688101
0.274903700126617,0.230354385000464,3735,3735,0.000586148937620226,0.000293074468810125
0.274664316363375,0.229819346692518,3736,3736,0.000586148937620226,0.0002930744688101
0.274903700126617,0.230354385000464,3737,3737,0.000586148937620226,0.000293074468810125
0.274664316363375,0.229819346692518,3738,3738,0.000586148937620226,0.0002930744688101
0.274903700126617,0.230354385000464,3739,3739,0.000586148937620226,0.000293074468810125
0.274664316363375,0.229819346692518,3740,3740,0.000586148937620226,0.0002930744688101
0.274903700126617,0.230354385000464,3741,3741,0.000586148937620226,0.000293074468810125
0.274664316363375,0.229819346692518,3742,3742,0.000586148937620226,0.0002930744688101
0.274903700126617,0.230354385000464,3743,3743,0.000586148937620226,0.000293074468810125
0.274664316363375,0.229819346692518,3744,3744,0.000586148937620226,0.0002930744688101
0.274903700126617,0.230354385000464,3745,3745,0.000586148937620226,0.000293074468810125
0.274664316363375,0.229819346692518,3746,3746,0.000586148937620226,0.0002930744688101
0.274903700126617,0.230354385000464,3747,3747,0.000586148937620226,0.000293074468810125
0.274664316363375,0.229819346692518,3748,3748,0.000586148937620226,0.0002930744688101
0.274903700126617,0.230354385000464,3749,3749,0.000586148937620226,0.000293074468810125
0.274664316363375,0.229819346692518,3750,3750,0.000586148937620226,0.0002930744688101
0.274903700126617,0.230354385000464,3751,3751,0.000586148937620226,0.000293074468810125
0.274664316363375,0.229819346692518,3752,3752,0.000586148937620226,0.0002930744688101
0.274903700126617,0.230354385000464,3753,3753,0.000586148937620226,0.000293074468810125
0.274664316363375,0.229819346692518,3754,3754,0.000586148937620226,0.0002930744688101
0.274903700126617,0.230354385000464,3755,3755,0.000586148937620226,0.000293074468810125
0.274664316363375,0.229819346692518,3756,3756,0.000586148937620226,0.0002930744688101
0.274903700126617,0.230354385000464,3757,3757,0.000586148937620226,0.000293074468810125
0.274664316363375,0.229819346692518,3758,3758,0.000586148937620226,0.0002930744688101
0.274903700126617,0.230354385000464,3759,3759,0.000586148937620226,0.000293074468810125
0.274664316363375,0.229819346692518,3760,3760,0.000586148937620226,0.0002930744688101
0.274903700126617,0.230354385000464,3761,3761,0.000586148937620226,0.000293074468810125
0.274664316363375,0.229819346692518,3762,3762,0.000586148937620226,0.0002930744688101
0.274903700126617,0.230354385000464,3763,3763,0.000586148937620226,0.000293074468810125
0.274664316363375,0.229819346692518,3764,3764,0.000586148937620226,0.0002930744688101
0.274903700126617,0.230354385000464,3765,3765,0.000586148937620226,0.000293074468810125
0.274664316363375,0.229819346692518,3766,3766,0.000586148937620226,0.0002930744688101
0.274903700126617,0.230354385000464,3767,3767,0.000586148937620226,0.000293074468810125
0.274664316363375,0.229819346692518,3768,3768,0.000586148937620226,0.0002930744688101
0.274903700126617,0.230354385000464,3769,3769,0.000586148937620226,0.000293074468810125
0.274664316363375,0.229819346692518,3770,3770,0.000586148937620226,0.0002930744688101
0.274903700126617,0.230354385000464,3771,3771,0.000586148937620226,0.000293074468810125
0.274664316363375,0.229819346692518,3772,3772,0.000586148937620226,0.0002930744688101
0.274903700126617,0.230354385000464,3773,3773,0.000586148937620226,0.000293074468810125
0.274664316363375,0.229819346692518,3774,3774,0.000586148937620226,0.0002930744688101
0.274903700126617,0.230354385000464,3775,3775,0.000586148937620226,0.000293074468810125
0.274664316363375,0.229819346692518,3776,3776,0.000586148937620226,0.0002930744688101
0.274903700126617,0.230354385000464,3777,3777,0.000586148937620226,0.000293074468810125
0.274664316363375,0.229819346692518,3778,3778,0.000586148937620226,0.0002930744688101
0.274903700126617,0.230354385000464,3779,3779,0.000586148937620226,0.000293074468810125
0.274664316363375,0.229819346692518,3780,3780,0.000586148937620226,0.0002930744688101
0.274903700126617,0.230354385000464,3781,3781,0.000586148937620226,0.000293074468810125
0.274664316363375,0.229819346692518,3782,3782,0.000586148937620226,0.0002930744688101
0.274903700126617,0.230354385000464,3783,3783,0.000586148937620226,0.000293074468810125
0.274664316363375,0.229819346692518,3784,3784,0.000586148937620226,0.0002930744688101
0.274903700126617,0.230354385000464,3785,3785,0.000586148937620226,0.000293074468810125
0.274664316363375,0.229819346692518,3786,3786,0.000586148937620226,0.0002930744688101
0.274903700126617,0.230354385000464,3787,3787,0.000586148937620226,0.000293074468810125
0.274664316363375,0.229819346692518,3788,3788,0.000586148937620226,0.0002930744688101
0.274903700126617,0.230354385000464,3789,3789,0.000586148937620226,0.000293074468810125
0.274664316363375,0.229819346692518,3790,3790,0.000586148937620226,0.0002930744688101
0.274903700126617,0.230354385000464,3791,3791,0.000586148937620226,0.000293074468810125
0.274664316363375,0.229819346692518,3792,3792,0.000586148937620226,0.0002930744688101
0.274903700126617,0.230354385000464,3793,3793,0.000586148937620226,0.000293074468810125
0.274664316363375,0.229819346692518,3794,3794,0.000586148937620226,0.0002930744688101
0.274903700126617,0.230354385000464,3795,3795,0.000586148937620226,0.000293074468810125
0.274664316363375,0.229819346692518,3796,3796,0.000586148937620226,0.0002930744688101
0.274903700126617,0.230354385000464,3797,3797,0.000586148937620226,0.000293074468810125
0.274664316363375,0.229819346692518,3798,3798,0.000586148937620226,0.0002930744688101
0.274903700126617,0.230354385000464,3799,3799,0.000586148937620226,0.000293074468810125
0.274664316363375,0.229819346692518,3800,3800,0.000586148937620226,0.0002930744688101
0.274903700126617,0.230354385000464,3801,3801,0.000586148937620226,0.000293074468810125
0.274664316363375,0.229819346692518,3802,3802,0.000586148937620226,0.0002930744688101
0.274903700126617,0.230354385000464,3803,3803,0.000586148937620226,0.000293074468810125
0.274664316363375,0.229819346692518,3804,3804,0.000586148937620226,0.0002930744688101
0.274903700126617,0.230354385000464,3805,3805,0.000586148937620226,0.000293074468810125
0.274664316363375,0.229819346692518,3806,3806,0.000586148937620226,0.0002930744688101
0.274903700126617,0.230354385000464,3807,3807,0.000586148937620226,0.000293074468810125
0.274664316363375,0.229819346692518,3808,3808,0.000586148937620226,0.0002930744688101
0.274903700126617,0.230354385000464,3809,3809,0.000586148937620226,0.000293074468810125
0.274664316363375,0.229819346692518,3810,3810,0.000586148937620226,0.0002930744688101
0.274903700126617,0.230354385000464,3811,3811,0.000586148937620226,0.000293074468810125
0.274664316363375,0.229819346692518,3812,3812,0.000586148937620226,0.0002930744688101
0.274903700126617,0.230354385000464,3813,3813,0.000586148937620226,0.000293074468810125
0.274664316363375,0.229819346692518,3814,3814,0.000586148937620226,0.0002930744688101
0.274903700126617,0.230354385000464,3815,3815,0.000586148937620226,0.000293074468810125
0.274664316363375,0.229819346692518,3816,3816,0.000586148937620226,0.0002930744688101
0.274903700126617,0.230354385000464,3817,3817,0.000586148937620226,0.000293074468810125
0.274664316363375,0.229819346692518,3818,3818,0.000586148937620226,0.0002930744688101
0.274903700126617,0.230354385000464,3819,3819,0.000586148937620226,0.000293074468810125
0.274664316363375,0.229819346692518,3820,3820,0.000586148937620226,0.0002930744688101
0.274903700126617,0.230354385000464,3821,3821,0.000586148937620226,0.000293074468810125
0.274664316363375,0.229819346692518,3822,3822,0.000586148937620226,0.0002930744688101
0.274903700126617,0.230354385000464,3823,3823,0.000586148937620226,0.000293074468810125
0.274664316363375,0.229819346692518,3824,3824,0.000586148937620226,0.0002930744688101
0.274903700126617,0.230354385000464,3825,3825,0.000586148937620226,0.000293074468810125
0.274664316363375,0.229819346692518,3826,3826,0.000586148937620226,0.0002930744688101
0.274903700126617,0.230354385000464,3827,3827,0.000586148937620226,0.000293074468810125
0.274664316363375,0.229819346692518,3828,3828,0.000586148937620226,0.0002930744688101
0.274903700126617,0.230354385000464,3829,3829,0.000586148937620226,0.000293074468810125
0.274664316363375,0.229819346692518,3830,3830,0.000586148937620226,0.0002930744688101
0.274903700126617,0.230354385000464,3831,3831,0.000586148937620226,0.000293074468810125
0.274664316363375,0.229819346692518,3832,3832,0.000586148937620226,0.0002930744688101
0.274903700126617,0.230354385000464,3833,3833,0.000586148937620226,0.000293074468810125
0.274664316363375,0.229819346692518,3834,3834,0.000586148937620226,0.0002930744688101
0.274903700126617,0.230354385000464,3835,3835,0.000586148937620226,0.000293074468810125
0.274664316363375,0.229819346692518,3836,3836,0.000586148937620226,0.0002930744688101
0.274903700126617,0.230354385000464,3837,3837,0.000586148937620226,0.000293074468810125
0.274664316363375,0.229819346692518,3838,3838,0.000586148937620226,0.0002930744688101
0.274903700126617,0.230354385000464,3839,3839,0.000586148937620226,0.000293074468810125
0.274664316363375,0.229819346692518,3840,3840,0.000586148937620226,0.0002930744688101
0.274903700126617,0.230354385000464,3841,3841,0.000586148937620226,0.000293074468810125
0.274664316363375,0.229819346692518,3842,3842,0.000586148937620226,0.0002930744688101
0.274903700126617,0.230354385000464,3843,3843,0.000586148937620226,0.000293074468810125
0.274664316363375,0.229819346692518,3844,3844,0.000586148937620226,0.0002930744688101
0.274903700126617,0.230354385000464,3845,3845,0.000586148937620226,0.000293074468810125
0.274664316363375,0.229819346692518,3846,3846,0.000586148937620226,0.0002930744688101
0.274903700126617,0.230354385000464,3847,3847,0.000586148937620226,0.000293074468810125
0.274664316363375,0.229819346692518,3848,3848,0.000586148937620226,0.0002930744688101
0.274903700126617,0.230354385000464,3849,3849,0.000586148937620226,0.000293074468810125
0.274664316363375,0.229819346692518,3850,3850,0.000586148937620226,0.0002930744688101
0.274903700126617,0.230354385000464,3851,3851,0.000586148937620226,0.000293074468810125
0.274664316363375,0.229819346692518,3852,3852,0.000586148937620226,0.0002930744688101
0.274903700126617,0.230354385000464,3853,3853,0.000586148937620226,0.000293074468810125
0.274664316363375,0.229819346692518,3854,3854,0.000586148937620226,0.0002930744688101
0.274903700126617,0.230354385000464,3855,3855,0.000586148937620226,0.000293074468810125
0.274664316363375,0.229819346692518,3856,3856,0.000586148937620226,0.0002930744688101
0.274903700126617,0.230354385000464,3857,3857,0.000586148937620226,0.000293074468810125
0.274664316363375,0.229819346692518,3858,3858,0.000586148937620226,0.0002930744688101
0.274903700126617,0.230354385000464,3859,3859,0.000586148937620226,0.000293074468810125
0.274664316363375,0.229819346692518,3860,3860,0.000586148937620226,0.0002930744688101
0.274903700126617,0.230354385000464,3861,3861,0.000586148937620226,0.000293074468810125
0.274664316363375,0.229819346692518,3862,3862,0.000586148937620226,0.0002930744688101
0.274903700126617,0.230354385000464,3863,3863,0.000586148937620226,0.000293074468810125
0.274664316363375,0.229819346692518,3864,3864,0.000586148937620226,0.0002930744688101
0.274903700126617,0.230354385000464,3865,3865,0.000586148937620226,0.000293074468810125
0.274664316363375,0.229819346692518,3866,3866,0.000586148937620226,0.0002930744688101
0.274903700126617,0.230354385000464,3867,3867,0.000586148937620226,0.000293074468810125
0.274664316363375,0.229819346692518,3868,3868,0.000586148937620226,0.0002930744688101
0.274903700126617,0.230354385000464,3869,3869,0.000586148937620226,0.000293074468810125
0.274664316363375,0.229819346692518,3870,3870,0.000586148937620226,0.0002930744688101
0.274903700126617,0.230354385000464,3871,3871,0.000586148937620226,0.000293074468810125
0.274664316363375,0.229819346692518,3872,3872,0.000586148937620226,0.0002930744688101
0.274903700126617,0.230354385000464,3873,3873,0.000586148937620226,0.000293074468810125
0.274664316363375,0.229819346692518,3874,3874,0.000586148937620226,0.0002930744688101
0.274903700126617,0.230354385000464,3875,3875,0.000586148937620226,0.000293074468810125
0.274664316363375,0.229819346692518,3876,3876,0.000586148937620226,0.0002930744688101
0.274903700126617,0.230354385000464,3877,3877,0.000586148937620226,0.000293074468810125
0.274664316363375,0.229819346692518,3878,3878,0.000586148937620226,0.0002930744688101
0.274903700126617,0.230354385000464,3879,3879,0.000586148937620226,0.000293074468810125
0.274664316363375,0.229819346692518,3880,3880,0.000586148937620226,0.0002930744688101
0.274903700126617,0.230354385000464,3881,3881,0.000586148937620226,0.000293074468810125
0.274664316363375,0.229819346692518,3882,3882,0.000586148937620226,0.0002930744688101
0.274903700126617,0.230354385000464,3883,3883,0.000586148937620226,0.000293074468810125
0.274664316363375,0.229819346692518,3884,3884,0.000586148937620226,0.0002930744688101
0.274903700126617,0.230354385000464,3885,3885,0.000586148937620226,0.000293074468810125
0.274664316363375,0.229819346692518,3886,3886,0.000586148937620226,0.0002930744688101
0.274903700126617,0.230354385000464,3887,3887,0.000586148937620226,0.000293074468810125
0.274664316363375,0.229819346692518,3888,3888,0.000586148937620226,0.0002930744688101
0.274903700126617,0.230354385000464,3889,3889,0.000586148937620226,0.000293074468810125
0.274664316363375,0.229819346692518,3890,3890,0.000586148937620226,0.0002930744688101
0.274903700126617,0.230354385000464,3891,3891,0.000586148937620226,0.000293074468810125
0.274664316363375,0.229819346692518,3892,3892,0.000586148937620226,0.0002930744688101
0.274903700126617,0.230354385000464,3893,3893,0.000586148937620226,0.000293074468810125
0.274664316363375,0.229819346692518,3894,3894,0.000586148937620226,0.0002930744688101
0.274903700126617,0.230354385000464,3895,3895,0.000586148937620226,0.000293074468810125
0.274664316363375,0.229819346692518,3896,3896,0.000586148937620226,0.0002930744688101
0.274903700126617,0.230354385000464,3897,3897,0.000586148937620226,0.000293074468810125
0.274664316363375,0.229819346692518,3898,3898,0.000586148937620226,0.0002930744688101
0.274903700126617,0.230354385000464,3899,3899,0.000586148937620226,0.000293074468810125
0.274664316363375,0.229819346692518,3900,3900,0.000586148937620226,0.0002930744688101
0.274903700126617,0.230354385000464,3901,3901,0.000586148937620226,0.000293074468810125
0.274664316363375,0.229819346692518,3902,3902,0.000586148937620226,0.0002930744688101
0.274903700126617,0.230354385000464,3903,3903,0.000586148937620226,0.000293074468810125
0.274664316363375,0.229819346692518,3904,3904,0.000586148937620226,0.0002930744688101
0.274903700126617,0.230354385000464,3905,3905,0.000586148937620226,0.000293074468810125
0.274664316363375,0.229819346692518,3906,3906,0.000586148937620226,0.0002930744688101
0.274903700126617,0.230354385000464,3907,3907,0.000586148937620226,0.000293074468810125
0.274664316363375,0.229819346692518,3908,3908,0.000586148937620226,0.0002930744688101
0.274903700126617,0.230354385000464,3909,3909,0.000586148937620226,0.000293074468810125
0.274664316363375,0.229819346692518,3910,3910,0.000586148937620226,0.0002930744688101
0.274903700126617,0.230354385000464,3911,3911,0.000586148937620226,0.000293074468810125
0.274664316363375,0.229819346692518,3912,3912,0.000586148937620226,0.0002930744688101
0.274903700126617,0.230354385000464,3913,3913,0.000586148937620226,0.000293074468810125
0.274664316363375,0.229819346692518,3914,3914,0.000586148937620226,0.0002930744688101
0.274903700126617,0.230354385000464,3915,3915,0.000586148937620226,0.000293074468810125
0.274664316363375,0.229819346692518,3916,3916,0.000586148937620226,0.0002930744688101
0.274903700126617,0.230354385000464,3917,3917,0.000586148937620226,0.000293074468810125
0.274664316363375,0.229819346692518,3918,3918,0.000586148937620226,0.0002930744688101
0.274903700126617,0.230354385000464,3919,3919,0.000586148937620226,0.000293074468810125
0.274664316363375,0.229819346692518,3920,3920,0.000586148937620226,0.0002930744688101
0.274903700126617,0.230354385000464,3921,3921,0.000586148937620226,0.000293074468810125
0.274664316363375,0.229819346692518,3922,3922,0.000586148937620226,0.0002930744688101
0.274903700126617,0.230354385000464,3923,3923,0.000586148937620226,0.000293074468810125
0.274664316363375,0.229819346692518,3924,3924,0.000586148937620226,0.0002930744688101
0.274903700126617,0.230354385000464,3925,3925,0.000586148937620226,0.000293074468810125
0.274664316363375,0.229819346692518,3926,3926,0.000586148937620226,0.0002930744688101
0.274903700126617,0.230354385000464,3927,3927,0.000586148937620226,0.000293074468810125
0.274664316363375,0.229819346692518,3928,3928,0.000586148937620226,0.0002930744688101
0.274903700126617,0.230354385000464,3929,3929,0.000586148937620226,0.000293074468810125
0.274664316363375,0.229819346692518,3930,3930,0.000586148937620226,0.0002930744688101
0.274903700126617,0.230354385000464,3931,3931,0.000586148937620226,0.000293074468810125
0.274664316363375,0.229819346692518,3932,3932,0.000586148937620226,0.0002930744688101
0.274903700126617,0.230354385000464,3933,3933,0.000586148937620226,0.000293074468810125
0.274664316363375,0.229819346692518,3934,3934,0.000586148937620226,0.0002930744688101
0.274903700126617,0.230354385000464,3935,3935,0.000586148937620226,0.000293074468810125
0.274664316363375,0.229819346692518,3936,3936,0.000586148937620226,0.0002930744688101
0.274903700126617,0.230354385000464,3937,3937,0.000586148937620226,0.000293074468810125
0.274664316363375,0.229819346692518,3938,3938,0.000586148937620226,0.0002930744688101
0.274903700126617,0.230354385000464,3939,3939,0.000586148937620226,0.000293074468810125
0.274664316363375,0.229819346692518,3940,3940,0.000586148937620226,0.0002930744688101
0.274903700126617,0.230354385000464,3941,3941,0.000586148937620226,0.000293074468810125
0.274664316363375,0.229819346692518,3942,3942,0.000586148937620226,0.0002930744688101
0.274903700126617,0.230354385000464,3943,3943,0.000586148937620226,0.000293074468810125
0.274664316363375,0.229819346692518,3944,3944,0.000586148937620226,0.0002930744688101
0.274903700126617,0.230354385000464,3945,3945,0.000586148937620226,0.000293074468810125
0.274664316363375,0.229819346692518,3946,3946,0.000586148937620226,0.0002930744688101
0.274903700126617,0.230354385000464,3947,3947,0.000586148937620226,0.000293074468810125
0.274664316363375,0.229819346692518,3948,3948,0.000586148937620226,0.0002930744688101
0.274903700126617,0.230354385000464,3949,3949,0.000586148937620226,0.000293074468810125
0.274664316363375,0.229819346692518,3950,3950,0.000586148937620226,0.0002930744688101
0.274903700126617,0.230354385000464,3951,3951,0.000586148937620226,0.000293074468810125
0.274664316363375,0.229819346692518,3952,3952,0.000586148937620226,0.0002930744688101
0.274903700126617,0.230354385000464,3953,3953,0.000586148937620226,0.000293074468810125
0.274664316363375,0.229819346692518,3954,3954,0.000586148937620226,0.0002930744688101
0.274903700126617,0.230354385000464,3955,3955,0.000586148937620226,0.000293074468810125
0.274664316363375,0.229819346692518,3956,3956,0.000586148937620226,0.0002930744688101
0.274903700126617,0.230354385000464,3957,3957,0.000586148937620226,0.000293074468810125
0.274664316363375,0.229819346692518,3958,3958,0.000586148937620226,0.0002930744688101
0.274903700126617,0.230354385000464,3959,3959,0.000586148937620226,0.000293074468810125
0.274664316363375,0.229819346692518,3960,3960,0.000586148937620226,0.0002930744688101
0.274903700126617,0.230354385000464,3961,3961,0.000586148937620226,0.000293074468810125
0.274664316363375,0.229819346692518,3962,3962,0.000586148937620226,0.0002930744688101
0.274903700126617,0.230354385000464,3963,3963,0.000586148937620226,0.000293074468810125
0.274664316363375,0.229819346692518,3964,3964,0.000586148937620226,0.0002930744688101
0.274903700126617,0.230354385000464,3965,3965,0.000586148937620226,0.000293074468810125
0.274664316363375,0.229819346692518,3966,3966,0.000586148937620226,0.0002930744688101
0.274903700126617,0.230354385000464,3967,3967,0.000586148937620226,0.000293074468810125
0.274664316363375,0.229819346692518,3968,3968,0.000586148937620226,0.0002930744688101
0.274903700126617,0.230354385000464,3969,3969,0.000586148937620226,0.000293074468810125
0.274664316363375,0.229819346692518,3970,3970,0.000586148937620226,0.0002930744688101
0.274903700126617,0.230354385000464,3971,3971,0.000586148937620226,0.000293074468810125
0.274664316363375,0.229819346692518,3972,3972,0.000586148937620226,0.0002930744688101
0.274903700126617,0.230354385000464,3973,3973,0.000586148937620226,0.000293074468810125
0.274664316363375,0.229819346692518,3974,3974,0.000586148937620226,0.0002930744688101
0.274903700126617,0.230354385000464,3975,3975,0.000586148937620226,0.000293074468810125
0.274664316363375,0.229819346692518,3976,3976,0.000586148937620226,0.0002930744688101
0.274903700126617,0.230354385000464,3977,3977,0.000586148937620226,0.000293074468810125
0.274664316363375,0.229819346692518,3978,3978,0.000586148937620226,0.0002930744688101
0.274903700126617,0.230354385000464,3979,3979,0.000586148937620226,0.000293074468810125
0.274664316363375,0.229819346692518,3980,3980,0.000586148937620226,0.0002930744688101
0.274903700126617,0.230354385000464,3981,3981,0.000586148937620226,0.000293074468810125
0.274664316363375,0.229819346692518,3982,3982,0.000586148937620226,0.0002930744688101
0.274903700126617,0.230354385000464,3983,3983,0.000586148937620226,0.000293074468810125
0.274664316363375,0.229819346692518,3984,3984,0.000586148937620226,0.0002930744688101
0.274903700126617,0.230354385000464,3985,3985,0.000586148937620226,0.000293074468810125
0.274664316363375,0.229819346692518,3986,3986,0.000586148937620226,0.0002930744688101
0.274903700126617,0.230354385000464,3987,3987,0.000586148937620226,0.000293074468810125
0.274664316363375,0.229819346692518,3988,3988,0.000586148937620226,0.0002930744688101
0.274903700126617,0.230354385000464,3989,3989,0.000586148937620226,0.000293074468810125
0.274664316363375,0.229819346692518,3990,3990,0.000586148937620226,0.0002930744688101
0.274903700126617,0.230354385000464,3991,3991,0.000586148937620226,0.000293074468810125
0.274664316363375,0.229819346692518,3992,3992,0.000586148937620226,0.0002930744688101
0.274903700126617,0.230354385000464,3993,3993,0.000586148937620226,0.000293074468810125
0.274664316363375,0.229819346692518,3994,3994,0.000586148937620226,0.0002930744688101
0.274903700126617,0.230354385000464,3995,3995,0.000586148937620226,0.000293074468810125
0.274664316363375,0.229819346692518,3996,3996,0.000586148937620226,0.0002930744688101
0.274903700126617,0.230354385000464,3997,3997,0.000586148937620226,0.000293074468810125
0.274664316363375,0.229819346692518,3998,3998,0.000586148937620226,0.0002930744688101
0.274903700126617,0.230354385000464,3999,3999,0.000586148937620226,0.000293074468810125
0.274664316363375,0.229819346692518,4000,4000,0.000586148937620226,0.0002930744688101
0.274903700126617,0.230354385000464,4001,4001,0.000586148937620226,0.000293074468810125
0.274664316363375,0.229819346692518,4002,4002,0.000586148937620226,0.0002930744688101
0.274903700126617,0.230354385000464,4003,4003,0.000586148937620226,0.000293074468810125
0.274664316363375,0.229819346692518,4004,4004,0.000586148937620226,0.0002930744688101
0.274903700126617,0.230354385000464,4005,4005,0.000586148937620226,0.000293074468810125
0.274664316363375,0.229819346692518,4006,4006,0.000586148937620226,0.0002930744688101
0.274903700126617,0.230354385000464,4007,4007,0.000586148937620226,0.000293074468810125
0.274664316363375,0.229819346692518,4008,4008,0.000586148937620226,0.0002930744688101
0.274903700126617,0.230354385000464,4009,4009,0.000586148937620226,0.000293074468810125
0.274664316363375,0.229819346692518,4010,4010,0.000586148937620226,0.0002930744688101
0.274903700126617,0.230354385000464,4011,4011,0.000586148937620226,0.000293074468810125
0.274664316363375,0.229819346692518,4012,4012,0.000586148937620226,0.0002930744688101
0.274903700126617,0.230354385000464,4013,4013,0.000586148937620226,0.000293074468810125
0.274664316363375,0.229819346692518,4014,4014,0.000586148937620226,0.0002930744688101
0.274903700126617,0.230354385000464,4015,4015,0.000586148937620226,0.000293074468810125
0.274664316363375,0.229819346692518,4016,4016,0.000586148937620226,0.0002930744688101
0.274903700126617,0.230354385000464,4017,4017,0.000586148937620226,0.000293074468810125
0.274664316363375,0.229819346692518,4018,4018,0.000586148937620226,0.0002930744688101
0.274903700126617,0.230354385000464,4019,4019,0.000586148937620226,0.000293074468810125
0.274664316363375,0.229819346692518,4020,4020,0.000586148937620226,0.0002930744688101
0.274903700126617,0.230354385000464,4021,4021,0.000586148937620226,0.000293074468810125
0.274664316363375,0.229819346692518,4022,4022,0.000586148937620226,0.0002930744688101
0.274903700126617,0.230354385000464,4023,4023,0.000586148937620226,0.000293074468810125
0.274664316363375,0.229819346692518,4024,4024,0.000586148937620226,0.0002930744688101
0.274903700126617,0.230354385000464,4025,4025,0.000586148937620226,0.000293074468810125
0.274664316363375,0.229819346692518,4026,4026,0.000586148937620226,0.0002930744688101
0.274903700126617,0.230354385000464,4027,4027,0.000586148937620226,0.000293074468810125
0.274664316363375,0.229819346692518,4028,4028,0.000586148937620226,0.0002930744688101
0.274903700126617,0.230354385000464,4029,4029,0.000586148937620226,0.000293074468810125
0.274664316363375,0.229819346692518,4030,4030,0.000586148937620226,0.0002930744688101
0.274903700126617,0.230354385000464,4031,4031,0.000586148937620226,0.000293074468810125
0.274664316363375,0.229819346692518,4032,4032,0.000586148937620226,0.0002930744688101
0.274903700126617,0.230354385000464,4033,4033,0.000586148937620226,0.000293074468810125
0.274664316363375,0.229819346692518,4034,4034,0.000586148937620226,0.0002930744688101
0.274903700126617,0.230354385000464,4035,4035,0.000586148937620226,0.000293074468810125
0.274664316363375,0.229819346692518,4036,4036,0.000586148937620226,0.0002930744688101
0.274903700126617,0.230354385000464,4037,4037,0.000586148937620226,0.000293074468810125
0.274664316363375,0.229819346692518,4038,4038,0.000586148937620226,0.0002930744688101
0.274903700126617,0.230354385000464,4039,4039,0.000586148937620226,0.000293074468810125
0.274664316363375,0.229819346692518,4040,4040,0.000586148937620226,0.0002930744688101
0.274903700126617,0.230354385000464,4041,4041,0.000586148937620226,0.000293074468810125
0.274664316363375,0.229819346692518,4042,4042,0.000586148937620226,0.0002930744688101
0.274903700126617,0.230354385000464,4043,4043,0.000586148937620226,0.000293074468810125
0.274664316363375,0.229819346692518,4044,4044,0.000586148937620226,0.0002930744688101
0.274903700126617,0.230354385000464,4045,4045,0.000586148937620226,0.000293074468810125
0.274664316363375,0.229819346692518,4046,4046,0.000586148937620226,0.0002930744688101
0.274903700126617,0.230354385000464,4047,4047,0.000586148937620226,0.000293074468810125
0.274664316363375,0.229819346692518,4048,4048,0.000586148937620226,0.0002930744688101
0.274903700126617,0.230354385000464,4049,4049,0.000586148937620226,0.000293074468810125
0.274664316363375,0.229819346692518,4050,4050,0.000586148937620226,0.0002930744688101
0.274903700126617,0.230354385000464,4051,4051,0.000586148937620226,0.000293074468810125
0.274664316363375,0.229819346692518,4052,4052,0.000586148937620226,0.0002930744688101
0.274903700126617,0.230354385000464,4053,4053,0.000586148937620226,0.000293074468810125
0.274664316363375,0.229819346692518,4054,4054,0.000586148937620226,0.0002930744688101
0.274903700126617,0.230354385000464,4055,4055,0.000586148937620226,0.000293074468810125
0.274664316363375,0.229819346692518,4056,4056,0.000586148937620226,0.0002930744688101
0.274903700126617,0.230354385000464,4057,4057,0.000586148937620226,0.000293074468810125
0.274664316363375,0.229819346692518,4058,4058,0.000586148937620226,0.0002930744688101
0.274903700126617,0.230354385000464,4059,4059,0.000586148937620226,0.000293074468810125
0.274664316363375,0.229819346692518,4060,4060,0.000586148937620226,0.0002930744688101
0.274903700126617,0.230354385000464,4061,4061,0.000586148937620226,0.000293074468810125
0.274664316363375,0.229819346692518,4062,4062,0.000586148937620226,0.0002930744688101
0.274903700126617,0.230354385000464,4063,4063,0.000586148937620226,0.000293074468810125
0.274664316363375,0.229819346692518,4064,4064,0.000586148937620226,0.0002930744688101
0.274903700126617,0.230354385000464,4065,4065,0.000586148937620226,0.000293074468810125
0.274664316363375,0.229819346692518,4066,4066,0.000586148937620226,0.0002930744688101
0.274903700126617,0.230354385000464,4067,4067,0.000586148937620226,0.000293074468810125
0.274664316363375,0.229819346692518,4068,4068,0.000586148937620226,0.0002930744688101
0.274903700126617,0.230354385000464,4069,4069,0.000586148937620226,0.000293074468810125
0.274664316363375,0.229819346692518,4070,4070,0.000586148937620226,0.0002930744688101
0.274903700126617,0.230354385000464,4071,4071,0.000586148937620226,0.000293074468810125
0.274664316363375,0.229819346692518,4072,4072,0.000586148937620226,0.0002930744688101
0.274903700126617,0.230354385000464,4073,4073,0.000586148937620226,0.000293074468810125
0.274664316363375,0.229819346692518,4074,4074,0.000586148937620226,0.0002930744688101
0.274903700126617,0.230354385000464,4075,4075,0.000586148937620226,0.000293074468810125
0.274664316363375,0.229819346692518,4076,4076,0.000586148937620226,0.0002930744688101
0.274903700126617,0.230354385000464,4077,4077,0.000586148937620226,0.000293074468810125
0.274664316363375,0.229819346692518,4078,4078,0.000586148937620226,0.0002930744688101
0.274903700126617,0.230354385000464,4079,4079,0.000586148937620226,0.000293074468810125
0.274664316363375,0.229819346692518,4080,4080,0.000586148937620226,0.0002930744688101
0.274903700126617,0.230354385000464,4081,4081,0.000586148937620226,0.000293074468810125
0.274664316363375,0.229819346692518,4082,4082,0.000586148937620226,0.0002930744688101
0.274903700126617,0.230354385000464,4083,4083,0.000586148937620226,0.000293074468810125
0.274664316363375,0.229819346692518,4084,4084,0.000586148937620226,0.0002930744688101
0.274903700126617,0.230354385000464,4085,4085,0.000586148937620226,0.000293074468810125
0.274664316363375,0.229819346692518,4086,4086,0.000586148937620226,0.0002930744688101
0.274903700126617,0.230354385000464,4087,4087,0.000586148937620226,0.000293074468810125
0.274664316363375,0.229819346692518,4088,4088,0.000586148937620226,0.0002930744688101
0.274903700126617,0.230354385000464,4089,4089,0.000586148937620226,0.000293074468810125
0.274664316363375,0.229819346692518,4090,4090,0.000586148937620226,0.0002930744688101
0.274903700126617,0.230354385000464,4091,4091,0.000586148937620226,0.000293074468810125
0.274664316363375,0.229819346692518,4092,4092,0.000586148937620226,0.0002930744688101
0.274903700126617,0.230354385000464,4093,4093,0.000586148937620226,0.000293074468810125
0.274664316363375,0.229819346692518,4094,4094,0.000586148937620226,0.0002930744688101
0.274903700126617,0.230354385000464,4095,4095,0.000586148937620226,0.000293074468810125
0.274664316363375,0.229819346692518,4096,4096,0.000586148937620226,0.0002930744688101
0.274903700126617,0.230354385000464,4097,4097,0.000586148937620226,0.000293074468810125
0.274664316363375,0.229819346692518,4098,4098,0.000586148937620226,0.0002930744688101
0.274903700126617,0.230354385000464,4099,4099,0.000586148937620226,0.000293074468810125
0.274664316363375,0.229819346692518,4100,4100,0.000586148937620226,0.0002930744688101
0.274903700126617,0.230354385000464,4101,4101,0.000586148937620226,0.000293074468810125
0.274664316363375,0.229819346692518,4102,4102,0.000586148937620226,0.0002930744688101
0.274903700126617,0.230354385000464,4103,4103,0.000586148937620226,0.000293074468810125
0.274664316363375,0.229819346692518,4104,4104,0.000586148937620226,0.0002930744688101
0.274903700126617,0.230354385000464,4105,4105,0.000586148937620226,0.000293074468810125
0.274664316363375,0.229819346692518,4106,4106,0.000586148937620226,0.0002930744688101
0.274903700126617,0.230354385000464,4107,4107,0.000586148937620226,0.000293074468810125
0.274664316363375,0.229819346692518,4108,4108,0.000586148937620226,0.0002930744688101
0.274903700126617,0.230354385000464,4109,4109,0.000586148937620226,0.000293074468810125
0.274664316363375,0.229819346692518,4110,4110,0.000586148937620226,0.0002930744688101
0.274903700126617,0.230354385000464,4111,4111,0.000586148937620226,0.000293074468810125
0.274664316363375,0.229819346692518,4112,4112,0.000586148937620226,0.0002930744688101
0.274903700126617,0.230354385000464,4113,4113,0.000586148937620226,0.000293074468810125
0.274664316363375,0.229819346692518,4114,4114,0.000586148937620226,0.0002930744688101
0.274903700126617,0.230354385000464,4115,4115,0.000586148937620226,0.000293074468810125
0.274664316363375,0.229819346692518,4116,4116,0.000586148937620226,0.0002930744688101
0.274903700126617,0.230354385000464,4117,4117,0.000586148937620226,0.000293074468810125
0.274664316363375,0.229819346692518,4118,4118,0.000586148937620226,0.0002930744688101
0.274903700126617,0.230354385000464,4119,4119,0.000586148937620226,0.000293074468810125
0.274664316363375,0.229819346692518,4120,4120,0.000586148937620226,0.0002930744688101
0.274903700126617,0.230354385000464,4121,4121,0.000586148937620226,0.000293074468810125
0.274664316363375,0.229819346692518,4122,4122,0.000586148937620226,0.0002930744688101
0.274903700126617,0.230354385000464,4123,4123,0.000586148937620226,0.000293074468810125
0.274664316363375,0.229819346692518,4124,4124,0.000586148937620226,0.0002930744688101
0.274903700126617,0.230354385000464,4125,4125,0.000586148937620226,0.000293074468810125
0.274664316363375,0.229819346692518,4126,4126,0.000586148937620226,0.0002930744688101
0.274903700126617,0.230354385000464,4127,4127,0.000586148937620226,0.000293074468810125
0.274664316363375,0.229819346692518,4128,4128,0.000586148937620226,0.0002930744688101
0.274903700126617,0.230354385000464,4129,4129,0.000586148937620226,0.000293074468810125
0.274664316363375,0.229819346692518,4130,4130,0.000586148937620226,0.0002930744688101
0.274903700126617,0.230354385000464,4131,4131,0.000586148937620226,0.000293074468810125
0.274664316363375,0.229819346692518,4132,4132,0.000586148937620226,0.0002930744688101
0.274903700126617,0.230354385000464,4133,4133,0.000586148937620226,0.000293074468810125
0.274664316363375,0.229819346692518,4134,4134,0.000586148937620226,0.0002930744688101
0.274903700126617,0.230354385000464,4135,4135,0.000586148937620226,0.000293074468810125
0.274664316363375,0.229819346692518,4136,4136,0.000586148937620226,0.0002930744688101
0.274903700126617,0.230354385000464,4137,4137,0.000586148937620226,0.000293074468810125
0.274664316363375,0.229819346692518,4138,4138,0.000586148937620226,0.0002930744688101
0.274903700126617,0.230354385000464,4139,4139,0.000586148937620226,0.000293074468810125
0.274664316363375,0.229819346692518,4140,4140,0.000586148937620226,0.0002930744688101
0.274903700126617,0.230354385000464,4141,4141,0.000586148937620226,0.000293074468810125
0.274664316363375,0.229819346692518,4142,4142,0.000586148937620226,0.0002930744688101
0.274903700126617,0.230354385000464,4143,4143,0.000586148937620226,0.000293074468810125
0.274664316363375,0.229819346692518,4144,4144,0.000586148937620226,0.0002930744688101
0.274903700126617,0.230354385000464,4145,4145,0.000586148937620226,0.000293074468810125
0.274664316363375,0.229819346692518,4146,4146,0.000586148937620226,0.0002930744688101
0.274903700126617,0.230354385000464,4147,4147,0.000586148937620226,0.000293074468810125
0.274664316363375,0.229819346692518,4148,4148,0.000586148937620226,0.0002930744688101
0.274903700126617,0.230354385000464,4149,4149,0.000586148937620226,0.000293074468810125
0.274664316363375,0.229819346692518,4150,4150,0.000586148937620226,0.0002930744688101
0.274903700126617,0.230354385000464,4151,4151,0.000586148937620226,0.000293074468810125
0.274664316363375,0.229819346692518,4152,4152,0.000586148937620226,0.0002930744688101
0.274903700126617,0.230354385000464,4153,4153,0.000586148937620226,0.000293074468810125
0.274664316363375,0.229819346692518,4154,4154,0.000586148937620226,0.0002930744688101
0.274903700126617,0.230354385000464,4155,4155,0.000586148937620226,0.000293074468810125
0.274664316363375,0.229819346692518,4156,4156,0.000586148937620226,0.0002930744688101
0.274903700126617,0.230354385000464,4157,4157,0.000586148937620226,0.000293074468810125
0.274664316363375,0.229819346692518,4158,4158,0.000586148937620226,0.0002930744688101
0.274903700126617,0.230354385000464,4159,4159,0.000586148937620226,0.000293074468810125
0.274664316363375,0.229819346692518,4160,4160,0.000586148937620226,0.0002930744688101
0.274903700126617,0.230354385000464,4161,4161,0.000586148937620226,0.000293074468810125
0.274664316363375,0.229819346692518,4162,4162,0.000586148937620226,0.0002930744688101
0.274903700126617,0.230354385000464,4163,4163,0.000586148937620226,0.000293074468810125
0.274664316363375,0.229819346692518,4164,4164,0.000586148937620226,0.0002930744688101
0.274903700126617,0.230354385000464,4165,4165,0.000586148937620226,0.000293074468810125
0.274664316363375,0.229819346692518,4166,4166,0.000586148937620226,0.0002930744688101
0.274903700126617,0.230354385000464,4167,4167,0.000586148937620226,0.000293074468810125
0.274664316363375,0.229819346692518,4168,4168,0.000586148937620226,0.0002930744688101
0.274903700126617,0.230354385000464,4169,4169,0.000586148937620226,0.000293074468810125
0.274664316363375,0.229819346692518,4170,4170,0.000586148937620226,0.0002930744688101
0.274903700126617,0.230354385000464,4171,4171,0.000586148937620226,0.000293074468810125
0.274664316363375,0.229819346692518,4172,4172,0.000586148937620226,0.0002930744688101
0.274903700126617,0.230354385000464,4173,4173,0.000586148937620226,0.000293074468810125
0.274664316363375,0.229819346692518,4174,4174,0.000586148937620226,0.0002930744688101
0.274903700126617,0.230354385000464,4175,4175,0.000586148937620226,0.000293074468810125
0.274664316363375,0.229819346692518,4176,4176,0.000586148937620226,0.0002930744688101
0.274903700126617,0.230354385000464,4177,4177,0.000586148937620226,0.000293074468810125
0.274664316363375,0.229819346692518,4178,4178,0.000586148937620226,0.0002930744688101
0.274903700126617,0.230354385000464,4179,4179,0.000586148937620226,0.000293074468810125
0.274664316363375,0.229819346692518,4180,4180,0.000586148937620226,0.0002930744688101
0.274903700126617,0.230354385000464,4181,4181,0.000586148937620226,0.000293074468810125
0.274664316363375,0.229819346692518,4182,4182,0.000586148937620226,0.0002930744688101
0.274903700126617,0.230354385000464,4183,4183,0.000586148937620226,0.000293074468810125
0.274664316363375,0.229819346692518,4184,4184,0.000586148937620226,0.0002930744688101
0.274903700126617,0.230354385000464,4185,4185,0.000586148937620226,0.000293074468810125
0.274664316363375,0.229819346692518,4186,4186,0.000586148937620226,0.0002930744688101
0.274903700126617,0.230354385000464,4187,4187,0.000586148937620226,0.000293074468810125
0.274664316363375,0.229819346692518,4188,4188,0.000586148937620226,0.0002930744688101
0.274903700126617,0.230354385000464,4189,4189,0.000586148937620226,0.000293074468810125
0.274664316363375,0.229819346692518,4190,4190,0.000586148937620226,0.0002930744688101
0.274903700126617,0.230354385000464,4191,4191,0.000586148937620226,0.000293074468810125
0.274664316363375,0.229819346692518,4192,4192,0.000586148937620226,0.0002930744688101
0.274903700126617,0.230354385000464,4193,4193,0.000586148937620226,0.000293074468810125
0.274664316363375,0.229819346692518,4194,4194,0.000586148937620226,0.0002930744688101
0.274903700126617,0.230354385000464,4195,4195,0.000586148937620226,0.000293074468810125
0.274664316363375,0.229819346692518,4196,4196,0.000586148937620226,0.0002930744688101
0.274903700126617,0.230354385000464,4197,4197,0.000586148937620226,0.000293074468810125
0.274664316363375,0.229819346692518,4198,4198,0.000586148937620226,0.0002930744688101
0.274903700126617,0.230354385000464,4199,4199,0.000586148937620226,0.000293074468810125
0.274664316363375,0.229819346692518,4200,4200,0.000586148937620226,0.0002930744688101
0.274903700126617,0.230354385000464,4201,4201,0.000586148937620226,0.000293074468810125
0.274664316363375,0.229819346692518,4202,4202,0.000586148937620226,0.0002930744688101
0.274903700126617,0.230354385000464,4203,4203,0.000586148937620226,0.000293074468810125
0.274664316363375,0.229819346692518,4204,4204,0.000586148937620226,0.0002930744688101
0.274903700126617,0.230354385000464,4205,4205,0.000586148937620226,0.000293074468810125
0.274664316363375,0.229819346692518,4206,4206,0.000586148937620226,0.0002930744688101
0.274903700126617,0.230354385000464,4207,4207,0.000586148937620226,0.000293074468810125
0.274664316363375,0.229819346692518,4208,4208,0.000586148937620226,0.0002930744688101
0.274903700126617,0.230354385000464,4209,4209,0.000586148937620226,0.000293074468810125
0.274664316363375,0.229819346692518,4210,4210,0.000586148937620226,0.0002930744688101
0.274903700126617,0.230354385000464,4211,4211,0.000586148937620226,0.000293074468810125
0.274664316363375,0.229819346692518,4212,4212,0.000586148937620226,0.0002930744688101
0.274903700126617,0.230354385000464,4213,4213,0.000586148937620226,0.000293074468810125
0.274664316363375,0.229819346692518,4214,4214,0.000586148937620226,0.0002930744688101
0.274903700126617,0.230354385000464,4215,4215,0.000586148937620226,0.000293074468810125
0.274664316363375,0.229819346692518,4216,4216,0.000586148937620226,0.0002930744688101
0.274903700126617,0.230354385000464,4217,4217,0.000586148937620226,0.000293074468810125
0.274664316363375,0.229819346692518,4218,4218,0.000586148937620226,0.0002930744688101
0.274903700126617,0.230354385000464,4219,4219,0.000586148937620226,0.000293074468810125
0.274664316363375,0.229819346692518,4220,4220,0.000586148937620226,0.0002930744688101
0.274903700126617,0.230354385000464,4221,4221,0.000586148937620226,0.000293074468810125
0.274664316363375,0.229819346692518,4222,4222,0.000586148937620226,0.0002930744688101
0.274903700126617,0.230354385000464,4223,4223,0.000586148937620226,0.000293074468810125
0.274664316363375,0.229819346692518,4224,4224,0.000586148937620226,0.0002930744688101
0.274903700126617,0.230354385000464,4225,4225,0.000586148937620226,0.000293074468810125
0.274664316363375,0.229819346692518,4226,4226,0.000586148937620226,0.0002930744688101
0.274903700126617,0.230354385000464,4227,4227,0.000586148937620226,0.000293074468810125
0.274664316363375,0.229819346692518,4228,4228,0.000586148937620226,0.0002930744688101
0.274903700126617,0.230354385000464,4229,4229,0.000586148937620226,0.000293074468810125
0.274664316363375,0.229819346692518,4230,4230,0.000586148937620226,0.0002930744688101
0.274903700126617,0.230354385000464,4231,4231,0.000586148937620226,0.000293074468810125
0.274664316363375,0.229819346692518,4232,4232,0.000586148937620226,0.0002930744688101
0.274903700126617,0.230354385000464,4233,4233,0.000586148937620226,0.000293074468810125
0.274664316363375,0.229819346692518,4234,4234,0.000586148937620226,0.0002930744688101
0.274903700126617,0.230354385000464,4235,4235,0.000586148937620226,0.000293074468810125
0.274664316363375,0.229819346692518,4236,4236,0.000586148937620226,0.0002930744688101
0.274903700126617,0.230354385000464,4237,4237,0.000586148937620226,0.000293074468810125
0.274664316363375,0.229819346692518,4238,4238,0.000586148937620226,0.0002930744688101
0.274903700126617,0.230354385000464,4239,4239,0.000586148937620226,0.000293074468810125
0.274664316363375,0.229819346692518,4240,4240,0.000586148937620226,0.0002930744688101
0.274903700126617,0.230354385000464,4241,4241,0.000586148937620226,0.000293074468810125
0.274664316363375,0.229819346692518,4242,4242,0.000586148937620226,0.0002930744688101
0.274903700126617,0.230354385000464,4243,4243,0.000586148937620226,0.000293074468810125
0.274664316363375,0.229819346692518,4244,4244,0.000586148937620226,0.0002930744688101
0.274903700126617,0.230354385000464,4245,4245,0.000586148937620226,0.000293074468810125
0.274664316363375,0.229819346692518,4246,4246,0.000586148937620226,0.0002930744688101
0.274903700126617,0.230354385000464,4247,4247,0.000586148937620226,0.000293074468810125
0.274664316363375,0.229819346692518,4248,4248,0.000586148937620226,0.0002930744688101
0.274903700126617,0.230354385000464,4249,4249,0.000586148937620226,0.000293074468810125
0.274664316363375,0.229819346692518,4250,4250,0.000586148937620226,0.0002930744688101
0.274903700126617,0.230354385000464,4251,4251,0.000586148937620226,0.000293074468810125
0.274664316363375,0.229819346692518,4252,4252,0.000586148937620226,0.0002930744688101
0.274903700126617,0.230354385000464,4253,4253,0.000586148937620226,0.000293074468810125
0.274664316363375,0.229819346692518,4254,4254,0.000586148937620226,0.0002930744688101
0.274903700126617,0.230354385000464,4255,4255,0.000586148937620226,0.000293074468810125
0.274664316363375,0.229819346692518,4256,4256,0.000586148937620226,0.0002930744688101
0.274903700126617,0.230354385000464,4257,4257,0.000586148937620226,0.000293074468810125
0.274664316363375,0.229819346692518,4258,4258,0.000586148937620226,0.0002930744688101
0.274903700126617,0.230354385000464,4259,4259,0.000586148937620226,0.000293074468810125
0.274664316363375,0.229819346692518,4260,4260,0.000586148937620226,0.0002930744688101
0.274903700126617,0.230354385000464,4261,4261,0.000586148937620226,0.000293074468810125
0.274664316363375,0.229819346692518,4262,4262,0.000586148937620226,0.0002930744688101
0.274903700126617,0.230354385000464,4263,4263,0.000586148937620226,0.000293074468810125
0.274664316363375,0.229819346692518,4264,4264,0.000586148937620226,0.0002930744688101
0.274903700126617,0.230354385000464,4265,4265,0.000586148937620226,0.000293074468810125
0.274664316363375,0.229819346692518,4266,4266,0.000586148937620226,0.0002930744688101
0.274903700126617,0.230354385000464,4267,4267,0.000586148937620226,0.000293074468810125
0.274664316363375,0.229819346692518,4268,4268,0.000586148937620226,0.0002930744688101
0.274903700126617,0.230354385000464,4269,4269,0.000586148937620226,0.000293074468810125
0.274664316363375,0.229819346692518,4270,4270,0.000586148937620226,0.0002930744688101
0.274903700126617,0.230354385000464,4271,4271,0.000586148937620226,0.000293074468810125
0.274664316363375,0.229819346692518,4272,4272,0.000586148937620226,0.0002930744688101
0.274903700126617,0.230354385000464,4273,4273,0.000586148937620226,0.000293074468810125
0.274664316363375,0.229819346692518,4274,4274,0.000586148937620226,0.0002930744688101
0.274903700126617,0.230354385000464,4275,4275,0.000586148937620226,0.000293074468810125
0.274664316363375,0.229819346692518,4276,4276,0.000586148937620226,0.0002930744688101
0.274903700126617,0.230354385000464,4277,4277,0.000586148937620226,0.000293074468810125
0.274664316363375,0.229819346692518,4278,4278,0.000586148937620226,0.0002930744688101
0.274903700126617,0.230354385000464,4279,4279,0.000586148937620226,0.000293074468810125
0.274664316363375,0.229819346692518,4280,4280,0.000586148937620226,0.0002930744688101
0.274903700126617,0.230354385000464,4281,4281,0.000586148937620226,0.000293074468810125
0.274664316363375,0.229819346692518,4282,4282,0.000586148937620226,0.0002930744688101
0.274903700126617,0.230354385000464,4283,4283,0.000586148937620226,0.000293074468810125
0.274664316363375,0.229819346692518,4284,4284,0.000586148937620226,0.0002930744688101
0.274903700126617,0.230354385000464,4285,4285,0.000586148937620226,0.000293074468810125
0.274664316363375,0.229819346692518,4286,4286,0.000586148937620226,0.0002930744688101
0.274903700126617,0.230354385000464,4287,4287,0.000586148937620226,0.000293074468810125
0.274664316363375,0.229819346692518,4288,4288,0.000586148937620226,0.0002930744688101
0.274903700126617,0.230354385000464,4289,4289,0.000586148937620226,0.000293074468810125
0.274664316363375,0.229819346692518,4290,4290,0.000586148937620226,0.0002930744688101
0.274903700126617,0.230354385000464,4291,4291,0.000586148937620226,0.000293074468810125
0.274664316363375,0.229819346692518,4292,4292,0.000586148937620226,0.0002930744688101
0.274903700126617,0.230354385000464,4293,4293,0.000586148937620226,0.000293074468810125
0.274664316363375,0.229819346692518,4294,4294,0.000586148937620226,0.0002930744688101
0.274903700126617,0.230354385000464,4295,4295,0.000586148937620226,0.000293074468810125
0.274664316363375,0.229819346692518,4296,4296,0.000586148937620226,0.0002930744688101
0.274903700126617,0.230354385000464,4297,4297,0.000586148937620226,0.000293074468810125
0.274664316363375,0.229819346692518,4298,4298,0.000586148937620226,0.0002930744688101
0.274903700126617,0.230354385000464,4299,4299,0.000586148937620226,0.000293074468810125
0.274664316363375,0.229819346692518,4300,4300,0.000586148937620226,0.0002930744688101
0.274903700126617,0.230354385000464,4301,4301,0.000586148937620226,0.000293074468810125
0.274664316363375,0.229819346692518,4302,4302,0.000586148937620226,0.0002930744688101
0.274903700126617,0.230354385000464,4303,4303,0.000586148937620226,0.000293074468810125
0.274664316363375,0.229819346692518,4304,4304,0.000586148937620226,0.0002930744688101
0.274903700126617,0.230354385000464,4305,4305,0.000586148937620226,0.000293074468810125
0.274664316363375,0.229819346692518,4306,4306,0.000586148937620226,0.0002930744688101
0.274903700126617,0.230354385000464,4307,4307,0.000586148937620226,0.000293074468810125
0.274664316363375,0.229819346692518,4308,4308,0.000586148937620226,0.0002930744688101
0.274903700126617,0.230354385000464,4309,4309,0.000586148937620226,0.000293074468810125
0.274664316363375,0.229819346692518,4310,4310,0.000586148937620226,0.0002930744688101
0.274903700126617,0.230354385000464,4311,4311,0.000586148937620226,0.000293074468810125
0.274664316363375,0.229819346692518,4312,4312,0.000586148937620226,0.0002930744688101
0.274903700126617,0.230354385000464,4313,4313,0.000586148937620226,0.000293074468810125
0.274664316363375,0.229819346692518,4314,4314,0.000586148937620226,0.0002930744688101
0.274903700126617,0.230354385000464,4315,4315,0.000586148937620226,0.000293074468810125
0.274664316363375,0.229819346692518,4316,4316,0.000586148937620226,0.0002930744688101
0.274903700126617,0.230354385000464,4317,4317,0.000586148937620226,0.000293074468810125
0.274664316363375,0.229819346692518,4318,4318,0.000586148937620226,0.0002930744688101
0.274903700126617,0.230354385000464,4319,4319,0.000586148937620226,0.000293074468810125
0.274664316363375,0.229819346692518,4320,4320,0.000586148937620226,0.0002930744688101
0.274903700126617,0.230354385000464,4321,4321,0.000586148937620226,0.000293074468810125
0.274664316363375,0.229819346692518,4322,4322,0.000586148937620226,0.0002930744688101
0.274903700126617,0.230354385000464,4323,4323,0.000586148937620226,0.000293074468810125
0.274664316363375,0.229819346692518,4324,4324,0.000586148937620226,0.0002930744688101
0.274903700126617,0.230354385000464,4325,4325,0.000586148937620226,0.000293074468810125
0.274664316363375,0.229819346692518,4326,4326,0.000586148937620226,0.0002930744688101
0.274903700126617,0.230354385000464,4327,4327,0.000586148937620226,0.000293074468810125
0.274664316363375,0.229819346692518,4328,4328,0.000586148937620226,0.0002930744688101
0.274903700126617,0.230354385000464,4329,4329,0.000586148937620226,0.000293074468810125
0.274664316363375,0.229819346692518,4330,4330,0.000586148937620226,0.0002930744688101
0.274903700126617,0.230354385000464,4331,4331,0.000586148937620226,0.000293074468810125
0.274664316363375,0.229819346692518,4332,4332,0.000586148937620226,0.0002930744688101
0.274903700126617,0.230354385000464,4333,4333,0.000586148937620226,0.000293074468810125
0.274664316363375,0.229819346692518,4334,4334,0.000586148937620226,0.0002930744688101
0.274903700126617,0.230354385000464,4335,4335,0.000586148937620226,0.000293074468810125
0.274664316363375,0.229819346692518,4336,4336,0.000586148937620226,0.0002930744688101
0.274903700126617,0.230354385000464,4337,4337,0.000586148937620226,0.000293074468810125
0.274664316363375,0.229819346692518,4338,4338,0.000586148937620226,0.0002930744688101
0.274903700126617,0.230354385000464,4339,4339,0.000586148937620226,0.000293074468810125
0.274664316363375,0.229819346692518,4340,4340,0.000586148937620226,0.0002930744688101
0.274903700126617,0.230354385000464,4341,4341,0.000586148937620226,0.000293074468810125
0.274664316363375,0.229819346692518,4342,4342,0.000586148937620226,0.0002930744688101
0.274903700126617,0.230354385000464,4343,4343,0.000586148937620226,0.000293074468810125
0.274664316363375,0.229819346692518,4344,4344,0.000586148937620226,0.0002930744688101
0.274903700126617,0.230354385000464,4345,4345,0.000586148937620226,0.000293074468810125
0.274664316363375,0.229819346692518,4346,4346,0.000586148937620226,0.0002930744688101
0.274903700126617,0.230354385000464,4347,4347,0.000586148937620226,0.000293074468810125
0.274664316363375,0.229819346692518,4348,4348,0.000586148937620226,0.0002930744688101
0.274903700126617,0.230354385000464,4349,4349,0.000586148937620226,0.000293074468810125
0.274664316363375,0.229819346692518,4350,4350,0.000586148937620226,0.0002930744688101
0.274903700126617,0.230354385000464,4351,4351,0.000586148937620226,0.000293074468810125
0.274664316363375,0.229819346692518,4352,4352,0.000586148937620226,0.0002930744688101
0.274903700126617,0.230354385000464,4353,4353,0.000586148937620226,0.000293074468810125
0.274664316363375,0.229819346692518,4354,4354,0.000586148937620226,0.0002930744688101
0.274903700126617,0.230354385000464,4355,4355,0.000586148937620226,0.000293074468810125
0.274664316363375,0.229819346692518,4356,4356,0.000586148937620226,0.0002930744688101
0.274903700126617,0.230354385000464,4357,4357,0.000586148937620226,0.000293074468810125
0.274664316363375,0.229819346692518,4358,4358,0.000586148937620226,0.0002930744688101
0.274903700126617,0.230354385000464,4359,4359,0.000586148937620226,0.000293074468810125
0.274664316363375,0.229819346692518,4360,4360,0.000586148937620226,0.0002930744688101
0.274903700126617,0.230354385000464,4361,4361,0.000586148937620226,0.000293074468810125
0.274664316363375,0.229819346692518,4362,4362,0.000586148937620226,0.0002930744688101
0.274903700126617,0.230354385000464,4363,4363,0.000586148937620226,0.000293074468810125
0.274664316363375,0.229819346692518,4364,4364,0.000586148937620226,0.0002930744688101
0.274903700126617,0.230354385000464,4365,4365,0.000586148937620226,0.000293074468810125
0.274664316363375,0.229819346692518,4366,4366,0.000586148937620226,0.0002930744688101
0.274903700126617,0.230354385000464,4367,4367,0.000586148937620226,0.000293074468810125
0.274664316363375,0.229819346692518,4368,4368,0.000586148937620226,0.0002930744688101
0.274903700126617,0.230354385000464,4369,4369,0.000586148937620226,0.000293074468810125
0.274664316363375,0.229819346692518,4370,4370,0.000586148937620226,0.0002930744688101
0.274903700126617,0.230354385000464,4371,4371,0.000586148937620226,0.000293074468810125
0.274664316363375,0.229819346692518,4372,4372,0.000586148937620226,0.0002930744688101
0.274903700126617,0.230354385000464,4373,4373,0.000586148937620226,0.000293074468810125
0.274664316363375,0.229819346692518,4374,4374,0.000586148937620226,0.0002930744688101
0.274903700126617,0.230354385000464,4375,4375,0.000586148937620226,0.000293074468810125
0.274664316363375,0.229819346692518,4376,4376,0.000586148937620226,0.0002930744688101
0.274903700126617,0.230354385000464,4377,4377,0.000586148937620226,0.000293074468810125
0.274664316363375,0.229819346692518,4378,4378,0.000586148937620226,0.0002930744688101
0.274903700126617,0.230354385000464,4379,4379,0.000586148937620226,0.000293074468810125
0.274664316363375,0.229819346692518,4380,4380,0.000586148937620226,0.0002930744688101
0.274903700126617,0.230354385000464,4381,4381,0.000586148937620226,0.000293074468810125
0.274664316363375,0.229819346692518,4382,4382,0.000586148937620226,0.0002930744688101
0.274903700126617,0.230354385000464,4383,4383,0.000586148937620226,0.000293074468810125
0.274664316363375,0.229819346692518,4384,4384,0.000586148937620226,0.0002930744688101
0.274903700126617,0.230354385000464,4385,4385,0.000586148937620226,0.000293074468810125
0.274664316363375,0.229819346692518,4386,4386,0.000586148937620226,0.0002930744688101
0.274903700126617,0.230354385000464,4387,4387,0.000586148937620226,0.000293074468810125
0.274664316363375,0.229819346692518,4388,4388,0.000586148937620226,0.0002930744688101
0.274903700126617,0.230354385000464,4389,4389,0.000586148937620226,0.000293074468810125
0.274664316363375,0.229819346692518,4390,4390,0.000586148937620226,0.0002930744688101
0.274903700126617,0.230354385000464,4391,4391,0.000586148937620226,0.000293074468810125
0.274664316363375,0.229819346692518,4392,4392,0.000586148937620226,0.0002930744688101
0.274903700126617,0.230354385000464,4393,4393,0.000586148937620226,0.000293074468810125
0.274664316363375,0.229819346692518,4394,4394,0.000586148937620226,0.0002930744688101
0.274903700126617,0.230354385000464,4395,4395,0.000586148937620226,0.000293074468810125
0.274664316363375,0.229819346692518,4396,4396,0.000586148937620226,0.0002930744688101
0.274903700126617,0.230354385000464,4397,4397,0.000586148937620226,0.000293074468810125
0.274664316363375,0.229819346692518,4398,4398,0.000586148937620226,0.0002930744688101
0.274903700126617,0.230354385000464,4399,4399,0.000586148937620226,0.000293074468810125
0.274664316363375,0.229819346692518,4400,4400,0.000586148937620226,0.0002930744688101
0.274903700126617,0.230354385000464,4401,4401,0.000586148937620226,0.000293074468810125
0.274664316363375,0.229819346692518,4402,4402,0.000586148937620226,0.0002930744688101
0.274903700126617,0.230354385000464,4403,4403,0.000586148937620226,0.000293074468810125
0.274664316363375,0.229819346692518,4404,4404,0.000586148937620226,0.0002930744688101
0.274903700126617,0.230354385000464,4405,4405,0.000586148937620226,0.000293074468810125
0.274664316363375,0.229819346692518,4406,4406,0.000586148937620226,0.0002930744688101
0.274903700126617,0.230354385000464,4407,4407,0.000586148937620226,0.000293074468810125
0.274664316363375,0.229819346692518,4408,4408,0.000586148937620226,0.0002930744688101
0.274903700126617,0.230354385000464,4409,4409,0.000586148937620226,0.000293074468810125
0.274664316363375,0.229819346692518,4410,4410,0.000586148937620226,0.0002930744688101
0.274903700126617,0.230354385000464,4411,4411,0.000586148937620226,0.000293074468810125
0.274664316363375,0.229819346692518,4412,4412,0.000586148937620226,0.0002930744688101
0.274903700126617,0.230354385000464,4413,4413,0.000586148937620226,0.000293074468810125
0.274664316363375,0.229819346692518,4414,4414,0.000586148937620226,0.0002930744688101
0.274903700126617,0.230354385000464,4415,4415,0.000586148937620226,0.000293074468810125
0.274664316363375,0.229819346692518,4416,4416,0.000586148937620226,0.0002930744688101
0.274903700126617,0.230354385000464,4417,4417,0.000586148937620226,0.000293074468810125
0.274664316363375,0.229819346692518,4418,4418,0.000586148937620226,0.0002930744688101
0.274903700126617,0.230354385000464,4419,4419,0.000586148937620226,0.000293074468810125
0.274664316363375,0.229819346692518,4420,4420,0.000586148937620226,0.0002930744688101
0.274903700126617,0.230354385000464,4421,4421,0.000586148937620226,0.000293074468810125
0.274664316363375,0.229819346692518,4422,4422,0.000586148937620226,0.0002930744688101
0.274903700126617,0.230354385000464,4423,4423,0.000586148937620226,0.000293074468810125
0.274664316363375,0.229819346692518,4424,4424,0.000586148937620226,0.0002930744688101
0.274903700126617,0.230354385000464,4425,4425,0.000586148937620226,0.000293074468810125
0.274664316363375,0.229819346692518,4426,4426,0.000586148937620226,0.0002930744688101
0.274903700126617,0.230354385000464,4427,4427,0.000586148937620226,0.000293074468810125
0.274664316363375,0.229819346692518,4428,4428,0.000586148937620226,0.0002930744688101
0.274903700126617,0.230354385000464,4429,4429,0.000586148937620226,0.000293074468810125
0.274664316363375,0.229819346692518,4430,4430,0.000586148937620226,0.0002930744688101
0.274903700126617,0.230354385000464,4431,4431,0.000586148937620226,0.000293074468810125
0.274664316363375,0.229819346692518,4432,4432,0.000586148937620226,0.0002930744688101
0.274903700126617,0.230354385000464,4433,4433,0.000586148937620226,0.000293074468810125
0.274664316363375,0.229819346692518,4434,4434,0.000586148937620226,0.0002930744688101
0.274903700126617,0.230354385000464,4435,4435,0.000586148937620226,0.000293074468810125
0.274664316363375,0.229819346692518,4436,4436,0.000586148937620226,0.0002930744688101
0.274903700126617,0.230354385000464,4437,4437,0.000586148937620226,0.000293074468810125
0.274664316363375,0.229819346692518,4438,4438,0.000586148937620226,0.0002930744688101
0.274903700126617,0.230354385000464,4439,4439,0.000586148937620226,0.000293074468810125
0.274664316363375,0.229819346692518,4440,4440,0.000586148937620226,0.0002930744688101
0.274903700126617,0.230354385000464,4441,4441,0.000586148937620226,0.000293074468810125
0.274664316363375,0.229819346692518,4442,4442,0.000586148937620226,0.0002930744688101
0.274903700126617,0.230354385000464,4443,4443,0.000586148937620226,0.000293074468810125
0.274664316363375,0.229819346692518,4444,4444,0.000586148937620226,0.0002930744688101
0.274903700126617,0.230354385000464,4445,4445,0.000586148937620226,0.000293074468810125
0.274664316363375,0.229819346692518,4446,4446,0.000586148937620226,0.0002930744688101
0.274903700126617,0.230354385000464,4447,4447,0.000586148937620226,0.000293074468810125
0.274664316363375,0.229819346692518,4448,4448,0.000586148937620226,0.0002930744688101
0.274903700126617,0.230354385000464,4449,4449,0.000586148937620226,0.000293074468810125
0.274664316363375,0.229819346692518,4450,4450,0.000586148937620226,0.0002930744688101
0.274903700126617,0.230354385000464,4451,4451,0.000586148937620226,0.000293074468810125
0.274664316363375,0.229819346692518,4452,4452,0.000586148937620226,0.0002930744688101
0.274903700126617,0.230354385000464,4453,4453,0.000586148937620226,0.000293074468810125
0.274664316363375,0.229819346692518,4454,4454,0.000586148937620226,0.0002930744688101
0.274903700126617,0.230354385000464,4455,4455,0.000586148937620226,0.000293074468810125
0.274664316363375,0.229819346692518,4456,4456,0.000586148937620226,0.0002930744688101
0.274903700126617,0.230354385000464,4457,4457,0.000586148937620226,0.000293074468810125
0.274664316363375,0.229819346692518,4458,4458,0.000586148937620226,0.0002930744688101
0.274903700126617,0.230354385000464,4459,4459,0.000586148937620226,0.000293074468810125
0.274664316363375,0.229819346692518,4460,4460,0.000586148937620226,0.0002930744688101
0.274903700126617,0.230354385000464,4461,4461,0.000586148937620226,0.000293074468810125
0.274664316363375,0.229819346692518,4462,4462,0.000586148937620226,0.0002930744688101
0.274903700126617,0.230354385000464,4463,4463,0.000586148937620226,0.000293074468810125
0.274664316363375,0.229819346692518,4464,4464,0.000586148937620226,0.0002930744688101
0.274903700126617,0.230354385000464,4465,4465,0.000586148937620226,0.000293074468810125
0.274664316363375,0.229819346692518,4466,4466,0.000586148937620226,0.0002930744688101
0.274903700126617,0.230354385000464,4467,4467,0.000586148937620226,0.000293074468810125
0.274664316363375,0.229819346692518,4468,4468,0.000586148937620226,0.0002930744688101
0.274903700126617,0.230354385000464,4469,4469,0.000586148937620226,0.000293074468810125
0.274664316363375,0.229819346692518,4470,4470,0.000586148937620226,0.0002930744688101
0.274903700126617,0.230354385000464,4471,4471,0.000586148937620226,0.000293074468810125
0.274664316363375,0.229819346692518,4472,4472,0.000586148937620226,0.0002930744688101
0.274903700126617,0.230354385000464,4473,4473,0.000586148937620226,0.000293074468810125
0.274664316363375,0.229819346692518,4474,4474,0.000586148937620226,0.0002930744688101
0.274903700126617,0.230354385000464,4475,4475,0.000586148937620226,0.000293074468810125
0.274664316363375,0.229819346692518,4476,4476,0.000586148937620226,0.0002930744688101
0.274903700126617,0.230354385000464,4477,4477,0.000586148937620226,0.000293074468810125
0.274664316363375,0.229819346692518,4478,4478,0.000586148937620226,0.0002930744688101
0.274903700126617,0.230354385000464,4479,4479,0.000586148937620226,0.000293074468810125
0.274664316363375,0.229819346692518,4480,4480,0.000586148937620226,0.0002930744688101
0.274903700126617,0.230354385000464,4481,4481,0.000586148937620226,0.000293074468810125
0.274664316363375,0.229819346692518,4482,4482,0.000586148937620226,0.0002930744688101
0.274903700126617,0.230354385000464,4483,4483,0.000586148937620226,0.000293074468810125
0.274664316363375,0.229819346692518,4484,4484,0.000586148937620226,0.0002930744688101
0.274903700126617,0.230354385000464,4485,4485,0.000586148937620226,0.000293074468810125
0.274664316363375,0.229819346692518,4486,4486,0.000586148937620226,0.0002930744688101
0.274903700126617,0.230354385000464,4487,4487,0.000586148937620226,0.000293074468810125
0.274664316363375,0.229819346692518,4488,4488,0.000586148937620226,0.0002930744688101
0.274903700126617,0.230354385000464,4489,4489,0.000586148937620226,0.000293074468810125
0.274664316363375,0.229819346692518,4490,4490,0.000586148937620226,0.0002930744688101
0.274903700126617,0.230354385000464,4491,4491,0.000586148937620226,0.000293074468810125
0.274664316363375,0.229819346692518,4492,4492,0.000586148937620226,0.0002930744688101
0.274903700126617,0.230354385000464,4493,4493,0.000586148937620226,0.000293074468810125
0.274664316363375,0.229819346692518,4494,4494,0.000586148937620226,0.0002930744688101
0.274903700126617,0.230354385000464,4495,4495,0.000586148937620226,0.000293074468810125
0.274664316363375,0.229819346692518,4496,4496,0.000586148937620226,0.0002930744688101
0.274903700126617,0.230354385000464,4497,4497,0.000586148937620226,0.000293074468810125
0.274664316363375,0.229819346692518,4498,4498,0.000586148937620226,0.0002930744688101
0.274903700126617,0.230354385000464,4499,4499,0.000586148937620226,0.000293074468810125
0.274664316363375,0.229819346692518,4500,4500,0.000586148937620226,0.0002930744688101
0.274903700126617,0.230354385000464,4501,4501,0.000586148937620226,0.000293074468810125
0.274664316363375,0.229819346692518,4502,4502,0.000586148937620226,0.0002930744688101
0.274903700126617,0.230354385000464,4503,4503,0.000586148937620226,0.000293074468810125
0.274664316363375,0.229819346692518,4504,4504,0.000586148937620226,0.0002930744688101
0.274903700126617,0.230354385000464,4505,4505,0.000586148937620226,0.000293074468810125
0.274664316363375,0.229819346692518,4506,4506,0.000586148937620226,0.0002930744688101
0.274903700126617,0.230354385000464,4507,4507,0.000586148937620226,0.000293074468810125
0.274664316363375,0.229819346692518,4508,4508,0.000586148937620226,0.0002930744688101
0.274903700126617,0.230354385000464,4509,4509,0.000586148937620226,0.000293074468810125
0.274664316363375,0.229819346692518,4510,4510,0.000586148937620226,0.0002930744688101
0.274903700126617,0.230354385000464,4511,4511,0.000586148937620226,0.000293074468810125
0.274664316363375,0.229819346692518,4512,4512,0.000586148937620226,0.0002930744688101
0.274903700126617,0.230354385000464,4513,4513,0.000586148937620226,0.000293074468810125
0.274664316363375,0.229819346692518,4514,4514,0.000586148937620226,0.0002930744688101
0.274903700126617,0.230354385000464,4515,4515,0.000586148937620226,0.000293074468810125
0.274664316363375,0.229819346692518,4516,4516,0.000586148937620226,0.0002930744688101
0.274903700126617,0.230354385000464,4517,4517,0.000586148937620226,0.000293074468810125
0.274664316363375,0.229819346692518,4518,4518,0.000586148937620226,0.0002930744688101
0.274903700126617,0.230354385000464,4519,4519,0.000586148937620226,0.000293074468810125
0.274664316363375,0.229819346692518,4520,4520,0.000586148937620226,0.0002930744688101
0.274903700126617,0.230354385000464,4521,4521,0.000586148937620226,0.000293074468810125
0.274664316363375,0.229819346692518,4522,4522,0.000586148937620226,0.0002930744688101
0.274903700126617,0.230354385000464,4523,4523,0.000586148937620226,0.000293074468810125
0.274664316363375,0.229819346692518,4524,4524,0.000586148937620226,0.0002930744688101
0.274903700126617,0.230354385000464,4525,4525,0.000586148937620226,0.000293074468810125
0.274664316363375,0.229819346692518,4526,4526,0.000586148937620226,0.0002930744688101
0.274903700126617,0.230354385000464,4527,4527,0.000586148937620226,0.000293074468810125
0.274664316363375,0.229819346692518,4528,4528,0.000586148937620226,0.0002930744688101
0.274903700126617,0.230354385000464,4529,4529,0.000586148937620226,0.000293074468810125
0.274664316363375,0.229819346692518,4530,4530,0.000586148937620226,0.0002930744688101
0.274903700126617,0.230354385000464,4531,4531,0.000586148937620226,0.000293074468810125
0.274664316363375,0.229819346692518,4532,4532,0.000586148937620226,0.0002930744688101
0.274903700126617,0.230354385000464,4533,4533,0.000586148937620226,0.000293074468810125
0.274664316363375,0.229819346692518,4534,4534,0.000586148937620226,0.0002930744688101
0.274903700126617,0.230354385000464,4535,4535,0.000586148937620226,0.000293074468810125
0.274664316363375,0.229819346692518,4536,4536,0.000586148937620226,0.0002930744688101
0.274903700126617,0.230354385000464,4537,4537,0.000586148937620226,0.000293074468810125
0.274664316363375,0.229819346692518,4538,4538,0.000586148937620226,0.0002930744688101
0.274903700126617,0.230354385000464,4539,4539,0.000586148937620226,0.000293074468810125
0.274664316363375,0.229819346692518,4540,4540,0.000586148937620226,0.0002930744688101
0.274903700126617,0.230354385000464,4541,4541,0.000586148937620226,0.000293074468810125
0.274664316363375,0.229819346692518,4542,4542,0.000586148937620226,0.0002930744688101
0.274903700126617,0.230354385000464,4543,4543,0.000586148937620226,0.000293074468810125
0.274664316363375,0.229819346692518,4544,4544,0.000586148937620226,0.0002930744688101
0.274903700126617,0.230354385000464,4545,4545,0.000586148937620226,0.000293074468810125
0.274664316363375,0.229819346692518,4546,4546,0.000586148937620226,0.0002930744688101
0.274903700126617,0.230354385000464,4547,4547,0.000586148937620226,0.000293074468810125
0.274664316363375,0.229819346692518,4548,4548,0.000586148937620226,0.0002930744688101
0.274903700126617,0.230354385000464,4549,4549,0.000586148937620226,0.000293074468810125
0.274664316363375,0.229819346692518,4550,4550,0.000586148937620226,0.0002930744688101
0.274903700126617,0.230354385000464,4551,4551,0.000586148937620226,0.000293074468810125
0.274664316363375,0.229819346692518,4552,4552,0.000586148937620226,0.0002930744688101
0.274903700126617,0.230354385000464,4553,4553,0.000586148937620226,0.000293074468810125
0.274664316363375,0.229819346692518,4554,4554,0.000586148937620226,0.0002930744688101
0.274903700126617,0.230354385000464,4555,4555,0.000586148937620226,0.000293074468810125
0.274664316363375,0.229819346692518,4556,4556,0.000586148937620226,0.0002930744688101
0.274903700126617,0.230354385000464,4557,4557,0.000586148937620226,0.000293074468810125
0.274664316363375,0.229819346692518,4558,4558,0.000586148937620226,0.0002930744688101
0.274903700126617,0.230354385000464,4559,4559,0.000586148937620226,0.000293074468810125
0.274664316363375,0.229819346692518,4560,4560,0.000586148937620226,0.0002930744688101
0.274903700126617,0.230354385000464,4561,4561,0.000586148937620226,0.000293074468810125
0.274664316363375,0.229819346692518,4562,4562,0.000586148937620226,0.0002930744688101
0.274903700126617,0.230354385000464,4563,4563,0.000586148937620226,0.000293074468810125
0.274664316363375,0.229819346692518,4564,4564,0.000586148937620226,0.0002930744688101
0.274903700126617,0.230354385000464,4565,4565,0.000586148937620226,0.000293074468810125
0.274664316363375,0.229819346692518,4566,4566,0.000586148937620226,0.0002930744688101
0.274903700126617,0.230354385000464,4567,4567,0.000586148937620226,0.000293074468810125
0.274664316363375,0.229819346692518,4568,4568,0.000586148937620226,0.0002930744688101
0.274903700126617,0.230354385000464,4569,4569,0.000586148937620226,0.000293074468810125
0.274664316363375,0.229819346692518,4570,4570,0.000586148937620226,0.0002930744688101
0.274903700126617,0.230354385000464,4571,4571,0.000586148937620226,0.000293074468810125
0.274664316363375,0.229819346692518,4572,4572,0.000586148937620226,0.0002930744688101
0.274903700126617,0.230354385000464,4573,4573,0.000586148937620226,0.000293074468810125
0.274664316363375,0.229819346692518,4574,4574,0.000586148937620226,0.0002930744688101
0.274903700126617,0.230354385000464,4575,4575,0.000586148937620226,0.000293074468810125
0.274664316363375,0.229819346692518,4576,4576,0.000586148937620226,0.0002930744688101
0.274903700126617,0.230354385000464,4577,4577,0.000586148937620226,0.000293074468810125
0.274664316363375,0.229819346692518,4578,4578,0.000586148937620226,0.0002930744688101
0.274903700126617,0.230354385000464,4579,4579,0.000586148937620226,0.000293074468810125
0.274664316363375,0.229819346692518,4580,4580,0.000586148937620226,0.0002930744688101
0.274903700126617,0.230354385000464,4581,4581,0.000586148937620226,0.000293074468810125
0.274664316363375,0.229819346692518,4582,4582,0.000586148937620226,0.0002930744688101
0.274903700126617,0.230354385000464,4583,4583,0.000586148937620226,0.000293074468810125
0.274664316363375,0.229819346692518,4584,4584,0.000586148937620226,0.0002930744688101
0.274903700126617,0.230354385000464,4585,4585,0.000586148937620226,0.000293074468810125
0.274664316363375,0.229819346692518,4586,4586,0.000586148937620226,0.0002930744688101
0.274903700126617,0.230354385000464,4587,4587,0.000586148937620226,0.000293074468810125
0.274664316363375,0.229819346692518,4588,4588,0.000586148937620226,0.0002930744688101
0.274903700126617,0.230354385000464,4589,4589,0.000586148937620226,0.000293074468810125
0.274664316363375,0.229819346692518,4590,4590,0.000586148937620226,0.0002930744688101
0.274903700126617,0.230354385000464,4591,4591,0.000586148937620226,0.000293074468810125
0.274664316363375,0.229819346692518,4592,4592,0.000586148937620226,0.0002930744688101
0.274903700126617,0.230354385000464,4593,4593,0.000586148937620226,0.000293074468810125
0.274664316363375,0.229819346692518,4594,4594,0.000586148937620226,0.0002930744688101
0.274903700126617,0.230354385000464,4595,4595,0.000586148937620226,0.000293074468810125
0.274664316363375,0.229819346692518,4596,4596,0.000586148937620226,0.0002930744688101
0.274903700126617,0.230354385000464,4597,4597,0.000586148937620226,0.000293074468810125
0.274664316363375,0.229819346692518,4598,4598,0.000586148937620226,0.0002930744688101
0.274903700126617,0.230354385000464,4599,4599,0.000586148937620226,0.000293074468810125
0.274664316363375,0.229819346692518,4600,4600,0.000586148937620226,0.0002930744688101
0.274903700126617,0.230354385000464,4601,4601,0.000586148937620226,0.000293074468810125
0.274664316363375,0.229819346692518,4602,4602,0.000586148937620226,0.0002930744688101
0.274903700126617,0.230354385000464,4603,4603,0.000586148937620226,0.000293074468810125
0.274664316363375,0.229819346692518,4604,4604,0.000586148937620226,0.0002930744688101
0.274903700126617,0.230354385000464,4605,4605,0.000586148937620226,0.000293074468810125
0.274664316363375,0.229819346692518,4606,4606,0.000586148937620226,0.0002930744688101
0.274903700126617,0.230354385000464,4607,4607,0.000586148937620226,0.000293074468810125
0.274664316363375,0.229819346692518,4608,4608,0.000586148937620226,0.0002930744688101
0.274903700126617,0.230354385000464,4609,4609,0.000586148937620226,0.000293074468810125
0.274664316363375,0.229819346692518,4610,4610,0.000586148937620226,0.0002930744688101
0.274903700126617,0.230354385000464,4611,4611,0.000586148937620226,0.000293074468810125
0.274664316363375,0.229819346692518,4612,4612,0.000586148937620226,0.0002930744688101
0.274903700126617,0.230354385000464,4613,4613,0.000586148937620226,0.000293074468810125
0.274664316363375,0.229819346692518,4614,4614,0.000586148937620226,0.0002930744688101
0.274903700126617,0.230354385000464,4615,4615,0.000586148937620226,0.000293074468810125
0.274664316363375,0.229819346692518,4616,4616,0.000586148937620226,0.0002930744688101
0.274903700126617,0.230354385000464,4617,4617,0.000586148937620226,0.000293074468810125
0.274664316363375,0.229819346692518,4618,4618,0.000586148937620226,0.0002930744688101
0.274903700126617,0.230354385000464,4619,4619,0.000586148937620226,0.000293074468810125
0.274664316363375,0.229819346692518,4620,4620,0.000586148937620226,0.0002930744688101
0.274903700126617,0.230354385000464,4621,4621,0.000586148937620226,0.000293074468810125
0.274664316363375,0.229819346692518,4622,4622,0.000586148937620226,0.0002930744688101
0.274903700126617,0.230354385000464,4623,4623,0.000586148937620226,0.000293074468810125
0.274664316363375,0.229819346692518,4624,4624,0.000586148937620226,0.0002930744688101
0.274903700126617,0.230354385000464,4625,4625,0.000586148937620226,0.000293074468810125
0.274664316363375,0.229819346692518,4626,4626,0.000586148937620226,0.0002930744688101
0.274903700126617,0.230354385000464,4627,4627,0.000586148937620226,0.000293074468810125
0.274664316363375,0.229819346692518,4628,4628,0.000586148937620226,0.0002930744688101
0.274903700126617,0.230354385000464,4629,4629,0.000586148937620226,0.000293074468810125
0.274664316363375,0.229819346692518,4630,4630,0.000586148937620226,0.0002930744688101
0.274903700126617,0.230354385000464,4631,4631,0.000586148937620226,0.000293074468810125
0.274664316363375,0.229819346692518,4632,4632,0.000586148937620226,0.0002930744688101
0.274903700126617,0.230354385000464,4633,4633,0.000586148937620226,0.000293074468810125
0.274664316363375,0.229819346692518,4634,4634,0.000586148937620226,0.0002930744688101
0.274903700126617,0.230354385000464,4635,4635,0.000586148937620226,0.000293074468810125
0.274664316363375,0.229819346692518,4636,4636,0.000586148937620226,0.0002930744688101
0.274903700126617,0.230354385000464,4637,4637,0.000586148937620226,0.000293074468810125
0.274664316363375,0.229819346692518,4638,4638,0.000586148937620226,0.0002930744688101
0.274903700126617,0.230354385000464,4639,4639,0.000586148937620226,0.000293074468810125
0.274664316363375,0.229819346692518,4640,4640,0.000586148937620226,0.0002930744688101
0.274903700126617,0.230354385000464,4641,4641,0.000586148937620226,0.000293074468810125
0.274664316363375,0.229819346692518,4642,4642,0.000586148937620226,0.0002930744688101
0.274903700126617,0.230354385000464,4643,4643,0.000586148937620226,0.000293074468810125
0.274664316363375,0.229819346692518,4644,4644,0.000586148937620226,0.0002930744688101
0.274903700126617,0.230354385000464,4645,4645,0.000586148937620226,0.000293074468810125
0.274664316363375,0.229819346692518,4646,4646,0.000586148937620226,0.0002930744688101
0.274903700126617,0.230354385000464,4647,4647,0.000586148937620226,0.000293074468810125
0.274664316363375,0.229819346692518,4648,4648,0.000586148937620226,0.0002930744688101
0.274903700126617,0.230354385000464,4649,4649,0.000586148937620226,0.000293074468810125
0.274664316363375,0.229819346692518,4650,4650,0.000586148937620226,0.0002930744688101
0.274903700126617,0.230354385000464,4651,4651,0.000586148937620226,0.000293074468810125
0.274664316363375,0.229819346692518,4652,4652,0.000586148937620226,0.0002930744688101
0.274903700126617,0.230354385000464,4653,4653,0.000586148937620226,0.000293074468810125
0.274664316363375,0.229819346692518,4654,4654,0.000586148937620226,0.0002930744688101
0.274903700126617,0.230354385000464,4655,4655,0.000586148937620226,0.000293074468810125
0.274664316363375,0.229819346692518,4656,4656,0.000586148937620226,0.0002930744688101
0.274903700126617,0.230354385000464,4657,4657,0.000586148937620226,0.000293074468810125
0.274664316363375,0.229819346692518,4658,4658,0.000586148937620226,0.0002930744688101
0.274903700126617,0.230354385000464,4659,4659,0.000586148937620226,0.000293074468810125
0.274664316363375,0.229819346692518,4660,4660,0.000586148937620226,0.0002930744688101
0.274903700126617,0.230354385000464,4661,4661,0.000586148937620226,0.000293074468810125
0.274664316363375,0.229819346692518,4662,4662,0.000586148937620226,0.0002930744688101
0.274903700126617,0.230354385000464,4663,4663,0.000586148937620226,0.000293074468810125
0.274664316363375,0.229819346692518,4664,4664,0.000586148937620226,0.0002930744688101
0.274903700126617,0.230354385000464,4665,4665,0.000586148937620226,0.000293074468810125
0.274664316363375,0.229819346692518,4666,4666,0.000586148937620226,0.0002930744688101
0.274903700126617,0.230354385000464,4667,4667,0.000586148937620226,0.000293074468810125
0.274664316363375,0.229819346692518,4668,4668,0.000586148937620226,0.0002930744688101
0.274903700126617,0.230354385000464,4669,4669,0.000586148937620226,0.000293074468810125
0.274664316363375,0.229819346692518,4670,4670,0.000586148937620226,0.0002930744688101
0.274903700126617,0.230354385000464,4671,4671,0.000586148937620226,0.000293074468810125
0.274664316363375,0.229819346692518,4672,4672,0.000586148937620226,0.0002930744688101
0.274903700126617,0.230354385000464,4673,4673,0.000586148937620226,0.000293074468810125
0.274664316363375,0.229819346692518,4674,4674,0.000586148937620226,0.0002930744688101
0.274903700126617,0.230354385000464,4675,4675,0.000586148937620226,0.000293074468810125
0.274664316363375,0.229819346692518,4676,4676,0.000586148937620226,0.0002930744688101
0.274903700126617,0.230354385000464,4677,4677,0.000586148937620226,0.000293074468810125
0.274664316363375,0.229819346692518,4678,4678,0.000586148937620226,0.0002930744688101
0.274903700126617,0.230354385000464,4679,4679,0.000586148937620226,0.000293074468810125
0.274664316363375,0.229819346692518,4680,4680,0.000586148937620226,0.0002930744688101
0.274903700126617,0.230354385000464,4681,4681,0.000586148937620226,0.000293074468810125
0.274664316363375,0.229819346692518,4682,4682,0.000586148937620226,0.0002930744688101
0.274903700126617,0.230354385000464,4683,4683,0.000586148937620226,0.000293074468810125
0.274664316363375,0.229819346692518,4684,4684,0.000586148937620226,0.0002930744688101
0.274903700126617,0.230354385000464,4685,4685,0.000586148937620226,0.000293074468810125
0.274664316363375,0.229819346692518,4686,4686,0.000586148937620226,0.0002930744688101
0.274903700126617,0.230354385000464,4687,4687,0.000586148937620226,0.000293074468810125
0.274664316363375,0.229819346692518,4688,4688,0.000586148937620226,0.0002930744688101
0.274903700126617,0.230354385000464,4689,4689,0.000586148937620226,0.000293074468810125
0.274664316363375,0.229819346692518,4690,4690,0.000586148937620226,0.0002930744688101
0.274903700126617,0.230354385000464,4691,4691,0.000586148937620226,0.000293074468810125
0.274664316363375,0.229819346692518,4692,4692,0.000586148937620226,0.0002930744688101
0.274903700126617,0.230354385000464,4693,4693,0.000586148937620226,0.000293074468810125
0.274664316363375,0.229819346692518,4694,4694,0.000586148937620226,0.0002930744688101
0.274903700126617,0.230354385000464,4695,4695,0.000586148937620226,0.000293074468810125
0.274664316363375,0.229819346692518,4696,4696,0.000586148937620226,0.0002930744688101
0.274903700126617,0.230354385000464,4697,4697,0.000586148937620226,0.000293074468810125
0.274664316363375,0.229819346692518,4698,4698,0.000586148937620226,0.0002930744688101
0.274903700126617,0.230354385000464,4699,4699,0.000586148937620226,0.000293074468810125
0.274664316363375,0.229819346692518,4700,4700,0.000586148937620226,0.0002930744688101
0.274903700126617,0.230354385000464,4701,4701,0.000586148937620226,0.000293074468810125
0.274664316363375,0.229819346692518,4702,4702,0.000586148937620226,0.0002930744688101
0.274903700126617,0.230354385000464,4703,4703,0.000586148937620226,0.000293074468810125
0.274664316363375,0.229819346692518,4704,4704,0.000586148937620226,0.0002930744688101
0.274903700126617,0.230354385000464,4705,4705,0.000586148937620226,0.000293074468810125
0.274664316363375,0.229819346692518,4706,4706,0.000586148937620226,0.0002930744688101
0.274903700126617,0.230354385000464,4707,4707,0.000586148937620226,0.000293074468810125
0.274664316363375,0.229819346692518,4708,4708,0.000586148937620226,0.0002930744688101
0.274903700126617,0.230354385000464,4709,4709,0.000586148937620226,0.000293074468810125
0.274664316363375,0.229819346692518,4710,4710,0.000586148937620226,0.0002930744688101
0.274903700126617,0.230354385000464,4711,4711,0.000586148937620226,0.000293074468810125
0.274664316363375,0.229819346692518,4712,4712,0.000586148937620226,0.0002930744688101
0.274903700126617,0.230354385000464,4713,4713,0.000586148937620226,0.000293074468810125
0.274664316363375,0.229819346692518,4714,4714,0.000586148937620226,0.0002930744688101
0.274903700126617,0.230354385000464,4715,4715,0.000586148937620226,0.000293074468810125
0.274664316363375,0.229819346692518,4716,4716,0.000586148937620226,0.0002930744688101
0.274903700126617,0.230354385000464,4717,4717,0.000586148937620226,0.000293074468810125
0.274664316363375,0.229819346692518,4718,4718,0.000586148937620226,0.0002930744688101
0.274903700126617,0.230354385000464,4719,4719,0.000586148937620226,0.000293074468810125
0.274664316363375,0.229819346692518,4720,4720,0.000586148937620226,0.0002930744688101
0.274903700126617,0.230354385000464,4721,4721,0.000586148937620226,0.000293074468810125
0.274664316363375,0.229819346692518,4722,4722,0.000586148937620226,0.0002930744688101
0.274903700126617,0.230354385000464,4723,4723,0.000586148937620226,0.000293074468810125
0.274664316363375,0.229819346692518,4724,4724,0.000586148937620226,0.0002930744688101
0.274903700126617,0.230354385000464,4725,4725,0.000586148937620226,0.000293074468810125
0.274664316363375,0.229819346692518,4726,4726,0.000586148937620226,0.0002930744688101
0.274903700126617,0.230354385000464,4727,4727,0.000586148937620226,0.000293074468810125
0.274664316363375,0.229819346692518,4728,4728,0.000586148937620226,0.0002930744688101
0.274903700126617,0.230354385000464,4729,4729,0.000586148937620226,0.000293074468810125
0.274664316363375,0.229819346692518,4730,4730,0.000586148937620226,0.0002930744688101
0.274903700126617,0.230354385000464,4731,4731,0.000586148937620226,0.000293074468810125
0.274664316363375,0.229819346692518,4732,4732,0.000586148937620226,0.0002930744688101
0.274903700126617,0.230354385000464,4733,4733,0.000586148937620226,0.000293074468810125
0.274664316363375,0.229819346692518,4734,4734,0.000586148937620226,0.0002930744688101
0.274903700126617,0.230354385000464,4735,4735,0.000586148937620226,0.000293074468810125
0.274664316363375,0.229819346692518,4736,4736,0.000586148937620226,0.0002930744688101
0.274903700126617,0.230354385000464,4737,4737,0.000586148937620226,0.000293074468810125
0.274664316363375,0.229819346692518,4738,4738,0.000586148937620226,0.0002930744688101
0.274903700126617,0.230354385000464,4739,4739,0.000586148937620226,0.000293074468810125
0.274664316363375,0.229819346692518,4740,4740,0.000586148937620226,0.0002930744688101
0.274903700126617,0.230354385000464,4741,4741,0.000586148937620226,0.000293074468810125
0.274664316363375,0.229819346692518,4742,4742,0.000586148937620226,0.0002930744688101
0.274903700126617,0.230354385000464,4743,4743,0.000586148937620226,0.000293074468810125
0.274664316363375,0.229819346692518,4744,4744,0.000586148937620226,0.0002930744688101
0.274903700126617,0.230354385000464,4745,4745,0.000586148937620226,0.000293074468810125
0.274664316363375,0.229819346692518,4746,4746,0.000586148937620226,0.0002930744688101
0.274903700126617,0.230354385000464,4747,4747,0.000586148937620226,0.000293074468810125
0.274664316363375,0.229819346692518,4748,4748,0.000586148937620226,0.0002930744688101
0.274903700126617,0.230354385000464,4749,4749,0.000586148937620226,0.000293074468810125
0.274664316363375,0.229819346692518,4750,4750,0.000586148937620226,0.0002930744688101
0.274903700126617,0.230354385000464,4751,4751,0.000586148937620226,0.000293074468810125
0.274664316363375,0.229819346692518,4752,4752,0.000586148937620226,0.0002930744688101
0.274903700126617,0.230354385000464,4753,4753,0.000586148937620226,0.000293074468810125
0.274664316363375,0.229819346692518,4754,4754,0.000586148937620226,0.0002930744688101
0.274903700126617,0.230354385000464,4755,4755,0.000586148937620226,0.000293074468810125
0.274664316363375,0.229819346692518,4756,4756,0.000586148937620226,0.0002930744688101
0.274903700126617,0.230354385000464,4757,4757,0.000586148937620226,0.000293074468810125
0.274664316363375,0.229819346692518,4758,4758,0.000586148937620226,0.0002930744688101
0.274903700126617,0.230354385000464,4759,4759,0.000586148937620226,0.000293074468810125
0.274664316363375,0.229819346692518,4760,4760,0.000586148937620226,0.0002930744688101
0.274903700126617,0.230354385000464,4761,4761,0.000586148937620226,0.000293074468810125
0.274664316363375,0.229819346692518,4762,4762,0.000586148937620226,0.0002930744688101
0.274903700126617,0.230354385000464,4763,4763,0.000586148937620226,0.000293074468810125
0.274664316363375,0.229819346692518,4764,4764,0.000586148937620226,0.0002930744688101
0.274903700126617,0.230354385000464,4765,4765,0.000586148937620226,0.000293074468810125
0.274664316363375,0.229819346692518,4766,4766,0.000586148937620226,0.0002930744688101
0.274903700126617,0.230354385000464,4767,4767,0.000586148937620226,0.000293074468810125
0.274664316363375,0.229819346692518,4768,4768,0.000586148937620226,0.0002930744688101
0.274903700126617,0.230354385000464,4769,4769,0.000586148937620226,0.000293074468810125
0.274664316363375,0.229819346692518,4770,4770,0.000586148937620226,0.0002930744688101
0.274903700126617,0.230354385000464,4771,4771,0.000586148937620226,0.000293074468810125
0.274664316363375,0.229819346692518,4772,4772,0.000586148937620226,0.0002930744688101
0.274903700126617,0.230354385000464,4773,4773,0.000586148937620226,0.000293074468810125
0.274664316363375,0.229819346692518,4774,4774,0.000586148937620226,0.0002930744688101
0.274903700126617,0.230354385000464,4775,4775,0.000586148937620226,0.000293074468810125
0.274664316363375,0.229819346692518,4776,4776,0.000586148937620226,0.0002930744688101
0.274903700126617,0.230354385000464,4777,4777,0.000586148937620226,0.000293074468810125
0.274664316363375,0.229819346692518,4778,4778,0.000586148937620226,0.0002930744688101
0.274903700126617,0.230354385000464,4779,4779,0.000586148937620226,0.000293074468810125
0.274664316363375,0.229819346692518,4780,4780,0.000586148937620226,0.0002930744688101
0.274903700126617,0.230354385000464,4781,4781,0.000586148937620226,0.000293074468810125
0.274664316363375,0.229819346692518,4782,4782,0.000586148937620226,0.0002930744688101
0.274903700126617,0.230354385000464,4783,4783,0.000586148937620226,0.000293074468810125
0.274664316363375,0.229819346692518,4784,4784,0.000586148937620226,0.0002930744688101
0.274903700126617,0.230354385000464,4785,4785,0.000586148937620226,0.000293074468810125
0.274664316363375,0.229819346692518,4786,4786,0.000586148937620226,0.0002930744688101
0.274903700126617,0.230354385000464,4787,4787,0.000586148937620226,0.000293074468810125
0.274664316363375,0.229819346692518,4788,4788,0.000586148937620226,0.0002930744688101
0.274903700126617,0.230354385000464,4789,4789,0.000586148937620226,0.000293074468810125
0.274664316363375,0.229819346692518,4790,4790,0.000586148937620226,0.0002930744688101
0.274903700126617,0.230354385000464,4791,4791,0.000586148937620226,0.000293074468810125
0.274664316363375,0.229819346692518,4792,4792,0.000586148937620226,0.0002930744688101
0.274903700126617,0.230354385000464,4793,4793,0.000586148937620226,0.000293074468810125
0.274664316363375,0.229819346692518,4794,4794,0.000586148937620226,0.0002930744688101
0.274903700126617,0.230354385000464,4795,4795,0.000586148937620226,0.000293074468810125
0.274664316363375,0.229819346692518,4796,4796,0.000586148937620226,0.0002930744688101
0.274903700126617,0.230354385000464,4797,4797,0.000586148937620226,0.000293074468810125
0.274664316363375,0.229819346692518,4798,4798,0.000586148937620226,0.0002930744688101
0.274903700126617,0.230354385000464,4799,4799,0.000586148937620226,0.000293074468810125
0.274664316363375,0.229819346692518,4800,4800,0.000586148937620226,0.0002930744688101
0.274903700126617,0.230354385000464,4801,4801,0.000586148937620226,0.000293074468810125
0.274664316363375,0.229819346692518,4802,4802,0.000586148937620226,0.0002930744688101
0.274903700126617,0.230354385000464,4803,4803,0.000586148937620226,0.000293074468810125
0.274664316363375,0.229819346692518,4804,4804,0.000586148937620226,0.0002930744688101
0.274903700126617,0.230354385000464,4805,4805,0.000586148937620226,0.000293074468810125
0.274664316363375,0.229819346692518,4806,4806,0.000586148937620226,0.0002930744688101
0.274903700126617,0.230354385000464,4807,4807,0.000586148937620226,0.000293074468810125
0.274664316363375,0.229819346692518,4808,4808,0.000586148937620226,0.0002930744688101
0.274903700126617,0.230354385000464,4809,4809,0.000586148937620226,0.000293074468810125
0.274664316363375,0.229819346692518,4810,4810,0.000586148937620226,0.0002930744688101
0.274903700126617,0.230354385000464,4811,4811,0.000586148937620226,0.000293074468810125
0.274664316363375,0.229819346692518,4812,4812,0.000586148937620226,0.0002930744688101
0.274903700126617,0.230354385000464,4813,4813,0.000586148937620226,0.000293074468810125
0.274664316363375,0.229819346692518,4814,4814,0.000586148937620226,0.0002930744688101
0.274903700126617,0.230354385000464,4815,4815,0.000586148937620226,0.000293074468810125
0.274664316363375,0.229819346692518,4816,4816,0.000586148937620226,0.0002930744688101
0.274903700126617,0.230354385000464,4817,4817,0.000586148937620226,0.000293074468810125
0.274664316363375,0.229819346692518,4818,4818,0.000586148937620226,0.0002930744688101
0.274903700126617,0.230354385000464,4819,4819,0.000586148937620226,0.000293074468810125
0.274664316363375,0.229819346692518,4820,4820,0.000586148937620226,0.0002930744688101
0.274903700126617,0.230354385000464,4821,4821,0.000586148937620226,0.000293074468810125
0.274664316363375,0.229819346692518,4822,4822,0.000586148937620226,0.0002930744688101
0.274903700126617,0.230354385000464,4823,4823,0.000586148937620226,0.000293074468810125
0.274664316363375,0.229819346692518,4824,4824,0.000586148937620226,0.0002930744688101
0.274903700126617,0.230354385000464,4825,4825,0.000586148937620226,0.000293074468810125
0.274664316363375,0.229819346692518,4826,4826,0.000586148937620226,0.0002930744688101
0.274903700126617,0.230354385000464,4827,4827,0.000586148937620226,0.000293074468810125
0.274664316363375,0.229819346692518,4828,4828,0.000586148937620226,0.0002930744688101
0.274903700126617,0.230354385000464,4829,4829,0.000586148937620226,0.000293074468810125
0.274664316363375,0.229819346692518,4830,4830,0.000586148937620226,0.0002930744688101
0.274903700126617,0.230354385000464,4831,4831,0.000586148937620226,0.000293074468810125
0.274664316363375,0.229819346692518,4832,4832,0.000586148937620226,0.0002930744688101
0.274903700126617,0.230354385000464,4833,4833,0.000586148937620226,0.000293074468810125
0.274664316363375,0.229819346692518,4834,4834,0.000586148937620226,0.0002930744688101
0.274903700126617,0.230354385000464,4835,4835,0.000586148937620226,0.000293074468810125
0.274664316363375,0.229819346692518,4836,4836,0.000586148937620226,0.0002930744688101
0.274903700126617,0.230354385000464,4837,4837,0.000586148937620226,0.000293074468810125
0.274664316363375,0.229819346692518,4838,4838,0.000586148937620226,0.0002930744688101
0.274903700126617,0.230354385000464,4839,4839,0.000586148937620226,0.000293074468810125
0.274664316363375,0.229819346692518,4840,4840,0.000586148937620226,0.0002930744688101
0.274903700126617,0.230354385000464,4841,4841,0.000586148937620226,0.000293074468810125
0.274664316363375,0.229819346692518,4842,4842,0.000586148937620226,0.0002930744688101
0.274903700126617,0.230354385000464,4843,4843,0.000586148937620226,0.000293074468810125
0.274664316363375,0.229819346692518,4844,4844,0.000586148937620226,0.0002930744688101
0.274903700126617,0.230354385000464,4845,4845,0.000586148937620226,0.000293074468810125
0.274664316363375,0.229819346692518,4846,4846,0.000586148937620226,0.0002930744688101
0.274903700126617,0.230354385000464,4847,4847,0.000586148937620226,0.000293074468810125
0.274664316363375,0.229819346692518,4848,4848,0.000586148937620226,0.0002930744688101
0.274903700126617,0.230354385000464,4849,4849,0.000586148937620226,0.000293074468810125
0.274664316363375,0.229819346692518,4850,4850,0.000586148937620226,0.0002930744688101
0.274903700126617,0.230354385000464,4851,4851,0.000586148937620226,0.000293074468810125
0.274664316363375,0.229819346692518,4852,4852,0.000586148937620226,0.0002930744688101
0.274903700126617,0.230354385000464,4853,4853,0.000586148937620226,0.000293074468810125
0.274664316363375,0.229819346692518,4854,4854,0.000586148937620226,0.0002930744688101
0.274903700126617,0.230354385000464,4855,4855,0.000586148937620226,0.000293074468810125
0.274664316363375,0.229819346692518,4856,4856,0.000586148937620226,0.0002930744688101
0.274903700126617,0.230354385000464,4857,4857,0.000586148937620226,0.000293074468810125
0.274664316363375,0.229819346692518,4858,4858,0.000586148937620226,0.0002930744688101
0.274903700126617,0.230354385000464,4859,4859,0.000586148937620226,0.000293074468810125
0.274664316363375,0.229819346692518,4860,4860,0.000586148937620226,0.0002930744688101
0.274903700126617,0.230354385000464,4861,4861,0.000586148937620226,0.000293074468810125
0.274664316363375,0.229819346692518,4862,4862,0.000586148937620226,0.0002930744688101
0.274903700126617,0.230354385000464,4863,4863,0.000586148937620226,0.000293074468810125
0.274664316363375,0.229819346692518,4864,4864,0.000586148937620226,0.0002930744688101
0.274903700126617,0.230354385000464,4865,4865,0.000586148937620226,0.000293074468810125
0.274664316363375,0.229819346692518,4866,4866,0.000586148937620226,0.0002930744688101
0.274903700126617,0.230354385000464,4867,4867,0.000586148937620226,0.000293074468810125
0.274664316363375,0.229819346692518,4868,4868,0.000586148937620226,0.0002930744688101
0.274903700126617,0.230354385000464,4869,4869,0.000586148937620226,0.000293074468810125
0.274664316363375,0.229819346692518,4870,4870,0.000586148937620226,0.0002930744688101
0.274903700126617,0.230354385000464,4871,4871,0.000586148937620226,0.000293074468810125
0.274664316363375,0.229819346692518,4872,4872,0.000586148937620226,0.0002930744688101
0.274903700126617,0.230354385000464,4873,4873,0.000586148937620226,0.000293074468810125
0.274664316363375,0.229819346692518,4874,4874,0.000586148937620226,0.0002930744688101
0.274903700126617,0.230354385000464,4875,4875,0.000586148937620226,0.000293074468810125
0.274664316363375,0.229819346692518,4876,4876,0.000586148937620226,0.0002930744688101
0.274903700126617,0.230354385000464,4877,4877,0.000586148937620226,0.000293074468810125
0.274664316363375,0.229819346692518,4878,4878,0.000586148937620226,0.0002930744688101
0.274903700126617,0.230354385000464,4879,4879,0.000586148937620226,0.000293074468810125
0.274664316363375,0.229819346692518,4880,4880,0.000586148937620226,0.0002930744688101
0.274903700126617,0.230354385000464,4881,4881,0.000586148937620226,0.000293074468810125
0.274664316363375,0.229819346692518,4882,4882,0.000586148937620226,0.0002930744688101
0.274903700126617,0.230354385000464,4883,4883,0.000586148937620226,0.000293074468810125
0.274664316363375,0.229819346692518,4884,4884,0.000586148937620226,0.0002930744688101
0.274903700126617,0.230354385000464,4885,4885,0.000586148937620226,0.000293074468810125
0.274664316363375,0.229819346692518,4886,4886,0.000586148937620226,0.0002930744688101
0.274903700126617,0.230354385000464,4887,4887,0.000586148937620226,0.000293074468810125
0.274664316363375,0.229819346692518,4888,4888,0.000586148937620226,0.0002930744688101
0.274903700126617,0.230354385000464,4889,4889,0.000586148937620226,0.000293074468810125
0.274664316363375,0.229819346692518,4890,4890,0.000586148937620226,0.0002930744688101
0.274903700126617,0.230354385000464,4891,4891,0.000586148937620226,0.000293074468810125
0.274664316363375,0.229819346692518,4892,4892,0.000586148937620226,0.0002930744688101
0.274903700126617,0.230354385000464,4893,4893,0.000586148937620226,0.000293074468810125
0.274664316363375,0.229819346692518,4894,4894,0.000586148937620226,0.0002930744688101
0.274903700126617,0.230354385000464,4895,4895,0.000586148937620226,0.000293074468810125
0.274664316363375,0.229819346692518,4896,4896,0.000586148937620226,0.0002930744688101
0.274903700126617,0.230354385000464,4897,4897,0.000586148937620226,0.000293074468810125
0.274664316363375,0.229819346692518,4898,4898,0.000586148937620226,0.0002930744688101
0.274903700126617,0.230354385000464,4899,4899,0.000586148937620226,0.000293074468810125
0.274664316363375,0.229819346692518,4900,4900,0.000586148937620226,0.0002930744688101
0.274903700126617,0.230354385000464,4901,4901,0.000586148937620226,0.000293074468810125
0.274664316363375,0.229819346692518,4902,4902,0.000586148937620226,0.0002930744688101
0.274903700126617,0.230354385000464,4903,4903,0.000586148937620226,0.000293074468810125
0.274664316363375,0.229819346692518,4904,4904,0.000586148937620226,0.0002930744688101
0.274903700126617,0.230354385000464,4905,4905,0.000586148937620226,0.000293074468810125
0.274664316363375,0.229819346692518,4906,4906,0.000586148937620226,0.0002930744688101
0.274903700126617,0.230354385000464,4907,4907,0.000586148937620226,0.000293074468810125
0.274664316363375,0.229819346692518,4908,4908,0.000586148937620226,0.0002930744688101
0.274903700126617,0.230354385000464,4909,4909,0.000586148937620226,0.000293074468810125
0.274664316363375,0.229819346692518,4910,4910,0.000586148937620226,0.0002930744688101
0.274903700126617,0.230354385000464,4911,4911,0.000586148937620226,0.000293074468810125
0.274664316363375,0.229819346692518,4912,4912,0.000586148937620226,0.0002930744688101
0.274903700126617,0.230354385000464,4913,4913,0.000586148937620226,0.000293074468810125
0.274664316363375,0.229819346692518,4914,4914,0.000586148937620226,0.0002930744688101
0.274903700126617,0.230354385000464,4915,4915,0.000586148937620226,0.000293074468810125
0.274664316363375,0.229819346692518,4916,4916,0.000586148937620226,0.0002930744688101
0.274903700126617,0.230354385000464,4917,4917,0.000586148937620226,0.000293074468810125
0.274664316363375,0.229819346692518,4918,4918,0.000586148937620226,0.0002930744688101
0.274903700126617,0.230354385000464,4919,4919,0.000586148937620226,0.000293074468810125
0.274664316363375,0.229819346692518,4920,4920,0.000586148937620226,0.0002930744688101
0.274903700126617,0.230354385000464,4921,4921,0.000586148937620226,0.000293074468810125
0.274664316363375,0.229819346692518,4922,4922,0.000586148937620226,0.0002930744688101
0.274903700126617,0.230354385000464,4923,4923,0.000586148937620226,0.000293074468810125
0.274664316363375,0.229819346692518,4924,4924,0.000586148937620226,0.0002930744688101
0.274903700126617,0.230354385000464,4925,4925,0.000586148937620226,0.000293074468810125
0.274664316363375,0.229819346692518,4926,4926,0.000586148937620226,0.0002930744688101
0.274903700126617,0.230354385000464,4927,4927,0.000586148937620226,0.000293074468810125
0.274664316363375,0.229819346692518,4928,4928,0.000586148937620226,0.0002930744688101
0.274903700126617,0.230354385000464,4929,4929,0.000586148937620226,0.000293074468810125
0.274664316363375,0.229819346692518,4930,4930,0.000586148937620226,0.0002930744688101
0.274903700126617,0.230354385000464,4931,4931,0.000586148937620226,0.000293074468810125
0.274664316363375,0.229819346692518,4932,4932,0.000586148937620226,0.0002930744688101
0.274903700126617,0.230354385000464,4933,4933,0.000586148937620226,0.000293074468810125
0.274664316363375,0.229819346692518,4934,4934,0.000586148937620226,0.0002930744688101
0.274903700126617,0.230354385000464,4935,4935,0.000586148937620226,0.000293074468810125
0.274664316363375,0.229819346692518,4936,4936,0.000586148937620226,0.0002930744688101
0.274903700126617,0.230354385000464,4937,4937,0.000586148937620226,0.000293074468810125
0.274664316363375,0.229819346692518,4938,4938,0.000586148937620226,0.0002930744688101
0.274903700126617,0.230354385000464,4939,4939,0.000586148937620226,0.000293074468810125
0.274664316363375,0.229819346692518,4940,4940,0.000586148937620226,0.0002930744688101
0.274903700126617,0.230354385000464,4941,4941,0.000586148937620226,0.000293074468810125
0.274664316363375,0.229819346692518,4942,4942,0.000586148937620226,0.0002930744688101
0.274903700126617,0.230354385000464,4943,4943,0.000586148937620226,0.000293074468810125
0.274664316363375,0.229819346692518,4944,4944,0.000586148937620226,0.0002930744688101
0.274903700126617,0.230354385000464,4945,4945,0.000586148937620226,0.000293074468810125
0.274664316363375,0.229819346692518,4946,4946,0.000586148937620226,0.0002930744688101
0.274903700126617,0.230354385000464,4947,4947,0.000586148937620226,0.000293074468810125
0.274664316363375,0.229819346692518,4948,4948,0.000586148937620226,0.0002930744688101
0.274903700126617,0.230354385000464,4949,4949,0.000586148937620226,0.000293074468810125
0.274664316363375,0.229819346692518,4950,4950,0.000586148937620226,0.0002930744688101
0.274903700126617,0.230354385000464,4951,4951,0.000586148937620226,0.000293074468810125
0.274664316363375,0.229819346692518,4952,4952,0.000586148937620226,0.0002930744688101
0.274903700126617,0.230354385000464,4953,4953,0.000586148937620226,0.000293074468810125
0.274664316363375,0.229819346692518,4954,4954,0.000586148937620226,0.0002930744688101
0.274903700126617,0.230354385000464,4955,4955,0.000586148937620226,0.000293074468810125
0.274664316363375,0.229819346692518,4956,4956,0.000586148937620226,0.0002930744688101
0.274903700126617,0.230354385000464,4957,4957,0.000586148937620226,0.000293074468810125
0.274664316363375,0.229819346692518,4958,4958,0.000586148937620226,0.0002930744688101
0.274903700126617,0.230354385000464,4959,4959,0.000586148937620226,0.000293074468810125
0.274664316363375,0.229819346692518,4960,4960,0.000586148937620226,0.0002930744688101
0.274903700126617,0.230354385000464,4961,4961,0.000586148937620226,0.000293074468810125
0.274664316363375,0.229819346692518,4962,4962,0.000586148937620226,0.0002930744688101
0.274903700126617,0.230354385000464,4963,4963,0.000586148937620226,0.000293074468810125
0.274664316363375,0.229819346692518,4964,4964,0.000586148937620226,0.0002930744688101
0.274903700126617,0.230354385000464,4965,4965,0.000586148937620226,0.000293074468810125
0.274664316363375,0.229819346692518,4966,4966,0.000586148937620226,0.0002930744688101
0.274903700126617,0.230354385000464,4967,4967,0.000586148937620226,0.000293074468810125
0.274664316363375,0.229819346692518,4968,4968,0.000586148937620226,0.0002930744688101
0.274903700126617,0.230354385000464,4969,4969,0.000586148937620226,0.000293074468810125
0.274664316363375,0.229819346692518,4970,4970,0.000586148937620226,0.0002930744688101
0.274903700126617,0.230354385000464,4971,4971,0.000586148937620226,0.000293074468810125
0.274664316363375,0.229819346692518,4972,4972,0.000586148937620226,0.0002930744688101
0.274903700126617,0.230354385000464,4973,4973,0.000586148937620226,0.000293074468810125
0.274664316363375,0.229819346692518,4974,4974,0.000586148937620226,0.0002930744688101
0.274903700126617,0.230354385000464,4975,4975,0.000586148937620226,0.000293074468810125
0.274664316363375,0.229819346692518,4976,4976,0.000586148937620226,0.0002930744688101
0.274903700126617,0.230354385000464,4977,4977,0.000586148937620226,0.000293074468810125
0.274664316363375,0.229819346692518,4978,4978,0.000586148937620226,0.0002930744688101
0.274903700126617,0.230354385000464,4979,4979,0.000586148937620226,0.000293074468810125
0.274664316363375,0.229819346692518,4980,4980,0.000586148937620226,0.0002930744688101
0.274903700126617,0.230354385000464,4981,4981,0.000586148937620226,0.000293074468810125
0.274664316363375,0.229819346692518,4982,4982,0.000586148937620226,0.0002930744688101
0.274903700126617,0.230354385000464,4983,4983,0.000586148937620226,0.000293074468810125
0.274664316363375,0.229819346692518,4984,4984,0.000586148937620226,0.0002930744688101
0.274903700126617,0.230354385000464,4985,4985,0.000586148937620226,0.000293074468810125
0.274664316363375,0.229819346692518,4986,4986,0.000586148937620226,0.0002930744688101
0.274903700126617,0.230354385000464,4987,4987,0.000586148937620226,0.000293074468810125
0.274664316363375,0.229819346692518,4988,4988,0.000586148937620226,0.0002930744688101
0.274903700126617,0.230354385000464,4989,4989,0.000586148937620226,0.000293074468810125
0.274664316363375,0.229819346692518,4990,4990,0.000586148937620226,0.0002930744688101
0.274903700126617,0.230354385000464,4991,4991,0.000586148937620226,0.000293074468810125
0.274664316363375,0.229819346692518,4992,4992,0.000586148937620226,0.0002930744688101
0.274903700126617,0.230354385000464,4993,4993,0.000586148937620226,0.000293074468810125
0.274664316363375,0.229819346692518,4994,4994,0.000586148937620226,0.0002930744688101
0.274903700126617,0.230354385000464,4995,4995,0.000586148937620226,0.000293074468810125
0.274664316363375,0.229819346692518,4996,4996,0.000586148937620226,0.0002930744688101
0.274903700126617,0.230354385000464,4997,4997,0.000586148937620226,0.000293074468810125
0.274664316363375,0.229819346692518,4998,4998,0.000586148937620226,0.0002930744688101
0.274903700126617,0.230354385000464,4999,4999,0.000586148937620226,0.000293074468810125
0.274664316363375,0.229819346692518,5000,5000,0.000586148937620226,0.0002930744688101
0.274903700126617,0.230354385000464,5001,5001,0.000586148937620226,0.000293074468810125
0.274664316363375,0.229819346692518,5002,5002,0.000586148937620226,0.0002930744688101
0.274903700126617,0.230354385000464,5003,5003,0.000586148937620226,0.000293074468810125
0.274664316363375,0.229819346692518,5004,5004,0.000586148937620226,0.0002930744688101
0.274903700126617,0.230354385000464,5005,5005,0.000586148937620226,0.000293074468810125
0.274664316363375,0.229819346692518,5006,5006,0.000586148937620226,0.0002930744688101
0.274903700126617,0.230354385000464,5007,5007,0.000586148937620226,0.000293074468810125
0.274664316363375,0.229819346692518,5008,5008,0.000586148937620226,0.0002930744688101
0.274903700126617,0.230354385000464,5009,5009,0.000586148937620226,0.000293074468810125
0.274664316363375,0.229819346692518,5010,5010,0.000586148937620226,0.0002930744688101
0.274903700126617,0.230354385000464,5011,5011,0.000586148937620226,0.000293074468810125
0.274664316363375,0.229819346692518,5012,5012,0.000586148937620226,0.0002930744688101
0.274903700126617,0.230354385000464,5013,5013,0.000586148937620226,0.000293074468810125
0.274664316363375,0.229819346692518,5014,5014,0.000586148937620226,0.0002930744688101
0.274903700126617,0.230354385000464,5015,5015,0.000586148937620226,0.000293074468810125
0.274664316363375,0.229819346692518,5016,5016,0.000586148937620226,0.0002930744688101
0.274903700126617,0.230354385000464,5017,5017,0.000586148937620226,0.000293074468810125
0.274664316363375,0.229819346692518,5018,5018,0.000586148937620226,0.0002930744688101
0.274903700126617,0.230354385000464,5019,5019,0.000586148937620226,0.000293074468810125
0.274664316363375,0.229819346692518,5020,5020,0.000586148937620226,0.0002930744688101
0.274903700126617,0.230354385000464,5021,5021,0.000586148937620226,0.000293074468810125
0.274664316363375,0.229819346692518,5022,5022,0.000586148937620226,0.0002930744688101
0.274903700126617,0.230354385000464,5023,5023,0.000586148937620226,0.000293074468810125
0.274664316363375,0.229819346692518,5024,5024,0.000586148937620226,0.0002930744688101
0.274903700126617,0.230354385000464,5025,5025,0.000586148937620226,0.000293074468810125
0.274664316363375,0.229819346692518,5026,5026,0.000586148937620226,0.0002930744688101
0.274903700126617,0.230354385000464,5027,5027,0.000586148937620226,0.000293074468810125
0.274664316363375,0.229819346692518,5028,5028,0.000586148937620226,0.0002930744688101
0.274903700126617,0.230354385000464,5029,5029,0.000586148937620226,0.000293074468810125
0.274664316363375,0.229819346692518,5030,5030,0.000586148937620226,0.0002930744688101
0.274903700126617,0.230354385000464,5031,5031,0.000586148937620226,0.000293074468810125
0.274664316363375,0.229819346692518,5032,5032,0.000586148937620226,0.0002930744688101
0.274903700126617,0.230354385000464,5033,5033,0.000586148937620226,0.000293074468810125
0.274664316363375,0.229819346692518,5034,5034,0.000586148937620226,0.0002930744688101
0.274903700126617,0.230354385000464,5035,5035,0.000586148937620226,0.000293074468810125
0.274664316363375,0.229819346692518,5036,5036,0.000586148937620226,0.0002930744688101
0.274903700126617,0.230354385000464,5037,5037,0.000586148937620226,0.000293074468810125
0.274664316363375,0.229819346692518,5038,5038,0.000586148937620226,0.0002930744688101
0.274903700126617,0.230354385000464,5039,5039,0.000586148937620226,0.000293074468810125
0.274664316363375,0.229819346692518,5040,5040,0.000586148937620226,0.0002930744688101
0.274903700126617,0.230354385000464,5041,5041,0.000586148937620226,0.000293074468810125
0.274664316363375,0.229819346692518,5042,5042,0.000586148937620226,0.0002930744688101
0.274903700126617,0.230354385000464,5043,5043,0.000586148937620226,0.000293074468810125
0.274664316363375,0.229819346692518,5044,5044,0.000586148937620226,0.0002930744688101
0.274903700126617,0.230354385000464,5045,5045,0.000586148937620226,0.000293074468810125
0.274664316363375,0.229819346692518,5046,5046,0.000586148937620226,0.0002930744688101
0.274903700126617,0.230354385000464,5047,5047,0.000586148937620226,0.000293074468810125
0.274664316363375,0.229819346692518,5048,5048,0.000586148937620226,0.0002930744688101
0.274903700126617,0.230354385000464,5049,5049,0.000586148937620226,0.000293074468810125
0.274664316363375,0.229819346692518,5050,5050,0.000586148937620226,0.0002930744688101
0.274903700126617,0.230354385000464,5051,5051,0.000586148937620226,0.000293074468810125
0.274664316363375,0.229819346692518,5052,5052,0.000586148937620226,0.0002930744688101
0.274903700126617,0.230354385000464,5053,5053,0.000586148937620226,0.000293074468810125
0.274664316363375,0.229819346692518,5054,5054,0.000586148937620226,0.0002930744688101
0.274903700126617,0.230354385000464,5055,5055,0.000586148937620226,0.000293074468810125
0.274664316363375,0.229819346692518,5056,5056,0.000586148937620226,0.0002930744688101
0.274903700126617,0.230354385000464,5057,5057,0.000586148937620226,0.000293074468810125
0.274664316363375,0.229819346692518,5058,5058,0.000586148937620226,0.0002930744688101
0.274903700126617,0.230354385000464,5059,5059,0.000586148937620226,0.000293074468810125
0.274664316363375,0.229819346692518,5060,5060,0.000586148937620226,0.0002930744688101
0.274903700126617,0.230354385000464,5061,5061,0.000586148937620226,0.000293074468810125
0.274664316363375,0.229819346692518,5062,5062,0.000586148937620226,0.0002930744688101
0.274903700126617,0.230354385000464,5063,5063,0.000586148937620226,0.000293074468810125
0.274664316363375,0.229819346692518,5064,5064,0.000586148937620226,0.0002930744688101
0.274903700126617,0.230354385000464,5065,5065,0.000586148937620226,0.000293074468810125
0.274664316363375,0.229819346692518,5066,5066,0.000586148937620226,0.0002930744688101
0.274903700126617,0.230354385000464,5067,5067,0.000586148937620226,0.000293074468810125
0.274664316363375,0.229819346692518,5068,5068,0.000586148937620226,0.0002930744688101
0.274903700126617,0.230354385000464,5069,5069,0.000586148937620226,0.000293074468810125
0.274664316363375,0.229819346692518,5070,5070,0.000586148937620226,0.0002930744688101
0.274903700126617,0.230354385000464,5071,5071,0.000586148937620226,0.000293074468810125
0.274664316363375,0.229819346692518,5072,5072,0.000586148937620226,0.0002930744688101
0.274903700126617,0.230354385000464,5073,5073,0.000586148937620226,0.000293074468810125
0.274664316363375,0.229819346692518,5074,5074,0.000586148937620226,0.0002930744688101
0.274903700126617,0.230354385000464,5075,5075,0.000586148937620226,0.000293074468810125
0.274664316363375,0.229819346692518,5076,5076,0.000586148937620226,0.0002930744688101
0.274903700126617,0.230354385000464,5077,5077,0.000586148937620226,0.000293074468810125
0.274664316363375,0.229819346692518,5078,5078,0.000586148937620226,0.0002930744688101
0.274903700126617,0.230354385000464,5079,5079,0.000586148937620226,0.000293074468810125
0.274664316363375,0.229819346692518,5080,5080,0.000586148937620226,0.0002930744688101
0.274903700126617,0.230354385000464,5081,5081,0.000586148937620226,0.000293074468810125
0.274664316363375,0.229819346692518,5082,5082,0.000586148937620226,0.0002930744688101
0.274903700126617,0.230354385000464,5083,5083,0.000586148937620226,0.000293074468810125
0.274664316363375,0.229819346692518,5084,5084,0.000586148937620226,0.0002930744688101
0.274903700126617,0.230354385000464,5085,5085,0.000586148937620226,0.000293074468810125
0.274664316363375,0.229819346692518,5086,5086,0.000586148937620226,0.0002930744688101
0.274903700126617,0.230354385000464,5087,5087,0.000586148937620226,0.000293074468810125
0.274664316363375,0.229819346692518,5088,5088,0.000586148937620226,0.0002930744688101
0.274903700126617,0.230354385000464,5089,5089,0.000586148937620226,0.000293074468810125
0.274664316363375,0.229819346692518,5090,5090,0.000586148937620226,0.0002930744688101
0.274903700126617,0.230354385000464,5091,5091,0.000586148937620226,0.000293074468810125
0.274664316363375,0.229819346692518,5092,5092,0.000586148937620226,0.0002930744688101
0.274903700126617,0.230354385000464,5093,5093,0.000586148937620226,0.000293074468810125
0.274664316363375,0.229819346692518,5094,5094,0.000586148937620226,0.0002930744688101
0.274903700126617,0.230354385000464,5095,5095,0.000586148937620226,0.000293074468810125
0.274664316363375,0.229819346692518,5096,5096,0.000586148937620226,0.0002930744688101
0.274903700126617,0.230354385000464,5097,5097,0.000586148937620226,0.000293074468810125
0.274664316363375,0.229819346692518,5098,5098,0.000586148937620226,0.0002930744688101
0.274903700126617,0.230354385000464,5099,5099,0.000586148937620226,0.000293074468810125
0.274664316363375,0.229819346692518,5100,5100,0.000586148937620226,0.0002930744688101
0.274903700126617,0.230354385000464,5101,5101,0.000586148937620226,0.000293074468810125
0.274664316363375,0.229819346692518,5102,5102,0.000586148937620226,0.0002930744688101
0.274903700126617,0.230354385000464,5103,5103,0.000586148937620226,0.000293074468810125
0.274664316363375,0.229819346692518,5104,5104,0.000586148937620226,0.0002930744688101
0.274903700126617,0.230354385000464,5105,5105,0.000586148937620226,0.000293074468810125
0.274664316363375,0.229819346692518,5106,5106,0.000586148937620226,0.0002930744688101
0.274903700126617,0.230354385000464,5107,5107,0.000586148937620226,0.000293074468810125
0.274664316363375,0.229819346692518,5108,5108,0.000586148937620226,0.0002930744688101
0.274903700126617,0.230354385000464,5109,5109,0.000586148937620226,0.000293074468810125
0.274664316363375,0.229819346692518,5110,5110,0.000586148937620226,0.0002930744688101
0.274903700126617,0.230354385000464,5111,5111,0.000586148937620226,0.000293074468810125
0.274664316363375,0.229819346692518,5112,5112,0.000586148937620226,0.0002930744688101
0.274903700126617,0.230354385000464,5113,5113,0.000586148937620226,0.000293074468810125
0.274664316363375,0.229819346692518,5114,5114,0.000586148937620226,0.0002930744688101
0.274903700126617,0.230354385000464,5115,5115,0.000586148937620226,0.000293074468810125
0.274664316363375,0.229819346692518,5116,5116,0.000586148937620226,0.0002930744688101
0.274903700126617,0.230354385000464,5117,5117,0.000586148937620226,0.000293074468810125
0.274664316363375,0.229819346692518,5118,5118,0.000586148937620226,0.0002930744688101
0.274903700126617,0.230354385000464,5119,5119,0.000586148937620226,0.000293074468810125
0.274664316363375,0.229819346692518,5120,5120,0.000586148937620226,0.0002930744688101
0.274903700126617,0.230354385000464,5121,5121,0.000586148937620226,0.000293074468810125
0.274664316363375,0.229819346692518,5122,5122,0.000586148937620226,0.0002930744688101
0.274903700126617,0.230354385000464,5123,5123,0.000586148937620226,0.000293074468810125
0.274664316363375,0.229819346692518,5124,5124,0.000586148937620226,0.0002930744688101
0.274903700126617,0.230354385000464,5125,5125,0.000586148937620226,0.000293074468810125
0.274664316363375,0.229819346692518,5126,5126,0.000586148937620226,0.0002930744688101
0.274903700126617,0.230354385000464,5127,5127,0.000586148937620226,0.000293074468810125
0.274664316363375,0.229819346692518,5128,5128,0.000586148937620226,0.0002930744688101
0.274903700126617,0.230354385000464,5129,5129,0.000586148937620226,0.000293074468810125
0.274664316363375,0.229819346692518,5130,5130,0.000586148937620226,0.0002930744688101
0.274903700126617,0.230354385000464,5131,5131,0.000586148937620226,0.000293074468810125
0.274664316363375,0.229819346692518,5132,5132,0.000586148937620226,0.0002930744688101
0.274903700126617,0.230354385000464,5133,5133,0.000586148937620226,0.000293074468810125
0.274664316363375,0.229819346692518,5134,5134,0.000586148937620226,0.0002930744688101
0.274903700126617,0.230354385000464,5135,5135,0.000586148937620226,0.000293074468810125
0.274664316363375,0.229819346692518,5136,5136,0.000586148937620226,0.0002930744688101
0.274903700126617,0.230354385000464,5137,5137,0.000586148937620226,0.000293074468810125
0.274664316363375,0.229819346692518,5138,5138,0.000586148937620226,0.0002930744688101
0.274903700126617,0.230354385000464,5139,5139,0.000586148937620226,0.000293074468810125
0.274664316363375,0.229819346692518,5140,5140,0.000586148937620226,0.0002930744688101
0.274903700126617,0.230354385000464,5141,5141,0.000586148937620226,0.000293074468810125
0.274664316363375,0.229819346692518,5142,5142,0.000586148937620226,0.0002930744688101
0.274903700126617,0.230354385000464,5143,5143,0.000586148937620226,0.000293074468810125
0.274664316363375,0.229819346692518,5144,5144,0.000586148937620226,0.0002930744688101
0.274903700126617,0.230354385000464,5145,5145,0.000586148937620226,0.000293074468810125
0.274664316363375,0.229819346692518,5146,5146,0.000586148937620226,0.0002930744688101
0.274903700126617,0.230354385000464,5147,5147,0.000586148937620226,0.000293074468810125
0.274664316363375,0.229819346692518,5148,5148,0.000586148937620226,0.0002930744688101
0.274903700126617,0.230354385000464,5149,5149,0.000586148937620226,0.000293074468810125
0.274664316363375,0.229819346692518,5150,5150,0.000586148937620226,0.0002930744688101
0.274903700126617,0.230354385000464,5151,5151,0.000586148937620226,0.000293074468810125
0.274664316363375,0.229819346692518,5152,5152,0.000586148937620226,0.0002930744688101
0.274903700126617,0.230354385000464,5153,5153,0.000586148937620226,0.000293074468810125
0.274664316363375,0.229819346692518,5154,5154,0.000586148937620226,0.0002930744688101
0.274903700126617,0.230354385000464,5155,5155,0.000586148937620226,0.000293074468810125
0.274664316363375,0.229819346692518,5156,5156,0.000586148937620226,0.0002930744688101
0.274903700126617,0.230354385000464,5157,5157,0.000586148937620226,0.000293074468810125
0.274664316363375,0.229819346692518,5158,5158,0.000586148937620226,0.0002930744688101
0.274903700126617,0.230354385000464,5159,5159,0.000586148937620226,0.000293074468810125
0.274664316363375,0.229819346692518,5160,5160,0.000586148937620226,0.0002930744688101
0.274903700126617,0.230354385000464,5161,5161,0.000586148937620226,0.000293074468810125
0.274664316363375,0.229819346692518,5162,5162,0.000586148937620226,0.0002930744688101
0.274903700126617,0.230354385000464,5163,5163,0.000586148937620226,0.000293074468810125
0.274664316363375,0.229819346692518,5164,5164,0.000586148937620226,0.0002930744688101
0.274903700126617,0.230354385000464,5165,5165,0.000586148937620226,0.000293074468810125
0.274664316363375,0.229819346692518,5166,5166,0.000586148937620226,0.0002930744688101
0.274903700126617,0.230354385000464,5167,5167,0.000586148937620226,0.000293074468810125
0.274664316363375,0.229819346692518,5168,5168,0.000586148937620226,0.0002930744688101
0.274903700126617,0.230354385000464,5169,5169,0.000586148937620226,0.000293074468810125
0.274664316363375,0.229819346692518,5170,5170,0.000586148937620226,0.0002930744688101
0.274903700126617,0.230354385000464,5171,5171,0.000586148937620226,0.000293074468810125
0.274664316363375,0.229819346692518,5172,5172,0.000586148937620226,0.0002930744688101
0.274903700126617,0.230354385000464,5173,5173,0.000586148937620226,0.000293074468810125
0.274664316363375,0.229819346692518,5174,5174,0.000586148937620226,0.0002930744688101
0.274903700126617,0.230354385000464,5175,5175,0.000586148937620226,0.000293074468810125
0.274664316363375,0.229819346692518,5176,5176,0.000586148937620226,0.0002930744688101
0.274903700126617,0.230354385000464,5177,5177,0.000586148937620226,0.000293074468810125
0.274664316363375,0.229819346692518,5178,5178,0.000586148937620226,0.0002930744688101
0.274903700126617,0.230354385000464,5179,5179,0.000586148937620226,0.000293074468810125
0.274664316363375,0.229819346692518,5180,5180,0.000586148937620226,0.0002930744688101
0.274903700126617,0.230354385000464,5181,5181,0.000586148937620226,0.000293074468810125
0.274664316363375,0.229819346692518,5182,5182,0.000586148937620226,0.0002930744688101
0.274903700126617,0.230354385000464,5183,5183,0.000586148937620226,0.000293074468810125
0.274664316363375,0.229819346692518,5184,5184,0.000586148937620226,0.0002930744688101
0.274903700126617,0.230354385000464,5185,5185,0.000586148937620226,0.000293074468810125
0.274664316363375,0.229819346692518,5186,5186,0.000586148937620226,0.0002930744688101
0.274903700126617,0.230354385000464,5187,5187,0.000586148937620226,0.000293074468810125
0.274664316363375,0.229819346692518,5188,5188,0.000586148937620226,0.0002930744688101
0.274903700126617,0.230354385000464,5189,5189,0.000586148937620226,0.000293074468810125
0.274664316363375,0.229819346692518,5190,5190,0.000586148937620226,0.0002930744688101
0.274903700126617,0.230354385000464,5191,5191,0.000586148937620226,0.000293074468810125
0.274664316363375,0.229819346692518,5192,5192,0.000586148937620226,0.0002930744688101
0.274903700126617,0.230354385000464,5193,5193,0.000586148937620226,0.000293074468810125
0.274664316363375,0.229819346692518,5194,5194,0.000586148937620226,0.0002930744688101
0.274903700126617,0.230354385000464,5195,5195,0.000586148937620226,0.000293074468810125
0.274664316363375,0.229819346692518,5196,5196,0.000586148937620226,0.0002930744688101
0.274903700126617,0.230354385000464,5197,5197,0.000586148937620226,0.000293074468810125
0.274664316363375,0.229819346692518,5198,5198,0.000586148937620226,0.0002930744688101
0.274903700126617,0.230354385000464,5199,5199,0.000586148937620226,0.000293074468810125
0.274664316363375,0.229819346692518,5200,5200,0.000586148937620226,0.0002930744688101
0.274903700126617,0.230354385000464,5201,5201,0.000586148937620226,0.000293074468810125
0.274664316363375,0.229819346692518,5202,5202,0.000586148937620226,0.0002930744688101
0.274903700126617,0.230354385000464,5203,5203,0.000586148937620226,0.000293074468810125
0.274664316363375,0.229819346692518,5204,5204,0.000586148937620226,0.0002930744688101
0.274903700126617,0.230354385000464,5205,5205,0.000586148937620226,0.000293074468810125
0.274664316363375,0.229819346692518,5206,5206,0.000586148937620226,0.0002930744688101
0.274903700126617,0.230354385000464,5207,5207,0.000586148937620226,0.000293074468810125
0.274664316363375,0.229819346692518,5208,5208,0.000586148937620226,0.0002930744688101
0.274903700126617,0.230354385000464,5209,5209,0.000586148937620226,0.000293074468810125
0.274664316363375,0.229819346692518,5210,5210,0.000586148937620226,0.0002930744688101
0.274903700126617,0.230354385000464,5211,5211,0.000586148937620226,0.000293074468810125
0.274664316363375,0.229819346692518,5212,5212,0.000586148937620226,0.0002930744688101
0.274903700126617,0.230354385000464,5213,5213,0.000586148937620226,0.000293074468810125
0.274664316363375,0.229819346692518,5214,5214,0.000586148937620226,0.0002930744688101
0.274903700126617,0.230354385000464,5215,5215,0.000586148937620226,0.000293074468810125
0.274664316363375,0.229819346692518,5216,5216,0.000586148937620226,0.0002930744688101
0.274903700126617,0.230354385000464,5217,5217,0.000586148937620226,0.000293074468810125
0.274664316363375,0.229819346692518,5218,5218,0.000586148937620226,0.0002930744688101
0.274903700126617,0.230354385000464,5219,5219,0.000586148937620226,0.000293074468810125
0.274664316363375,0.229819346692518,5220,5220,0.000586148937620226,0.0002930744688101
0.274903700126617,0.230354385000464,5221,5221,0.000586148937620226,0.000293074468810125
0.274664316363375,0.229819346692518,5222,5222,0.000586148937620226,0.0002930744688101
0.274903700126617,0.230354385000464,5223,5223,0.000586148937620226,0.000293074468810125
0.274664316363375,0.229819346692518,5224,5224,0.000586148937620226,0.0002930744688101
0.274903700126617,0.230354385000464,5225,5225,0.000586148937620226,0.000293074468810125
0.274664316363375,0.229819346692518,5226,5226,0.000586148937620226,0.0002930744688101
0.274903700126617,0.230354385000464,5227,5227,0.000586148937620226,0.000293074468810125
0.274664316363375,0.229819346692518,5228,5228,0.000586148937620226,0.0002930744688101
0.274903700126617,0.230354385000464,5229,5229,0.000586148937620226,0.000293074468810125
0.274664316363375,0.229819346692518,5230,5230,0.000586148937620226,0.0002930744688101
0.274903700126617,0.230354385000464,5231,5231,0.000586148937620226,0.000293074468810125
0.274664316363375,0.229819346692518,5232,5232,0.000586148937620226,0.0002930744688101
0.274903700126617,0.230354385000464,5233,5233,0.000586148937620226,0.000293074468810125
0.274664316363375,0.229819346692518,5234,5234,0.000586148937620226,0.0002930744688101
0.274903700126617,0.230354385000464,5235,5235,0.000586148937620226,0.000293074468810125
0.274664316363375,0.229819346692518,5236,5236,0.000586148937620226,0.0002930744688101
0.274903700126617,0.230354385000464,5237,5237,0.000586148937620226,0.000293074468810125
0.274664316363375,0.229819346692518,5238,5238,0.000586148937620226,0.0002930744688101
0.274903700126617,0.230354385000464,5239,5239,0.000586148937620226,0.000293074468810125
0.274664316363375,0.229819346692518,5240,5240,0.000586148937620226,0.0002930744688101
0.274903700126617,0.230354385000464,5241,5241,0.000586148937620226,0.000293074468810125
0.274664316363375,0.229819346692518,5242,5242,0.000586148937620226,0.0002930744688101
0.274903700126617,0.230354385000464,5243,5243,0.000586148937620226,0.000293074468810125
0.274664316363375,0.229819346692518,5244,5244,0.000586148937620226,0.0002930744688101
0.274903700126617,0.230354385000464,5245,5245,0.000586148937620226,0.000293074468810125
0.274664316363375,0.229819346692518,5246,5246,0.000586148937620226,0.0002930744688101
0.274903700126617,0.230354385000464,5247,5247,0.000586148937620226,0.000293074468810125
0.274664316363375,0.229819346692518,5248,5248,0.000586148937620226,0.0002930744688101
0.274903700126617,0.230354385000464,5249,5249,0.000586148937620226,0.000293074468810125
0.274664316363375,0.229819346692518,5250,5250,0.000586148937620226,0.0002930744688101
0.274903700126617,0.230354385000464,5251,5251,0.000586148937620226,0.000293074468810125
0.274664316363375,0.229819346692518,5252,5252,0.000586148937620226,0.0002930744688101
0.274903700126617,0.230354385000464,5253,5253,0.000586148937620226,0.000293074468810125
0.274664316363375,0.229819346692518,5254,5254,0.000586148937620226,0.0002930744688101
0.274903700126617,0.230354385000464,5255,5255,0.000586148937620226,0.000293074468810125
0.274664316363375,0.229819346692518,5256,5256,0.000586148937620226,0.0002930744688101
0.274903700126617,0.230354385000464,5257,5257,0.000586148937620226,0.000293074468810125
0.274664316363375,0.229819346692518,5258,5258,0.000586148937620226,0.0002930744688101
0.274903700126617,0.230354385000464,5259,5259,0.000586148937620226,0.000293074468810125
0.274664316363375,0.229819346692518,5260,5260,0.000586148937620226,0.0002930744688101
0.274903700126617,0.230354385000464,5261,5261,0.000586148937620226,0.000293074468810125
0.274664316363375,0.229819346692518,5262,5262,0.000586148937620226,0.0002930744688101
0.274903700126617,0.230354385000464,5263,5263,0.000586148937620226,0.000293074468810125
0.274664316363375,0.229819346692518,5264,5264,0.000586148937620226,0.0002930744688101
0.274903700126617,0.230354385000464,5265,5265,0.000586148937620226,0.000293074468810125
0.274664316363375,0.229819346692518,5266,5266,0.000586148937620226,0.0002930744688101
0.274903700126617,0.230354385000464,5267,5267,0.000586148937620226,0.000293074468810125
0.274664316363375,0.229819346692518,5268,5268,0.000586148937620226,0.0002930744688101
0.274903700126617,0.230354385000464,5269,5269,0.000586148937620226,0.000293074468810125
0.274664316363375,0.229819346692518,5270,5270,0.000586148937620226,0.0002930744688101
0.274903700126617,0.230354385000464,5271,5271,0.000586148937620226,0.000293074468810125
0.274664316363375,0.229819346692518,5272,5272,0.000586148937620226,0.0002930744688101
0.274903700126617,0.230354385000464,5273,5273,0.000586148937620226,0.000293074468810125
0.274664316363375,0.229819346692518,5274,5274,0.000586148937620226,0.0002930744688101
0.274903700126617,0.230354385000464,5275,5275,0.000586148937620226,0.000293074468810125
0.274664316363375,0.229819346692518,5276,5276,0.000586148937620226,0.0002930744688101
0.274903700126617,0.230354385000464,5277,5277,0.000586148937620226,0.000293074468810125
0.274664316363375,0.229819346692518,5278,5278,0.000586148937620226,0.0002930744688101
0.274903700126617,0.230354385000464,5279,5279,0.000586148937620226,0.000293074468810125
0.274664316363375,0.229819346692518,5280,5280,0.000586148937620226,0.0002930744688101
0.274903700126617,0.230354385000464,5281,5281,0.000586148937620226,0.000293074468810125
0.274664316363375,0.229819346692518,5282,5282,0.000586148937620226,0.0002930744688101
0.274903700126617,0.230354385000464,5283,5283,0.000586148937620226,0.000293074468810125
0.274664316363375,0.229819346692518,5284,5284,0.000586148937620226,0.0002930744688101
0.274903700126617,0.230354385000464,5285,5285,0.000586148937620226,0.000293074468810125
0.274664316363375,0.229819346692518,5286,5286,0.000586148937620226,0.0002930744688101
0.274903700126617,0.230354385000464,5287,5287,0.000586148937620226,0.000293074468810125
0.274664316363375,0.229819346692518,5288,5288,0.000586148937620226,0.0002930744688101
0.274903700126617,0.230354385000464,5289,5289,0.000586148937620226,0.000293074468810125
0.274664316363375,0.229819346692518,5290,5290,0.000586148937620226,0.0002930744688101
0.274903700126617,0.230354385000464,5291,5291,0.000586148937620226,0.000293074468810125
0.274664316363375,0.229819346692518,5292,5292,0.000586148937620226,0.0002930744688101
0.274903700126617,0.230354385000464,5293,5293,0.000586148937620226,0.000293074468810125
0.274664316363375,0.229819346692518,5294,5294,0.000586148937620226,0.0002930744688101
0.274903700126617,0.230354385000464,5295,5295,0.000586148937620226,0.000293074468810125
0.274664316363375,0.229819346692518,5296,5296,0.000586148937620226,0.0002930744688101
0.274903700126617,0.230354385000464,5297,5297,0.000586148937620226,0.000293074468810125
0.274664316363375,0.229819346692518,5298,5298,0.000586148937620226,0.0002930744688101
0.274903700126617,0.230354385000464,5299,5299,0.000586148937620226,0.000293074468810125
0.274664316363375,0.229819346692518,5300,5300,0.000586148937620226,0.0002930744688101
0.274903700126617,0.230354385000464,5301,5301,0.000586148937620226,0.000293074468810125
0.274664316363375,0.229819346692518,5302,5302,0.000586148937620226,0.0002930744688101
0.274903700126617,0.230354385000464,5303,5303,0.000586148937620226,0.000293074468810125
0.274664316363375,0.229819346692518,5304,5304,0.000586148937620226,0.0002930744688101
0.274903700126617,0.230354385000464,5305,5305,0.000586148937620226,0.000293074468810125
0.274664316363375,0.229819346692518,5306,5306,0.000586148937620226,0.0002930744688101
0.274903700126617,0.230354385000464,5307,5307,0.000586148937620226,0.000293074468810125
0.274664316363375,0.229819346692518,5308,5308,0.000586148937620226,0.0002930744688101
0.274903700126617,0.230354385000464,5309,5309,0.000586148937620226,0.000293074468810125
0.274664316363375,0.229819346692518,5310,5310,0.000586148937620226,0.0002930744688101
0.274903700126617,0.230354385000464,5311,5311,0.000586148937620226,0.000293074468810125
0.274664316363375,0.229819346692518,5312,5312,0.000586148937620226,0.0002930744688101
0.274903700126617,0.230354385000464,5313,5313,0.000586148937620226,0.000293074468810125
0.274664316363375,0.229819346692518,5314,5314,0.000586148937620226,0.0002930744688101
0.274903700126617,0.230354385000464,5315,5315,0.000586148937620226,0.000293074468810125
0.274664316363375,0.229819346692518,5316,5316,0.000586148937620226,0.0002930744688101
0.274903700126617,0.230354385000464,5317,5317,0.000586148937620226,0.000293074468810125
0.274664316363375,0.229819346692518,5318,5318,0.000586148937620226,0.0002930744688101
0.274903700126617,0.230354385000464,5319,5319,0.000586148937620226,0.000293074468810125
0.274664316363375,0.229819346692518,5320,5320,0.000586148937620226,0.0002930744688101
0.274903700126617,0.230354385000464,5321,5321,0.000586148937620226,0.000293074468810125
0.274664316363375,0.229819346692518,5322,5322,0.000586148937620226,0.0002930744688101
0.274903700126617,0.230354385000464,5323,5323,0.000586148937620226,0.000293074468810125
0.274664316363375,0.229819346692518,5324,5324,0.000586148937620226,0.0002930744688101
0.274903700126617,0.230354385000464,5325,5325,0.000586148937620226,0.000293074468810125
0.274664316363375,0.229819346692518,5326,5326,0.000586148937620226,0.0002930744688101
0.274903700126617,0.230354385000464,5327,5327,0.000586148937620226,0.000293074468810125
0.274664316363375,0.229819346692518,5328,5328,0.000586148937620226,0.0002930744688101
0.274903700126617,0.230354385000464,5329,5329,0.000586148937620226,0.000293074468810125
0.274664316363375,0.229819346692518,5330,5330,0.000586148937620226,0.0002930744688101
0.274903700126617,0.230354385000464,5331,5331,0.000586148937620226,0.000293074468810125
0.274664316363375,0.229819346692518,5332,5332,0.000586148937620226,0.0002930744688101
0.274903700126617,0.230354385000464,5333,5333,0.000586148937620226,0.000293074468810125
0.274664316363375,0.229819346692518,5334,5334,0.000586148937620226,0.0002930744688101
0.274903700126617,0.230354385000464,5335,5335,0.000586148937620226,0.000293074468810125
0.274664316363375,0.229819346692518,5336,5336,0.000586148937620226,0.0002930744688101
0.274903700126617,0.230354385000464,5337,5337,0.000586148937620226,0.000293074468810125
0.274664316363375,0.229819346692518,5338,5338,0.000586148937620226,0.0002930744688101
0.274903700126617,0.230354385000464,5339,5339,0.000586148937620226,0.000293074468810125
0.274664316363375,0.229819346692518,5340,5340,0.000586148937620226,0.0002930744688101
0.274903700126617,0.230354385000464,5341,5341,0.000586148937620226,0.000293074468810125
0.274664316363375,0.229819346692518,5342,5342,0.000586148937620226,0.0002930744688101
0.274903700126617,0.230354385000464,5343,5343,0.000586148937620226,0.000293074468810125
0.274664316363375,0.229819346692518,5344,5344,0.000586148937620226,0.0002930744688101
0.274903700126617,0.230354385000464,5345,5345,0.000586148937620226,0.000293074468810125
0.274664316363375,0.229819346692518,5346,5346,0.000586148937620226,0.0002930744688101
0.274903700126617,0.230354385000464,5347,5347,0.000586148937620226,0.000293074468810125
0.274664316363375,0.229819346692518,5348,5348,0.000586148937620226,0.0002930744688101
0.274903700126617,0.230354385000464,5349,5349,0.000586148937620226,0.000293074468810125
0.274664316363375,0.229819346692518,5350,5350,0.000586148937620226,0.0002930744688101
0.274903700126617,0.230354385000464,5351,5351,0.000586148937620226,0.000293074468810125
0.274664316363375,0.229819346692518,5352,5352,0.000586148937620226,0.0002930744688101
0.274903700126617,0.230354385000464,5353,5353,0.000586148937620226,0.000293074468810125
0.274664316363375,0.229819346692518,5354,5354,0.000586148937620226,0.0002930744688101
0.274903700126617,0.230354385000464,5355,5355,0.000586148937620226,0.000293074468810125
0.274664316363375,0.229819346692518,5356,5356,0.000586148937620226,0.0002930744688101
0.274903700126617,0.230354385000464,5357,5357,0.000586148937620226,0.000293074468810125
0.274664316363375,0.229819346692518,5358,5358,0.000586148937620226,0.0002930744688101
0.274903700126617,0.230354385000464,5359,5359,0.000586148937620226,0.000293074468810125
0.274664316363375,0.229819346692518,5360,5360,0.000586148937620226,0.0002930744688101
0.274903700126617,0.230354385000464,5361,5361,0.000586148937620226,0.000293074468810125
0.274664316363375,0.229819346692518,5362,5362,0.000586148937620226,0.0002930744688101
0.274903700126617,0.230354385000464,5363,5363,0.000586148937620226,0.000293074468810125
0.274664316363375,0.229819346692518,5364,5364,0.000586148937620226,0.0002930744688101
0.274903700126617,0.230354385000464,5365,5365,0.000586148937620226,0.000293074468810125
0.274664316363375,0.229819346692518,5366,5366,0.000586148937620226,0.0002930744688101
0.274903700126617,0.230354385000464,5367,5367,0.000586148937620226,0.000293074468810125
0.274664316363375,0.229819346692518,5368,5368,0.000586148937620226,0.0002930744688101
0.274903700126617,0.230354385000464,5369,5369,0.000586148937620226,0.000293074468810125
0.274664316363375,0.229819346692518,5370,5370,0.000586148937620226,0.0002930744688101
0.274903700126617,0.230354385000464,5371,5371,0.000586148937620226,0.000293074468810125
0.274664316363375,0.229819346692518,5372,5372,0.000586148937620226,0.0002930744688101
0.274903700126617,0.230354385000464,5373,5373,0.000586148937620226,0.000293074468810125
0.274664316363375,0.229819346692518,5374,5374,0.000586148937620226,0.0002930744688101
0.274903700126617,0.230354385000464,5375,5375,0.000586148937620226,0.000293074468810125
0.274664316363375,0.229819346692518,5376,5376,0.000586148937620226,0.0002930744688101
0.274903700126617,0.230354385000464,5377,5377,0.000586148937620226,0.000293074468810125
0.274664316363375,0.229819346692518,5378,5378,0.000586148937620226,0.0002930744688101
0.274903700126617,0.230354385000464,5379,5379,0.000586148937620226,0.000293074468810125
0.274664316363375,0.229819346692518,5380,5380,0.000586148937620226,0.0002930744688101
0.274903700126617,0.230354385000464,5381,5381,0.000586148937620226,0.000293074468810125
0.274664316363375,0.229819346692518,5382,5382,0.000586148937620226,0.0002930744688101
0.274903700126617,0.230354385000464,5383,5383,0.000586148937620226,0.000293074468810125
0.274664316363375,0.229819346692518,5384,5384,0.000586148937620226,0.0002930744688101
0.274903700126617,0.230354385000464,5385,5385,0.000586148937620226,0.000293074468810125
0.274664316363375,0.229819346692518,5386,5386,0.000586148937620226,0.0002930744688101
0.274903700126617,0.230354385000464,5387,5387,0.000586148937620226,0.000293074468810125
0.274664316363375,0.229819346692518,5388,5388,0.000586148937620226,0.0002930744688101
0.274903700126617,0.230354385000464,5389,5389,0.000586148937620226,0.000293074468810125
0.274664316363375,0.229819346692518,5390,5390,0.000586148937620226,0.0002930744688101
0.274903700126617,0.230354385000464,5391,5391,0.000586148937620226,0.000293074468810125
0.274664316363375,0.229819346692518,5392,5392,0.000586148937620226,0.0002930744688101
0.274903700126617,0.230354385000464,5393,5393,0.000586148937620226,0.000293074468810125
0.274664316363375,0.229819346692518,5394,5394,0.000586148937620226,0.0002930744688101
0.274903700126617,0.230354385000464,5395,5395,0.000586148937620226,0.000293074468810125
0.274664316363375,0.229819346692518,5396,5396,0.000586148937620226,0.0002930744688101
0.274903700126617,0.230354385000464,5397,5397,0.000586148937620226,0.000293074468810125
0.274664316363375,0.229819346692518,5398,5398,0.000586148937620226,0.0002930744688101
0.274903700126617,0.230354385000464,5399,5399,0.000586148937620226,0.000293074468810125
0.274664316363375,0.229819346692518,5400,5400,0.000586148937620226,0.0002930744688101
0.274903700126617,0.230354385000464,5401,5401,0.000586148937620226,0.000293074468810125
0.274664316363375,0.229819346692518,5402,5402,0.000586148937620226,0.0002930744688101
0.274903700126617,0.230354385000464,5403,5403,0.000586148937620226,0.000293074468810125
0.274664316363375,0.229819346692518,5404,5404,0.000586148937620226,0.0002930744688101
0.274903700126617,0.230354385000464,5405,5405,0.000586148937620226,0.000293074468810125
0.274664316363375,0.229819346692518,5406,5406,0.000586148937620226,0.0002930744688101
0.274903700126617,0.230354385000464,5407,5407,0.000586148937620226,0.000293074468810125
0.274664316363375,0.229819346692518,5408,5408,0.000586148937620226,0.0002930744688101
0.274903700126617,0.230354385000464,5409,5409,0.000586148937620226,0.000293074468810125
0.274664316363375,0.229819346692518,5410,5410,0.000586148937620226,0.0002930744688101
0.274903700126617,0.230354385000464,5411,5411,0.000586148937620226,0.000293074468810125
0.274664316363375,0.229819346692518,5412,5412,0.000586148937620226,0.0002930744688101
0.274903700126617,0.230354385000464,5413,5413,0.000586148937620226,0.000293074468810125
0.274664316363375,0.229819346692518,5414,5414,0.000586148937620226,0.0002930744688101
0.274903700126617,0.230354385000464,5415,5415,0.000586148937620226,0.000293074468810125
0.274664316363375,0.229819346692518,5416,5416,0.000586148937620226,0.0002930744688101
0.274903700126617,0.230354385000464,5417,5417,0.000586148937620226,0.000293074468810125
0.274664316363375,0.229819346692518,5418,5418,0.000586148937620226,0.0002930744688101
0.274903700126617,0.230354385000464,5419,5419,0.000586148937620226,0.000293074468810125
0.274664316363375,0.229819346692518,5420,5420,0.000586148937620226,0.0002930744688101
0.274903700126617,0.230354385000464,5421,5421,0.000586148937620226,0.000293074468810125
0.274664316363375,0.229819346692518,5422,5422,0.000586148937620226,0.0002930744688101
0.274903700126617,0.230354385000464,5423,5423,0.000586148937620226,0.000293074468810125
0.274664316363375,0.229819346692518,5424,5424,0.000586148937620226,0.0002930744688101
0.274903700126617,0.230354385000464,5425,5425,0.000586148937620226,0.000293074468810125
0.274664316363375,0.229819346692518,5426,5426,0.000586148937620226,0.0002930744688101
0.274903700126617,0.230354385000464,5427,5427,0.000586148937620226,0.000293074468810125
0.274664316363375,0.229819346692518,5428,5428,0.000586148937620226,0.0002930744688101
0.274903700126617,0.230354385000464,5429,5429,0.000586148937620226,0.000293074468810125
0.274664316363375,0.229819346692518,5430,5430,0.000586148937620226,0.0002930744688101
0.274903700126617,0.230354385000464,5431,5431,0.000586148937620226,0.000293074468810125
0.274664316363375,0.229819346692518,5432,5432,0.000586148937620226,0.0002930744688101
0.274903700126617,0.230354385000464,5433,5433,0.000586148937620226,0.000293074468810125
0.274664316363375,0.229819346692518,5434,5434,0.000586148937620226,0.0002930744688101
0.274903700126617,0.230354385000464,5435,5435,0.000586148937620226,0.000293074468810125
0.274664316363375,0.229819346692518,5436,5436,0.000586148937620226,0.0002930744688101
0.274903700126617,0.230354385000464,5437,5437,0.000586148937620226,0.000293074468810125
0.274664316363375,0.229819346692518,5438,5438,0.000586148937620226,0.0002930744688101
0.274903700126617,0.230354385000464,5439,5439,0.000586148937620226,0.000293074468810125
0.274664316363375,0.229819346692518,5440,5440,0.000586148937620226,0.0002930744688101
0.274903700126617,0.230354385000464,5441,5441,0.000586148937620226,0.000293074468810125
0.274664316363375,0.229819346692518,5442,5442,0.000586148937620226,0.0002930744688101
0.274903700126617,0.230354385000464,5443,5443,0.000586148937620226,0.000293074468810125
0.274664316363375,0.229819346692518,5444,5444,0.000586148937620226,0.0002930744688101
0.274903700126617,0.230354385000464,5445,5445,0.000586148937620226,0.000293074468810125
0.274664316363375,0.229819346692518,5446,5446,0.000586148937620226,0.0002930744688101
0.274903700126617,0.230354385000464,5447,5447,0.000586148937620226,0.000293074468810125
0.274664316363375,0.229819346692518,5448,5448,0.000586148937620226,0.0002930744688101
0.274903700126617,0.230354385000464,5449,5449,0.000586148937620226,0.000293074468810125
0.274664316363375,0.229819346692518,5450,5450,0.000586148937620226,0.0002930744688101
0.274903700126617,0.230354385000464,5451,5451,0.000586148937620226,0.000293074468810125
0.274664316363375,0.229819346692518,5452,5452,0.000586148937620226,0.0002930744688101
0.274903700126617,0.230354385000464,5453,5453,0.000586148937620226,0.000293074468810125
0.274664316363375,0.229819346692518,5454,5454,0.000586148937620226,0.0002930744688101
0.274903700126617,0.230354385000464,5455,5455,0.000586148937620226,0.000293074468810125
0.274664316363375,0.229819346692518,5456,5456,0.000586148937620226,0.0002930744688101
0.274903700126617,0.230354385000464,5457,5457,0.000586148937620226,0.000293074468810125
0.274664316363375,0.229819346692518,5458,5458,0.000586148937620226,0.0002930744688101
0.274903700126617,0.230354385000464,5459,5459,0.000586148937620226,0.000293074468810125
0.274664316363375,0.229819346692518,5460,5460,0.000586148937620226,0.0002930744688101
0.274903700126617,0.230354385000464,5461,5461,0.000586148937620226,0.000293074468810125
0.274664316363375,0.229819346692518,5462,5462,0.000586148937620226,0.0002930744688101
0.274903700126617,0.230354385000464,5463,5463,0.000586148937620226,0.000293074468810125
0.274664316363375,0.229819346692518,5464,5464,0.000586148937620226,0.0002930744688101
0.274903700126617,0.230354385000464,5465,5465,0.000586148937620226,0.000293074468810125
0.274664316363375,0.229819346692518,5466,5466,0.000586148937620226,0.0002930744688101
0.274903700126617,0.230354385000464,5467,5467,0.000586148937620226,0.000293074468810125
0.274664316363375,0.229819346692518,5468,5468,0.000586148937620226,0.0002930744688101
0.274903700126617,0.230354385000464,5469,5469,0.000586148937620226,0.000293074468810125
0.274664316363375,0.229819346692518,5470,5470,0.000586148937620226,0.0002930744688101
0.274903700126617,0.230354385000464,5471,5471,0.000586148937620226,0.000293074468810125
0.274664316363375,0.229819346692518,5472,5472,0.000586148937620226,0.0002930744688101
0.274903700126617,0.230354385000464,5473,5473,0.000586148937620226,0.000293074468810125
0.274664316363375,0.229819346692518,5474,5474,0.000586148937620226,0.0002930744688101
0.274903700126617,0.230354385000464,5475,5475,0.000586148937620226,0.000293074468810125
0.274664316363375,0.229819346692518,5476,5476,0.000586148937620226,0.0002930744688101
0.274903700126617,0.230354385000464,5477,5477,0.000586148937620226,0.000293074468810125
0.274664316363375,0.229819346692518,5478,5478,0.000586148937620226,0.0002930744688101
0.274903700126617,0.230354385000464,5479,5479,0.000586148937620226,0.000293074468810125
0.274664316363375,0.229819346692518,5480,5480,0.000586148937620226,0.0002930744688101
0.274903700126617,0.230354385000464,5481,5481,0.000586148937620226,0.000293074468810125
0.274664316363375,0.229819346692518,5482,5482,0.000586148937620226,0.0002930744688101
0.274903700126617,0.230354385000464,5483,5483,0.000586148937620226,0.000293074468810125
0.274664316363375,0.229819346692518,5484,5484,0.000586148937620226,0.0002930744688101
0.274903700126617,0.230354385000464,5485,5485,0.000586148937620226,0.000293074468810125
0.274664316363375,0.229819346692518,5486,5486,0.000586148937620226,0.0002930744688101
0.274903700126617,0.230354385000464,5487,5487,0.000586148937620226,0.000293074468810125
0.274664316363375,0.229819346692518,5488,5488,0.000586148937620226,0.0002930744688101
0.274903700126617,0.230354385000464,5489,5489,0.000586148937620226,0.000293074468810125
0.274664316363375,0.229819346692518,5490,5490,0.000586148937620226,0.0002930744688101
0.274903700126617,0.230354385000464,5491,5491,0.000586148937620226,0.000293074468810125
0.274664316363375,0.229819346692518,5492,5492,0.000586148937620226,0.0002930744688101
0.274903700126617,0.230354385000464,5493,5493,0.000586148937620226,0.000293074468810125
0.274664316363375,0.229819346692518,5494,5494,0.000586148937620226,0.0002930744688101
0.274903700126617,0.230354385000464,5495,5495,0.000586148937620226,0.000293074468810125
0.274664316363375,0.229819346692518,5496,5496,0.000586148937620226,0.0002930744688101
0.274903700126617,0.230354385000464,5497,5497,0.000586148937620226,0.000293074468810125
0.274664316363375,0.229819346692518,5498,5498,0.000586148937620226,0.0002930744688101
0.274903700126617,0.230354385000464,5499,5499,0.000586148937620226,0.000293074468810125
0.274664316363375,0.229819346692518,5500,5500,0.000586148937620226,0.0002930744688101
0.274903700126617,0.230354385000464,5501,5501,0.000586148937620226,0.000293074468810125
0.274664316363375,0.229819346692518,5502,5502,0.000586148937620226,0.0002930744688101
0.274903700126617,0.230354385000464,5503,5503,0.000586148937620226,0.000293074468810125
0.274664316363375,0.229819346692518,5504,5504,0.000586148937620226,0.0002930744688101
0.274903700126617,0.230354385000464,5505,5505,0.000586148937620226,0.000293074468810125
0.274664316363375,0.229819346692518,5506,5506,0.000586148937620226,0.0002930744688101
0.274903700126617,0.230354385000464,5507,5507,0.000586148937620226,0.000293074468810125
0.274664316363375,0.229819346692518,5508,5508,0.000586148937620226,0.0002930744688101
0.274903700126617,0.230354385000464,5509,5509,0.000586148937620226,0.000293074468810125
0.274664316363375,0.229819346692518,5510,5510,0.000586148937620226,0.0002930744688101
0.274903700126617,0.230354385000464,5511,5511,0.000586148937620226,0.000293074468810125
0.274664316363375,0.229819346692518,5512,5512,0.000586148937620226,0.0002930744688101
0.274903700126617,0.230354385000464,5513,5513,0.000586148937620226,0.000293074468810125
0.274664316363375,0.229819346692518,5514,5514,0.000586148937620226,0.0002930744688101
0.274903700126617,0.230354385000464,5515,5515,0.000586148937620226,0.000293074468810125
0.274664316363375,0.229819346692518,5516,5516,0.000586148937620226,0.0002930744688101
0.274903700126617,0.230354385000464,5517,5517,0.000586148937620226,0.000293074468810125
0.274664316363375,0.229819346692518,5518,5518,0.000586148937620226,0.0002930744688101
0.274903700126617,0.230354385000464,5519,5519,0.000586148937620226,0.000293074468810125
0.274664316363375,0.229819346692518,5520,5520,0.000586148937620226,0.0002930744688101
0.274903700126617,0.230354385000464,5521,5521,0.000586148937620226,0.000293074468810125
0.274664316363375,0.229819346692518,5522,5522,0.000586148937620226,0.0002930744688101
0.274903700126617,0.230354385000464,5523,5523,0.000586148937620226,0.000293074468810125
0.274664316363375,0.229819346692518,5524,5524,0.000586148937620226,0.0002930744688101
0.274903700126617,0.230354385000464,5525,5525,0.000586148937620226,0.000293074468810125
0.274664316363375,0.229819346692518,5526,5526,0.000586148937620226,0.0002930744688101
0.274903700126617,0.230354385000464,5527,5527,0.000586148937620226,0.000293074468810125
0.274664316363375,0.229819346692518,5528,5528,0.000586148937620226,0.0002930744688101
0.274903700126617,0.230354385000464,5529,5529,0.000586148937620226,0.000293074468810125
0.274664316363375,0.229819346692518,5530,5530,0.000586148937620226,0.0002930744688101
0.274903700126617,0.230354385000464,5531,5531,0.000586148937620226,0.000293074468810125
0.274664316363375,0.229819346692518,5532,5532,0.000586148937620226,0.0002930744688101
0.274903700126617,0.230354385000464,5533,5533,0.000586148937620226,0.000293074468810125
0.274664316363375,0.229819346692518,5534,5534,0.000586148937620226,0.0002930744688101
0.274903700126617,0.230354385000464,5535,5535,0.000586148937620226,0.000293074468810125
0.274664316363375,0.229819346692518,5536,5536,0.000586148937620226,0.0002930744688101
0.274903700126617,0.230354385000464,5537,5537,0.000586148937620226,0.000293074468810125
0.274664316363375,0.229819346692518,5538,5538,0.000586148937620226,0.0002930744688101
0.274903700126617,0.230354385000464,5539,5539,0.000586148937620226,0.000293074468810125
0.274664316363375,0.229819346692518,5540,5540,0.000586148937620226,0.0002930744688101
0.274903700126617,0.230354385000464,5541,5541,0.000586148937620226,0.000293074468810125
0.274664316363375,0.229819346692518,5542,5542,0.000586148937620226,0.0002930744688101
0.274903700126617,0.230354385000464,5543,5543,0.000586148937620226,0.000293074468810125
0.274664316363375,0.229819346692518,5544,5544,0.000586148937620226,0.0002930744688101
0.274903700126617,0.230354385000464,5545,5545,0.000586148937620226,0.000293074468810125
0.274664316363375,0.229819346692518,5546,5546,0.000586148937620226,0.0002930744688101
0.274903700126617,0.230354385000464,5547,5547,0.000586148937620226,0.000293074468810125
0.274664316363375,0.229819346692518,5548,5548,0.000586148937620226,0.0002930744688101
0.274903700126617,0.230354385000464,5549,5549,0.000586148937620226,0.000293074468810125
0.274664316363375,0.229819346692518,5550,5550,0.000586148937620226,0.0002930744688101
0.274903700126617,0.230354385000464,5551,5551,0.000586148937620226,0.000293074468810125
0.274664316363375,0.229819346692518,5552,5552,0.000586148937620226,0.0002930744688101
0.274903700126617,0.230354385000464,5553,5553,0.000586148937620226,0.000293074468810125
0.274664316363375,0.229819346692518,5554,5554,0.000586148937620226,0.0002930744688101
0.274903700126617,0.230354385000464,5555,5555,0.000586148937620226,0.000293074468810125
0.274664316363375,0.229819346692518,5556,5556,0.000586148937620226,0.0002930744688101
0.274903700126617,0.230354385000464,5557,5557,0.000586148937620226,0.000293074468810125
0.274664316363375,0.229819346692518,5558,5558,0.000586148937620226,0.0002930744688101
0.274903700126617,0.230354385000464,5559,5559,0.000586148937620226,0.000293074468810125
0.274664316363375,0.229819346692518,5560,5560,0.000586148937620226,0.0002930744688101
0.274903700126617,0.230354385000464,5561,5561,0.000586148937620226,0.000293074468810125
0.274664316363375,0.229819346692518,5562,5562,0.000586148937620226,0.0002930744688101
0.274903700126617,0.230354385000464,5563,5563,0.000586148937620226,0.000293074468810125
0.274664316363375,0.229819346692518,5564,5564,0.000586148937620226,0.0002930744688101
0.274903700126617,0.230354385000464,5565,5565,0.000586148937620226,0.000293074468810125
0.274664316363375,0.229819346692518,5566,5566,0.000586148937620226,0.0002930744688101
0.274903700126617,0.230354385000464,5567,5567,0.000586148937620226,0.000293074468810125
0.274664316363375,0.229819346692518,5568,5568,0.000586148937620226,0.0002930744688101
0.274903700126617,0.230354385000464,5569,5569,0.000586148937620226,0.000293074468810125
0.274664316363375,0.229819346692518,5570,5570,0.000586148937620226,0.0002930744688101
0.274903700126617,0.230354385000464,5571,5571,0.000586148937620226,0.000293074468810125
0.274664316363375,0.229819346692518,5572,5572,0.000586148937620226,0.0002930744688101
0.274903700126617,0.230354385000464,5573,5573,0.000586148937620226,0.000293074468810125
0.274664316363375,0.229819346692518,5574,5574,0.000586148937620226,0.0002930744688101
0.274903700126617,0.230354385000464,5575,5575,0.000586148937620226,0.000293074468810125
0.274664316363375,0.229819346692518,5576,5576,0.000586148937620226,0.0002930744688101
0.274903700126617,0.230354385000464,5577,5577,0.000586148937620226,0.000293074468810125
0.274664316363375,0.229819346692518,5578,5578,0.000586148937620226,0.0002930744688101
0.274903700126617,0.230354385000464,5579,5579,0.000586148937620226,0.000293074468810125
0.274664316363375,0.229819346692518,5580,5580,0.000586148937620226,0.0002930744688101
0.274903700126617,0.230354385000464,5581,5581,0.000586148937620226,0.000293074468810125
0.274664316363375,0.229819346692518,5582,5582,0.000586148937620226,0.0002930744688101
0.274903700126617,0.230354385000464,5583,5583,0.000586148937620226,0.000293074468810125
0.274664316363375,0.229819346692518,5584,5584,0.000586148937620226,0.0002930744688101
0.274903700126617,0.230354385000464,5585,5585,0.000586148937620226,0.000293074468810125
0.274664316363375,0.229819346692518,5586,5586,0.000586148937620226,0.0002930744688101
0.274903700126617,0.230354385000464,5587,5587,0.000586148937620226,0.000293074468810125
0.274664316363375,0.229819346692518,5588,5588,0.000586148937620226,0.0002930744688101
0.274903700126617,0.230354385000464,5589,5589,0.000586148937620226,0.000293074468810125
0.274664316363375,0.229819346692518,5590,5590,0.000586148937620226,0.0002930744688101
0.274903700126617,0.230354385000464,5591,5591,0.000586148937620226,0.000293074468810125
0.274664316363375,0.229819346692518,5592,5592,0.000586148937620226,0.0002930744688101
0.274903700126617,0.230354385000464,5593,5593,0.000586148937620226,0.000293074468810125
0.274664316363375,0.229819346692518,5594,5594,0.000586148937620226,0.0002930744688101
0.274903700126617,0.230354385000464,5595,5595,0.000586148937620226,0.000293074468810125
0.274664316363375,0.229819346692518,5596,5596,0.000586148937620226,0.0002930744688101
0.274903700126617,0.230354385000464,5597,5597,0.000586148937620226,0.000293074468810125
0.274664316363375,0.229819346692518,5598,5598,0.000586148937620226,0.0002930744688101
0.274903700126617,0.230354385000464,5599,5599,0.000586148937620226,0.000293074468810125
0.274664316363375,0.229819346692518,5600,5600,0.000586148937620226,0.0002930744688101
0.274903700126617,0.230354385000464,5601,5601,0.000586148937620226,0.000293074468810125
0.274664316363375,0.229819346692518,5602,5602,0.000586148937620226,0.0002930744688101
0.274903700126617,0.230354385000464,5603,5603,0.000586148937620226,0.000293074468810125
0.274664316363375,0.229819346692518,5604,5604,0.000586148937620226,0.0002930744688101
0.274903700126617,0.230354385000464,5605,5605,0.000586148937620226,0.000293074468810125
0.274664316363375,0.229819346692518,5606,5606,0.000586148937620226,0.0002930744688101
0.274903700126617,0.230354385000464,5607,5607,0.000586148937620226,0.000293074468810125
0.274664316363375,0.229819346692518,5608,5608,0.000586148937620226,0.0002930744688101
0.274903700126617,0.230354385000464,5609,5609,0.000586148937620226,0.000293074468810125
0.274664316363375,0.229819346692518,5610,5610,0.000586148937620226,0.0002930744688101
0.274903700126617,0.230354385000464,5611,5611,0.000586148937620226,0.000293074468810125
0.274664316363375,0.229819346692518,5612,5612,0.000586148937620226,0.0002930744688101
0.274903700126617,0.230354385000464,5613,5613,0.000586148937620226,0.000293074468810125
0.274664316363375,0.229819346692518,5614,5614,0.000586148937620226,0.0002930744688101
0.274903700126617,0.230354385000464,5615,5615,0.000586148937620226,0.000293074468810125
0.274664316363375,0.229819346692518,5616,5616,0.000586148937620226,0.0002930744688101
0.274903700126617,0.230354385000464,5617,5617,0.000586148937620226,0.000293074468810125
0.274664316363375,0.229819346692518,5618,5618,0.000586148937620226,0.0002930744688101
0.274903700126617,0.230354385000464,5619,5619,0.000586148937620226,0.000293074468810125
0.274664316363375,0.229819346692518,5620,5620,0.000586148937620226,0.0002930744688101
0.274903700126617,0.230354385000464,5621,5621,0.000586148937620226,0.000293074468810125
0.274664316363375,0.229819346692518,5622,5622,0.000586148937620226,0.0002930744688101
0.274903700126617,0.230354385000464,5623,5623,0.000586148937620226,0.000293074468810125
0.274664316363375,0.229819346692518,5624,5624,0.000586148937620226,0.0002930744688101
0.274903700126617,0.230354385000464,5625,5625,0.000586148937620226,0.000293074468810125
0.274664316363375,0.229819346692518,5626,5626,0.000586148937620226,0.0002930744688101
0.274903700126617,0.230354385000464,5627,5627,0.000586148937620226,0.000293074468810125
0.274664316363375,0.229819346692518,5628,5628,0.000586148937620226,0.0002930744688101
0.274903700126617,0.230354385000464,5629,5629,0.000586148937620226,0.000293074468810125
0.274664316363375,0.229819346692518,5630,5630,0.000586148937620226,0.0002930744688101
0.274903700126617,0.230354385000464,5631,5631,0.000586148937620226,0.000293074468810125
0.274664316363375,0.229819346692518,5632,5632,0.000586148937620226,0.0002930744688101
0.274903700126617,0.230354385000464,5633,5633,0.000586148937620226,0.000293074468810125
0.274664316363375,0.229819346692518,5634,5634,0.000586148937620226,0.0002930744688101
0.274903700126617,0.230354385000464,5635,5635,0.000586148937620226,0.000293074468810125
0.274664316363375,0.229819346692518,5636,5636,0.000586148937620226,0.0002930744688101
0.274903700126617,0.230354385000464,5637,5637,0.000586148937620226,0.000293074468810125
0.274664316363375,0.229819346692518,5638,5638,0.000586148937620226,0.0002930744688101
0.274903700126617,0.230354385000464,5639,5639,0.000586148937620226,0.000293074468810125
0.274664316363375,0.229819346692518,5640,5640,0.000586148937620226,0.0002930744688101
0.274903700126617,0.230354385000464,5641,5641,0.000586148937620226,0.000293074468810125
0.274664316363375,0.229819346692518,5642,5642,0.000586148937620226,0.0002930744688101
0.274903700126617,0.230354385000464,5643,5643,0.000586148937620226,0.000293074468810125
0.274664316363375,0.229819346692518,5644,5644,0.000586148937620226,0.0002930744688101
0.274903700126617,0.230354385000464,5645,5645,0.000586148937620226,0.000293074468810125
0.274664316363375,0.229819346692518,5646,5646,0.000586148937620226,0.0002930744688101
0.274903700126617,0.230354385000464,5647,5647,0.000586148937620226,0.000293074468810125
0.274664316363375,0.229819346692518,5648,5648,0.000586148937620226,0.0002930744688101
0.274903700126617,0.230354385000464,5649,5649,0.000586148937620226,0.000293074468810125
0.274664316363375,0.229819346692518,5650,5650,0.000586148937620226,0.0002930744688101
0.274903700126617,0.230354385000464,5651,5651,0.000586148937620226,0.000293074468810125
0.274664316363375,0.229819346692518,5652,5652,0.000586148937620226,0.0002930744688101
0.274903700126617,0.230354385000464,5653,5653,0.000586148937620226,0.000293074468810125
0.274664316363375,0.229819346692518,5654,5654,0.000586148937620226,0.0002930744688101
0.274903700126617,0.230354385000464,5655,5655,0.000586148937620226,0.000293074468810125
0.274664316363375,0.229819346692518,5656,5656,0.000586148937620226,0.0002930744688101
0.274903700126617,0.230354385000464,5657,5657,0.000586148937620226,0.000293074468810125
0.274664316363375,0.229819346692518,5658,5658,0.000586148937620226,0.0002930744688101
0.274903700126617,0.230354385000464,5659,5659,0.000586148937620226,0.000293074468810125
0.274664316363375,0.229819346692518,5660,5660,0.000586148937620226,0.0002930744688101
0.274903700126617,0.230354385000464,5661,5661,0.000586148937620226,0.000293074468810125
0.274664316363375,0.229819346692518,5662,5662,0.000586148937620226,0.0002930744688101
0.274903700126617,0.230354385000464,5663,5663,0.000586148937620226,0.000293074468810125
0.274664316363375,0.229819346692518,5664,5664,0.000586148937620226,0.0002930744688101
0.274903700126617,0.230354385000464,5665,5665,0.000586148937620226,0.000293074468810125
0.274664316363375,0.229819346692518,5666,5666,0.000586148937620226,0.0002930744688101
0.274903700126617,0.230354385000464,5667,5667,0.000586148937620226,0.000293074468810125
0.274664316363375,0.229819346692518,5668,5668,0.000586148937620226,0.0002930744688101
0.274903700126617,0.230354385000464,5669,5669,0.000586148937620226,0.000293074468810125
0.274664316363375,0.229819346692518,5670,5670,0.000586148937620226,0.0002930744688101
0.274903700126617,0.230354385000464,5671,5671,0.000586148937620226,0.000293074468810125
0.274664316363375,0.229819346692518,5672,5672,0.000586148937620226,0.0002930744688101
0.274903700126617,0.230354385000464,5673,5673,0.000586148937620226,0.000293074468810125
0.274664316363375,0.229819346692518,5674,5674,0.000586148937620226,0.0002930744688101
0.274903700126617,0.230354385000464,5675,5675,0.000586148937620226,0.000293074468810125
0.274664316363375,0.229819346692518,5676,5676,0.000586148937620226,0.0002930744688101
0.274903700126617,0.230354385000464,5677,5677,0.000586148937620226,0.000293074468810125
0.274664316363375,0.229819346692518,5678,5678,0.000586148937620226,0.0002930744688101
0.274903700126617,0.230354385000464,5679,5679,0.000586148937620226,0.000293074468810125
0.274664316363375,0.229819346692518,5680,5680,0.000586148937620226,0.0002930744688101
0.274903700126617,0.230354385000464,5681,5681,0.000586148937620226,0.000293074468810125
0.274664316363375,0.229819346692518,5682,5682,0.000586148937620226,0.0002930744688101
0.274903700126617,0.230354385000464,5683,5683,0.000586148937620226,0.000293074468810125
0.274664316363375,0.229819346692518,5684,5684,0.000586148937620226,0.0002930744688101
0.274903700126617,0.230354385000464,5685,5685,0.000586148937620226,0.000293074468810125
0.274664316363375,0.229819346692518,5686,5686,0.000586148937620226,0.0002930744688101
0.274903700126617,0.230354385000464,5687,5687,0.000586148937620226,0.000293074468810125
0.274664316363375,0.229819346692518,5688,5688,0.000586148937620226,0.0002930744688101
0.274903700126617,0.230354385000464,5689,5689,0.000586148937620226,0.000293074468810125
0.274664316363375,0.229819346692518,5690,5690,0.000586148937620226,0.0002930744688101
0.274903700126617,0.230354385000464,5691,5691,0.000586148937620226,0.000293074468810125
0.274664316363375,0.229819346692518,5692,5692,0.000586148937620226,0.0002930744688101
0.274903700126617,0.230354385000464,5693,5693,0.000586148937620226,0.000293074468810125
0.274664316363375,0.229819346692518,5694,5694,0.000586148937620226,0.0002930744688101
0.274903700126617,0.230354385000464,5695,5695,0.000586148937620226,0.000293074468810125
0.274664316363375,0.229819346692518,5696,5696,0.000586148937620226,0.0002930744688101
0.274903700126617,0.230354385000464,5697,5697,0.000586148937620226,0.000293074468810125
0.274664316363375,0.229819346692518,5698,5698,0.000586148937620226,0.0002930744688101
0.274903700126617,0.230354385000464,5699,5699,0.000586148937620226,0.000293074468810125
0.274664316363375,0.229819346692518,5700,5700,0.000586148937620226,0.0002930744688101
0.274903700126617,0.230354385000464,5701,5701,0.000586148937620226,0.000293074468810125
0.274664316363375,0.229819346692518,5702,5702,0.000586148937620226,0.0002930744688101
0.274903700126617,0.230354385000464,5703,5703,0.000586148937620226,0.000293074468810125
0.274664316363375,0.229819346692518,5704,5704,0.000586148937620226,0.0002930744688101
0.274903700126617,0.230354385000464,5705,5705,0.000586148937620226,0.000293074468810125
0.274664316363375,0.229819346692518,5706,5706,0.000586148937620226,0.0002930744688101
0.274903700126617,0.230354385000464,5707,5707,0.000586148937620226,0.000293074468810125
0.274664316363375,0.229819346692518,5708,5708,0.000586148937620226,0.0002930744688101
0.274903700126617,0.230354385000464,5709,5709,0.000586148937620226,0.000293074468810125
0.274664316363375,0.229819346692518,5710,5710,0.000586148937620226,0.0002930744688101
0.274903700126617,0.230354385000464,5711,5711,0.000586148937620226,0.000293074468810125
0.274664316363375,0.229819346692518,5712,5712,0.000586148937620226,0.0002930744688101
0.274903700126617,0.230354385000464,5713,5713,0.000586148937620226,0.000293074468810125
0.274664316363375,0.229819346692518,5714,5714,0.000586148937620226,0.0002930744688101
0.274903700126617,0.230354385000464,5715,5715,0.000586148937620226,0.000293074468810125
0.274664316363375,0.229819346692518,5716,5716,0.000586148937620226,0.0002930744688101
0.274903700126617,0.230354385000464,5717,5717,0.000586148937620226,0.000293074468810125
0.274664316363375,0.229819346692518,5718,5718,0.000586148937620226,0.0002930744688101
0.274903700126617,0.230354385000464,5719,5719,0.000586148937620226,0.000293074468810125
0.274664316363375,0.229819346692518,5720,5720,0.000586148937620226,0.0002930744688101
0.274903700126617,0.230354385000464,5721,5721,0.000586148937620226,0.000293074468810125
0.274664316363375,0.229819346692518,5722,5722,0.000586148937620226,0.0002930744688101
0.274903700126617,0.230354385000464,5723,5723,0.000586148937620226,0.000293074468810125
0.274664316363375,0.229819346692518,5724,5724,0.000586148937620226,0.0002930744688101
0.274903700126617,0.230354385000464,5725,5725,0.000586148937620226,0.000293074468810125
0.274664316363375,0.229819346692518,5726,5726,0.000586148937620226,0.0002930744688101
0.274903700126617,0.230354385000464,5727,5727,0.000586148937620226,0.000293074468810125
0.274664316363375,0.229819346692518,5728,5728,0.000586148937620226,0.0002930744688101
0.274903700126617,0.230354385000464,5729,5729,0.000586148937620226,0.000293074468810125
0.274664316363375,0.229819346692518,5730,5730,0.000586148937620226,0.0002930744688101
0.274903700126617,0.230354385000464,5731,5731,0.000586148937620226,0.000293074468810125
0.274664316363375,0.229819346692518,5732,5732,0.000586148937620226,0.0002930744688101
0.274903700126617,0.230354385000464,5733,5733,0.000586148937620226,0.000293074468810125
0.274664316363375,0.229819346692518,5734,5734,0.000586148937620226,0.0002930744688101
0.274903700126617,0.230354385000464,5735,5735,0.000586148937620226,0.000293074468810125
0.274664316363375,0.229819346692518,5736,5736,0.000586148937620226,0.0002930744688101
0.274903700126617,0.230354385000464,5737,5737,0.000586148937620226,0.000293074468810125
0.274664316363375,0.229819346692518,5738,5738,0.000586148937620226,0.0002930744688101
0.274903700126617,0.230354385000464,5739,5739,0.000586148937620226,0.000293074468810125
0.274664316363375,0.229819346692518,5740,5740,0.000586148937620226,0.0002930744688101
0.274903700126617,0.230354385000464,5741,5741,0.000586148937620226,0.000293074468810125
0.274664316363375,0.229819346692518,5742,5742,0.000586148937620226,0.0002930744688101
0.274903700126617,0.230354385000464,5743,5743,0.000586148937620226,0.000293074468810125
0.274664316363375,0.229819346692518,5744,5744,0.000586148937620226,0.0002930744688101
0.274903700126617,0.230354385000464,5745,5745,0.000586148937620226,0.000293074468810125
0.274664316363375,0.229819346692518,5746,5746,0.000586148937620226,0.0002930744688101
0.274903700126617,0.230354385000464,5747,5747,0.000586148937620226,0.000293074468810125
0.274664316363375,0.229819346692518,5748,5748,0.000586148937620226,0.0002930744688101
0.274903700126617,0.230354385000464,5749,5749,0.000586148937620226,0.000293074468810125
0.274664316363375,0.229819346692518,5750,5750,0.000586148937620226,0.0002930744688101
0.274903700126617,0.230354385000464,5751,5751,0.000586148937620226,0.000293074468810125
0.274664316363375,0.229819346692518,5752,5752,0.000586148937620226,0.0002930744688101
0.274903700126617,0.230354385000464,5753,5753,0.000586148937620226,0.000293074468810125
0.274664316363375,0.229819346692518,5754,5754,0.000586148937620226,0.0002930744688101
0.274903700126617,0.230354385000464,5755,5755,0.000586148937620226,0.000293074468810125
0.274664316363375,0.229819346692518,5756,5756,0.000586148937620226,0.0002930744688101
0.274903700126617,0.230354385000464,5757,5757,0.000586148937620226,0.000293074468810125
0.274664316363375,0.229819346692518,5758,5758,0.000586148937620226,0.0002930744688101
0.274903700126617,0.230354385000464,5759,5759,0.000586148937620226,0.000293074468810125
0.274664316363375,0.229819346692518,5760,5760,0.000586148937620226,0.0002930744688101
0.274903700126617,0.230354385000464,5761,5761,0.000586148937620226,0.000293074468810125
0.274664316363375,0.229819346692518,5762,5762,0.000586148937620226,0.0002930744688101
0.274903700126617,0.230354385000464,5763,5763,0.000586148937620226,0.000293074468810125
0.274664316363375,0.229819346692518,5764,5764,0.000586148937620226,0.0002930744688101
0.274903700126617,0.230354385000464,5765,5765,0.000586148937620226,0.000293074468810125
0.274664316363375,0.229819346692518,5766,5766,0.000586148937620226,0.0002930744688101
0.274903700126617,0.230354385000464,5767,5767,0.000586148937620226,0.000293074468810125
0.274664316363375,0.229819346692518,5768,5768,0.000586148937620226,0.0002930744688101
0.274903700126617,0.230354385000464,5769,5769,0.000586148937620226,0.000293074468810125
0.274664316363375,0.229819346692518,5770,5770,0.000586148937620226,0.0002930744688101
0.274903700126617,0.230354385000464,5771,5771,0.000586148937620226,0.000293074468810125
0.274664316363375,0.229819346692518,5772,5772,0.000586148937620226,0.0002930744688101
0.274903700126617,0.230354385000464,5773,5773,0.000586148937620226,0.000293074468810125
0.274664316363375,0.229819346692518,5774,5774,0.000586148937620226,0.0002930744688101
0.274903700126617,0.230354385000464,5775,5775,0.000586148937620226,0.000293074468810125
0.274664316363375,0.229819346692518,5776,5776,0.000586148937620226,0.0002930744688101
0.274903700126617,0.230354385000464,5777,5777,0.000586148937620226,0.000293074468810125
0.274664316363375,0.229819346692518,5778,5778,0.000586148937620226,0.0002930744688101
0.274903700126617,0.230354385000464,5779,5779,0.000586148937620226,0.000293074468810125
0.274664316363375,0.229819346692518,5780,5780,0.000586148937620226,0.0002930744688101
0.274903700126617,0.230354385000464,5781,5781,0.000586148937620226,0.000293074468810125
0.274664316363375,0.229819346692518,5782,5782,0.000586148937620226,0.0002930744688101
0.274903700126617,0.230354385000464,5783,5783,0.000586148937620226,0.000293074468810125
0.274664316363375,0.229819346692518,5784,5784,0.000586148937620226,0.0002930744688101
0.274903700126617,0.230354385000464,5785,5785,0.000586148937620226,0.000293074468810125
0.274664316363375,0.229819346692518,5786,5786,0.000586148937620226,0.0002930744688101
0.274903700126617,0.230354385000464,5787,5787,0.000586148937620226,0.000293074468810125
0.274664316363375,0.229819346692518,5788,5788,0.000586148937620226,0.0002930744688101
0.274903700126617,0.230354385000464,5789,5789,0.000586148937620226,0.000293074468810125
0.274664316363375,0.229819346692518,5790,5790,0.000586148937620226,0.0002930744688101
0.274903700126617,0.230354385000464,5791,5791,0.000586148937620226,0.000293074468810125
0.274664316363375,0.229819346692518,5792,5792,0.000586148937620226,0.0002930744688101
0.274903700126617,0.230354385000464,5793,5793,0.000586148937620226,0.000293074468810125
0.274664316363375,0.229819346692518,5794,5794,0.000586148937620226,0.0002930744688101
0.274903700126617,0.230354385000464,5795,5795,0.000586148937620226,0.000293074468810125
0.274664316363375,0.229819346692518,5796,5796,0.000586148937620226,0.0002930744688101
0.274903700126617,0.230354385000464,5797,5797,0.000586148937620226,0.000293074468810125
0.274664316363375,0.229819346692518,5798,5798,0.000586148937620226,0.0002930744688101
0.274903700126617,0.230354385000464,5799,5799,0.000586148937620226,0.000293074468810125
0.274664316363375,0.229819346692518,5800,5800,0.000586148937620226,0.0002930744688101
0.274903700126617,0.230354385000464,5801,5801,0.000586148937620226,0.000293074468810125
0.274664316363375,0.229819346692518,5802,5802,0.000586148937620226,0.0002930744688101
0.274903700126617,0.230354385000464,5803,5803,0.000586148937620226,0.000293074468810125
0.274664316363375,0.229819346692518,5804,5804,0.000586148937620226,0.0002930744688101
0.274903700126617,0.230354385000464,5805,5805,0.000586148937620226,0.000293074468810125
0.274664316363375,0.229819346692518,5806,5806,0.000586148937620226,0.0002930744688101
0.274903700126617,0.230354385000464,5807,5807,0.000586148937620226,0.000293074468810125
0.274664316363375,0.229819346692518,5808,5808,0.000586148937620226,0.0002930744688101
0.274903700126617,0.230354385000464,5809,5809,0.000586148937620226,0.000293074468810125
0.274664316363375,0.229819346692518,5810,5810,0.000586148937620226,0.0002930744688101
0.274903700126617,0.230354385000464,5811,5811,0.000586148937620226,0.000293074468810125
0.274664316363375,0.229819346692518,5812,5812,0.000586148937620226,0.0002930744688101
0.274903700126617,0.230354385000464,5813,5813,0.000586148937620226,0.000293074468810125
0.274664316363375,0.229819346692518,5814,5814,0.000586148937620226,0.0002930744688101
0.274903700126617,0.230354385000464,5815,5815,0.000586148937620226,0.000293074468810125
0.274664316363375,0.229819346692518,5816,5816,0.000586148937620226,0.0002930744688101
0.274903700126617,0.230354385000464,5817,5817,0.000586148937620226,0.000293074468810125
0.274664316363375,0.229819346692518,5818,5818,0.000586148937620226,0.0002930744688101
0.274903700126617,0.230354385000464,5819,5819,0.000586148937620226,0.000293074468810125
0.274664316363375,0.229819346692518,5820,5820,0.000586148937620226,0.0002930744688101
0.274903700126617,0.230354385000464,5821,5821,0.000586148937620226,0.000293074468810125
0.274664316363375,0.229819346692518,5822,5822,0.000586148937620226,0.0002930744688101
0.274903700126617,0.230354385000464,5823,5823,0.000586148937620226,0.000293074468810125
0.274664316363375,0.229819346692518,5824,5824,0.000586148937620226,0.0002930744688101
0.274903700126617,0.230354385000464,5825,5825,0.000586148937620226,0.000293074468810125
0.274664316363375,0.229819346692518,5826,5826,0.000586148937620226,0.0002930744688101
0.274903700126617,0.230354385000464,5827,5827,0.000586148937620226,0.000293074468810125
0.274664316363375,0.229819346692518,5828,5828,0.000586148937620226,0.0002930744688101
0.274903700126617,0.230354385000464,5829,5829,0.000586148937620226,0.000293074468810125
0.274664316363375,0.229819346692518,5830,5830,0.000586148937620226,0.0002930744688101
0.274903700126617,0.230354385000464,5831,5831,0.000586148937620226,0.000293074468810125
0.274664316363375,0.229819346692518,5832,5832,0.000586148937620226,0.0002930744688101
0.274903700126617,0.230354385000464,5833,5833,0.000586148937620226,0.000293074468810125
0.274664316363375,0.229819346692518,5834,5834,0.000586148937620226,0.0002930744688101
0.274903700126617,0.230354385000464,5835,5835,0.000586148937620226,0.000293074468810125
0.274664316363375,0.229819346692518,5836,5836,0.000586148937620226,0.0002930744688101
0.274903700126617,0.230354385000464,5837,5837,0.000586148937620226,0.000293074468810125
0.274664316363375,0.229819346692518,5838,5838,0.000586148937620226,0.0002930744688101
0.274903700126617,0.230354385000464,5839,5839,0.000586148937620226,0.000293074468810125
0.274664316363375,0.229819346692518,5840,5840,0.000586148937620226,0.0002930744688101
0.274903700126617,0.230354385000464,5841,5841,0.000586148937620226,0.000293074468810125
0.274664316363375,0.229819346692518,5842,5842,0.000586148937620226,0.0002930744688101
0.274903700126617,0.230354385000464,5843,5843,0.000586148937620226,0.000293074468810125
0.274664316363375,0.229819346692518,5844,5844,0.000586148937620226,0.0002930744688101
0.274903700126617,0.230354385000464,5845,5845,0.000586148937620226,0.000293074468810125
0.274664316363375,0.229819346692518,5846,5846,0.000586148937620226,0.0002930744688101
0.274903700126617,0.230354385000464,5847,5847,0.000586148937620226,0.000293074468810125
0.274664316363375,0.229819346692518,5848,5848,0.000586148937620226,0.0002930744688101
0.274903700126617,0.230354385000464,5849,5849,0.000586148937620226,0.000293074468810125
0.274664316363375,0.229819346692518,5850,5850,0.000586148937620226,0.0002930744688101
0.274903700126617,0.230354385000464,5851,5851,0.000586148937620226,0.000293074468810125
0.274664316363375,0.229819346692518,5852,5852,0.000586148937620226,0.0002930744688101
0.274903700126617,0.230354385000464,5853,5853,0.000586148937620226,0.000293074468810125
0.274664316363375,0.229819346692518,5854,5854,0.000586148937620226,0.0002930744688101
0.274903700126617,0.230354385000464,5855,5855,0.000586148937620226,0.000293074468810125
0.274664316363375,0.229819346692518,5856,5856,0.000586148937620226,0.0002930744688101
0.274903700126617,0.230354385000464,5857,5857,0.000586148937620226,0.000293074468810125
0.274664316363375,0.229819346692518,5858,5858,0.000586148937620226,0.0002930744688101
0.274903700126617,0.230354385000464,5859,5859,0.000586148937620226,0.000293074468810125
0.274664316363375,0.229819346692518,5860,5860,0.000586148937620226,0.0002930744688101
0.274903700126617,0.230354385000464,5861,5861,0.000586148937620226,0.000293074468810125
0.274664316363375,0.229819346692518,5862,5862,0.000586148937620226,0.0002930744688101
0.274903700126617,0.230354385000464,5863,5863,0.000586148937620226,0.000293074468810125
0.274664316363375,0.229819346692518,5864,5864,0.000586148937620226,0.0002930744688101
0.274903700126617,0.230354385000464,5865,5865,0.000586148937620226,0.000293074468810125
0.274664316363375,0.229819346692518,5866,5866,0.000586148937620226,0.0002930744688101
0.274903700126617,0.230354385000464,5867,5867,0.000586148937620226,0.000293074468810125
0.274664316363375,0.229819346692518,5868,5868,0.000586148937620226,0.0002930744688101
0.274903700126617,0.230354385000464,5869,5869,0.000586148937620226,0.000293074468810125
0.274664316363375,0.229819346692518,5870,5870,0.000586148937620226,0.0002930744688101
0.274903700126617,0.230354385000464,5871,5871,0.000586148937620226,0.000293074468810125
0.274664316363375,0.229819346692518,5872,5872,0.000586148937620226,0.0002930744688101
0.274903700126617,0.230354385000464,5873,5873,0.000586148937620226,0.000293074468810125
0.274664316363375,0.229819346692518,5874,5874,0.000586148937620226,0.0002930744688101
0.274903700126617,0.230354385000464,5875,5875,0.000586148937620226,0.000293074468810125
0.274664316363375,0.229819346692518,5876,5876,0.000586148937620226,0.0002930744688101
0.274903700126617,0.230354385000464,5877,5877,0.000586148937620226,0.000293074468810125
0.274664316363375,0.229819346692518,5878,5878,0.000586148937620226,0.0002930744688101
0.274903700126617,0.230354385000464,5879,5879,0.000586148937620226,0.000293074468810125
0.274664316363375,0.229819346692518,5880,5880,0.000586148937620226,0.0002930744688101
0.274903700126617,0.230354385000464,5881,5881,0.000586148937620226,0.000293074468810125
0.274664316363375,0.229819346692518,5882,5882,0.000586148937620226,0.0002930744688101
0.274903700126617,0.230354385000464,5883,5883,0.000586148937620226,0.000293074468810125
0.274664316363375,0.229819346692518,5884,5884,0.000586148937620226,0.0002930744688101
0.274903700126617,0.230354385000464,5885,5885,0.000586148937620226,0.000293074468810125
0.274664316363375,0.229819346692518,5886,5886,0.000586148937620226,0.0002930744688101
0.274903700126617,0.230354385000464,5887,5887,0.000586148937620226,0.000293074468810125
0.274664316363375,0.229819346692518,5888,5888,0.000586148937620226,0.0002930744688101
0.274903700126617,0.230354385000464,5889,5889,0.000586148937620226,0.000293074468810125
0.274664316363375,0.229819346692518,5890,5890,0.000586148937620226,0.0002930744688101
0.274903700126617,0.230354385000464,5891,5891,0.000586148937620226,0.000293074468810125
0.274664316363375,0.229819346692518,5892,5892,0.000586148937620226,0.0002930744688101
0.274903700126617,0.230354385000464,5893,5893,0.000586148937620226,0.000293074468810125
0.274664316363375,0.229819346692518,5894,5894,0.000586148937620226,0.0002930744688101
0.274903700126617,0.230354385000464,5895,5895,0.000586148937620226,0.000293074468810125
0.274664316363375,0.229819346692518,5896,5896,0.000586148937620226,0.0002930744688101
0.274903700126617,0.230354385000464,5897,5897,0.000586148937620226,0.000293074468810125
0.274664316363375,0.229819346692518,5898,5898,0.000586148937620226,0.0002930744688101
0.274903700126617,0.230354385000464,5899,5899,0.000586148937620226,0.000293074468810125
0.274664316363375,0.229819346692518,5900,5900,0.000586148937620226,0.0002930744688101
0.274903700126617,0.230354385000464,5901,5901,0.000586148937620226,0.000293074468810125
0.274664316363375,0.229819346692518,5902,5902,0.000586148937620226,0.0002930744688101
0.274903700126617,0.230354385000464,5903,5903,0.000586148937620226,0.000293074468810125
0.274664316363375,0.229819346692518,5904,5904,0.000586148937620226,0.0002930744688101
0.274903700126617,0.230354385000464,5905,5905,0.000586148937620226,0.000293074468810125
0.274664316363375,0.229819346692518,5906,5906,0.000586148937620226,0.0002930744688101
0.274903700126617,0.230354385000464,5907,5907,0.000586148937620226,0.000293074468810125
0.274664316363375,0.229819346692518,5908,5908,0.000586148937620226,0.0002930744688101
0.274903700126617,0.230354385000464,5909,5909,0.000586148937620226,0.000293074468810125
0.274664316363375,0.229819346692518,5910,5910,0.000586148937620226,0.0002930744688101
0.274903700126617,0.230354385000464,5911,5911,0.000586148937620226,0.000293074468810125
0.274664316363375,0.229819346692518,5912,5912,0.000586148937620226,0.0002930744688101
0.274903700126617,0.230354385000464,5913,5913,0.000586148937620226,0.000293074468810125
0.274664316363375,0.229819346692518,5914,5914,0.000586148937620226,0.0002930744688101
0.274903700126617,0.230354385000464,5915,5915,0.000586148937620226,0.000293074468810125
0.274664316363375,0.229819346692518,5916,5916,0.000586148937620226,0.0002930744688101
0.274903700126617,0.230354385000464,5917,5917,0.000586148937620226,0.000293074468810125
0.274664316363375,0.229819346692518,5918,5918,0.000586148937620226,0.0002930744688101
0.274903700126617,0.230354385000464,5919,5919,0.000586148937620226,0.000293074468810125
0.274664316363375,0.229819346692518,5920,5920,0.000586148937620226,0.0002930744688101
0.274903700126617,0.230354385000464,5921,5921,0.000586148937620226,0.000293074468810125
0.274664316363375,0.229819346692518,5922,5922,0.000586148937620226,0.0002930744688101
0.274903700126617,0.230354385000464,5923,5923,0.000586148937620226,0.000293074468810125
0.274664316363375,0.229819346692518,5924,5924,0.000586148937620226,0.0002930744688101
0.274903700126617,0.230354385000464,5925,5925,0.000586148937620226,0.000293074468810125
0.274664316363375,0.229819346692518,5926,5926,0.000586148937620226,0.0002930744688101
0.274903700126617,0.230354385000464,5927,5927,0.000586148937620226,0.000293074468810125
0.274664316363375,0.229819346692518,5928,5928,0.000586148937620226,0.0002930744688101
0.274903700126617,0.230354385000464,5929,5929,0.000586148937620226,0.000293074468810125
0.274664316363375,0.229819346692518,5930,5930,0.000586148937620226,0.0002930744688101
0.274903700126617,0.230354385000464,5931,5931,0.000586148937620226,0.000293074468810125
0.274664316363375,0.229819346692518,5932,5932,0.000586148937620226,0.0002930744688101
0.274903700126617,0.230354385000464,5933,5933,0.000586148937620226,0.000293074468810125
0.274664316363375,0.229819346692518,5934,5934,0.000586148937620226,0.0002930744688101
0.274903700126617,0.230354385000464,5935,5935,0.000586148937620226,0.000293074468810125
0.274664316363375,0.229819346692518,5936,5936,0.000586148937620226,0.0002930744688101
0.274903700126617,0.230354385000464,5937,5937,0.000586148937620226,0.000293074468810125
0.274664316363375,0.229819346692518,5938,5938,0.000586148937620226,0.0002930744688101
0.274903700126617,0.230354385000464,5939,5939,0.000586148937620226,0.000293074468810125
0.274664316363375,0.229819346692518,5940,5940,0.000586148937620226,0.0002930744688101
0.274903700126617,0.230354385000464,5941,5941,0.000586148937620226,0.000293074468810125
0.274664316363375,0.229819346692518,5942,5942,0.000586148937620226,0.0002930744688101
0.274903700126617,0.230354385000464,5943,5943,0.000586148937620226,0.000293074468810125
0.274664316363375,0.229819346692518,5944,5944,0.000586148937620226,0.0002930744688101
0.274903700126617,0.230354385000464,5945,5945,0.000586148937620226,0.000293074468810125
0.274664316363375,0.229819346692518,5946,5946,0.000586148937620226,0.0002930744688101
0.274903700126617,0.230354385000464,5947,5947,0.000586148937620226,0.000293074468810125
0.274664316363375,0.229819346692518,5948,5948,0.000586148937620226,0.0002930744688101
0.274903700126617,0.230354385000464,5949,5949,0.000586148937620226,0.000293074468810125
0.274664316363375,0.229819346692518,5950,5950,0.000586148937620226,0.0002930744688101
0.274903700126617,0.230354385000464,5951,5951,0.000586148937620226,0.000293074468810125
0.274664316363375,0.229819346692518,5952,5952,0.000586148937620226,0.0002930744688101
0.274903700126617,0.230354385000464,5953,5953,0.000586148937620226,0.000293074468810125
0.274664316363375,0.229819346692518,5954,5954,0.000586148937620226,0.0002930744688101
0.274903700126617,0.230354385000464,5955,5955,0.000586148937620226,0.000293074468810125
0.274664316363375,0.229819346692518,5956,5956,0.000586148937620226,0.0002930744688101
0.274903700126617,0.230354385000464,5957,5957,0.000586148937620226,0.000293074468810125
0.274664316363375,0.229819346692518,5958,5958,0.000586148937620226,0.0002930744688101
0.274903700126617,0.230354385000464,5959,5959,0.000586148937620226,0.000293074468810125
0.274664316363375,0.229819346692518,5960,5960,0.000586148937620226,0.0002930744688101
0.274903700126617,0.230354385000464,5961,5961,0.000586148937620226,0.000293074468810125
0.274664316363375,0.229819346692518,5962,5962,0.000586148937620226,0.0002930744688101
0.274903700126617,0.230354385000464,5963,5963,0.000586148937620226,0.000293074468810125
0.274664316363375,0.229819346692518,5964,5964,0.000586148937620226,0.0002930744688101
0.274903700126617,0.230354385000464,5965,5965,0.000586148937620226,0.000293074468810125
0.274664316363375,0.229819346692518,5966,5966,0.000586148937620226,0.0002930744688101
0.274903700126617,0.230354385000464,5967,5967,0.000586148937620226,0.000293074468810125
0.274664316363375,0.229819346692518,5968,5968,0.000586148937620226,0.0002930744688101
0.274903700126617,0.230354385000464,5969,5969,0.000586148937620226,0.000293074468810125
0.274664316363375,0.229819346692518,5970,5970,0.000586148937620226,0.0002930744688101
0.274903700126617,0.230354385000464,5971,5971,0.000586148937620226,0.000293074468810125
0.274664316363375,0.229819346692518,5972,5972,0.000586148937620226,0.0002930744688101
0.274903700126617,0.230354385000464,5973,5973,0.000586148937620226,0.000293074468810125
0.274664316363375,0.229819346692518,5974,5974,0.000586148937620226,0.0002930744688101
0.274903700126617,0.230354385000464,5975,5975,0.000586148937620226,0.000293074468810125
0.274664316363375,0.229819346692518,5976,5976,0.000586148937620226,0.0002930744688101
0.274903700126617,0.230354385000464,5977,5977,0.000586148937620226,0.000293074468810125
0.274664316363375,0.229819346692518,5978,5978,0.000586148937620226,0.0002930744688101
0.274903700126617,0.230354385000464,5979,5979,0.000586148937620226,0.000293074468810125
0.274664316363375,0.229819346692518,5980,5980,0.000586148937620226,0.0002930744688101
0.274903700126617,0.230354385000464,5981,5981,0.000586148937620226,0.000293074468810125
0.274664316363375,0.229819346692518,5982,5982,0.000586148937620226,0.0002930744688101
0.274903700126617,0.230354385000464,5983,5983,0.000586148937620226,0.000293074468810125
0.274664316363375,0.229819346692518,5984,5984,0.000586148937620226,0.0002930744688101
0.274903700126617,0.230354385000464,5985,5985,0.000586148937620226,0.000293074468810125
0.274664316363375,0.229819346692518,5986,5986,0.000586148937620226,0.0002930744688101
0.274903700126617,0.230354385000464,5987,5987,0.000586148937620226,0.000293074468810125
0.274664316363375,0.229819346692518,5988,5988,0.000586148937620226,0.0002930744688101
0.274903700126617,0.230354385000464,5989,5989,0.000586148937620226,0.000293074468810125
0.274664316363375,0.229819346692518,5990,5990,0.000586148937620226,0.0002930744688101
0.274903700126617,0.230354385000464,5991,5991,0.000586148937620226,0.000293074468810125
0.274664316363375,0.229819346692518,5992,5992,0.000586148937620226,0.0002930744688101
0.274903700126617,0.230354385000464,5993,5993,0.000586148937620226,0.000293074468810125
0.274664316363375,0.229819346692518,5994,5994,0.000586148937620226,0.0002930744688101
0.274903700126617,0.230354385000464,5995,5995,0.000586148937620226,0.000293074468810125
0.274664316363375,0.229819346692518,5996,5996,0.000586148937620226,0.0002930744688101
0.274903700126617,0.230354385000464,5997,5997,0.000586148937620226,0.000293074468810125
0.274664316363375,0.229819346692518,5998,5998,0.000586148937620226,0.0002930744688101
0.274903700126617,0.230354385000464,5999,5999,0.000586148937620226,0.000293074468810125
0.274664316363375,0.229819346692518,6000,6000,0.000586148937620226,0.0002930744688101
0.274903700126617,0.230354385000464,6001,6001,0.000586148937620226,0.000293074468810125
0.274664316363375,0.229819346692518,6002,6002,0.000586148937620226,0.0002930744688101
0.274903700126617,0.230354385000464,6003,6003,0.000586148937620226,0.000293074468810125
0.274664316363375,0.229819346692518,6004,6004,0.000586148937620226,0.0002930744688101
0.274903700126617,0.230354385000464,6005,6005,0.000586148937620226,0.000293074468810125
0.274664316363375,0.229819346692518,6006,6006,0.000586148937620226,0.0002930744688101
0.274903700126617,0.230354385000464,6007,6007,0.000586148937620226,0.000293074468810125
0.274664316363375,0.229819346692518,6008,6008,0.000586148937620226,0.0002930744688101
0.274903700126617,0.230354385000464,6009,6009,0.000586148937620226,0.000293074468810125
0.274664316363375,0.229819346692518,6010,6010,0.000586148937620226,0.0002930744688101
0.274903700126617,0.230354385000464,6011,6011,0.000586148937620226,0.000293074468810125
0.274664316363375,0.229819346692518,6012,6012,0.000586148937620226,0.0002930744688101
0.274903700126617,0.230354385000464,6013,6013,0.000586148937620226,0.000293074468810125
0.274664316363375,0.229819346692518,6014,6014,0.000586148937620226,0.0002930744688101
0.274903700126617,0.230354385000464,6015,6015,0.000586148937620226,0.000293074468810125
0.274664316363375,0.229819346692518,6016,6016,0.000586148937620226,0.0002930744688101
0.274903700126617,0.230354385000464,6017,6017,0.000586148937620226,0.000293074468810125
0.274664316363375,0.229819346692518,6018,6018,0.000586148937620226,0.0002930744688101
0.274903700126617,0.230354385000464,6019,6019,0.000586148937620226,0.000293074468810125
0.274664316363375,0.229819346692518,6020,6020,0.000586148937620226,0.0002930744688101
0.274903700126617,0.230354385000464,6021,6021,0.000586148937620226,0.000293074468810125
0.274664316363375,0.229819346692518,6022,6022,0.000586148937620226,0.0002930744688101
0.274903700126617,0.230354385000464,6023,6023,0.000586148937620226,0.000293074468810125
0.274664316363375,0.229819346692518,6024,6024,0.000586148937620226,0.0002930744688101
0.274903700126617,0.230354385000464,6025,6025,0.000586148937620226,0.000293074468810125
0.274664316363375,0.229819346692518,6026,6026,0.000586148937620226,0.0002930744688101
0.274903700126617,0.230354385000464,6027,6027,0.000586148937620226,0.000293074468810125
0.274664316363375,0.229819346692518,6028,6028,0.000586148937620226,0.0002930744688101
0.274903700126617,0.230354385000464,6029,6029,0.000586148937620226,0.000293074468810125
0.274664316363375,0.229819346692518,6030,6030,0.000586148937620226,0.0002930744688101
0.274903700126617,0.230354385000464,6031,6031,0.000586148937620226,0.000293074468810125
0.274664316363375,0.229819346692518,6032,6032,0.000586148937620226,0.0002930744688101
0.274903700126617,0.230354385000464,6033,6033,0.000586148937620226,0.000293074468810125
0.274664316363375,0.229819346692518,6034,6034,0.000586148937620226,0.0002930744688101
0.274903700126617,0.230354385000464,6035,6035,0.000586148937620226,0.000293074468810125
0.274664316363375,0.229819346692518,6036,6036,0.000586148937620226,0.0002930744688101
0.274903700126617,0.230354385000464,6037,6037,0.000586148937620226,0.000293074468810125
0.274664316363375,0.229819346692518,6038,6038,0.000586148937620226,0.0002930744688101
0.274903700126617,0.230354385000464,6039,6039,0.000586148937620226,0.000293074468810125
0.274664316363375,0.229819346692518,6040,6040,0.000586148937620226,0.0002930744688101
0.274903700126617,0.230354385000464,6041,6041,0.000586148937620226,0.000293074468810125
0.274664316363375,0.229819346692518,6042,6042,0.000586148937620226,0.0002930744688101
0.274903700126617,0.230354385000464,6043,6043,0.000586148937620226,0.000293074468810125
0.274664316363375,0.229819346692518,6044,6044,0.000586148937620226,0.0002930744688101
0.274903700126617,0.230354385000464,6045,6045,0.000586148937620226,0.000293074468810125
0.274664316363375,0.229819346692518,6046,6046,0.000586148937620226,0.0002930744688101
0.274903700126617,0.230354385000464,6047,6047,0.000586148937620226,0.000293074468810125
0.274664316363375,0.229819346692518,6048,6048,0.000586148937620226,0.0002930744688101
0.274903700126617,0.230354385000464,6049,6049,0.000586148937620226,0.000293074468810125
0.274664316363375,0.229819346692518,6050,6050,0.000586148937620226,0.0002930744688101
0.274903700126617,0.230354385000464,6051,6051,0.000586148937620226,0.000293074468810125
0.274664316363375,0.229819346692518,6052,6052,0.000586148937620226,0.0002930744688101
0.274903700126617,0.230354385000464,6053,6053,0.000586148937620226,0.000293074468810125
0.274664316363375,0.229819346692518,6054,6054,0.000586148937620226,0.0002930744688101
0.274903700126617,0.230354385000464,6055,6055,0.000586148937620226,0.000293074468810125
0.274664316363375,0.229819346692518,6056,6056,0.000586148937620226,0.0002930744688101
0.274903700126617,0.230354385000464,6057,6057,0.000586148937620226,0.000293074468810125
0.274664316363375,0.229819346692518,6058,6058,0.000586148937620226,0.0002930744688101
0.274903700126617,0.230354385000464,6059,6059,0.000586148937620226,0.000293074468810125
0.274664316363375,0.229819346692518,6060,6060,0.000586148937620226,0.0002930744688101
0.274903700126617,0.230354385000464,6061,6061,0.000586148937620226,0.000293074468810125
0.274664316363375,0.229819346692518,6062,6062,0.000586148937620226,0.0002930744688101
0.274903700126617,0.230354385000464,6063,6063,0.000586148937620226,0.000293074468810125
0.274664316363375,0.229819346692518,6064,6064,0.000586148937620226,0.0002930744688101
0.274903700126617,0.230354385000464,6065,6065,0.000586148937620226,0.000293074468810125
0.274664316363375,0.229819346692518,6066,6066,0.000586148937620226,0.0002930744688101
0.274903700126617,0.230354385000464,6067,6067,0.000586148937620226,0.000293074468810125
0.274664316363375,0.229819346692518,6068,6068,0.000586148937620226,0.0002930744688101
0.274903700126617,0.230354385000464,6069,6069,0.000586148937620226,0.000293074468810125
0.274664316363375,0.229819346692518,6070,6070,0.000586148937620226,0.0002930744688101
0.274903700126617,0.230354385000464,6071,6071,0.000586148937620226,0.000293074468810125
0.274664316363375,0.229819346692518,6072,6072,0.000586148937620226,0.0002930744688101
0.274903700126617,0.230354385000464,6073,6073,0.000586148937620226,0.000293074468810125
0.274664316363375,0.229819346692518,6074,6074,0.000586148937620226,0.0002930744688101
0.274903700126617,0.230354385000464,6075,6075,0.000586148937620226,0.000293074468810125
0.274664316363375,0.229819346692518,6076,6076,0.000586148937620226,0.0002930744688101
0.274903700126617,0.230354385000464,6077,6077,0.000586148937620226,0.000293074468810125
0.274664316363375,0.229819346692518,6078,6078,0.000586148937620226,0.0002930744688101
0.274903700126617,0.230354385000464,6079,6079,0.000586148937620226,0.000293074468810125
0.274664316363375,0.229819346692518,6080,6080,0.000586148937620226,0.0002930744688101
0.274903700126617,0.230354385000464,6081,6081,0.000586148937620226,0.000293074468810125
0.274664316363375,0.229819346692518,6082,6082,0.000586148937620226,0.0002930744688101
0.274903700126617,0.230354385000464,6083,6083,0.000586148937620226,0.000293074468810125
0.274664316363375,0.229819346692518,6084,6084,0.000586148937620226,0.0002930744688101
0.274903700126617,0.230354385000464,6085,6085,0.000586148937620226,0.000293074468810125
0.274664316363375,0.229819346692518,6086,6086,0.000586148937620226,0.0002930744688101
0.274903700126617,0.230354385000464,6087,6087,0.000586148937620226,0.000293074468810125
0.274664316363375,0.229819346692518,6088,6088,0.000586148937620226,0.0002930744688101
0.274903700126617,0.230354385000464,6089,6089,0.000586148937620226,0.000293074468810125
0.274664316363375,0.229819346692518,6090,6090,0.000586148937620226,0.0002930744688101
0.274903700126617,0.230354385000464,6091,6091,0.000586148937620226,0.000293074468810125
0.274664316363375,0.229819346692518,6092,6092,0.000586148937620226,0.0002930744688101
0.274903700126617,0.230354385000464,6093,6093,0.000586148937620226,0.000293074468810125
0.274664316363375,0.229819346692518,6094,6094,0.000586148937620226,0.0002930744688101
0.274903700126617,0.230354385000464,6095,6095,0.000586148937620226,0.000293074468810125
0.274664316363375,0.229819346692518,6096,6096,0.000586148937620226,0.0002930744688101
0.274903700126617,0.230354385000464,6097,6097,0.000586148937620226,0.000293074468810125
0.274664316363375,0.229819346692518,6098,6098,0.000586148937620226,0.0002930744688101
0.274903700126617,0.230354385000464,6099,6099,0.000586148937620226,0.000293074468810125
0.274664316363375,0.229819346692518,6100,6100,0.000586148937620226,0.0002930744688101
0.274903700126617,0.230354385000464,6101,6101,0.000586148937620226,0.000293074468810125
0.274664316363375,0.229819346692518,6102,6102,0.000586148937620226,0.0002930744688101
0.274903700126617,0.230354385000464,6103,6103,0.000586148937620226,0.000293074468810125
0.274664316363375,0.229819346692518,6104,6104,0.000586148937620226,0.0002930744688101
0.274903700126617,0.230354385000464,6105,6105,0.000586148937620226,0.000293074468810125
0.274664316363375,0.229819346692518,6106,6106,0.000586148937620226,0.0002930744688101
0.274903700126617,0.230354385000464,6107,6107,0.000586148937620226,0.000293074468810125
0.274664316363375,0.229819346692518,6108,6108,0.000586148937620226,0.0002930744688101
0.274903700126617,0.230354385000464,6109,6109,0.000586148937620226,0.000293074468810125
0.274664316363375,0.229819346692518,6110,6110,0.000586148937620226,0.0002930744688101
0.274903700126617,0.230354385000464,6111,6111,0.000586148937620226,0.000293074468810125
0.274664316363375,0.229819346692518,6112,6112,0.000586148937620226,0.0002930744688101
0.274903700126617,0.230354385000464,6113,6113,0.000586148937620226,0.000293074468810125
0.274664316363375,0.229819346692518,6114,6114,0.000586148937620226,0.0002930744688101
0.274903700126617,0.230354385000464,6115,6115,0.000586148937620226,0.000293074468810125
0.274664316363375,0.229819346692518,6116,6116,0.000586148937620226,0.0002930744688101
0.274903700126617,0.230354385000464,6117,6117,0.000586148937620226,0.000293074468810125
0.274664316363375,0.229819346692518,6118,6118,0.000586148937620226,0.0002930744688101
0.274903700126617,0.230354385000464,6119,6119,0.000586148937620226,0.000293074468810125
0.274664316363375,0.229819346692518,6120,6120,0.000586148937620226,0.0002930744688101
0.274903700126617,0.230354385000464,6121,6121,0.000586148937620226,0.000293074468810125
0.274664316363375,0.229819346692518,6122,6122,0.000586148937620226,0.0002930744688101
0.274903700126617,0.230354385000464,6123,6123,0.000586148937620226,0.000293074468810125
0.274664316363375,0.229819346692518,6124,6124,0.000586148937620226,0.0002930744688101
0.274903700126617,0.230354385000464,6125,6125,0.000586148937620226,0.000293074468810125
0.274664316363375,0.229819346692518,6126,6126,0.000586148937620226,0.0002930744688101
0.274903700126617,0.230354385000464,6127,6127,0.000586148937620226,0.000293074468810125
0.274664316363375,0.229819346692518,6128,6128,0.000586148937620226,0.0002930744688101
0.274903700126617,0.230354385000464,6129,6129,0.000586148937620226,0.000293074468810125
0.274664316363375,0.229819346692518,6130,6130,0.000586148937620226,0.0002930744688101
0.274903700126617,0.230354385000464,6131,6131,0.000586148937620226,0.000293074468810125
0.274664316363375,0.229819346692518,6132,6132,0.000586148937620226,0.0002930744688101
0.274903700126617,0.230354385000464,6133,6133,0.000586148937620226,0.000293074468810125
0.274664316363375,0.229819346692518,6134,6134,0.000586148937620226,0.0002930744688101
0.274903700126617,0.230354385000464,6135,6135,0.000586148937620226,0.000293074468810125
0.274664316363375,0.229819346692518,6136,6136,0.000586148937620226,0.0002930744688101
0.274903700126617,0.230354385000464,6137,6137,0.000586148937620226,0.000293074468810125
0.274664316363375,0.229819346692518,6138,6138,0.000586148937620226,0.0002930744688101
0.274903700126617,0.230354385000464,6139,6139,0.000586148937620226,0.000293074468810125
0.274664316363375,0.229819346692518,6140,6140,0.000586148937620226,0.0002930744688101
0.274903700126617,0.230354385000464,6141,6141,0.000586148937620226,0.000293074468810125
0.274664316363375,0.229819346692518,6142,6142,0.000586148937620226,0.0002930744688101
0.274903700126617,0.230354385000464,6143,6143,0.000586148937620226,0.000293074468810125
0.274664316363375,0.229819346692518,6144,6144,0.000586148937620226,0.0002930744688101
0.274903700126617,0.230354385000464,6145,6145,0.000586148937620226,0.000293074468810125
0.274664316363375,0.229819346692518,6146,6146,0.000586148937620226,0.0002930744688101
0.274903700126617,0.230354385000464,6147,6147,0.000586148937620226,0.000293074468810125
0.274664316363375,0.229819346692518,6148,6148,0.000586148937620226,0.0002930744688101
0.274903700126617,0.230354385000464,6149,6149,0.000586148937620226,0.000293074468810125
0.274664316363375,0.229819346692518,6150,6150,0.000586148937620226,0.0002930744688101
0.274903700126617,0.230354385000464,6151,6151,0.000586148937620226,0.000293074468810125
0.274664316363375,0.229819346692518,6152,6152,0.000586148937620226,0.0002930744688101
0.274903700126617,0.230354385000464,6153,6153,0.000586148937620226,0.000293074468810125
0.274664316363375,0.229819346692518,6154,6154,0.000586148937620226,0.0002930744688101
0.274903700126617,0.230354385000464,6155,6155,0.000586148937620226,0.000293074468810125
0.274664316363375,0.229819346692518,6156,6156,0.000586148937620226,0.0002930744688101
0.274903700126617,0.230354385000464,6157,6157,0.000586148937620226,0.000293074468810125
0.274664316363375,0.229819346692518,6158,6158,0.000586148937620226,0.0002930744688101
0.274903700126617,0.230354385000464,6159,6159,0.000586148937620226,0.000293074468810125
0.274664316363375,0.229819346692518,6160,6160,0.000586148937620226,0.0002930744688101
0.274903700126617,0.230354385000464,6161,6161,0.000586148937620226,0.000293074468810125
0.274664316363375,0.229819346692518,6162,6162,0.000586148937620226,0.0002930744688101
0.274903700126617,0.230354385000464,6163,6163,0.000586148937620226,0.000293074468810125
0.274664316363375,0.229819346692518,6164,6164,0.000586148937620226,0.0002930744688101
0.274903700126617,0.230354385000464,6165,6165,0.000586148937620226,0.000293074468810125
0.274664316363375,0.229819346692518,6166,6166,0.000586148937620226,0.0002930744688101
0.274903700126617,0.230354385000464,6167,6167,0.000586148937620226,0.000293074468810125
0.274664316363375,0.229819346692518,6168,6168,0.000586148937620226,0.0002930744688101
0.274903700126617,0.230354385000464,6169,6169,0.000586148937620226,0.000293074468810125
0.274664316363375,0.229819346692518,6170,6170,0.000586148937620226,0.0002930744688101
0.274903700126617,0.230354385000464,6171,6171,0.000586148937620226,0.000293074468810125
0.274664316363375,0.229819346692518,6172,6172,0.000586148937620226,0.0002930744688101
0.274903700126617,0.230354385000464,6173,6173,0.000586148937620226,0.000293074468810125
0.274664316363375,0.229819346692518,6174,6174,0.000586148937620226,0.0002930744688101
0.274903700126617,0.230354385000464,6175,6175,0.000586148937620226,0.000293074468810125
0.274664316363375,0.229819346692518,6176,6176,0.000586148937620226,0.0002930744688101
0.274903700126617,0.230354385000464,6177,6177,0.000586148937620226,0.000293074468810125
0.274664316363375,0.229819346692518,6178,6178,0.000586148937620226,0.0002930744688101
0.274903700126617,0.230354385000464,6179,6179,0.000586148937620226,0.000293074468810125
0.274664316363375,0.229819346692518,6180,6180,0.000586148937620226,0.0002930744688101
0.274903700126617,0.230354385000464,6181,6181,0.000586148937620226,0.000293074468810125
0.274664316363375,0.229819346692518,6182,6182,0.000586148937620226,0.0002930744688101
0.274903700126617,0.230354385000464,6183,6183,0.000586148937620226,0.000293074468810125
0.274664316363375,0.229819346692518,6184,6184,0.000586148937620226,0.0002930744688101
0.274903700126617,0.230354385000464,6185,6185,0.000586148937620226,0.000293074468810125
0.274664316363375,0.229819346692518,6186,6186,0.000586148937620226,0.0002930744688101
0.274903700126617,0.230354385000464,6187,6187,0.000586148937620226,0.000293074468810125
0.274664316363375,0.229819346692518,6188,6188,0.000586148937620226,0.0002930744688101
0.274903700126617,0.230354385000464,6189,6189,0.000586148937620226,0.000293074468810125
0.274664316363375,0.229819346692518,6190,6190,0.000586148937620226,0.0002930744688101
0.274903700126617,0.230354385000464,6191,6191,0.000586148937620226,0.000293074468810125
0.274664316363375,0.229819346692518,6192,6192,0.000586148937620226,0.0002930744688101
0.274903700126617,0.230354385000464,6193,6193,0.000586148937620226,0.000293074468810125
0.274664316363375,0.229819346692518,6194,6194,0.000586148937620226,0.0002930744688101
0.274903700126617,0.230354385000464,6195,6195,0.000586148937620226,0.000293074468810125
0.274664316363375,0.229819346692518,6196,6196,0.000586148937620226,0.0002930744688101
0.274903700126617,0.230354385000464,6197,6197,0.000586148937620226,0.000293074468810125
0.274664316363375,0.229819346692518,6198,6198,0.000586148937620226,0.0002930744688101
0.274903700126617,0.230354385000464,6199,6199,0.000586148937620226,0.000293074468810125
0.274664316363375,0.229819346692518,6200,6200,0.000586148937620226,0.0002930744688101
0.274903700126617,0.230354385000464,6201,6201,0.000586148937620226,0.000293074468810125
0.274664316363375,0.229819346692518,6202,6202,0.000586148937620226,0.0002930744688101
0.274903700126617,0.230354385000464,6203,6203,0.000586148937620226,0.000293074468810125
0.274664316363375,0.229819346692518,6204,6204,0.000586148937620226,0.0002930744688101
0.274903700126617,0.230354385000464,6205,6205,0.000586148937620226,0.000293074468810125
0.274664316363375,0.229819346692518,6206,6206,0.000586148937620226,0.0002930744688101
0.274903700126617,0.230354385000464,6207,6207,0.000586148937620226,0.000293074468810125
0.274664316363375,0.229819346692518,6208,6208,0.000586148937620226,0.0002930744688101
0.274903700126617,0.230354385000464,6209,6209,0.000586148937620226,0.000293074468810125
0.274664316363375,0.229819346692518,6210,6210,0.000586148937620226,0.0002930744688101
0.274903700126617,0.230354385000464,6211,6211,0.000586148937620226,0.000293074468810125
0.274664316363375,0.229819346692518,6212,6212,0.000586148937620226,0.0002930744688101
0.274903700126617,0.230354385000464,6213,6213,0.000586148937620226,0.000293074468810125
0.274664316363375,0.229819346692518,6214,6214,0.000586148937620226,0.0002930744688101
0.274903700126617,0.230354385000464,6215,6215,0.000586148937620226,0.000293074468810125
0.274664316363375,0.229819346692518,6216,6216,0.000586148937620226,0.0002930744688101
0.274903700126617,0.230354385000464,6217,6217,0.000586148937620226,0.000293074468810125
0.274664316363375,0.229819346692518,6218,6218,0.000586148937620226,0.0002930744688101
0.274903700126617,0.230354385000464,6219,6219,0.000586148937620226,0.000293074468810125
0.274664316363375,0.229819346692518,6220,6220,0.000586148937620226,0.0002930744688101
0.274903700126617,0.230354385000464,6221,6221,0.000586148937620226,0.000293074468810125
0.274664316363375,0.229819346692518,6222,6222,0.000586148937620226,0.0002930744688101
0.274903700126617,0.230354385000464,6223,6223,0.000586148937620226,0.000293074468810125
0.274664316363375,0.229819346692518,6224,6224,0.000586148937620226,0.0002930744688101
0.274903700126617,0.230354385000464,6225,6225,0.000586148937620226,0.000293074468810125
0.274664316363375,0.229819346692518,6226,6226,0.000586148937620226,0.0002930744688101
0.274903700126617,0.230354385000464,6227,6227,0.000586148937620226,0.000293074468810125
0.274664316363375,0.229819346692518,6228,6228,0.000586148937620226,0.0002930744688101
0.274903700126617,0.230354385000464,6229,6229,0.000586148937620226,0.000293074468810125
0.274664316363375,0.229819346692518,6230,6230,0.000586148937620226,0.0002930744688101
0.274903700126617,0.230354385000464,6231,6231,0.000586148937620226,0.000293074468810125
0.274664316363375,0.229819346692518,6232,6232,0.000586148937620226,0.0002930744688101
0.274903700126617,0.230354385000464,6233,6233,0.000586148937620226,0.000293074468810125
0.274664316363375,0.229819346692518,6234,6234,0.000586148937620226,0.0002930744688101
0.274903700126617,0.230354385000464,6235,6235,0.000586148937620226,0.000293074468810125
0.274664316363375,0.229819346692518,6236,6236,0.000586148937620226,0.0002930744688101
0.274903700126617,0.230354385000464,6237,6237,0.000586148937620226,0.000293074468810125
0.274664316363375,0.229819346692518,6238,6238,0.000586148937620226,0.0002930744688101
0.274903700126617,0.230354385000464,6239,6239,0.000586148937620226,0.000293074468810125
0.274664316363375,0.229819346692518,6240,6240,0.000586148937620226,0.0002930744688101
0.274903700126617,0.230354385000464,6241,6241,0.000586148937620226,0.000293074468810125
0.274664316363375,0.229819346692518,6242,6242,0.000586148937620226,0.0002930744688101
0.274903700126617,0.230354385000464,6243,6243,0.000586148937620226,0.000293074468810125
0.274664316363375,0.229819346692518,6244,6244,0.000586148937620226,0.0002930744688101
0.274903700126617,0.230354385000464,6245,6245,0.000586148937620226,0.000293074468810125
0.274664316363375,0.229819346692518,6246,6246,0.000586148937620226,0.0002930744688101
0.274903700126617,0.230354385000464,6247,6247,0.000586148937620226,0.000293074468810125
0.274664316363375,0.229819346692518,6248,6248,0.000586148937620226,0.0002930744688101
0.274903700126617,0.230354385000464,6249,6249,0.000586148937620226,0.000293074468810125
0.274664316363375,0.229819346692518,6250,6250,0.000586148937620226,0.0002930744688101
0.274903700126617,0.230354385000464,6251,6251,0.000586148937620226,0.000293074468810125
0.274664316363375,0.229819346692518,6252,6252,0.000586148937620226,0.0002930744688101
0.274903700126617,0.230354385000464,6253,6253,0.000586148937620226,0.000293074468810125
0.274664316363375,0.229819346692518,6254,6254,0.000586148937620226,0.0002930744688101
0.274903700126617,0.230354385000464,6255,6255,0.000586148937620226,0.000293074468810125
0.274664316363375,0.229819346692518,6256,6256,0.000586148937620226,0.0002930744688101
0.274903700126617,0.230354385000464,6257,6257,0.000586148937620226,0.000293074468810125
0.274664316363375,0.229819346692518,6258,6258,0.000586148937620226,0.0002930744688101
0.274903700126617,0.230354385000464,6259,6259,0.000586148937620226,0.000293074468810125
0.274664316363375,0.229819346692518,6260,6260,0.000586148937620226,0.0002930744688101
0.274903700126617,0.230354385000464,6261,6261,0.000586148937620226,0.000293074468810125
0.274664316363375,0.229819346692518,6262,6262,0.000586148937620226,0.0002930744688101
0.274903700126617,0.230354385000464,6263,6263,0.000586148937620226,0.000293074468810125
0.274664316363375,0.229819346692518,6264,6264,0.000586148937620226,0.0002930744688101
0.274903700126617,0.230354385000464,6265,6265,0.000586148937620226,0.000293074468810125
0.274664316363375,0.229819346692518,6266,6266,0.000586148937620226,0.0002930744688101
0.274903700126617,0.230354385000464,6267,6267,0.000586148937620226,0.000293074468810125
0.274664316363375,0.229819346692518,6268,6268,0.000586148937620226,0.0002930744688101
0.274903700126617,0.230354385000464,6269,6269,0.000586148937620226,0.000293074468810125
0.274664316363375,0.229819346692518,6270,6270,0.000586148937620226,0.0002930744688101
0.274903700126617,0.230354385000464,6271,6271,0.000586148937620226,0.000293074468810125
0.274664316363375,0.229819346692518,6272,6272,0.000586148937620226,0.0002930744688101
0.274903700126617,0.230354385000464,6273,6273,0.000586148937620226,0.000293074468810125
0.274664316363375,0.229819346692518,6274,6274,0.000586148937620226,0.0002930744688101
0.274903700126617,0.230354385000464,6275,6275,0.000586148937620226,0.000293074468810125
0.274664316363375,0.229819346692518,6276,6276,0.000586148937620226,0.0002930744688101
0.274903700126617,0.230354385000464,6277,6277,0.000586148937620226,0.000293074468810125
0.274664316363375,0.229819346692518,6278,6278,0.000586148937620226,0.0002930744688101
0.274903700126617,0.230354385000464,6279,6279,0.000586148937620226,0.000293074468810125
0.274664316363375,0.229819346692518,6280,6280,0.000586148937620226,0.0002930744688101
0.274903700126617,0.230354385000464,6281,6281,0.000586148937620226,0.000293074468810125
0.274664316363375,0.229819346692518,6282,6282,0.000586148937620226,0.0002930744688101
0.274903700126617,0.230354385000464,6283,6283,0.000586148937620226,0.000293074468810125
0.274664316363375,0.229819346692518,6284,6284,0.000586148937620226,0.0002930744688101
0.274903700126617,0.230354385000464,6285,6285,0.000586148937620226,0.000293074468810125
0.274664316363375,0.229819346692518,6286,6286,0.000586148937620226,0.0002930744688101
0.274903700126617,0.230354385000464,6287,6287,0.000586148937620226,0.000293074468810125
0.274664316363375,0.229819346692518,6288,6288,0.000586148937620226,0.0002930744688101
0.274903700126617,0.230354385000464,6289,6289,0.000586148937620226,0.000293074468810125
0.274664316363375,0.229819346692518,6290,6290,0.000586148937620226,0.0002930744688101
0.274903700126617,0.230354385000464,6291,6291,0.000586148937620226,0.000293074468810125
0.274664316363375,0.229819346692518,6292,6292,0.000586148937620226,0.0002930744688101
0.274903700126617,0.230354385000464,6293,6293,0.000586148937620226,0.000293074468810125
0.274664316363375,0.229819346692518,6294,6294,0.000586148937620226,0.0002930744688101
0.274903700126617,0.230354385000464,6295,6295,0.000586148937620226,0.000293074468810125
0.274664316363375,0.229819346692518,6296,6296,0.000586148937620226,0.0002930744688101
0.274903700126617,0.230354385000464,6297,6297,0.000586148937620226,0.000293074468810125
0.274664316363375,0.229819346692518,6298,6298,0.000586148937620226,0.0002930744688101
0.274903700126617,0.230354385000464,6299,6299,0.000586148937620226,0.000293074468810125
0.274664316363375,0.229819346692518,6300,6300,0.000586148937620226,0.0002930744688101
0.274903700126617,0.230354385000464,6301,6301,0.000586148937620226,0.000293074468810125
0.274664316363375,0.229819346692518,6302,6302,0.000586148937620226,0.0002930744688101
0.274903700126617,0.230354385000464,6303,6303,0.000586148937620226,0.000293074468810125
0.274664316363375,0.229819346692518,6304,6304,0.000586148937620226,0.0002930744688101
0.274903700126617,0.230354385000464,6305,6305,0.000586148937620226,0.000293074468810125
0.274664316363375,0.229819346692518,6306,6306,0.000586148937620226,0.0002930744688101
0.274903700126617,0.230354385000464,6307,6307,0.000586148937620226,0.000293074468810125
0.274664316363375,0.229819346692518,6308,6308,0.000586148937620226,0.0002930744688101
0.274903700126617,0.230354385000464,6309,6309,0.000586148937620226,0.000293074468810125
0.274664316363375,0.229819346692518,6310,6310,0.000586148937620226,0.0002930744688101
0.274903700126617,0.230354385000464,6311,6311,0.000586148937620226,0.000293074468810125
0.274664316363375,0.229819346692518,6312,6312,0.000586148937620226,0.0002930744688101
0.274903700126617,0.230354385000464,6313,6313,0.000586148937620226,0.000293074468810125
0.274664316363375,0.229819346692518,6314,6314,0.000586148937620226,0.0002930744688101
0.274903700126617,0.230354385000464,6315,6315,0.000586148937620226,0.000293074468810125
0.274664316363375,0.229819346692518,6316,6316,0.000586148937620226,0.0002930744688101
0.274903700126617,0.230354385000464,6317,6317,0.000586148937620226,0.000293074468810125
0.274664316363375,0.229819346692518,6318,6318,0.000586148937620226,0.0002930744688101
0.274903700126617,0.230354385000464,6319,6319,0.000586148937620226,0.000293074468810125
0.274664316363375,0.229819346692518,6320,6320,0.000586148937620226,0.0002930744688101
0.274903700126617,0.230354385000464,6321,6321,0.000586148937620226,0.000293074468810125
0.274664316363375,0.229819346692518,6322,6322,0.000586148937620226,0.0002930744688101
0.274903700126617,0.230354385000464,6323,6323,0.000586148937620226,0.000293074468810125
0.274664316363375,0.229819346692518,6324,6324,0.000586148937620226,0.0002930744688101
0.274903700126617,0.230354385000464,6325,6325,0.000586148937620226,0.000293074468810125
0.274664316363375,0.229819346692518,6326,6326,0.000586148937620226,0.0002930744688101
0.274903700126617,0.230354385000464,6327,6327,0.000586148937620226,0.000293074468810125
0.274664316363375,0.229819346692518,6328,6328,0.000586148937620226,0.0002930744688101
0.274903700126617,0.230354385000464,6329,6329,0.000586148937620226,0.000293074468810125
0.274664316363375,0.229819346692518,6330,6330,0.000586148937620226,0.0002930744688101
0.274903700126617,0.230354385000464,6331,6331,0.000586148937620226,0.000293074468810125
0.274664316363375,0.229819346692518,6332,6332,0.000586148937620226,0.0002930744688101
0.274903700126617,0.230354385000464,6333,6333,0.000586148937620226,0.000293074468810125
0.274664316363375,0.229819346692518,6334,6334,0.000586148937620226,0.0002930744688101
0.274903700126617,0.230354385000464,6335,6335,0.000586148937620226,0.000293074468810125
0.274664316363375,0.229819346692518,6336,6336,0.000586148937620226,0.0002930744688101
0.274903700126617,0.230354385000464,6337,6337,0.000586148937620226,0.000293074468810125
0.274664316363375,0.229819346692518,6338,6338,0.000586148937620226,0.0002930744688101
0.274903700126617,0.230354385000464,6339,6339,0.000586148937620226,0.000293074468810125
0.274664316363375,0.229819346692518,6340,6340,0.000586148937620226,0.0002930744688101
0.274903700126617,0.230354385000464,6341,6341,0.000586148937620226,0.000293074468810125
0.274664316363375,0.229819346692518,6342,6342,0.000586148937620226,0.0002930744688101
0.274903700126617,0.230354385000464,6343,6343,0.000586148937620226,0.000293074468810125
0.274664316363375,0.229819346692518,6344,6344,0.000586148937620226,0.0002930744688101
0.274903700126617,0.230354385000464,6345,6345,0.000586148937620226,0.000293074468810125
0.274664316363375,0.229819346692518,6346,6346,0.000586148937620226,0.0002930744688101
0.274903700126617,0.230354385000464,6347,6347,0.000586148937620226,0.000293074468810125
0.274664316363375,0.229819346692518,6348,6348,0.000586148937620226,0.0002930744688101
0.274903700126617,0.230354385000464,6349,6349,0.000586148937620226,0.000293074468810125
0.274664316363375,0.229819346692518,6350,6350,0.000586148937620226,0.0002930744688101
0.274903700126617,0.230354385000464,6351,6351,0.000586148937620226,0.000293074468810125
0.274664316363375,0.229819346692518,6352,6352,0.000586148937620226,0.0002930744688101
0.274903700126617,0.230354385000464,6353,6353,0.000586148937620226,0.000293074468810125
0.274664316363375,0.229819346692518,6354,6354,0.000586148937620226,0.0002930744688101
0.274903700126617,0.230354385000464,6355,6355,0.000586148937620226,0.000293074468810125
0.274664316363375,0.229819346692518,6356,6356,0.000586148937620226,0.0002930744688101
0.274903700126617,0.230354385000464,6357,6357,0.000586148937620226,0.000293074468810125
0.274664316363375,0.229819346692518,6358,6358,0.000586148937620226,0.0002930744688101
0.274903700126617,0.230354385000464,6359,6359,0.000586148937620226,0.000293074468810125
0.274664316363375,0.229819346692518,6360,6360,0.000586148937620226,0.0002930744688101
0.274903700126617,0.230354385000464,6361,6361,0.000586148937620226,0.000293074468810125
0.274664316363375,0.229819346692518,6362,6362,0.000586148937620226,0.0002930744688101
0.274903700126617,0.230354385000464,6363,6363,0.000586148937620226,0.000293074468810125
0.274664316363375,0.229819346692518,6364,6364,0.000586148937620226,0.0002930744688101
0.274903700126617,0.230354385000464,6365,6365,0.000586148937620226,0.000293074468810125
0.274664316363375,0.229819346692518,6366,6366,0.000586148937620226,0.0002930744688101
0.274903700126617,0.230354385000464,6367,6367,0.000586148937620226,0.000293074468810125
0.274664316363375,0.229819346692518,6368,6368,0.000586148937620226,0.0002930744688101
0.274903700126617,0.230354385000464,6369,6369,0.000586148937620226,0.000293074468810125
0.274664316363375,0.229819346692518,6370,6370,0.000586148937620226,0.0002930744688101
0.274903700126617,0.230354385000464,6371,6371,0.000586148937620226,0.000293074468810125
0.274664316363375,0.229819346692518,6372,6372,0.000586148937620226,0.0002930744688101
0.274903700126617,0.230354385000464,6373,6373,0.000586148937620226,0.000293074468810125
0.274664316363375,0.229819346692518,6374,6374,0.000586148937620226,0.0002930744688101
0.274903700126617,0.230354385000464,6375,6375,0.000586148937620226,0.000293074468810125
0.274664316363375,0.229819346692518,6376,6376,0.000586148937620226,0.0002930744688101
0.274903700126617,0.230354385000464,6377,6377,0.000586148937620226,0.000293074468810125
0.274664316363375,0.229819346692518,6378,6378,0.000586148937620226,0.0002930744688101
0.274903700126617,0.230354385000464,6379,6379,0.000586148937620226,0.000293074468810125
0.274664316363375,0.229819346692518,6380,6380,0.000586148937620226,0.0002930744688101
0.274903700126617,0.230354385000464,6381,6381,0.000586148937620226,0.000293074468810125
0.274664316363375,0.229819346692518,6382,6382,0.000586148937620226,0.0002930744688101
0.274903700126617,0.230354385000464,6383,6383,0.000586148937620226,0.000293074468810125
0.274664316363375,0.229819346692518,6384,6384,0.000586148937620226,0.0002930744688101
0.274903700126617,0.230354385000464,6385,6385,0.000586148937620226,0.000293074468810125
0.274664316363375,0.229819346692518,6386,6386,0.000586148937620226,0.0002930744688101
0.274903700126617,0.230354385000464,6387,6387,0.000586148937620226,0.000293074468810125
0.274664316363375,0.229819346692518,6388,6388,0.000586148937620226,0.0002930744688101
0.274903700126617,0.230354385000464,6389,6389,0.000586148937620226,0.000293074468810125
0.274664316363375,0.229819346692518,6390,6390,0.000586148937620226,0.0002930744688101
0.274903700126617,0.230354385000464,6391,6391,0.000586148937620226,0.000293074468810125
0.274664316363375,0.229819346692518,6392,6392,0.000586148937620226,0.0002930744688101
0.274903700126617,0.230354385000464,6393,6393,0.000586148937620226,0.000293074468810125
0.274664316363375,0.229819346692518,6394,6394,0.000586148937620226,0.0002930744688101
0.274903700126617,0.230354385000464,6395,6395,0.000586148937620226,0.000293074468810125
0.274664316363375,0.229819346692518,6396,6396,0.000586148937620226,0.0002930744688101
0.274903700126617,0.230354385000464,6397,6397,0.000586148937620226,0.000293074468810125
0.274664316363375,0.229819346692518,6398,6398,0.000586148937620226,0.0002930744688101
0.274903700126617,0.230354385000464,6399,6399,0.000586148937620226,0.000293074468810125
0.274664316363375,0.229819346692518,6400,6400,0.000586148937620226,0.0002930744688101
0.274903700126617,0.230354385000464,6401,6401,0.000586148937620226,0.000293074468810125
0.274664316363375,0.229819346692518,6402,6402,0.000586148937620226,0.0002930744688101
0.274903700126617,0.230354385000464,6403,6403,0.000586148937620226,0.000293074468810125
0.274664316363375,0.229819346692518,6404,6404,0.000586148937620226,0.0002930744688101
0.274903700126617,0.230354385000464,6405,6405,0.000586148937620226,0.000293074468810125
0.274664316363375,0.229819346692518,6406,6406,0.000586148937620226,0.0002930744688101
0.274903700126617,0.230354385000464,6407,6407,0.000586148937620226,0.000293074468810125
0.274664316363375,0.229819346692518,6408,6408,0.000586148937620226,0.0002930744688101
0.274903700126617,0.230354385000464,6409,6409,0.000586148937620226,0.000293074468810125
0.274664316363375,0.229819346692518,6410,6410,0.000586148937620226,0.0002930744688101
0.274903700126617,0.230354385000464,6411,6411,0.000586148937620226,0.000293074468810125
0.274664316363375,0.229819346692518,6412,6412,0.000586148937620226,0.0002930744688101
0.274903700126617,0.230354385000464,6413,6413,0.000586148937620226,0.000293074468810125
0.274664316363375,0.229819346692518,6414,6414,0.000586148937620226,0.0002930744688101
0.274903700126617,0.230354385000464,6415,6415,0.000586148937620226,0.000293074468810125
0.274664316363375,0.229819346692518,6416,6416,0.000586148937620226,0.0002930744688101
0.274903700126617,0.230354385000464,6417,6417,0.000586148937620226,0.000293074468810125
0.274664316363375,0.229819346692518,6418,6418,0.000586148937620226,0.0002930744688101
0.274903700126617,0.230354385000464,6419,6419,0.000586148937620226,0.000293074468810125
0.274664316363375,0.229819346692518,6420,6420,0.000586148937620226,0.0002930744688101
0.274903700126617,0.230354385000464,6421,6421,0.000586148937620226,0.000293074468810125
0.274664316363375,0.229819346692518,6422,6422,0.000586148937620226,0.0002930744688101
0.274903700126617,0.230354385000464,6423,6423,0.000586148937620226,0.000293074468810125
0.274664316363375,0.229819346692518,6424,6424,0.000586148937620226,0.0002930744688101
0.274903700126617,0.230354385000464,6425,6425,0.000586148937620226,0.000293074468810125
0.274664316363375,0.229819346692518,6426,6426,0.000586148937620226,0.0002930744688101
0.274903700126617,0.230354385000464,6427,6427,0.000586148937620226,0.000293074468810125
0.274664316363375,0.229819346692518,6428,6428,0.000586148937620226,0.0002930744688101
0.274903700126617,0.230354385000464,6429,6429,0.000586148937620226,0.000293074468810125
0.274664316363375,0.229819346692518,6430,6430,0.000586148937620226,0.0002930744688101
0.274903700126617,0.230354385000464,6431,6431,0.000586148937620226,0.000293074468810125
0.274664316363375,0.229819346692518,6432,6432,0.000586148937620226,0.0002930744688101
0.274903700126617,0.230354385000464,6433,6433,0.000586148937620226,0.000293074468810125
0.274664316363375,0.229819346692518,6434,6434,0.000586148937620226,0.0002930744688101
0.274903700126617,0.230354385000464,6435,6435,0.000586148937620226,0.000293074468810125
0.274664316363375,0.229819346692518,6436,6436,0.000586148937620226,0.0002930744688101
0.274903700126617,0.230354385000464,6437,6437,0.000586148937620226,0.000293074468810125
0.274664316363375,0.229819346692518,6438,6438,0.000586148937620226,0.0002930744688101
0.274903700126617,0.230354385000464,6439,6439,0.000586148937620226,0.000293074468810125
0.274664316363375,0.229819346692518,6440,6440,0.000586148937620226,0.0002930744688101
0.274903700126617,0.230354385000464,6441,6441,0.000586148937620226,0.000293074468810125
0.274664316363375,0.229819346692518,6442,6442,0.000586148937620226,0.0002930744688101
0.274903700126617,0.230354385000464,6443,6443,0.000586148937620226,0.000293074468810125
0.274664316363375,0.229819346692518,6444,6444,0.000586148937620226,0.0002930744688101
0.274903700126617,0.230354385000464,6445,6445,0.000586148937620226,0.000293074468810125
0.274664316363375,0.229819346692518,6446,6446,0.000586148937620226,0.0002930744688101
0.274903700126617,0.230354385000464,6447,6447,0.000586148937620226,0.000293074468810125
0.274664316363375,0.229819346692518,6448,6448,0.000586148937620226,0.0002930744688101
0.274903700126617,0.230354385000464,6449,6449,0.000586148937620226,0.000293074468810125
0.274664316363375,0.229819346692518,6450,6450,0.000586148937620226,0.0002930744688101
0.274903700126617,0.230354385000464,6451,6451,0.000586148937620226,0.000293074468810125
0.274664316363375,0.229819346692518,6452,6452,0.000586148937620226,0.0002930744688101
0.274903700126617,0.230354385000464,6453,6453,0.000586148937620226,0.000293074468810125
0.274664316363375,0.229819346692518,6454,6454,0.000586148937620226,0.0002930744688101
0.274903700126617,0.230354385000464,6455,6455,0.000586148937620226,0.000293074468810125
0.274664316363375,0.229819346692518,6456,6456,0.000586148937620226,0.0002930744688101
0.274903700126617,0.230354385000464,6457,6457,0.000586148937620226,0.000293074468810125
0.274664316363375,0.229819346692518,6458,6458,0.000586148937620226,0.0002930744688101
0.274903700126617,0.230354385000464,6459,6459,0.000586148937620226,0.000293074468810125
0.274664316363375,0.229819346692518,6460,6460,0.000586148937620226,0.0002930744688101
0.274903700126617,0.230354385000464,6461,6461,0.000586148937620226,0.000293074468810125
0.274664316363375,0.229819346692518,6462,6462,0.000586148937620226,0.0002930744688101
0.274903700126617,0.230354385000464,6463,6463,0.000586148937620226,0.000293074468810125
0.274664316363375,0.229819346692518,6464,6464,0.000586148937620226,0.0002930744688101
0.274903700126617,0.230354385000464,6465,6465,0.000586148937620226,0.000293074468810125
0.274664316363375,0.229819346692518,6466,6466,0.000586148937620226,0.0002930744688101
0.274903700126617,0.230354385000464,6467,6467,0.000586148937620226,0.000293074468810125
0.274664316363375,0.229819346692518,6468,6468,0.000586148937620226,0.0002930744688101
0.274903700126617,0.230354385000464,6469,6469,0.000586148937620226,0.000293074468810125
0.274664316363375,0.229819346692518,6470,6470,0.000586148937620226,0.0002930744688101
0.274903700126617,0.230354385000464,6471,6471,0.000586148937620226,0.000293074468810125
0.274664316363375,0.229819346692518,6472,6472,0.000586148937620226,0.0002930744688101
0.274903700126617,0.230354385000464,6473,6473,0.000586148937620226,0.000293074468810125
0.274664316363375,0.229819346692518,6474,6474,0.000586148937620226,0.0002930744688101
0.274903700126617,0.230354385000464,6475,6475,0.000586148937620226,0.000293074468810125
0.274664316363375,0.229819346692518,6476,6476,0.000586148937620226,0.0002930744688101
0.274903700126617,0.230354385000464,6477,6477,0.000586148937620226,0.000293074468810125
0.274664316363375,0.229819346692518,6478,6478,0.000586148937620226,0.0002930744688101
0.274903700126617,0.230354385000464,6479,6479,0.000586148937620226,0.000293074468810125
0.274664316363375,0.229819346692518,6480,6480,0.000586148937620226,0.0002930744688101
0.274903700126617,0.230354385000464,6481,6481,0.000586148937620226,0.000293074468810125
0.274664316363375,0.229819346692518,6482,6482,0.000586148937620226,0.0002930744688101
0.274903700126617,0.230354385000464,6483,6483,0.000586148937620226,0.000293074468810125
0.274664316363375,0.229819346692518,6484,6484,0.000586148937620226,0.0002930744688101
0.274903700126617,0.230354385000464,6485,6485,0.000586148937620226,0.000293074468810125
0.274664316363375,0.229819346692518,6486,6486,0.000586148937620226,0.0002930744688101
0.274903700126617,0.230354385000464,6487,6487,0.000586148937620226,0.000293074468810125
0.274664316363375,0.229819346692518,6488,6488,0.000586148937620226,0.0002930744688101
0.274903700126617,0.230354385000464,6489,6489,0.000586148937620226,0.000293074468810125
0.274664316363375,0.229819346692518,6490,6490,0.000586148937620226,0.0002930744688101
0.274903700126617,0.230354385000464,6491,6491,0.000586148937620226,0.000293074468810125
0.274664316363375,0.229819346692518,6492,6492,0.000586148937620226,0.0002930744688101
0.274903700126617,0.230354385000464,6493,6493,0.000586148937620226,0.000293074468810125
0.274664316363375,0.229819346692518,6494,6494,0.000586148937620226,0.0002930744688101
0.274903700126617,0.230354385000464,6495,6495,0.000586148937620226,0.000293074468810125
0.274664316363375,0.229819346692518,6496,6496,0.000586148937620226,0.0002930744688101
0.274903700126617,0.230354385000464,6497,6497,0.000586148937620226,0.000293074468810125
0.274664316363375,0.229819346692518,6498,6498,0.000586148937620226,0.0002930744688101
0.274903700126617,0.230354385000464,6499,6499,0.000586148937620226,0.000293074468810125
0.274664316363375,0.229819346692518,6500,6500,0.000586148937620226,0.0002930744688101
0.274903700126617,0.230354385000464,6501,6501,0.000586148937620226,0.000293074468810125
0.274664316363375,0.229819346692518,6502,6502,0.000586148937620226,0.0002930744688101
0.274903700126617,0.230354385000464,6503,6503,0.000586148937620226,0.000293074468810125
0.274664316363375,0.229819346692518,6504,6504,0.000586148937620226,0.0002930744688101
0.274903700126617,0.230354385000464,6505,6505,0.000586148937620226,0.000293074468810125
0.274664316363375,0.229819346692518,6506,6506,0.000586148937620226,0.0002930744688101
0.274903700126617,0.230354385000464,6507,6507,0.000586148937620226,0.000293074468810125
0.274664316363375,0.229819346692518,6508,6508,0.000586148937620226,0.0002930744688101
0.274903700126617,0.230354385000464,6509,6509,0.000586148937620226,0.000293074468810125
0.274664316363375,0.229819346692518,6510,6510,0.000586148937620226,0.0002930744688101
0.274903700126617,0.230354385000464,6511,6511,0.000586148937620226,0.000293074468810125
0.274664316363375,0.229819346692518,6512,6512,0.000586148937620226,0.0002930744688101
0.274903700126617,0.230354385000464,6513,6513,0.000586148937620226,0.000293074468810125
0.274664316363375,0.229819346692518,6514,6514,0.000586148937620226,0.0002930744688101
0.274903700126617,0.230354385000464,6515,6515,0.000586148937620226,0.000293074468810125
0.274664316363375,0.229819346692518,6516,6516,0.000586148937620226,0.0002930744688101
0.274903700126617,0.230354385000464,6517,6517,0.000586148937620226,0.000293074468810125
0.274664316363375,0.229819346692518,6518,6518,0.000586148937620226,0.0002930744688101
0.274903700126617,0.230354385000464,6519,6519,0.000586148937620226,0.000293074468810125
0.274664316363375,0.229819346692518,6520,6520,0.000586148937620226,0.0002930744688101
0.274903700126617,0.230354385000464,6521,6521,0.000586148937620226,0.000293074468810125
0.274664316363375,0.229819346692518,6522,6522,0.000586148937620226,0.0002930744688101
0.274903700126617,0.230354385000464,6523,6523,0.000586148937620226,0.000293074468810125
0.274664316363375,0.229819346692518,6524,6524,0.000586148937620226,0.0002930744688101
0.274903700126617,0.230354385000464,6525,6525,0.000586148937620226,0.000293074468810125
0.274664316363375,0.229819346692518,6526,6526,0.000586148937620226,0.0002930744688101
0.274903700126617,0.230354385000464,6527,6527,0.000586148937620226,0.000293074468810125
0.274664316363375,0.229819346692518,6528,6528,0.000586148937620226,0.0002930744688101
0.274903700126617,0.230354385000464,6529,6529,0.000586148937620226,0.000293074468810125
0.274664316363375,0.229819346692518,6530,6530,0.000586148937620226,0.0002930744688101
0.274903700126617,0.230354385000464,6531,6531,0.000586148937620226,0.000293074468810125
0.274664316363375,0.229819346692518,6532,6532,0.000586148937620226,0.0002930744688101
0.274903700126617,0.230354385000464,6533,6533,0.000586148937620226,0.000293074468810125
0.274664316363375,0.229819346692518,6534,6534,0.000586148937620226,0.0002930744688101
0.274903700126617,0.230354385000464,6535,6535,0.000586148937620226,0.000293074468810125
0.274664316363375,0.229819346692518,6536,6536,0.000586148937620226,0.0002930744688101
0.274903700126617,0.230354385000464,6537,6537,0.000586148937620226,0.000293074468810125
0.274664316363375,0.229819346692518,6538,6538,0.000586148937620226,0.0002930744688101
0.274903700126617,0.230354385000464,6539,6539,0.000586148937620226,0.000293074468810125
0.274664316363375,0.229819346692518,6540,6540,0.000586148937620226,0.0002930744688101
0.274903700126617,0.230354385000464,6541,6541,0.000586148937620226,0.000293074468810125
0.274664316363375,0.229819346692518,6542,6542,0.000586148937620226,0.0002930744688101
0.274903700126617,0.230354385000464,6543,6543,0.000586148937620226,0.000293074468810125
0.274664316363375,0.229819346692518,6544,6544,0.000586148937620226,0.0002930744688101
0.274903700126617,0.230354385000464,6545,6545,0.000586148937620226,0.000293074468810125
0.274664316363375,0.229819346692518,6546,6546,0.000586148937620226,0.0002930744688101
0.274903700126617,0.230354385000464,6547,6547,0.000586148937620226,0.000293074468810125
0.274664316363375,0.229819346692518,6548,6548,0.000586148937620226,0.0002930744688101
0.274903700126617,0.230354385000464,6549,6549,0.000586148937620226,0.000293074468810125
0.274664316363375,0.229819346692518,6550,6550,0.000586148937620226,0.0002930744688101
0.274903700126617,0.230354385000464,6551,6551,0.000586148937620226,0.000293074468810125
0.274664316363375,0.229819346692518,6552,6552,0.000586148937620226,0.0002930744688101
0.274903700126617,0.230354385000464,6553,6553,0.000586148937620226,0.000293074468810125
0.274664316363375,0.229819346692518,6554,6554,0.000586148937620226,0.0002930744688101
0.274903700126617,0.230354385000464,6555,6555,0.000586148937620226,0.000293074468810125
0.274664316363375,0.229819346692518,6556,6556,0.000586148937620226,0.0002930744688101
0.274903700126617,0.230354385000464,6557,6557,0.000586148937620226,0.000293074468810125
0.274664316363375,0.229819346692518,6558,6558,0.000586148937620226,0.0002930744688101
0.274903700126617,0.230354385000464,6559,6559,0.000586148937620226,0.000293074468810125
0.274664316363375,0.229819346692518,6560,6560,0.000586148937620226,0.0002930744688101
0.274903700126617,0.230354385000464,6561,6561,0.000586148937620226,0.000293074468810125
0.274664316363375,0.229819346692518,6562,6562,0.000586148937620226,0.0002930744688101
0.274903700126617,0.230354385000464,6563,6563,0.000586148937620226,0.000293074468810125
0.274664316363375,0.229819346692518,6564,6564,0.000586148937620226,0.0002930744688101
0.274903700126617,0.230354385000464,6565,6565,0.000586148937620226,0.000293074468810125
0.274664316363375,0.229819346692518,6566,6566,0.000586148937620226,0.0002930744688101
0.274903700126617,0.230354385000464,6567,6567,0.000586148937620226,0.000293074468810125
0.274664316363375,0.229819346692518,6568,6568,0.000586148937620226,0.0002930744688101
0.274903700126617,0.230354385000464,6569,6569,0.000586148937620226,0.000293074468810125
0.274664316363375,0.229819346692518,6570,6570,0.000586148937620226,0.0002930744688101
0.274903700126617,0.230354385000464,6571,6571,0.000586148937620226,0.000293074468810125
0.274664316363375,0.229819346692518,6572,6572,0.000586148937620226,0.0002930744688101
0.274903700126617,0.230354385000464,6573,6573,0.000586148937620226,0.000293074468810125
0.274664316363375,0.229819346692518,6574,6574,0.000586148937620226,0.0002930744688101
0.274903700126617,0.230354385000464,6575,6575,0.000586148937620226,0.000293074468810125
0.274664316363375,0.229819346692518,6576,6576,0.000586148937620226,0.0002930744688101
0.274903700126617,0.230354385000464,6577,6577,0.000586148937620226,0.000293074468810125
0.274664316363375,0.229819346692518,6578,6578,0.000586148937620226,0.0002930744688101
0.274903700126617,0.230354385000464,6579,6579,0.000586148937620226,0.000293074468810125
0.274664316363375,0.229819346692518,6580,6580,0.000586148937620226,0.0002930744688101
0.274903700126617,0.230354385000464,6581,6581,0.000586148937620226,0.000293074468810125
0.274664316363375,0.229819346692518,6582,6582,0.000586148937620226,0.0002930744688101
0.274903700126617,0.230354385000464,6583,6583,0.000586148937620226,0.000293074468810125
0.274664316363375,0.229819346692518,6584,6584,0.000586148937620226,0.0002930744688101
0.274903700126617,0.230354385000464,6585,6585,0.000586148937620226,0.000293074468810125
0.274664316363375,0.229819346692518,6586,6586,0.000586148937620226,0.0002930744688101
0.274903700126617,0.230354385000464,6587,6587,0.000586148937620226,0.000293074468810125
0.274664316363375,0.229819346692518,6588,6588,0.000586148937620226,0.0002930744688101
0.274903700126617,0.230354385000464,6589,6589,0.000586148937620226,0.000293074468810125
0.274664316363375,0.229819346692518,6590,6590,0.000586148937620226,0.0002930744688101
0.274903700126617,0.230354385000464,6591,6591,0.000586148937620226,0.000293074468810125
0.274664316363375,0.229819346692518,6592,6592,0.000586148937620226,0.0002930744688101
0.274903700126617,0.230354385000464,6593,6593,0.000586148937620226,0.000293074468810125
0.274664316363375,0.229819346692518,6594,6594,0.000586148937620226,0.0002930744688101
0.274903700126617,0.230354385000464,6595,6595,0.000586148937620226,0.000293074468810125
0.274664316363375,0.229819346692518,6596,6596,0.000586148937620226,0.0002930744688101
0.274903700126617,0.230354385000464,6597,6597,0.000586148937620226,0.000293074468810125
0.274664316363375,0.229819346692518,6598,6598,0.000586148937620226,0.0002930744688101
0.274903700126617,0.230354385000464,6599,6599,0.000586148937620226,0.000293074468810125
0.274664316363375,0.229819346692518,6600,6600,0.000586148937620226,0.0002930744688101
0.274903700126617,0.230354385000464,6601,6601,0.000586148937620226,0.000293074468810125
0.274664316363375,0.229819346692518,6602,6602,0.000586148937620226,0.0002930744688101
0.274903700126617,0.230354385000464,6603,6603,0.000586148937620226,0.000293074468810125
0.274664316363375,0.229819346692518,6604,6604,0.000586148937620226,0.0002930744688101
0.274903700126617,0.230354385000464,6605,6605,0.000586148937620226,0.000293074468810125
0.274664316363375,0.229819346692518,6606,6606,0.000586148937620226,0.0002930744688101
0.274903700126617,0.230354385000464,6607,6607,0.000586148937620226,0.000293074468810125
0.274664316363375,0.229819346692518,6608,6608,0.000586148937620226,0.0002930744688101
0.274903700126617,0.230354385000464,6609,6609,0.000586148937620226,0.000293074468810125
0.274664316363375,0.229819346692518,6610,6610,0.000586148937620226,0.0002930744688101
0.274903700126617,0.230354385000464,6611,6611,0.000586148937620226,0.000293074468810125
0.274664316363375,0.229819346692518,6612,6612,0.000586148937620226,0.0002930744688101
0.274903700126617,0.230354385000464,6613,6613,0.000586148937620226,0.000293074468810125
0.274664316363375,0.229819346692518,6614,6614,0.000586148937620226,0.0002930744688101
0.274903700126617,0.230354385000464,6615,6615,0.000586148937620226,0.000293074468810125
0.274664316363375,0.229819346692518,6616,6616,0.000586148937620226,0.0002930744688101
0.274903700126617,0.230354385000464,6617,6617,0.000586148937620226,0.000293074468810125
0.274664316363375,0.229819346692518,6618,6618,0.000586148937620226,0.0002930744688101
0.274903700126617,0.230354385000464,6619,6619,0.000586148937620226,0.000293074468810125
0.274664316363375,0.229819346692518,6620,6620,0.000586148937620226,0.0002930744688101
0.274903700126617,0.230354385000464,6621,6621,0.000586148937620226,0.000293074468810125
0.274664316363375,0.229819346692518,6622,6622,0.000586148937620226,0.0002930744688101
0.274903700126617,0.230354385000464,6623,6623,0.000586148937620226,0.000293074468810125
0.274664316363375,0.229819346692518,6624,6624,0.000586148937620226,0.0002930744688101
0.274903700126617,0.230354385000464,6625,6625,0.000586148937620226,0.000293074468810125
0.274664316363375,0.229819346692518,6626,6626,0.000586148937620226,0.0002930744688101
0.274903700126617,0.230354385000464,6627,6627,0.000586148937620226,0.000293074468810125
0.274664316363375,0.229819346692518,6628,6628,0.000586148937620226,0.0002930744688101
0.274903700126617,0.230354385000464,6629,6629,0.000586148937620226,0.000293074468810125
0.274664316363375,0.229819346692518,6630,6630,0.000586148937620226,0.0002930744688101
0.274903700126617,0.230354385000464,6631,6631,0.000586148937620226,0.000293074468810125
0.274664316363375,0.229819346692518,6632,6632,0.000586148937620226,0.0002930744688101
0.274903700126617,0.230354385000464,6633,6633,0.000586148937620226,0.000293074468810125
0.274664316363375,0.229819346692518,6634,6634,0.000586148937620226,0.0002930744688101
0.274903700126617,0.230354385000464,6635,6635,0.000586148937620226,0.000293074468810125
0.274664316363375,0.229819346692518,6636,6636,0.000586148937620226,0.0002930744688101
0.274903700126617,0.230354385000464,6637,6637,0.000586148937620226,0.000293074468810125
0.274664316363375,0.229819346692518,6638,6638,0.000586148937620226,0.0002930744688101
0.274903700126617,0.230354385000464,6639,6639,0.000586148937620226,0.000293074468810125
0.274664316363375,0.229819346692518,6640,6640,0.000586148937620226,0.0002930744688101
0.274903700126617,0.230354385000464,6641,6641,0.000586148937620226,0.000293074468810125
0.274664316363375,0.229819346692518,6642,6642,0.000586148937620226,0.0002930744688101
0.274903700126617,0.230354385000464,6643,6643,0.000586148937620226,0.000293074468810125
0.274664316363375,0.229819346692518,6644,6644,0.000586148937620226,0.0002930744688101
0.274903700126617,0.230354385000464,6645,6645,0.000586148937620226,0.000293074468810125
0.274664316363375,0.229819346692518,6646,6646,0.000586148937620226,0.0002930744688101
0.274903700126617,0.230354385000464,6647,6647,0.000586148937620226,0.000293074468810125
0.274664316363375,0.229819346692518,6648,6648,0.000586148937620226,0.0002930744688101
0.274903700126617,0.230354385000464,6649,6649,0.000586148937620226,0.000293074468810125
0.274664316363375,0.229819346692518,6650,6650,0.000586148937620226,0.0002930744688101
0.274903700126617,0.230354385000464,6651,6651,0.000586148937620226,0.000293074468810125
0.274664316363375,0.229819346692518,6652,6652,0.000586148937620226,0.0002930744688101
0.274903700126617,0.230354385000464,6653,6653,0.000586148937620226,0.000293074468810125
0.274664316363375,0.229819346692518,6654,6654,0.000586148937620226,0.0002930744688101
0.274903700126617,0.230354385000464,6655,6655,0.000586148937620226,0.000293074468810125
0.274664316363375,0.229819346692518,6656,6656,0.000586148937620226,0.0002930744688101
0.274903700126617,0.230354385000464,6657,6657,0.000586148937620226,0.000293074468810125
0.274664316363375,0.229819346692518,6658,6658,0.000586148937620226,0.0002930744688101
0.274903700126617,0.230354385000464,6659,6659,0.000586148937620226,0.000293074468810125
0.274664316363375,0.229819346692518,6660,6660,0.000586148937620226,0.0002930744688101
0.274903700126617,0.230354385000464,6661,6661,0.000586148937620226,0.000293074468810125
0.274664316363375,0.229819346692518,6662,6662,0.000586148937620226,0.0002930744688101
0.274903700126617,0.230354385000464,6663,6663,0.000586148937620226,0.000293074468810125
0.274664316363375,0.229819346692518,6664,6664,0.000586148937620226,0.0002930744688101
0.274903700126617,0.230354385000464,6665,6665,0.000586148937620226,0.000293074468810125
0.274664316363375,0.229819346692518,6666,6666,0.000586148937620226,0.0002930744688101
0.274903700126617,0.230354385000464,6667,6667,0.000586148937620226,0.000293074468810125
0.274664316363375,0.229819346692518,6668,6668,0.000586148937620226,0.0002930744688101
0.274903700126617,0.230354385000464,6669,6669,0.000586148937620226,0.000293074468810125
0.274664316363375,0.229819346692518,6670,6670,0.000586148937620226,0.0002930744688101
0.274903700126617,0.230354385000464,6671,6671,0.000586148937620226,0.000293074468810125
0.274664316363375,0.229819346692518,6672,6672,0.000586148937620226,0.0002930744688101
0.274903700126617,0.230354385000464,6673,6673,0.000586148937620226,0.000293074468810125
0.274664316363375,0.229819346692518,6674,6674,0.000586148937620226,0.0002930744688101
0.274903700126617,0.230354385000464,6675,6675,0.000586148937620226,0.000293074468810125
0.274664316363375,0.229819346692518,6676,6676,0.000586148937620226,0.0002930744688101
0.274903700126617,0.230354385000464,6677,6677,0.000586148937620226,0.000293074468810125
0.274664316363375,0.229819346692518,6678,6678,0.000586148937620226,0.0002930744688101
0.274903700126617,0.230354385000464,6679,6679,0.000586148937620226,0.000293074468810125
0.274664316363375,0.229819346692518,6680,6680,0.000586148937620226,0.0002930744688101
0.274903700126617,0.230354385000464,6681,6681,0.000586148937620226,0.000293074468810125
0.274664316363375,0.229819346692518,6682,6682,0.000586148937620226,0.0002930744688101
0.274903700126617,0.230354385000464,6683,6683,0.000586148937620226,0.000293074468810125
0.274664316363375,0.229819346692518,6684,6684,0.000586148937620226,0.0002930744688101
0.274903700126617,0.230354385000464,6685,6685,0.000586148937620226,0.000293074468810125
0.274664316363375,0.229819346692518,6686,6686,0.000586148937620226,0.0002930744688101
0.274903700126617,0.230354385000464,6687,6687,0.000586148937620226,0.000293074468810125
0.274664316363375,0.229819346692518,6688,6688,0.000586148937620226,0.0002930744688101
0.274903700126617,0.230354385000464,6689,6689,0.000586148937620226,0.000293074468810125
0.274664316363375,0.229819346692518,6690,6690,0.000586148937620226,0.0002930744688101
0.274903700126617,0.230354385000464,6691,6691,0.000586148937620226,0.000293074468810125
0.274664316363375,0.229819346692518,6692,6692,0.000586148937620226,0.0002930744688101
0.274903700126617,0.230354385000464,6693,6693,0.000586148937620226,0.000293074468810125
0.274664316363375,0.229819346692518,6694,6694,0.000586148937620226,0.0002930744688101
0.274903700126617,0.230354385000464,6695,6695,0.000586148937620226,0.000293074468810125
0.274664316363375,0.229819346692518,6696,6696,0.000586148937620226,0.0002930744688101
0.274903700126617,0.230354385000464,6697,6697,0.000586148937620226,0.000293074468810125
0.274664316363375,0.229819346692518,6698,6698,0.000586148937620226,0.0002930744688101
0.274903700126617,0.230354385000464,6699,6699,0.000586148937620226,0.000293074468810125
0.274664316363375,0.229819346692518,6700,6700,0.000586148937620226,0.0002930744688101
0.274903700126617,0.230354385000464,6701,6701,0.000586148937620226,0.000293074468810125
0.274664316363375,0.229819346692518,6702,6702,0.000586148937620226,0.0002930744688101
0.274903700126617,0.230354385000464,6703,6703,0.000586148937620226,0.000293074468810125
0.274664316363375,0.229819346692518,6704,6704,0.000586148937620226,0.0002930744688101
0.274903700126617,0.230354385000464,6705,6705,0.000586148937620226,0.000293074468810125
0.274664316363375,0.229819346692518,6706,6706,0.000586148937620226,0.0002930744688101
0.274903700126617,0.230354385000464,6707,6707,0.000586148937620226,0.000293074468810125
0.274664316363375,0.229819346692518,6708,6708,0.000586148937620226,0.0002930744688101
0.274903700126617,0.230354385000464,6709,6709,0.000586148937620226,0.000293074468810125
0.274664316363375,0.229819346692518,6710,6710,0.000586148937620226,0.0002930744688101
0.274903700126617,0.230354385000464,6711,6711,0.000586148937620226,0.000293074468810125
0.274664316363375,0.229819346692518,6712,6712,0.000586148937620226,0.0002930744688101
0.274903700126617,0.230354385000464,6713,6713,0.000586148937620226,0.000293074468810125
0.274664316363375,0.229819346692518,6714,6714,0.000586148937620226,0.0002930744688101
0.274903700126617,0.230354385000464,6715,6715,0.000586148937620226,0.000293074468810125
0.274664316363375,0.229819346692518,6716,6716,0.000586148937620226,0.0002930744688101
0.274903700126617,0.230354385000464,6717,6717,0.000586148937620226,0.000293074468810125
0.274664316363375,0.229819346692518,6718,6718,0.000586148937620226,0.0002930744688101
0.274903700126617,0.230354385000464,6719,6719,0.000586148937620226,0.000293074468810125
0.274664316363375,0.229819346692518,6720,6720,0.000586148937620226,0.0002930744688101
0.274903700126617,0.230354385000464,6721,6721,0.000586148937620226,0.000293074468810125
0.274664316363375,0.229819346692518,6722,6722,0.000586148937620226,0.0002930744688101
0.274903700126617,0.230354385000464,6723,6723,0.000586148937620226,0.000293074468810125
0.274664316363375,0.229819346692518,6724,6724,0.000586148937620226,0.0002930744688101
0.274903700126617,0.230354385000464,6725,6725,0.000586148937620226,0.000293074468810125
0.274664316363375,0.229819346692518,6726,6726,0.000586148937620226,0.0002930744688101
0.274903700126617,0.230354385000464,6727,6727,0.000586148937620226,0.000293074468810125
0.274664316363375,0.229819346692518,6728,6728,0.000586148937620226,0.0002930744688101
0.274903700126617,0.230354385000464,6729,6729,0.000586148937620226,0.000293074468810125
0.274664316363375,0.229819346692518,6730,6730,0.000586148937620226,0.0002930744688101
0.274903700126617,0.230354385000464,6731,6731,0.000586148937620226,0.000293074468810125
0.274664316363375,0.229819346692518,6732,6732,0.000586148937620226,0.0002930744688101
0.274903700126617,0.230354385000464,6733,6733,0.000586148937620226,0.000293074468810125
0.274664316363375,0.229819346692518,6734,6734,0.000586148937620226,0.0002930744688101
0.274903700126617,0.230354385000464,6735,6735,0.000586148937620226,0.000293074468810125
0.274664316363375,0.229819346692518,6736,6736,0.000586148937620226,0.0002930744688101
0.274903700126617,0.230354385000464,6737,6737,0.000586148937620226,0.000293074468810125
0.274664316363375,0.229819346692518,6738,6738,0.000586148937620226,0.0002930744688101
0.274903700126617,0.230354385000464,6739,6739,0.000586148937620226,0.000293074468810125
0.274664316363375,0.229819346692518,6740,6740,0.000586148937620226,0.0002930744688101
0.274903700126617,0.230354385000464,6741,6741,0.000586148937620226,0.000293074468810125
0.274664316363375,0.229819346692518,6742,6742,0.000586148937620226,0.0002930744688101
0.274903700126617,0.230354385000464,6743,6743,0.000586148937620226,0.000293074468810125
0.274664316363375,0.229819346692518,6744,6744,0.000586148937620226,0.0002930744688101
0.274903700126617,0.230354385000464,6745,6745,0.000586148937620226,0.000293074468810125
0.274664316363375,0.229819346692518,6746,6746,0.000586148937620226,0.0002930744688101
0.274903700126617,0.230354385000464,6747,6747,0.000586148937620226,0.000293074468810125
0.274664316363375,0.229819346692518,6748,6748,0.000586148937620226,0.0002930744688101
0.274903700126617,0.230354385000464,6749,6749,0.000586148937620226,0.000293074468810125
0.274664316363375,0.229819346692518,6750,6750,0.000586148937620226,0.0002930744688101
0.274903700126617,0.230354385000464,6751,6751,0.000586148937620226,0.000293074468810125
0.274664316363375,0.229819346692518,6752,6752,0.000586148937620226,0.0002930744688101
0.274903700126617,0.230354385000464,6753,6753,0.000586148937620226,0.000293074468810125
0.274664316363375,0.229819346692518,6754,6754,0.000586148937620226,0.0002930744688101
0.274903700126617,0.230354385000464,6755,6755,0.000586148937620226,0.000293074468810125
0.274664316363375,0.229819346692518,6756,6756,0.000586148937620226,0.0002930744688101
0.274903700126617,0.230354385000464,6757,6757,0.000586148937620226,0.000293074468810125
0.274664316363375,0.229819346692518,6758,6758,0.000586148937620226,0.0002930744688101
0.274903700126617,0.230354385000464,6759,6759,0.000586148937620226,0.000293074468810125
0.274664316363375,0.229819346692518,6760,6760,0.000586148937620226,0.0002930744688101
0.274903700126617,0.230354385000464,6761,6761,0.000586148937620226,0.000293074468810125
0.274664316363375,0.229819346692518,6762,6762,0.000586148937620226,0.0002930744688101
0.274903700126617,0.230354385000464,6763,6763,0.000586148937620226,0.000293074468810125
0.274664316363375,0.229819346692518,6764,6764,0.000586148937620226,0.0002930744688101
0.274903700126617,0.230354385000464,6765,6765,0.000586148937620226,0.000293074468810125
0.274664316363375,0.229819346692518,6766,6766,0.000586148937620226,0.0002930744688101
0.274903700126617,0.230354385000464,6767,6767,0.000586148937620226,0.000293074468810125
0.274664316363375,0.229819346692518,6768,6768,0.000586148937620226,0.0002930744688101
0.274903700126617,0.230354385000464,6769,6769,0.000586148937620226,0.000293074468810125
0.274664316363375,0.229819346692518,6770,6770,0.000586148937620226,0.0002930744688101
0.274903700126617,0.230354385000464,6771,6771,0.000586148937620226,0.000293074468810125
0.274664316363375,0.229819346692518,6772,6772,0.000586148937620226,0.0002930744688101
0.274903700126617,0.230354385000464,6773,6773,0.000586148937620226,0.000293074468810125
0.274664316363375,0.229819346692518,6774,6774,0.000586148937620226,0.0002930744688101
0.274903700126617,0.230354385000464,6775,6775,0.000586148937620226,0.000293074468810125
0.274664316363375,0.229819346692518,6776,6776,0.000586148937620226,0.0002930744688101
0.274903700126617,0.230354385000464,6777,6777,0.000586148937620226,0.000293074468810125
0.274664316363375,0.229819346692518,6778,6778,0.000586148937620226,0.0002930744688101
0.274903700126617,0.230354385000464,6779,6779,0.000586148937620226,0.000293074468810125
0.274664316363375,0.229819346692518,6780,6780,0.000586148937620226,0.0002930744688101
0.274903700126617,0.230354385000464,6781,6781,0.000586148937620226,0.000293074468810125
0.274664316363375,0.229819346692518,6782,6782,0.000586148937620226,0.0002930744688101
0.274903700126617,0.230354385000464,6783,6783,0.000586148937620226,0.000293074468810125
0.274664316363375,0.229819346692518,6784,6784,0.000586148937620226,0.0002930744688101
0.274903700126617,0.230354385000464,6785,6785,0.000586148937620226,0.000293074468810125
0.274664316363375,0.229819346692518,6786,6786,0.000586148937620226,0.0002930744688101
0.274903700126617,0.230354385000464,6787,6787,0.000586148937620226,0.000293074468810125
0.274664316363375,0.229819346692518,6788,6788,0.000586148937620226,0.0002930744688101
0.274903700126617,0.230354385000464,6789,6789,0.000586148937620226,0.000293074468810125
0.274664316363375,0.229819346692518,6790,6790,0.000586148937620226,0.0002930744688101
0.274903700126617,0.230354385000464,6791,6791,0.000586148937620226,0.000293074468810125
0.274664316363375,0.229819346692518,6792,6792,0.000586148937620226,0.0002930744688101
0.274903700126617,0.230354385000464,6793,6793,0.000586148937620226,0.000293074468810125
0.274664316363375,0.229819346692518,6794,6794,0.000586148937620226,0.0002930744688101
0.274903700126617,0.230354385000464,6795,6795,0.000586148937620226,0.000293074468810125
0.274664316363375,0.229819346692518,6796,6796,0.000586148937620226,0.0002930744688101
0.274903700126617,0.230354385000464,6797,6797,0.000586148937620226,0.000293074468810125
0.274664316363375,0.229819346692518,6798,6798,0.000586148937620226,0.0002930744688101
0.274903700126617,0.230354385000464,6799,6799,0.000586148937620226,0.000293074468810125
0.274664316363375,0.229819346692518,6800,6800,0.000586148937620226,0.0002930744688101
0.274903700126617,0.230354385000464,6801,6801,0.000586148937620226,0.000293074468810125
0.274664316363375,0.229819346692518,6802,6802,0.000586148937620226,0.0002930744688101
0.274903700126617,0.230354385000464,6803,6803,0.000586148937620226,0.000293074468810125
0.274664316363375,0.229819346692518,6804,6804,0.000586148937620226,0.0002930744688101
0.274903700126617,0.230354385000464,6805,6805,0.000586148937620226,0.000293074468810125
0.274664316363375,0.229819346692518,6806,6806,0.000586148937620226,0.0002930744688101
0.274903700126617,0.230354385000464,6807,6807,0.000586148937620226,0.000293074468810125
0.274664316363375,0.229819346692518,6808,6808,0.000586148937620226,0.0002930744688101
0.274903700126617,0.230354385000464,6809,6809,0.000586148937620226,0.000293074468810125
0.274664316363375,0.229819346692518,6810,6810,0.000586148937620226,0.0002930744688101
0.274903700126617,0.230354385000464,6811,6811,0.000586148937620226,0.000293074468810125
0.274664316363375,0.229819346692518,6812,6812,0.000586148937620226,0.0002930744688101
0.274903700126617,0.230354385000464,6813,6813,0.000586148937620226,0.000293074468810125
0.274664316363375,0.229819346692518,6814,6814,0.000586148937620226,0.0002930744688101
0.274903700126617,0.230354385000464,6815,6815,0.000586148937620226,0.000293074468810125
0.274664316363375,0.229819346692518,6816,6816,0.000586148937620226,0.0002930744688101
0.274903700126617,0.230354385000464,6817,6817,0.000586148937620226,0.000293074468810125
0.274664316363375,0.229819346692518,6818,6818,0.000586148937620226,0.0002930744688101
0.274903700126617,0.230354385000464,6819,6819,0.000586148937620226,0.000293074468810125
0.274664316363375,0.229819346692518,6820,6820,0.000586148937620226,0.0002930744688101
0.274903700126617,0.230354385000464,6821,6821,0.000586148937620226,0.000293074468810125
0.274664316363375,0.229819346692518,6822,6822,0.000586148937620226,0.0002930744688101
0.274903700126617,0.230354385000464,6823,6823,0.000586148937620226,0.000293074468810125
0.274664316363375,0.229819346692518,6824,6824,0.000586148937620226,0.0002930744688101
0.274903700126617,0.230354385000464,6825,6825,0.000586148937620226,0.000293074468810125
0.274664316363375,0.229819346692518,6826,6826,0.000586148937620226,0.0002930744688101
0.274903700126617,0.230354385000464,6827,6827,0.000586148937620226,0.000293074468810125
0.274664316363375,0.229819346692518,6828,6828,0.000586148937620226,0.0002930744688101
0.274903700126617,0.230354385000464,6829,6829,0.000586148937620226,0.000293074468810125
0.274664316363375,0.229819346692518,6830,6830,0.000586148937620226,0.0002930744688101
0.274903700126617,0.230354385000464,6831,6831,0.000586148937620226,0.000293074468810125
0.274664316363375,0.229819346692518,6832,6832,0.000586148937620226,0.0002930744688101
0.274903700126617,0.230354385000464,6833,6833,0.000586148937620226,0.000293074468810125
0.274664316363375,0.229819346692518,6834,6834,0.000586148937620226,0.0002930744688101
0.274903700126617,0.230354385000464,6835,6835,0.000586148937620226,0.000293074468810125
0.274664316363375,0.229819346692518,6836,6836,0.000586148937620226,0.0002930744688101
0.274903700126617,0.230354385000464,6837,6837,0.000586148937620226,0.000293074468810125
0.274664316363375,0.229819346692518,6838,6838,0.000586148937620226,0.0002930744688101
0.274903700126617,0.230354385000464,6839,6839,0.000586148937620226,0.000293074468810125
0.274664316363375,0.229819346692518,6840,6840,0.000586148937620226,0.0002930744688101
0.274903700126617,0.230354385000464,6841,6841,0.000586148937620226,0.000293074468810125
0.274664316363375,0.229819346692518,6842,6842,0.000586148937620226,0.0002930744688101
0.274903700126617,0.230354385000464,6843,6843,0.000586148937620226,0.000293074468810125
0.274664316363375,0.229819346692518,6844,6844,0.000586148937620226,0.0002930744688101
0.274903700126617,0.230354385000464,6845,6845,0.000586148937620226,0.000293074468810125
0.274664316363375,0.229819346692518,6846,6846,0.000586148937620226,0.0002930744688101
0.274903700126617,0.230354385000464,6847,6847,0.000586148937620226,0.000293074468810125
0.274664316363375,0.229819346692518,6848,6848,0.000586148937620226,0.0002930744688101
0.274903700126617,0.230354385000464,6849,6849,0.000586148937620226,0.000293074468810125
0.274664316363375,0.229819346692518,6850,6850,0.000586148937620226,0.0002930744688101
0.274903700126617,0.230354385000464,6851,6851,0.000586148937620226,0.000293074468810125
0.274664316363375,0.229819346692518,6852,6852,0.000586148937620226,0.0002930744688101
0.274903700126617,0.230354385000464,6853,6853,0.000586148937620226,0.000293074468810125
0.274664316363375,0.229819346692518,6854,6854,0.000586148937620226,0.0002930744688101
0.274903700126617,0.230354385000464,6855,6855,0.000586148937620226,0.000293074468810125
0.274664316363375,0.229819346692518,6856,6856,0.000586148937620226,0.0002930744688101
0.274903700126617,0.230354385000464,6857,6857,0.000586148937620226,0.000293074468810125
0.274664316363375,0.229819346692518,6858,6858,0.000586148937620226,0.0002930744688101
0.274903700126617,0.230354385000464,6859,6859,0.000586148937620226,0.000293074468810125
0.274664316363375,0.229819346692518,6860,6860,0.000586148937620226,0.0002930744688101
0.274903700126617,0.230354385000464,6861,6861,0.000586148937620226,0.000293074468810125
0.274664316363375,0.229819346692518,6862,6862,0.000586148937620226,0.0002930744688101
0.274903700126617,0.230354385000464,6863,6863,0.000586148937620226,0.000293074468810125
0.274664316363375,0.229819346692518,6864,6864,0.000586148937620226,0.0002930744688101
0.274903700126617,0.230354385000464,6865,6865,0.000586148937620226,0.000293074468810125
0.274664316363375,0.229819346692518,6866,6866,0.000586148937620226,0.0002930744688101
0.274903700126617,0.230354385000464,6867,6867,0.000586148937620226,0.000293074468810125
0.274664316363375,0.229819346692518,6868,6868,0.000586148937620226,0.0002930744688101
0.274903700126617,0.230354385000464,6869,6869,0.000586148937620226,0.000293074468810125
0.274664316363375,0.229819346692518,6870,6870,0.000586148937620226,0.0002930744688101
0.274903700126617,0.230354385000464,6871,6871,0.000586148937620226,0.000293074468810125
0.274664316363375,0.229819346692518,6872,6872,0.000586148937620226,0.0002930744688101
0.274903700126617,0.230354385000464,6873,6873,0.000586148937620226,0.000293074468810125
0.274664316363375,0.229819346692518,6874,6874,0.000586148937620226,0.0002930744688101
0.274903700126617,0.230354385000464,6875,6875,0.000586148937620226,0.000293074468810125
0.274664316363375,0.229819346692518,6876,6876,0.000586148937620226,0.0002930744688101
0.274903700126617,0.230354385000464,6877,6877,0.000586148937620226,0.000293074468810125
0.274664316363375,0.229819346692518,6878,6878,0.000586148937620226,0.0002930744688101
0.274903700126617,0.230354385000464,6879,6879,0.000586148937620226,0.000293074468810125
0.274664316363375,0.229819346692518,6880,6880,0.000586148937620226,0.0002930744688101
0.274903700126617,0.230354385000464,6881,6881,0.000586148937620226,0.000293074468810125
0.274664316363375,0.229819346692518,6882,6882,0.000586148937620226,0.0002930744688101
0.274903700126617,0.230354385000464,6883,6883,0.000586148937620226,0.000293074468810125
0.274664316363375,0.229819346692518,6884,6884,0.000586148937620226,0.0002930744688101
0.274903700126617,0.230354385000464,6885,6885,0.000586148937620226,0.000293074468810125
0.274664316363375,0.229819346692518,6886,6886,0.000586148937620226,0.0002930744688101
0.274903700126617,0.230354385000464,6887,6887,0.000586148937620226,0.000293074468810125
0.274664316363375,0.229819346692518,6888,6888,0.000586148937620226,0.0002930744688101
0.274903700126617,0.230354385000464,6889,6889,0.000586148937620226,0.000293074468810125
0.274664316363375,0.229819346692518,6890,6890,0.000586148937620226,0.0002930744688101
0.274903700126617,0.230354385000464,6891,6891,0.000586148937620226,0.000293074468810125
0.274664316363375,0.229819346692518,6892,6892,0.000586148937620226,0.0002930744688101
0.274903700126617,0.230354385000464,6893,6893,0.000586148937620226,0.000293074468810125
0.274664316363375,0.229819346692518,6894,6894,0.000586148937620226,0.0002930744688101
0.274903700126617,0.230354385000464,6895,6895,0.000586148937620226,0.000293074468810125
0.274664316363375,0.229819346692518,6896,6896,0.000586148937620226,0.0002930744688101
0.274903700126617,0.230354385000464,6897,6897,0.000586148937620226,0.000293074468810125
0.274664316363375,0.229819346692518,6898,6898,0.000586148937620226,0.0002930744688101
0.274903700126617,0.230354385000464,6899,6899,0.000586148937620226,0.000293074468810125
0.274664316363375,0.229819346692518,6900,6900,0.000586148937620226,0.0002930744688101
0.274903700126617,0.230354385000464,6901,6901,0.000586148937620226,0.000293074468810125
0.274664316363375,0.229819346692518,6902,6902,0.000586148937620226,0.0002930744688101
0.274903700126617,0.230354385000464,6903,6903,0.000586148937620226,0.000293074468810125
0.274664316363375,0.229819346692518,6904,6904,0.000586148937620226,0.0002930744688101
0.274903700126617,0.230354385000464,6905,6905,0.000586148937620226,0.000293074468810125
0.274664316363375,0.229819346692518,6906,6906,0.000586148937620226,0.0002930744688101
0.274903700126617,0.230354385000464,6907,6907,0.000586148937620226,0.000293074468810125
0.274664316363375,0.229819346692518,6908,6908,0.000586148937620226,0.0002930744688101
0.274903700126617,0.230354385000464,6909,6909,0.000586148937620226,0.000293074468810125
0.274664316363375,0.229819346692518,6910,6910,0.000586148937620226,0.0002930744688101
0.274903700126617,0.230354385000464,6911,6911,0.000586148937620226,0.000293074468810125
0.274664316363375,0.229819346692518,6912,6912,0.000586148937620226,0.0002930744688101
0.274903700126617,0.230354385000464,6913,6913,0.000586148937620226,0.000293074468810125
0.274664316363375,0.229819346692518,6914,6914,0.000586148937620226,0.0002930744688101
0.274903700126617,0.230354385000464,6915,6915,0.000586148937620226,0.000293074468810125
0.274664316363375,0.229819346692518,6916,6916,0.000586148937620226,0.0002930744688101
0.274903700126617,0.230354385000464,6917,6917,0.000586148937620226,0.000293074468810125
0.274664316363375,0.229819346692518,6918,6918,0.000586148937620226,0.0002930744688101
0.274903700126617,0.230354385000464,6919,6919,0.000586148937620226,0.000293074468810125
0.274664316363375,0.229819346692518,6920,6920,0.000586148937620226,0.0002930744688101
0.274903700126617,0.230354385000464,6921,6921,0.000586148937620226,0.000293074468810125
0.274664316363375,0.229819346692518,6922,6922,0.000586148937620226,0.0002930744688101
0.274903700126617,0.230354385000464,6923,6923,0.000586148937620226,0.000293074468810125
0.274664316363375,0.229819346692518,6924,6924,0.000586148937620226,0.0002930744688101
0.274903700126617,0.230354385000464,6925,6925,0.000586148937620226,0.000293074468810125
0.274664316363375,0.229819346692518,6926,6926,0.000586148937620226,0.0002930744688101
0.274903700126617,0.230354385000464,6927,6927,0.000586148937620226,0.000293074468810125
0.274664316363375,0.229819346692518,6928,6928,0.000586148937620226,0.0002930744688101
0.274903700126617,0.230354385000464,6929,6929,0.000586148937620226,0.000293074468810125
0.274664316363375,0.229819346692518,6930,6930,0.000586148937620226,0.0002930744688101
0.274903700126617,0.230354385000464,6931,6931,0.000586148937620226,0.000293074468810125
0.274664316363375,0.229819346692518,6932,6932,0.000586148937620226,0.0002930744688101
0.274903700126617,0.230354385000464,6933,6933,0.000586148937620226,0.000293074468810125
0.274664316363375,0.229819346692518,6934,6934,0.000586148937620226,0.0002930744688101
0.274903700126617,0.230354385000464,6935,6935,0.000586148937620226,0.000293074468810125
0.274664316363375,0.229819346692518,6936,6936,0.000586148937620226,0.0002930744688101
0.274903700126617,0.230354385000464,6937,6937,0.000586148937620226,0.000293074468810125
0.274664316363375,0.229819346692518,6938,6938,0.000586148937620226,0.0002930744688101
0.274903700126617,0.230354385000464,6939,6939,0.000586148937620226,0.000293074468810125
0.274664316363375,0.229819346692518,6940,6940,0.000586148937620226,0.0002930744688101
0.274903700126617,0.230354385000464,6941,6941,0.000586148937620226,0.000293074468810125
0.274664316363375,0.229819346692518,6942,6942,0.000586148937620226,0.0002930744688101
0.274903700126617,0.230354385000464,6943,6943,0.000586148937620226,0.000293074468810125
0.274664316363375,0.229819346692518,6944,6944,0.000586148937620226,0.0002930744688101
0.274903700126617,0.230354385000464,6945,6945,0.000586148937620226,0.000293074468810125
0.274664316363375,0.229819346692518,6946,6946,0.000586148937620226,0.0002930744688101
0.274903700126617,0.230354385000464,6947,6947,0.000586148937620226,0.000293074468810125
0.274664316363375,0.229819346692518,6948,6948,0.000586148937620226,0.0002930744688101
0.274903700126617,0.230354385000464,6949,6949,0.000586148937620226,0.000293074468810125
0.274664316363375,0.229819346692518,6950,6950,0.000586148937620226,0.0002930744688101
0.274903700126617,0.230354385000464,6951,6951,0.000586148937620226,0.000293074468810125
0.274664316363375,0.229819346692518,6952,6952,0.000586148937620226,0.0002930744688101
0.274903700126617,0.230354385000464,6953,6953,0.000586148937620226,0.000293074468810125
0.274664316363375,0.229819346692518,6954,6954,0.000586148937620226,0.0002930744688101
0.274903700126617,0.230354385000464,6955,6955,0.000586148937620226,0.000293074468810125
0.274664316363375,0.229819346692518,6956,6956,0.000586148937620226,0.0002930744688101
0.274903700126617,0.230354385000464,6957,6957,0.000586148937620226,0.000293074468810125
0.274664316363375,0.229819346692518,6958,6958,0.000586148937620226,0.0002930744688101
0.274903700126617,0.230354385000464,6959,6959,0.000586148937620226,0.000293074468810125
0.274664316363375,0.229819346692518,6960,6960,0.000586148937620226,0.0002930744688101
0.274903700126617,0.230354385000464,6961,6961,0.000586148937620226,0.000293074468810125
0.274664316363375,0.229819346692518,6962,6962,0.000586148937620226,0.0002930744688101
0.274903700126617,0.230354385000464,6963,6963,0.000586148937620226,0.000293074468810125
0.274664316363375,0.229819346692518,6964,6964,0.000586148937620226,0.0002930744688101
0.274903700126617,0.230354385000464,6965,6965,0.000586148937620226,0.000293074468810125
0.274664316363375,0.229819346692518,6966,6966,0.000586148937620226,0.0002930744688101
0.274903700126617,0.230354385000464,6967,6967,0.000586148937620226,0.000293074468810125
0.274664316363375,0.229819346692518,6968,6968,0.000586148937620226,0.0002930744688101
0.274903700126617,0.230354385000464,6969,6969,0.000586148937620226,0.000293074468810125
0.274664316363375,0.229819346692518,6970,6970,0.000586148937620226,0.0002930744688101
0.274903700126617,0.230354385000464,6971,6971,0.000586148937620226,0.000293074468810125
0.274664316363375,0.229819346692518,6972,6972,0.000586148937620226,0.0002930744688101
0.274903700126617,0.230354385000464,6973,6973,0.000586148937620226,0.000293074468810125
0.274664316363375,0.229819346692518,6974,6974,0.000586148937620226,0.0002930744688101
0.274903700126617,0.230354385000464,6975,6975,0.000586148937620226,0.000293074468810125
0.274664316363375,0.229819346692518,6976,6976,0.000586148937620226,0.0002930744688101
0.274903700126617,0.230354385000464,6977,6977,0.000586148937620226,0.000293074468810125
0.274664316363375,0.229819346692518,6978,6978,0.000586148937620226,0.0002930744688101
0.274903700126617,0.230354385000464,6979,6979,0.000586148937620226,0.000293074468810125
0.274664316363375,0.229819346692518,6980,6980,0.000586148937620226,0.0002930744688101
0.274903700126617,0.230354385000464,6981,6981,0.000586148937620226,0.000293074468810125
0.274664316363375,0.229819346692518,6982,6982,0.000586148937620226,0.0002930744688101
0.274903700126617,0.230354385000464,6983,6983,0.000586148937620226,0.000293074468810125
0.274664316363375,0.229819346692518,6984,6984,0.000586148937620226,0.0002930744688101
0.274903700126617,0.230354385000464,6985,6985,0.000586148937620226,0.000293074468810125
0.274664316363375,0.229819346692518,6986,6986,0.000586148937620226,0.0002930744688101
0.274903700126617,0.230354385000464,6987,6987,0.000586148937620226,0.000293074468810125
0.274664316363375,0.229819346692518,6988,6988,0.000586148937620226,0.0002930744688101
0.274903700126617,0.230354385000464,6989,6989,0.000586148937620226,0.000293074468810125
0.274664316363375,0.229819346692518,6990,6990,0.000586148937620226,0.0002930744688101
0.274903700126617,0.230354385000464,6991,6991,0.000586148937620226,0.000293074468810125
0.274664316363375,0.229819346692518,6992,6992,0.000586148937620226,0.0002930744688101
0.274903700126617,0.230354385000464,6993,6993,0.000586148937620226,0.000293074468810125
0.274664316363375,0.229819346692518,6994,6994,0.000586148937620226,0.0002930744688101
0.274903700126617,0.230354385000464,6995,6995,0.000586148937620226,0.000293074468810125
0.274664316363375,0.229819346692518,6996,6996,0.000586148937620226,0.0002930744688101
0.274903700126617,0.230354385000464,6997,6997,0.000586148937620226,0.000293074468810125
0.274664316363375,0.229819346692518,6998,6998,0.000586148937620226,0.0002930744688101
0.274903700126617,0.230354385000464,6999,6999,0.000586148937620226,0.000293074468810125
0.274664316363375,0.229819346692518,7000,7000,0.000586148937620226,0.0002930744688101
0.274903700126617,0.230354385000464,7001,7001,0.000586148937620226,0.000293074468810125
0.274664316363375,0.229819346692518,7002,7002,0.000586148937620226,0.0002930744688101
0.274903700126617,0.230354385000464,7003,7003,0.000586148937620226,0.000293074468810125
0.274664316363375,0.229819346692518,7004,7004,0.000586148937620226,0.0002930744688101
0.274903700126617,0.230354385000464,7005,7005,0.000586148937620226,0.000293074468810125
0.274664316363375,0.229819346692518,7006,7006,0.000586148937620226,0.0002930744688101
0.274903700126617,0.230354385000464,7007,7007,0.000586148937620226,0.000293074468810125
0.274664316363375,0.229819346692518,7008,7008,0.000586148937620226,0.0002930744688101
0.274903700126617,0.230354385000464,7009,7009,0.000586148937620226,0.000293074468810125
0.274664316363375,0.229819346692518,7010,7010,0.000586148937620226,0.0002930744688101
0.274903700126617,0.230354385000464,7011,7011,0.000586148937620226,0.000293074468810125
0.274664316363375,0.229819346692518,7012,7012,0.000586148937620226,0.0002930744688101
0.274903700126617,0.230354385000464,7013,7013,0.000586148937620226,0.000293074468810125
0.274664316363375,0.229819346692518,7014,7014,0.000586148937620226,0.0002930744688101
0.274903700126617,0.230354385000464,7015,7015,0.000586148937620226,0.000293074468810125
0.274664316363375,0.229819346692518,7016,7016,0.000586148937620226,0.0002930744688101
0.274903700126617,0.230354385000464,7017,7017,0.000586148937620226,0.000293074468810125
0.274664316363375,0.229819346692518,7018,7018,0.000586148937620226,0.0002930744688101
0.274903700126617,0.230354385000464,7019,7019,0.000586148937620226,0.000293074468810125
0.274664316363375,0.229819346692518,7020,7020,0.000586148937620226,0.0002930744688101
0.274903700126617,0.230354385000464,7021,7021,0.000586148937620226,0.000293074468810125
0.274664316363375,0.229819346692518,7022,7022,0.000586148937620226,0.0002930744688101
0.274903700126617,0.230354385000464,7023,7023,0.000586148937620226,0.000293074468810125
0.274664316363375,0.229819346692518,7024,7024,0.000586148937620226,0.0002930744688101
0.274903700126617,0.230354385000464,7025,7025,0.000586148937620226,0.000293074468810125
0.274664316363375,0.229819346692518,7026,7026,0.000586148937620226,0.0002930744688101
0.274903700126617,0.230354385000464,7027,7027,0.000586148937620226,0.000293074468810125
0.274664316363375,0.229819346692518,7028,7028,0.000586148937620226,0.0002930744688101
0.274903700126617,0.230354385000464,7029,7029,0.000586148937620226,0.000293074468810125
0.274664316363375,0.229819346692518,7030,7030,0.000586148937620226,0.0002930744688101
0.274903700126617,0.230354385000464,7031,7031,0.000586148937620226,0.000293074468810125
0.274664316363375,0.229819346692518,7032,7032,0.000586148937620226,0.0002930744688101
0.274903700126617,0.230354385000464,7033,7033,0.000586148937620226,0.000293074468810125
0.274664316363375,0.229819346692518,7034,7034,0.000586148937620226,0.0002930744688101
0.274903700126617,0.230354385000464,7035,7035,0.000586148937620226,0.000293074468810125
0.274664316363375,0.229819346692518,7036,7036,0.000586148937620226,0.0002930744688101
0.274903700126617,0.230354385000464,7037,7037,0.000586148937620226,0.000293074468810125
0.274664316363375,0.229819346692518,7038,7038,0.000586148937620226,0.0002930744688101
0.274903700126617,0.230354385000464,7039,7039,0.000586148937620226,0.000293074468810125
0.274664316363375,0.229819346692518,7040,7040,0.000586148937620226,0.0002930744688101
0.274903700126617,0.230354385000464,7041,7041,0.000586148937620226,0.000293074468810125
0.274664316363375,0.229819346692518,7042,7042,0.000586148937620226,0.0002930744688101
0.274903700126617,0.230354385000464,7043,7043,0.000586148937620226,0.000293074468810125
0.274664316363375,0.229819346692518,7044,7044,0.000586148937620226,0.0002930744688101
0.274903700126617,0.230354385000464,7045,7045,0.000586148937620226,0.000293074468810125
0.274664316363375,0.229819346692518,7046,7046,0.000586148937620226,0.0002930744688101
0.274903700126617,0.230354385000464,7047,7047,0.000586148937620226,0.000293074468810125
0.274664316363375,0.229819346692518,7048,7048,0.000586148937620226,0.0002930744688101
0.274903700126617,0.230354385000464,7049,7049,0.000586148937620226,0.000293074468810125
0.274664316363375,0.229819346692518,7050,7050,0.000586148937620226,0.0002930744688101
0.274903700126617,0.230354385000464,7051,7051,0.000586148937620226,0.000293074468810125
0.274664316363375,0.229819346692518,7052,7052,0.000586148937620226,0.0002930744688101
0.274903700126617,0.230354385000464,7053,7053,0.000586148937620226,0.000293074468810125
0.274664316363375,0.229819346692518,7054,7054,0.000586148937620226,0.0002930744688101
0.274903700126617,0.230354385000464,7055,7055,0.000586148937620226,0.000293074468810125
0.274664316363375,0.229819346692518,7056,7056,0.000586148937620226,0.0002930744688101
0.274903700126617,0.230354385000464,7057,7057,0.000586148937620226,0.000293074468810125
0.274664316363375,0.229819346692518,7058,7058,0.000586148937620226,0.0002930744688101
0.274903700126617,0.230354385000464,7059,7059,0.000586148937620226,0.000293074468810125
0.274664316363375,0.229819346692518,7060,7060,0.000586148937620226,0.0002930744688101
0.274903700126617,0.230354385000464,7061,7061,0.000586148937620226,0.000293074468810125
0.274664316363375,0.229819346692518,7062,7062,0.000586148937620226,0.0002930744688101
0.274903700126617,0.230354385000464,7063,7063,0.000586148937620226,0.000293074468810125
0.274664316363375,0.229819346692518,7064,7064,0.000586148937620226,0.0002930744688101
0.274903700126617,0.230354385000464,7065,7065,0.000586148937620226,0.000293074468810125
0.274664316363375,0.229819346692518,7066,7066,0.000586148937620226,0.0002930744688101
0.274903700126617,0.230354385000464,7067,7067,0.000586148937620226,0.000293074468810125
0.274664316363375,0.229819346692518,7068,7068,0.000586148937620226,0.0002930744688101
0.274903700126617,0.230354385000464,7069,7069,0.000586148937620226,0.000293074468810125
0.274664316363375,0.229819346692518,7070,7070,0.000586148937620226,0.0002930744688101
0.274903700126617,0.230354385000464,7071,7071,0.000586148937620226,0.000293074468810125
0.274664316363375,0.229819346692518,7072,7072,0.000586148937620226,0.0002930744688101
0.274903700126617,0.230354385000464,7073,7073,0.000586148937620226,0.000293074468810125
0.274664316363375,0.229819346692518,7074,7074,0.000586148937620226,0.0002930744688101
0.274903700126617,0.230354385000464,7075,7075,0.000586148937620226,0.000293074468810125
0.274664316363375,0.229819346692518,7076,7076,0.000586148937620226,0.0002930744688101
0.274903700126617,0.230354385000464,7077,7077,0.000586148937620226,0.000293074468810125
0.274664316363375,0.229819346692518,7078,7078,0.000586148937620226,0.0002930744688101
0.274903700126617,0.230354385000464,7079,7079,0.000586148937620226,0.000293074468810125
0.274664316363375,0.229819346692518,7080,7080,0.000586148937620226,0.0002930744688101
0.274903700126617,0.230354385000464,7081,7081,0.000586148937620226,0.000293074468810125
0.274664316363375,0.229819346692518,7082,7082,0.000586148937620226,0.0002930744688101
0.274903700126617,0.230354385000464,7083,7083,0.000586148937620226,0.000293074468810125
0.274664316363375,0.229819346692518,7084,7084,0.000586148937620226,0.0002930744688101
0.274903700126617,0.230354385000464,7085,7085,0.000586148937620226,0.000293074468810125
0.274664316363375,0.229819346692518,7086,7086,0.000586148937620226,0.0002930744688101
0.274903700126617,0.230354385000464,7087,7087,0.000586148937620226,0.000293074468810125
0.274664316363375,0.229819346692518,7088,7088,0.000586148937620226,0.0002930744688101
0.274903700126617,0.230354385000464,7089,7089,0.000586148937620226,0.000293074468810125
0.274664316363375,0.229819346692518,7090,7090,0.000586148937620226,0.0002930744688101
0.274903700126617,0.230354385000464,7091,7091,0.000586148937620226,0.000293074468810125
0.274664316363375,0.229819346692518,7092,7092,0.000586148937620226,0.0002930744688101
0.274903700126617,0.230354385000464,7093,7093,0.000586148937620226,0.000293074468810125
0.274664316363375,0.229819346692518,7094,7094,0.000586148937620226,0.0002930744688101
0.274903700126617,0.230354385000464,7095,7095,0.000586148937620226,0.000293074468810125
0.274664316363375,0.229819346692518,7096,7096,0.000586148937620226,0.0002930744688101
0.274903700126617,0.230354385000464,7097,7097,0.000586148937620226,0.000293074468810125
0.274664316363375,0.229819346692518,7098,7098,0.000586148937620226,0.0002930744688101
0.274903700126617,0.230354385000464,7099,7099,0.000586148937620226,0.000293074468810125
0.274664316363375,0.229819346692518,7100,7100,0.000586148937620226,0.0002930744688101
0.274903700126617,0.230354385000464,7101,7101,0.000586148937620226,0.000293074468810125
0.274664316363375,0.229819346692518,7102,7102,0.000586148937620226,0.0002930744688101
0.274903700126617,0.230354385000464,7103,7103,0.000586148937620226,0.000293074468810125
0.274664316363375,0.229819346692518,7104,7104,0.000586148937620226,0.0002930744688101
0.274903700126617,0.230354385000464,7105,7105,0.000586148937620226,0.000293074468810125
0.274664316363375,0.229819346692518,7106,7106,0.000586148937620226,0.0002930744688101
0.274903700126617,0.230354385000464,7107,7107,0.000586148937620226,0.000293074468810125
0.274664316363375,0.229819346692518,7108,7108,0.000586148937620226,0.0002930744688101
0.274903700126617,0.230354385000464,7109,7109,0.000586148937620226,0.000293074468810125
0.274664316363375,0.229819346692518,7110,7110,0.000586148937620226,0.0002930744688101
0.274903700126617,0.230354385000464,7111,7111,0.000586148937620226,0.000293074468810125
0.274664316363375,0.229819346692518,7112,7112,0.000586148937620226,0.0002930744688101
0.274903700126617,0.230354385000464,7113,7113,0.000586148937620226,0.000293074468810125
0.274664316363375,0.229819346692518,7114,7114,0.000586148937620226,0.0002930744688101
0.274903700126617,0.230354385000464,7115,7115,0.000586148937620226,0.000293074468810125
0.274664316363375,0.229819346692518,7116,7116,0.000586148937620226,0.0002930744688101
0.274903700126617,0.230354385000464,7117,7117,0.000586148937620226,0.000293074468810125
0.274664316363375,0.229819346692518,7118,7118,0.000586148937620226,0.0002930744688101
0.274903700126617,0.230354385000464,7119,7119,0.000586148937620226,0.000293074468810125
0.274664316363375,0.229819346692518,7120,7120,0.000586148937620226,0.0002930744688101
0.274903700126617,0.230354385000464,7121,7121,0.000586148937620226,0.000293074468810125
0.274664316363375,0.229819346692518,7122,7122,0.000586148937620226,0.0002930744688101
0.274903700126617,0.230354385000464,7123,7123,0.000586148937620226,0.000293074468810125
0.274664316363375,0.229819346692518,7124,7124,0.000586148937620226,0.0002930744688101
0.274903700126617,0.230354385000464,7125,7125,0.000586148937620226,0.000293074468810125
0.274664316363375,0.229819346692518,7126,7126,0.000586148937620226,0.0002930744688101
0.274903700126617,0.230354385000464,7127,7127,0.000586148937620226,0.000293074468810125
0.274664316363375,0.229819346692518,7128,7128,0.000586148937620226,0.0002930744688101
0.274903700126617,0.230354385000464,7129,7129,0.000586148937620226,0.000293074468810125
0.274664316363375,0.229819346692518,7130,7130,0.000586148937620226,0.0002930744688101
0.274903700126617,0.230354385000464,7131,7131,0.000586148937620226,0.000293074468810125
0.274664316363375,0.229819346692518,7132,7132,0.000586148937620226,0.0002930744688101
0.274903700126617,0.230354385000464,7133,7133,0.000586148937620226,0.000293074468810125
0.274664316363375,0.229819346692518,7134,7134,0.000586148937620226,0.0002930744688101
0.274903700126617,0.230354385000464,7135,7135,0.000586148937620226,0.000293074468810125
0.274664316363375,0.229819346692518,7136,7136,0.000586148937620226,0.0002930744688101
0.274903700126617,0.230354385000464,7137,7137,0.000586148937620226,0.000293074468810125
0.274664316363375,0.229819346692518,7138,7138,0.000586148937620226,0.0002930744688101
0.274903700126617,0.230354385000464,7139,7139,0.000586148937620226,0.000293074468810125
0.274664316363375,0.229819346692518,7140,7140,0.000586148937620226,0.0002930744688101
0.274903700126617,0.230354385000464,7141,7141,0.000586148937620226,0.000293074468810125
0.274664316363375,0.229819346692518,7142,7142,0.000586148937620226,0.0002930744688101
0.274903700126617,0.230354385000464,7143,7143,0.000586148937620226,0.000293074468810125
0.274664316363375,0.229819346692518,7144,7144,0.000586148937620226,0.0002930744688101
0.274903700126617,0.230354385000464,7145,7145,0.000586148937620226,0.000293074468810125
0.274664316363375,0.229819346692518,7146,7146,0.000586148937620226,0.0002930744688101
0.274903700126617,0.230354385000464,7147,7147,0.000586148937620226,0.000293074468810125
0.274664316363375,0.229819346692518,7148,7148,0.000586148937620226,0.0002930744688101
0.274903700126617,0.230354385000464,7149,7149,0.000586148937620226,0.000293074468810125
0.274664316363375,0.229819346692518,7150,7150,0.000586148937620226,0.0002930744688101
0.274903700126617,0.230354385000464,7151,7151,0.000586148937620226,0.000293074468810125
0.274664316363375,0.229819346692518,7152,7152,0.000586148937620226,0.0002930744688101
0.274903700126617,0.230354385000464,7153,7153,0.000586148937620226,0.000293074468810125
0.274664316363375,0.229819346692518,7154,7154,0.000586148937620226,0.0002930744688101
0.274903700126617,0.230354385000464,7155,7155,0.000586148937620226,0.000293074468810125
0.274664316363375,0.229819346692518,7156,7156,0.000586148937620226,0.0002930744688101
0.274903700126617,0.230354385000464,7157,7157,0.000586148937620226,0.000293074468810125
0.274664316363375,0.229819346692518,7158,7158,0.000586148937620226,0.0002930744688101
0.274903700126617,0.230354385000464,7159,7159,0.000586148937620226,0.000293074468810125
0.274664316363375,0.229819346692518,7160,7160,0.000586148937620226,0.0002930744688101
0.274903700126617,0.230354385000464,7161,7161,0.000586148937620226,0.000293074468810125
0.274664316363375,0.229819346692518,7162,7162,0.000586148937620226,0.0002930744688101
0.274903700126617,0.230354385000464,7163,7163,0.000586148937620226,0.000293074468810125
0.274664316363375,0.229819346692518,7164,7164,0.000586148937620226,0.0002930744688101
0.274903700126617,0.230354385000464,7165,7165,0.000586148937620226,0.000293074468810125
0.274664316363375,0.229819346692518,7166,7166,0.000586148937620226,0.0002930744688101
0.274903700126617,0.230354385000464,7167,7167,0.000586148937620226,0.000293074468810125
0.274664316363375,0.229819346692518,7168,7168,0.000586148937620226,0.0002930744688101
0.274903700126617,0.230354385000464,7169,7169,0.000586148937620226,0.000293074468810125
0.274664316363375,0.229819346692518,7170,7170,0.000586148937620226,0.0002930744688101
0.274903700126617,0.230354385000464,7171,7171,0.000586148937620226,0.000293074468810125
0.274664316363375,0.229819346692518,7172,7172,0.000586148937620226,0.0002930744688101
0.274903700126617,0.230354385000464,7173,7173,0.000586148937620226,0.000293074468810125
0.274664316363375,0.229819346692518,7174,7174,0.000586148937620226,0.0002930744688101
0.274903700126617,0.230354385000464,7175,7175,0.000586148937620226,0.000293074468810125
0.274664316363375,0.229819346692518,7176,7176,0.000586148937620226,0.0002930744688101
0.274903700126617,0.230354385000464,7177,7177,0.000586148937620226,0.000293074468810125
0.274664316363375,0.229819346692518,7178,7178,0.000586148937620226,0.0002930744688101
0.274903700126617,0.230354385000464,7179,7179,0.000586148937620226,0.000293074468810125
0.274664316363375,0.229819346692518,7180,7180,0.000586148937620226,0.0002930744688101
0.274903700126617,0.230354385000464,7181,7181,0.000586148937620226,0.000293074468810125
0.274664316363375,0.229819346692518,7182,7182,0.000586148937620226,0.0002930744688101
0.274903700126617,0.230354385000464,7183,7183,0.000586148937620226,0.000293074468810125
0.274664316363375,0.229819346692518,7184,7184,0.000586148937620226,0.0002930744688101
0.274903700126617,0.230354385000464,7185,7185,0.000586148937620226,0.000293074468810125
0.274664316363375,0.229819346692518,7186,7186,0.000586148937620226,0.0002930744688101
0.274903700126617,0.230354385000464,7187,7187,0.000586148937620226,0.000293074468810125
0.274664316363375,0.229819346692518,7188,7188,0.000586148937620226,0.0002930744688101
0.274903700126617,0.230354385000464,7189,7189,0.000586148937620226,0.000293074468810125
0.274664316363375,0.229819346692518,7190,7190,0.000586148937620226,0.0002930744688101
0.274903700126617,0.230354385000464,7191,7191,0.000586148937620226,0.000293074468810125
0.274664316363375,0.229819346692518,7192,7192,0.000586148937620226,0.0002930744688101
0.274903700126617,0.230354385000464,7193,7193,0.000586148937620226,0.000293074468810125
0.274664316363375,0.229819346692518,7194,7194,0.000586148937620226,0.0002930744688101
0.274903700126617,0.230354385000464,7195,7195,0.000586148937620226,0.000293074468810125
0.274664316363375,0.229819346692518,7196,7196,0.000586148937620226,0.0002930744688101
0.274903700126617,0.230354385000464,7197,7197,0.000586148937620226,0.000293074468810125
0.274664316363375,0.229819346692518,7198,7198,0.000586148937620226,0.0002930744688101
0.274903700126617,0.230354385000464,7199,7199,0.000586148937620226,0.000293074468810125
0.274664316363375,0.229819346692518,7200,7200,0.000586148937620226,0.0002930744688101
0.274903700126617,0.230354385000464,7201,7201,0.000586148937620226,0.000293074468810125
0.274664316363375,0.229819346692518,7202,7202,0.000586148937620226,0.0002930744688101
0.274903700126617,0.230354385000464,7203,7203,0.000586148937620226,0.000293074468810125
0.274664316363375,0.229819346692518,7204,7204,0.000586148937620226,0.0002930744688101
0.274903700126617,0.230354385000464,7205,7205,0.000586148937620226,0.000293074468810125
0.274664316363375,0.229819346692518,7206,7206,0.000586148937620226,0.0002930744688101
0.274903700126617,0.230354385000464,7207,7207,0.000586148937620226,0.000293074468810125
0.274664316363375,0.229819346692518,7208,7208,0.000586148937620226,0.0002930744688101
0.274903700126617,0.230354385000464,7209,7209,0.000586148937620226,0.000293074468810125
0.274664316363375,0.229819346692518,7210,7210,0.000586148937620226,0.0002930744688101
0.274903700126617,0.230354385000464,7211,7211,0.000586148937620226,0.000293074468810125
0.274664316363375,0.229819346692518,7212,7212,0.000586148937620226,0.0002930744688101
0.274903700126617,0.230354385000464,7213,7213,0.000586148937620226,0.000293074468810125
0.274664316363375,0.229819346692518,7214,7214,0.000586148937620226,0.0002930744688101
0.274903700126617,0.230354385000464,7215,7215,0.000586148937620226,0.000293074468810125
0.274664316363375,0.229819346692518,7216,7216,0.000586148937620226,0.0002930744688101
0.274903700126617,0.230354385000464,7217,7217,0.000586148937620226,0.000293074468810125
0.274664316363375,0.229819346692518,7218,7218,0.000586148937620226,0.0002930744688101
0.274903700126617,0.230354385000464,7219,7219,0.000586148937620226,0.000293074468810125
0.274664316363375,0.229819346692518,7220,7220,0.000586148937620226,0.0002930744688101
0.274903700126617,0.230354385000464,7221,7221,0.000586148937620226,0.000293074468810125
0.274664316363375,0.229819346692518,7222,7222,0.000586148937620226,0.0002930744688101
0.274903700126617,0.230354385000464,7223,7223,0.000586148937620226,0.000293074468810125
0.274664316363375,0.229819346692518,7224,7224,0.000586148937620226,0.0002930744688101
0.274903700126617,0.230354385000464,7225,7225,0.000586148937620226,0.000293074468810125
0.274664316363375,0.229819346692518,7226,7226,0.000586148937620226,0.0002930744688101
0.274903700126617,0.230354385000464,7227,7227,0.000586148937620226,0.000293074468810125
0.274664316363375,0.229819346692518,7228,7228,0.000586148937620226,0.0002930744688101
0.274903700126617,0.230354385000464,7229,7229,0.000586148937620226,0.000293074468810125
0.274664316363375,0.229819346692518,7230,7230,0.000586148937620226,0.0002930744688101
0.274903700126617,0.230354385000464,7231,7231,0.000586148937620226,0.000293074468810125
0.274664316363375,0.229819346692518,7232,7232,0.000586148937620226,0.0002930744688101
0.274903700126617,0.230354385000464,7233,7233,0.000586148937620226,0.000293074468810125
0.274664316363375,0.229819346692518,7234,7234,0.000586148937620226,0.0002930744688101
0.274903700126617,0.230354385000464,7235,7235,0.000586148937620226,0.000293074468810125
0.274664316363375,0.229819346692518,7236,7236,0.000586148937620226,0.0002930744688101
0.274903700126617,0.230354385000464,7237,7237,0.000586148937620226,0.000293074468810125
0.274664316363375,0.229819346692518,7238,7238,0.000586148937620226,0.0002930744688101
0.274903700126617,0.230354385000464,7239,7239,0.000586148937620226,0.000293074468810125
0.274664316363375,0.229819346692518,7240,7240,0.000586148937620226,0.0002930744688101
0.274903700126617,0.230354385000464,7241,7241,0.000586148937620226,0.000293074468810125
0.274664316363375,0.229819346692518,7242,7242,0.000586148937620226,0.0002930744688101
0.274903700126617,0.230354385000464,7243,7243,0.000586148937620226,0.000293074468810125
0.274664316363375,0.229819346692518,7244,7244,0.000586148937620226,0.0002930744688101
0.274903700126617,0.230354385000464,7245,7245,0.000586148937620226,0.000293074468810125
0.274664316363375,0.229819346692518,7246,7246,0.000586148937620226,0.0002930744688101
0.274903700126617,0.230354385000464,7247,7247,0.000586148937620226,0.000293074468810125
0.274664316363375,0.229819346692518,7248,7248,0.000586148937620226,0.0002930744688101
0.274903700126617,0.230354385000464,7249,7249,0.000586148937620226,0.000293074468810125
0.274664316363375,0.229819346692518,7250,7250,0.000586148937620226,0.0002930744688101
0.274903700126617,0.230354385000464,7251,7251,0.000586148937620226,0.000293074468810125
0.274664316363375,0.229819346692518,7252,7252,0.000586148937620226,0.0002930744688101
0.274903700126617,0.230354385000464,7253,7253,0.000586148937620226,0.000293074468810125
0.274664316363375,0.229819346692518,7254,7254,0.000586148937620226,0.0002930744688101
0.274903700126617,0.230354385000464,7255,7255,0.000586148937620226,0.000293074468810125
0.274664316363375,0.229819346692518,7256,7256,0.000586148937620226,0.0002930744688101
0.274903700126617,0.230354385000464,7257,7257,0.000586148937620226,0.000293074468810125
0.274664316363375,0.229819346692518,7258,7258,0.000586148937620226,0.0002930744688101
0.274903700126617,0.230354385000464,7259,7259,0.000586148937620226,0.000293074468810125
0.274664316363375,0.229819346692518,7260,7260,0.000586148937620226,0.0002930744688101
0.274903700126617,0.230354385000464,7261,7261,0.000586148937620226,0.000293074468810125
0.274664316363375,0.229819346692518,7262,7262,0.000586148937620226,0.0002930744688101
0.274903700126617,0.230354385000464,7263,7263,0.000586148937620226,0.000293074468810125
0.274664316363375,0.229819346692518,7264,7264,0.000586148937620226,0.0002930744688101
0.274903700126617,0.230354385000464,7265,7265,0.000586148937620226,0.000293074468810125
0.274664316363375,0.229819346692518,7266,7266,0.000586148937620226,0.0002930744688101
0.274903700126617,0.230354385000464,7267,7267,0.000586148937620226,0.000293074468810125
0.274664316363375,0.229819346692518,7268,7268,0.000586148937620226,0.0002930744688101
0.274903700126617,0.230354385000464,7269,7269,0.000586148937620226,0.000293074468810125
0.274664316363375,0.229819346692518,7270,7270,0.000586148937620226,0.0002930744688101
0.274903700126617,0.230354385000464,7271,7271,0.000586148937620226,0.000293074468810125
0.274664316363375,0.229819346692518,7272,7272,0.000586148937620226,0.0002930744688101
0.274903700126617,0.230354385000464,7273,7273,0.000586148937620226,0.000293074468810125
0.274664316363375,0.229819346692518,7274,7274,0.000586148937620226,0.0002930744688101
0.274903700126617,0.230354385000464,7275,7275,0.000586148937620226,0.000293074468810125
0.274664316363375,0.229819346692518,7276,7276,0.000586148937620226,0.0002930744688101
0.274903700126617,0.230354385000464,7277,7277,0.000586148937620226,0.000293074468810125
0.274664316363375,0.229819346692518,7278,7278,0.000586148937620226,0.0002930744688101
0.274903700126617,0.230354385000464,7279,7279,0.000586148937620226,0.000293074468810125
0.274664316363375,0.229819346692518,7280,7280,0.000586148937620226,0.0002930744688101
0.274903700126617,0.230354385000464,7281,7281,0.000586148937620226,0.000293074468810125
0.274664316363375,0.229819346692518,7282,7282,0.000586148937620226,0.0002930744688101
0.274903700126617,0.230354385000464,7283,7283,0.000586148937620226,0.000293074468810125
0.274664316363375,0.229819346692518,7284,7284,0.000586148937620226,0.0002930744688101
0.274903700126617,0.230354385000464,7285,7285,0.000586148937620226,0.000293074468810125
0.274664316363375,0.229819346692518,7286,7286,0.000586148937620226,0.0002930744688101
0.274903700126617,0.230354385000464,7287,7287,0.000586148937620226,0.000293074468810125
0.274664316363375,0.229819346692518,7288,7288,0.000586148937620226,0.0002930744688101
0.274903700126617,0.230354385000464,7289,7289,0.000586148937620226,0.000293074468810125
0.274664316363375,0.229819346692518,7290,7290,0.000586148937620226,0.0002930744688101
0.274903700126617,0.230354385000464,7291,7291,0.000586148937620226,0.000293074468810125
0.274664316363375,0.229819346692518,7292,7292,0.000586148937620226,0.0002930744688101
0.274903700126617,0.230354385000464,7293,7293,0.000586148937620226,0.000293074468810125
0.274664316363375,0.229819346692518,7294,7294,0.000586148937620226,0.0002930744688101
0.274903700126617,0.230354385000464,7295,7295,0.000586148937620226,0.000293074468810125
0.274664316363375,0.229819346692518,7296,7296,0.000586148937620226,0.0002930744688101
0.274903700126617,0.230354385000464,7297,7297,0.000586148937620226,0.000293074468810125
0.274664316363375,0.229819346692518,7298,7298,0.000586148937620226,0.0002930744688101
0.274903700126617,0.230354385000464,7299,7299,0.000586148937620226,0.000293074468810125
0.274664316363375,0.229819346692518,7300,7300,0.000586148937620226,0.0002930744688101
0.274903700126617,0.230354385000464,7301,7301,0.000586148937620226,0.000293074468810125
0.274664316363375,0.229819346692518,7302,7302,0.000586148937620226,0.0002930744688101
0.274903700126617,0.230354385000464,7303,7303,0.000586148937620226,0.000293074468810125
0.274664316363375,0.229819346692518,7304,7304,0.000586148937620226,0.0002930744688101
0.274903700126617,0.230354385000464,7305,7305,0.000586148937620226,0.000293074468810125
0.274664316363375,0.229819346692518,7306,7306,0.000586148937620226,0.0002930744688101
0.274903700126617,0.230354385000464,7307,7307,0.000586148937620226,0.000293074468810125
0.274664316363375,0.229819346692518,7308,7308,0.000586148937620226,0.0002930744688101
0.274903700126617,0.230354385000464,7309,7309,0.000586148937620226,0.000293074468810125
0.274664316363375,0.229819346692518,7310,7310,0.000586148937620226,0.0002930744688101
0.274903700126617,0.230354385000464,7311,7311,0.000586148937620226,0.000293074468810125
0.274664316363375,0.229819346692518,7312,7312,0.000586148937620226,0.0002930744688101
0.274903700126617,0.230354385000464,7313,7313,0.000586148937620226,0.000293074468810125
0.274664316363375,0.229819346692518,7314,7314,0.000586148937620226,0.0002930744688101
0.274903700126617,0.230354385000464,7315,7315,0.000586148937620226,0.000293074468810125
0.274664316363375,0.229819346692518,7316,7316,0.000586148937620226,0.0002930744688101
0.274903700126617,0.230354385000464,7317,7317,0.000586148937620226,0.000293074468810125
0.274664316363375,0.229819346692518,7318,7318,0.000586148937620226,0.0002930744688101
0.274903700126617,0.230354385000464,7319,7319,0.000586148937620226,0.000293074468810125
0.274664316363375,0.229819346692518,7320,7320,0.000586148937620226,0.0002930744688101
0.274903700126617,0.230354385000464,7321,7321,0.000586148937620226,0.000293074468810125
0.274664316363375,0.229819346692518,7322,7322,0.000586148937620226,0.0002930744688101
0.274903700126617,0.230354385000464,7323,7323,0.000586148937620226,0.000293074468810125
0.274664316363375,0.229819346692518,7324,7324,0.000586148937620226,0.0002930744688101
0.274903700126617,0.230354385000464,7325,7325,0.000586148937620226,0.000293074468810125
0.274664316363375,0.229819346692518,7326,7326,0.000586148937620226,0.0002930744688101
0.274903700126617,0.230354385000464,7327,7327,0.000586148937620226,0.000293074468810125
0.274664316363375,0.229819346692518,7328,7328,0.000586148937620226,0.0002930744688101
0.274903700126617,0.230354385000464,7329,7329,0.000586148937620226,0.000293074468810125
0.274664316363375,0.229819346692518,7330,7330,0.000586148937620226,0.0002930744688101
0.274903700126617,0.230354385000464,7331,7331,0.000586148937620226,0.000293074468810125
0.274664316363375,0.229819346692518,7332,7332,0.000586148937620226,0.0002930744688101
0.274903700126617,0.230354385000464,7333,7333,0.000586148937620226,0.000293074468810125
0.274664316363375,0.229819346692518,7334,7334,0.000586148937620226,0.0002930744688101
0.274903700126617,0.230354385000464,7335,7335,0.000586148937620226,0.000293074468810125
0.274664316363375,0.229819346692518,7336,7336,0.000586148937620226,0.0002930744688101
0.274903700126617,0.230354385000464,7337,7337,0.000586148937620226,0.000293074468810125
0.274664316363375,0.229819346692518,7338,7338,0.000586148937620226,0.0002930744688101
0.274903700126617,0.230354385000464,7339,7339,0.000586148937620226,0.000293074468810125
0.274664316363375,0.229819346692518,7340,7340,0.000586148937620226,0.0002930744688101
0.274903700126617,0.230354385000464,7341,7341,0.000586148937620226,0.000293074468810125
0.274664316363375,0.229819346692518,7342,7342,0.000586148937620226,0.0002930744688101
0.274903700126617,0.230354385000464,7343,7343,0.000586148937620226,0.000293074468810125
0.274664316363375,0.229819346692518,7344,7344,0.000586148937620226,0.0002930744688101
0.274903700126617,0.230354385000464,7345,7345,0.000586148937620226,0.000293074468810125
0.274664316363375,0.229819346692518,7346,7346,0.000586148937620226,0.0002930744688101
0.274903700126617,0.230354385000464,7347,7347,0.000586148937620226,0.000293074468810125
0.274664316363375,0.229819346692518,7348,7348,0.000586148937620226,0.0002930744688101
0.274903700126617,0.230354385000464,7349,7349,0.000586148937620226,0.000293074468810125
0.274664316363375,0.229819346692518,7350,7350,0.000586148937620226,0.0002930744688101
0.274903700126617,0.230354385000464,7351,7351,0.000586148937620226,0.000293074468810125
0.274664316363375,0.229819346692518,7352,7352,0.000586148937620226,0.0002930744688101
0.274903700126617,0.230354385000464,7353,7353,0.000586148937620226,0.000293074468810125
0.274664316363375,0.229819346692518,7354,7354,0.000586148937620226,0.0002930744688101
0.274903700126617,0.230354385000464,7355,7355,0.000586148937620226,0.000293074468810125
0.274664316363375,0.229819346692518,7356,7356,0.000586148937620226,0.0002930744688101
0.274903700126617,0.230354385000464,7357,7357,0.000586148937620226,0.000293074468810125
0.274664316363375,0.229819346692518,7358,7358,0.000586148937620226,0.0002930744688101
0.274903700126617,0.230354385000464,7359,7359,0.000586148937620226,0.000293074468810125
0.274664316363375,0.229819346692518,7360,7360,0.000586148937620226,0.0002930744688101
0.274903700126617,0.230354385000464,7361,7361,0.000586148937620226,0.000293074468810125
0.274664316363375,0.229819346692518,7362,7362,0.000586148937620226,0.0002930744688101
0.274903700126617,0.230354385000464,7363,7363,0.000586148937620226,0.000293074468810125
0.274664316363375,0.229819346692518,7364,7364,0.000586148937620226,0.0002930744688101
0.274903700126617,0.230354385000464,7365,7365,0.000586148937620226,0.000293074468810125
0.274664316363375,0.229819346692518,7366,7366,0.000586148937620226,0.0002930744688101
0.274903700126617,0.230354385000464,7367,7367,0.000586148937620226,0.000293074468810125
0.274664316363375,0.229819346692518,7368,7368,0.000586148937620226,0.0002930744688101
0.274903700126617,0.230354385000464,7369,7369,0.000586148937620226,0.000293074468810125
0.274664316363375,0.229819346692518,7370,7370,0.000586148937620226,0.0002930744688101
0.274903700126617,0.230354385000464,7371,7371,0.000586148937620226,0.000293074468810125
0.274664316363375,0.229819346692518,7372,7372,0.000586148937620226,0.0002930744688101
0.274903700126617,0.230354385000464,7373,7373,0.000586148937620226,0.000293074468810125
0.274664316363375,0.229819346692518,7374,7374,0.000586148937620226,0.0002930744688101
0.274903700126617,0.230354385000464,7375,7375,0.000586148937620226,0.000293074468810125
0.274664316363375,0.229819346692518,7376,7376,0.000586148937620226,0.0002930744688101
0.274903700126617,0.230354385000464,7377,7377,0.000586148937620226,0.000293074468810125
0.274664316363375,0.229819346692518,7378,7378,0.000586148937620226,0.0002930744688101
0.274903700126617,0.230354385000464,7379,7379,0.000586148937620226,0.000293074468810125
0.274664316363375,0.229819346692518,7380,7380,0.000586148937620226,0.0002930744688101
0.274903700126617,0.230354385000464,7381,7381,0.000586148937620226,0.000293074468810125
0.274664316363375,0.229819346692518,7382,7382,0.000586148937620226,0.0002930744688101
0.274903700126617,0.230354385000464,7383,7383,0.000586148937620226,0.000293074468810125
0.274664316363375,0.229819346692518,7384,7384,0.000586148937620226,0.0002930744688101
0.274903700126617,0.230354385000464,7385,7385,0.000586148937620226,0.000293074468810125
0.274664316363375,0.229819346692518,7386,7386,0.000586148937620226,0.0002930744688101
0.274903700126617,0.230354385000464,7387,7387,0.000586148937620226,0.000293074468810125
0.274664316363375,0.229819346692518,7388,7388,0.000586148937620226,0.0002930744688101
0.274903700126617,0.230354385000464,7389,7389,0.000586148937620226,0.000293074468810125
0.274664316363375,0.229819346692518,7390,7390,0.000586148937620226,0.0002930744688101
0.274903700126617,0.230354385000464,7391,7391,0.000586148937620226,0.000293074468810125
0.274664316363375,0.229819346692518,7392,7392,0.000586148937620226,0.0002930744688101
0.274903700126617,0.230354385000464,7393,7393,0.000586148937620226,0.000293074468810125
0.274664316363375,0.229819346692518,7394,7394,0.000586148937620226,0.0002930744688101
0.274903700126617,0.230354385000464,7395,7395,0.000586148937620226,0.000293074468810125
0.274664316363375,0.229819346692518,7396,7396,0.000586148937620226,0.0002930744688101
0.274903700126617,0.230354385000464,7397,7397,0.000586148937620226,0.000293074468810125
0.274664316363375,0.229819346692518,7398,7398,0.000586148937620226,0.0002930744688101
0.274903700126617,0.230354385000464,7399,7399,0.000586148937620226,0.000293074468810125
0.274664316363375,0.229819346692518,7400,7400,0.000586148937620226,0.0002930744688101
0.274903700126617,0.230354385000464,7401,7401,0.000586148937620226,0.000293074468810125
0.274664316363375,0.229819346692518,7402,7402,0.000586148937620226,0.0002930744688101
0.274903700126617,0.230354385000464,7403,7403,0.000586148937620226,0.000293074468810125
0.274664316363375,0.229819346692518,7404,7404,0.000586148937620226,0.0002930744688101
0.274903700126617,0.230354385000464,7405,7405,0.000586148937620226,0.000293074468810125
0.274664316363375,0.229819346692518,7406,7406,0.000586148937620226,0.0002930744688101
0.274903700126617,0.230354385000464,7407,7407,0.000586148937620226,0.000293074468810125
0.274664316363375,0.229819346692518,7408,7408,0.000586148937620226,0.0002930744688101
0.274903700126617,0.230354385000464,7409,7409,0.000586148937620226,0.000293074468810125
0.274664316363375,0.229819346692518,7410,7410,0.000586148937620226,0.0002930744688101
0.274903700126617,0.230354385000464,7411,7411,0.000586148937620226,0.000293074468810125
0.274664316363375,0.229819346692518,7412,7412,0.000586148937620226,0.0002930744688101
0.274903700126617,0.230354385000464,7413,7413,0.000586148937620226,0.000293074468810125
0.274664316363375,0.229819346692518,7414,7414,0.000586148937620226,0.0002930744688101
0.274903700126617,0.230354385000464,7415,7415,0.000586148937620226,0.000293074468810125
0.274664316363375,0.229819346692518,7416,7416,0.000586148937620226,0.0002930744688101
0.274903700126617,0.230354385000464,7417,7417,0.000586148937620226,0.000293074468810125
0.274664316363375,0.229819346692518,7418,7418,0.000586148937620226,0.0002930744688101
0.274903700126617,0.230354385000464,7419,7419,0.000586148937620226,0.000293074468810125
0.274664316363375,0.229819346692518,7420,7420,0.000586148937620226,0.0002930744688101
0.274903700126617,0.230354385000464,7421,7421,0.000586148937620226,0.000293074468810125
0.274664316363375,0.229819346692518,7422,7422,0.000586148937620226,0.0002930744688101
0.274903700126617,0.230354385000464,7423,7423,0.000586148937620226,0.000293074468810125
0.274664316363375,0.229819346692518,7424,7424,0.000586148937620226,0.0002930744688101
0.274903700126617,0.230354385000464,7425,7425,0.000586148937620226,0.000293074468810125
0.274664316363375,0.229819346692518,7426,7426,0.000586148937620226,0.0002930744688101
0.274903700126617,0.230354385000464,7427,7427,0.000586148937620226,0.000293074468810125
0.274664316363375,0.229819346692518,7428,7428,0.000586148937620226,0.0002930744688101
0.274903700126617,0.230354385000464,7429,7429,0.000586148937620226,0.000293074468810125
0.274664316363375,0.229819346692518,7430,7430,0.000586148937620226,0.0002930744688101
0.274903700126617,0.230354385000464,7431,7431,0.000586148937620226,0.000293074468810125
0.274664316363375,0.229819346692518,7432,7432,0.000586148937620226,0.0002930744688101
0.274903700126617,0.230354385000464,7433,7433,0.000586148937620226,0.000293074468810125
0.274664316363375,0.229819346692518,7434,7434,0.000586148937620226,0.0002930744688101
0.274903700126617,0.230354385000464,7435,7435,0.000586148937620226,0.000293074468810125
0.274664316363375,0.229819346692518,7436,7436,0.000586148937620226,0.0002930744688101
0.274903700126617,0.230354385000464,7437,7437,0.000586148937620226,0.000293074468810125
0.274664316363375,0.229819346692518,7438,7438,0.000586148937620226,0.0002930744688101
0.274903700126617,0.230354385000464,7439,7439,0.000586148937620226,0.000293074468810125
0.274664316363375,0.229819346692518,7440,7440,0.000586148937620226,0.0002930744688101
0.274903700126617,0.230354385000464,7441,7441,0.000586148937620226,0.000293074468810125
0.274664316363375,0.229819346692518,7442,7442,0.000586148937620226,0.0002930744688101
0.274903700126617,0.230354385000464,7443,7443,0.000586148937620226,0.000293074468810125
0.274664316363375,0.229819346692518,7444,7444,0.000586148937620226,0.0002930744688101
0.274903700126617,0.230354385000464,7445,7445,0.000586148937620226,0.000293074468810125
0.274664316363375,0.229819346692518,7446,7446,0.000586148937620226,0.0002930744688101
0.274903700126617,0.230354385000464,7447,7447,0.000586148937620226,0.000293074468810125
0.274664316363375,0.229819346692518,7448,7448,0.000586148937620226,0.0002930744688101
0.274903700126617,0.230354385000464,7449,7449,0.000586148937620226,0.000293074468810125
0.274664316363375,0.229819346692518,7450,7450,0.000586148937620226,0.0002930744688101
0.274903700126617,0.230354385000464,7451,7451,0.000586148937620226,0.000293074468810125
0.274664316363375,0.229819346692518,7452,7452,0.000586148937620226,0.0002930744688101
0.274903700126617,0.230354385000464,7453,7453,0.000586148937620226,0.000293074468810125
0.274664316363375,0.229819346692518,7454,7454,0.000586148937620226,0.0002930744688101
0.274903700126617,0.230354385000464,7455,7455,0.000586148937620226,0.000293074468810125
0.274664316363375,0.229819346692518,7456,7456,0.000586148937620226,0.0002930744688101
0.274903700126617,0.230354385000464,7457,7457,0.000586148937620226,0.000293074468810125
0.274664316363375,0.229819346692518,7458,7458,0.000586148937620226,0.0002930744688101
0.274903700126617,0.230354385000464,7459,7459,0.000586148937620226,0.000293074468810125
0.274664316363375,0.229819346692518,7460,7460,0.000586148937620226,0.0002930744688101
0.274903700126617,0.230354385000464,7461,7461,0.000586148937620226,0.000293074468810125
0.274664316363375,0.229819346692518,7462,7462,0.000586148937620226,0.0002930744688101
0.274903700126617,0.230354385000464,7463,7463,0.000586148937620226,0.000293074468810125
0.274664316363375,0.229819346692518,7464,7464,0.000586148937620226,0.0002930744688101
0.274903700126617,0.230354385000464,7465,7465,0.000586148937620226,0.000293074468810125
0.274664316363375,0.229819346692518,7466,7466,0.000586148937620226,0.0002930744688101
0.274903700126617,0.230354385000464,7467,7467,0.000586148937620226,0.000293074468810125
0.274664316363375,0.229819346692518,7468,7468,0.000586148937620226,0.0002930744688101
0.274903700126617,0.230354385000464,7469,7469,0.000586148937620226,0.000293074468810125
0.274664316363375,0.229819346692518,7470,7470,0.000586148937620226,0.0002930744688101
0.274903700126617,0.230354385000464,7471,7471,0.000586148937620226,0.000293074468810125
0.274664316363375,0.229819346692518,7472,7472,0.000586148937620226,0.0002930744688101
0.274903700126617,0.230354385000464,7473,7473,0.000586148937620226,0.000293074468810125
0.274664316363375,0.229819346692518,7474,7474,0.000586148937620226,0.0002930744688101
0.274903700126617,0.230354385000464,7475,7475,0.000586148937620226,0.000293074468810125
0.274664316363375,0.229819346692518,7476,7476,0.000586148937620226,0.0002930744688101
0.274903700126617,0.230354385000464,7477,7477,0.000586148937620226,0.000293074468810125
0.274664316363375,0.229819346692518,7478,7478,0.000586148937620226,0.0002930744688101
0.274903700126617,0.230354385000464,7479,7479,0.000586148937620226,0.000293074468810125
0.274664316363375,0.229819346692518,7480,7480,0.000586148937620226,0.0002930744688101
0.274903700126617,0.230354385000464,7481,7481,0.000586148937620226,0.000293074468810125
0.274664316363375,0.229819346692518,7482,7482,0.000586148937620226,0.0002930744688101
0.274903700126617,0.230354385000464,7483,7483,0.000586148937620226,0.000293074468810125
0.274664316363375,0.229819346692518,7484,7484,0.000586148937620226,0.0002930744688101
0.274903700126617,0.230354385000464,7485,7485,0.000586148937620226,0.000293074468810125
0.274664316363375,0.229819346692518,7486,7486,0.000586148937620226,0.0002930744688101
0.274903700126617,0.230354385000464,7487,7487,0.000586148937620226,0.000293074468810125
0.274664316363375,0.229819346692518,7488,7488,0.000586148937620226,0.0002930744688101
0.274903700126617,0.230354385000464,7489,7489,0.000586148937620226,0.000293074468810125
0.274664316363375,0.229819346692518,7490,7490,0.000586148937620226,0.0002930744688101
0.274903700126617,0.230354385000464,7491,7491,0.000586148937620226,0.000293074468810125
0.274664316363375,0.229819346692518,7492,7492,0.000586148937620226,0.0002930744688101
0.274903700126617,0.230354385000464,7493,7493,0.000586148937620226,0.000293074468810125
0.274664316363375,0.229819346692518,7494,7494,0.000586148937620226,0.0002930744688101
0.274903700126617,0.230354385000464,7495,7495,0.000586148937620226,0.000293074468810125
0.274664316363375,0.229819346692518,7496,7496,0.000586148937620226,0.0002930744688101
0.274903700126617,0.230354385000464,7497,7497,0.000586148937620226,0.000293074468810125
0.274664316363375,0.229819346692518,7498,7498,0.000586148937620226,0.0002930744688101
0.274903700126617,0.230354385000464,7499,7499,0.000586148937620226,0.000293074468810125
0.274664316363375,0.229819346692518,7500,7500,0.000586148937620226,0.0002930744688101
0.274903700126617,0.230354385000464,7501,7501,0.000586148937620226,0.000293074468810125
0.274664316363375,0.229819346692518,7502,7502,0.000586148937620226,0.0002930744688101
0.274903700126617,0.230354385000464,7503,7503,0.000586148937620226,0.000293074468810125
0.274664316363375,0.229819346692518,7504,7504,0.000586148937620226,0.0002930744688101
0.274903700126617,0.230354385000464,7505,7505,0.000586148937620226,0.000293074468810125
0.274664316363375,0.229819346692518,7506,7506,0.000586148937620226,0.0002930744688101
0.274903700126617,0.230354385000464,7507,7507,0.000586148937620226,0.000293074468810125
0.274664316363375,0.229819346692518,7508,7508,0.000586148937620226,0.0002930744688101
0.274903700126617,0.230354385000464,7509,7509,0.000586148937620226,0.000293074468810125
0.274664316363375,0.229819346692518,7510,7510,0.000586148937620226,0.0002930744688101
0.274903700126617,0.230354385000464,7511,7511,0.000586148937620226,0.000293074468810125
0.274664316363375,0.229819346692518,7512,7512,0.000586148937620226,0.0002930744688101
0.274903700126617,0.230354385000464,7513,7513,0.000586148937620226,0.000293074468810125
0.274664316363375,0.229819346692518,7514,7514,0.000586148937620226,0.0002930744688101
0.274903700126617,0.230354385000464,7515,7515,0.000586148937620226,0.000293074468810125
0.274664316363375,0.229819346692518,7516,7516,0.000586148937620226,0.0002930744688101
0.274903700126617,0.230354385000464,7517,7517,0.000586148937620226,0.000293074468810125
0.274664316363375,0.229819346692518,7518,7518,0.000586148937620226,0.0002930744688101
0.274903700126617,0.230354385000464,7519,7519,0.000586148937620226,0.000293074468810125
0.274664316363375,0.229819346692518,7520,7520,0.000586148937620226,0.0002930744688101
0.274903700126617,0.230354385000464,7521,7521,0.000586148937620226,0.000293074468810125
0.274664316363375,0.229819346692518,7522,7522,0.000586148937620226,0.0002930744688101
0.274903700126617,0.230354385000464,7523,7523,0.000586148937620226,0.000293074468810125
0.274664316363375,0.229819346692518,7524,7524,0.000586148937620226,0.0002930744688101
0.274903700126617,0.230354385000464,7525,7525,0.000586148937620226,0.000293074468810125
0.274664316363375,0.229819346692518,7526,7526,0.000586148937620226,0.0002930744688101
0.274903700126617,0.230354385000464,7527,7527,0.000586148937620226,0.000293074468810125
0.274664316363375,0.229819346692518,7528,7528,0.000586148937620226,0.0002930744688101
0.274903700126617,0.230354385000464,7529,7529,0.000586148937620226,0.000293074468810125
0.274664316363375,0.229819346692518,7530,7530,0.000586148937620226,0.0002930744688101
0.274903700126617,0.230354385000464,7531,7531,0.000586148937620226,0.000293074468810125
0.274664316363375,0.229819346692518,7532,7532,0.000586148937620226,0.0002930744688101
0.274903700126617,0.230354385000464,7533,7533,0.000586148937620226,0.000293074468810125
0.274664316363375,0.229819346692518,7534,7534,0.000586148937620226,0.0002930744688101
0.274903700126617,0.230354385000464,7535,7535,0.000586148937620226,0.000293074468810125
0.274664316363375,0.229819346692518,7536,7536,0.000586148937620226,0.0002930744688101
0.274903700126617,0.230354385000464,7537,7537,0.000586148937620226,0.000293074468810125
0.274664316363375,0.229819346692518,7538,7538,0.000586148937620226,0.0002930744688101
0.274903700126617,0.230354385000464,7539,7539,0.000586148937620226,0.000293074468810125
0.274664316363375,0.229819346692518,7540,7540,0.000586148937620226,0.0002930744688101
0.274903700126617,0.230354385000464,7541,7541,0.000586148937620226,0.000293074468810125
0.274664316363375,0.229819346692518,7542,7542,0.000586148937620226,0.0002930744688101
0.274903700126617,0.230354385000464,7543,7543,0.000586148937620226,0.000293074468810125
0.274664316363375,0.229819346692518,7544,7544,0.000586148937620226,0.0002930744688101
0.274903700126617,0.230354385000464,7545,7545,0.000586148937620226,0.000293074468810125
0.274664316363375,0.229819346692518,7546,7546,0.000586148937620226,0.0002930744688101
0.274903700126617,0.230354385000464,7547,7547,0.000586148937620226,0.000293074468810125
0.274664316363375,0.229819346692518,7548,7548,0.000586148937620226,0.0002930744688101
0.274903700126617,0.230354385000464,7549,7549,0.000586148937620226,0.000293074468810125
0.274664316363375,0.229819346692518,7550,7550,0.000586148937620226,0.0002930744688101
0.274903700126617,0.230354385000464,7551,7551,0.000586148937620226,0.000293074468810125
0.274664316363375,0.229819346692518,7552,7552,0.000586148937620226,0.0002930744688101
0.274903700126617,0.230354385000464,7553,7553,0.000586148937620226,0.000293074468810125
0.274664316363375,0.229819346692518,7554,7554,0.000586148937620226,0.0002930744688101
0.274903700126617,0.230354385000464,7555,7555,0.000586148937620226,0.000293074468810125
0.274664316363375,0.229819346692518,7556,7556,0.000586148937620226,0.0002930744688101
0.274903700126617,0.230354385000464,7557,7557,0.000586148937620226,0.000293074468810125
0.274664316363375,0.229819346692518,7558,7558,0.000586148937620226,0.0002930744688101
0.274903700126617,0.230354385000464,7559,7559,0.000586148937620226,0.000293074468810125
0.274664316363375,0.229819346692518,7560,7560,0.000586148937620226,0.0002930744688101
0.274903700126617,0.230354385000464,7561,7561,0.000586148937620226,0.000293074468810125
0.274664316363375,0.229819346692518,7562,7562,0.000586148937620226,0.0002930744688101
0.274903700126617,0.230354385000464,7563,7563,0.000586148937620226,0.000293074468810125
0.274664316363375,0.229819346692518,7564,7564,0.000586148937620226,0.0002930744688101
0.274903700126617,0.230354385000464,7565,7565,0.000586148937620226,0.000293074468810125
0.274664316363375,0.229819346692518,7566,7566,0.000586148937620226,0.0002930744688101
0.274903700126617,0.230354385000464,7567,7567,0.000586148937620226,0.000293074468810125
0.274664316363375,0.229819346692518,7568,7568,0.000586148937620226,0.0002930744688101
0.274903700126617,0.230354385000464,7569,7569,0.000586148937620226,0.000293074468810125
0.274664316363375,0.229819346692518,7570,7570,0.000586148937620226,0.0002930744688101
0.274903700126617,0.230354385000464,7571,7571,0.000586148937620226,0.000293074468810125
0.274664316363375,0.229819346692518,7572,7572,0.000586148937620226,0.0002930744688101
0.274903700126617,0.230354385000464,7573,7573,0.000586148937620226,0.000293074468810125
0.274664316363375,0.229819346692518,7574,7574,0.000586148937620226,0.0002930744688101
0.274903700126617,0.230354385000464,7575,7575,0.000586148937620226,0.000293074468810125
0.274664316363375,0.229819346692518,7576,7576,0.000586148937620226,0.0002930744688101
0.274903700126617,0.230354385000464,7577,7577,0.000586148937620226,0.000293074468810125
0.274664316363375,0.229819346692518,7578,7578,0.000586148937620226,0.0002930744688101
0.274903700126617,0.230354385000464,7579,7579,0.000586148937620226,0.000293074468810125
0.274664316363375,0.229819346692518,7580,7580,0.000586148937620226,0.0002930744688101
0.274903700126617,0.230354385000464,7581,7581,0.000586148937620226,0.000293074468810125
0.274664316363375,0.229819346692518,7582,7582,0.000586148937620226,0.0002930744688101
0.274903700126617,0.230354385000464,7583,7583,0.000586148937620226,0.000293074468810125
0.274664316363375,0.229819346692518,7584,7584,0.000586148937620226,0.0002930744688101
0.274903700126617,0.230354385000464,7585,7585,0.000586148937620226,0.000293074468810125
0.274664316363375,0.229819346692518,7586,7586,0.000586148937620226,0.0002930744688101
0.274903700126617,0.230354385000464,7587,7587,0.000586148937620226,0.000293074468810125
0.274664316363375,0.229819346692518,7588,7588,0.000586148937620226,0.0002930744688101
0.274903700126617,0.230354385000464,7589,7589,0.000586148937620226,0.000293074468810125
0.274664316363375,0.229819346692518,7590,7590,0.000586148937620226,0.0002930744688101
0.274903700126617,0.230354385000464,7591,7591,0.000586148937620226,0.000293074468810125
0.274664316363375,0.229819346692518,7592,7592,0.000586148937620226,0.0002930744688101
0.274903700126617,0.230354385000464,7593,7593,0.000586148937620226,0.000293074468810125
0.274664316363375,0.229819346692518,7594,7594,0.000586148937620226,0.0002930744688101
0.274903700126617,0.230354385000464,7595,7595,0.000586148937620226,0.000293074468810125
0.274664316363375,0.229819346692518,7596,7596,0.000586148937620226,0.0002930744688101
0.274903700126617,0.230354385000464,7597,7597,0.000586148937620226,0.000293074468810125
0.274664316363375,0.229819346692518,7598,7598,0.000586148937620226,0.0002930744688101
0.274903700126617,0.230354385000464,7599,7599,0.000586148937620226,0.000293074468810125
0.274664316363375,0.229819346692518,7600,7600,0.000586148937620226,0.0002930744688101
0.274903700126617,0.230354385000464,7601,7601,0.000586148937620226,0.000293074468810125
0.274664316363375,0.229819346692518,7602,7602,0.000586148937620226,0.0002930744688101
0.274903700126617,0.230354385000464,7603,7603,0.000586148937620226,0.000293074468810125
0.274664316363375,0.229819346692518,7604,7604,0.000586148937620226,0.0002930744688101
0.274903700126617,0.230354385000464,7605,7605,0.000586148937620226,0.000293074468810125
0.274664316363375,0.229819346692518,7606,7606,0.000586148937620226,0.0002930744688101
0.274903700126617,0.230354385000464,7607,7607,0.000586148937620226,0.000293074468810125
0.274664316363375,0.229819346692518,7608,7608,0.000586148937620226,0.0002930744688101
0.274903700126617,0.230354385000464,7609,7609,0.000586148937620226,0.000293074468810125
0.274664316363375,0.229819346692518,7610,7610,0.000586148937620226,0.0002930744688101
0.274903700126617,0.230354385000464,7611,7611,0.000586148937620226,0.000293074468810125
0.274664316363375,0.229819346692518,7612,7612,0.000586148937620226,0.0002930744688101
0.274903700126617,0.230354385000464,7613,7613,0.000586148937620226,0.000293074468810125
0.274664316363375,0.229819346692518,7614,7614,0.000586148937620226,0.0002930744688101
0.274903700126617,0.230354385000464,7615,7615,0.000586148937620226,0.000293074468810125
0.274664316363375,0.229819346692518,7616,7616,0.000586148937620226,0.0002930744688101
0.274903700126617,0.230354385000464,7617,7617,0.000586148937620226,0.000293074468810125
0.274664316363375,0.229819346692518,7618,7618,0.000586148937620226,0.0002930744688101
0.274903700126617,0.230354385000464,7619,7619,0.000586148937620226,0.000293074468810125
0.274664316363375,0.229819346692518,7620,7620,0.000586148937620226,0.0002930744688101
0.274903700126617,0.230354385000464,7621,7621,0.000586148937620226,0.000293074468810125
0.274664316363375,0.229819346692518,7622,7622,0.000586148937620226,0.0002930744688101
0.274903700126617,0.230354385000464,7623,7623,0.000586148937620226,0.000293074468810125
0.274664316363375,0.229819346692518,7624,7624,0.000586148937620226,0.0002930744688101
0.274903700126617,0.230354385000464,7625,7625,0.000586148937620226,0.000293074468810125
0.274664316363375,0.229819346692518,7626,7626,0.000586148937620226,0.0002930744688101
0.274903700126617,0.230354385000464,7627,7627,0.000586148937620226,0.000293074468810125
0.274664316363375,0.229819346692518,7628,7628,0.000586148937620226,0.0002930744688101
0.274903700126617,0.230354385000464,7629,7629,0.000586148937620226,0.000293074468810125
0.274664316363375,0.229819346692518,7630,7630,0.000586148937620226,0.0002930744688101
0.274903700126617,0.230354385000464,7631,7631,0.000586148937620226,0.000293074468810125
0.274664316363375,0.229819346692518,7632,7632,0.000586148937620226,0.0002930744688101
0.274903700126617,0.230354385000464,7633,7633,0.000586148937620226,0.000293074468810125
0.274664316363375,0.229819346692518,7634,7634,0.000586148937620226,0.0002930744688101
0.274903700126617,0.230354385000464,7635,7635,0.000586148937620226,0.000293074468810125
0.274664316363375,0.229819346692518,7636,7636,0.000586148937620226,0.0002930744688101
0.274903700126617,0.230354385000464,7637,7637,0.000586148937620226,0.000293074468810125
0.274664316363375,0.229819346692518,7638,7638,0.000586148937620226,0.0002930744688101
0.274903700126617,0.230354385000464,7639,7639,0.000586148937620226,0.000293074468810125
0.274664316363375,0.229819346692518,7640,7640,0.000586148937620226,0.0002930744688101
0.274903700126617,0.230354385000464,7641,7641,0.000586148937620226,0.000293074468810125
0.274664316363375,0.229819346692518,7642,7642,0.000586148937620226,0.0002930744688101
0.274903700126617,0.230354385000464,7643,7643,0.000586148937620226,0.000293074468810125
0.274664316363375,0.229819346692518,7644,7644,0.000586148937620226,0.0002930744688101
0.274903700126617,0.230354385000464,7645,7645,0.000586148937620226,0.000293074468810125
0.274664316363375,0.229819346692518,7646,7646,0.000586148937620226,0.0002930744688101
0.274903700126617,0.230354385000464,7647,7647,0.000586148937620226,0.000293074468810125
0.274664316363375,0.229819346692518,7648,7648,0.000586148937620226,0.0002930744688101
0.274903700126617,0.230354385000464,7649,7649,0.000586148937620226,0.000293074468810125
0.274664316363375,0.229819346692518,7650,7650,0.000586148937620226,0.0002930744688101
0.274903700126617,0.230354385000464,7651,7651,0.000586148937620226,0.000293074468810125
0.274664316363375,0.229819346692518,7652,7652,0.000586148937620226,0.0002930744688101
0.274903700126617,0.230354385000464,7653,7653,0.000586148937620226,0.000293074468810125
0.274664316363375,0.229819346692518,7654,7654,0.000586148937620226,0.0002930744688101
0.274903700126617,0.230354385000464,7655,7655,0.000586148937620226,0.000293074468810125
0.274664316363375,0.229819346692518,7656,7656,0.000586148937620226,0.0002930744688101
0.274903700126617,0.230354385000464,7657,7657,0.000586148937620226,0.000293074468810125
0.274664316363375,0.229819346692518,7658,7658,0.000586148937620226,0.0002930744688101
0.274903700126617,0.230354385000464,7659,7659,0.000586148937620226,0.000293074468810125
0.274664316363375,0.229819346692518,7660,7660,0.000586148937620226,0.0002930744688101
0.274903700126617,0.230354385000464,7661,7661,0.000586148937620226,0.000293074468810125
0.274664316363375,0.229819346692518,7662,7662,0.000586148937620226,0.0002930744688101
0.274903700126617,0.230354385000464,7663,7663,0.000586148937620226,0.000293074468810125
0.274664316363375,0.229819346692518,7664,7664,0.000586148937620226,0.0002930744688101
0.274903700126617,0.230354385000464,7665,7665,0.000586148937620226,0.000293074468810125
0.274664316363375,0.229819346692518,7666,7666,0.000586148937620226,0.0002930744688101
0.274903700126617,0.230354385000464,7667,7667,0.000586148937620226,0.000293074468810125
0.274664316363375,0.229819346692518,7668,7668,0.000586148937620226,0.0002930744688101
0.274903700126617,0.230354385000464,7669,7669,0.000586148937620226,0.000293074468810125
0.274664316363375,0.229819346692518,7670,7670,0.000586148937620226,0.0002930744688101
0.274903700126617,0.230354385000464,7671,7671,0.000586148937620226,0.000293074468810125
0.274664316363375,0.229819346692518,7672,7672,0.000586148937620226,0.0002930744688101
0.274903700126617,0.230354385000464,7673,7673,0.000586148937620226,0.000293074468810125
0.274664316363375,0.229819346692518,7674,7674,0.000586148937620226,0.0002930744688101
0.274903700126617,0.230354385000464,7675,7675,0.000586148937620226,0.000293074468810125
0.274664316363375,0.229819346692518,7676,7676,0.000586148937620226,0.0002930744688101
0.274903700126617,0.230354385000464,7677,7677,0.000586148937620226,0.000293074468810125
0.274664316363375,0.229819346692518,7678,7678,0.000586148937620226,0.0002930744688101
0.274903700126617,0.230354385000464,7679,7679,0.000586148937620226,0.000293074468810125
0.274664316363375,0.229819346692518,7680,7680,0.000586148937620226,0.0002930744688101
0.274903700126617,0.230354385000464,7681,7681,0.000586148937620226,0.000293074468810125
0.274664316363375,0.229819346692518,7682,7682,0.000586148937620226,0.0002930744688101
0.274903700126617,0.230354385000464,7683,7683,0.000586148937620226,0.000293074468810125
0.274664316363375,0.229819346692518,7684,7684,0.000586148937620226,0.0002930744688101
0.274903700126617,0.230354385000464,7685,7685,0.000586148937620226,0.000293074468810125
0.274664316363375,0.229819346692518,7686,7686,0.000586148937620226,0.0002930744688101
0.274903700126617,0.230354385000464,7687,7687,0.000586148937620226,0.000293074468810125
0.274664316363375,0.229819346692518,7688,7688,0.000586148937620226,0.0002930744688101
0.274903700126617,0.230354385000464,7689,7689,0.000586148937620226,0.000293074468810125
0.274664316363375,0.229819346692518,7690,7690,0.000586148937620226,0.0002930744688101
0.274903700126617,0.230354385000464,7691,7691,0.000586148937620226,0.000293074468810125
0.274664316363375,0.229819346692518,7692,7692,0.000586148937620226,0.0002930744688101
0.274903700126617,0.230354385000464,7693,7693,0.000586148937620226,0.000293074468810125
0.274664316363375,0.229819346692518,7694,7694,0.000586148937620226,0.0002930744688101
0.274903700126617,0.230354385000464,7695,7695,0.000586148937620226,0.000293074468810125
0.274664316363375,0.229819346692518,7696,7696,0.000586148937620226,0.0002930744688101
0.274903700126617,0.230354385000464,7697,7697,0.000586148937620226,0.000293074468810125
0.274664316363375,0.229819346692518,7698,7698,0.000586148937620226,0.0002930744688101
0.274903700126617,0.230354385000464,7699,7699,0.000586148937620226,0.000293074468810125
0.274664316363375,0.229819346692518,7700,7700,0.000586148937620226,0.0002930744688101
0.274903700126617,0.230354385000464,7701,7701,0.000586148937620226,0.000293074468810125
0.274664316363375,0.229819346692518,7702,7702,0.000586148937620226,0.0002930744688101
0.274903700126617,0.230354385000464,7703,7703,0.000586148937620226,0.000293074468810125
0.274664316363375,0.229819346692518,7704,7704,0.000586148937620226,0.0002930744688101
0.274903700126617,0.230354385000464,7705,7705,0.000586148937620226,0.000293074468810125
0.274664316363375,0.229819346692518,7706,7706,0.000586148937620226,0.0002930744688101
0.274903700126617,0.230354385000464,7707,7707,0.000586148937620226,0.000293074468810125
0.274664316363375,0.229819346692518,7708,7708,0.000586148937620226,0.0002930744688101
0.274903700126617,0.230354385000464,7709,7709,0.000586148937620226,0.000293074468810125
0.274664316363375,0.229819346692518,7710,7710,0.000586148937620226,0.0002930744688101
0.274903700126617,0.230354385000464,7711,7711,0.000586148937620226,0.000293074468810125
0.274664316363375,0.229819346692518,7712,7712,0.000586148937620226,0.0002930744688101
0.274903700126617,0.230354385000464,7713,7713,0.000586148937620226,0.000293074468810125
0.274664316363375,0.229819346692518,7714,7714,0.000586148937620226,0.0002930744688101
0.274903700126617,0.230354385000464,7715,7715,0.000586148937620226,0.000293074468810125
0.274664316363375,0.229819346692518,7716,7716,0.000586148937620226,0.0002930744688101
0.274903700126617,0.230354385000464,7717,7717,0.000586148937620226,0.000293074468810125
0.274664316363375,0.229819346692518,7718,7718,0.000586148937620226,0.0002930744688101
0.274903700126617,0.230354385000464,7719,7719,0.000586148937620226,0.000293074468810125
0.274664316363375,0.229819346692518,7720,7720,0.000586148937620226,0.0002930744688101
0.274903700126617,0.230354385000464,7721,7721,0.000586148937620226,0.000293074468810125
0.274664316363375,0.229819346692518,7722,7722,0.000586148937620226,0.0002930744688101
0.274903700126617,0.230354385000464,7723,7723,0.000586148937620226,0.000293074468810125
0.274664316363375,0.229819346692518,7724,7724,0.000586148937620226,0.0002930744688101
0.274903700126617,0.230354385000464,7725,7725,0.000586148937620226,0.000293074468810125
0.274664316363375,0.229819346692518,7726,7726,0.000586148937620226,0.0002930744688101
0.274903700126617,0.230354385000464,7727,7727,0.000586148937620226,0.000293074468810125
0.274664316363375,0.229819346692518,7728,7728,0.000586148937620226,0.0002930744688101
0.274903700126617,0.230354385000464,7729,7729,0.000586148937620226,0.000293074468810125
0.274664316363375,0.229819346692518,7730,7730,0.000586148937620226,0.0002930744688101
0.274903700126617,0.230354385000464,7731,7731,0.000586148937620226,0.000293074468810125
0.274664316363375,0.229819346692518,7732,7732,0.000586148937620226,0.0002930744688101
0.274903700126617,0.230354385000464,7733,7733,0.000586148937620226,0.000293074468810125
0.274664316363375,0.229819346692518,7734,7734,0.000586148937620226,0.0002930744688101
0.274903700126617,0.230354385000464,7735,7735,0.000586148937620226,0.000293074468810125
0.274664316363375,0.229819346692518,7736,7736,0.000586148937620226,0.0002930744688101
0.274903700126617,0.230354385000464,7737,7737,0.000586148937620226,0.000293074468810125
0.274664316363375,0.229819346692518,7738,7738,0.000586148937620226,0.0002930744688101
0.274903700126617,0.230354385000464,7739,7739,0.000586148937620226,0.000293074468810125
0.274664316363375,0.229819346692518,7740,7740,0.000586148937620226,0.0002930744688101
0.274903700126617,0.230354385000464,7741,7741,0.000586148937620226,0.000293074468810125
0.274664316363375,0.229819346692518,7742,7742,0.000586148937620226,0.0002930744688101
0.274903700126617,0.230354385000464,7743,7743,0.000586148937620226,0.000293074468810125
0.274664316363375,0.229819346692518,7744,7744,0.000586148937620226,0.0002930744688101
0.274903700126617,0.230354385000464,7745,7745,0.000586148937620226,0.000293074468810125
0.274664316363375,0.229819346692518,7746,7746,0.000586148937620226,0.0002930744688101
0.274903700126617,0.230354385000464,7747,7747,0.000586148937620226,0.000293074468810125
0.274664316363375,0.229819346692518,7748,7748,0.000586148937620226,0.0002930744688101
0.274903700126617,0.230354385000464,7749,7749,0.000586148937620226,0.000293074468810125
0.274664316363375,0.229819346692518,7750,7750,0.000586148937620226,0.0002930744688101
0.274903700126617,0.230354385000464,7751,7751,0.000586148937620226,0.000293074468810125
0.274664316363375,0.229819346692518,7752,7752,0.000586148937620226,0.0002930744688101
0.274903700126617,0.230354385000464,7753,7753,0.000586148937620226,0.000293074468810125
0.274664316363375,0.229819346692518,7754,7754,0.000586148937620226,0.0002930744688101
0.274903700126617,0.230354385000464,7755,7755,0.000586148937620226,0.000293074468810125
0.274664316363375,0.229819346692518,7756,7756,0.000586148937620226,0.0002930744688101
0.274903700126617,0.230354385000464,7757,7757,0.000586148937620226,0.000293074468810125
0.274664316363375,0.229819346692518,7758,7758,0.000586148937620226,0.0002930744688101
0.274903700126617,0.230354385000464,7759,7759,0.000586148937620226,0.000293074468810125
0.274664316363375,0.229819346692518,7760,7760,0.000586148937620226,0.0002930744688101
0.274903700126617,0.230354385000464,7761,7761,0.000586148937620226,0.000293074468810125
0.274664316363375,0.229819346692518,7762,7762,0.000586148937620226,0.0002930744688101
0.274903700126617,0.230354385000464,7763,7763,0.000586148937620226,0.000293074468810125
0.274664316363375,0.229819346692518,7764,7764,0.000586148937620226,0.0002930744688101
0.274903700126617,0.230354385000464,7765,7765,0.000586148937620226,0.000293074468810125
0.274664316363375,0.229819346692518,7766,7766,0.000586148937620226,0.0002930744688101
0.274903700126617,0.230354385000464,7767,7767,0.000586148937620226,0.000293074468810125
0.274664316363375,0.229819346692518,7768,7768,0.000586148937620226,0.0002930744688101
0.274903700126617,0.230354385000464,7769,7769,0.000586148937620226,0.000293074468810125
0.274664316363375,0.229819346692518,7770,7770,0.000586148937620226,0.0002930744688101
0.274903700126617,0.230354385000464,7771,7771,0.000586148937620226,0.000293074468810125
0.274664316363375,0.229819346692518,7772,7772,0.000586148937620226,0.0002930744688101
0.274903700126617,0.230354385000464,7773,7773,0.000586148937620226,0.000293074468810125
0.274664316363375,0.229819346692518,7774,7774,0.000586148937620226,0.0002930744688101
0.274903700126617,0.230354385000464,7775,7775,0.000586148937620226,0.000293074468810125
0.274664316363375,0.229819346692518,7776,7776,0.000586148937620226,0.0002930744688101
0.274903700126617,0.230354385000464,7777,7777,0.000586148937620226,0.000293074468810125
0.274664316363375,0.229819346692518,7778,7778,0.000586148937620226,0.0002930744688101
0.274903700126617,0.230354385000464,7779,7779,0.000586148937620226,0.000293074468810125
0.274664316363375,0.229819346692518,7780,7780,0.000586148937620226,0.0002930744688101
0.274903700126617,0.230354385000464,7781,7781,0.000586148937620226,0.000293074468810125
0.274664316363375,0.229819346692518,7782,7782,0.000586148937620226,0.0002930744688101
0.274903700126617,0.230354385000464,7783,7783,0.000586148937620226,0.000293074468810125
0.274664316363375,0.229819346692518,7784,7784,0.000586148937620226,0.0002930744688101
0.274903700126617,0.230354385000464,7785,7785,0.000586148937620226,0.000293074468810125
0.274664316363375,0.229819346692518,7786,7786,0.000586148937620226,0.0002930744688101
0.274903700126617,0.230354385000464,7787,7787,0.000586148937620226,0.000293074468810125
0.274664316363375,0.229819346692518,7788,7788,0.000586148937620226,0.0002930744688101
0.274903700126617,0.230354385000464,7789,7789,0.000586148937620226,0.000293074468810125
0.274664316363375,0.229819346692518,7790,7790,0.000586148937620226,0.0002930744688101
0.274903700126617,0.230354385000464,7791,7791,0.000586148937620226,0.000293074468810125
0.274664316363375,0.229819346692518,7792,7792,0.000586148937620226,0.0002930744688101
0.274903700126617,0.230354385000464,7793,7793,0.000586148937620226,0.000293074468810125
0.274664316363375,0.229819346692518,7794,7794,0.000586148937620226,0.0002930744688101
0.274903700126617,0.230354385000464,7795,7795,0.000586148937620226,0.000293074468810125
0.274664316363375,0.229819346692518,7796,7796,0.000586148937620226,0.0002930744688101
0.274903700126617,0.230354385000464,7797,7797,0.000586148937620226,0.000293074468810125
0.274664316363375,0.229819346692518,7798,7798,0.000586148937620226,0.0002930744688101
0.274903700126617,0.230354385000464,7799,7799,0.000586148937620226,0.000293074468810125
0.274664316363375,0.229819346692518,7800,7800,0.000586148937620226,0.0002930744688101
0.274903700126617,0.230354385000464,7801,7801,0.000586148937620226,0.000293074468810125
0.274664316363375,0.229819346692518,7802,7802,0.000586148937620226,0.0002930744688101
0.274903700126617,0.230354385000464,7803,7803,0.000586148937620226,0.000293074468810125
0.274664316363375,0.229819346692518,7804,7804,0.000586148937620226,0.0002930744688101
0.274903700126617,0.230354385000464,7805,7805,0.000586148937620226,0.000293074468810125
0.274664316363375,0.229819346692518,7806,7806,0.000586148937620226,0.0002930744688101
0.274903700126617,0.230354385000464,7807,7807,0.000586148937620226,0.000293074468810125
0.274664316363375,0.229819346692518,7808,7808,0.000586148937620226,0.0002930744688101
0.274903700126617,0.230354385000464,7809,7809,0.000586148937620226,0.000293074468810125
0.274664316363375,0.229819346692518,7810,7810,0.000586148937620226,0.0002930744688101
0.274903700126617,0.230354385000464,7811,7811,0.000586148937620226,0.000293074468810125
0.274664316363375,0.229819346692518,7812,7812,0.000586148937620226,0.0002930744688101
0.274903700126617,0.230354385000464,7813,7813,0.000586148937620226,0.000293074468810125
0.274664316363375,0.229819346692518,7814,7814,0.000586148937620226,0.0002930744688101
0.274903700126617,0.230354385000464,7815,7815,0.000586148937620226,0.000293074468810125
0.274664316363375,0.229819346692518,7816,7816,0.000586148937620226,0.0002930744688101
0.274903700126617,0.230354385000464,7817,7817,0.000586148937620226,0.000293074468810125
0.274664316363375,0.229819346692518,7818,7818,0.000586148937620226,0.0002930744688101
0.274903700126617,0.230354385000464,7819,7819,0.000586148937620226,0.000293074468810125
0.274664316363375,0.229819346692518,7820,7820,0.000586148937620226,0.0002930744688101
0.274903700126617,0.230354385000464,7821,7821,0.000586148937620226,0.000293074468810125
0.274664316363375,0.229819346692518,7822,7822,0.000586148937620226,0.0002930744688101
0.274903700126617,0.230354385000464,7823,7823,0.000586148937620226,0.000293074468810125
0.274664316363375,0.229819346692518,7824,7824,0.000586148937620226,0.0002930744688101
0.274903700126617,0.230354385000464,7825,7825,0.000586148937620226,0.000293074468810125
0.274664316363375,0.229819346692518,7826,7826,0.000586148937620226,0.0002930744688101
0.274903700126617,0.230354385000464,7827,7827,0.000586148937620226,0.000293074468810125
0.274664316363375,0.229819346692518,7828,7828,0.000586148937620226,0.0002930744688101
0.274903700126617,0.230354385000464,7829,7829,0.000586148937620226,0.000293074468810125
0.274664316363375,0.229819346692518,7830,7830,0.000586148937620226,0.0002930744688101
0.274903700126617,0.230354385000464,7831,7831,0.000586148937620226,0.000293074468810125
0.274664316363375,0.229819346692518,7832,7832,0.000586148937620226,0.0002930744688101
0.274903700126617,0.230354385000464,7833,7833,0.000586148937620226,0.000293074468810125
0.274664316363375,0.229819346692518,7834,7834,0.000586148937620226,0.0002930744688101
0.274903700126617,0.230354385000464,7835,7835,0.000586148937620226,0.000293074468810125
0.274664316363375,0.229819346692518,7836,7836,0.000586148937620226,0.0002930744688101
0.274903700126617,0.230354385000464,7837,7837,0.000586148937620226,0.000293074468810125
0.274664316363375,0.229819346692518,7838,7838,0.000586148937620226,0.0002930744688101
0.274903700126617,0.230354385000464,7839,7839,0.000586148937620226,0.000293074468810125
0.274664316363375,0.229819346692518,7840,7840,0.000586148937620226,0.0002930744688101
0.274903700126617,0.230354385000464,7841,7841,0.000586148937620226,0.000293074468810125
0.274664316363375,0.229819346692518,7842,7842,0.000586148937620226,0.0002930744688101
0.274903700126617,0.230354385000464,7843,7843,0.000586148937620226,0.000293074468810125
0.274664316363375,0.229819346692518,7844,7844,0.000586148937620226,0.0002930744688101
0.274903700126617,0.230354385000464,7845,7845,0.000586148937620226,0.000293074468810125
0.274664316363375,0.229819346692518,7846,7846,0.000586148937620226,0.0002930744688101
0.274903700126617,0.230354385000464,7847,7847,0.000586148937620226,0.000293074468810125
0.274664316363375,0.229819346692518,7848,7848,0.000586148937620226,0.0002930744688101
0.274903700126617,0.230354385000464,7849,7849,0.000586148937620226,0.000293074468810125
0.274664316363375,0.229819346692518,7850,7850,0.000586148937620226,0.0002930744688101
0.274903700126617,0.230354385000464,7851,7851,0.000586148937620226,0.000293074468810125
0.274664316363375,0.229819346692518,7852,7852,0.000586148937620226,0.0002930744688101
0.274903700126617,0.230354385000464,7853,7853,0.000586148937620226,0.000293074468810125
0.274664316363375,0.229819346692518,7854,7854,0.000586148937620226,0.0002930744688101
0.274903700126617,0.230354385000464,7855,7855,0.000586148937620226,0.000293074468810125
0.274664316363375,0.229819346692518,7856,7856,0.000586148937620226,0.0002930744688101
0.274903700126617,0.230354385000464,7857,7857,0.000586148937620226,0.000293074468810125
0.274664316363375,0.229819346692518,7858,7858,0.000586148937620226,0.0002930744688101
0.274903700126617,0.230354385000464,7859,7859,0.000586148937620226,0.000293074468810125
0.274664316363375,0.229819346692518,7860,7860,0.000586148937620226,0.0002930744688101
0.274903700126617,0.230354385000464,7861,7861,0.000586148937620226,0.000293074468810125
0.274664316363375,0.229819346692518,7862,7862,0.000586148937620226,0.0002930744688101
0.274903700126617,0.230354385000464,7863,7863,0.000586148937620226,0.000293074468810125
0.274664316363375,0.229819346692518,7864,7864,0.000586148937620226,0.0002930744688101
0.274903700126617,0.230354385000464,7865,7865,0.000586148937620226,0.000293074468810125
0.274664316363375,0.229819346692518,7866,7866,0.000586148937620226,0.0002930744688101
0.274903700126617,0.230354385000464,7867,7867,0.000586148937620226,0.000293074468810125
0.274664316363375,0.229819346692518,7868,7868,0.000586148937620226,0.0002930744688101
0.274903700126617,0.230354385000464,7869,7869,0.000586148937620226,0.000293074468810125
0.274664316363375,0.229819346692518,7870,7870,0.000586148937620226,0.0002930744688101
0.274903700126617,0.230354385000464,7871,7871,0.000586148937620226,0.000293074468810125
0.274664316363375,0.229819346692518,7872,7872,0.000586148937620226,0.0002930744688101
0.274903700126617,0.230354385000464,7873,7873,0.000586148937620226,0.000293074468810125
0.274664316363375,0.229819346692518,7874,7874,0.000586148937620226,0.0002930744688101
0.274903700126617,0.230354385000464,7875,7875,0.000586148937620226,0.000293074468810125
0.274664316363375,0.229819346692518,7876,7876,0.000586148937620226,0.0002930744688101
0.274903700126617,0.230354385000464,7877,7877,0.000586148937620226,0.000293074468810125
0.274664316363375,0.229819346692518,7878,7878,0.000586148937620226,0.0002930744688101
0.274903700126617,0.230354385000464,7879,7879,0.000586148937620226,0.000293074468810125
0.274664316363375,0.229819346692518,7880,7880,0.000586148937620226,0.0002930744688101
0.274903700126617,0.230354385000464,7881,7881,0.000586148937620226,0.000293074468810125
0.274664316363375,0.229819346692518,7882,7882,0.000586148937620226,0.0002930744688101
0.274903700126617,0.230354385000464,7883,7883,0.000586148937620226,0.000293074468810125
0.274664316363375,0.229819346692518,7884,7884,0.000586148937620226,0.0002930744688101
0.274903700126617,0.230354385000464,7885,7885,0.000586148937620226,0.000293074468810125
0.274664316363375,0.229819346692518,7886,7886,0.000586148937620226,0.0002930744688101
0.274903700126617,0.230354385000464,7887,7887,0.000586148937620226,0.000293074468810125
0.274664316363375,0.229819346692518,7888,7888,0.000586148937620226,0.0002930744688101
0.274903700126617,0.230354385000464,7889,7889,0.000586148937620226,0.000293074468810125
0.274664316363375,0.229819346692518,7890,7890,0.000586148937620226,0.0002930744688101
0.274903700126617,0.230354385000464,7891,7891,0.000586148937620226,0.000293074468810125
0.274664316363375,0.229819346692518,7892,7892,0.000586148937620226,0.0002930744688101
0.274903700126617,0.230354385000464,7893,7893,0.000586148937620226,0.000293074468810125
0.274664316363375,0.229819346692518,7894,7894,0.000586148937620226,0.0002930744688101
0.274903700126617,0.230354385000464,7895,7895,0.000586148937620226,0.000293074468810125
0.274664316363375,0.229819346692518,7896,7896,0.000586148937620226,0.0002930744688101
0.274903700126617,0.230354385000464,7897,7897,0.000586148937620226,0.000293074468810125
0.274664316363375,0.229819346692518,7898,7898,0.000586148937620226,0.0002930744688101
0.274903700126617,0.230354385000464,7899,7899,0.000586148937620226,0.000293074468810125
0.274664316363375,0.229819346692518,7900,7900,0.000586148937620226,0.0002930744688101
0.274903700126617,0.230354385000464,7901,7901,0.000586148937620226,0.000293074468810125
0.274664316363375,0.229819346692518,7902,7902,0.000586148937620226,0.0002930744688101
0.274903700126617,0.230354385000464,7903,7903,0.000586148937620226,0.000293074468810125
0.274664316363375,0.229819346692518,7904,7904,0.000586148937620226,0.0002930744688101
0.274903700126617,0.230354385000464,7905,7905,0.000586148937620226,0.000293074468810125
0.274664316363375,0.229819346692518,7906,7906,0.000586148937620226,0.0002930744688101
0.274903700126617,0.230354385000464,7907,7907,0.000586148937620226,0.000293074468810125
0.274664316363375,0.229819346692518,7908,7908,0.000586148937620226,0.0002930744688101
0.274903700126617,0.230354385000464,7909,7909,0.000586148937620226,0.000293074468810125
0.274664316363375,0.229819346692518,7910,7910,0.000586148937620226,0.0002930744688101
0.274903700126617,0.230354385000464,7911,7911,0.000586148937620226,0.000293074468810125
0.274664316363375,0.229819346692518,7912,7912,0.000586148937620226,0.0002930744688101
0.274903700126617,0.230354385000464,7913,7913,0.000586148937620226,0.000293074468810125
0.274664316363375,0.229819346692518,7914,7914,0.000586148937620226,0.0002930744688101
0.274903700126617,0.230354385000464,7915,7915,0.000586148937620226,0.000293074468810125
0.274664316363375,0.229819346692518,7916,7916,0.000586148937620226,0.0002930744688101
0.274903700126617,0.230354385000464,7917,7917,0.000586148937620226,0.000293074468810125
0.274664316363375,0.229819346692518,7918,7918,0.000586148937620226,0.0002930744688101
0.274903700126617,0.230354385000464,7919,7919,0.000586148937620226,0.000293074468810125
0.274664316363375,0.229819346692518,7920,7920,0.000586148937620226,0.0002930744688101
0.274903700126617,0.230354385000464,7921,7921,0.000586148937620226,0.000293074468810125
0.274664316363375,0.229819346692518,7922,7922,0.000586148937620226,0.0002930744688101
0.274903700126617,0.230354385000464,7923,7923,0.000586148937620226,0.000293074468810125
0.274664316363375,0.229819346692518,7924,7924,0.000586148937620226,0.0002930744688101
0.274903700126617,0.230354385000464,7925,7925,0.000586148937620226,0.000293074468810125
0.274664316363375,0.229819346692518,7926,7926,0.000586148937620226,0.0002930744688101
0.274903700126617,0.230354385000464,7927,7927,0.000586148937620226,0.000293074468810125
0.274664316363375,0.229819346692518,7928,7928,0.000586148937620226,0.0002930744688101
0.274903700126617,0.230354385000464,7929,7929,0.000586148937620226,0.000293074468810125
0.274664316363375,0.229819346692518,7930,7930,0.000586148937620226,0.0002930744688101
0.274903700126617,0.230354385000464,7931,7931,0.000586148937620226,0.000293074468810125
0.274664316363375,0.229819346692518,7932,7932,0.000586148937620226,0.0002930744688101
0.274903700126617,0.230354385000464,7933,7933,0.000586148937620226,0.000293074468810125
0.274664316363375,0.229819346692518,7934,7934,0.000586148937620226,0.0002930744688101
0.274903700126617,0.230354385000464,7935,7935,0.000586148937620226,0.000293074468810125
0.274664316363375,0.229819346692518,7936,7936,0.000586148937620226,0.0002930744688101
0.274903700126617,0.230354385000464,7937,7937,0.000586148937620226,0.000293074468810125
0.274664316363375,0.229819346692518,7938,7938,0.000586148937620226,0.0002930744688101
0.274903700126617,0.230354385000464,7939,7939,0.000586148937620226,0.000293074468810125
0.274664316363375,0.229819346692518,7940,7940,0.000586148937620226,0.0002930744688101
0.274903700126617,0.230354385000464,7941,7941,0.000586148937620226,0.000293074468810125
0.274664316363375,0.229819346692518,7942,7942,0.000586148937620226,0.0002930744688101
0.274903700126617,0.230354385000464,7943,7943,0.000586148937620226,0.000293074468810125
0.274664316363375,0.229819346692518,7944,7944,0.000586148937620226,0.0002930744688101
0.274903700126617,0.230354385000464,7945,7945,0.000586148937620226,0.000293074468810125
0.274664316363375,0.229819346692518,7946,7946,0.000586148937620226,0.0002930744688101
0.274903700126617,0.230354385000464,7947,7947,0.000586148937620226,0.000293074468810125
0.274664316363375,0.229819346692518,7948,7948,0.000586148937620226,0.0002930744688101
0.274903700126617,0.230354385000464,7949,7949,0.000586148937620226,0.000293074468810125
0.274664316363375,0.229819346692518,7950,7950,0.000586148937620226,0.0002930744688101
0.274903700126617,0.230354385000464,7951,7951,0.000586148937620226,0.000293074468810125
0.274664316363375,0.229819346692518,7952,7952,0.000586148937620226,0.0002930744688101
0.274903700126617,0.230354385000464,7953,7953,0.000586148937620226,0.000293074468810125
0.274664316363375,0.229819346692518,7954,7954,0.000586148937620226,0.0002930744688101
0.274903700126617,0.230354385000464,7955,7955,0.000586148937620226,0.000293074468810125
0.274664316363375,0.229819346692518,7956,7956,0.000586148937620226,0.0002930744688101
0.274903700126617,0.230354385000464,7957,7957,0.000586148937620226,0.000293074468810125
0.274664316363375,0.229819346692518,7958,7958,0.000586148937620226,0.0002930744688101
0.274903700126617,0.230354385000464,7959,7959,0.000586148937620226,0.000293074468810125
0.274664316363375,0.229819346692518,7960,7960,0.000586148937620226,0.0002930744688101
0.274903700126617,0.230354385000464,7961,7961,0.000586148937620226,0.000293074468810125
0.274664316363375,0.229819346692518,7962,7962,0.000586148937620226,0.0002930744688101
0.274903700126617,0.230354385000464,7963,7963,0.000586148937620226,0.000293074468810125
0.274664316363375,0.229819346692518,7964,7964,0.000586148937620226,0.0002930744688101
0.274903700126617,0.230354385000464,7965,7965,0.000586148937620226,0.000293074468810125
0.274664316363375,0.229819346692518,7966,7966,0.000586148937620226,0.0002930744688101
0.274903700126617,0.230354385000464,7967,7967,0.000586148937620226,0.000293074468810125
0.274664316363375,0.229819346692518,7968,7968,0.000586148937620226,0.0002930744688101
0.274903700126617,0.230354385000464,7969,7969,0.000586148937620226,0.000293074468810125
0.274664316363375,0.229819346692518,7970,7970,0.000586148937620226,0.0002930744688101
0.274903700126617,0.230354385000464,7971,7971,0.000586148937620226,0.000293074468810125
0.274664316363375,0.229819346692518,7972,7972,0.000586148937620226,0.0002930744688101
0.274903700126617,0.230354385000464,7973,7973,0.000586148937620226,0.000293074468810125
0.274664316363375,0.229819346692518,7974,7974,0.000586148937620226,0.0002930744688101
0.274903700126617,0.230354385000464,7975,7975,0.000586148937620226,0.000293074468810125
0.274664316363375,0.229819346692518,7976,7976,0.000586148937620226,0.0002930744688101
0.274903700126617,0.230354385000464,7977,7977,0.000586148937620226,0.000293074468810125
0.274664316363375,0.229819346692518,7978,7978,0.000586148937620226,0.0002930744688101
0.274903700126617,0.230354385000464,7979,7979,0.000586148937620226,0.000293074468810125
0.274664316363375,0.229819346692518,7980,7980,0.000586148937620226,0.0002930744688101
0.274903700126617,0.230354385000464,7981,7981,0.000586148937620226,0.000293074468810125
0.274664316363375,0.229819346692518,7982,7982,0.000586148937620226,0.0002930744688101
0.274903700126617,0.230354385000464,7983,7983,0.000586148937620226,0.000293074468810125
0.274664316363375,0.229819346692518,7984,7984,0.000586148937620226,0.0002930744688101
0.274903700126617,0.230354385000464,7985,7985,0.000586148937620226,0.000293074468810125
0.274664316363375,0.229819346692518,7986,7986,0.000586148937620226,0.0002930744688101
0.274903700126617,0.230354385000464,7987,7987,0.000586148937620226,0.000293074468810125
0.274664316363375,0.229819346692518,7988,7988,0.000586148937620226,0.0002930744688101
0.274903700126617,0.230354385000464,7989,7989,0.000586148937620226,0.000293074468810125
0.274664316363375,0.229819346692518,7990,7990,0.000586148937620226,0.0002930744688101
0.274903700126617,0.230354385000464,7991,7991,0.000586148937620226,0.000293074468810125
0.274664316363375,0.229819346692518,7992,7992,0.000586148937620226,0.0002930744688101
0.274903700126617,0.230354385000464,7993,7993,0.000586148937620226,0.000293074468810125
0.274664316363375,0.229819346692518,7994,7994,0.000586148937620226,0.0002930744688101
0.274903700126617,0.230354385000464,7995,7995,0.000586148937620226,0.000293074468810125
0.274664316363375,0.229819346692518,7996,7996,0.000586148937620226,0.0002930744688101
0.274903700126617,0.230354385000464,7997,7997,0.000586148937620226,0.000293074468810125
0.274664316363375,0.229819346692518,7998,7998,0.000586148937620226,0.0002930744688101
0.274903700126617,0.230354385000464,7999,7999,0.000586148937620226,0.000293074468810125
0.274664316363375,0.229819346692518,8000,8000,0.000586148937620226,0.0002930744688101
0.274903700126617,0.230354385000464,8001,8001,0.000586148937620226,0.000293074468810125
0.274664316363375,0.229819346692518,8002,8002,0.000586148937620226,0.0002930744688101
0.274903700126617,0.230354385000464,8003,8003,0.000586148937620226,0.000293074468810125
0.274664316363375,0.229819346692518,8004,8004,0.000586148937620226,0.0002930744688101
0.274903700126617,0.230354385000464,8005,8005,0.000586148937620226,0.000293074468810125
0.274664316363375,0.229819346692518,8006,8006,0.000586148937620226,0.0002930744688101
0.274903700126617,0.230354385000464,8007,8007,0.000586148937620226,0.000293074468810125
0.274664316363375,0.229819346692518,8008,8008,0.000586148937620226,0.0002930744688101
0.274903700126617,0.230354385000464,8009,8009,0.000586148937620226,0.000293074468810125
0.274664316363375,0.229819346692518,8010,8010,0.000586148937620226,0.0002930744688101
0.274903700126617,0.230354385000464,8011,8011,0.000586148937620226,0.000293074468810125
0.274664316363375,0.229819346692518,8012,8012,0.000586148937620226,0.0002930744688101
0.274903700126617,0.230354385000464,8013,8013,0.000586148937620226,0.000293074468810125
0.274664316363375,0.229819346692518,8014,8014,0.000586148937620226,0.0002930744688101
0.274903700126617,0.230354385000464,8015,8015,0.000586148937620226,0.000293074468810125
0.274664316363375,0.229819346692518,8016,8016,0.000586148937620226,0.0002930744688101
0.274903700126617,0.230354385000464,8017,8017,0.000586148937620226,0.000293074468810125
0.274664316363375,0.229819346692518,8018,8018,0.000586148937620226,0.0002930744688101
0.274903700126617,0.230354385000464,8019,8019,0.000586148937620226,0.000293074468810125
0.274664316363375,0.229819346692518,8020,8020,0.000586148937620226,0.0002930744688101
0.274903700126617,0.230354385000464,8021,8021,0.000586148937620226,0.000293074468810125
0.274664316363375,0.229819346692518,8022,8022,0.000586148937620226,0.0002930744688101
0.274903700126617,0.230354385000464,8023,8023,0.000586148937620226,0.000293074468810125
0.274664316363375,0.229819346692518,8024,8024,0.000586148937620226,0.0002930744688101
0.274903700126617,0.230354385000464,8025,8025,0.000586148937620226,0.000293074468810125
0.274664316363375,0.229819346692518,8026,8026,0.000586148937620226,0.0002930744688101
0.274903700126617,0.230354385000464,8027,8027,0.000586148937620226,0.000293074468810125
0.274664316363375,0.229819346692518,8028,8028,0.000586148937620226,0.0002930744688101
0.274903700126617,0.230354385000464,8029,8029,0.000586148937620226,0.000293074468810125
0.274664316363375,0.229819346692518,8030,8030,0.000586148937620226,0.0002930744688101
0.274903700126617,0.230354385000464,8031,8031,0.000586148937620226,0.000293074468810125
0.274664316363375,0.229819346692518,8032,8032,0.000586148937620226,0.0002930744688101
0.274903700126617,0.230354385000464,8033,8033,0.000586148937620226,0.000293074468810125
0.274664316363375,0.229819346692518,8034,8034,0.000586148937620226,0.0002930744688101
0.274903700126617,0.230354385000464,8035,8035,0.000586148937620226,0.000293074468810125
0.274664316363375,0.229819346692518,8036,8036,0.000586148937620226,0.0002930744688101
0.274903700126617,0.230354385000464,8037,8037,0.000586148937620226,0.000293074468810125
0.274664316363375,0.229819346692518,8038,8038,0.000586148937620226,0.0002930744688101
0.274903700126617,0.230354385000464,8039,8039,0.000586148937620226,0.000293074468810125
0.274664316363375,0.229819346692518,8040,8040,0.000586148937620226,0.0002930744688101
0.274903700126617,0.230354385000464,8041,8041,0.000586148937620226,0.000293074468810125
0.274664316363375,0.229819346692518,8042,8042,0.000586148937620226,0.0002930744688101
0.274903700126617,0.230354385000464,8043,8043,0.000586148937620226,0.000293074468810125
0.274664316363375,0.229819346692518,8044,8044,0.000586148937620226,0.0002930744688101
0.274903700126617,0.230354385000464,8045,8045,0.000586148937620226,0.000293074468810125
0.274664316363375,0.229819346692518,8046,8046,0.000586148937620226,0.0002930744688101
0.274903700126617,0.230354385000464,8047,8047,0.000586148937620226,0.000293074468810125
0.274664316363375,0.229819346692518,8048,8048,0.000586148937620226,0.0002930744688101
0.274903700126617,0.230354385000464,8049,8049,0.000586148937620226,0.000293074468810125
0.274664316363375,0.229819346692518,8050,8050,0.000586148937620226,0.0002930744688101
0.274903700126617,0.230354385000464,8051,8051,0.000586148937620226,0.000293074468810125
0.274664316363375,0.229819346692518,8052,8052,0.000586148937620226,0.0002930744688101
0.274903700126617,0.230354385000464,8053,8053,0.000586148937620226,0.000293074468810125
0.274664316363375,0.229819346692518,8054,8054,0.000586148937620226,0.0002930744688101
0.274903700126617,0.230354385000464,8055,8055,0.000586148937620226,0.000293074468810125
0.274664316363375,0.229819346692518,8056,8056,0.000586148937620226,0.0002930744688101
0.274903700126617,0.230354385000464,8057,8057,0.000586148937620226,0.000293074468810125
0.274664316363375,0.229819346692518,8058,8058,0.000586148937620226,0.0002930744688101
0.274903700126617,0.230354385000464,8059,8059,0.000586148937620226,0.000293074468810125
0.274664316363375,0.229819346692518,8060,8060,0.000586148937620226,0.0002930744688101
0.274903700126617,0.230354385000464,8061,8061,0.000586148937620226,0.000293074468810125
0.274664316363375,0.229819346692518,8062,8062,0.000586148937620226,0.0002930744688101
0.274903700126617,0.230354385000464,8063,8063,0.000586148937620226,0.000293074468810125
0.274664316363375,0.229819346692518,8064,8064,0.000586148937620226,0.0002930744688101
0.274903700126617,0.230354385000464,8065,8065,0.000586148937620226,0.000293074468810125
0.274664316363375,0.229819346692518,8066,8066,0.000586148937620226,0.0002930744688101
0.274903700126617,0.230354385000464,8067,8067,0.000586148937620226,0.000293074468810125
0.274664316363375,0.229819346692518,8068,8068,0.000586148937620226,0.0002930744688101
0.274903700126617,0.230354385000464,8069,8069,0.000586148937620226,0.000293074468810125
0.274664316363375,0.229819346692518,8070,8070,0.000586148937620226,0.0002930744688101
0.274903700126617,0.230354385000464,8071,8071,0.000586148937620226,0.000293074468810125
0.274664316363375,0.229819346692518,8072,8072,0.000586148937620226,0.0002930744688101
0.274903700126617,0.230354385000464,8073,8073,0.000586148937620226,0.000293074468810125
0.274664316363375,0.229819346692518,8074,8074,0.000586148937620226,0.0002930744688101
0.274903700126617,0.230354385000464,8075,8075,0.000586148937620226,0.000293074468810125
0.274664316363375,0.229819346692518,8076,8076,0.000586148937620226,0.0002930744688101
0.274903700126617,0.230354385000464,8077,8077,0.000586148937620226,0.000293074468810125
0.274664316363375,0.229819346692518,8078,8078,0.000586148937620226,0.0002930744688101
0.274903700126617,0.230354385000464,8079,8079,0.000586148937620226,0.000293074468810125
0.274664316363375,0.229819346692518,8080,8080,0.000586148937620226,0.0002930744688101
0.274903700126617,0.230354385000464,8081,8081,0.000586148937620226,0.000293074468810125
0.274664316363375,0.229819346692518,8082,8082,0.000586148937620226,0.0002930744688101
0.274903700126617,0.230354385000464,8083,8083,0.000586148937620226,0.000293074468810125
0.274664316363375,0.229819346692518,8084,8084,0.000586148937620226,0.0002930744688101
0.274903700126617,0.230354385000464,8085,8085,0.000586148937620226,0.000293074468810125
0.274664316363375,0.229819346692518,8086,8086,0.000586148937620226,0.0002930744688101
0.274903700126617,0.230354385000464,8087,8087,0.000586148937620226,0.000293074468810125
0.274664316363375,0.229819346692518,8088,8088,0.000586148937620226,0.0002930744688101
0.274903700126617,0.230354385000464,8089,8089,0.000586148937620226,0.000293074468810125
0.274664316363375,0.229819346692518,8090,8090,0.000586148937620226,0.0002930744688101
0.274903700126617,0.230354385000464,8091,8091,0.000586148937620226,0.000293074468810125
0.274664316363375,0.229819346692518,8092,8092,0.000586148937620226,0.0002930744688101
0.274903700126617,0.230354385000464,8093,8093,0.000586148937620226,0.000293074468810125
0.274664316363375,0.229819346692518,8094,8094,0.000586148937620226,0.0002930744688101
0.274903700126617,0.230354385000464,8095,8095,0.000586148937620226,0.000293074468810125
0.274664316363375,0.229819346692518,8096,8096,0.000586148937620226,0.0002930744688101
0.274903700126617,0.230354385000464,8097,8097,0.000586148937620226,0.000293074468810125
0.274664316363375,0.229819346692518,8098,8098,0.000586148937620226,0.0002930744688101
0.274903700126617,0.230354385000464,8099,8099,0.000586148937620226,0.000293074468810125
0.274664316363375,0.229819346692518,8100,8100,0.000586148937620226,0.0002930744688101
0.274903700126617,0.230354385000464,8101,8101,0.000586148937620226,0.000293074468810125
0.274664316363375,0.229819346692518,8102,8102,0.000586148937620226,0.0002930744688101
0.274903700126617,0.230354385000464,8103,8103,0.000586148937620226,0.000293074468810125
0.274664316363375,0.229819346692518,8104,8104,0.000586148937620226,0.0002930744688101
0.274903700126617,0.230354385000464,8105,8105,0.000586148937620226,0.000293074468810125
0.274664316363375,0.229819346692518,8106,8106,0.000586148937620226,0.0002930744688101
0.274903700126617,0.230354385000464,8107,8107,0.000586148937620226,0.000293074468810125
0.274664316363375,0.229819346692518,8108,8108,0.000586148937620226,0.0002930744688101
0.274903700126617,0.230354385000464,8109,8109,0.000586148937620226,0.000293074468810125
0.274664316363375,0.229819346692518,8110,8110,0.000586148937620226,0.0002930744688101
0.274903700126617,0.230354385000464,8111,8111,0.000586148937620226,0.000293074468810125
0.274664316363375,0.229819346692518,8112,8112,0.000586148937620226,0.0002930744688101
0.274903700126617,0.230354385000464,8113,8113,0.000586148937620226,0.000293074468810125
0.274664316363375,0.229819346692518,8114,8114,0.000586148937620226,0.0002930744688101
0.274903700126617,0.230354385000464,8115,8115,0.000586148937620226,0.000293074468810125
0.274664316363375,0.229819346692518,8116,8116,0.000586148937620226,0.0002930744688101
0.274903700126617,0.230354385000464,8117,8117,0.000586148937620226,0.000293074468810125
0.274664316363375,0.229819346692518,8118,8118,0.000586148937620226,0.0002930744688101
0.274903700126617,0.230354385000464,8119,8119,0.000586148937620226,0.000293074468810125
0.274664316363375,0.229819346692518,8120,8120,0.000586148937620226,0.0002930744688101
0.274903700126617,0.230354385000464,8121,8121,0.000586148937620226,0.000293074468810125
0.274664316363375,0.229819346692518,8122,8122,0.000586148937620226,0.0002930744688101
0.274903700126617,0.230354385000464,8123,8123,0.000586148937620226,0.000293074468810125
0.274664316363375,0.229819346692518,8124,8124,0.000586148937620226,0.0002930744688101
0.274903700126617,0.230354385000464,8125,8125,0.000586148937620226,0.000293074468810125
0.274664316363375,0.229819346692518,8126,8126,0.000586148937620226,0.0002930744688101
0.274903700126617,0.230354385000464,8127,8127,0.000586148937620226,0.000293074468810125
0.274664316363375,0.229819346692518,8128,8128,0.000586148937620226,0.0002930744688101
0.274903700126617,0.230354385000464,8129,8129,0.000586148937620226,0.000293074468810125
0.274664316363375,0.229819346692518,8130,8130,0.000586148937620226,0.0002930744688101
0.274903700126617,0.230354385000464,8131,8131,0.000586148937620226,0.000293074468810125
0.274664316363375,0.229819346692518,8132,8132,0.000586148937620226,0.0002930744688101
0.274903700126617,0.230354385000464,8133,8133,0.000586148937620226,0.000293074468810125
0.274664316363375,0.229819346692518,8134,8134,0.000586148937620226,0.0002930744688101
0.274903700126617,0.230354385000464,8135,8135,0.000586148937620226,0.000293074468810125
0.274664316363375,0.229819346692518,8136,8136,0.000586148937620226,0.0002930744688101
0.274903700126617,0.230354385000464,8137,8137,0.000586148937620226,0.000293074468810125
0.274664316363375,0.229819346692518,8138,8138,0.000586148937620226,0.0002930744688101
0.274903700126617,0.230354385000464,8139,8139,0.000586148937620226,0.000293074468810125
0.274664316363375,0.229819346692518,8140,8140,0.000586148937620226,0.0002930744688101
0.274903700126617,0.230354385000464,8141,8141,0.000586148937620226,0.000293074468810125
0.274664316363375,0.229819346692518,8142,8142,0.000586148937620226,0.0002930744688101
0.274903700126617,0.230354385000464,8143,8143,0.000586148937620226,0.000293074468810125
0.274664316363375,0.229819346692518,8144,8144,0.000586148937620226,0.0002930744688101
0.274903700126617,0.230354385000464,8145,8145,0.000586148937620226,0.000293074468810125
0.274664316363375,0.229819346692518,8146,8146,0.000586148937620226,0.0002930744688101
0.274903700126617,0.230354385000464,8147,8147,0.000586148937620226,0.000293074468810125
0.274664316363375,0.229819346692518,8148,8148,0.000586148937620226,0.0002930744688101
0.274903700126617,0.230354385000464,8149,8149,0.000586148937620226,0.000293074468810125
0.274664316363375,0.229819346692518,8150,8150,0.000586148937620226,0.0002930744688101
0.274903700126617,0.230354385000464,8151,8151,0.000586148937620226,0.000293074468810125
0.274664316363375,0.229819346692518,8152,8152,0.000586148937620226,0.0002930744688101
0.274903700126617,0.230354385000464,8153,8153,0.000586148937620226,0.000293074468810125
0.274664316363375,0.229819346692518,8154,8154,0.000586148937620226,0.0002930744688101
0.274903700126617,0.230354385000464,8155,8155,0.000586148937620226,0.000293074468810125
0.274664316363375,0.229819346692518,8156,8156,0.000586148937620226,0.0002930744688101
0.274903700126617,0.230354385000464,8157,8157,0.000586148937620226,0.000293074468810125
0.274664316363375,0.229819346692518,8158,8158,0.000586148937620226,0.0002930744688101
0.274903700126617,0.230354385000464,8159,8159,0.000586148937620226,0.000293074468810125
0.274664316363375,0.229819346692518,8160,8160,0.000586148937620226,0.0002930744688101
0.274903700126617,0.230354385000464,8161,8161,0.000586148937620226,0.000293074468810125
0.274664316363375,0.229819346692518,8162,8162,0.000586148937620226,0.0002930744688101
0.274903700126617,0.230354385000464,8163,8163,0.000586148937620226,0.000293074468810125
0.274664316363375,0.229819346692518,8164,8164,0.000586148937620226,0.0002930744688101
0.274903700126617,0.230354385000464,8165,8165,0.000586148937620226,0.000293074468810125
0.274664316363375,0.229819346692518,8166,8166,0.000586148937620226,0.0002930744688101
0.274903700126617,0.230354385000464,8167,8167,0.000586148937620226,0.000293074468810125
0.274664316363375,0.229819346692518,8168,8168,0.000586148937620226,0.0002930744688101
0.274903700126617,0.230354385000464,8169,8169,0.000586148937620226,0.000293074468810125
0.274664316363375,0.229819346692518,8170,8170,0.000586148937620226,0.0002930744688101
0.274903700126617,0.230354385000464,8171,8171,0.000586148937620226,0.000293074468810125
0.274664316363375,0.229819346692518,8172,8172,0.000586148937620226,0.0002930744688101
0.274903700126617,0.230354385000464,8173,8173,0.000586148937620226,0.000293074468810125
0.274664316363375,0.229819346692518,8174,8174,0.000586148937620226,0.0002930744688101
0.274903700126617,0.230354385000464,8175,8175,0.000586148937620226,0.000293074468810125
0.274664316363375,0.229819346692518,8176,8176,0.000586148937620226,0.0002930744688101
0.274903700126617,0.230354385000464,8177,8177,0.000586148937620226,0.000293074468810125
0.274664316363375,0.229819346692518,8178,8178,0.000586148937620226,0.0002930744688101
0.274903700126617,0.230354385000464,8179,8179,0.000586148937620226,0.000293074468810125
0.274664316363375,0.229819346692518,8180,8180,0.000586148937620226,0.0002930744688101
0.274903700126617,0.230354385000464,8181,8181,0.000586148937620226,0.000293074468810125
0.274664316363375,0.229819346692518,8182,8182,0.000586148937620226,0.0002930744688101
0.274903700126617,0.230354385000464,8183,8183,0.000586148937620226,0.000293074468810125
0.274664316363375,0.229819346692518,8184,8184,0.000586148937620226,0.0002930744688101
0.274903700126617,0.230354385000464,8185,8185,0.000586148937620226,0.000293074468810125
0.274664316363375,0.229819346692518,8186,8186,0.000586148937620226,0.0002930744688101
0.274903700126617,0.230354385000464,8187,8187,0.000586148937620226,0.000293074468810125
0.274664316363375,0.229819346692518,8188,8188,0.000586148937620226,0.0002930744688101
0.274903700126617,0.230354385000464,8189,8189,0.000586148937620226,0.000293074468810125
0.274664316363375,0.229819346692518,8190,8190,0.000586148937620226,0.0002930744688101
0.274903700126617,0.230354385000464,8191,8191,0.000586148937620226,0.000293074468810125
0.274664316363375,0.229819346692518,8192,8192,0.000586148937620226,0.0002930744688101
0.274903700126617,0.230354385000464,8193,8193,0.000586148937620226,0.000293074468810125
0.274664316363375,0.229819346692518,8194,8194,0.000586148937620226,0.0002930744688101
0.274903700126617,0.230354385000464,8195,8195,0.000586148937620226,0.000293074468810125
0.274664316363375,0.229819346692518,8196,8196,0.000586148937620226,0.0002930744688101
0.274903700126617,0.230354385000464,8197,8197,0.000586148937620226,0.000293074468810125
0.274664316363375,0.229819346692518,8198,8198,0.000586148937620226,0.0002930744688101
0.274903700126617,0.230354385000464,8199,8199,0.000586148937620226,0.000293074468810125
0.274664316363375,0.229819346692518,8200,8200,0.000586148937620226,0.0002930744688101
0.274903700126617,0.230354385000464,8201,8201,0.000586148937620226,0.000293074468810125
0.274664316363375,0.229819346692518,8202,8202,0.000586148937620226,0.0002930744688101
0.274903700126617,0.230354385000464,8203,8203,0.000586148937620226,0.000293074468810125
0.274664316363375,0.229819346692518,8204,8204,0.000586148937620226,0.0002930744688101
0.274903700126617,0.230354385000464,8205,8205,0.000586148937620226,0.000293074468810125
0.274664316363375,0.229819346692518,8206,8206,0.000586148937620226,0.0002930744688101
0.274903700126617,0.230354385000464,8207,8207,0.000586148937620226,0.000293074468810125
0.274664316363375,0.229819346692518,8208,8208,0.000586148937620226,0.0002930744688101
0.274903700126617,0.230354385000464,8209,8209,0.000586148937620226,0.000293074468810125
0.274664316363375,0.229819346692518,8210,8210,0.000586148937620226,0.0002930744688101
0.274903700126617,0.230354385000464,8211,8211,0.000586148937620226,0.000293074468810125
0.274664316363375,0.229819346692518,8212,8212,0.000586148937620226,0.0002930744688101
0.274903700126617,0.230354385000464,8213,8213,0.000586148937620226,0.000293074468810125
0.274664316363375,0.229819346692518,8214,8214,0.000586148937620226,0.0002930744688101
0.274903700126617,0.230354385000464,8215,8215,0.000586148937620226,0.000293074468810125
0.274664316363375,0.229819346692518,8216,8216,0.000586148937620226,0.0002930744688101
0.274903700126617,0.230354385000464,8217,8217,0.000586148937620226,0.000293074468810125
0.274664316363375,0.229819346692518,8218,8218,0.000586148937620226,0.0002930744688101
0.274903700126617,0.230354385000464,8219,8219,0.000586148937620226,0.000293074468810125
0.274664316363375,0.229819346692518,8220,8220,0.000586148937620226,0.0002930744688101
0.274903700126617,0.230354385000464,8221,8221,0.000586148937620226,0.000293074468810125
0.274664316363375,0.229819346692518,8222,8222,0.000586148937620226,0.0002930744688101
0.274903700126617,0.230354385000464,8223,8223,0.000586148937620226,0.000293074468810125
0.274664316363375,0.229819346692518,8224,8224,0.000586148937620226,0.0002930744688101
0.274903700126617,0.230354385000464,8225,8225,0.000586148937620226,0.000293074468810125
0.274664316363375,0.229819346692518,8226,8226,0.000586148937620226,0.0002930744688101
0.274903700126617,0.230354385000464,8227,8227,0.000586148937620226,0.000293074468810125
0.274664316363375,0.229819346692518,8228,8228,0.000586148937620226,0.0002930744688101
0.274903700126617,0.230354385000464,8229,8229,0.000586148937620226,0.000293074468810125
0.274664316363375,0.229819346692518,8230,8230,0.000586148937620226,0.0002930744688101
0.274903700126617,0.230354385000464,8231,8231,0.000586148937620226,0.000293074468810125
0.274664316363375,0.229819346692518,8232,8232,0.000586148937620226,0.0002930744688101
0.274903700126617,0.230354385000464,8233,8233,0.000586148937620226,0.000293074468810125
0.274664316363375,0.229819346692518,8234,8234,0.000586148937620226,0.0002930744688101
0.274903700126617,0.230354385000464,8235,8235,0.000586148937620226,0.000293074468810125
0.274664316363375,0.229819346692518,8236,8236,0.000586148937620226,0.0002930744688101
0.274903700126617,0.230354385000464,8237,8237,0.000586148937620226,0.000293074468810125
0.274664316363375,0.229819346692518,8238,8238,0.000586148937620226,0.0002930744688101
0.274903700126617,0.230354385000464,8239,8239,0.000586148937620226,0.000293074468810125
0.274664316363375,0.229819346692518,8240,8240,0.000586148937620226,0.0002930744688101
0.274903700126617,0.230354385000464,8241,8241,0.000586148937620226,0.000293074468810125
0.274664316363375,0.229819346692518,8242,8242,0.000586148937620226,0.0002930744688101
0.274903700126617,0.230354385000464,8243,8243,0.000586148937620226,0.000293074468810125
0.274664316363375,0.229819346692518,8244,8244,0.000586148937620226,0.0002930744688101
0.274903700126617,0.230354385000464,8245,8245,0.000586148937620226,0.000293074468810125
0.274664316363375,0.229819346692518,8246,8246,0.000586148937620226,0.0002930744688101
0.274903700126617,0.230354385000464,8247,8247,0.000586148937620226,0.000293074468810125
0.274664316363375,0.229819346692518,8248,8248,0.000586148937620226,0.0002930744688101
0.274903700126617,0.230354385000464,8249,8249,0.000586148937620226,0.000293074468810125
0.274664316363375,0.229819346692518,8250,8250,0.000586148937620226,0.0002930744688101
0.274903700126617,0.230354385000464,8251,8251,0.000586148937620226,0.000293074468810125
0.274664316363375,0.229819346692518,8252,8252,0.000586148937620226,0.0002930744688101
0.274903700126617,0.230354385000464,8253,8253,0.000586148937620226,0.000293074468810125
0.274664316363375,0.229819346692518,8254,8254,0.000586148937620226,0.0002930744688101
0.274903700126617,0.230354385000464,8255,8255,0.000586148937620226,0.000293074468810125
0.274664316363375,0.229819346692518,8256,8256,0.000586148937620226,0.0002930744688101
0.274903700126617,0.230354385000464,8257,8257,0.000586148937620226,0.000293074468810125
0.274664316363375,0.229819346692518,8258,8258,0.000586148937620226,0.0002930744688101
0.274903700126617,0.230354385000464,8259,8259,0.000586148937620226,0.000293074468810125
0.274664316363375,0.229819346692518,8260,8260,0.000586148937620226,0.0002930744688101
0.274903700126617,0.230354385000464,8261,8261,0.000586148937620226,0.000293074468810125
0.274664316363375,0.229819346692518,8262,8262,0.000586148937620226,0.0002930744688101
0.274903700126617,0.230354385000464,8263,8263,0.000586148937620226,0.000293074468810125
0.274664316363375,0.229819346692518,8264,8264,0.000586148937620226,0.0002930744688101
0.274903700126617,0.230354385000464,8265,8265,0.000586148937620226,0.000293074468810125
0.274664316363375,0.229819346692518,8266,8266,0.000586148937620226,0.0002930744688101
0.274903700126617,0.230354385000464,8267,8267,0.000586148937620226,0.000293074468810125
0.274664316363375,0.229819346692518,8268,8268,0.000586148937620226,0.0002930744688101
0.274903700126617,0.230354385000464,8269,8269,0.000586148937620226,0.000293074468810125
0.274664316363375,0.229819346692518,8270,8270,0.000586148937620226,0.0002930744688101
0.274903700126617,0.230354385000464,8271,8271,0.000586148937620226,0.000293074468810125
0.274664316363375,0.229819346692518,8272,8272,0.000586148937620226,0.0002930744688101
0.274903700126617,0.230354385000464,8273,8273,0.000586148937620226,0.000293074468810125
0.274664316363375,0.229819346692518,8274,8274,0.000586148937620226,0.0002930744688101
0.274903700126617,0.230354385000464,8275,8275,0.000586148937620226,0.000293074468810125
0.274664316363375,0.229819346692518,8276,8276,0.000586148937620226,0.0002930744688101
0.274903700126617,0.230354385000464,8277,8277,0.000586148937620226,0.000293074468810125
0.274664316363375,0.229819346692518,8278,8278,0.000586148937620226,0.0002930744688101
0.274903700126617,0.230354385000464,8279,8279,0.000586148937620226,0.000293074468810125
0.274664316363375,0.229819346692518,8280,8280,0.000586148937620226,0.0002930744688101
0.274903700126617,0.230354385000464,8281,8281,0.000586148937620226,0.000293074468810125
0.274664316363375,0.229819346692518,8282,8282,0.000586148937620226,0.0002930744688101
0.274903700126617,0.230354385000464,8283,8283,0.000586148937620226,0.000293074468810125
0.274664316363375,0.229819346692518,8284,8284,0.000586148937620226,0.0002930744688101
0.274903700126617,0.230354385000464,8285,8285,0.000586148937620226,0.000293074468810125
0.274664316363375,0.229819346692518,8286,8286,0.000586148937620226,0.0002930744688101
0.274903700126617,0.230354385000464,8287,8287,0.000586148937620226,0.000293074468810125
0.274664316363375,0.229819346692518,8288,8288,0.000586148937620226,0.0002930744688101
0.274903700126617,0.230354385000464,8289,8289,0.000586148937620226,0.000293074468810125
0.274664316363375,0.229819346692518,8290,8290,0.000586148937620226,0.0002930744688101
0.274903700126617,0.230354385000464,8291,8291,0.000586148937620226,0.000293074468810125
0.274664316363375,0.229819346692518,8292,8292,0.000586148937620226,0.0002930744688101
0.274903700126617,0.230354385000464,8293,8293,0.000586148937620226,0.000293074468810125
0.274664316363375,0.229819346692518,8294,8294,0.000586148937620226,0.0002930744688101
0.274903700126617,0.230354385000464,8295,8295,0.000586148937620226,0.000293074468810125
0.274664316363375,0.229819346692518,8296,8296,0.000586148937620226,0.0002930744688101
0.274903700126617,0.230354385000464,8297,8297,0.000586148937620226,0.000293074468810125
0.274664316363375,0.229819346692518,8298,8298,0.000586148937620226,0.0002930744688101
0.274903700126617,0.230354385000464,8299,8299,0.000586148937620226,0.000293074468810125
0.274664316363375,0.229819346692518,8300,8300,0.000586148937620226,0.0002930744688101
0.274903700126617,0.230354385000464,8301,8301,0.000586148937620226,0.000293074468810125
0.274664316363375,0.229819346692518,8302,8302,0.000586148937620226,0.0002930744688101
0.274903700126617,0.230354385000464,8303,8303,0.000586148937620226,0.000293074468810125
0.274664316363375,0.229819346692518,8304,8304,0.000586148937620226,0.0002930744688101
0.274903700126617,0.230354385000464,8305,8305,0.000586148937620226,0.000293074468810125
0.274664316363375,0.229819346692518,8306,8306,0.000586148937620226,0.0002930744688101
0.274903700126617,0.230354385000464,8307,8307,0.000586148937620226,0.000293074468810125
0.274664316363375,0.229819346692518,8308,8308,0.000586148937620226,0.0002930744688101
0.274903700126617,0.230354385000464,8309,8309,0.000586148937620226,0.000293074468810125
0.274664316363375,0.229819346692518,8310,8310,0.000586148937620226,0.0002930744688101
0.274903700126617,0.230354385000464,8311,8311,0.000586148937620226,0.000293074468810125
0.274664316363375,0.229819346692518,8312,8312,0.000586148937620226,0.0002930744688101
0.274903700126617,0.230354385000464,8313,8313,0.000586148937620226,0.000293074468810125
0.274664316363375,0.229819346692518,8314,8314,0.000586148937620226,0.0002930744688101
0.274903700126617,0.230354385000464,8315,8315,0.000586148937620226,0.000293074468810125
0.274664316363375,0.229819346692518,8316,8316,0.000586148937620226,0.0002930744688101
0.274903700126617,0.230354385000464,8317,8317,0.000586148937620226,0.000293074468810125
0.274664316363375,0.229819346692518,8318,8318,0.000586148937620226,0.0002930744688101
0.274903700126617,0.230354385000464,8319,8319,0.000586148937620226,0.000293074468810125
0.274664316363375,0.229819346692518,8320,8320,0.000586148937620226,0.0002930744688101
0.274903700126617,0.230354385000464,8321,8321,0.000586148937620226,0.000293074468810125
0.274664316363375,0.229819346692518,8322,8322,0.000586148937620226,0.0002930744688101
0.274903700126617,0.230354385000464,8323,8323,0.000586148937620226,0.000293074468810125
0.274664316363375,0.229819346692518,8324,8324,0.000586148937620226,0.0002930744688101
0.274903700126617,0.230354385000464,8325,8325,0.000586148937620226,0.000293074468810125
0.274664316363375,0.229819346692518,8326,8326,0.000586148937620226,0.0002930744688101
0.274903700126617,0.230354385000464,8327,8327,0.000586148937620226,0.000293074468810125
0.274664316363375,0.229819346692518,8328,8328,0.000586148937620226,0.0002930744688101
0.274903700126617,0.230354385000464,8329,8329,0.000586148937620226,0.000293074468810125
0.274664316363375,0.229819346692518,8330,8330,0.000586148937620226,0.0002930744688101
0.274903700126617,0.230354385000464,8331,8331,0.000586148937620226,0.000293074468810125
0.274664316363375,0.229819346692518,8332,8332,0.000586148937620226,0.0002930744688101
0.274903700126617,0.230354385000464,8333,8333,0.000586148937620226,0.000293074468810125
0.274664316363375,0.229819346692518,8334,8334,0.000586148937620226,0.0002930744688101
0.274903700126617,0.230354385000464,8335,8335,0.000586148937620226,0.000293074468810125
0.274664316363375,0.229819346692518,8336,8336,0.000586148937620226,0.0002930744688101
0.274903700126617,0.230354385000464,8337,8337,0.000586148937620226,0.000293074468810125
0.274664316363375,0.229819346692518,8338,8338,0.000586148937620226,0.0002930744688101
0.274903700126617,0.230354385000464,8339,8339,0.000586148937620226,0.000293074468810125
0.274664316363375,0.229819346692518,8340,8340,0.000586148937620226,0.0002930744688101
0.274903700126617,0.230354385000464,8341,8341,0.000586148937620226,0.000293074468810125
0.274664316363375,0.229819346692518,8342,8342,0.000586148937620226,0.0002930744688101
0.274903700126617,0.230354385000464,8343,8343,0.000586148937620226,0.000293074468810125
0.274664316363375,0.229819346692518,8344,8344,0.000586148937620226,0.0002930744688101
0.274903700126617,0.230354385000464,8345,8345,0.000586148937620226,0.000293074468810125
0.274664316363375,0.229819346692518,8346,8346,0.000586148937620226,0.0002930744688101
0.274903700126617,0.230354385000464,8347,8347,0.000586148937620226,0.000293074468810125
0.274664316363375,0.229819346692518,8348,8348,0.000586148937620226,0.0002930744688101
0.274903700126617,0.230354385000464,8349,8349,0.000586148937620226,0.000293074468810125
0.274664316363375,0.229819346692518,8350,8350,0.000586148937620226,0.0002930744688101
0.274903700126617,0.230354385000464,8351,8351,0.000586148937620226,0.000293074468810125
0.274664316363375,0.229819346692518,8352,8352,0.000586148937620226,0.0002930744688101
0.274903700126617,0.230354385000464,8353,8353,0.000586148937620226,0.000293074468810125
0.274664316363375,0.229819346692518,8354,8354,0.000586148937620226,0.0002930744688101
0.274903700126617,0.230354385000464,8355,8355,0.000586148937620226,0.000293074468810125
0.274664316363375,0.229819346692518,8356,8356,0.000586148937620226,0.0002930744688101
0.274903700126617,0.230354385000464,8357,8357,0.000586148937620226,0.000293074468810125
0.274664316363375,0.229819346692518,8358,8358,0.000586148937620226,0.0002930744688101
0.274903700126617,0.230354385000464,8359,8359,0.000586148937620226,0.000293074468810125
0.274664316363375,0.229819346692518,8360,8360,0.000586148937620226,0.0002930744688101
0.274903700126617,0.230354385000464,8361,8361,0.000586148937620226,0.000293074468810125
0.274664316363375,0.229819346692518,8362,8362,0.000586148937620226,0.0002930744688101
0.274903700126617,0.230354385000464,8363,8363,0.000586148937620226,0.000293074468810125
0.274664316363375,0.229819346692518,8364,8364,0.000586148937620226,0.0002930744688101
0.274903700126617,0.230354385000464,8365,8365,0.000586148937620226,0.000293074468810125
0.274664316363375,0.229819346692518,8366,8366,0.000586148937620226,0.0002930744688101
0.274903700126617,0.230354385000464,8367,8367,0.000586148937620226,0.000293074468810125
0.274664316363375,0.229819346692518,8368,8368,0.000586148937620226,0.0002930744688101
0.274903700126617,0.230354385000464,8369,8369,0.000586148937620226,0.000293074468810125
0.274664316363375,0.229819346692518,8370,8370,0.000586148937620226,0.0002930744688101
0.274903700126617,0.230354385000464,8371,8371,0.000586148937620226,0.000293074468810125
0.274664316363375,0.229819346692518,8372,8372,0.000586148937620226,0.0002930744688101
0.274903700126617,0.230354385000464,8373,8373,0.000586148937620226,0.000293074468810125
0.274664316363375,0.229819346692518,8374,8374,0.000586148937620226,0.0002930744688101
0.274903700126617,0.230354385000464,8375,8375,0.000586148937620226,0.000293074468810125
0.274664316363375,0.229819346692518,8376,8376,0.000586148937620226,0.0002930744688101
0.274903700126617,0.230354385000464,8377,8377,0.000586148937620226,0.000293074468810125
0.274664316363375,0.229819346692518,8378,8378,0.000586148937620226,0.0002930744688101
0.274903700126617,0.230354385000464,8379,8379,0.000586148937620226,0.000293074468810125
0.274664316363375,0.229819346692518,8380,8380,0.000586148937620226,0.0002930744688101
0.274903700126617,0.230354385000464,8381,8381,0.000586148937620226,0.000293074468810125
0.274664316363375,0.229819346692518,8382,8382,0.000586148937620226,0.0002930744688101
0.274903700126617,0.230354385000464,8383,8383,0.000586148937620226,0.000293074468810125
0.274664316363375,0.229819346692518,8384,8384,0.000586148937620226,0.0002930744688101
0.274903700126617,0.230354385000464,8385,8385,0.000586148937620226,0.000293074468810125
0.274664316363375,0.229819346692518,8386,8386,0.000586148937620226,0.0002930744688101
0.274903700126617,0.230354385000464,8387,8387,0.000586148937620226,0.000293074468810125
0.274664316363375,0.229819346692518,8388,8388,0.000586148937620226,0.0002930744688101
0.274903700126617,0.230354385000464,8389,8389,0.000586148937620226,0.000293074468810125
0.274664316363375,0.229819346692518,8390,8390,0.000586148937620226,0.0002930744688101
0.274903700126617,0.230354385000464,8391,8391,0.000586148937620226,0.000293074468810125
0.274664316363375,0.229819346692518,8392,8392,0.000586148937620226,0.0002930744688101
0.274903700126617,0.230354385000464,8393,8393,0.000586148937620226,0.000293074468810125
0.274664316363375,0.229819346692518,8394,8394,0.000586148937620226,0.0002930744688101
0.274903700126617,0.230354385000464,8395,8395,0.000586148937620226,0.000293074468810125
0.274664316363375,0.229819346692518,8396,8396,0.000586148937620226,0.0002930744688101
0.274903700126617,0.230354385000464,8397,8397,0.000586148937620226,0.000293074468810125
0.274664316363375,0.229819346692518,8398,8398,0.000586148937620226,0.0002930744688101
0.274903700126617,0.230354385000464,8399,8399,0.000586148937620226,0.000293074468810125
0.274664316363375,0.229819346692518,8400,8400,0.000586148937620226,0.0002930744688101
0.274903700126617,0.230354385000464,8401,8401,0.000586148937620226,0.000293074468810125
0.274664316363375,0.229819346692518,8402,8402,0.000586148937620226,0.0002930744688101
0.274903700126617,0.230354385000464,8403,8403,0.000586148937620226,0.000293074468810125
0.274664316363375,0.229819346692518,8404,8404,0.000586148937620226,0.0002930744688101
0.274903700126617,0.230354385000464,8405,8405,0.000586148937620226,0.000293074468810125
0.274664316363375,0.229819346692518,8406,8406,0.000586148937620226,0.0002930744688101
0.274903700126617,0.230354385000464,8407,8407,0.000586148937620226,0.000293074468810125
0.274664316363375,0.229819346692518,8408,8408,0.000586148937620226,0.0002930744688101
0.274903700126617,0.230354385000464,8409,8409,0.000586148937620226,0.000293074468810125
0.274664316363375,0.229819346692518,8410,8410,0.000586148937620226,0.0002930744688101
0.274903700126617,0.230354385000464,8411,8411,0.000586148937620226,0.000293074468810125
0.274664316363375,0.229819346692518,8412,8412,0.000586148937620226,0.0002930744688101
0.274903700126617,0.230354385000464,8413,8413,0.000586148937620226,0.000293074468810125
0.274664316363375,0.229819346692518,8414,8414,0.000586148937620226,0.0002930744688101
0.274903700126617,0.230354385000464,8415,8415,0.000586148937620226,0.000293074468810125
0.274664316363375,0.229819346692518,8416,8416,0.000586148937620226,0.0002930744688101
0.274903700126617,0.230354385000464,8417,8417,0.000586148937620226,0.000293074468810125
0.274664316363375,0.229819346692518,8418,8418,0.000586148937620226,0.0002930744688101
0.274903700126617,0.230354385000464,8419,8419,0.000586148937620226,0.000293074468810125
0.274664316363375,0.229819346692518,8420,8420,0.000586148937620226,0.0002930744688101
0.274903700126617,0.230354385000464,8421,8421,0.000586148937620226,0.000293074468810125
0.274664316363375,0.229819346692518,8422,8422,0.000586148937620226,0.0002930744688101
0.274903700126617,0.230354385000464,8423,8423,0.000586148937620226,0.000293074468810125
0.274664316363375,0.229819346692518,8424,8424,0.000586148937620226,0.0002930744688101
0.274903700126617,0.230354385000464,8425,8425,0.000586148937620226,0.000293074468810125
0.274664316363375,0.229819346692518,8426,8426,0.000586148937620226,0.0002930744688101
0.274903700126617,0.230354385000464,8427,8427,0.000586148937620226,0.000293074468810125
0.274664316363375,0.229819346692518,8428,8428,0.000586148937620226,0.0002930744688101
0.274903700126617,0.230354385000464,8429,8429,0.000586148937620226,0.000293074468810125
0.274664316363375,0.229819346692518,8430,8430,0.000586148937620226,0.0002930744688101
0.274903700126617,0.230354385000464,8431,8431,0.000586148937620226,0.000293074468810125
0.274664316363375,0.229819346692518,8432,8432,0.000586148937620226,0.0002930744688101
0.274903700126617,0.230354385000464,8433,8433,0.000586148937620226,0.000293074468810125
0.274664316363375,0.229819346692518,8434,8434,0.000586148937620226,0.0002930744688101
0.274903700126617,0.230354385000464,8435,8435,0.000586148937620226,0.000293074468810125
0.274664316363375,0.229819346692518,8436,8436,0.000586148937620226,0.0002930744688101
0.274903700126617,0.230354385000464,8437,8437,0.000586148937620226,0.000293074468810125
0.274664316363375,0.229819346692518,8438,8438,0.000586148937620226,0.0002930744688101
0.274903700126617,0.230354385000464,8439,8439,0.000586148937620226,0.000293074468810125
0.274664316363375,0.229819346692518,8440,8440,0.000586148937620226,0.0002930744688101
0.274903700126617,0.230354385000464,8441,8441,0.000586148937620226,0.000293074468810125
0.274664316363375,0.229819346692518,8442,8442,0.000586148937620226,0.0002930744688101
0.274903700126617,0.230354385000464,8443,8443,0.000586148937620226,0.000293074468810125
0.274664316363375,0.229819346692518,8444,8444,0.000586148937620226,0.0002930744688101
0.274903700126617,0.230354385000464,8445,8445,0.000586148937620226,0.000293074468810125
0.274664316363375,0.229819346692518,8446,8446,0.000586148937620226,0.0002930744688101
0.274903700126617,0.230354385000464,8447,8447,0.000586148937620226,0.000293074468810125
0.274664316363375,0.229819346692518,8448,8448,0.000586148937620226,0.0002930744688101
0.274903700126617,0.230354385000464,8449,8449,0.000586148937620226,0.000293074468810125
0.274664316363375,0.229819346692518,8450,8450,0.000586148937620226,0.0002930744688101
0.274903700126617,0.230354385000464,8451,8451,0.000586148937620226,0.000293074468810125
0.274664316363375,0.229819346692518,8452,8452,0.000586148937620226,0.0002930744688101
0.274903700126617,0.230354385000464,8453,8453,0.000586148937620226,0.000293074468810125
0.274664316363375,0.229819346692518,8454,8454,0.000586148937620226,0.0002930744688101
0.274903700126617,0.230354385000464,8455,8455,0.000586148937620226,0.000293074468810125
0.274664316363375,0.229819346692518,8456,8456,0.000586148937620226,0.0002930744688101
0.274903700126617,0.230354385000464,8457,8457,0.000586148937620226,0.000293074468810125
0.274664316363375,0.229819346692518,8458,8458,0.000586148937620226,0.0002930744688101
0.274903700126617,0.230354385000464,8459,8459,0.000586148937620226,0.000293074468810125
0.274664316363375,0.229819346692518,8460,8460,0.000586148937620226,0.0002930744688101
0.274903700126617,0.230354385000464,8461,8461,0.000586148937620226,0.000293074468810125
0.274664316363375,0.229819346692518,8462,8462,0.000586148937620226,0.0002930744688101
0.274903700126617,0.230354385000464,8463,8463,0.000586148937620226,0.000293074468810125
0.274664316363375,0.229819346692518,8464,8464,0.000586148937620226,0.0002930744688101
0.274903700126617,0.230354385000464,8465,8465,0.000586148937620226,0.000293074468810125
0.274664316363375,0.229819346692518,8466,8466,0.000586148937620226,0.0002930744688101
0.274903700126617,0.230354385000464,8467,8467,0.000586148937620226,0.000293074468810125
0.274664316363375,0.229819346692518,8468,8468,0.000586148937620226,0.0002930744688101
0.274903700126617,0.230354385000464,8469,8469,0.000586148937620226,0.000293074468810125
0.274664316363375,0.229819346692518,8470,8470,0.000586148937620226,0.0002930744688101
0.274903700126617,0.230354385000464,8471,8471,0.000586148937620226,0.000293074468810125
0.274664316363375,0.229819346692518,8472,8472,0.000586148937620226,0.0002930744688101
0.274903700126617,0.230354385000464,8473,8473,0.000586148937620226,0.000293074468810125
0.274664316363375,0.229819346692518,8474,8474,0.000586148937620226,0.0002930744688101
0.274903700126617,0.230354385000464,8475,8475,0.000586148937620226,0.000293074468810125
0.274664316363375,0.229819346692518,8476,8476,0.000586148937620226,0.0002930744688101
0.274903700126617,0.230354385000464,8477,8477,0.000586148937620226,0.000293074468810125
0.274664316363375,0.229819346692518,8478,8478,0.000586148937620226,0.0002930744688101
0.274903700126617,0.230354385000464,8479,8479,0.000586148937620226,0.000293074468810125
0.274664316363375,0.229819346692518,8480,8480,0.000586148937620226,0.0002930744688101
0.274903700126617,0.230354385000464,8481,8481,0.000586148937620226,0.000293074468810125
0.274664316363375,0.229819346692518,8482,8482,0.000586148937620226,0.0002930744688101
0.274903700126617,0.230354385000464,8483,8483,0.000586148937620226,0.000293074468810125
0.274664316363375,0.229819346692518,8484,8484,0.000586148937620226,0.0002930744688101
0.274903700126617,0.230354385000464,8485,8485,0.000586148937620226,0.000293074468810125
0.274664316363375,0.229819346692518,8486,8486,0.000586148937620226,0.0002930744688101
0.274903700126617,0.230354385000464,8487,8487,0.000586148937620226,0.000293074468810125
0.274664316363375,0.229819346692518,8488,8488,0.000586148937620226,0.0002930744688101
0.274903700126617,0.230354385000464,8489,8489,0.000586148937620226,0.000293074468810125
0.274664316363375,0.229819346692518,8490,8490,0.000586148937620226,0.0002930744688101
0.274903700126617,0.230354385000464,8491,8491,0.000586148937620226,0.000293074468810125
0.274664316363375,0.229819346692518,8492,8492,0.000586148937620226,0.0002930744688101
0.274903700126617,0.230354385000464,8493,8493,0.000586148937620226,0.000293074468810125
0.274664316363375,0.229819346692518,8494,8494,0.000586148937620226,0.0002930744688101
0.274903700126617,0.230354385000464,8495,8495,0.000586148937620226,0.000293074468810125
0.274664316363375,0.229819346692518,8496,8496,0.000586148937620226,0.0002930744688101
0.274903700126617,0.230354385000464,8497,8497,0.000586148937620226,0.000293074468810125
0.274664316363375,0.229819346692518,8498,8498,0.000586148937620226,0.0002930744688101
0.274903700126617,0.230354385000464,8499,8499,0.000586148937620226,0.000293074468810125
0.274664316363375,0.229819346692518,8500,8500,0.000586148937620226,0.0002930744688101
0.274903700126617,0.230354385000464,8501,8501,0.000586148937620226,0.000293074468810125
0.274664316363375,0.229819346692518,8502,8502,0.000586148937620226,0.0002930744688101
0.274903700126617,0.230354385000464,8503,8503,0.000586148937620226,0.000293074468810125
0.274664316363375,0.229819346692518,8504,8504,0.000586148937620226,0.0002930744688101
0.274903700126617,0.230354385000464,8505,8505,0.000586148937620226,0.000293074468810125
0.274664316363375,0.229819346692518,8506,8506,0.000586148937620226,0.0002930744688101
0.274903700126617,0.230354385000464,8507,8507,0.000586148937620226,0.000293074468810125
0.274664316363375,0.229819346692518,8508,8508,0.000586148937620226,0.0002930744688101
0.274903700126617,0.230354385000464,8509,8509,0.000586148937620226,0.000293074468810125
0.274664316363375,0.229819346692518,8510,8510,0.000586148937620226,0.0002930744688101
0.274903700126617,0.230354385000464,8511,8511,0.000586148937620226,0.000293074468810125
0.274664316363375,0.229819346692518,8512,8512,0.000586148937620226,0.0002930744688101
0.274903700126617,0.230354385000464,8513,8513,0.000586148937620226,0.000293074468810125
0.274664316363375,0.229819346692518,8514,8514,0.000586148937620226,0.0002930744688101
0.274903700126617,0.230354385000464,8515,8515,0.000586148937620226,0.000293074468810125
0.274664316363375,0.229819346692518,8516,8516,0.000586148937620226,0.0002930744688101
0.274903700126617,0.230354385000464,8517,8517,0.000586148937620226,0.000293074468810125
0.274664316363375,0.229819346692518,8518,8518,0.000586148937620226,0.0002930744688101
0.274903700126617,0.230354385000464,8519,8519,0.000586148937620226,0.000293074468810125
0.274664316363375,0.229819346692518,8520,8520,0.000586148937620226,0.0002930744688101
0.274903700126617,0.230354385000464,8521,8521,0.000586148937620226,0.000293074468810125
0.274664316363375,0.229819346692518,8522,8522,0.000586148937620226,0.0002930744688101
0.274903700126617,0.230354385000464,8523,8523,0.000586148937620226,0.000293074468810125
0.274664316363375,0.229819346692518,8524,8524,0.000586148937620226,0.0002930744688101
0.274903700126617,0.230354385000464,8525,8525,0.000586148937620226,0.000293074468810125
0.274664316363375,0.229819346692518,8526,8526,0.000586148937620226,0.0002930744688101
0.274903700126617,0.230354385000464,8527,8527,0.000586148937620226,0.000293074468810125
0.274664316363375,0.229819346692518,8528,8528,0.000586148937620226,0.0002930744688101
0.274903700126617,0.230354385000464,8529,8529,0.000586148937620226,0.000293074468810125
0.274664316363375,0.229819346692518,8530,8530,0.000586148937620226,0.0002930744688101
0.274903700126617,0.230354385000464,8531,8531,0.000586148937620226,0.000293074468810125
0.274664316363375,0.229819346692518,8532,8532,0.000586148937620226,0.0002930744688101
0.274903700126617,0.230354385000464,8533,8533,0.000586148937620226,0.000293074468810125
0.274664316363375,0.229819346692518,8534,8534,0.000586148937620226,0.0002930744688101
0.274903700126617,0.230354385000464,8535,8535,0.000586148937620226,0.000293074468810125
0.274664316363375,0.229819346692518,8536,8536,0.000586148937620226,0.0002930744688101
0.274903700126617,0.230354385000464,8537,8537,0.000586148937620226,0.000293074468810125
0.274664316363375,0.229819346692518,8538,8538,0.000586148937620226,0.0002930744688101
0.274903700126617,0.230354385000464,8539,8539,0.000586148937620226,0.000293074468810125
0.274664316363375,0.229819346692518,8540,8540,0.000586148937620226,0.0002930744688101
0.274903700126617,0.230354385000464,8541,8541,0.000586148937620226,0.000293074468810125
0.274664316363375,0.229819346692518,8542,8542,0.000586148937620226,0.0002930744688101
0.274903700126617,0.230354385000464,8543,8543,0.000586148937620226,0.000293074468810125
0.274664316363375,0.229819346692518,8544,8544,0.000586148937620226,0.0002930744688101
0.274903700126617,0.230354385000464,8545,8545,0.000586148937620226,0.000293074468810125
0.274664316363375,0.229819346692518,8546,8546,0.000586148937620226,0.0002930744688101
0.274903700126617,0.230354385000464,8547,8547,0.000586148937620226,0.000293074468810125
0.274664316363375,0.229819346692518,8548,8548,0.000586148937620226,0.0002930744688101
0.274903700126617,0.230354385000464,8549,8549,0.000586148937620226,0.000293074468810125
0.274664316363375,0.229819346692518,8550,8550,0.000586148937620226,0.0002930744688101
0.274903700126617,0.230354385000464,8551,8551,0.000586148937620226,0.000293074468810125
0.274664316363375,0.229819346692518,8552,8552,0.000586148937620226,0.0002930744688101
0.274903700126617,0.230354385000464,8553,8553,0.000586148937620226,0.000293074468810125
0.274664316363375,0.229819346692518,8554,8554,0.000586148937620226,0.0002930744688101
0.274903700126617,0.230354385000464,8555,8555,0.000586148937620226,0.000293074468810125
0.274664316363375,0.229819346692518,8556,8556,0.000586148937620226,0.0002930744688101
0.274903700126617,0.230354385000464,8557,8557,0.000586148937620226,0.000293074468810125
0.274664316363375,0.229819346692518,8558,8558,0.000586148937620226,0.0002930744688101
0.274903700126617,0.230354385000464,8559,8559,0.000586148937620226,0.000293074468810125
0.274664316363375,0.229819346692518,8560,8560,0.000586148937620226,0.0002930744688101
0.274903700126617,0.230354385000464,8561,8561,0.000586148937620226,0.000293074468810125
0.274664316363375,0.229819346692518,8562,8562,0.000586148937620226,0.0002930744688101
0.274903700126617,0.230354385000464,8563,8563,0.000586148937620226,0.000293074468810125
0.274664316363375,0.229819346692518,8564,8564,0.000586148937620226,0.0002930744688101
0.274903700126617,0.230354385000464,8565,8565,0.000586148937620226,0.000293074468810125
0.274664316363375,0.229819346692518,8566,8566,0.000586148937620226,0.0002930744688101
0.274903700126617,0.230354385000464,8567,8567,0.000586148937620226,0.000293074468810125
0.274664316363375,0.229819346692518,8568,8568,0.000586148937620226,0.0002930744688101
0.274903700126617,0.230354385000464,8569,8569,0.000586148937620226,0.000293074468810125
0.274664316363375,0.229819346692518,8570,8570,0.000586148937620226,0.0002930744688101
0.274903700126617,0.230354385000464,8571,8571,0.000586148937620226,0.000293074468810125
0.274664316363375,0.229819346692518,8572,8572,0.000586148937620226,0.0002930744688101
0.274903700126617,0.230354385000464,8573,8573,0.000586148937620226,0.000293074468810125
0.274664316363375,0.229819346692518,8574,8574,0.000586148937620226,0.0002930744688101
0.274903700126617,0.230354385000464,8575,8575,0.000586148937620226,0.000293074468810125
0.274664316363375,0.229819346692518,8576,8576,0.000586148937620226,0.0002930744688101
0.274903700126617,0.230354385000464,8577,8577,0.000586148937620226,0.000293074468810125
0.274664316363375,0.229819346692518,8578,8578,0.000586148937620226,0.0002930744688101
0.274903700126617,0.230354385000464,8579,8579,0.000586148937620226,0.000293074468810125
0.274664316363375,0.229819346692518,8580,8580,0.000586148937620226,0.0002930744688101
0.274903700126617,0.230354385000464,8581,8581,0.000586148937620226,0.000293074468810125
0.274664316363375,0.229819346692518,8582,8582,0.000586148937620226,0.0002930744688101
0.274903700126617,0.230354385000464,8583,8583,0.000586148937620226,0.000293074468810125
0.274664316363375,0.229819346692518,8584,8584,0.000586148937620226,0.0002930744688101
0.274903700126617,0.230354385000464,8585,8585,0.000586148937620226,0.000293074468810125
0.274664316363375,0.229819346692518,8586,8586,0.000586148937620226,0.0002930744688101
0.274903700126617,0.230354385000464,8587,8587,0.000586148937620226,0.000293074468810125
0.274664316363375,0.229819346692518,8588,8588,0.000586148937620226,0.0002930744688101
0.274903700126617,0.230354385000464,8589,8589,0.000586148937620226,0.000293074468810125
0.274664316363375,0.229819346692518,8590,8590,0.000586148937620226,0.0002930744688101
0.274903700126617,0.230354385000464,8591,8591,0.000586148937620226,0.000293074468810125
0.274664316363375,0.229819346692518,8592,8592,0.000586148937620226,0.0002930744688101
0.274903700126617,0.230354385000464,8593,8593,0.000586148937620226,0.000293074468810125
0.274664316363375,0.229819346692518,8594,8594,0.000586148937620226,0.0002930744688101
0.274903700126617,0.230354385000464,8595,8595,0.000586148937620226,0.000293074468810125
0.274664316363375,0.229819346692518,8596,8596,0.000586148937620226,0.0002930744688101
0.274903700126617,0.230354385000464,8597,8597,0.000586148937620226,0.000293074468810125
0.274664316363375,0.229819346692518,8598,8598,0.000586148937620226,0.0002930744688101
0.274903700126617,0.230354385000464,8599,8599,0.000586148937620226,0.000293074468810125
0.274664316363375,0.229819346692518,8600,8600,0.000586148937620226,0.0002930744688101
0.274903700126617,0.230354385000464,8601,8601,0.000586148937620226,0.000293074468810125
0.274664316363375,0.229819346692518,8602,8602,0.000586148937620226,0.0002930744688101
0.274903700126617,0.230354385000464,8603,8603,0.000586148937620226,0.000293074468810125
0.274664316363375,0.229819346692518,8604,8604,0.000586148937620226,0.0002930744688101
0.274903700126617,0.230354385000464,8605,8605,0.000586148937620226,0.000293074468810125
0.274664316363375,0.229819346692518,8606,8606,0.000586148937620226,0.0002930744688101
0.274903700126617,0.230354385000464,8607,8607,0.000586148937620226,0.000293074468810125
0.274664316363375,0.229819346692518,8608,8608,0.000586148937620226,0.0002930744688101
0.274903700126617,0.230354385000464,8609,8609,0.000586148937620226,0.000293074468810125
0.274664316363375,0.229819346692518,8610,8610,0.000586148937620226,0.0002930744688101
0.274903700126617,0.230354385000464,8611,8611,0.000586148937620226,0.000293074468810125
0.274664316363375,0.229819346692518,8612,8612,0.000586148937620226,0.0002930744688101
0.274903700126617,0.230354385000464,8613,8613,0.000586148937620226,0.000293074468810125
0.274664316363375,0.229819346692518,8614,8614,0.000586148937620226,0.0002930744688101
0.274903700126617,0.230354385000464,8615,8615,0.000586148937620226,0.000293074468810125
0.274664316363375,0.229819346692518,8616,8616,0.000586148937620226,0.0002930744688101
0.274903700126617,0.230354385000464,8617,8617,0.000586148937620226,0.000293074468810125
0.274664316363375,0.229819346692518,8618,8618,0.000586148937620226,0.0002930744688101
0.274903700126617,0.230354385000464,8619,8619,0.000586148937620226,0.000293074468810125
0.274664316363375,0.229819346692518,8620,8620,0.000586148937620226,0.0002930744688101
0.274903700126617,0.230354385000464,8621,8621,0.000586148937620226,0.000293074468810125
0.274664316363375,0.229819346692518,8622,8622,0.000586148937620226,0.0002930744688101
0.274903700126617,0.230354385000464,8623,8623,0.000586148937620226,0.000293074468810125
0.274664316363375,0.229819346692518,8624,8624,0.000586148937620226,0.0002930744688101
0.274903700126617,0.230354385000464,8625,8625,0.000586148937620226,0.000293074468810125
0.274664316363375,0.229819346692518,8626,8626,0.000586148937620226,0.0002930744688101
0.274903700126617,0.230354385000464,8627,8627,0.000586148937620226,0.000293074468810125
0.274664316363375,0.229819346692518,8628,8628,0.000586148937620226,0.0002930744688101
0.274903700126617,0.230354385000464,8629,8629,0.000586148937620226,0.000293074468810125
0.274664316363375,0.229819346692518,8630,8630,0.000586148937620226,0.0002930744688101
0.274903700126617,0.230354385000464,8631,8631,0.000586148937620226,0.000293074468810125
0.274664316363375,0.229819346692518,8632,8632,0.000586148937620226,0.0002930744688101
0.274903700126617,0.230354385000464,8633,8633,0.000586148937620226,0.000293074468810125
0.274664316363375,0.229819346692518,8634,8634,0.000586148937620226,0.0002930744688101
0.274903700126617,0.230354385000464,8635,8635,0.000586148937620226,0.000293074468810125
0.274664316363375,0.229819346692518,8636,8636,0.000586148937620226,0.0002930744688101
0.274903700126617,0.230354385000464,8637,8637,0.000586148937620226,0.000293074468810125
0.274664316363375,0.229819346692518,8638,8638,0.000586148937620226,0.0002930744688101
0.274903700126617,0.230354385000464,8639,8639,0.000586148937620226,0.000293074468810125
0.274664316363375,0.229819346692518,8640,8640,0.000586148937620226,0.0002930744688101
0.274903700126617,0.230354385000464,8641,8641,0.000586148937620226,0.000293074468810125
0.274664316363375,0.229819346692518,8642,8642,0.000586148937620226,0.0002930744688101
0.274903700126617,0.230354385000464,8643,8643,0.000586148937620226,0.000293074468810125
0.274664316363375,0.229819346692518,8644,8644,0.000586148937620226,0.0002930744688101
0.274903700126617,0.230354385000464,8645,8645,0.000586148937620226,0.000293074468810125
0.274664316363375,0.229819346692518,8646,8646,0.000586148937620226,0.0002930744688101
0.274903700126617,0.230354385000464,8647,8647,0.000586148937620226,0.000293074468810125
0.274664316363375,0.229819346692518,8648,8648,0.000586148937620226,0.0002930744688101
0.274903700126617,0.230354385000464,8649,8649,0.000586148937620226,0.000293074468810125
0.274664316363375,0.229819346692518,8650,8650,0.000586148937620226,0.0002930744688101
0.274903700126617,0.230354385000464,8651,8651,0.000586148937620226,0.000293074468810125
0.274664316363375,0.229819346692518,8652,8652,0.000586148937620226,0.0002930744688101
0.274903700126617,0.230354385000464,8653,8653,0.000586148937620226,0.000293074468810125
0.274664316363375,0.229819346692518,8654,8654,0.000586148937620226,0.0002930744688101
0.274903700126617,0.230354385000464,8655,8655,0.000586148937620226,0.000293074468810125
0.274664316363375,0.229819346692518,8656,8656,0.000586148937620226,0.0002930744688101
0.274903700126617,0.230354385000464,8657,8657,0.000586148937620226,0.000293074468810125
0.274664316363375,0.229819346692518,8658,8658,0.000586148937620226,0.0002930744688101
0.274903700126617,0.230354385000464,8659,8659,0.000586148937620226,0.000293074468810125
0.274664316363375,0.229819346692518,8660,8660,0.000586148937620226,0.0002930744688101
0.274903700126617,0.230354385000464,8661,8661,0.000586148937620226,0.000293074468810125
0.274664316363375,0.229819346692518,8662,8662,0.000586148937620226,0.0002930744688101
0.274903700126617,0.230354385000464,8663,8663,0.000586148937620226,0.000293074468810125
0.274664316363375,0.229819346692518,8664,8664,0.000586148937620226,0.0002930744688101
0.274903700126617,0.230354385000464,8665,8665,0.000586148937620226,0.000293074468810125
0.274664316363375,0.229819346692518,8666,8666,0.000586148937620226,0.0002930744688101
0.274903700126617,0.230354385000464,8667,8667,0.000586148937620226,0.000293074468810125
0.274664316363375,0.229819346692518,8668,8668,0.000586148937620226,0.0002930744688101
0.274903700126617,0.230354385000464,8669,8669,0.000586148937620226,0.000293074468810125
0.274664316363375,0.229819346692518,8670,8670,0.000586148937620226,0.0002930744688101
0.274903700126617,0.230354385000464,8671,8671,0.000586148937620226,0.000293074468810125
0.274664316363375,0.229819346692518,8672,8672,0.000586148937620226,0.0002930744688101
0.274903700126617,0.230354385000464,8673,8673,0.000586148937620226,0.000293074468810125
0.274664316363375,0.229819346692518,8674,8674,0.000586148937620226,0.0002930744688101
0.274903700126617,0.230354385000464,8675,8675,0.000586148937620226,0.000293074468810125
0.274664316363375,0.229819346692518,8676,8676,0.000586148937620226,0.0002930744688101
0.274903700126617,0.230354385000464,8677,8677,0.000586148937620226,0.000293074468810125
0.274664316363375,0.229819346692518,8678,8678,0.000586148937620226,0.0002930744688101
0.274903700126617,0.230354385000464,8679,8679,0.000586148937620226,0.000293074468810125
0.274664316363375,0.229819346692518,8680,8680,0.000586148937620226,0.0002930744688101
0.274903700126617,0.230354385000464,8681,8681,0.000586148937620226,0.000293074468810125
0.274664316363375,0.229819346692518,8682,8682,0.000586148937620226,0.0002930744688101
0.274903700126617,0.230354385000464,8683,8683,0.000586148937620226,0.000293074468810125
0.274664316363375,0.229819346692518,8684,8684,0.000586148937620226,0.0002930744688101
0.274903700126617,0.230354385000464,8685,8685,0.000586148937620226,0.000293074468810125
0.274664316363375,0.229819346692518,8686,8686,0.000586148937620226,0.0002930744688101
0.274903700126617,0.230354385000464,8687,8687,0.000586148937620226,0.000293074468810125
0.274664316363375,0.229819346692518,8688,8688,0.000586148937620226,0.0002930744688101
0.274903700126617,0.230354385000464,8689,8689,0.000586148937620226,0.000293074468810125
0.274664316363375,0.229819346692518,8690,8690,0.000586148937620226,0.0002930744688101
0.274903700126617,0.230354385000464,8691,8691,0.000586148937620226,0.000293074468810125
0.274664316363375,0.229819346692518,8692,8692,0.000586148937620226,0.0002930744688101
0.274903700126617,0.230354385000464,8693,8693,0.000586148937620226,0.000293074468810125
0.274664316363375,0.229819346692518,8694,8694,0.000586148937620226,0.0002930744688101
0.274903700126617,0.230354385000464,8695,8695,0.000586148937620226,0.000293074468810125
0.274664316363375,0.229819346692518,8696,8696,0.000586148937620226,0.0002930744688101
0.274903700126617,0.230354385000464,8697,8697,0.000586148937620226,0.000293074468810125
0.274664316363375,0.229819346692518,8698,8698,0.000586148937620226,0.0002930744688101
0.274903700126617,0.230354385000464,8699,8699,0.000586148937620226,0.000293074468810125
0.274664316363375,0.229819346692518,8700,8700,0.000586148937620226,0.0002930744688101
0.274903700126617,0.230354385000464,8701,8701,0.000586148937620226,0.000293074468810125
0.274664316363375,0.229819346692518,8702,8702,0.000586148937620226,0.0002930744688101
0.274903700126617,0.230354385000464,8703,8703,0.000586148937620226,0.000293074468810125
0.274664316363375,0.229819346692518,8704,8704,0.000586148937620226,0.0002930744688101
0.274903700126617,0.230354385000464,8705,8705,0.000586148937620226,0.000293074468810125
0.274664316363375,0.229819346692518,8706,8706,0.000586148937620226,0.0002930744688101
0.274903700126617,0.230354385000464,8707,8707,0.000586148937620226,0.000293074468810125
0.274664316363375,0.229819346692518,8708,8708,0.000586148937620226,0.0002930744688101
0.274903700126617,0.230354385000464,8709,8709,0.000586148937620226,0.000293074468810125
0.274664316363375,0.229819346692518,8710,8710,0.000586148937620226,0.0002930744688101
0.274903700126617,0.230354385000464,8711,8711,0.000586148937620226,0.000293074468810125
0.274664316363375,0.229819346692518,8712,8712,0.000586148937620226,0.0002930744688101
0.274903700126617,0.230354385000464,8713,8713,0.000586148937620226,0.000293074468810125
0.274664316363375,0.229819346692518,8714,8714,0.000586148937620226,0.0002930744688101
0.274903700126617,0.230354385000464,8715,8715,0.000586148937620226,0.000293074468810125
0.274664316363375,0.229819346692518,8716,8716,0.000586148937620226,0.0002930744688101
0.274903700126617,0.230354385000464,8717,8717,0.000586148937620226,0.000293074468810125
0.274664316363375,0.229819346692518,8718,8718,0.000586148937620226,0.0002930744688101
0.274903700126617,0.230354385000464,8719,8719,0.000586148937620226,0.000293074468810125
0.274664316363375,0.229819346692518,8720,8720,0.000586148937620226,0.0002930744688101
0.274903700126617,0.230354385000464,8721,8721,0.000586148937620226,0.000293074468810125
0.274664316363375,0.229819346692518,8722,8722,0.000586148937620226,0.0002930744688101
0.274903700126617,0.230354385000464,8723,8723,0.000586148937620226,0.000293074468810125
0.274664316363375,0.229819346692518,8724,8724,0.000586148937620226,0.0002930744688101
0.274903700126617,0.230354385000464,8725,8725,0.000586148937620226,0.000293074468810125
0.274664316363375,0.229819346692518,8726,8726,0.000586148937620226,0.0002930744688101
0.274903700126617,0.230354385000464,8727,8727,0.000586148937620226,0.000293074468810125
0.274664316363375,0.229819346692518,8728,8728,0.000586148937620226,0.0002930744688101
0.274903700126617,0.230354385000464,8729,8729,0.000586148937620226,0.000293074468810125
0.274664316363375,0.229819346692518,8730,8730,0.000586148937620226,0.0002930744688101
0.274903700126617,0.230354385000464,8731,8731,0.000586148937620226,0.000293074468810125
0.274664316363375,0.229819346692518,8732,8732,0.000586148937620226,0.0002930744688101
0.274903700126617,0.230354385000464,8733,8733,0.000586148937620226,0.000293074468810125
0.274664316363375,0.229819346692518,8734,8734,0.000586148937620226,0.0002930744688101
0.274903700126617,0.230354385000464,8735,8735,0.000586148937620226,0.000293074468810125
0.274664316363375,0.229819346692518,8736,8736,0.000586148937620226,0.0002930744688101
0.274903700126617,0.230354385000464,8737,8737,0.000586148937620226,0.000293074468810125
0.274664316363375,0.229819346692518,8738,8738,0.000586148937620226,0.0002930744688101
0.274903700126617,0.230354385000464,8739,8739,0.000586148937620226,0.000293074468810125
0.274664316363375,0.229819346692518,8740,8740,0.000586148937620226,0.0002930744688101
0.274903700126617,0.230354385000464,8741,8741,0.000586148937620226,0.000293074468810125
0.274664316363375,0.229819346692518,8742,8742,0.000586148937620226,0.0002930744688101
0.274903700126617,0.230354385000464,8743,8743,0.000586148937620226,0.000293074468810125
0.274664316363375,0.229819346692518,8744,8744,0.000586148937620226,0.0002930744688101
0.274903700126617,0.230354385000464,8745,8745,0.000586148937620226,0.000293074468810125
0.274664316363375,0.229819346692518,8746,8746,0.000586148937620226,0.0002930744688101
0.274903700126617,0.230354385000464,8747,8747,0.000586148937620226,0.000293074468810125
0.274664316363375,0.229819346692518,8748,8748,0.000586148937620226,0.0002930744688101
0.274903700126617,0.230354385000464,8749,8749,0.000586148937620226,0.000293074468810125
0.274664316363375,0.229819346692518,8750,8750,0.000586148937620226,0.0002930744688101
0.274903700126617,0.230354385000464,8751,8751,0.000586148937620226,0.000293074468810125
0.274664316363375,0.229819346692518,8752,8752,0.000586148937620226,0.0002930744688101
0.274903700126617,0.230354385000464,8753,8753,0.000586148937620226,0.000293074468810125
0.274664316363375,0.229819346692518,8754,8754,0.000586148937620226,0.0002930744688101
0.274903700126617,0.230354385000464,8755,8755,0.000586148937620226,0.000293074468810125
0.274664316363375,0.229819346692518,8756,8756,0.000586148937620226,0.0002930744688101
0.274903700126617,0.230354385000464,8757,8757,0.000586148937620226,0.000293074468810125
0.274664316363375,0.229819346692518,8758,8758,0.000586148937620226,0.0002930744688101
0.274903700126617,0.230354385000464,8759,8759,0.000586148937620226,0.000293074468810125
0.274664316363375,0.229819346692518,8760,8760,0.000586148937620226,0.0002930744688101
0.274903700126617,0.230354385000464,8761,8761,0.000586148937620226,0.000293074468810125
0.274664316363375,0.229819346692518,8762,8762,0.000586148937620226,0.0002930744688101
0.274903700126617,0.230354385000464,8763,8763,0.000586148937620226,0.000293074468810125
0.274664316363375,0.229819346692518,8764,8764,0.000586148937620226,0.0002930744688101
0.274903700126617,0.230354385000464,8765,8765,0.000586148937620226,0.000293074468810125
0.274664316363375,0.229819346692518,8766,8766,0.000586148937620226,0.0002930744688101
0.274903700126617,0.230354385000464,8767,8767,0.000586148937620226,0.000293074468810125
0.274664316363375,0.229819346692518,8768,8768,0.000586148937620226,0.0002930744688101
0.274903700126617,0.230354385000464,8769,8769,0.000586148937620226,0.000293074468810125
0.274664316363375,0.229819346692518,8770,8770,0.000586148937620226,0.0002930744688101
0.274903700126617,0.230354385000464,8771,8771,0.000586148937620226,0.000293074468810125
0.274664316363375,0.229819346692518,8772,8772,0.000586148937620226,0.0002930744688101
0.274903700126617,0.230354385000464,8773,8773,0.000586148937620226,0.000293074468810125
0.274664316363375,0.229819346692518,8774,8774,0.000586148937620226,0.0002930744688101
0.274903700126617,0.230354385000464,8775,8775,0.000586148937620226,0.000293074468810125
0.274664316363375,0.229819346692518,8776,8776,0.000586148937620226,0.0002930744688101
0.274903700126617,0.230354385000464,8777,8777,0.000586148937620226,0.000293074468810125
0.274664316363375,0.229819346692518,8778,8778,0.000586148937620226,0.0002930744688101
0.274903700126617,0.230354385000464,8779,8779,0.000586148937620226,0.000293074468810125
0.274664316363375,0.229819346692518,8780,8780,0.000586148937620226,0.0002930744688101
0.274903700126617,0.230354385000464,8781,8781,0.000586148937620226,0.000293074468810125
0.274664316363375,0.229819346692518,8782,8782,0.000586148937620226,0.0002930744688101
0.274903700126617,0.230354385000464,8783,8783,0.000586148937620226,0.000293074468810125
0.274664316363375,0.229819346692518,8784,8784,0.000586148937620226,0.0002930744688101
0.274903700126617,0.230354385000464,8785,8785,0.000586148937620226,0.000293074468810125
0.274664316363375,0.229819346692518,8786,8786,0.000586148937620226,0.0002930744688101
0.274903700126617,0.230354385000464,8787,8787,0.000586148937620226,0.000293074468810125
0.274664316363375,0.229819346692518,8788,8788,0.000586148937620226,0.0002930744688101
0.274903700126617,0.230354385000464,8789,8789,0.000586148937620226,0.000293074468810125
0.274664316363375,0.229819346692518,8790,8790,0.000586148937620226,0.0002930744688101
0.274903700126617,0.230354385000464,8791,8791,0.000586148937620226,0.000293074468810125
0.274664316363375,0.229819346692518,8792,8792,0.000586148937620226,0.0002930744688101
0.274903700126617,0.230354385000464,8793,8793,0.000586148937620226,0.000293074468810125
0.274664316363375,0.229819346692518,8794,8794,0.000586148937620226,0.0002930744688101
0.274903700126617,0.230354385000464,8795,8795,0.000586148937620226,0.000293074468810125
0.274664316363375,0.229819346692518,8796,8796,0.000586148937620226,0.0002930744688101
0.274903700126617,0.230354385000464,8797,8797,0.000586148937620226,0.000293074468810125
0.274664316363375,0.229819346692518,8798,8798,0.000586148937620226,0.0002930744688101
0.274903700126617,0.230354385000464,8799,8799,0.000586148937620226,0.000293074468810125
0.274664316363375,0.229819346692518,8800,8800,0.000586148937620226,0.0002930744688101
0.274903700126617,0.230354385000464,8801,8801,0.000586148937620226,0.000293074468810125
0.274664316363375,0.229819346692518,8802,8802,0.000586148937620226,0.0002930744688101
0.274903700126617,0.230354385000464,8803,8803,0.000586148937620226,0.000293074468810125
0.274664316363375,0.229819346692518,8804,8804,0.000586148937620226,0.0002930744688101
0.274903700126617,0.230354385000464,8805,8805,0.000586148937620226,0.000293074468810125
0.274664316363375,0.229819346692518,8806,8806,0.000586148937620226,0.0002930744688101
0.274903700126617,0.230354385000464,8807,8807,0.000586148937620226,0.000293074468810125
0.274664316363375,0.229819346692518,8808,8808,0.000586148937620226,0.0002930744688101
0.274903700126617,0.230354385000464,8809,8809,0.000586148937620226,0.000293074468810125
0.274664316363375,0.229819346692518,8810,8810,0.000586148937620226,0.0002930744688101
0.274903700126617,0.230354385000464,8811,8811,0.000586148937620226,0.000293074468810125
0.274664316363375,0.229819346692518,8812,8812,0.000586148937620226,0.0002930744688101
0.274903700126617,0.230354385000464,8813,8813,0.000586148937620226,0.000293074468810125
0.274664316363375,0.229819346692518,8814,8814,0.000586148937620226,0.0002930744688101
0.274903700126617,0.230354385000464,8815,8815,0.000586148937620226,0.000293074468810125
0.274664316363375,0.229819346692518,8816,8816,0.000586148937620226,0.0002930744688101
0.274903700126617,0.230354385000464,8817,8817,0.000586148937620226,0.000293074468810125
0.274664316363375,0.229819346692518,8818,8818,0.000586148937620226,0.0002930744688101
0.274903700126617,0.230354385000464,8819,8819,0.000586148937620226,0.000293074468810125
0.274664316363375,0.229819346692518,8820,8820,0.000586148937620226,0.0002930744688101
0.274903700126617,0.230354385000464,8821,8821,0.000586148937620226,0.000293074468810125
0.274664316363375,0.229819346692518,8822,8822,0.000586148937620226,0.0002930744688101
0.274903700126617,0.230354385000464,8823,8823,0.000586148937620226,0.000293074468810125
0.274664316363375,0.229819346692518,8824,8824,0.000586148937620226,0.0002930744688101
0.274903700126617,0.230354385000464,8825,8825,0.000586148937620226,0.000293074468810125
0.274664316363375,0.229819346692518,8826,8826,0.000586148937620226,0.0002930744688101
0.274903700126617,0.230354385000464,8827,8827,0.000586148937620226,0.000293074468810125
0.274664316363375,0.229819346692518,8828,8828,0.000586148937620226,0.0002930744688101
0.274903700126617,0.230354385000464,8829,8829,0.000586148937620226,0.000293074468810125
0.274664316363375,0.229819346692518,8830,8830,0.000586148937620226,0.0002930744688101
0.274903700126617,0.230354385000464,8831,8831,0.000586148937620226,0.000293074468810125
0.274664316363375,0.229819346692518,8832,8832,0.000586148937620226,0.0002930744688101
0.274903700126617,0.230354385000464,8833,8833,0.000586148937620226,0.000293074468810125
0.274664316363375,0.229819346692518,8834,8834,0.000586148937620226,0.0002930744688101
0.274903700126617,0.230354385000464,8835,8835,0.000586148937620226,0.000293074468810125
0.274664316363375,0.229819346692518,8836,8836,0.000586148937620226,0.0002930744688101
0.274903700126617,0.230354385000464,8837,8837,0.000586148937620226,0.000293074468810125
0.274664316363375,0.229819346692518,8838,8838,0.000586148937620226,0.0002930744688101
0.274903700126617,0.230354385000464,8839,8839,0.000586148937620226,0.000293074468810125
0.274664316363375,0.229819346692518,8840,8840,0.000586148937620226,0.0002930744688101
0.274903700126617,0.230354385000464,8841,8841,0.000586148937620226,0.000293074468810125
0.274664316363375,0.229819346692518,8842,8842,0.000586148937620226,0.0002930744688101
0.274903700126617,0.230354385000464,8843,8843,0.000586148937620226,0.000293074468810125
0.274664316363375,0.229819346692518,8844,8844,0.000586148937620226,0.0002930744688101
0.274903700126617,0.230354385000464,8845,8845,0.000586148937620226,0.000293074468810125
0.274664316363375,0.229819346692518,8846,8846,0.000586148937620226,0.0002930744688101
0.274903700126617,0.230354385000464,8847,8847,0.000586148937620226,0.000293074468810125
0.274664316363375,0.229819346692518,8848,8848,0.000586148937620226,0.0002930744688101
0.274903700126617,0.230354385000464,8849,8849,0.000586148937620226,0.000293074468810125
0.274664316363375,0.229819346692518,8850,8850,0.000586148937620226,0.0002930744688101
0.274903700126617,0.230354385000464,8851,8851,0.000586148937620226,0.000293074468810125
0.274664316363375,0.229819346692518,8852,8852,0.000586148937620226,0.0002930744688101
0.274903700126617,0.230354385000464,8853,8853,0.000586148937620226,0.000293074468810125
0.274664316363375,0.229819346692518,8854,8854,0.000586148937620226,0.0002930744688101
0.274903700126617,0.230354385000464,8855,8855,0.000586148937620226,0.000293074468810125
0.274664316363375,0.229819346692518,8856,8856,0.000586148937620226,0.0002930744688101
0.274903700126617,0.230354385000464,8857,8857,0.000586148937620226,0.000293074468810125
0.274664316363375,0.229819346692518,8858,8858,0.000586148937620226,0.0002930744688101
0.274903700126617,0.230354385000464,8859,8859,0.000586148937620226,0.000293074468810125
0.274664316363375,0.229819346692518,8860,8860,0.000586148937620226,0.0002930744688101
0.274903700126617,0.230354385000464,8861,8861,0.000586148937620226,0.000293074468810125
0.274664316363375,0.229819346692518,8862,8862,0.000586148937620226,0.0002930744688101
0.274903700126617,0.230354385000464,8863,8863,0.000586148937620226,0.000293074468810125
0.274664316363375,0.229819346692518,8864,8864,0.000586148937620226,0.0002930744688101
0.274903700126617,0.230354385000464,8865,8865,0.000586148937620226,0.000293074468810125
0.274664316363375,0.229819346692518,8866,8866,0.000586148937620226,0.0002930744688101
0.274903700126617,0.230354385000464,8867,8867,0.000586148937620226,0.000293074468810125
0.274664316363375,0.229819346692518,8868,8868,0.000586148937620226,0.0002930744688101
0.274903700126617,0.230354385000464,8869,8869,0.000586148937620226,0.000293074468810125
0.274664316363375,0.229819346692518,8870,8870,0.000586148937620226,0.0002930744688101
0.274903700126617,0.230354385000464,8871,8871,0.000586148937620226,0.000293074468810125
0.274664316363375,0.229819346692518,8872,8872,0.000586148937620226,0.0002930744688101
0.274903700126617,0.230354385000464,8873,8873,0.000586148937620226,0.000293074468810125
0.274664316363375,0.229819346692518,8874,8874,0.000586148937620226,0.0002930744688101
0.274903700126617,0.230354385000464,8875,8875,0.000586148937620226,0.000293074468810125
0.274664316363375,0.229819346692518,8876,8876,0.000586148937620226,0.0002930744688101
0.274903700126617,0.230354385000464,8877,8877,0.000586148937620226,0.000293074468810125
0.274664316363375,0.229819346692518,8878,8878,0.000586148937620226,0.0002930744688101
0.274903700126617,0.230354385000464,8879,8879,0.000586148937620226,0.000293074468810125
0.274664316363375,0.229819346692518,8880,8880,0.000586148937620226,0.0002930744688101
0.274903700126617,0.230354385000464,8881,8881,0.000586148937620226,0.000293074468810125
0.274664316363375,0.229819346692518,8882,8882,0.000586148937620226,0.0002930744688101
0.274903700126617,0.230354385000464,8883,8883,0.000586148937620226,0.000293074468810125
0.274664316363375,0.229819346692518,8884,8884,0.000586148937620226,0.0002930744688101
0.274903700126617,0.230354385000464,8885,8885,0.000586148937620226,0.000293074468810125
0.274664316363375,0.229819346692518,8886,8886,0.000586148937620226,0.0002930744688101
0.274903700126617,0.230354385000464,8887,8887,0.000586148937620226,0.000293074468810125
0.274664316363375,0.229819346692518,8888,8888,0.000586148937620226,0.0002930744688101
0.274903700126617,0.230354385000464,8889,8889,0.000586148937620226,0.000293074468810125
0.274664316363375,0.229819346692518,8890,8890,0.000586148937620226,0.0002930744688101
0.274903700126617,0.230354385000464,8891,8891,0.000586148937620226,0.000293074468810125
0.274664316363375,0.229819346692518,8892,8892,0.000586148937620226,0.0002930744688101
0.274903700126617,0.230354385000464,8893,8893,0.000586148937620226,0.000293074468810125
0.274664316363375,0.229819346692518,8894,8894,0.000586148937620226,0.0002930744688101
0.274903700126617,0.230354385000464,8895,8895,0.000586148937620226,0.000293074468810125
0.274664316363375,0.229819346692518,8896,8896,0.000586148937620226,0.0002930744688101
0.274903700126617,0.230354385000464,8897,8897,0.000586148937620226,0.000293074468810125
0.274664316363375,0.229819346692518,8898,8898,0.000586148937620226,0.0002930744688101
0.274903700126617,0.230354385000464,8899,8899,0.000586148937620226,0.000293074468810125
0.274664316363375,0.229819346692518,8900,8900,0.000586148937620226,0.0002930744688101
0.274903700126617,0.230354385000464,8901,8901,0.000586148937620226,0.000293074468810125
0.274664316363375,0.229819346692518,8902,8902,0.000586148937620226,0.0002930744688101
0.274903700126617,0.230354385000464,8903,8903,0.000586148937620226,0.000293074468810125
0.274664316363375,0.229819346692518,8904,8904,0.000586148937620226,0.0002930744688101
0.274903700126617,0.230354385000464,8905,8905,0.000586148937620226,0.000293074468810125
0.274664316363375,0.229819346692518,8906,8906,0.000586148937620226,0.0002930744688101
0.274903700126617,0.230354385000464,8907,8907,0.000586148937620226,0.000293074468810125
0.274664316363375,0.229819346692518,8908,8908,0.000586148937620226,0.0002930744688101
0.274903700126617,0.230354385000464,8909,8909,0.000586148937620226,0.000293074468810125
0.274664316363375,0.229819346692518,8910,8910,0.000586148937620226,0.0002930744688101
0.274903700126617,0.230354385000464,8911,8911,0.000586148937620226,0.000293074468810125
0.274664316363375,0.229819346692518,8912,8912,0.000586148937620226,0.0002930744688101
0.274903700126617,0.230354385000464,8913,8913,0.000586148937620226,0.000293074468810125
0.274664316363375,0.229819346692518,8914,8914,0.000586148937620226,0.0002930744688101
0.274903700126617,0.230354385000464,8915,8915,0.000586148937620226,0.000293074468810125
0.274664316363375,0.229819346692518,8916,8916,0.000586148937620226,0.0002930744688101
0.274903700126617,0.230354385000464,8917,8917,0.000586148937620226,0.000293074468810125
0.274664316363375,0.229819346692518,8918,8918,0.000586148937620226,0.0002930744688101
0.274903700126617,0.230354385000464,8919,8919,0.000586148937620226,0.000293074468810125
0.274664316363375,0.229819346692518,8920,8920,0.000586148937620226,0.0002930744688101
0.274903700126617,0.230354385000464,8921,8921,0.000586148937620226,0.000293074468810125
0.274664316363375,0.229819346692518,8922,8922,0.000586148937620226,0.0002930744688101
0.274903700126617,0.230354385000464,8923,8923,0.000586148937620226,0.000293074468810125
0.274664316363375,0.229819346692518,8924,8924,0.000586148937620226,0.0002930744688101
0.274903700126617,0.230354385000464,8925,8925,0.000586148937620226,0.000293074468810125
0.274664316363375,0.229819346692518,8926,8926,0.000586148937620226,0.0002930744688101
0.274903700126617,0.230354385000464,8927,8927,0.000586148937620226,0.000293074468810125
0.274664316363375,0.229819346692518,8928,8928,0.000586148937620226,0.0002930744688101
0.274903700126617,0.230354385000464,8929,8929,0.000586148937620226,0.000293074468810125
0.274664316363375,0.229819346692518,8930,8930,0.000586148937620226,0.0002930744688101
0.274903700126617,0.230354385000464,8931,8931,0.000586148937620226,0.000293074468810125
0.274664316363375,0.229819346692518,8932,8932,0.000586148937620226,0.0002930744688101
0.274903700126617,0.230354385000464,8933,8933,0.000586148937620226,0.000293074468810125
0.274664316363375,0.229819346692518,8934,8934,0.000586148937620226,0.0002930744688101
0.274903700126617,0.230354385000464,8935,8935,0.000586148937620226,0.000293074468810125
0.274664316363375,0.229819346692518,8936,8936,0.000586148937620226,0.0002930744688101
0.274903700126617,0.230354385000464,8937,8937,0.000586148937620226,0.000293074468810125
0.274664316363375,0.229819346692518,8938,8938,0.000586148937620226,0.0002930744688101
0.274903700126617,0.230354385000464,8939,8939,0.000586148937620226,0.000293074468810125
0.274664316363375,0.229819346692518,8940,8940,0.000586148937620226,0.0002930744688101
0.274903700126617,0.230354385000464,8941,8941,0.000586148937620226,0.000293074468810125
0.274664316363375,0.229819346692518,8942,8942,0.000586148937620226,0.0002930744688101
0.274903700126617,0.230354385000464,8943,8943,0.000586148937620226,0.000293074468810125
0.274664316363375,0.229819346692518,8944,8944,0.000586148937620226,0.0002930744688101
0.274903700126617,0.230354385000464,8945,8945,0.000586148937620226,0.000293074468810125
0.274664316363375,0.229819346692518,8946,8946,0.000586148937620226,0.0002930744688101
0.274903700126617,0.230354385000464,8947,8947,0.000586148937620226,0.000293074468810125
0.274664316363375,0.229819346692518,8948,8948,0.000586148937620226,0.0002930744688101
0.274903700126617,0.230354385000464,8949,8949,0.000586148937620226,0.000293074468810125
0.274664316363375,0.229819346692518,8950,8950,0.000586148937620226,0.0002930744688101
0.274903700126617,0.230354385000464,8951,8951,0.000586148937620226,0.000293074468810125
0.274664316363375,0.229819346692518,8952,8952,0.000586148937620226,0.0002930744688101
0.274903700126617,0.230354385000464,8953,8953,0.000586148937620226,0.000293074468810125
0.274664316363375,0.229819346692518,8954,8954,0.000586148937620226,0.0002930744688101
0.274903700126617,0.230354385000464,8955,8955,0.000586148937620226,0.000293074468810125
0.274664316363375,0.229819346692518,8956,8956,0.000586148937620226,0.0002930744688101
0.274903700126617,0.230354385000464,8957,8957,0.000586148937620226,0.000293074468810125
0.274664316363375,0.229819346692518,8958,8958,0.000586148937620226,0.0002930744688101
0.274903700126617,0.230354385000464,8959,8959,0.000586148937620226,0.000293074468810125
0.274664316363375,0.229819346692518,8960,8960,0.000586148937620226,0.0002930744688101
0.274903700126617,0.230354385000464,8961,8961,0.000586148937620226,0.000293074468810125
0.274664316363375,0.229819346692518,8962,8962,0.000586148937620226,0.0002930744688101
0.274903700126617,0.230354385000464,8963,8963,0.000586148937620226,0.000293074468810125
0.274664316363375,0.229819346692518,8964,8964,0.000586148937620226,0.0002930744688101
0.274903700126617,0.230354385000464,8965,8965,0.000586148937620226,0.000293074468810125
0.274664316363375,0.229819346692518,8966,8966,0.000586148937620226,0.0002930744688101
0.274903700126617,0.230354385000464,8967,8967,0.000586148937620226,0.000293074468810125
0.274664316363375,0.229819346692518,8968,8968,0.000586148937620226,0.0002930744688101
0.274903700126617,0.230354385000464,8969,8969,0.000586148937620226,0.000293074468810125
0.274664316363375,0.229819346692518,8970,8970,0.000586148937620226,0.0002930744688101
0.274903700126617,0.230354385000464,8971,8971,0.000586148937620226,0.000293074468810125
0.274664316363375,0.229819346692518,8972,8972,0.000586148937620226,0.0002930744688101
0.274903700126617,0.230354385000464,8973,8973,0.000586148937620226,0.000293074468810125
0.274664316363375,0.229819346692518,8974,8974,0.000586148937620226,0.0002930744688101
0.274903700126617,0.230354385000464,8975,8975,0.000586148937620226,0.000293074468810125
0.274664316363375,0.229819346692518,8976,8976,0.000586148937620226,0.0002930744688101
0.274903700126617,0.230354385000464,8977,8977,0.000586148937620226,0.000293074468810125
0.274664316363375,0.229819346692518,8978,8978,0.000586148937620226,0.0002930744688101
0.274903700126617,0.230354385000464,8979,8979,0.000586148937620226,0.000293074468810125
0.274664316363375,0.229819346692518,8980,8980,0.000586148937620226,0.0002930744688101
0.274903700126617,0.230354385000464,8981,8981,0.000586148937620226,0.000293074468810125
0.274664316363375,0.229819346692518,8982,8982,0.000586148937620226,0.0002930744688101
0.274903700126617,0.230354385000464,8983,8983,0.000586148937620226,0.000293074468810125
0.274664316363375,0.229819346692518,8984,8984,0.000586148937620226,0.0002930744688101
0.274903700126617,0.230354385000464,8985,8985,0.000586148937620226,0.000293074468810125
0.274664316363375,0.229819346692518,8986,8986,0.000586148937620226,0.0002930744688101
0.274903700126617,0.230354385000464,8987,8987,0.000586148937620226,0.000293074468810125
0.274664316363375,0.229819346692518,8988,8988,0.000586148937620226,0.0002930744688101
0.274903700126617,0.230354385000464,8989,8989,0.000586148937620226,0.000293074468810125
0.274664316363375,0.229819346692518,8990,8990,0.000586148937620226,0.0002930744688101
0.274903700126617,0.230354385000464,8991,8991,0.000586148937620226,0.000293074468810125
0.274664316363375,0.229819346692518,8992,8992,0.000586148937620226,0.0002930744688101
0.274903700126617,0.230354385000464,8993,8993,0.000586148937620226,0.000293074468810125
0.274664316363375,0.229819346692518,8994,8994,0.000586148937620226,0.0002930744688101
0.274903700126617,0.230354385000464,8995,8995,0.000586148937620226,0.000293074468810125
0.274664316363375,0.229819346692518,8996,8996,0.000586148937620226,0.0002930744688101
0.274903700126617,0.230354385000464,8997,8997,0.000586148937620226,0.000293074468810125
0.274664316363375,0.229819346692518,8998,8998,0.000586148937620226,0.0002930744688101
0.274903700126617,0.230354385000464,8999,8999,0.000586148937620226,0.000293074468810125
0.274664316363375,0.229819346692518,9000,9000,0.000586148937620226,0.0002930744688101
0.274903700126617,0.230354385000464,9001,9001,0.000586148937620226,0.000293074468810125
0.274664316363375,0.229819346692518,9002,9002,0.000586148937620226,0.0002930744688101
0.274903700126617,0.230354385000464,9003,9003,0.000586148937620226,0.000293074468810125
0.274664316363375,0.229819346692518,9004,9004,0.000586148937620226,0.0002930744688101
0.274903700126617,0.230354385000464,9005,9005,0.000586148937620226,0.000293074468810125
0.274664316363375,0.229819346692518,9006,9006,0.000586148937620226,0.0002930744688101
0.274903700126617,0.230354385000464,9007,9007,0.000586148937620226,0.000293074468810125
0.274664316363375,0.229819346692518,9008,9008,0.000586148937620226,0.0002930744688101
0.274903700126617,0.230354385000464,9009,9009,0.000586148937620226,0.000293074468810125
0.274664316363375,0.229819346692518,9010,9010,0.000586148937620226,0.0002930744688101
0.274903700126617,0.230354385000464,9011,9011,0.000586148937620226,0.000293074468810125
0.274664316363375,0.229819346692518,9012,9012,0.000586148937620226,0.0002930744688101
0.274903700126617,0.230354385000464,9013,9013,0.000586148937620226,0.000293074468810125
0.274664316363375,0.229819346692518,9014,9014,0.000586148937620226,0.0002930744688101
0.274903700126617,0.230354385000464,9015,9015,0.000586148937620226,0.000293074468810125
0.274664316363375,0.229819346692518,9016,9016,0.000586148937620226,0.0002930744688101
0.274903700126617,0.230354385000464,9017,9017,0.000586148937620226,0.000293074468810125
0.274664316363375,0.229819346692518,9018,9018,0.000586148937620226,0.0002930744688101
0.274903700126617,0.230354385000464,9019,9019,0.000586148937620226,0.000293074468810125
0.274664316363375,0.229819346692518,9020,9020,0.000586148937620226,0.0002930744688101
0.274903700126617,0.230354385000464,9021,9021,0.000586148937620226,0.000293074468810125
0.274664316363375,0.229819346692518,9022,9022,0.000586148937620226,0.0002930744688101
0.274903700126617,0.230354385000464,9023,9023,0.000586148937620226,0.000293074468810125
0.274664316363375,0.229819346692518,9024,9024,0.000586148937620226,0.0002930744688101
0.274903700126617,0.230354385000464,9025,9025,0.000586148937620226,0.000293074468810125
0.274664316363375,0.229819346692518,9026,9026,0.000586148937620226,0.0002930744688101
0.274903700126617,0.230354385000464,9027,9027,0.000586148937620226,0.000293074468810125
0.274664316363375,0.229819346692518,9028,9028,0.000586148937620226,0.0002930744688101
0.274903700126617,0.230354385000464,9029,9029,0.000586148937620226,0.000293074468810125
0.274664316363375,0.229819346692518,9030,9030,0.000586148937620226,0.0002930744688101
0.274903700126617,0.230354385000464,9031,9031,0.000586148937620226,0.000293074468810125
0.274664316363375,0.229819346692518,9032,9032,0.000586148937620226,0.0002930744688101
0.274903700126617,0.230354385000464,9033,9033,0.000586148937620226,0.000293074468810125
0.274664316363375,0.229819346692518,9034,9034,0.000586148937620226,0.0002930744688101
0.274903700126617,0.230354385000464,9035,9035,0.000586148937620226,0.000293074468810125
0.274664316363375,0.229819346692518,9036,9036,0.000586148937620226,0.0002930744688101
0.274903700126617,0.230354385000464,9037,9037,0.000586148937620226,0.000293074468810125
0.274664316363375,0.229819346692518,9038,9038,0.000586148937620226,0.0002930744688101
0.274903700126617,0.230354385000464,9039,9039,0.000586148937620226,0.000293074468810125
0.274664316363375,0.229819346692518,9040,9040,0.000586148937620226,0.0002930744688101
0.274903700126617,0.230354385000464,9041,9041,0.000586148937620226,0.000293074468810125
0.274664316363375,0.229819346692518,9042,9042,0.000586148937620226,0.0002930744688101
0.274903700126617,0.230354385000464,9043,9043,0.000586148937620226,0.000293074468810125
0.274664316363375,0.229819346692518,9044,9044,0.000586148937620226,0.0002930744688101
0.274903700126617,0.230354385000464,9045,9045,0.000586148937620226,0.000293074468810125
0.274664316363375,0.229819346692518,9046,9046,0.000586148937620226,0.0002930744688101
0.274903700126617,0.230354385000464,9047,9047,0.000586148937620226,0.000293074468810125
0.274664316363375,0.229819346692518,9048,9048,0.000586148937620226,0.0002930744688101
0.274903700126617,0.230354385000464,9049,9049,0.000586148937620226,0.000293074468810125
0.274664316363375,0.229819346692518,9050,9050,0.000586148937620226,0.0002930744688101
0.274903700126617,0.230354385000464,9051,9051,0.000586148937620226,0.000293074468810125
0.274664316363375,0.229819346692518,9052,9052,0.000586148937620226,0.0002930744688101
0.274903700126617,0.230354385000464,9053,9053,0.000586148937620226,0.000293074468810125
0.274664316363375,0.229819346692518,9054,9054,0.000586148937620226,0.0002930744688101
0.274903700126617,0.230354385000464,9055,9055,0.000586148937620226,0.000293074468810125
0.274664316363375,0.229819346692518,9056,9056,0.000586148937620226,0.0002930744688101
0.274903700126617,0.230354385000464,9057,9057,0.000586148937620226,0.000293074468810125
0.274664316363375,0.229819346692518,9058,9058,0.000586148937620226,0.0002930744688101
0.274903700126617,0.230354385000464,9059,9059,0.000586148937620226,0.000293074468810125
0.274664316363375,0.229819346692518,9060,9060,0.000586148937620226,0.0002930744688101
0.274903700126617,0.230354385000464,9061,9061,0.000586148937620226,0.000293074468810125
0.274664316363375,0.229819346692518,9062,9062,0.000586148937620226,0.0002930744688101
0.274903700126617,0.230354385000464,9063,9063,0.000586148937620226,0.000293074468810125
0.274664316363375,0.229819346692518,9064,9064,0.000586148937620226,0.0002930744688101
0.274903700126617,0.230354385000464,9065,9065,0.000586148937620226,0.000293074468810125
0.274664316363375,0.229819346692518,9066,9066,0.000586148937620226,0.0002930744688101
0.274903700126617,0.230354385000464,9067,9067,0.000586148937620226,0.000293074468810125
0.274664316363375,0.229819346692518,9068,9068,0.000586148937620226,0.0002930744688101
0.274903700126617,0.230354385000464,9069,9069,0.000586148937620226,0.000293074468810125
0.274664316363375,0.229819346692518,9070,9070,0.000586148937620226,0.0002930744688101
0.274903700126617,0.230354385000464,9071,9071,0.000586148937620226,0.000293074468810125
0.274664316363375,0.229819346692518,9072,9072,0.000586148937620226,0.0002930744688101
0.274903700126617,0.230354385000464,9073,9073,0.000586148937620226,0.000293074468810125
0.274664316363375,0.229819346692518,9074,9074,0.000586148937620226,0.0002930744688101
0.274903700126617,0.230354385000464,9075,9075,0.000586148937620226,0.000293074468810125
0.274664316363375,0.229819346692518,9076,9076,0.000586148937620226,0.0002930744688101
0.274903700126617,0.230354385000464,9077,9077,0.000586148937620226,0.000293074468810125
0.274664316363375,0.229819346692518,9078,9078,0.000586148937620226,0.0002930744688101
0.274903700126617,0.230354385000464,9079,9079,0.000586148937620226,0.000293074468810125
0.274664316363375,0.229819346692518,9080,9080,0.000586148937620226,0.0002930744688101
0.274903700126617,0.230354385000464,9081,9081,0.000586148937620226,0.000293074468810125
0.274664316363375,0.229819346692518,9082,9082,0.000586148937620226,0.0002930744688101
0.274903700126617,0.230354385000464,9083,9083,0.000586148937620226,0.000293074468810125
0.274664316363375,0.229819346692518,9084,9084,0.000586148937620226,0.0002930744688101
0.274903700126617,0.230354385000464,9085,9085,0.000586148937620226,0.000293074468810125
0.274664316363375,0.229819346692518,9086,9086,0.000586148937620226,0.0002930744688101
0.274903700126617,0.230354385000464,9087,9087,0.000586148937620226,0.000293074468810125
0.274664316363375,0.229819346692518,9088,9088,0.000586148937620226,0.0002930744688101
0.274903700126617,0.230354385000464,9089,9089,0.000586148937620226,0.000293074468810125
0.274664316363375,0.229819346692518,9090,9090,0.000586148937620226,0.0002930744688101
0.274903700126617,0.230354385000464,9091,9091,0.000586148937620226,0.000293074468810125
0.274664316363375,0.229819346692518,9092,9092,0.000586148937620226,0.0002930744688101
0.274903700126617,0.230354385000464,9093,9093,0.000586148937620226,0.000293074468810125
0.274664316363375,0.229819346692518,9094,9094,0.000586148937620226,0.0002930744688101
0.274903700126617,0.230354385000464,9095,9095,0.000586148937620226,0.000293074468810125
0.274664316363375,0.229819346692518,9096,9096,0.000586148937620226,0.0002930744688101
0.274903700126617,0.230354385000464,9097,9097,0.000586148937620226,0.000293074468810125
0.274664316363375,0.229819346692518,9098,9098,0.000586148937620226,0.0002930744688101
0.274903700126617,0.230354385000464,9099,9099,0.000586148937620226,0.000293074468810125
0.274664316363375,0.229819346692518,9100,9100,0.000586148937620226,0.0002930744688101
0.274903700126617,0.230354385000464,9101,9101,0.000586148937620226,0.000293074468810125
0.274664316363375,0.229819346692518,9102,9102,0.000586148937620226,0.0002930744688101
0.274903700126617,0.230354385000464,9103,9103,0.000586148937620226,0.000293074468810125
0.274664316363375,0.229819346692518,9104,9104,0.000586148937620226,0.0002930744688101
0.274903700126617,0.230354385000464,9105,9105,0.000586148937620226,0.000293074468810125
0.274664316363375,0.229819346692518,9106,9106,0.000586148937620226,0.0002930744688101
0.274903700126617,0.230354385000464,9107,9107,0.000586148937620226,0.000293074468810125
0.274664316363375,0.229819346692518,9108,9108,0.000586148937620226,0.0002930744688101
0.274903700126617,0.230354385000464,9109,9109,0.000586148937620226,0.000293074468810125
0.274664316363375,0.229819346692518,9110,9110,0.000586148937620226,0.0002930744688101
0.274903700126617,0.230354385000464,9111,9111,0.000586148937620226,0.000293074468810125
0.274664316363375,0.229819346692518,9112,9112,0.000586148937620226,0.0002930744688101
0.274903700126617,0.230354385000464,9113,9113,0.000586148937620226,0.000293074468810125
0.274664316363375,0.229819346692518,9114,9114,0.000586148937620226,0.0002930744688101
0.274903700126617,0.230354385000464,9115,9115,0.000586148937620226,0.000293074468810125
0.274664316363375,0.229819346692518,9116,9116,0.000586148937620226,0.0002930744688101
0.274903700126617,0.230354385000464,9117,9117,0.000586148937620226,0.000293074468810125
0.274664316363375,0.229819346692518,9118,9118,0.000586148937620226,0.0002930744688101
0.274903700126617,0.230354385000464,9119,9119,0.000586148937620226,0.000293074468810125
0.274664316363375,0.229819346692518,9120,9120,0.000586148937620226,0.0002930744688101
0.274903700126617,0.230354385000464,9121,9121,0.000586148937620226,0.000293074468810125
0.274664316363375,0.229819346692518,9122,9122,0.000586148937620226,0.0002930744688101
0.274903700126617,0.230354385000464,9123,9123,0.000586148937620226,0.000293074468810125
0.274664316363375,0.229819346692518,9124,9124,0.000586148937620226,0.0002930744688101
0.274903700126617,0.230354385000464,9125,9125,0.000586148937620226,0.000293074468810125
0.274664316363375,0.229819346692518,9126,9126,0.000586148937620226,0.0002930744688101
0.274903700126617,0.230354385000464,9127,9127,0.000586148937620226,0.000293074468810125
0.274664316363375,0.229819346692518,9128,9128,0.000586148937620226,0.0002930744688101
0.274903700126617,0.230354385000464,9129,9129,0.000586148937620226,0.000293074468810125
0.274664316363375,0.229819346692518,9130,9130,0.000586148937620226,0.0002930744688101
0.274903700126617,0.230354385000464,9131,9131,0.000586148937620226,0.000293074468810125
0.274664316363375,0.229819346692518,9132,9132,0.000586148937620226,0.0002930744688101
0.274903700126617,0.230354385000464,9133,9133,0.000586148937620226,0.000293074468810125
0.274664316363375,0.229819346692518,9134,9134,0.000586148937620226,0.0002930744688101
0.274903700126617,0.230354385000464,9135,9135,0.000586148937620226,0.000293074468810125
0.274664316363375,0.229819346692518,9136,9136,0.000586148937620226,0.0002930744688101
0.274903700126617,0.230354385000464,9137,9137,0.000586148937620226,0.000293074468810125
0.274664316363375,0.229819346692518,9138,9138,0.000586148937620226,0.0002930744688101
0.274903700126617,0.230354385000464,9139,9139,0.000586148937620226,0.000293074468810125
0.274664316363375,0.229819346692518,9140,9140,0.000586148937620226,0.0002930744688101
0.274903700126617,0.230354385000464,9141,9141,0.000586148937620226,0.000293074468810125
0.274664316363375,0.229819346692518,9142,9142,0.000586148937620226,0.0002930744688101
0.274903700126617,0.230354385000464,9143,9143,0.000586148937620226,0.000293074468810125
0.274664316363375,0.229819346692518,9144,9144,0.000586148937620226,0.0002930744688101
0.274903700126617,0.230354385000464,9145,9145,0.000586148937620226,0.000293074468810125
0.274664316363375,0.229819346692518,9146,9146,0.000586148937620226,0.0002930744688101
0.274903700126617,0.230354385000464,9147,9147,0.000586148937620226,0.000293074468810125
0.274664316363375,0.229819346692518,9148,9148,0.000586148937620226,0.0002930744688101
0.274903700126617,0.230354385000464,9149,9149,0.000586148937620226,0.000293074468810125
0.274664316363375,0.229819346692518,9150,9150,0.000586148937620226,0.0002930744688101
0.274903700126617,0.230354385000464,9151,9151,0.000586148937620226,0.000293074468810125
0.274664316363375,0.229819346692518,9152,9152,0.000586148937620226,0.0002930744688101
0.274903700126617,0.230354385000464,9153,9153,0.000586148937620226,0.000293074468810125
0.274664316363375,0.229819346692518,9154,9154,0.000586148937620226,0.0002930744688101
0.274903700126617,0.230354385000464,9155,9155,0.000586148937620226,0.000293074468810125
0.274664316363375,0.229819346692518,9156,9156,0.000586148937620226,0.0002930744688101
0.274903700126617,0.230354385000464,9157,9157,0.000586148937620226,0.000293074468810125
0.274664316363375,0.229819346692518,9158,9158,0.000586148937620226,0.0002930744688101
0.274903700126617,0.230354385000464,9159,9159,0.000586148937620226,0.000293074468810125
0.274664316363375,0.229819346692518,9160,9160,0.000586148937620226,0.0002930744688101
0.274903700126617,0.230354385000464,9161,9161,0.000586148937620226,0.000293074468810125
0.274664316363375,0.229819346692518,9162,9162,0.000586148937620226,0.0002930744688101
0.274903700126617,0.230354385000464,9163,9163,0.000586148937620226,0.000293074468810125
0.274664316363375,0.229819346692518,9164,9164,0.000586148937620226,0.0002930744688101
0.274903700126617,0.230354385000464,9165,9165,0.000586148937620226,0.000293074468810125
0.274664316363375,0.229819346692518,9166,9166,0.000586148937620226,0.0002930744688101
0.274903700126617,0.230354385000464,9167,9167,0.000586148937620226,0.000293074468810125
0.274664316363375,0.229819346692518,9168,9168,0.000586148937620226,0.0002930744688101
0.274903700126617,0.230354385000464,9169,9169,0.000586148937620226,0.000293074468810125
0.274664316363375,0.229819346692518,9170,9170,0.000586148937620226,0.0002930744688101
0.274903700126617,0.230354385000464,9171,9171,0.000586148937620226,0.000293074468810125
0.274664316363375,0.229819346692518,9172,9172,0.000586148937620226,0.0002930744688101
0.274903700126617,0.230354385000464,9173,9173,0.000586148937620226,0.000293074468810125
0.274664316363375,0.229819346692518,9174,9174,0.000586148937620226,0.0002930744688101
0.274903700126617,0.230354385000464,9175,9175,0.000586148937620226,0.000293074468810125
0.274664316363375,0.229819346692518,9176,9176,0.000586148937620226,0.0002930744688101
0.274903700126617,0.230354385000464,9177,9177,0.000586148937620226,0.000293074468810125
0.274664316363375,0.229819346692518,9178,9178,0.000586148937620226,0.0002930744688101
0.274903700126617,0.230354385000464,9179,9179,0.000586148937620226,0.000293074468810125
0.274664316363375,0.229819346692518,9180,9180,0.000586148937620226,0.0002930744688101
0.274903700126617,0.230354385000464,9181,9181,0.000586148937620226,0.000293074468810125
0.274664316363375,0.229819346692518,9182,9182,0.000586148937620226,0.0002930744688101
0.274903700126617,0.230354385000464,9183,9183,0.000586148937620226,0.000293074468810125
0.274664316363375,0.229819346692518,9184,9184,0.000586148937620226,0.0002930744688101
0.274903700126617,0.230354385000464,9185,9185,0.000586148937620226,0.000293074468810125
0.274664316363375,0.229819346692518,9186,9186,0.000586148937620226,0.0002930744688101
0.274903700126617,0.230354385000464,9187,9187,0.000586148937620226,0.000293074468810125
0.274664316363375,0.229819346692518,9188,9188,0.000586148937620226,0.0002930744688101
0.274903700126617,0.230354385000464,9189,9189,0.000586148937620226,0.000293074468810125
0.274664316363375,0.229819346692518,9190,9190,0.000586148937620226,0.0002930744688101
0.274903700126617,0.230354385000464,9191,9191,0.000586148937620226,0.000293074468810125
0.274664316363375,0.229819346692518,9192,9192,0.000586148937620226,0.0002930744688101
0.274903700126617,0.230354385000464,9193,9193,0.000586148937620226,0.000293074468810125
0.274664316363375,0.229819346692518,9194,9194,0.000586148937620226,0.0002930744688101
0.274903700126617,0.230354385000464,9195,9195,0.000586148937620226,0.000293074468810125
0.274664316363375,0.229819346692518,9196,9196,0.000586148937620226,0.0002930744688101
0.274903700126617,0.230354385000464,9197,9197,0.000586148937620226,0.000293074468810125
0.274664316363375,0.229819346692518,9198,9198,0.000586148937620226,0.0002930744688101
0.274903700126617,0.230354385000464,9199,9199,0.000586148937620226,0.000293074468810125
0.274664316363375,0.229819346692518,9200,9200,0.000586148937620226,0.0002930744688101
0.274903700126617,0.230354385000464,9201,9201,0.000586148937620226,0.000293074468810125
0.274664316363375,0.229819346692518,9202,9202,0.000586148937620226,0.0002930744688101
0.274903700126617,0.230354385000464,9203,9203,0.000586148937620226,0.000293074468810125
0.274664316363375,0.229819346692518,9204,9204,0.000586148937620226,0.0002930744688101
0.274903700126617,0.230354385000464,9205,9205,0.000586148937620226,0.000293074468810125
0.274664316363375,0.229819346692518,9206,9206,0.000586148937620226,0.0002930744688101
0.274903700126617,0.230354385000464,9207,9207,0.000586148937620226,0.000293074468810125
0.274664316363375,0.229819346692518,9208,9208,0.000586148937620226,0.0002930744688101
0.274903700126617,0.230354385000464,9209,9209,0.000586148937620226,0.000293074468810125
0.274664316363375,0.229819346692518,9210,9210,0.000586148937620226,0.0002930744688101
0.274903700126617,0.230354385000464,9211,9211,0.000586148937620226,0.000293074468810125
0.274664316363375,0.229819346692518,9212,9212,0.000586148937620226,0.0002930744688101
0.274903700126617,0.230354385000464,9213,9213,0.000586148937620226,0.000293074468810125
0.274664316363375,0.229819346692518,9214,9214,0.000586148937620226,0.0002930744688101
0.274903700126617,0.230354385000464,9215,9215,0.000586148937620226,0.000293074468810125
0.274664316363375,0.229819346692518,9216,9216,0.000586148937620226,0.0002930744688101
0.274903700126617,0.230354385000464,9217,9217,0.000586148937620226,0.000293074468810125
0.274664316363375,0.229819346692518,9218,9218,0.000586148937620226,0.0002930744688101
0.274903700126617,0.230354385000464,9219,9219,0.000586148937620226,0.000293074468810125
0.274664316363375,0.229819346692518,9220,9220,0.000586148937620226,0.0002930744688101
0.274903700126617,0.230354385000464,9221,9221,0.000586148937620226,0.000293074468810125
0.274664316363375,0.229819346692518,9222,9222,0.000586148937620226,0.0002930744688101
0.274903700126617,0.230354385000464,9223,9223,0.000586148937620226,0.000293074468810125
0.274664316363375,0.229819346692518,9224,9224,0.000586148937620226,0.0002930744688101
0.274903700126617,0.230354385000464,9225,9225,0.000586148937620226,0.000293074468810125
0.274664316363375,0.229819346692518,9226,9226,0.000586148937620226,0.0002930744688101
0.274903700126617,0.230354385000464,9227,9227,0.000586148937620226,0.000293074468810125
0.274664316363375,0.229819346692518,9228,9228,0.000586148937620226,0.0002930744688101
0.274903700126617,0.230354385000464,9229,9229,0.000586148937620226,0.000293074468810125
0.274664316363375,0.229819346692518,9230,9230,0.000586148937620226,0.0002930744688101
0.274903700126617,0.230354385000464,9231,9231,0.000586148937620226,0.000293074468810125
0.274664316363375,0.229819346692518,9232,9232,0.000586148937620226,0.0002930744688101
0.274903700126617,0.230354385000464,9233,9233,0.000586148937620226,0.000293074468810125
0.274664316363375,0.229819346692518,9234,9234,0.000586148937620226,0.0002930744688101
0.274903700126617,0.230354385000464,9235,9235,0.000586148937620226,0.000293074468810125
0.274664316363375,0.229819346692518,9236,9236,0.000586148937620226,0.0002930744688101
0.274903700126617,0.230354385000464,9237,9237,0.000586148937620226,0.000293074468810125
0.274664316363375,0.229819346692518,9238,9238,0.000586148937620226,0.0002930744688101
0.274903700126617,0.230354385000464,9239,9239,0.000586148937620226,0.000293074468810125
0.274664316363375,0.229819346692518,9240,9240,0.000586148937620226,0.0002930744688101
0.274903700126617,0.230354385000464,9241,9241,0.000586148937620226,0.000293074468810125
0.274664316363375,0.229819346692518,9242,9242,0.000586148937620226,0.0002930744688101
0.274903700126617,0.230354385000464,9243,9243,0.000586148937620226,0.000293074468810125
0.274664316363375,0.229819346692518,9244,9244,0.000586148937620226,0.0002930744688101
0.274903700126617,0.230354385000464,9245,9245,0.000586148937620226,0.000293074468810125
0.274664316363375,0.229819346692518,9246,9246,0.000586148937620226,0.0002930744688101
0.274903700126617,0.230354385000464,9247,9247,0.000586148937620226,0.000293074468810125
0.274664316363375,0.229819346692518,9248,9248,0.000586148937620226,0.0002930744688101
0.274903700126617,0.230354385000464,9249,9249,0.000586148937620226,0.000293074468810125
0.274664316363375,0.229819346692518,9250,9250,0.000586148937620226,0.0002930744688101
0.274903700126617,0.230354385000464,9251,9251,0.000586148937620226,0.000293074468810125
0.274664316363375,0.229819346692518,9252,9252,0.000586148937620226,0.0002930744688101
0.274903700126617,0.230354385000464,9253,9253,0.000586148937620226,0.000293074468810125
0.274664316363375,0.229819346692518,9254,9254,0.000586148937620226,0.0002930744688101
0.274903700126617,0.230354385000464,9255,9255,0.000586148937620226,0.000293074468810125
0.274664316363375,0.229819346692518,9256,9256,0.000586148937620226,0.0002930744688101
0.274903700126617,0.230354385000464,9257,9257,0.000586148937620226,0.000293074468810125
0.274664316363375,0.229819346692518,9258,9258,0.000586148937620226,0.0002930744688101
0.274903700126617,0.230354385000464,9259,9259,0.000586148937620226,0.000293074468810125
0.274664316363375,0.229819346692518,9260,9260,0.000586148937620226,0.0002930744688101
0.274903700126617,0.230354385000464,9261,9261,0.000586148937620226,0.000293074468810125
0.274664316363375,0.229819346692518,9262,9262,0.000586148937620226,0.0002930744688101
0.274903700126617,0.230354385000464,9263,9263,0.000586148937620226,0.000293074468810125
0.274664316363375,0.229819346692518,9264,9264,0.000586148937620226,0.0002930744688101
0.274903700126617,0.230354385000464,9265,9265,0.000586148937620226,0.000293074468810125
0.274664316363375,0.229819346692518,9266,9266,0.000586148937620226,0.0002930744688101
0.274903700126617,0.230354385000464,9267,9267,0.000586148937620226,0.000293074468810125
0.274664316363375,0.229819346692518,9268,9268,0.000586148937620226,0.0002930744688101
0.274903700126617,0.230354385000464,9269,9269,0.000586148937620226,0.000293074468810125
0.274664316363375,0.229819346692518,9270,9270,0.000586148937620226,0.0002930744688101
0.274903700126617,0.230354385000464,9271,9271,0.000586148937620226,0.000293074468810125
0.274664316363375,0.229819346692518,9272,9272,0.000586148937620226,0.0002930744688101
0.274903700126617,0.230354385000464,9273,9273,0.000586148937620226,0.000293074468810125
0.274664316363375,0.229819346692518,9274,9274,0.000586148937620226,0.0002930744688101
0.274903700126617,0.230354385000464,9275,9275,0.000586148937620226,0.000293074468810125
0.274664316363375,0.229819346692518,9276,9276,0.000586148937620226,0.0002930744688101
0.274903700126617,0.230354385000464,9277,9277,0.000586148937620226,0.000293074468810125
0.274664316363375,0.229819346692518,9278,9278,0.000586148937620226,0.0002930744688101
0.274903700126617,0.230354385000464,9279,9279,0.000586148937620226,0.000293074468810125
0.274664316363375,0.229819346692518,9280,9280,0.000586148937620226,0.0002930744688101
0.274903700126617,0.230354385000464,9281,9281,0.000586148937620226,0.000293074468810125
0.274664316363375,0.229819346692518,9282,9282,0.000586148937620226,0.0002930744688101
0.274903700126617,0.230354385000464,9283,9283,0.000586148937620226,0.000293074468810125
0.274664316363375,0.229819346692518,9284,9284,0.000586148937620226,0.0002930744688101
0.274903700126617,0.230354385000464,9285,9285,0.000586148937620226,0.000293074468810125
0.274664316363375,0.229819346692518,9286,9286,0.000586148937620226,0.0002930744688101
0.274903700126617,0.230354385000464,9287,9287,0.000586148937620226,0.000293074468810125
0.274664316363375,0.229819346692518,9288,9288,0.000586148937620226,0.0002930744688101
0.274903700126617,0.230354385000464,9289,9289,0.000586148937620226,0.000293074468810125
0.274664316363375,0.229819346692518,9290,9290,0.000586148937620226,0.0002930744688101
0.274903700126617,0.230354385000464,9291,9291,0.000586148937620226,0.000293074468810125
0.274664316363375,0.229819346692518,9292,9292,0.000586148937620226,0.0002930744688101
0.274903700126617,0.230354385000464,9293,9293,0.000586148937620226,0.000293074468810125
0.274664316363375,0.229819346692518,9294,9294,0.000586148937620226,0.0002930744688101
0.274903700126617,0.230354385000464,9295,9295,0.000586148937620226,0.000293074468810125
0.274664316363375,0.229819346692518,9296,9296,0.000586148937620226,0.0002930744688101
0.274903700126617,0.230354385000464,9297,9297,0.000586148937620226,0.000293074468810125
0.274664316363375,0.229819346692518,9298,9298,0.000586148937620226,0.0002930744688101
0.274903700126617,0.230354385000464,9299,9299,0.000586148937620226,0.000293074468810125
0.274664316363375,0.229819346692518,9300,9300,0.000586148937620226,0.0002930744688101
0.274903700126617,0.230354385000464,9301,9301,0.000586148937620226,0.000293074468810125
0.274664316363375,0.229819346692518,9302,9302,0.000586148937620226,0.0002930744688101
0.274903700126617,0.230354385000464,9303,9303,0.000586148937620226,0.000293074468810125
0.274664316363375,0.229819346692518,9304,9304,0.000586148937620226,0.0002930744688101
0.274903700126617,0.230354385000464,9305,9305,0.000586148937620226,0.000293074468810125
0.274664316363375,0.229819346692518,9306,9306,0.000586148937620226,0.0002930744688101
0.274903700126617,0.230354385000464,9307,9307,0.000586148937620226,0.000293074468810125
0.274664316363375,0.229819346692518,9308,9308,0.000586148937620226,0.0002930744688101
0.274903700126617,0.230354385000464,9309,9309,0.000586148937620226,0.000293074468810125
0.274664316363375,0.229819346692518,9310,9310,0.000586148937620226,0.0002930744688101
0.274903700126617,0.230354385000464,9311,9311,0.000586148937620226,0.000293074468810125
0.274664316363375,0.229819346692518,9312,9312,0.000586148937620226,0.0002930744688101
0.274903700126617,0.230354385000464,9313,9313,0.000586148937620226,0.000293074468810125
0.274664316363375,0.229819346692518,9314,9314,0.000586148937620226,0.0002930744688101
0.274903700126617,0.230354385000464,9315,9315,0.000586148937620226,0.000293074468810125
0.274664316363375,0.229819346692518,9316,9316,0.000586148937620226,0.0002930744688101
0.274903700126617,0.230354385000464,9317,9317,0.000586148937620226,0.000293074468810125
0.274664316363375,0.229819346692518,9318,9318,0.000586148937620226,0.0002930744688101
0.274903700126617,0.230354385000464,9319,9319,0.000586148937620226,0.000293074468810125
0.274664316363375,0.229819346692518,9320,9320,0.000586148937620226,0.0002930744688101
0.274903700126617,0.230354385000464,9321,9321,0.000586148937620226,0.000293074468810125
0.274664316363375,0.229819346692518,9322,9322,0.000586148937620226,0.0002930744688101
0.274903700126617,0.230354385000464,9323,9323,0.000586148937620226,0.000293074468810125
0.274664316363375,0.229819346692518,9324,9324,0.000586148937620226,0.0002930744688101
0.274903700126617,0.230354385000464,9325,9325,0.000586148937620226,0.000293074468810125
0.274664316363375,0.229819346692518,9326,9326,0.000586148937620226,0.0002930744688101
0.274903700126617,0.230354385000464,9327,9327,0.000586148937620226,0.000293074468810125
0.274664316363375,0.229819346692518,9328,9328,0.000586148937620226,0.0002930744688101
0.274903700126617,0.230354385000464,9329,9329,0.000586148937620226,0.000293074468810125
0.274664316363375,0.229819346692518,9330,9330,0.000586148937620226,0.0002930744688101
0.274903700126617,0.230354385000464,9331,9331,0.000586148937620226,0.000293074468810125
0.274664316363375,0.229819346692518,9332,9332,0.000586148937620226,0.0002930744688101
0.274903700126617,0.230354385000464,9333,9333,0.000586148937620226,0.000293074468810125
0.274664316363375,0.229819346692518,9334,9334,0.000586148937620226,0.0002930744688101
0.274903700126617,0.230354385000464,9335,9335,0.000586148937620226,0.000293074468810125
0.274664316363375,0.229819346692518,9336,9336,0.000586148937620226,0.0002930744688101
0.274903700126617,0.230354385000464,9337,9337,0.000586148937620226,0.000293074468810125
0.274664316363375,0.229819346692518,9338,9338,0.000586148937620226,0.0002930744688101
0.274903700126617,0.230354385000464,9339,9339,0.000586148937620226,0.000293074468810125
0.274664316363375,0.229819346692518,9340,9340,0.000586148937620226,0.0002930744688101
0.274903700126617,0.230354385000464,9341,9341,0.000586148937620226,0.000293074468810125
0.274664316363375,0.229819346692518,9342,9342,0.000586148937620226,0.0002930744688101
0.274903700126617,0.230354385000464,9343,9343,0.000586148937620226,0.000293074468810125
0.274664316363375,0.229819346692518,9344,9344,0.000586148937620226,0.0002930744688101
0.274903700126617,0.230354385000464,9345,9345,0.000586148937620226,0.000293074468810125
0.274664316363375,0.229819346692518,9346,9346,0.000586148937620226,0.0002930744688101
0.274903700126617,0.230354385000464,9347,9347,0.000586148937620226,0.000293074468810125
0.274664316363375,0.229819346692518,9348,9348,0.000586148937620226,0.0002930744688101
0.274903700126617,0.230354385000464,9349,9349,0.000586148937620226,0.000293074468810125
0.274664316363375,0.229819346692518,9350,9350,0.000586148937620226,0.0002930744688101
0.274903700126617,0.230354385000464,9351,9351,0.000586148937620226,0.000293074468810125
0.274664316363375,0.229819346692518,9352,9352,0.000586148937620226,0.0002930744688101
0.274903700126617,0.230354385000464,9353,9353,0.000586148937620226,0.000293074468810125
0.274664316363375,0.229819346692518,9354,9354,0.000586148937620226,0.0002930744688101
0.274903700126617,0.230354385000464,9355,9355,0.000586148937620226,0.000293074468810125
0.274664316363375,0.229819346692518,9356,9356,0.000586148937620226,0.0002930744688101
0.274903700126617,0.230354385000464,9357,9357,0.000586148937620226,0.000293074468810125
0.274664316363375,0.229819346692518,9358,9358,0.000586148937620226,0.0002930744688101
0.274903700126617,0.230354385000464,9359,9359,0.000586148937620226,0.000293074468810125
0.274664316363375,0.229819346692518,9360,9360,0.000586148937620226,0.0002930744688101
0.274903700126617,0.230354385000464,9361,9361,0.000586148937620226,0.000293074468810125
0.274664316363375,0.229819346692518,9362,9362,0.000586148937620226,0.0002930744688101
0.274903700126617,0.230354385000464,9363,9363,0.000586148937620226,0.000293074468810125
0.274664316363375,0.229819346692518,9364,9364,0.000586148937620226,0.0002930744688101
0.274903700126617,0.230354385000464,9365,9365,0.000586148937620226,0.000293074468810125
0.274664316363375,0.229819346692518,9366,9366,0.000586148937620226,0.0002930744688101
0.274903700126617,0.230354385000464,9367,9367,0.000586148937620226,0.000293074468810125
0.274664316363375,0.229819346692518,9368,9368,0.000586148937620226,0.0002930744688101
0.274903700126617,0.230354385000464,9369,9369,0.000586148937620226,0.000293074468810125
0.274664316363375,0.229819346692518,9370,9370,0.000586148937620226,0.0002930744688101
0.274903700126617,0.230354385000464,9371,9371,0.000586148937620226,0.000293074468810125
0.274664316363375,0.229819346692518,9372,9372,0.000586148937620226,0.0002930744688101
0.274903700126617,0.230354385000464,9373,9373,0.000586148937620226,0.000293074468810125
0.274664316363375,0.229819346692518,9374,9374,0.000586148937620226,0.0002930744688101
0.274903700126617,0.230354385000464,9375,9375,0.000586148937620226,0.000293074468810125
0.274664316363375,0.229819346692518,9376,9376,0.000586148937620226,0.0002930744688101
0.274903700126617,0.230354385000464,9377,9377,0.000586148937620226,0.000293074468810125
0.274664316363375,0.229819346692518,9378,9378,0.000586148937620226,0.0002930744688101
0.274903700126617,0.230354385000464,9379,9379,0.000586148937620226,0.000293074468810125
0.274664316363375,0.229819346692518,9380,9380,0.000586148937620226,0.0002930744688101
0.274903700126617,0.230354385000464,9381,9381,0.000586148937620226,0.000293074468810125
0.274664316363375,0.229819346692518,9382,9382,0.000586148937620226,0.0002930744688101
0.274903700126617,0.230354385000464,9383,9383,0.000586148937620226,0.000293074468810125
0.274664316363375,0.229819346692518,9384,9384,0.000586148937620226,0.0002930744688101
0.274903700126617,0.230354385000464,9385,9385,0.000586148937620226,0.000293074468810125
0.274664316363375,0.229819346692518,9386,9386,0.000586148937620226,0.0002930744688101
0.274903700126617,0.230354385000464,9387,9387,0.000586148937620226,0.000293074468810125
0.274664316363375,0.229819346692518,9388,9388,0.000586148937620226,0.0002930744688101
0.274903700126617,0.230354385000464,9389,9389,0.000586148937620226,0.000293074468810125
0.274664316363375,0.229819346692518,9390,9390,0.000586148937620226,0.0002930744688101
0.274903700126617,0.230354385000464,9391,9391,0.000586148937620226,0.000293074468810125
0.274664316363375,0.229819346692518,9392,9392,0.000586148937620226,0.0002930744688101
0.274903700126617,0.230354385000464,9393,9393,0.000586148937620226,0.000293074468810125
0.274664316363375,0.229819346692518,9394,9394,0.000586148937620226,0.0002930744688101
0.274903700126617,0.230354385000464,9395,9395,0.000586148937620226,0.000293074468810125
0.274664316363375,0.229819346692518,9396,9396,0.000586148937620226,0.0002930744688101
0.274903700126617,0.230354385000464,9397,9397,0.000586148937620226,0.000293074468810125
0.274664316363375,0.229819346692518,9398,9398,0.000586148937620226,0.0002930744688101
0.274903700126617,0.230354385000464,9399,9399,0.000586148937620226,0.000293074468810125
0.274664316363375,0.229819346692518,9400,9400,0.000586148937620226,0.0002930744688101
0.274903700126617,0.230354385000464,9401,9401,0.000586148937620226,0.000293074468810125
0.274664316363375,0.229819346692518,9402,9402,0.000586148937620226,0.0002930744688101
0.274903700126617,0.230354385000464,9403,9403,0.000586148937620226,0.000293074468810125
0.274664316363375,0.229819346692518,9404,9404,0.000586148937620226,0.0002930744688101
0.274903700126617,0.230354385000464,9405,9405,0.000586148937620226,0.000293074468810125
0.274664316363375,0.229819346692518,9406,9406,0.000586148937620226,0.0002930744688101
0.274903700126617,0.230354385000464,9407,9407,0.000586148937620226,0.000293074468810125
0.274664316363375,0.229819346692518,9408,9408,0.000586148937620226,0.0002930744688101
0.274903700126617,0.230354385000464,9409,9409,0.000586148937620226,0.000293074468810125
0.274664316363375,0.229819346692518,9410,9410,0.000586148937620226,0.0002930744688101
0.274903700126617,0.230354385000464,9411,9411,0.000586148937620226,0.000293074468810125
0.274664316363375,0.229819346692518,9412,9412,0.000586148937620226,0.0002930744688101
0.274903700126617,0.230354385000464,9413,9413,0.000586148937620226,0.000293074468810125
0.274664316363375,0.229819346692518,9414,9414,0.000586148937620226,0.0002930744688101
0.274903700126617,0.230354385000464,9415,9415,0.000586148937620226,0.000293074468810125
0.274664316363375,0.229819346692518,9416,9416,0.000586148937620226,0.0002930744688101
0.274903700126617,0.230354385000464,9417,9417,0.000586148937620226,0.000293074468810125
0.274664316363375,0.229819346692518,9418,9418,0.000586148937620226,0.0002930744688101
0.274903700126617,0.230354385000464,9419,9419,0.000586148937620226,0.000293074468810125
0.274664316363375,0.229819346692518,9420,9420,0.000586148937620226,0.0002930744688101
0.274903700126617,0.230354385000464,9421,9421,0.000586148937620226,0.000293074468810125
0.274664316363375,0.229819346692518,9422,9422,0.000586148937620226,0.0002930744688101
0.274903700126617,0.230354385000464,9423,9423,0.000586148937620226,0.000293074468810125
0.274664316363375,0.229819346692518,9424,9424,0.000586148937620226,0.0002930744688101
0.274903700126617,0.230354385000464,9425,9425,0.000586148937620226,0.000293074468810125
0.274664316363375,0.229819346692518,9426,9426,0.000586148937620226,0.0002930744688101
0.274903700126617,0.230354385000464,9427,9427,0.000586148937620226,0.000293074468810125
0.274664316363375,0.229819346692518,9428,9428,0.000586148937620226,0.0002930744688101
0.274903700126617,0.230354385000464,9429,9429,0.000586148937620226,0.000293074468810125
0.274664316363375,0.229819346692518,9430,9430,0.000586148937620226,0.0002930744688101
0.274903700126617,0.230354385000464,9431,9431,0.000586148937620226,0.000293074468810125
0.274664316363375,0.229819346692518,9432,9432,0.000586148937620226,0.0002930744688101
0.274903700126617,0.230354385000464,9433,9433,0.000586148937620226,0.000293074468810125
0.274664316363375,0.229819346692518,9434,9434,0.000586148937620226,0.0002930744688101
0.274903700126617,0.230354385000464,9435,9435,0.000586148937620226,0.000293074468810125
0.274664316363375,0.229819346692518,9436,9436,0.000586148937620226,0.0002930744688101
0.274903700126617,0.230354385000464,9437,9437,0.000586148937620226,0.000293074468810125
0.274664316363375,0.229819346692518,9438,9438,0.000586148937620226,0.0002930744688101
0.274903700126617,0.230354385000464,9439,9439,0.000586148937620226,0.000293074468810125
0.274664316363375,0.229819346692518,9440,9440,0.000586148937620226,0.0002930744688101
0.274903700126617,0.230354385000464,9441,9441,0.000586148937620226,0.000293074468810125
0.274664316363375,0.229819346692518,9442,9442,0.000586148937620226,0.0002930744688101
0.274903700126617,0.230354385000464,9443,9443,0.000586148937620226,0.000293074468810125
0.274664316363375,0.229819346692518,9444,9444,0.000586148937620226,0.0002930744688101
0.274903700126617,0.230354385000464,9445,9445,0.000586148937620226,0.000293074468810125
0.274664316363375,0.229819346692518,9446,9446,0.000586148937620226,0.0002930744688101
0.274903700126617,0.230354385000464,9447,9447,0.000586148937620226,0.000293074468810125
0.274664316363375,0.229819346692518,9448,9448,0.000586148937620226,0.0002930744688101
0.274903700126617,0.230354385000464,9449,9449,0.000586148937620226,0.000293074468810125
0.274664316363375,0.229819346692518,9450,9450,0.000586148937620226,0.0002930744688101
0.274903700126617,0.230354385000464,9451,9451,0.000586148937620226,0.000293074468810125
0.274664316363375,0.229819346692518,9452,9452,0.000586148937620226,0.0002930744688101
0.274903700126617,0.230354385000464,9453,9453,0.000586148937620226,0.000293074468810125
0.274664316363375,0.229819346692518,9454,9454,0.000586148937620226,0.0002930744688101
0.274903700126617,0.230354385000464,9455,9455,0.000586148937620226,0.000293074468810125
0.274664316363375,0.229819346692518,9456,9456,0.000586148937620226,0.0002930744688101
0.274903700126617,0.230354385000464,9457,9457,0.000586148937620226,0.000293074468810125
0.274664316363375,0.229819346692518,9458,9458,0.000586148937620226,0.0002930744688101
0.274903700126617,0.230354385000464,9459,9459,0.000586148937620226,0.000293074468810125
0.274664316363375,0.229819346692518,9460,9460,0.000586148937620226,0.0002930744688101
0.274903700126617,0.230354385000464,9461,9461,0.000586148937620226,0.000293074468810125
0.274664316363375,0.229819346692518,9462,9462,0.000586148937620226,0.0002930744688101
0.274903700126617,0.230354385000464,9463,9463,0.000586148937620226,0.000293074468810125
0.274664316363375,0.229819346692518,9464,9464,0.000586148937620226,0.0002930744688101
0.274903700126617,0.230354385000464,9465,9465,0.000586148937620226,0.000293074468810125
0.274664316363375,0.229819346692518,9466,9466,0.000586148937620226,0.0002930744688101
0.274903700126617,0.230354385000464,9467,9467,0.000586148937620226,0.000293074468810125
0.274664316363375,0.229819346692518,9468,9468,0.000586148937620226,0.0002930744688101
0.274903700126617,0.230354385000464,9469,9469,0.000586148937620226,0.000293074468810125
0.274664316363375,0.229819346692518,9470,9470,0.000586148937620226,0.0002930744688101
0.274903700126617,0.230354385000464,9471,9471,0.000586148937620226,0.000293074468810125
0.274664316363375,0.229819346692518,9472,9472,0.000586148937620226,0.0002930744688101
0.274903700126617,0.230354385000464,9473,9473,0.000586148937620226,0.000293074468810125
0.274664316363375,0.229819346692518,9474,9474,0.000586148937620226,0.0002930744688101
0.274903700126617,0.230354385000464,9475,9475,0.000586148937620226,0.000293074468810125
0.274664316363375,0.229819346692518,9476,9476,0.000586148937620226,0.0002930744688101
0.274903700126617,0.230354385000464,9477,9477,0.000586148937620226,0.000293074468810125
0.274664316363375,0.229819346692518,9478,9478,0.000586148937620226,0.0002930744688101
0.274903700126617,0.230354385000464,9479,9479,0.000586148937620226,0.000293074468810125
0.274664316363375,0.229819346692518,9480,9480,0.000586148937620226,0.0002930744688101
0.274903700126617,0.230354385000464,9481,9481,0.000586148937620226,0.000293074468810125
0.274664316363375,0.229819346692518,9482,9482,0.000586148937620226,0.0002930744688101
0.274903700126617,0.230354385000464,9483,9483,0.000586148937620226,0.000293074468810125
0.274664316363375,0.229819346692518,9484,9484,0.000586148937620226,0.0002930744688101
0.274903700126617,0.230354385000464,9485,9485,0.000586148937620226,0.000293074468810125
0.274664316363375,0.229819346692518,9486,9486,0.000586148937620226,0.0002930744688101
0.274903700126617,0.230354385000464,9487,9487,0.000586148937620226,0.000293074468810125
0.274664316363375,0.229819346692518,9488,9488,0.000586148937620226,0.0002930744688101
0.274903700126617,0.230354385000464,9489,9489,0.000586148937620226,0.000293074468810125
0.274664316363375,0.229819346692518,9490,9490,0.000586148937620226,0.0002930744688101
0.274903700126617,0.230354385000464,9491,9491,0.000586148937620226,0.000293074468810125
0.274664316363375,0.229819346692518,9492,9492,0.000586148937620226,0.0002930744688101
0.274903700126617,0.230354385000464,9493,9493,0.000586148937620226,0.000293074468810125
0.274664316363375,0.229819346692518,9494,9494,0.000586148937620226,0.0002930744688101
0.274903700126617,0.230354385000464,9495,9495,0.000586148937620226,0.000293074468810125
0.274664316363375,0.229819346692518,9496,9496,0.000586148937620226,0.0002930744688101
0.274903700126617,0.230354385000464,9497,9497,0.000586148937620226,0.000293074468810125
0.274664316363375,0.229819346692518,9498,9498,0.000586148937620226,0.0002930744688101
0.274903700126617,0.230354385000464,9499,9499,0.000586148937620226,0.000293074468810125
0.274664316363375,0.229819346692518,9500,9500,0.000586148937620226,0.0002930744688101
0.274903700126617,0.230354385000464,9501,9501,0.000586148937620226,0.000293074468810125
0.274664316363375,0.229819346692518,9502,9502,0.000586148937620226,0.0002930744688101
0.274903700126617,0.230354385000464,9503,9503,0.000586148937620226,0.000293074468810125
0.274664316363375,0.229819346692518,9504,9504,0.000586148937620226,0.0002930744688101
0.274903700126617,0.230354385000464,9505,9505,0.000586148937620226,0.000293074468810125
0.274664316363375,0.229819346692518,9506,9506,0.000586148937620226,0.0002930744688101
0.274903700126617,0.230354385000464,9507,9507,0.000586148937620226,0.000293074468810125
0.274664316363375,0.229819346692518,9508,9508,0.000586148937620226,0.0002930744688101
0.274903700126617,0.230354385000464,9509,9509,0.000586148937620226,0.000293074468810125
0.274664316363375,0.229819346692518,9510,9510,0.000586148937620226,0.0002930744688101
0.274903700126617,0.230354385000464,9511,9511,0.000586148937620226,0.000293074468810125
0.274664316363375,0.229819346692518,9512,9512,0.000586148937620226,0.0002930744688101
0.274903700126617,0.230354385000464,9513,9513,0.000586148937620226,0.000293074468810125
0.274664316363375,0.229819346692518,9514,9514,0.000586148937620226,0.0002930744688101
0.274903700126617,0.230354385000464,9515,9515,0.000586148937620226,0.000293074468810125
0.274664316363375,0.229819346692518,9516,9516,0.000586148937620226,0.0002930744688101
0.274903700126617,0.230354385000464,9517,9517,0.000586148937620226,0.000293074468810125
0.274664316363375,0.229819346692518,9518,9518,0.000586148937620226,0.0002930744688101
0.274903700126617,0.230354385000464,9519,9519,0.000586148937620226,0.000293074468810125
0.274664316363375,0.229819346692518,9520,9520,0.000586148937620226,0.0002930744688101
0.274903700126617,0.230354385000464,9521,9521,0.000586148937620226,0.000293074468810125
0.274664316363375,0.229819346692518,9522,9522,0.000586148937620226,0.0002930744688101
0.274903700126617,0.230354385000464,9523,9523,0.000586148937620226,0.000293074468810125
0.274664316363375,0.229819346692518,9524,9524,0.000586148937620226,0.0002930744688101
0.274903700126617,0.230354385000464,9525,9525,0.000586148937620226,0.000293074468810125
0.274664316363375,0.229819346692518,9526,9526,0.000586148937620226,0.0002930744688101
0.274903700126617,0.230354385000464,9527,9527,0.000586148937620226,0.000293074468810125
0.274664316363375,0.229819346692518,9528,9528,0.000586148937620226,0.0002930744688101
0.274903700126617,0.230354385000464,9529,9529,0.000586148937620226,0.000293074468810125
0.274664316363375,0.229819346692518,9530,9530,0.000586148937620226,0.0002930744688101
0.274903700126617,0.230354385000464,9531,9531,0.000586148937620226,0.000293074468810125
0.274664316363375,0.229819346692518,9532,9532,0.000586148937620226,0.0002930744688101
0.274903700126617,0.230354385000464,9533,9533,0.000586148937620226,0.000293074468810125
0.274664316363375,0.229819346692518,9534,9534,0.000586148937620226,0.0002930744688101
0.274903700126617,0.230354385000464,9535,9535,0.000586148937620226,0.000293074468810125
0.274664316363375,0.229819346692518,9536,9536,0.000586148937620226,0.0002930744688101
0.274903700126617,0.230354385000464,9537,9537,0.000586148937620226,0.000293074468810125
0.274664316363375,0.229819346692518,9538,9538,0.000586148937620226,0.0002930744688101
0.274903700126617,0.230354385000464,9539,9539,0.000586148937620226,0.000293074468810125
0.274664316363375,0.229819346692518,9540,9540,0.000586148937620226,0.0002930744688101
0.274903700126617,0.230354385000464,9541,9541,0.000586148937620226,0.000293074468810125
0.274664316363375,0.229819346692518,9542,9542,0.000586148937620226,0.0002930744688101
0.274903700126617,0.230354385000464,9543,9543,0.000586148937620226,0.000293074468810125
0.274664316363375,0.229819346692518,9544,9544,0.000586148937620226,0.0002930744688101
0.274903700126617,0.230354385000464,9545,9545,0.000586148937620226,0.000293074468810125
0.274664316363375,0.229819346692518,9546,9546,0.000586148937620226,0.0002930744688101
0.274903700126617,0.230354385000464,9547,9547,0.000586148937620226,0.000293074468810125
0.274664316363375,0.229819346692518,9548,9548,0.000586148937620226,0.0002930744688101
0.274903700126617,0.230354385000464,9549,9549,0.000586148937620226,0.000293074468810125
0.274664316363375,0.229819346692518,9550,9550,0.000586148937620226,0.0002930744688101
0.274903700126617,0.230354385000464,9551,9551,0.000586148937620226,0.000293074468810125
0.274664316363375,0.229819346692518,9552,9552,0.000586148937620226,0.0002930744688101
0.274903700126617,0.230354385000464,9553,9553,0.000586148937620226,0.000293074468810125
0.274664316363375,0.229819346692518,9554,9554,0.000586148937620226,0.0002930744688101
0.274903700126617,0.230354385000464,9555,9555,0.000586148937620226,0.000293074468810125
0.274664316363375,0.229819346692518,9556,9556,0.000586148937620226,0.0002930744688101
0.274903700126617,0.230354385000464,9557,9557,0.000586148937620226,0.000293074468810125
0.274664316363375,0.229819346692518,9558,9558,0.000586148937620226,0.0002930744688101
0.274903700126617,0.230354385000464,9559,9559,0.000586148937620226,0.000293074468810125
0.274664316363375,0.229819346692518,9560,9560,0.000586148937620226,0.0002930744688101
0.274903700126617,0.230354385000464,9561,9561,0.000586148937620226,0.000293074468810125
0.274664316363375,0.229819346692518,9562,9562,0.000586148937620226,0.0002930744688101
0.274903700126617,0.230354385000464,9563,9563,0.000586148937620226,0.000293074468810125
0.274664316363375,0.229819346692518,9564,9564,0.000586148937620226,0.0002930744688101
0.274903700126617,0.230354385000464,9565,9565,0.000586148937620226,0.000293074468810125
0.274664316363375,0.229819346692518,9566,9566,0.000586148937620226,0.0002930744688101
0.274903700126617,0.230354385000464,9567,9567,0.000586148937620226,0.000293074468810125
0.274664316363375,0.229819346692518,9568,9568,0.000586148937620226,0.0002930744688101
0.274903700126617,0.230354385000464,9569,9569,0.000586148937620226,0.000293074468810125
0.274664316363375,0.229819346692518,9570,9570,0.000586148937620226,0.0002930744688101
0.274903700126617,0.230354385000464,9571,9571,0.000586148937620226,0.000293074468810125
0.274664316363375,0.229819346692518,9572,9572,0.000586148937620226,0.0002930744688101
0.274903700126617,0.230354385000464,9573,9573,0.000586148937620226,0.000293074468810125
0.274664316363375,0.229819346692518,9574,9574,0.000586148937620226,0.0002930744688101
0.274903700126617,0.230354385000464,9575,9575,0.000586148937620226,0.000293074468810125
0.274664316363375,0.229819346692518,9576,9576,0.000586148937620226,0.0002930744688101
0.274903700126617,0.230354385000464,9577,9577,0.000586148937620226,0.000293074468810125
0.274664316363375,0.229819346692518,9578,9578,0.000586148937620226,0.0002930744688101
0.274903700126617,0.230354385000464,9579,9579,0.000586148937620226,0.000293074468810125
0.274664316363375,0.229819346692518,9580,9580,0.000586148937620226,0.0002930744688101
0.274903700126617,0.230354385000464,9581,9581,0.000586148937620226,0.000293074468810125
0.274664316363375,0.229819346692518,9582,9582,0.000586148937620226,0.0002930744688101
0.274903700126617,0.230354385000464,9583,9583,0.000586148937620226,0.000293074468810125
0.274664316363375,0.229819346692518,9584,9584,0.000586148937620226,0.0002930744688101
0.274903700126617,0.230354385000464,9585,9585,0.000586148937620226,0.000293074468810125
0.274664316363375,0.229819346692518,9586,9586,0.000586148937620226,0.0002930744688101
0.274903700126617,0.230354385000464,9587,9587,0.000586148937620226,0.000293074468810125
0.274664316363375,0.229819346692518,9588,9588,0.000586148937620226,0.0002930744688101
0.274903700126617,0.230354385000464,9589,9589,0.000586148937620226,0.000293074468810125
0.274664316363375,0.229819346692518,9590,9590,0.000586148937620226,0.0002930744688101
0.274903700126617,0.230354385000464,9591,9591,0.000586148937620226,0.000293074468810125
0.274664316363375,0.229819346692518,9592,9592,0.000586148937620226,0.0002930744688101
0.274903700126617,0.230354385000464,9593,9593,0.000586148937620226,0.000293074468810125
0.274664316363375,0.229819346692518,9594,9594,0.000586148937620226,0.0002930744688101
0.274903700126617,0.230354385000464,9595,9595,0.000586148937620226,0.000293074468810125
0.274664316363375,0.229819346692518,9596,9596,0.000586148937620226,0.0002930744688101
0.274903700126617,0.230354385000464,9597,9597,0.000586148937620226,0.000293074468810125
0.274664316363375,0.229819346692518,9598,9598,0.000586148937620226,0.0002930744688101
0.274903700126617,0.230354385000464,9599,9599,0.000586148937620226,0.000293074468810125
0.274664316363375,0.229819346692518,9600,9600,0.000586148937620226,0.0002930744688101
0.274903700126617,0.230354385000464,9601,9601,0.000586148937620226,0.000293074468810125
0.274664316363375,0.229819346692518,9602,9602,0.000586148937620226,0.0002930744688101
0.274903700126617,0.230354385000464,9603,9603,0.000586148937620226,0.000293074468810125
0.274664316363375,0.229819346692518,9604,9604,0.000586148937620226,0.0002930744688101
0.274903700126617,0.230354385000464,9605,9605,0.000586148937620226,0.000293074468810125
0.274664316363375,0.229819346692518,9606,9606,0.000586148937620226,0.0002930744688101
0.274903700126617,0.230354385000464,9607,9607,0.000586148937620226,0.000293074468810125
0.274664316363375,0.229819346692518,9608,9608,0.000586148937620226,0.0002930744688101
0.274903700126617,0.230354385000464,9609,9609,0.000586148937620226,0.000293074468810125
0.274664316363375,0.229819346692518,9610,9610,0.000586148937620226,0.0002930744688101
0.274903700126617,0.230354385000464,9611,9611,0.000586148937620226,0.000293074468810125
0.274664316363375,0.229819346692518,9612,9612,0.000586148937620226,0.0002930744688101
0.274903700126617,0.230354385000464,9613,9613,0.000586148937620226,0.000293074468810125
0.274664316363375,0.229819346692518,9614,9614,0.000586148937620226,0.0002930744688101
0.274903700126617,0.230354385000464,9615,9615,0.000586148937620226,0.000293074468810125
0.274664316363375,0.229819346692518,9616,9616,0.000586148937620226,0.0002930744688101
0.274903700126617,0.230354385000464,9617,9617,0.000586148937620226,0.000293074468810125
0.274664316363375,0.229819346692518,9618,9618,0.000586148937620226,0.0002930744688101
0.274903700126617,0.230354385000464,9619,9619,0.000586148937620226,0.000293074468810125
0.274664316363375,0.229819346692518,9620,9620,0.000586148937620226,0.0002930744688101
0.274903700126617,0.230354385000464,9621,9621,0.000586148937620226,0.000293074468810125
0.274664316363375,0.229819346692518,9622,9622,0.000586148937620226,0.0002930744688101
0.274903700126617,0.230354385000464,9623,9623,0.000586148937620226,0.000293074468810125
0.274664316363375,0.229819346692518,9624,9624,0.000586148937620226,0.0002930744688101
0.274903700126617,0.230354385000464,9625,9625,0.000586148937620226,0.000293074468810125
0.274664316363375,0.229819346692518,9626,9626,0.000586148937620226,0.0002930744688101
0.274903700126617,0.230354385000464,9627,9627,0.000586148937620226,0.000293074468810125
0.274664316363375,0.229819346692518,9628,9628,0.000586148937620226,0.0002930744688101
0.274903700126617,0.230354385000464,9629,9629,0.000586148937620226,0.000293074468810125
0.274664316363375,0.229819346692518,9630,9630,0.000586148937620226,0.0002930744688101
0.274903700126617,0.230354385000464,9631,9631,0.000586148937620226,0.000293074468810125
0.274664316363375,0.229819346692518,9632,9632,0.000586148937620226,0.0002930744688101
0.274903700126617,0.230354385000464,9633,9633,0.000586148937620226,0.000293074468810125
0.274664316363375,0.229819346692518,9634,9634,0.000586148937620226,0.0002930744688101
0.274903700126617,0.230354385000464,9635,9635,0.000586148937620226,0.000293074468810125
0.274664316363375,0.229819346692518,9636,9636,0.000586148937620226,0.0002930744688101
0.274903700126617,0.230354385000464,9637,9637,0.000586148937620226,0.000293074468810125
0.274664316363375,0.229819346692518,9638,9638,0.000586148937620226,0.0002930744688101
0.274903700126617,0.230354385000464,9639,9639,0.000586148937620226,0.000293074468810125
0.274664316363375,0.229819346692518,9640,9640,0.000586148937620226,0.0002930744688101
0.274903700126617,0.230354385000464,9641,9641,0.000586148937620226,0.000293074468810125
0.274664316363375,0.229819346692518,9642,9642,0.000586148937620226,0.0002930744688101
0.274903700126617,0.230354385000464,9643,9643,0.000586148937620226,0.000293074468810125
0.274664316363375,0.229819346692518,9644,9644,0.000586148937620226,0.0002930744688101
0.274903700126617,0.230354385000464,9645,9645,0.000586148937620226,0.000293074468810125
0.274664316363375,0.229819346692518,9646,9646,0.000586148937620226,0.0002930744688101
0.274903700126617,0.230354385000464,9647,9647,0.000586148937620226,0.000293074468810125
0.274664316363375,0.229819346692518,9648,9648,0.000586148937620226,0.0002930744688101
0.274903700126617,0.230354385000464,9649,9649,0.000586148937620226,0.000293074468810125
0.274664316363375,0.229819346692518,9650,9650,0.000586148937620226,0.0002930744688101
0.274903700126617,0.230354385000464,9651,9651,0.000586148937620226,0.000293074468810125
0.274664316363375,0.229819346692518,9652,9652,0.000586148937620226,0.0002930744688101
0.274903700126617,0.230354385000464,9653,9653,0.000586148937620226,0.000293074468810125
0.274664316363375,0.229819346692518,9654,9654,0.000586148937620226,0.0002930744688101
0.274903700126617,0.230354385000464,9655,9655,0.000586148937620226,0.000293074468810125
0.274664316363375,0.229819346692518,9656,9656,0.000586148937620226,0.0002930744688101
0.274903700126617,0.230354385000464,9657,9657,0.000586148937620226,0.000293074468810125
0.274664316363375,0.229819346692518,9658,9658,0.000586148937620226,0.0002930744688101
0.274903700126617,0.230354385000464,9659,9659,0.000586148937620226,0.000293074468810125
0.274664316363375,0.229819346692518,9660,9660,0.000586148937620226,0.0002930744688101
0.274903700126617,0.230354385000464,9661,9661,0.000586148937620226,0.000293074468810125
0.274664316363375,0.229819346692518,9662,9662,0.000586148937620226,0.0002930744688101
0.274903700126617,0.230354385000464,9663,9663,0.000586148937620226,0.000293074468810125
0.274664316363375,0.229819346692518,9664,9664,0.000586148937620226,0.0002930744688101
0.274903700126617,0.230354385000464,9665,9665,0.000586148937620226,0.000293074468810125
0.274664316363375,0.229819346692518,9666,9666,0.000586148937620226,0.0002930744688101
0.274903700126617,0.230354385000464,9667,9667,0.000586148937620226,0.000293074468810125
0.274664316363375,0.229819346692518,9668,9668,0.000586148937620226,0.0002930744688101
0.274903700126617,0.230354385000464,9669,9669,0.000586148937620226,0.000293074468810125
0.274664316363375,0.229819346692518,9670,9670,0.000586148937620226,0.0002930744688101
0.274903700126617,0.230354385000464,9671,9671,0.000586148937620226,0.000293074468810125
0.274664316363375,0.229819346692518,9672,9672,0.000586148937620226,0.0002930744688101
0.274903700126617,0.230354385000464,9673,9673,0.000586148937620226,0.000293074468810125
0.274664316363375,0.229819346692518,9674,9674,0.000586148937620226,0.0002930744688101
0.274903700126617,0.230354385000464,9675,9675,0.000586148937620226,0.000293074468810125
0.274664316363375,0.229819346692518,9676,9676,0.000586148937620226,0.0002930744688101
0.274903700126617,0.230354385000464,9677,9677,0.000586148937620226,0.000293074468810125
0.274664316363375,0.229819346692518,9678,9678,0.000586148937620226,0.0002930744688101
0.274903700126617,0.230354385000464,9679,9679,0.000586148937620226,0.000293074468810125
0.274664316363375,0.229819346692518,9680,9680,0.000586148937620226,0.0002930744688101
0.274903700126617,0.230354385000464,9681,9681,0.000586148937620226,0.000293074468810125
0.274664316363375,0.229819346692518,9682,9682,0.000586148937620226,0.0002930744688101
0.274903700126617,0.230354385000464,9683,9683,0.000586148937620226,0.000293074468810125
0.274664316363375,0.229819346692518,9684,9684,0.000586148937620226,0.0002930744688101
0.274903700126617,0.230354385000464,9685,9685,0.000586148937620226,0.000293074468810125
0.274664316363375,0.229819346692518,9686,9686,0.000586148937620226,0.0002930744688101
0.274903700126617,0.230354385000464,9687,9687,0.000586148937620226,0.000293074468810125
0.274664316363375,0.229819346692518,9688,9688,0.000586148937620226,0.0002930744688101
0.274903700126617,0.230354385000464,9689,9689,0.000586148937620226,0.000293074468810125
0.274664316363375,0.229819346692518,9690,9690,0.000586148937620226,0.0002930744688101
0.274903700126617,0.230354385000464,9691,9691,0.000586148937620226,0.000293074468810125
0.274664316363375,0.229819346692518,9692,9692,0.000586148937620226,0.0002930744688101
0.274903700126617,0.230354385000464,9693,9693,0.000586148937620226,0.000293074468810125
0.274664316363375,0.229819346692518,9694,9694,0.000586148937620226,0.0002930744688101
0.274903700126617,0.230354385000464,9695,9695,0.000586148937620226,0.000293074468810125
0.274664316363375,0.229819346692518,9696,9696,0.000586148937620226,0.0002930744688101
0.274903700126617,0.230354385000464,9697,9697,0.000586148937620226,0.000293074468810125
0.274664316363375,0.229819346692518,9698,9698,0.000586148937620226,0.0002930744688101
0.274903700126617,0.230354385000464,9699,9699,0.000586148937620226,0.000293074468810125
0.274664316363375,0.229819346692518,9700,9700,0.000586148937620226,0.0002930744688101
0.274903700126617,0.230354385000464,9701,9701,0.000586148937620226,0.000293074468810125
0.274664316363375,0.229819346692518,9702,9702,0.000586148937620226,0.0002930744688101
0.274903700126617,0.230354385000464,9703,9703,0.000586148937620226,0.000293074468810125
0.274664316363375,0.229819346692518,9704,9704,0.000586148937620226,0.0002930744688101
0.274903700126617,0.230354385000464,9705,9705,0.000586148937620226,0.000293074468810125
0.274664316363375,0.229819346692518,9706,9706,0.000586148937620226,0.0002930744688101
0.274903700126617,0.230354385000464,9707,9707,0.000586148937620226,0.000293074468810125
0.274664316363375,0.229819346692518,9708,9708,0.000586148937620226,0.0002930744688101
0.274903700126617,0.230354385000464,9709,9709,0.000586148937620226,0.000293074468810125
0.274664316363375,0.229819346692518,9710,9710,0.000586148937620226,0.0002930744688101
0.274903700126617,0.230354385000464,9711,9711,0.000586148937620226,0.000293074468810125
0.274664316363375,0.229819346692518,9712,9712,0.000586148937620226,0.0002930744688101
0.274903700126617,0.230354385000464,9713,9713,0.000586148937620226,0.000293074468810125
0.274664316363375,0.229819346692518,9714,9714,0.000586148937620226,0.0002930744688101
0.274903700126617,0.230354385000464,9715,9715,0.000586148937620226,0.000293074468810125
0.274664316363375,0.229819346692518,9716,9716,0.000586148937620226,0.0002930744688101
0.274903700126617,0.230354385000464,9717,9717,0.000586148937620226,0.000293074468810125
0.274664316363375,0.229819346692518,9718,9718,0.000586148937620226,0.0002930744688101
0.274903700126617,0.230354385000464,9719,9719,0.000586148937620226,0.000293074468810125
0.274664316363375,0.229819346692518,9720,9720,0.000586148937620226,0.0002930744688101
0.274903700126617,0.230354385000464,9721,9721,0.000586148937620226,0.000293074468810125
0.274664316363375,0.229819346692518,9722,9722,0.000586148937620226,0.0002930744688101
0.274903700126617,0.230354385000464,9723,9723,0.000586148937620226,0.000293074468810125
0.274664316363375,0.229819346692518,9724,9724,0.000586148937620226,0.0002930744688101
0.274903700126617,0.230354385000464,9725,9725,0.000586148937620226,0.000293074468810125
0.274664316363375,0.229819346692518,9726,9726,0.000586148937620226,0.0002930744688101
0.274903700126617,0.230354385000464,9727,9727,0.000586148937620226,0.000293074468810125
0.274664316363375,0.229819346692518,9728,9728,0.000586148937620226,0.0002930744688101
0.274903700126617,0.230354385000464,9729,9729,0.000586148937620226,0.000293074468810125
0.274664316363375,0.229819346692518,9730,9730,0.000586148937620226,0.0002930744688101
0.274903700126617,0.230354385000464,9731,9731,0.000586148937620226,0.000293074468810125
0.274664316363375,0.229819346692518,9732,9732,0.000586148937620226,0.0002930744688101
0.274903700126617,0.230354385000464,9733,9733,0.000586148937620226,0.000293074468810125
0.274664316363375,0.229819346692518,9734,9734,0.000586148937620226,0.0002930744688101
0.274903700126617,0.230354385000464,9735,9735,0.000586148937620226,0.000293074468810125
0.274664316363375,0.229819346692518,9736,9736,0.000586148937620226,0.0002930744688101
0.274903700126617,0.230354385000464,9737,9737,0.000586148937620226,0.000293074468810125
0.274664316363375,0.229819346692518,9738,9738,0.000586148937620226,0.0002930744688101
0.274903700126617,0.230354385000464,9739,9739,0.000586148937620226,0.000293074468810125
0.274664316363375,0.229819346692518,9740,9740,0.000586148937620226,0.0002930744688101
0.274903700126617,0.230354385000464,9741,9741,0.000586148937620226,0.000293074468810125
0.274664316363375,0.229819346692518,9742,9742,0.000586148937620226,0.0002930744688101
0.274903700126617,0.230354385000464,9743,9743,0.000586148937620226,0.000293074468810125
0.274664316363375,0.229819346692518,9744,9744,0.000586148937620226,0.0002930744688101
0.274903700126617,0.230354385000464,9745,9745,0.000586148937620226,0.000293074468810125
0.274664316363375,0.229819346692518,9746,9746,0.000586148937620226,0.0002930744688101
0.274903700126617,0.230354385000464,9747,9747,0.000586148937620226,0.000293074468810125
0.274664316363375,0.229819346692518,9748,9748,0.000586148937620226,0.0002930744688101
0.274903700126617,0.230354385000464,9749,9749,0.000586148937620226,0.000293074468810125
0.274664316363375,0.229819346692518,9750,9750,0.000586148937620226,0.0002930744688101
0.274903700126617,0.230354385000464,9751,9751,0.000586148937620226,0.000293074468810125
0.274664316363375,0.229819346692518,9752,9752,0.000586148937620226,0.0002930744688101
0.274903700126617,0.230354385000464,9753,9753,0.000586148937620226,0.000293074468810125
0.274664316363375,0.229819346692518,9754,9754,0.000586148937620226,0.0002930744688101
0.274903700126617,0.230354385000464,9755,9755,0.000586148937620226,0.000293074468810125
0.274664316363375,0.229819346692518,9756,9756,0.000586148937620226,0.0002930744688101
0.274903700126617,0.230354385000464,9757,9757,0.000586148937620226,0.000293074468810125
0.274664316363375,0.229819346692518,9758,9758,0.000586148937620226,0.0002930744688101
0.274903700126617,0.230354385000464,9759,9759,0.000586148937620226,0.000293074468810125
0.274664316363375,0.229819346692518,9760,9760,0.000586148937620226,0.0002930744688101
0.274903700126617,0.230354385000464,9761,9761,0.000586148937620226,0.000293074468810125
0.274664316363375,0.229819346692518,9762,9762,0.000586148937620226,0.0002930744688101
0.274903700126617,0.230354385000464,9763,9763,0.000586148937620226,0.000293074468810125
0.274664316363375,0.229819346692518,9764,9764,0.000586148937620226,0.0002930744688101
0.274903700126617,0.230354385000464,9765,9765,0.000586148937620226,0.000293074468810125
0.274664316363375,0.229819346692518,9766,9766,0.000586148937620226,0.0002930744688101
0.274903700126617,0.230354385000464,9767,9767,0.000586148937620226,0.000293074468810125
0.274664316363375,0.229819346692518,9768,9768,0.000586148937620226,0.0002930744688101
0.274903700126617,0.230354385000464,9769,9769,0.000586148937620226,0.000293074468810125
0.274664316363375,0.229819346692518,9770,9770,0.000586148937620226,0.0002930744688101
0.274903700126617,0.230354385000464,9771,9771,0.000586148937620226,0.000293074468810125
0.274664316363375,0.229819346692518,9772,9772,0.000586148937620226,0.0002930744688101
0.274903700126617,0.230354385000464,9773,9773,0.000586148937620226,0.000293074468810125
0.274664316363375,0.229819346692518,9774,9774,0.000586148937620226,0.0002930744688101
0.274903700126617,0.230354385000464,9775,9775,0.000586148937620226,0.000293074468810125
0.274664316363375,0.229819346692518,9776,9776,0.000586148937620226,0.0002930744688101
0.274903700126617,0.230354385000464,9777,9777,0.000586148937620226,0.000293074468810125
0.274664316363375,0.229819346692518,9778,9778,0.000586148937620226,0.0002930744688101
0.274903700126617,0.230354385000464,9779,9779,0.000586148937620226,0.000293074468810125
0.274664316363375,0.229819346692518,9780,9780,0.000586148937620226,0.0002930744688101
0.274903700126617,0.230354385000464,9781,9781,0.000586148937620226,0.000293074468810125
0.274664316363375,0.229819346692518,9782,9782,0.000586148937620226,0.0002930744688101
0.274903700126617,0.230354385000464,9783,9783,0.000586148937620226,0.000293074468810125
0.274664316363375,0.229819346692518,9784,9784,0.000586148937620226,0.0002930744688101
0.274903700126617,0.230354385000464,9785,9785,0.000586148937620226,0.000293074468810125
0.274664316363375,0.229819346692518,9786,9786,0.000586148937620226,0.0002930744688101
0.274903700126617,0.230354385000464,9787,9787,0.000586148937620226,0.000293074468810125
0.274664316363375,0.229819346692518,9788,9788,0.000586148937620226,0.0002930744688101
0.274903700126617,0.230354385000464,9789,9789,0.000586148937620226,0.000293074468810125
0.274664316363375,0.229819346692518,9790,9790,0.000586148937620226,0.0002930744688101
0.274903700126617,0.230354385000464,9791,9791,0.000586148937620226,0.000293074468810125
0.274664316363375,0.229819346692518,9792,9792,0.000586148937620226,0.0002930744688101
0.274903700126617,0.230354385000464,9793,9793,0.000586148937620226,0.000293074468810125
0.274664316363375,0.229819346692518,9794,9794,0.000586148937620226,0.0002930744688101
0.274903700126617,0.230354385000464,9795,9795,0.000586148937620226,0.000293074468810125
0.274664316363375,0.229819346692518,9796,9796,0.000586148937620226,0.0002930744688101
0.274903700126617,0.230354385000464,9797,9797,0.000586148937620226,0.000293074468810125
0.274664316363375,0.229819346692518,9798,9798,0.000586148937620226,0.0002930744688101
0.274903700126617,0.230354385000464,9799,9799,0.000586148937620226,0.000293074468810125
0.274664316363375,0.229819346692518,9800,9800,0.000586148937620226,0.0002930744688101
0.274903700126617,0.230354385000464,9801,9801,0.000586148937620226,0.000293074468810125
0.274664316363375,0.229819346692518,9802,9802,0.000586148937620226,0.0002930744688101
0.274903700126617,0.230354385000464,9803,9803,0.000586148937620226,0.000293074468810125
0.274664316363375,0.229819346692518,9804,9804,0.000586148937620226,0.0002930744688101
0.274903700126617,0.230354385000464,9805,9805,0.000586148937620226,0.000293074468810125
0.274664316363375,0.229819346692518,9806,9806,0.000586148937620226,0.0002930744688101
0.274903700126617,0.230354385000464,9807,9807,0.000586148937620226,0.000293074468810125
0.274664316363375,0.229819346692518,9808,9808,0.000586148937620226,0.0002930744688101
0.274903700126617,0.230354385000464,9809,9809,0.000586148937620226,0.000293074468810125
0.274664316363375,0.229819346692518,9810,9810,0.000586148937620226,0.0002930744688101
0.274903700126617,0.230354385000464,9811,9811,0.000586148937620226,0.000293074468810125
0.274664316363375,0.229819346692518,9812,9812,0.000586148937620226,0.0002930744688101
0.274903700126617,0.230354385000464,9813,9813,0.000586148937620226,0.000293074468810125
0.274664316363375,0.229819346692518,9814,9814,0.000586148937620226,0.0002930744688101
0.274903700126617,0.230354385000464,9815,9815,0.000586148937620226,0.000293074468810125
0.274664316363375,0.229819346692518,9816,9816,0.000586148937620226,0.0002930744688101
0.274903700126617,0.230354385000464,9817,9817,0.000586148937620226,0.000293074468810125
0.274664316363375,0.229819346692518,9818,9818,0.000586148937620226,0.0002930744688101
0.274903700126617,0.230354385000464,9819,9819,0.000586148937620226,0.000293074468810125
0.274664316363375,0.229819346692518,9820,9820,0.000586148937620226,0.0002930744688101
0.274903700126617,0.230354385000464,9821,9821,0.000586148937620226,0.000293074468810125
0.274664316363375,0.229819346692518,9822,9822,0.000586148937620226,0.0002930744688101
0.274903700126617,0.230354385000464,9823,9823,0.000586148937620226,0.000293074468810125
0.274664316363375,0.229819346692518,9824,9824,0.000586148937620226,0.0002930744688101
0.274903700126617,0.230354385000464,9825,9825,0.000586148937620226,0.000293074468810125
0.274664316363375,0.229819346692518,9826,9826,0.000586148937620226,0.0002930744688101
0.274903700126617,0.230354385000464,9827,9827,0.000586148937620226,0.000293074468810125
0.274664316363375,0.229819346692518,9828,9828,0.000586148937620226,0.0002930744688101
0.274903700126617,0.230354385000464,9829,9829,0.000586148937620226,0.000293074468810125
0.274664316363375,0.229819346692518,9830,9830,0.000586148937620226,0.0002930744688101
0.274903700126617,0.230354385000464,9831,9831,0.000586148937620226,0.000293074468810125
0.274664316363375,0.229819346692518,9832,9832,0.000586148937620226,0.0002930744688101
0.274903700126617,0.230354385000464,9833,9833,0.000586148937620226,0.000293074468810125
0.274664316363375,0.229819346692518,9834,9834,0.000586148937620226,0.0002930744688101
0.274903700126617,0.230354385000464,9835,9835,0.000586148937620226,0.000293074468810125
0.274664316363375,0.229819346692518,9836,9836,0.000586148937620226,0.0002930744688101
0.274903700126617,0.230354385000464,9837,9837,0.000586148937620226,0.000293074468810125
0.274664316363375,0.229819346692518,9838,9838,0.000586148937620226,0.0002930744688101
0.274903700126617,0.230354385000464,9839,9839,0.000586148937620226,0.000293074468810125
0.274664316363375,0.229819346692518,9840,9840,0.000586148937620226,0.0002930744688101
0.274903700126617,0.230354385000464,9841,9841,0.000586148937620226,0.000293074468810125
0.274664316363375,0.229819346692518,9842,9842,0.000586148937620226,0.0002930744688101
0.274903700126617,0.230354385000464,9843,9843,0.000586148937620226,0.000293074468810125
0.274664316363375,0.229819346692518,9844,9844,0.000586148937620226,0.0002930744688101
0.274903700126617,0.230354385000464,9845,9845,0.000586148937620226,0.000293074468810125
0.274664316363375,0.229819346692518,9846,9846,0.000586148937620226,0.0002930744688101
0.274903700126617,0.230354385000464,9847,9847,0.000586148937620226,0.000293074468810125
0.274664316363375,0.229819346692518,9848,9848,0.000586148937620226,0.0002930744688101
0.274903700126617,0.230354385000464,9849,9849,0.000586148937620226,0.000293074468810125
0.274664316363375,0.229819346692518,9850,9850,0.000586148937620226,0.0002930744688101
0.274903700126617,0.230354385000464,9851,9851,0.000586148937620226,0.000293074468810125
0.274664316363375,0.229819346692518,9852,9852,0.000586148937620226,0.0002930744688101
0.274903700126617,0.230354385000464,9853,9853,0.000586148937620226,0.000293074468810125
0.274664316363375,0.229819346692518,9854,9854,0.000586148937620226,0.0002930744688101
0.274903700126617,0.230354385000464,9855,9855,0.000586148937620226,0.000293074468810125
0.274664316363375,0.229819346692518,9856,9856,0.000586148937620226,0.0002930744688101
0.274903700126617,0.230354385000464,9857,9857,0.000586148937620226,0.000293074468810125
0.274664316363375,0.229819346692518,9858,9858,0.000586148937620226,0.0002930744688101
0.274903700126617,0.230354385000464,9859,9859,0.000586148937620226,0.000293074468810125
0.274664316363375,0.229819346692518,9860,9860,0.000586148937620226,0.0002930744688101
0.274903700126617,0.230354385000464,9861,9861,0.000586148937620226,0.000293074468810125
0.274664316363375,0.229819346692518,9862,9862,0.000586148937620226,0.0002930744688101
0.274903700126617,0.230354385000464,9863,9863,0.000586148937620226,0.000293074468810125
0.274664316363375,0.229819346692518,9864,9864,0.000586148937620226,0.0002930744688101
0.274903700126617,0.230354385000464,9865,9865,0.000586148937620226,0.000293074468810125
0.274664316363375,0.229819346692518,9866,9866,0.000586148937620226,0.0002930744688101
0.274903700126617,0.230354385000464,9867,9867,0.000586148937620226,0.000293074468810125
0.274664316363375,0.229819346692518,9868,9868,0.000586148937620226,0.0002930744688101
0.274903700126617,0.230354385000464,9869,9869,0.000586148937620226,0.000293074468810125
0.274664316363375,0.229819346692518,9870,9870,0.000586148937620226,0.0002930744688101
0.274903700126617,0.230354385000464,9871,9871,0.000586148937620226,0.000293074468810125
0.274664316363375,0.229819346692518,9872,9872,0.000586148937620226,0.0002930744688101
0.274903700126617,0.230354385000464,9873,9873,0.000586148937620226,0.000293074468810125
0.274664316363375,0.229819346692518,9874,9874,0.000586148937620226,0.0002930744688101
0.274903700126617,0.230354385000464,9875,9875,0.000586148937620226,0.000293074468810125
0.274664316363375,0.229819346692518,9876,9876,0.000586148937620226,0.0002930744688101
0.274903700126617,0.230354385000464,9877,9877,0.000586148937620226,0.000293074468810125
0.274664316363375,0.229819346692518,9878,9878,0.000586148937620226,0.0002930744688101
0.274903700126617,0.230354385000464,9879,9879,0.000586148937620226,0.000293074468810125
0.274664316363375,0.229819346692518,9880,9880,0.000586148937620226,0.0002930744688101
0.274903700126617,0.230354385000464,9881,9881,0.000586148937620226,0.000293074468810125
0.274664316363375,0.229819346692518,9882,9882,0.000586148937620226,0.0002930744688101
0.274903700126617,0.230354385000464,9883,9883,0.000586148937620226,0.000293074468810125
0.274664316363375,0.229819346692518,9884,9884,0.000586148937620226,0.0002930744688101
0.274903700126617,0.230354385000464,9885,9885,0.000586148937620226,0.000293074468810125
0.274664316363375,0.229819346692518,9886,9886,0.000586148937620226,0.0002930744688101
0.274903700126617,0.230354385000464,9887,9887,0.000586148937620226,0.000293074468810125
0.274664316363375,0.229819346692518,9888,9888,0.000586148937620226,0.0002930744688101
0.274903700126617,0.230354385000464,9889,9889,0.000586148937620226,0.000293074468810125
0.274664316363375,0.229819346692518,9890,9890,0.000586148937620226,0.0002930744688101
0.274903700126617,0.230354385000464,9891,9891,0.000586148937620226,0.000293074468810125
0.274664316363375,0.229819346692518,9892,9892,0.000586148937620226,0.0002930744688101
0.274903700126617,0.230354385000464,9893,9893,0.000586148937620226,0.000293074468810125
0.274664316363375,0.229819346692518,9894,9894,0.000586148937620226,0.0002930744688101
0.274903700126617,0.230354385000464,9895,9895,0.000586148937620226,0.000293074468810125
0.274664316363375,0.229819346692518,9896,9896,0.000586148937620226,0.0002930744688101
0.274903700126617,0.230354385000464,9897,9897,0.000586148937620226,0.000293074468810125
0.274664316363375,0.229819346692518,9898,9898,0.000586148937620226,0.0002930744688101
0.274903700126617,0.230354385000464,9899,9899,0.000586148937620226,0.000293074468810125
0.274664316363375,0.229819346692518,9900,9900,0.000586148937620226,0.0002930744688101
0.274903700126617,0.230354385000464,9901,9901,0.000586148937620226,0.000293074468810125
0.274664316363375,0.229819346692518,9902,9902,0.000586148937620226,0.0002930744688101
0.274903700126617,0.230354385000464,9903,9903,0.000586148937620226,0.000293074468810125
0.274664316363375,0.229819346692518,9904,9904,0.000586148937620226,0.0002930744688101
0.274903700126617,0.230354385000464,9905,9905,0.000586148937620226,0.000293074468810125
0.274664316363375,0.229819346692518,9906,9906,0.000586148937620226,0.0002930744688101
0.274903700126617,0.230354385000464,9907,9907,0.000586148937620226,0.000293074468810125
0.274664316363375,0.229819346692518,9908,9908,0.000586148937620226,0.0002930744688101
0.274903700126617,0.230354385000464,9909,9909,0.000586148937620226,0.000293074468810125
0.274664316363375,0.229819346692518,9910,9910,0.000586148937620226,0.0002930744688101
0.274903700126617,0.230354385000464,9911,9911,0.000586148937620226,0.000293074468810125
0.274664316363375,0.229819346692518,9912,9912,0.000586148937620226,0.0002930744688101
0.274903700126617,0.230354385000464,9913,9913,0.000586148937620226,0.000293074468810125
0.274664316363375,0.229819346692518,9914,9914,0.000586148937620226,0.0002930744688101
0.274903700126617,0.230354385000464,9915,9915,0.000586148937620226,0.000293074468810125
0.274664316363375,0.229819346692518,9916,9916,0.000586148937620226,0.0002930744688101
0.274903700126617,0.230354385000464,9917,9917,0.000586148937620226,0.000293074468810125
0.274664316363375,0.229819346692518,9918,9918,0.000586148937620226,0.0002930744688101
0.274903700126617,0.230354385000464,9919,9919,0.000586148937620226,0.000293074468810125
0.274664316363375,0.229819346692518,9920,9920,0.000586148937620226,0.0002930744688101
0.274903700126617,0.230354385000464,9921,9921,0.000586148937620226,0.000293074468810125
0.274664316363375,0.229819346692518,9922,9922,0.000586148937620226,0.0002930744688101
0.274903700126617,0.230354385000464,9923,9923,0.000586148937620226,0.000293074468810125
0.274664316363375,0.229819346692518,9924,9924,0.000586148937620226,0.0002930744688101
0.274903700126617,0.230354385000464,9925,9925,0.000586148937620226,0.000293074468810125
0.274664316363375,0.229819346692518,9926,9926,0.000586148937620226,0.0002930744688101
0.274903700126617,0.230354385000464,9927,9927,0.000586148937620226,0.000293074468810125
0.274664316363375,0.229819346692518,9928,9928,0.000586148937620226,0.0002930744688101
0.274903700126617,0.230354385000464,9929,9929,0.000586148937620226,0.000293074468810125
0.274664316363375,0.229819346692518,9930,9930,0.000586148937620226,0.0002930744688101
0.274903700126617,0.230354385000464,9931,9931,0.000586148937620226,0.000293074468810125
0.274664316363375,0.229819346692518,9932,9932,0.000586148937620226,0.0002930744688101
0.274903700126617,0.230354385000464,9933,9933,0.000586148937620226,0.000293074468810125
0.274664316363375,0.229819346692518,9934,9934,0.000586148937620226,0.0002930744688101
0.274903700126617,0.230354385000464,9935,9935,0.000586148937620226,0.000293074468810125
0.274664316363375,0.229819346692518,9936,9936,0.000586148937620226,0.0002930744688101
0.274903700126617,0.230354385000464,9937,9937,0.000586148937620226,0.000293074468810125
0.274664316363375,0.229819346692518,9938,9938,0.000586148937620226,0.0002930744688101
0.274903700126617,0.230354385000464,9939,9939,0.000586148937620226,0.000293074468810125
0.274664316363375,0.229819346692518,9940,9940,0.000586148937620226,0.0002930744688101
0.274903700126617,0.230354385000464,9941,9941,0.000586148937620226,0.000293074468810125
0.274664316363375,0.229819346692518,9942,9942,0.000586148937620226,0.0002930744688101
0.274903700126617,0.230354385000464,9943,9943,0.000586148937620226,0.000293074468810125
0.274664316363375,0.229819346692518,9944,9944,0.000586148937620226,0.0002930744688101
0.274903700126617,0.230354385000464,9945,9945,0.000586148937620226,0.000293074468810125
0.274664316363375,0.229819346692518,9946,9946,0.000586148937620226,0.0002930744688101
0.274903700126617,0.230354385000464,9947,9947,0.000586148937620226,0.000293074468810125
0.274664316363375,0.229819346692518,9948,9948,0.000586148937620226,0.0002930744688101
0.274903700126617,0.230354385000464,9949,9949,0.000586148937620226,0.000293074468810125
0.274664316363375,0.229819346692518,9950,9950,0.000586148937620226,0.0002930744688101
0.274903700126617,0.230354385000464,9951,9951,0.000586148937620226,0.000293074468810125
0.274664316363375,0.229819346692518,9952,9952,0.000586148937620226,0.0002930744688101
0.274903700126617,0.230354385000464,9953,9953,0.000586148937620226,0.000293074468810125
0.274664316363375,0.229819346692518,9954,9954,0.000586148937620226,0.0002930744688101
0.274903700126617,0.230354385000464,9955,9955,0.000586148937620226,0.000293074468810125
0.274664316363375,0.229819346692518,9956,9956,0.000586148937620226,0.0002930744688101
0.274903700126617,0.230354385000464,9957,9957,0.000586148937620226,0.000293074468810125
0.274664316363375,0.229819346692518,9958,9958,0.000586148937620226,0.0002930744688101
0.274903700126617,0.230354385000464,9959,9959,0.000586148937620226,0.000293074468810125
0.274664316363375,0.229819346692518,9960,9960,0.000586148937620226,0.0002930744688101
0.274903700126617,0.230354385000464,9961,9961,0.000586148937620226,0.000293074468810125
0.274664316363375,0.229819346692518,9962,9962,0.000586148937620226,0.0002930744688101
0.274903700126617,0.230354385000464,9963,9963,0.000586148937620226,0.000293074468810125
0.274664316363375,0.229819346692518,9964,9964,0.000586148937620226,0.0002930744688101
0.274903700126617,0.230354385000464,9965,9965,0.000586148937620226,0.000293074468810125
0.274664316363375,0.229819346692518,9966,9966,0.000586148937620226,0.0002930744688101
0.274903700126617,0.230354385000464,9967,9967,0.000586148937620226,0.000293074468810125
0.274664316363375,0.229819346692518,9968,9968,0.000586148937620226,0.0002930744688101
0.274903700126617,0.230354385000464,9969,9969,0.000586148937620226,0.000293074468810125
0.274664316363375,0.229819346692518,9970,9970,0.000586148937620226,0.0002930744688101
0.274903700126617,0.230354385000464,9971,9971,0.000586148937620226,0.000293074468810125
0.274664316363375,0.229819346692518,9972,9972,0.000586148937620226,0.0002930744688101
0.274903700126617,0.230354385000464,9973,9973,0.000586148937620226,0.000293074468810125
0.274664316363375,0.229819346692518,9974,9974,0.000586148937620226,0.0002930744688101
0.274903700126617,0.230354385000464,9975,9975,0.000586148937620226,0.000293074468810125
0.274664316363375,0.229819346692518,9976,9976,0.000586148937620226,0.0002930744688101
0.274903700126617,0.230354385000464,9977,9977,0.000586148937620226,0.000293074468810125
0.274664316363375,0.229819346692518,9978,9978,0.000586148937620226,0.0002930744688101
0.274903700126617,0.230354385000464,9979,9979,0.000586148937620226,0.000293074468810125
0.274664316363375,0.229819346692518,9980,9980,0.000586148937620226,0.0002930744688101
0.274903700126617,0.230354385000464,9981,9981,0.000586148937620226,0.000293074468810125
0.274664316363375,0.229819346692518,9982,9982,0.000586148937620226,0.0002930744688101
0.274903700126617,0.230354385000464,9983,9983,0.000586148937620226,0.000293074468810125
0.274664316363375,0.229819346692518,9984,9984,0.000586148937620226,0.0002930744688101
0.274903700126617,0.230354385000464,9985,9985,0.000586148937620226,0.000293074468810125
0.274664316363375,0.229819346692518,9986,9986,0.000586148937620226,0.0002930744688101
0.274903700126617,0.230354385000464,9987,9987,0.000586148937620226,0.000293074468810125
0.274664316363375,0.229819346692518,9988,9988,0.000586148937620226,0.0002930744688101
0.274903700126617,0.230354385000464,9989,9989,0.000586148937620226,0.000293074468810125
0.274664316363375,0.229819346692518,9990,9990,0.000586148937620226,0.0002930744688101
0.274903700126617,0.230354385000464,9991,9991,0.000586148937620226,0.000293074468810125
0.274664316363375,0.229819346692518,9992,9992,0.000586148937620226,0.0002930744688101
0.274903700126617,0.230354385000464,9993,9993,0.000586148937620226,0.000293074468810125
0.274664316363375,0.229819346692518,9994,9994,0.000586148937620226,0.0002930744688101
0.274903700126617,0.230354385000464,9995,9995,0.000586148937620226,0.000293074468810125
0.274664316363375,0.229819346692518,9996,9996,0.000586148937620226,0.0002930744688101
0.274903700126617,0.230354385000464,9997,9997,0.000586148937620226,0.000293074468810125
0.274664316363375,0.229819346692518,9998,9998,0.000586148937620226,0.0002930744688101
0.274903700126617,0.230354385000464,9999,9999,0.000586148937620226,0.000293074468810125
0.274664316363375,0.229819346692518,10000,10000,0.000586148937620226,0.0002930744688101
