"H","C","epoch","t","velocity","dist_to_limit"
0.939933723560484,0.157534537674541,1,1,NA,0.312590348015065
0.909810974906217,0.218012515114001,2,2,0.0675645302037684,0.248169379374341
0.802963516215067,0.345138115016806,3,3,0.166064136945354,0.0849840239906891
0.762756780686982,0.376409348196417,4,4,0.0509359559289788,0.034803397212559
0.748084688194657,0.381304890269098,5,5,0.0154672761108334,0.0194012144860679
0.716742461022752,0.386329476456163,6,6,0.0317424269778879,0.0142257155591745
0.710646344660955,0.395049155708649,7,7,0.0106393346109051,0.0206436679726236
0.701629013842092,0.393901372768843,8,8,0.00909008585073471,0.0292539233353988
0.712419158084224,0.388478318434443,9,9,0.0120762879677431,0.0181925368153738
0.707412784786322,0.392788005613929,10,10,0.00660584416883771,0.0233712933385231
0.722166275010451,0.382940292178979,11,11,0.0177381772933521,0.0107610161842408
0.715303060188123,0.386890736413989,12,12,0.00791894736384554,0.0155189862669765
0.719063387181875,0.384720088346691,13,13,0.0043418627490981,0.0125243002182967
0.703742847229715,0.38822555434434,14,14,0.015716463860755,0.02686877800034
0.714975241537065,0.380426193069556,15,15,0.0136746743350768,0.0181250758187639
0.710130188674072,0.385125974595791,16,16,0.0067499987881137,0.0209394429818466
0.715128269298597,0.381050020444114,17,17,0.00644935750100922,0.0176816213727751
0.712059799026121,0.383111463842831,18,18,0.00369662801742112,0.0196367993100764
0.716935604521221,0.386491595510114,19,19,0.00593285507274606,0.0140004576794588
0.717707640203684,0.384003007255044,20,20,0.00260559217804117,0.0140534924889426
0.722482163188171,0.386808148310194,21,21,0.00553758847050618,0.00857827883423538
0.721749986701403,0.382379660845874,22,22,0.00448860597840952,0.0114375818203986
0.723176850261023,0.384449482521785,23,23,0.00251398118287433,0.0090460808599229
0.727350257195655,0.378979843441133,24,24,0.00687999106937145,0.0111533923082848
0.731898833191605,0.378494365245299,25,25,0.00457441063630817,0.0112413932990143
0.735454751718714,0.372727908179126,26,26,0.00677470174011036,0.0176191144827973
0.731918684851108,0.370623728090964,27,27,0.00411477128594092,0.0190811034782768
0.732039333238152,0.373971525800284,28,28,0.00334997097537101,0.015754173084876
0.731590521360511,0.367939443382181,29,29,0.00604875610355497,0.0217417111505794
0.730527393736395,0.372062882369388,30,30,0.00425828479864503,0.0175945301980925
0.736705120993396,0.369284709128215,31,31,0.00677366670421996,0.0212753846525905
0.726555299716226,0.374657774660036,32,32,0.0114842807858281,0.0155284529797817
0.730596747940131,0.371659031200893,33,33,0.00503247117033574,0.0179983361702948
0.72876836009953,0.374492046487827,34,34,0.00337179146918344,0.0152723556030445
0.728149905905443,0.372247625104517,35,35,0.00232807064670298,0.0175776039702484
0.735987452546146,0.369322364046999,36,36,0.00836566133666817,0.0210433643312474
0.733787948519217,0.367677917876334,37,37,0.00274627405272867,0.0222132515628304
0.737321887561375,0.364943943679028,38,38,0.00446803536973703,0.0256182354897002
0.735438510100914,0.364264559334882,39,39,0.00200216726215434,0.0258546466734597
0.742726141350564,0.364644608101095,40,40,0.00729753426134957,0.0278087271508102
0.736488868430738,0.360648246302069,41,41,0.00740773117122287,0.0296060875245784
0.744521807062045,0.365309511586572,42,42,0.00928738376007229,0.028060186072684
0.745521071891737,0.36358322507156,43,43,0.00199464165497779,0.0300548089897594
0.742269086051749,0.367995525438862,44,44,0.00548122307836281,0.0246175277190389
0.74259700142159,0.364759204020073,45,45,0.00325289176203089,0.0276492966022749
0.745484855983316,0.362489806131559,46,46,0.00367285593864955,0.0309907345118066
0.731245448647272,0.374163269675265,47,47,0.018412780137394,0.0155086485471401
0.741684266757044,0.362122574190779,48,48,0.015935723117544,0.0296919901407027
0.732512205908943,0.373837854504607,49,49,0.0148786589796536,0.0159378571004374
0.73513590139658,0.376636127010246,50,50,0.00383589716072561,0.0137974012266482
0.731520216738079,0.370616750763637,51,51,0.00702182782101429,0.0190641253630384
0.739176364661888,0.364970614389404,52,52,0.0095129100167974,0.0261427846231705
0.74045177720913,0.362408551652058,53,53,0.00286196482084532,0.0289841078260703
0.744909045899041,0.359667423973518,54,54,0.00523268813556921,0.0332401134452679
0.738855754428409,0.367251888282168,55,55,0.00970393922474876,0.0238872644382307
0.756917294671795,0.353110017236064,56,56,0.0229393058449491,0.0450522575434659
0.748754335406029,0.357026499515552,57,57,0.00905387968884678,0.0373539447322662
0.738070443894999,0.370878297871314,58,58,0.0174933660428215,0.0202202329085482
0.735581684449387,0.366346331711933,59,59,0.00517036177147146,0.0238429466250718
0.737720198446598,0.366484378785443,60,60,0.00214296502789222,0.0242500047461987
0.738547561394097,0.365320017378585,61,61,0.001428379127779,0.025610395169349
0.743553702226116,0.363975309376741,62,62,0.00518359775061967,0.0287759327338637
0.73723634294654,0.364300566569021,63,63,0.00632572687589128,0.0262175654713056
0.734710527091621,0.367618759957995,64,64,0.00417015024904292,0.0224235360278214
0.735174329508433,0.365452792619879,65,65,0.00221506821376357,0.0246379546889323
0.732623789989084,0.36079862230979,66,66,0.00530721707819418,0.0289314741191059
0.720045681565284,0.373429335867372,67,67,0.0178253677800645,0.0193437949235741
0.724487014725867,0.368739636159731,68,68,0.00645900329703689,0.0217852135419256
0.73174793202101,0.368129163117655,69,69,0.00728653534280972,0.0215602026817749
0.73067160219262,0.365893204301222,70,70,0.00248153132727905,0.0237643506904237
0.729897291899267,0.36776253351755,71,71,0.00202335072328347,0.0219052568439156
0.73915820500312,0.36088226118285,72,72,0.0115370125646443,0.0300283849991221
0.73408047036219,0.363350243172204,73,73,0.00564573504368342,0.0265398415542864
0.739867396895903,0.354874712127533,74,74,0.0102627065239037,0.0360029099673202
0.737737977548365,0.355371188777821,75,75,0.0021865305444813,0.0350267252140389
0.746792599741609,0.348170478855772,76,76,0.0115687685794073,0.0445446014855175
0.735830266148326,0.360947188197723,77,77,0.0168349950822416,0.0291874570638448
0.734394971510327,0.364479234969665,78,78,0.00381253525846744,0.0254664804578925
0.728640584424927,0.364359069918865,79,79,0.00575564161219674,0.025372013243693
0.732161773651911,0.366151446318073,80,80,0.00395112474223076,0.0235595074464806
0.723109700856979,0.372865540763031,81,81,0.0112702744465503,0.0183758664883992
0.732283972220074,0.370179929415484,82,82,0.00955927629864138,0.0195523883936951
0.729827983222541,0.369191217151364,83,83,0.00264753354978189,0.0204797071906951
0.737375105852141,0.361762341901595,84,84,0.010589959747933,0.0287122646605139
0.73635250700741,0.364483055653308,85,85,0.00290654291487417,0.0258291061367597
0.736795636162552,0.360960620144357,86,86,0.00355019934128392,0.0293635496873122
0.731926899051385,0.368947657583551,87,87,0.00935400278558533,0.0207538739078653
0.729261129695492,0.367397878279921,88,88,0.00308352754954032,0.0222981246953085
0.726220915108247,0.372408886103592,89,89,0.0058611521175779,0.0177891578271387
0.727876004584616,0.3694493389121,90,90,0.0033909055948898,0.020387251176519
0.726613661184092,0.373814800145799,91,91,0.00454431101970133,0.0163299227555798
0.738796852686851,0.358613272044604,92,92,0.0194811860984985,0.0321147830166523
0.733182117952809,0.368574964569466,93,93,0.0114350585522573,0.0212431689318943
0.73716468340826,0.36865289752921,94,94,0.00398332789927846,0.0220143474171104
0.724351313794563,0.374836676268369,95,95,0.0142274931155175,0.0160738110914451
0.732794692614708,0.368060606634045,96,96,0.010826161165884,0.0217106735641766
0.73020048411906,0.368670505842379,97,97,0.00266493804116015,0.0209901602322054
0.731343189760094,0.370029383860805,98,98,0.00177547899199426,0.0196430559150544
0.727246056264989,0.366949105405555,99,99,0.0051258773140403,0.0229507302352654
0.732323607892542,0.365116174858098,100,100,0.00539825572961017,0.0246035047561869
0.733482426026031,0.359576494698179,101,101,0.0056595861810469,0.0302211869627413
0.738010841100698,0.357260836453131,102,102,0.00508613961628401,0.0332392695647271
0.731761219741722,0.367327089464687,103,103,0.0118485111648354,0.0223618299219603
0.732875657330374,0.360902631077143,104,104,0.00652040157599776,0.0288467356166889
0.731762948439726,0.366441671150507,105,105,0.00564969786888206,0.0232461343015485
0.73579806941642,0.361698158470745,106,106,0.00622760899861399,0.0284431569736557
0.733396871463244,0.365921869690083,107,107,0.00485854793891124,0.023902820947945
0.742798590226485,0.353890563632719,108,108,0.0152690746657757,0.0377983763065845
0.737024678530013,0.361793602897517,109,109,0.00978754749156235,0.0286008198137085
0.735437579045719,0.363155790977303,110,110,0.00209151646844094,0.0269442482572088
0.736776917950222,0.363416109479263,111,111,0.00136440258852711,0.0269645295263159
0.741267368354722,0.361373406595158,112,112,0.00493323219684658,0.030238080254242
0.748089268053528,0.356979751557551,113,113,0.00811434039771891,0.0370759964178168
0.753262434507146,0.35087086715572,114,114,0.00800500592078364,0.044935303460757
0.750313393833307,0.359252451992357,115,115,0.00888525774919854,0.0362508398276715
0.745879140669887,0.358377983758331,116,116,0.00451965660306406,0.0348233125421539
0.740589883785642,0.365777076335888,117,117,0.0090952080437335,0.0258958789683304
0.740712529922236,0.36181139592608,118,118,0.0039675764879279,0.0296344098959787
0.740928190230807,0.362844222522705,119,119,0.00105510196066019,0.0287430790979531
0.748934462017053,0.356444219270422,120,120,0.0102498990016717,0.0379504809955136
0.737951519552753,0.36971506013362,121,121,0.017226149958434,0.0212633709244225
0.747165462930606,0.362144546966871,122,122,0.0119251592097635,0.0321286381045634
0.741657535556496,0.360172099914697,123,123,0.00585045394239619,0.0314997949951533
0.746654053205067,0.361252150907849,124,124,0.00511191732721539,0.0326410983346087
0.746449847589976,0.360052158016573,125,125,0.00121724396582867,0.033593564315866
0.754081435653425,0.350728776326382,126,126,0.0120485095555904,0.0454759218478909
0.757135487970034,0.354297765379062,127,127,0.00469733098799107,0.0442249059494682
0.755693111673463,0.352648555490089,128,128,0.00219096842487533,0.0447286093970615
0.750837425113915,0.357419892357314,129,129,0.00680759483702677,0.0380773233703023
0.754010270887392,0.355048879638096,130,130,0.00396089025560762,0.0417974999769205
0.751925092061628,0.356068551754943,131,131,0.00232114238281347,0.0398007561137852
0.752002464287223,0.353695560518465,132,132,0.00237425227591699,0.0418623120244532
0.754950938420325,0.35321301818537,133,133,0.00298769925139757,0.0438457692805667
0.754043075365125,0.359415669624764,134,134,0.00626873992167653,0.0382803178798877
0.749866084034646,0.359296220244837,135,135,0.00417869892780808,0.0359722686194827
0.758169390647987,0.351262436271399,136,136,0.0115536394978825,0.0472832483783834
0.756430201584152,0.355064785613875,137,137,0.00418122459597579,0.0431881619055087
0.760642632757373,0.353788556053849,138,138,0.00440151545254707,0.0468051958810589
0.761136352561173,0.352835790686898,139,139,0.00107308950657624,0.0478530926825212
0.754234765045602,0.357718451168245,140,140,0.00845412819935818,0.0397486010666879
0.752184224809738,0.358407439947656,141,141,0.00216319689280712,0.0379945082474619
0.754429617915749,0.35982406825336,142,142,0.00265492484960372,0.0381987125001332
0.759314700627643,0.353425497958964,143,143,0.00805020092385095,0.046247235801906
0.75599655180239,0.359154935622207,144,144,0.00662091893648579,0.0397080795798287
0.747246498316017,0.359086807254977,145,145,0.00875031870784192,0.0348216714229229
0.750316925949245,0.364799575900935,146,146,0.00648561881805659,0.0317445102832973
0.754247477587486,0.358288259068869,147,147,0.00760568754738401,0.0392998682435761
0.754433254935724,0.357867489450416,148,148,0.000459956840292036,0.0397477763349586
0.75334395885407,0.354911933919976,149,149,0.00314990070431104,0.0415420295776216
0.754354233490749,0.362976277099127,150,150,0.0081273787750185,0.0357408098570329
0.764329387443046,0.349249320196091,151,151,0.0169685898703996,0.0526523735916284
0.762934342462464,0.355264710580545,152,152,0.0061750361922203,0.0472237359397693
0.760396185094802,0.356418631323411,153,153,0.00278814918966535,0.0446565579262409
0.758259835431695,0.355577718436928,154,154,0.00229589293428693,0.0439085121919882
0.762293349730576,0.352999612448212,155,155,0.00478705212926863,0.0484762003379333
0.758268602361561,0.354264765199207,156,156,0.00421891015165656,0.0449405913002138
0.768403202525961,0.346131726179719,157,157,0.0129944774494702,0.057667758651811
0.767000206451294,0.345179650979754,158,158,0.00169553683885655,0.0574906477591803
0.763476867536761,0.352668913278452,159,159,0.00827665191278217,0.0495053489907531
0.761474499786688,0.350201764556361,160,160,0.00317746745434888,0.0501160488217371
0.766614403779667,0.347729524499426,161,161,0.00570355888513147,0.0552891777122308
0.769881206595303,0.3488394982751,162,162,0.00345022353173416,0.0566674246957403
0.776826665776706,0.34248976728611,163,163,0.0094105518899304,0.0660616465645212
0.768011854687741,0.344391115265525,164,164,0.00901753950215719,0.0587423734838411
0.765909873218508,0.342946473533376,165,165,0.0025505520640179,0.0585710600728561
0.755867686343118,0.350837848178428,166,166,0.0127718170605759,0.0463330589046951
0.758509946294045,0.347450310693952,167,167,0.00429615500849332,0.0506150397325083
0.756012781630634,0.354037010225799,168,168,0.00704417788524839,0.0437717765085584
0.753627121084218,0.358128501313538,169,169,0.00473620898649693,0.0390581648982817
0.749089791361561,0.36122613421567,170,170,0.00549387755674272,0.0339291777010209
0.749901563512859,0.35875986417516,171,171,0.0025964325406882,0.0364449006916652
0.750862935566059,0.359848423549564,172,172,0.00145230772781725,0.0360587784313052
0.755268989421066,0.355646713086729,173,173,0.00608832336417174,0.0420308612902667
0.758596641006994,0.349056408712546,174,174,0.00738277568545198,0.0493329090509414
0.761641006644096,0.34719392628141,175,175,0.00356889379761524,0.0526149759362216
0.752865357651571,0.354347174167954,176,176,0.0113217035187438,0.0417580875394146
0.754280153880311,0.349571705435196,177,177,0.00498063750803022,0.0465710955953932
0.749181217320089,0.358069776726393,178,178,0.00991041723215669,0.0366609325534818
0.749532852844626,0.357250354117218,179,179,0.000891684335705863,0.0375456059830928
0.749304415436231,0.359476375951018,180,180,0.00223771241541574,0.035520985913721
0.756731590636797,0.351274883916787,181,181,0.0110646917285323,0.0464484903706781
0.754246674675047,0.35502968514492,182,182,0.00450259254205304,0.0419463580142806
0.759519332525474,0.35097335823941,183,183,0.00665242127138908,0.0483147552487856
0.755897573478878,0.35583888148537,184,184,0.00606551358489708,0.0422492633475609
0.761285014762215,0.355467463335755,185,185,0.0054002291639584,0.0459581198984275
0.752251191447432,0.359884762228159,186,186,0.0100559680383114,0.0368284080715225
0.758143256653034,0.35417231565948,187,187,0.00820661185795184,0.0449364231373873
0.757064162361851,0.356613909726871,188,188,0.00266942429733174,0.0423512337046515
0.766563627362744,0.348979503784272,189,189,0.012187041864193,0.0543137211490194
0.761498281402131,0.34790724992816,190,190,0.00517759191445676,0.0519559073898892
0.765215991901461,0.351278349248666,191,191,0.00501853384820215,0.0517015827636227
0.75940097237505,0.358211924791794,192,192,0.00904924979789976,0.0426595947053261
0.764614819927458,0.36207469643772,193,193,0.00648885283299908,0.0438134436615577
0.758926679449536,0.357625678210082,194,194,0.00722140604636155,0.0427777258293281
0.769366817684314,0.348615370511339,195,195,0.0137906537621437,0.0564745051345022
0.767154849240332,0.352346371783893,196,196,0.0043374156928954,0.0522523503529038
0.764965055283422,0.354840562999426,197,197,0.00331906423459363,0.0489386494126989
0.763269512496566,0.353790100365038,198,198,0.00199457691962629,0.0485334146290585
0.770640858375491,0.353985252319884,199,199,0.00737392869183252,0.0536460251890417
0.76787667417018,0.352202440310044,200,200,0.00328924504762441,0.0528620946161167
0.770100131011238,0.351889702690635,201,201,0.00224534298997744,0.0546694974845454
0.76366677103054,0.357066213961673,202,202,0.00825738394289797,0.0464472848223164
0.773672960267498,0.349469245152239,203,203,0.0125633497976181,0.0589292103772132
0.763736806676994,0.35627259278115,204,204,0.0120421213718299,0.0470568854335227
0.766423949979985,0.354375534994641,205,205,0.00328931107926326,0.0502997520824776
0.760421255579807,0.352327863728479,206,206,0.00634234165558725,0.0477952118945645
0.763326831023993,0.350520170313266,207,207,0.0034220058657546,0.0510343321092983
0.757145975005284,0.359542390530025,208,208,0.0109363357100866,0.0401622965675774
0.761924720109876,0.356435504214058,209,209,0.00569992520608872,0.0456792446986923
0.755304134539187,0.361344741256836,210,210,0.00824213331856489,0.0375926955118952
0.768090874387085,0.352985337099979,211,211,0.0152767913448961,0.052463262512877
0.762286516298242,0.354033379369043,212,212,0.00589821713920924,0.0476947176390689
0.770676300333666,0.35053831593251,213,213,0.00908867122226677,0.0560226534437929
0.766714635871329,0.349591607249687,214,214,0.0040732103606708,0.0539578476363726
0.768802502276846,0.356918217305551,215,215,0.00761829384035384,0.0503320124953878
0.762474494976581,0.353515939045806,216,216,0.00718464847775685,0.0482066229086983
0.770875204160492,0.353147026317844,217,217,0.00840880558661567,0.054380468735573
0.768464185137357,0.344563968487348,218,218,0.00891526188350926,0.0588992457983586
0.762072246571267,0.355368753867397,219,219,0.0125538944452144,0.0465605222985207
0.764880101446195,0.352159642617833,220,220,0.00426408771142668,0.050823465444514
0.765319702262086,0.356436396974088,221,221,0.00429928792953961,0.0480721748520466
0.771005241355714,0.348039762600989,222,222,0.0101404548014719,0.0580237331868949
0.780024489503449,0.342391509023174,223,223,0.010641879797748,0.0684066177849419
0.774990343913226,0.343458930131476,224,224,0.00514606739617798,0.064087087410933
0.789232857543783,0.329629542779736,225,225,0.0198519809853086,0.0839301146036703
0.778375563292821,0.339282034590844,226,226,0.014527609459766,0.0694457685823958
0.785745951842835,0.332327836283078,227,227,0.0101332868054706,0.0795655609349436
0.768290075816003,0.347295371596997,228,228,0.0229942323472117,0.0567193208208957
0.771134264941732,0.348997108090461,229,229,0.00331441078867842,0.0574320055071703
0.76832128427247,0.352038549655694,230,230,0.00414285252457412,0.0532923389162772
0.7749832306972,0.344216742062915,231,231,0.0102743468981938,0.0635380026232095
0.769092318503517,0.347997785511167,232,232,0.0069999382876739,0.0567381954239264
0.778450407610666,0.340644967894408,233,233,0.0119011662723724,0.0685158156910276
0.766056668067314,0.352633406979561,234,234,0.0172431856559885,0.0512818814888513
0.770114559152109,0.351998334421932,235,235,0.00410728586897903,0.0546049542348147
0.763235828624372,0.358882496236507,236,236,0.0097318352617827,0.044876751381547
0.766505990767383,0.354929146622785,237,237,0.00513058803743782,0.0499719504734883
0.757376872942753,0.363057305862808,238,238,0.0122232469044501,0.0377622299460911
0.761163086424531,0.358190059050075,239,239,0.00616648230887433,0.0438852648153176
0.754941537828455,0.363693801988197,240,240,0.00830655483713107,0.0356077197029634
0.761220511974934,0.358075062060296,241,241,0.0084258978577682,0.0440077667174056
0.760755509258808,0.363580435966472,242,242,0.00552497686626931,0.039886869175432
0.758465953862486,0.36723372575513,243,243,0.00431144873479174,0.0357884179618657
0.756580475745747,0.364637376559088,244,244,0.00320874693244663,0.036088289389801
0.767363397230913,0.35905994475173,245,245,0.012139981108757,0.0478508270196127
0.760280383176572,0.368386230535821,246,246,0.0117110501075063,0.0365371395289153
0.769247241358433,0.36058971078903,247,247,0.0118823510222395,0.0483796445394086
0.767602286447199,0.361248335390144,248,248,0.00177190942917094,0.0466712658015363
0.770513890680201,0.355754667904254,249,249,0.00621754144780354,0.0523892250217789
0.768803893786987,0.356211903782678,250,250,0.00177007175654522,0.0507953240203289
0.776140197744619,0.34913291099448,251,251,0.0101947778128866,0.0609799880521688
0.766698408731848,0.359463415539631,252,252,0.0139952386160109,0.0470817006865842
0.772190298905802,0.353895006527339,253,253,0.00782099971940591,0.0548717375256979
0.765142710694787,0.360065823150229,254,254,0.00936736234942278,0.0455048619167433
0.767130451554741,0.361063664007604,255,255,0.00222414030649527,0.0464113504747731
0.76432626807397,0.356530234297478,256,256,0.00533061252863846,0.0472933266844106
0.766118683246758,0.359015554731518,257,257,0.0030642404950486,0.0469295583037206
0.760104836641019,0.362933569032865,258,258,0.00717754742672712,0.0398279230396709
0.767703130087816,0.361662157106458,259,259,0.00770393091806056,0.0465010126629283
0.764329943316205,0.358842812283211,260,260,0.00439625911753828,0.045705982007775
0.767424306518236,0.358167070646172,261,261,0.00316728754395757,0.0484729155860817
0.762033705199786,0.362787150628265,262,262,0.00709955784647241,0.0413733666018171
0.770522289179511,0.35652982254782,263,263,0.0105456252866849,0.0518974283247369
0.770805159673962,0.35330799634986,264,264,0.00323422011719925,0.0542205332811577
0.768395053388528,0.357002192890763,265,265,0.00441086163803731,0.0499683219819371
0.768032458404245,0.354601486756911,266,266,0.00242793432031023,0.0513039092226844
0.761620250481137,0.361369362395925,267,267,0.00932311917301961,0.0420013602261155
0.760751547452006,0.355810600222423,268,268,0.00562623158556205,0.0453466675503424
0.76602032481126,0.355030566168577,269,269,0.00532620577771382,0.0495529547976096
0.762423575839263,0.355994590342379,270,270,0.00372370054854517,0.0463423362399772
0.759048060936254,0.360772893118264,271,271,0.00585032292087057,0.0405600235752729
0.750450999449988,0.366209244186333,272,272,0.0101716949980794,0.0307397265705244
0.758074519523992,0.363036066042008,273,273,0.00825754914332131,0.0382753415023752
0.74784943007498,0.370888429559714,274,274,0.0128923258977772,0.0255094489575404
0.745335111000121,0.371174130771045,275,275,0.00253049907969872,0.0236545163926289
0.751431344174697,0.363377268869167,276,276,0.00989722761361738,0.0335513722525134
0.745195863828901,0.373598539587146,277,277,0.0119731194862917,0.0217186667147477
0.748219684204572,0.36762534918519,278,278,0.00669496028683839,0.0282276244367967
0.746594705304476,0.372995539522763,279,279,0.00561065955904683,0.023114858026028
0.75063572251202,0.365497987444142,280,280,0.00851722415128977,0.0314033395097206
0.75649048441855,0.363398253016115,281,281,0.00621989723792938,0.0368948915826872
0.754403828132088,0.361656657367267,282,282,0.00271795692789994,0.0367685448535463
0.752562984256994,0.367943736783856,283,283,0.00655103608316828,0.0309034102275754
0.753203204464257,0.365670902834281,284,284,0.00236128271838237,0.0329765916147301
0.756645427359445,0.361995622460961,285,285,0.00503553217472253,0.0380120948920204
0.752975168380391,0.361281293090472,286,286,0.00373912655881988,0.0361529773533757
0.749102718032512,0.363850832281166,287,287,0.00464740824000855,0.031769644153989
0.748907241170662,0.358951137133028,288,288,0.00490359294275223,0.0357631037301885
0.752077542198787,0.360266179016618,289,289,0.00343222140377441,0.0364179501774462
0.747036714558722,0.364612684944812,290,290,0.00665597904749327,0.0299712275139053
0.753367579743473,0.361287662342772,291,291,0.0071509180733366,0.0363924677475076
0.746224785160102,0.368067524611922,292,292,0.00984814941239613,0.0266661768162716
0.752135784766822,0.36082059286184,293,293,0.00935189478881107,0.0360068468834567
0.746727303217492,0.361888526844753,294,294,0.00551290809476291,0.032125607792408
0.751586644567825,0.360161610970531,295,295,0.00515707638063386,0.0362153717127881
0.736588947288523,0.370524743155392,296,296,0.0182297951815834,0.0200559954431329
0.755669039301587,0.357936937438941,297,297,0.0228583193604013,0.0404471677140037
0.749142631591699,0.359984435607821,298,298,0.00684004724744339,0.0350042358921155
0.760084891943386,0.355892634010628,299,299,0.01168229009719,0.0448439680577889
0.746859685800618,0.363737563297751,300,300,0.0153768980304438,0.0306117130179904
0.76225630656779,0.355168655104925,301,301,0.0176205027926327,0.0468324001489505
0.75474884591832,0.360991718048385,302,302,0.00950105401767817,0.0374989120857668
0.760236373408925,0.359090756288999,303,303,0.00580746188715886,0.0425934957673836
0.758532360386026,0.357295533255841,304,304,0.00247517395772305,0.0427666699995899
0.765380545858849,0.347939910254376,305,305,0.0115941936336998,0.0543311970134384
0.754220006501805,0.361044998702151,306,306,0.0172133954222903,0.0371190849078726
0.759931901488773,0.352850032691896,307,307,0.00998915473157655,0.0470818172396489
0.754246658530024,0.36068806052912,308,308,0.00968280268708947,0.0374117724715221
0.756347492352802,0.35834490650664,309,309,0.00314704202768162,0.0405557711923025
0.75197838136311,0.358500516587949,310,310,0.00437188121266508,0.0378010521659803
0.759015198354013,0.351862354515182,311,311,0.00967377842767704,0.0473011095956994
0.760598244910169,0.348581173146052,312,312,0.00364310136780167,0.0508796704854776
0.753657431807174,0.354148698313423,313,313,0.00889787744465005,0.0423525061152362
0.751211364033034,0.363076535025505,314,314,0.00925686317892186,0.0336520933615854
0.754187560147756,0.363465251712003,315,315,0.00300147363400855,0.0352654559427748
0.753664878235847,0.358533295959451,316,316,0.00495957497434647,0.0387546254192602
0.756526452660634,0.353099546844083,317,317,0.0061411918743324,0.044833375328981
0.747116490128223,0.360539191961564,318,318,0.0119956539769801,0.0334893934568419
0.756556143703739,0.354869419811652,319,319,0.0110115110615058,0.0434200492347495
0.749816244613484,0.355787297815827,320,320,0.0068021128906667,0.0389546630981348
0.765815705021151,0.345067882670223,321,321,0.0192584681218505,0.0568351776429241
0.75365386613049,0.354648178825628,322,322,0.0154820024424384,0.041932658946761
0.76406312530661,0.349542152557296,323,323,0.0115941442482208,0.0522569390188593
0.756336458698652,0.358568610078642,324,324,0.011881848015154,0.0403762624115817
0.756749562446299,0.358207980891016,325,325,0.000548368596190991,0.0409176231218478
0.747779653410992,0.363945787676653,326,326,0.0106480840910928,0.0309376474324435
0.755816446254606,0.361618841976801,327,327,0.00836688206569343,0.0377275360470358
0.752511947935208,0.361692339041026,328,328,0.00330531556153948,0.0355434903473323
0.756745721498043,0.361815853217706,329,329,0.00423557485274497,0.0382117380355173
0.749343822107709,0.363122070185905,330,330,0.00751627017560158,0.0325030476543729
0.753231740413767,0.359213522615224,331,331,0.00551295318924947,0.0379502956475219
0.751564745974129,0.35954697551486,332,332,0.00170001802874538,0.0367051677905462
0.7590706131018,0.361358918856866,333,333,0.00772147524848001,0.0401607980807262
0.7565521462689,0.354500869851439,334,334,0.00730585459404021,0.0437135102068462
0.760160963573466,0.360826920443312,335,335,0.007283026735408,0.0413111949136266
0.755664792510133,0.358985198227465,336,336,0.0048587544649932,0.0396277246275047
0.759463058967472,0.360603968547793,337,337,0.00412883100052827,0.0409720475067136
0.755195489924729,0.357917785055027,338,338,0.00504259132702498,0.0401702008041038
0.760994957481701,0.355723975718565,339,339,0.00620053411805127,0.0455734816544576
0.755973910772048,0.358219982983197,340,340,0.00560722411943859,0.0404164774863403
0.758601997670482,0.355656066099046,341,341,0.00367158147595251,0.0440645777126251
0.752751054198992,0.358289520380217,342,342,0.00641627781175307,0.0384159739647745
0.755033617543815,0.358505412449583,343,343,0.00229275048985821,0.039607363028337
0.744400229031538,0.360736883527901,344,344,0.010865008717272,0.03205578516164
0.754407705645206,0.358660803042411,345,345,0.0102205527421629,0.0391006120157376
0.751689940985753,0.355541181869142,346,346,0.00413742444147068,0.04012255378632
0.758422504765533,0.351684476046882,347,347,0.00775896867169003,0.0470904368524589
0.749000743010475,0.360874201705755,348,348,0.013161331705205,0.0341765259485654
0.758203334778033,0.355513007852235,349,349,0.010650356556254,0.0439231926308844
0.75428161072019,0.352940822141412,350,350,0.00468999562012913,0.0437056120332751
0.75732623231833,0.355193416692081,351,351,0.00378733453573455,0.0436288239320547
0.745745917810192,0.362947920016384,352,352,0.0139368578206864,0.030718033552231
0.762282461480291,0.349854798622647,353,353,0.021092347057268,0.0508891418424196
0.751666877008031,0.359382299183124,354,354,0.0142640772788709,0.0368986659665414
0.76360485928906,0.350449201292684,355,355,0.0149102534808217,0.0512674670441403
0.75181396417809,0.356096285589628,356,356,0.0130734375194389,0.0397178132264202
0.755149677819574,0.35724523746402,357,357,0.00352804136988969,0.0406759906524212
0.750692446975311,0.355115295739495,358,358,0.0049399958045451,0.0399740885378569
0.757408023481361,0.356638484943723,359,359,0.00688615082324549,0.0425480903679641
0.752797591968441,0.354720433967303,360,360,0.0049934955976218,0.04140653085158
0.762866797797563,0.350172794920496,361,361,0.0110485260070865,0.0510087311534578
0.748705184498532,0.358493046770224,362,362,0.0164249165012853,0.0360551490701535
0.759255855001755,0.356065263115287,363,363,0.0108263928223005,0.0441713580851167
0.747249920274692,0.361215382745201,364,364,0.013063927467378,0.0329704462998874
0.753132322740849,0.360979262330118,365,365,0.00588713951119461,0.0364874722727682
0.743812513993364,0.364463734103304,366,366,0.00994989339781272,0.028460345078354
0.747867354399733,0.365582944731906,367,367,0.00420646682529413,0.0296421366776856
0.741094315025501,0.364854589525069,368,368,0.00681208952320939,0.0269418942334672
0.746501384889026,0.364740008600091,369,369,0.0054082837663541,0.0295731831485649
0.740429507971871,0.366660273854154,370,370,0.00636828924775313,0.0250201422276178
0.757321662133585,0.355269228764835,371,371,0.0203740221961694,0.0435661560266659
0.743153647136164,0.364799011471405,372,372,0.0170748179317257,0.0278603391222513
0.757825591170136,0.355930864401686,373,373,0.0171438027924429,0.043360756955593
0.75170002913424,0.358638341808127,374,374,0.00669723406803082,0.0375301399385507
0.758165648311847,0.354264757200148,375,375,0.00780592554877312,0.0448772242429391
0.745146086407149,0.368208777602192,376,376,0.0190773346451461,0.0259307369765902
0.75105795204876,0.361752430386594,377,377,0.00875411758733118,0.0346164633638119
0.73938899574383,0.366372119339937,378,378,0.0125501421215858,0.0248981111686788
0.747703342673995,0.363253133101565,379,379,0.00888011486582779,0.0314740536279285
0.741318966548726,0.364991912402142,380,380,0.00661691861556568,0.0269044619809531
0.745347043724831,0.3624640033155,381,381,0.00475559986615637,0.0309473315909876
0.739863176690697,0.365675431137533,382,382,0.00635500324973854,0.0257183122437094
0.744833817191833,0.365738744817947,383,383,0.00497104371471988,0.0278470444988161
0.744606178916991,0.362330458008626,384,384,0.00341588029046162,0.030719320677669
0.74346372825958,0.364489764326333,385,385,0.00244290754600085,0.0282766119959767
0.733728231644406,0.371390671263009,386,386,0.0119332481283481,0.0185371057597297
0.734617256339519,0.372063637731412,387,387,0.00111501066188427,0.0180524560827885
0.73429333417515,0.369292922959675,388,388,0.00278958525858112,0.0207013895296153
0.742267415728094,0.365108338683118,389,389,0.00900537185132274,0.0271919644258253
0.734747538856402,0.368896310959139,390,390,0.00842005238281274,0.0211764931977706
0.737365930940182,0.369565441309973,391,391,0.00270253816454306,0.0212090240028943
0.73344764406637,0.37045138990705,392,392,0.00401719764788271,0.019419834936245
0.744691481147564,0.364679685680222,393,393,0.0126386883018148,0.0286915085680698
0.735252622390819,0.368474007391322,394,394,0.010172950991581,0.0216939799415813
0.743131584793662,0.363779455543164,395,395,0.00917152471514203,0.028764080330462
0.74004865389962,0.362925794780812,396,396,0.00319893726018801,0.0283611649396383
0.751892277061657,0.364846148376639,397,397,0.0119982985267632,0.0327122037464154
0.747688647577815,0.361350138161055,398,398,0.00546741147755436,0.0330791232900796
0.741239593701329,0.371162732263179,399,399,0.0117421164580692,0.0213498855953318
0.745673269439806,0.358221515669289,400,400,0.0136796406196924,0.0348742943224882
0.748618182734589,0.363087057371278,401,401,0.00568735530519974,0.0321184213707295
0.747343884148003,0.358489601503409,402,402,0.00477079001264774,0.0353931658321568
0.752484502980919,0.359651507495421,403,403,0.00527029292540785,0.0371543404316927
0.748479947926815,0.360280334766355,404,404,0.00405362614433347,0.0344042419783399
0.754472936450221,0.360242697457261,405,405,0.00599310670760323,0.0378999660189947
0.748578715577717,0.358597330978837,406,406,0.00611956457128928,0.0359014561280024
0.756819023324759,0.358032834326856,407,407,0.00825962034454644,0.0410967190107545
0.748226050141644,0.363291306233414,408,408,0.010074260018373,0.0317298395106434
0.757592506581978,0.360718827922179,409,409,0.00971329763316481,0.0395912575042841
0.751693220703712,0.361782463085425,410,410,0.00599440519434558,0.034972191943633
0.754634656473474,0.364033574009492,411,411,0.00370399038606831,0.0351499605036194
0.742747501677059,0.366727603420193,412,412,0.0121886112260438,0.0259611429705746
0.747172578512625,0.367262902244725,413,413,0.00445733662989472,0.0278754820018087
0.746271529114829,0.361215971686636,414,414,0.0061136943979572,0.0324860255058673
0.750055046909455,0.360452336725205,415,415,0.00385981155713228,0.0351064893612402
0.743961419914012,0.365540378441617,416,416,0.00793854259090025,0.0275838031382606
0.752613232687098,0.359556879269238,417,417,0.0105193215848926,0.0373067091231206
0.747571151211281,0.361160149318675,418,418,0.00529084685661907,0.0331815078193992
0.750547704817089,0.364592343978209,419,419,0.00454310813751768,0.0320503594556508
0.749743515430748,0.361082123286034,420,420,0.00360116229527011,0.0344098120243197
0.752218031589166,0.363013792059284,421,421,0.00313919965402413,0.03432735442312
0.746440881102211,0.363234861744695,422,422,0.00578137868978778,0.0308208275589332
0.751271464635629,0.362013184051614,423,423,0.00498267334461059,0.0345341554568288
0.739734520343278,0.366358823329404,424,424,0.0123282466043423,0.0250349092626982
0.748279555310381,0.362703414323225,425,425,0.00929406464317213,0.0322493562145086
0.744752298206849,0.366940655952898,426,426,0.00551323492177215,0.0267784999623664
0.745597634006205,0.366342669612717,427,427,0.00103546138349897,0.0277362680717607
0.746760184118388,0.362149510460873,428,428,0.00435133386859999,0.0319169509702675
0.751985485197715,0.363293479794132,429,429,0.00534905946920139,0.0339636433782677
0.740555975351285,0.366109757393399,430,430,0.0117713684355627,0.0255761619451393
0.750817115835193,0.361262950362809,431,431,0.0113482396177677,0.0348718813934231
0.743823399957908,0.364193700480189,432,432,0.00758296498888857,0.0287046819634771
0.753321830765507,0.357054321478175,433,433,0.0118823785641235,0.0397548298419711
0.747616526289214,0.359948234410987,434,434,0.00639728311315912,0.0342505207575424
0.750161121270781,0.359764175063856,435,435,0.00255124312120248,0.0357390396304819
0.742483308342288,0.365567983034917,436,436,0.00962460380118993,0.0268727085186995
0.748078617185572,0.361294777851773,437,437,0.00704043774128975,0.033329664648616
0.739628437792847,0.363319297614633,438,438,0.00868931597074488,0.0278511390792418
0.746493385042493,0.364258737211638,439,439,0.00692892830795893,0.0299755569554179
0.738335267159524,0.365390711190672,440,440,0.00823627661517149,0.0254777489784283
0.746291580718346,0.36183101348639,441,441,0.00871632796492661,0.0319587984627494
0.733488570643879,0.369909820918511,442,442,0.0151388307504971,0.0199615362658267
0.736081987825395,0.370645027764665,443,443,0.00269561528857736,0.0197942538379658
0.733372700544511,0.367098317529199,444,444,0.004463114502757,0.0227320447640413
0.742382919294107,0.361220478983446,445,445,0.0107579286057084,0.0307915468032474
0.737113798651846,0.36172718412922,446,446,0.00529342823201207,0.0286857188934909
0.739915690235549,0.364982874620031,447,447,0.00429535994053923,0.02638384584429
0.73269791909462,0.366347765720191,448,448,0.00734568907306393,0.0234062000270758
0.739001781320894,0.363677814105312,449,449,0.00684597112129757,0.0273125098034314
0.736258519981422,0.365712733464831,450,450,0.00341560822934768,0.0246102581039734
0.73573320618889,0.374882252384861,451,451,0.00918455397966624,0.0156501333071576
0.730051943622458,0.372109016965621,452,452,0.00632199169876612,0.017556082718971
0.73224752147494,0.37886483985049,453,453,0.00710364026102247,0.0109215769816748
0.727073294785182,0.375534363382524,454,454,0.00615342955925212,0.0145502541047926
0.734513409424657,0.370789340593956,455,455,0.00882442899640311,0.0192749877910059
0.734452598308743,0.371375103242368,456,456,0.000588910750533178,0.0186892597611398
0.737840862514302,0.373761979795933,457,457,0.00414457645708569,0.0174779337286218
0.731650191927868,0.374168580653102,458,458,0.00620400891092122,0.0155261528523955
0.737985984013301,0.374004249336514,459,459,0.00633792285622439,0.0173195066019283
0.72757193804975,0.37759587367007,460,460,0.0110159937674438,0.0124293336059563
0.740965498804246,0.371023799773703,461,461,0.0149191026869476,0.021335509852434
0.729603051129174,0.375454097244082,462,462,0.0121956038327256,0.014236366311319
0.741767138335763,0.365199218859892,463,463,0.0159099826600793,0.0268979362434159
0.730543027307935,0.373656879295093,464,464,0.0140539207483953,0.0160005019158104
0.737916968880474,0.370908697986227,465,465,0.00786940371449024,0.0201355239307606
0.732233638544361,0.372117301750364,466,466,0.00581041881176129,0.0176184449546995
0.737505606562906,0.370019704743935,467,467,0.00567393690394384,0.0208252733731541
0.733090840088682,0.371831803674252,468,468,0.0047721971412744,0.018002428777445
0.731157780121118,0.373989759647571,469,469,0.00289715288187969,0.015678485328982
0.723525895741516,0.378717853729626,470,470,0.00897777995009767,0.0130130947226114
0.729187003165475,0.376838020651253,471,471,0.00596505739018113,0.0128940876161176
0.721848545131435,0.378791510636832,472,472,0.00759401668691443,0.0139352237362943
0.730526146729569,0.369152368822956,473,473,0.012969727229358,0.0205050380275088
0.723254376381959,0.370862457412233,474,474,0.00747014370487944,0.0201697024268292
0.7315752758928,0.370842392131339,475,475,0.00832092370383312,0.0188416130712867
0.724935318541602,0.374803668607914,476,476,0.00773180088657229,0.0158877447381111
0.732138462702931,0.37324572634356,477,477,0.00736969944488572,0.016486076987587
0.722973487025634,0.377556606727591,478,478,0.0101282016592708,0.0142894178902744
0.730257776184532,0.374408430782535,479,479,0.00793548236287319,0.0152521885782207
0.721798286683189,0.377438089805473,480,480,0.00898564390673329,0.0150437311720551
0.73052294367191,0.372828652460075,481,481,0.00986744912386098,0.0168287756170429
0.723852052020539,0.376085070722808,482,482,0.0074232779367466,0.0151454284502392
0.731286064313021,0.375048870729136,483,483,0.00750588097372052,0.0146258522577658
0.727712468237773,0.375863535373599,484,484,0.00366527862405682,0.014087391365366
0.739635448962599,0.366852884686938,485,485,0.0149448752139859,0.024539021738192
0.731487054664719,0.369798970084736,486,486,0.00866462629343247,0.0198793867948044
0.734540214801177,0.371224105606763,487,487,0.00336939135082315,0.0188552330944168
0.72359817203892,0.37514892656535,488,488,0.0116246513654408,0.0160981025058129
0.731374918501319,0.374294792422952,489,489,0.00782351140305022,0.0153834521228816
0.72258512657055,0.38072612633548,490,490,0.0108913955983909,0.0119824910043084
0.737476690553169,0.369471715836882,491,491,0.0186660235058084,0.0213334166133773
0.722853071417156,0.380810156678874,492,492,0.0185043367177132,0.0117421079299522
0.734934739693657,0.371294094921766,493,493,0.0153792763063966,0.0188740583501648
0.727872453896423,0.375194106485307,494,494,0.00806758767399317,0.0147132883213159
0.740484519509026,0.367323699674919,495,495,0.0148663210774426,0.0244340205415528
0.726522175471124,0.377646134110604,496,496,0.0173637468223817,0.0126760474339935
0.741813834578342,0.367991145418185,497,497,0.0180846245441295,0.0244084163863978
0.729640159991629,0.374088338018253,498,498,0.0136152161402424,0.0155969623196187
0.740774563657077,0.368649057825031,499,499,0.0123919616689816,0.0233540398794291
0.727453714896194,0.376969222715991,500,500,0.015705736389074,0.0130660388927445
0.740068250698042,0.370106606212799,501,501,0.0143604324017766,0.0217343721655375
0.726466842621855,0.37790691048425,502,502,0.0156793829082073,0.0124473731266345
0.741762220251961,0.370643680054385,503,503,0.0169323091492234,0.022061467229703
0.723783795387234,0.378495193568447,504,504,0.0196181045230708,0.0130649600893228
0.741739386041489,0.366525830769562,505,505,0.0215793623991652,0.0256855103157724
0.722626580984723,0.378006636531696,506,506,0.0222959237997845,0.0141029035069509
0.745185183672371,0.362670097518046,507,507,0.0272781961305431,0.0306889998743654
0.735010046619553,0.368527979698021,508,508,0.0117408772107577,0.0215901316695123
0.749941297082786,0.360302985343131,509,509,0.0170467818820375,0.0351680594035494
0.729985381897876,0.37258300922484,510,510,0.0234315500426816,0.0170844670367204
0.745677497142846,0.364746950738878,511,511,0.0175398487295884,0.0291317761021145
0.731615673703,0.372533499410323,512,512,0.0160737431442148,0.0171555405048929
0.746980618913573,0.363460634108715,513,513,0.0178437223164074,0.0309105689277141
0.738234876427608,0.366895128094095,514,514,0.009395943835849,0.024017000690616
0.74751481460223,0.359481479609017,515,515,0.0118776864912786,0.0346062590297606
0.730829243760684,0.37116357829663,516,516,0.020368596025632,0.0184955429105884
0.743582378509589,0.362478691445206,517,517,0.0154295076248657,0.0301315757138787
0.729607133035886,0.373699987475178,518,518,0.0179227500859248,0.0159865962043911
0.742748503795161,0.362743467134468,519,519,0.0171096745559087,0.029539620443718
0.728106720210141,0.374974495244686,520,520,0.0190782566075493,0.0148886212072755
0.748561610640957,0.358708300213314,521,521,0.0261341088108111,0.0357968963373822
0.733570770831288,0.371514640173079,522,522,0.019716176641637,0.0183886362125515
0.74860783155572,0.357243983678017,523,523,0.0207307701745574,0.037092659956879
0.729936477969561,0.370624953110105,524,524,0.0229710641390834,0.0190430551785899
0.741934517392986,0.360937689826009,525,525,0.0154206361717493,0.0308851564580884
0.733276153442798,0.366262384284631,526,526,0.0101646267699108,0.0235505655954325
0.748876661693852,0.358327993254589,527,527,0.0175022975265768,0.0362841058353888
0.734330021071578,0.364264266973646,528,528,0.0157112729930185,0.0256694490867727
0.741813621075278,0.362974529247989,529,529,0.00759392470441726,0.0289536615320115
0.734330622403182,0.366899718021648,530,530,0.00844999266481577,0.0230656946627589
0.74381283335285,0.358418710721945,531,531,0.0127216276203798,0.0339283661235324
0.733431764139535,0.366451354466983,532,532,0.0131259271499706,0.0233813665344377
0.746685329043528,0.359926019877182,533,533,0.0147728458386737,0.0338163393778202
0.741340322311584,0.364377477870506,534,534,0.00695590218669425,0.0274772199068867
0.750897914937163,0.357875540584326,535,535,0.0115595313603078,0.0377248919829761
0.738410672593582,0.366314763908469,536,536,0.0150715530607196,0.0246231295257544
0.744729202033421,0.364046959292602,537,537,0.00671317749339736,0.0292622209744199
0.739353084016005,0.363634977838436,538,538,0.00539188034508954,0.0274635388277797
0.747776148637768,0.358967016656349,539,539,0.00963005084201867,0.0351828023286255
0.739315150040919,0.364951533318896,540,540,0.0103635388232093,0.0262067706889911
0.746497080887964,0.360546593294904,541,541,0.00842517817655504,0.033181295108418
0.741286960067594,0.361037307201397,542,542,0.00523317868038911,0.0305595533753619
0.746382163501691,0.36223575830028,543,543,0.00523425095608208,0.0316521606593453
0.737874538135132,0.364793228350327,544,544,0.008883712198997,0.0259139067563339
0.740235812984639,0.364010258159254,545,545,0.00248770199883823,0.0274068370509287
0.734813598597184,0.370040439016468,546,546,0.00810946915859673,0.0200699316362502
0.743671533549382,0.365386633374667,547,547,0.010006044101893,0.0275794782083184
0.739512850925083,0.368109898257522,548,548,0.00497099716272689,0.0233282164753156
0.741342810955226,0.369817059057659,549,549,0.00250262895960351,0.0225746848194747
0.740449000987926,0.367850247152926,550,550,0.00216038082898502,0.0239390134211208
0.746124129434208,0.365264202361473,551,551,0.00623656239808412,0.0289283499117581
0.736693669800847,0.366994154126258,552,552,0.00958782050337396,0.0234750432362739
0.745712645353748,0.361208586383618,553,553,0.010715162813905,0.0322261935538486
0.739434672960447,0.366595474868443,554,554,0.00827233370452373,0.024705697361735
0.749569506834769,0.357899622513451,555,555,0.0133541269216652,0.037005453891988
0.739693167514687,0.36799470181354,556,556,0.0141227725479271,0.0235040356821693
0.74862532685783,0.357990282205638,557,557,0.0134116323474166,0.0364509756475553
0.738266662158643,0.371238471190553,558,558,0.016817147371959,0.0199609797169324
0.750781545613288,0.359312167234457,559,559,0.0172875398462737,0.0364581599777408
0.742275205215558,0.361393393941723,560,560,0.00875724451920155,0.0305905613298506
0.74870241616718,0.35741497846906,561,561,0.007558890810812,0.0369895948059897
0.741252975501158,0.366375373249408,562,562,0.0116525894485419,0.0256145044174777
0.744670779072848,0.36382394681234,563,563,0.0042651093911438,0.0294295694272923
0.738239094270681,0.366035694543398,564,564,0.00680135261696269,0.0248343478616925
0.743734732967388,0.366695481403141,565,565,0.00553510283418821,0.0264663354663853
0.742207326620614,0.36354810794824,566,566,0.00349841818723576,0.0285839072032839
0.747341658580255,0.362668345242229,567,567,0.00520915992177953,0.0317738785391303
0.744548174879503,0.360886358823643,568,568,0.00331346145026454,0.0319853565143106
0.752395268140608,0.358441956924579,569,569,0.00821900074781772,0.0380866473049481
0.742708216414275,0.362289015723478,570,570,0.0104229953732519,0.0299379095652652
0.750260319810707,0.35796347568325,571,571,0.00870313520232812,0.0373105172940857
0.744748829204403,0.355726986625538,572,572,0.00594797545460953,0.0367724233769191
0.750252188056102,0.359890033969804,573,573,0.00690057402258533,0.0356839742024405
0.742882542095217,0.363054378947443,574,574,0.00802027186112183,0.0293126588020779
0.749651214114931,0.358646216322397,575,575,0.00807755028701871,0.0364094998554925
0.740419740825895,0.364953386318706,576,576,0.0111803619104454,0.0265938977865388
0.746763615163777,0.362933065040122,577,577,0.00665781042712525,0.031245943941151
0.740304889566874,0.361843587145864,578,578,0.00654996934482692,0.0294670403846449
0.748719826258354,0.357020617449146,579,579,0.00969908223581412,0.0373423013810378
0.743397301982257,0.360623912191388,580,580,0.00642751878014473,0.0317394368559777
0.753329116184048,0.353024789961179,581,581,0.0125055024692551,0.0431249929445978
0.744517681393343,0.359786041510106,582,582,0.0111065703787759,0.0329656916754853
0.750040653242051,0.362642239037846,583,583,0.00621780366038418,0.0332984742750697
0.741974918698582,0.362813589468903,584,584,0.00806755444331995,0.0291647238295403
0.748739835447291,0.357402593631906,585,585,0.00866273482019221,0.037018739260073
0.745440888405,0.35761569066441,586,586,0.00330582242915555,0.0353229222641145
0.755228523222884,0.352813569742875,587,587,0.0109022089813625,0.0443321215645016
0.744009591802885,0.359091554043608,588,588,0.0128560300671278,0.033388590246526
0.754949767558276,0.35209852858978,589,589,0.0129842154386298,0.0447757763666575
0.739501241378401,0.365789690198342,590,590,0.0206423077034052,0.0254827544102629
0.751766503074496,0.356756880855912,591,591,0.0152324748183079,0.039135489852183
0.748871191347489,0.354995542496485,592,592,0.00338897371086559,0.0391950052553694
0.755142814578018,0.351904258688499,593,593,0.00699208792330454,0.0450438653588681
0.754908727322398,0.346520282709033,594,594,0.00538906245934459,0.0495278966654135
0.760538023365893,0.34756115127447,595,595,0.00572471670179607,0.0516717124068483
0.750229260983517,0.354366453815171,596,596,0.0123524379993081,0.0403955252962755
0.755065071216176,0.353914788342902,597,597,0.00485685724570134,0.0433286330427265
0.746947762253754,0.35854768678839,598,598,0.0093463604037944,0.0351557879380792
0.760296227294248,0.352467398833085,599,599,0.0146680407879416,0.0476081525979193
0.751667425499354,0.35555253410774,600,600,0.00916374814573653,0.0401010532550259
0.7589552083267,0.352297385688773,601,601,0.00798171471352288,0.0469179216587858
0.747280324338938,0.360065513281392,602,602,0.0140230782078299,0.0339822986709398
0.752737283189694,0.35860921318393,603,603,0.00564793855071984,0.038147378579849
0.744332028911245,0.360676295115438,604,604,0.00865569911659035,0.0320811502129312
0.755490617191269,0.356815239114941,605,605,0.011807702818163,0.041224624602499
0.745908712026387,0.356564002943241,606,606,0.00958519828708678,0.0364738271402771
0.747714243315846,0.361329596017147,607,607,0.00509615743313358,0.0331099472783911
0.74348147954387,0.358075978956728,608,608,0.00533875576564396,0.0341174500339982
0.751254922685055,0.357084177093636,609,609,0.0078364589710438,0.0385841301629846
0.743136042747529,0.357880916481215,610,610,0.00815787993854211,0.0341695864328258
0.746774917039866,0.362076169767516,611,611,0.00555351746658342,0.0319876413531517
0.738387361820906,0.367153530051047,612,612,0.00980462492907759,0.0238218229899769
0.748318047410388,0.361509041123149,613,613,0.0114227304763047,0.0332745878706329
0.741242238270553,0.363758098599693,614,614,0.00742464372991518,0.0280106124251782
0.751140033555005,0.357889266514925,615,615,0.0115069344976029,0.0378443612486926
0.739315689772447,0.364758770496686,616,616,0.0136749841258976,0.0263887504604854
0.749427281879788,0.353977297080191,617,617,0.014781219975896,0.0403550908553139
0.74107216131412,0.35951345416621,618,618,0.0100228276922189,0.0319198614743696
0.749168434571616,0.35905412093154,619,619,0.00810929267448783,0.0358096531934365
0.742577339786965,0.357971233421243,620,620,0.00667945924609244,0.0338836763868848
0.748124259442615,0.356531999012061,621,621,0.00573059450238927,0.0374875976906681
0.738509615530698,0.363546038442637,622,622,0.0119011817348794,0.0272907209816732
0.74817430466645,0.358816950521168,623,623,0.010759669542309,0.0355094424779873
0.7385578981428,0.365203291455344,624,624,0.0115438565893564,0.025724550940443
0.74736780703355,0.358246362372624,625,625,0.0112255671092968,0.0356188258204556
0.738116484736562,0.365973275169368,626,626,0.0120537191609576,0.0248562446631862
0.749922296222077,0.357517182110075,627,627,0.014521800668613,0.0375149094630431
0.739966278000578,0.365567872775211,628,628,0.0128037462881972,0.0258559134799619
0.750889870967413,0.3593424655252,629,629,0.0125730099313407,0.0364931413462612
0.744260850679677,0.359256884665935,630,630,0.00662957269050514,0.0333396670551094
0.75760558990941,0.351390092467292,631,631,0.0154909161964749,0.0468521058445276
0.746882501013752,0.355099128749729,632,632,0.0113464349294668,0.0382132960529644
0.746357585235366,0.358820285597888,633,633,0.00375799745383074,0.0346419347343997
0.746251694095459,0.352956840458176,634,634,0.00586440123456182,0.0399090834428749
0.750701157583721,0.356499883119475,635,635,0.00568778310356225,0.0387884315072002
0.738720760425593,0.363995097759861,636,636,0.0141318137042613,0.0269245240020838
0.752687174064723,0.353997954295207,637,637,0.0171756684700234,0.0419596175645353
0.742097225086242,0.35917416283132,638,638,0.0117872878210447,0.0325886829629625
0.748783452707209,0.357165399308191,639,639,0.00698145906607101,0.0372468958083614
0.741389961744109,0.363443876100682,640,640,0.00969963810950121,0.028357420265625
0.74861411934122,0.359968405246146,641,641,0.00801669200160738,0.034740457202876
0.742774078996358,0.362765845292329,642,642,0.00647547234119697,0.0295297904402925
0.74906598836977,0.360917238592804,643,643,0.00655785561694934,0.0341755490298647
0.742500705579376,0.36436112298251,644,644,0.00741372226398404,0.0279670997631669
0.754758424047128,0.357071287938267,645,645,0.0142616042928882,0.0405803476199634
0.748976952757791,0.356533997610946,646,646,0.00580638365639542,0.0378925530885457
0.757221704172656,0.354357825237692,647,647,0.00852711276406143,0.044228792877069
0.747721126544555,0.358627070493635,648,648,0.010415729946718,0.0354530850150568
0.758531574442204,0.352734091661834,649,649,0.01231231023244,0.0463139715358845
0.74598580337932,0.363892200610116,650,650,0.0167898709603159,0.0300230530058089
0.757446695335544,0.357406928058521,651,651,0.0131685536221989,0.0419792953402232
0.750308529648812,0.360961980593664,652,652,0.0079744471845308,0.0348266818557592
0.764098753566335,0.348752339459905,653,653,0.0184186213466327,0.0528882418672501
0.753567461314784,0.35617095442762,654,654,0.0128819239450791,0.0406209730173904
0.758889469130409,0.35241941137864,655,655,0.00651136256385196,0.0467809923493135
0.752047516096518,0.356335578612367,656,656,0.00788344386169482,0.0396418486340862
0.756780219076263,0.3567639129071,657,657,0.00475204669195619,0.042056784918392
0.751144699806059,0.357738561098923,658,658,0.00571917970889746,0.0379734854217699
0.755945492293924,0.357525846622167,659,659,0.00480550267507638,0.0409411070029167
0.749515506922704,0.355640171799689,660,660,0.00670078214914065,0.0389354610962764
0.753746195681229,0.358097628425613,661,661,0.00489262919500483,0.0391534463863901
0.750211054107118,0.355824371864798,662,662,0.00420296577910123,0.0391191270717959
0.758693351451002,0.35343177934665,663,663,0.00881327789122496,0.0458587075126313
0.748120228963877,0.360781152998885,664,664,0.0128764984451488,0.0337894121912509
0.758173948608127,0.351956469413257,665,665,0.0133773061216236,0.046724128178077
0.745370750504677,0.364102754965268,666,666,0.0176480631908198,0.0295296051330182
0.757533798257769,0.35351513407146,667,667,0.0161256766318503,0.0450901361211252
0.747126176995643,0.360258443385179,668,668,0.012401241907017,0.0337385336420935
0.762136603626985,0.348497379861775,669,669,0.0190692297394641,0.051868835217417
0.751585626261545,0.355798397030191,670,670,0.0128307433556884,0.0398489704873461
0.763123782308923,0.343712033205125,671,671,0.0167095552150714,0.0563071625200047
0.751883661907022,0.353349516131763,672,672,0.0148061265633688,0.042099692932913
0.756991520988572,0.35653549697711,673,673,0.00602002477934164,0.0423671079070797
0.741135840715639,0.362878349617735,674,674,0.0170773058922696,0.0287867869876887
0.750836772591466,0.355423893915151,675,675,0.0122342547415535,0.039781050255964
0.743610539189529,0.356623745716163,676,676,0.0073251684979707,0.035513164975807
0.751683748221669,0.350056292964997,677,677,0.0104071196647013,0.0448763705892587
0.74303777093334,0.356833057239486,678,678,0.0109853291849755,0.0351111616073539
0.761246363164326,0.344656573943825,679,679,0.0219047843286303,0.0544600562011256
0.747206234608506,0.355036507624071,680,680,0.0174604763128111,0.0384090151648293
0.754593358946739,0.354439098453816,681,681,0.00741124171142891,0.0426295845872461
0.748161664259884,0.355062104517558,682,682,0.00646179797737346,0.0388094896656864
0.755961401067535,0.353494721676367,683,683,0.0079556635951685,0.0441846576123916
0.749799739784609,0.354003678970372,684,684,0.006182645654785,0.0405072176593238
0.760872219720009,0.344656168058987,685,685,0.0144905407821202,0.0542505492653932
0.750047165229517,0.351771309825616,686,686,0.012954035937936,0.0425978619350494
0.757615960802806,0.351949666486208,687,687,0.00757089674534149,0.0464022307531187
0.752146501642634,0.351935569551639,688,688,0.00546947732679804,0.0434549133901728
0.755841087376267,0.353917891299033,689,689,0.00419279897602543,0.0437694257016951
0.752380413816255,0.351679481530702,690,690,0.00412149727404084,0.0437934057412868
0.759973741080714,0.350422607171444,691,691,0.00769664550957917,0.0490279757385183
0.750421196079083,0.353922502297635,692,692,0.010173513744155,0.0408767974797681
0.754310186306203,0.356234261723514,693,693,0.00452421005588514,0.0409943372413852
0.743089925353724,0.358278544790455,694,694,0.0114049703681987,0.0337830096795991
0.75061029995116,0.360150875093103,695,695,0.0077499454738712,0.0356666173998767
0.74221293848766,0.358555272259729,696,696,0.00854760948748564,0.033208690130268
0.74606092980423,0.363238725506671,697,697,0.00606149911232366,0.0306236168011393
0.746640889496043,0.356912122024868,698,698,0.006353130319779,0.0364748235436884
0.749420680869263,0.360651273862965,699,699,0.00465923776458912,0.0345914836158323
0.740487541799768,0.35685320468956,700,700,0.00970702338932565,0.0342695395053569
0.749296142622648,0.357103589576261,701,701,0.0088121587053536,0.0375537844588951
0.745536470150453,0.356373862263557,702,702,0.00382983538146068,0.0364922281232196
0.744666391655043,0.362604799865146,703,703,0.00629139253131384,0.0305033052028549
0.737398515094147,0.361277810683817,704,704,0.00738802612284134,0.0291886949075135
0.752649079886104,0.350639888259528,705,705,0.0185942227581278,0.0448296328666518
0.736753139460704,0.362150417405245,706,706,0.0196258300008496,0.0281925529572696
0.746783037185897,0.358513451509053,707,707,0.0106689441515031,0.0351097323881753
0.735811565711256,0.36477086287115,708,708,0.0126304545948815,0.0254317758597999
0.743672887310875,0.356363256661274,709,709,0.0115103527084522,0.0357783746210222
0.73777729589762,0.361161266297833,710,710,0.00760124296313123,0.0293925556648666
0.7510541942304,0.354161466299066,711,711,0.0150091048820946,0.0409807131674505
0.746725751935565,0.353343222123041,712,712,0.00440510343026336,0.0397443447959653
0.751135153620924,0.350982883017392,713,713,0.00500140219503517,0.0438006652312062
0.746035502494997,0.354429876880981,714,714,0.00615533982017098,0.0384714195889366
0.75339246872025,0.349989352880022,715,715,0.00859320693586594,0.0457630619922469
0.745556597225656,0.352553742972425,716,716,0.00824481525722739,0.0400146542939078
0.750535118787247,0.351272144881103,717,717,0.00514083364902038,0.0432653719810225
0.741157622465957,0.355599275115921,718,718,0.0103277051335169,0.0356647914751668
0.747806356257074,0.354304456165721,719,719,0.00677364135003774,0.0393293829150661
0.745216222414434,0.354166162842391,720,720,0.00259382311772998,0.0383931679432459
0.751639507067596,0.356182423593261,721,721,0.00673230221774479,0.0395518603622452
0.745318893667421,0.356345553387426,722,722,0.00632271817213259,0.0364294398478619
0.753925657126587,0.357434885697955,723,723,0.00867542633677462,0.0397946350967534
0.750517255217905,0.355518339983679,724,724,0.0039102878469514,0.0395376728176506
0.755563278258197,0.349965096524588,725,725,0.00750338999646817,0.0469038030362939
0.742648781962947,0.35554704313899,726,726,0.0140691983625956,0.0361846218587747
0.747766219226396,0.354752525882383,727,727,0.00517874712805965,0.0389093595188814
0.739877073056198,0.356716231747744,728,728,0.0081298688808866,0.0342297362699341
0.744988272492796,0.361064928204486,729,729,0.00671085095599369,0.0320205223942894
0.742709813449298,0.355556281723332,730,730,0.0059612550412836,0.036196330730759
0.75133687874183,0.357608005867291,731,731,0.00886768445111356,0.0381874406717471
0.742902031251,0.36076226166335,732,732,0.00900533074464998,0.0314152861709857
0.756494902137415,0.351959161611737,733,733,0.0161944653957285,0.0457501400929435
0.744255382238051,0.358337327859427,734,734,0.0138016974336526,0.0341780518799026
0.75356388592694,0.353571366330115,735,735,0.0104576589265925,0.0427873646949811
0.741669193530445,0.36215212282155,736,736,0.0146667341004239,0.0296589480107752
0.748611237264409,0.357259070773496,737,737,0.0084931695820372,0.0370811334027064
0.736754640773781,0.363778255649095,738,738,0.013530655999759,0.0266070437289754
0.749352431421119,0.355050679680987,739,739,0.0153256292358013,0.0393734932883768
0.739784587322172,0.359560552021822,740,740,0.010577456652352,0.0314747908253633
0.750582540306651,0.352249652982579,741,741,0.0130401316487612,0.0424228677311858
0.738249959697773,0.362055772265082,742,742,0.0157560312216356,0.0286491891329439
0.744171295377053,0.356020680587143,743,743,0.00845485350481268,0.0362812225837158
0.732922452159969,0.363865009123733,744,744,0.0137138602848542,0.0258990884467143
0.740491514244085,0.361353666163396,745,745,0.00797480685017735,0.0299911098262243
0.732869543986313,0.362382919774447,746,746,0.0076911503434936,0.0273709101372563
0.744514887165947,0.356937455346428,747,747,0.0128556252515493,0.0355662108894265
0.733995362018247,0.363868893645826,748,748,0.0125978270440359,0.0260144976635092
0.744958797401842,0.357054296559882,749,749,0.012908743116741,0.0356356211475592
0.732741328430275,0.364379398255165,750,750,0.0142451276904577,0.0253707442124269
0.739853457309812,0.361875787267255,751,751,0.00753992341989799,0.0292905088942027
0.733280214670256,0.362520971294156,752,752,0.00660483014369354,0.0272710424175374
0.739252364939487,0.364687354931422,753,753,0.0063529360851572,0.0264352861112415
0.733464078868745,0.362697012728287,754,754,0.00612092458067622,0.0271148603343645
0.742386735858125,0.358795773024744,755,755,0.00973824824979461,0.0330452844381549
0.73749580538176,0.357664013340277,756,756,0.00502016741832527,0.0327336639637336
0.742797207854014,0.359997903140702,757,757,0.00579240103699182,0.0320796385095519
0.732807384009037,0.363031582119533,758,758,0.0104402963846951,0.0267193207864947
0.743809464213503,0.357707463504098,759,759,0.0122226023357025,0.0345830521341961
0.736232944414555,0.359805234117234,760,760,0.00786157069606203,0.0303838583617932
0.744599323099407,0.356509345216299,761,761,0.00899217303801728,0.0359932704838934
0.733723921105773,0.362799811646701,762,762,0.0125636115999796,0.0270416893810246
0.745527381878136,0.35695728313718,763,763,0.013170300892131,0.0359571221627669
0.731340533747103,0.364361081207627,764,764,0.0160025899704054,0.0253078989621194
0.740798166105399,0.361115897512667,765,765,0.00999890129157749,0.0303176430948122
0.730032648737733,0.370357525492741,766,766,0.0141881659109135,0.0193074021879239
0.741139044384626,0.363774527508137,767,767,0.0129107663107435,0.0279562591688941
0.741948767635194,0.357112428904728,768,768,0.00671112580302607,0.0344756423374382
0.752364103235471,0.35101502690095,769,769,0.0120688660139248,0.0443628440025476
0.743680569052026,0.356325499368396,770,770,0.0101786484241555,0.0358163233452895
0.747588128300575,0.360786409781827,771,771,0.00593032385267256,0.0335116492660726
0.742688218673065,0.356587961940807,772,772,0.00645260246966498,0.0352186346246442
0.746938489881773,0.355446895544501,773,773,0.00440077696189565,0.0379232107975263
0.737007218936697,0.361136579629743,774,774,0.011445638801499,0.0292374395269834
0.742956785436499,0.359681365612424,775,775,0.00612494811176202,0.0324331127271111
0.737580340721335,0.359755986116165,776,776,0.00537696252495733,0.0307113697534496
0.74074458405712,0.362083965520622,777,777,0.00392834876196566,0.0293895159606947
0.73430573295379,0.364774214639691,778,778,0.00697826940247418,0.0251614881045618
0.740626329997449,0.361692675184633,779,779,0.00703177306242037,0.0297167222965914
0.737053001131966,0.361792415496765,780,780,0.00357472059198452,0.0286083781380186
0.742404635290635,0.364741242077666,781,781,0.00611028365728348,0.0275824132303931
0.735379528846986,0.364326189307351,782,782,0.00703735670168487,0.0257830607680565
0.742596790154732,0.360653869424975,783,783,0.00809782650485832,0.0313968589722849
0.730152793730012,0.368267493348434,784,784,0.0145883623572454,0.0213939948663722
0.743767051400894,0.362766331225818,785,785,0.0146836915191128,0.0299532662813898
0.73547484289401,0.365055575355196,786,786,0.00860240435026945,0.0250852763886039
0.74271071203419,0.360469752441642,787,787,0.00856665477349795,0.0316105859071491
0.739274223355935,0.354768402196118,788,788,0.00665693991695261,0.0359575070726099
0.737782259684168,0.366530580807442,789,789,0.0118564244729416,0.0242242546261919
0.733807587418737,0.361933568057459,790,790,0.00607705075189387,0.0279117871908363
0.738502766487917,0.366462691906965,791,791,0.00652362394193797,0.024512575298483
0.735844350869554,0.362410886908276,792,792,0.00484605998181593,0.0277516176723813
0.742919416131647,0.361571866197266,793,793,0.00712464063770115,0.0306792672019088
0.733175021531033,0.363977882645068,794,794,0.0100370384715603,0.0258109151610202
0.735613116907962,0.368376626743182,795,795,0.00502924037084097,0.021869328601569
0.730187722104154,0.367232012972275,796,796,0.00554482186023515,0.0224286564178072
0.740115781443492,0.360493562490451,797,797,0.0119988781617877,0.0306852203174151
0.73193138420927,0.363520730512362,798,798,0.00872628811811878,0.0261718739546208
0.734321125529277,0.367114516228213,799,799,0.00431580344177085,0.0228522326672118
0.72717570477703,0.365900109605794,800,800,0.00724788390988804,0.0239989842514677
0.73224717817164,0.369697997960256,801,801,0.00633591337892106,0.0200294082531726
0.724650813017923,0.370371819329209,802,802,0.00762619163054874,0.0201744739058156
0.729048285519594,0.374092862193985,803,803,0.00576054896728196,0.0156390369045707
0.725021556316082,0.373183037872983,804,804,0.00412823550363843,0.0173846641260194
0.731686385309124,0.371457252316161,805,805,0.00688464097064124,0.0182340962633366
0.725007122517439,0.370863754253226,806,806,0.00670557912421473,0.0196005948014054
0.729942962454155,0.371861890483947,807,807,0.00503575136558212,0.0178066272514759
0.723858501808549,0.375520554550259,808,808,0.00709975239695347,0.0156505451907327
0.727728939075902,0.37620171545484,809,809,0.00392991918726594,0.0137530141709676
0.722544376879607,0.376495503601561,810,810,0.00519287941727908,0.015417530878537
0.72984152586346,0.372092976134398,811,811,0.00852236067012362,0.0175796194808082
0.723724974915749,0.374227565776288,812,812,0.0064783229647199,0.0168813479249989
0.731143206214229,0.374018293528645,813,813,0.00742118255208603,0.015649433931109
0.724338380246127,0.37382837233548,814,814,0.00680747578150444,0.0170127213436172
0.733102661272418,0.368766662226649,815,815,0.0101209451699752,0.0210432375501052
0.726029469572258,0.369492328062139,816,816,0.00711031868005919,0.0206706543256742
0.733034136213317,0.367513435018983,817,817,0.00727883042999469,0.0222802166552192
0.724190186231893,0.369400412413111,818,818,0.00904301581110436,0.0212388713322623
0.731701477480963,0.366561863877003,819,819,0.00802974806704402,0.0231230195596055
0.719365917108367,0.373450111029161,820,820,0.0141284818198972,0.0197049089853976
0.724588661205884,0.371518187942635,821,821,0.00556860689224801,0.0191009676970931
0.719234294353469,0.369740980710107,822,822,0.00564160526247511,0.022918077640124
0.728371525581622,0.3708259277852,823,823,0.00920141862282644,0.018959720862887
0.723662143693016,0.371957484931304,824,824,0.00484341814709709,0.0190013537458731
0.731823615771416,0.36661947629238,825,825,0.00975212606131244,0.0230717716642676
0.725791020155123,0.366202989077769,826,826,0.00604695555380203,0.0239369751306496
0.737641387298067,0.360102000121532,827,827,0.0133286633863531,0.030388724801746
0.720688512985995,0.370093547693705,828,828,0.0196781851380639,0.0219192702499903
0.727833131596606,0.365084444421142,829,829,0.00872563411370724,0.0247252328619872
0.718007321900895,0.368416817767765,830,830,0.0103755119535194,0.0246793001222639
0.726242061325472,0.364327325190971,831,831,0.00919428534070719,0.0256976884403513
0.718783743251301,0.369806594074548,832,832,0.00925466887543993,0.0230878704299357
0.730160001881196,0.363867851795885,833,833,0.01283307914207,0.0257928143910302
0.72265076491207,0.366597682241555,834,834,0.00799003217268848,0.0243827255309101
0.733402681527798,0.359068638724509,835,835,0.0131259364310945,0.0307192766013795
0.723456015780736,0.365220306108028,836,836,0.0116952627623852,0.025452447432664
0.734814395521596,0.358123646665533,837,837,0.0133931088840624,0.0318176086267274
0.726344873947938,0.365272895363935,838,838,0.0110835261825052,0.024748385517491
0.7334411983971,0.355880166400132,839,839,0.0117720507166449,0.0338987060797312
0.723895048297128,0.364731146802614,840,840,0.01301801965801,0.025805362904249
0.733807934317988,0.357409261487325,841,841,0.012323770276698,0.0324098944212911
0.726872730375237,0.362633010901929,842,842,0.0086824312075673,0.0272765530278815
0.732807454501335,0.360437488889846,843,843,0.00632781695045273,0.0293051394503426
0.723488703093107,0.368566801455997,844,844,0.0123662787695625,0.0222487068754696
0.730516818153047,0.366764445867009,845,845,0.00725554181056864,0.0228929764680654
0.725507685119464,0.366172674614252,846,846,0.00504396738329341,0.0240248215025004
0.733716172534263,0.361426300441181,847,847,0.00948194776560852,0.0284054396267356
0.725744392630328,0.365810518839633,848,848,0.00909783742447149,0.0243308703107769
0.728469977225384,0.366828167489676,849,849,0.00290936765633781,0.0229258864988527
0.720723023959655,0.372074403983542,850,850,0.00935618951555453,0.0201541792846108
0.732218429227246,0.361768712608387,851,851,0.0154386403865791,0.027937111225337
0.718567643098294,0.372210694471599,852,852,0.0171865920755111,0.0211784145288148
0.725896186869433,0.365634881262188,853,853,0.00984626188817683,0.0244735754314775
0.716609690369113,0.373244864054474,854,854,0.0120062839941986,0.0215489285662594
0.724559175545324,0.368699130002761,855,855,0.00915740206803767,0.0218040951527736
0.714407539986205,0.372612235610027,856,856,0.0108797104749523,0.023491969129851
0.723203175009703,0.369925462674692,857,857,0.00919684425619073,0.021063437635059
0.720035681301124,0.372388279813962,858,858,0.00401229169619666,0.0202303091951256
0.725876749917149,0.370757650274612,859,859,0.00606440724817442,0.0194745402413965
0.725475386948445,0.366538368958442,860,860,0.00423832833291982,0.0236744086717943
0.730589512237031,0.36397609274032,861,861,0.00572009937722321,0.0256812645741481
0.723264139916885,0.372187961046734,862,862,0.0110043564423664,0.0189368853884464
0.728058787935265,0.370195747086645,863,863,0.00519206761155159,0.0196233941222456
0.725627752686592,0.367239489659711,864,864,0.00382745220147764,0.0229569265355322
0.732001488145063,0.365789984198562,865,865,0.00653647992244097,0.0239100513537647
0.721665568105589,0.36901645613626,866,866,0.0108278051435715,0.0224810349910525
0.730325400647487,0.364884768513805,867,867,0.00959497484432711,0.0247738256012316
0.723388885952665,0.367569868258196,868,868,0.00743807749010579,0.0232265988814792
0.72843223945343,0.368316456568659,869,869,0.00509831429386236,0.021448044388845
0.726472084363834,0.36434035649227,870,870,0.00443301024053908,0.0256470557238211
0.733609170482976,0.362896140738354,871,871,0.0072817413724956,0.0269328433199077
0.724175448388482,0.369181689905288,872,872,0.0113359269972111,0.0214519733507387
0.731508867821986,0.363725110527098,873,873,0.00914074937290068,0.0259491073343989
0.727010575329701,0.364380794774172,874,874,0.00454582854692182,0.0255264260708621
0.727959364029761,0.366696471213063,875,875,0.00250251021316491,0.023109208111942
0.715609707027366,0.372987666592848,876,876,0.0138597679411828,0.0224007140964796
0.722787778583101,0.369898340011438,877,877,0.0078146433050951,0.0212375899881169
0.715274273665863,0.371567420109877,878,878,0.00769666060810554,0.0236919903994257
0.72765465616509,0.367612543426024,879,879,0.0129967272961944,0.0222371974155669
0.727433343630021,0.364577220389664,880,880,0.00304338055018283,0.0252759426583587
0.733902336661337,0.365470946910051,881,881,0.00653043780557329,0.0244144158025872
0.731660882239761,0.363473395710753,882,882,0.00300238716987279,0.0262065276878927
0.736857912618687,0.36096099888882,883,883,0.00577245723677015,0.0293764392469097
0.731143202277642,0.363562224042698,884,884,0.00627887621977138,0.0261013474210831
0.733748221192088,0.367424366095797,885,885,0.00465856896299011,0.0224585140707361
0.729087900450482,0.364092690572537,886,886,0.00572875651489376,0.0256077875451205
0.73468341155544,0.364810382769102,887,887,0.00564134971569015,0.0251845922630633
0.729083046047742,0.363603871382544,888,888,0.00572885359785875,0.0260960757220265
0.738101160197788,0.362637425757156,889,889,0.00906975192439582,0.028048937008317
0.725471086014647,0.367211744795773,890,890,0.0134329136280517,0.0230182406541004
0.73209814020788,0.367365705205584,891,891,0.00662884236408173,0.0223437287255405
0.728680147091244,0.367977168933818,892,892,0.00347225644737278,0.0217626961133252
0.726793891961094,0.372787007750466,893,893,0.00516647925169108,0.0172885388493585
0.724433460967283,0.368003756025745,894,894,0.0053339602115672,0.0225072806663721
0.727237092068416,0.372405688333229,895,895,0.00521894198002892,0.0175713171446045
0.724514385524344,0.368132606781045,896,896,0.00506678960257368,0.0223612816766226
0.725420060345835,0.372513838886681,897,897,0.00447386205036969,0.0179013258001506
0.721022513061935,0.370117535607695,898,898,0.00500806265126725,0.0217491335769602
0.724592399456394,0.375102590482662,899,899,0.00613146483116246,0.0157357568521778
0.722636917000925,0.368571280494731,900,900,0.00681776516111388,0.0225302233086399
0.724734826181927,0.370373467294104,901,901,0.00276570066919232,0.0201483928833617
0.721640121816525,0.368866227488441,902,902,0.00344223284235941,0.02262907871051
0.728571028620953,0.370706390449688,903,903,0.00717102983229176,0.01905645931611
0.72285643010575,0.365009669001277,904,904,0.00806903163029744,0.0258275177006073
0.730959562572259,0.366618552192913,905,905,0.00826131108808504,0.0230420353640394
0.723371376109074,0.37042122783334,906,906,0.00848769201999947,0.0205401639865721
0.732728090638358,0.361346900544931,907,907,0.0130342442251049,0.0283923257075292
0.729071683627983,0.361299141578598,908,908,0.00365671890420659,0.0283979473504769
0.732033685830357,0.362995147914537,909,909,0.00341319418410612,0.0267021615997292
0.716523933810262,0.37183586700093,910,910,0.0178524710247445,0.0226934839134624
0.72833290554977,0.366062015597546,911,911,0.0131449295765645,0.0237014756536397
0.718527690257483,0.371887711559595,912,912,0.0114053049222861,0.0214676601644293
0.724959520326227,0.369311061969515,913,913,0.00692874888729971,0.0211065801077017
0.721340655214864,0.36762547351558,914,914,0.00399216647076242,0.0238882431659527
0.725128338392444,0.371616685428549,915,915,0.00550239187880611,0.018844492278875
0.715664076982607,0.369966404715678,916,916,0.00960706357140389,0.0246986393817584
0.72518542983896,0.370087319952206,917,917,0.00952212059940433,0.0202981997997409
0.714936902581157,0.372805337034338,918,918,0.0106028264067975,0.0229889538456034
0.715682234592125,0.37578434768333,919,919,0.00307083445554883,0.0203521134120127
0.714613625886814,0.369206794632027,920,920,0.00666379236679653,0.0259411113696998
0.718912863447493,0.373182506075815,921,921,0.00585574291507252,0.0201838997929034
0.718861794554475,0.370430911610592,922,922,0.00275206833724717,0.0225126379770441
0.720597631014784,0.372989614859702,923,923,0.00309193960709787,0.0194249945561314
0.720557363138701,0.370248672183462,924,924,0.00274123845301279,0.0218407609171684
0.720609294931719,0.374519828626563,925,925,0.00427147214348493,0.0181226098270603
0.714234768744129,0.3763883216193,926,926,0.006642729121391,0.0210480318349313
0.716827316691676,0.378827853990826,927,927,0.00355986278556499,0.0174995481100707
0.716384316227258,0.373694119461572,928,928,0.00515281278801472,0.0213578156256945
0.720121668451718,0.375194118539449,929,929,0.00402713283656066,0.0178444625875408
0.712326850369858,0.377258154431172,930,930,0.00806346284741309,0.0220607902261312
0.718229939102738,0.373152291771558,931,931,0.00719058862457585,0.0206101736238031
0.711309642682586,0.376251641841344,932,932,0.00758264290322685,0.0234692842360211
0.71715714775253,0.376269817231682,933,933,0.00584753331652147,0.0189531852568037
0.715263715693826,0.37426602911127,934,934,0.00275685541739711,0.0217090018193486
0.721443140230825,0.375435669671706,935,935,0.00628914514453971,0.0169002601421192
0.719905115093396,0.372728884168521,936,936,0.00311323129298387,0.0200096571466827
0.722306791564871,0.372965137630694,937,937,0.00241326864895438,0.0186270677702547
0.719631211390915,0.372628449021395,938,938,0.00269668101318964,0.0202414453094242
0.724273424225883,0.372796360161619,939,939,0.0046452485569826,0.0179995379508904
0.714362996082732,0.37691688324358,940,940,0.0107329071760413,0.0206179128917523
0.718767329939209,0.378949089487906,941,941,0.00485056892939194,0.0159389879578192
0.714512209001662,0.378239583099072,942,942,0.00431386758129412,0.0197060620194943
0.722560261711528,0.377754010137829,943,943,0.00806268773557938,0.0143492412096235
0.717376198897413,0.3766227317157,944,944,0.00530606239400371,0.0185490900345159
0.723991564915816,0.375758892164824,945,945,0.00667152803539795,0.0153781790412391
0.725511219381282,0.368597722995996,946,946,0.0073206347784185,0.0216595049276409
0.732435354967847,0.369016658163698,947,947,0.00693679755332941,0.0207245011582939
0.724797486146677,0.367373904747139,948,948,0.00781253345061739,0.0230198562143937
0.728845477425145,0.368655395466646,949,949,0.00424599244638258,0.0210729228122692
0.725782550740648,0.368036740411754,950,950,0.00312478062454774,0.022145057307997
0.724066213863659,0.374512651871924,951,951,0.00669949561648218,0.016483508684916
0.72186547043562,0.367702787031131,952,952,0.00715664242406497,0.0236184636383673
0.728174149751563,0.370488552799989,953,953,0.0068963704678872,0.0193183723514738
0.727798886085158,0.362502558393798,954,954,0.00799480640635109,0.027296172449398
0.724835981238046,0.371939476089459,955,955,0.00989111827488233,0.0186236857853417
0.722861959495895,0.369285693095602,956,956,0.00330746519512633,0.021782368263326
0.725170788651057,0.372431643629975,957,957,0.00390226816511246,0.0180530821913535
0.719190776265836,0.372699520007062,958,958,0.00598600917814195,0.0204238417543925
0.728303239100165,0.369392698755527,959,959,0.00969391797451479,0.020391420632902
0.716573669123763,0.376036978621972,960,960,0.0134806997880285,0.0195322403374285
0.723536518248823,0.372964112350011,961,961,0.00761076704831494,0.0181158122279344
0.716314472326153,0.373022842568908,962,962,0.00722228471799382,0.0219094802895276
0.719362208315754,0.374275482650611,963,963,0.00329511787901329,0.0190340176792776
0.718094187705796,0.371196649389049,964,964,0.00332972829518823,0.0222829421648815
0.72305120689748,0.371354191652277,965,965,0.00495952203658981,0.0197886284029321
0.720659683906657,0.36845422958972,966,966,0.00375887778198456,0.023406305743854
0.721503806000049,0.37287555452215,967,967,0.00450118387390233,0.0190758265519253
0.715149341801097,0.374033321413887,968,968,0.00645907419305275,0.0219548040431275
0.721753666241003,0.375824862987251,969,969,0.00684300537166454,0.0164050701444638
0.717758992511254,0.374144716305347,970,970,0.00433362562756206,0.0201209385392095
0.717921946404545,0.376150212905713,971,971,0.00201210600749971,0.018506845482253
0.709648941822047,0.379863337151218,972,972,0.00906807016319336,0.0231031973743287
0.71686116250996,0.376949361630587,973,973,0.0077786490206198,0.0186954493019373
0.709661485753516,0.37730426162318,974,974,0.00720841864780401,0.0242880433874295
0.7097448129143,0.379596722025283,975,975,0.00229397430476857,0.0231311123440298
0.708957554240698,0.373168097395757,976,976,0.00647664966217181,0.0271871739763362
0.707410906452459,0.379158928405219,977,977,0.0061872591318608,0.0254306955589724
0.705316976341354,0.376659526448787,978,978,0.00326060630098304,0.0284048038650716
0.711374699663691,0.384296608812364,979,979,0.00974787355673312,0.0199331267691691
0.707410874066316,0.380471784613699,980,980,0.00550828408100928,0.0249174542514758
0.713555178528541,0.380800535762444,981,981,0.00615309309553456,0.019185013040854
0.711635200658507,0.378169462370618,982,982,0.0032571248386565,0.0221501435930032
0.71190600616099,0.382135203373792,983,983,0.00397497639293962,0.0201260066247999
0.711053663702858,0.375326251689122,984,984,0.00686209229827909,0.0242157481509696
0.717058904270474,0.379606421273661,985,985,0.00737446716362295,0.016842331513025
0.70943420516939,0.376642165926102,986,986,0.00818063849266064,0.0248246390007228
0.712854165529833,0.381976502610299,987,987,0.00633650350961551,0.0193123912265796
0.712921740896964,0.376644742895161,988,988,0.00533218792712854,0.0219296784889663
0.719621690521362,0.377150558491624,989,989,0.00671901587935991,0.0166241060713061
0.718953193405523,0.37302546848875,990,990,0.00417890606806281,0.0202891571167783
0.723353273407791,0.374513294354641,991,991,0.00464481752424895,0.0167771697517468
0.719656077003077,0.372965817002558,992,992,0.00400798545534307,0.0199448328988974
0.716984496771681,0.377689703922374,993,993,0.0054270110156504,0.0181075737567298
0.716689001173522,0.372604664361287,994,994,0.00509361806443548,0.021990271808875
0.714062335252534,0.381840045289763,995,995,0.00960164750209773,0.0182682008570908
0.718079210222698,0.374301274621534,996,996,0.00854215123455971,0.0197968462501921
0.716434930564127,0.378273696364938,997,997,0.00429927785832237,0.0181517305761532
0.715724507215732,0.376438983451265,998,998,0.00196745338179719,0.0198800488896416
0.71709963157935,0.378939835214562,999,999,0.0028539843302667,0.0172165305857389
0.715685370412345,0.37712239630007,1000,1000,0.00230287187147099,0.0194622712620536
0.71452660591561,0.380712148950714,1001,1001,0.00377214252802071,0.0183716584033696
0.710841400163364,0.381924393043342,1002,1002,0.00387946867193072,0.0211932160367595
0.713368424910346,0.3829594510697,1003,1003,0.00273078728387763,0.0184627931574903
0.705932877464556,0.385979579825626,1004,1004,0.00802549335062775,0.0249135258617227
0.711640371012114,0.384802695618027,1005,1005,0.00582756716250598,0.0195455654724026
0.707928299740147,0.384970022344423,1006,1006,0.00371584059958571,0.0231251776728028
0.708021360456916,0.388279927328261,1007,1007,0.0033112129649179,0.0225941141134888
0.704795682858755,0.385414483027808,1008,1008,0.00431459928687279,0.0261246083520288
0.709268563166825,0.390768835131176,1009,1009,0.00697680046275952,0.0213338592410062
0.715141180331806,0.381635057720459,1010,1010,0.0108587992961909,0.0173928756468246
0.722287372206672,0.381449082034292,1011,1011,0.00714861142238403,0.0116633943401795
0.717890753222838,0.37966807082434,1012,1012,0.00474365464794665,0.0161442408864341
0.721537080294953,0.37981497978723,1013,1013,0.0036492853218435,0.0133614465543518
0.718808481215727,0.378737831346299,1014,1014,0.00293351354163521,0.0160514922115314
0.724231148332614,0.379681323909538,1015,1015,0.00550413452574149,0.0118214177966129
0.721312536153582,0.375809047000605,1016,1016,0.00484900252743206,0.0166595337349309
0.72257393064556,0.379833500546711,1017,1017,0.00421750428679764,0.0126688734841337
0.71601285320024,0.37931371740634,1018,1018,0.00658163442896214,0.0178606195214553
0.716324100959602,0.38391067183825,1019,1019,0.0046074792692717,0.0153645127774155
0.714937975328963,0.38394393585626,1020,1020,0.00138652470544459,0.0166466561529975
0.712253009422461,0.38619139267304,1021,1021,0.00350144313995933,0.0186454117316206
0.708131169780837,0.386393843320948,1022,1022,0.0041268084879367,0.0226783240730061
0.712802393240593,0.38596086018611,1023,1023,0.00469124748931756,0.0181514317080423
0.706741255879627,0.389904887368066,1024,1024,0.00723137169010815,0.023833478505468
0.713749058230365,0.385106220773474,1025,1025,0.00849332060345338,0.0174290825753535
0.708819004535949,0.384523426962482,1026,1026,0.00496438093380787,0.0223520253840612
0.711622938110901,0.38350335555999,1027,1027,0.00298372069050105,0.0199246966061498
0.707745589808194,0.384214071594863,1028,1028,0.00394194712581603,0.0234678600504982
0.708552104774592,0.386351063699512,1029,1029,0.00228411944660458,0.0222681642988802
0.708545456713662,0.380275508151741,1030,1030,0.00607555918502655,0.0239426698409698
0.712131677381886,0.379778146971576,1031,1031,0.00362054510049631,0.0209212244953323
0.709759548487293,0.381603208754289,1032,1032,0.00299296608789368,0.0223178779995989
0.707535770807344,0.387201047118055,1033,1033,0.00602336961481629,0.0231682551544463
0.702083337479227,0.386178798776191,1034,1034,0.00554743371929779,0.0287016860688904
0.698702336307153,0.393300308808996,1035,1035,0.00788334155500781,0.0320786369716737
0.700336055910311,0.386081230159673,1036,1036,0.00740163065052964,0.0304481294035787
0.699258847541271,0.391318583795886,1037,1037,0.00534698522357054,0.0313586343489773
0.698890061270508,0.389994207444853,1038,1038,0.00137476399162817,0.0316851782847593
0.699290853729651,0.391590729042535,1039,1039,0.00164606069364723,0.0313422830393626
0.699752369401112,0.386563971581052,1040,1040,0.00504789929491272,0.0309759252574825
0.699981990069121,0.390010911788432,1041,1041,0.00345457992300486,0.0305935018849758
0.69758456348869,0.388109146172531,1042,1042,0.00306012526972026,0.0330251949687026
0.69964583259799,0.390862478787595,1043,1043,0.0034394288523141,0.0309510868930723
0.699786482178664,0.385612159151827,1044,1044,0.00525220321220319,0.0310515846181358
0.703578535600417,0.385192385397646,1045,1045,0.00381521679045007,0.0273616752646922
0.696588024350953,0.388178372796881,1046,1046,0.00760153723119752,0.034017590478658
0.705831178074248,0.386235447502862,1047,1047,0.00944514951975915,0.0249777780814075
0.701220659546226,0.386168638421901,1048,1048,0.00461100255373316,0.0295593871245225
0.704073117831273,0.387512608504295,1049,1049,0.00315321642934663,0.0265869793798735
0.699531656068728,0.386509981816327,1050,1050,0.00465082091851311,0.0312009429816975
0.701524613296557,0.390465029849569,1051,1051,0.00442880158250524,0.029060061817344
0.698700594464987,0.388559152888838,1052,1052,0.00340697069997789,0.0318917683991108
0.696297230769246,0.392444717512321,1053,1053,0.0045687820584125,0.0343893665843905
0.69583236447161,0.38919367038933,1054,1054,0.00328411450326927,0.0347441786205166
0.695501360877514,0.392752780508932,1055,1055,0.00357446894276021,0.0352084227700928
0.696201817035378,0.388272757818056,1056,1056,0.00453445058853394,0.0343995084084153
0.699275852938247,0.389672512719851,1057,1057,0.00337772268210768,0.0312975996313922
0.698580512167699,0.386085952219883,1058,1058,0.0036533429906201,0.0321916588432982
0.702009900555135,0.39051924157099,1059,1059,0.00560488708026447,0.0285765489003823
0.701969324284487,0.386828761975409,1060,1060,0.00369070265385065,0.0287436404804051
0.705166148322827,0.388800510593893,1061,1061,0.00375599208553546,0.0254217446333095
0.703054356331541,0.38374950820304,1062,1062,0.00547469547708905,0.0281461023489182
0.706869839629148,0.385770304251452,1063,1063,0.00431758375293374,0.0240202047206383
0.697286892104182,0.388041504125135,1064,1064,0.00984841267070345,0.0333257532318475
0.701125336564963,0.388097450973813,1065,1065,0.00383885216287036,0.0294893982998433
0.699551218890863,0.383281646119709,1066,1066,0.00506653953352051,0.0316706233564109
0.698158799755829,0.390215317992027,1067,1067,0.00707210270574366,0.0324194510243744
0.697378152340485,0.383411263274551,1068,1068,0.00684869118777323,0.0337778232206765
0.698407462797188,0.388708508483238,1069,1069,0.00539632160061216,0.032179977725236
0.694275787199975,0.385593641727039,1070,1070,0.00517427658223717,0.0365244300198703
0.695779096395751,0.388861669927196,1071,1071,0.0035972137627789,0.0348034492035127
0.693698156646725,0.384318369150194,1072,1072,0.00499718842844447,0.0372597895804358
0.692821923447614,0.389628115440596,1073,1073,0.0053815602094244,0.0377515367715077
0.696094411329064,0.382898657361674,1074,1074,0.00748296618796334,0.0351352243313118
0.695073278951131,0.391386290561179,1075,1075,0.00854883785450436,0.0355422466057835
0.695093068597218,0.385591917302021,1076,1076,0.0057944070530594,0.0357125348851417
0.696423732003712,0.39067022729187,1077,1077,0.00524975213266193,0.0341647344452606
0.698412933369137,0.383548716210341,1078,1078,0.00739410861135756,0.0327355188416672
0.695735306907441,0.389132257115758,1079,1079,0.00619238342731137,0.0348420989936622
0.698842215120298,0.383004251840012,1080,1080,0.00687061331343085,0.0324212113075838
0.696147121449031,0.390108996163854,1081,1081,0.00759874475186974,0.0344292899113379
0.696107125692745,0.385060538380512,1082,1082,0.00504861621146859,0.0347715132457823
0.694470554352078,0.39037160744667,1083,1083,0.00555750127112867,0.0361099592219144
0.69702913440466,0.386510761164018,1084,1084,0.00463168067808444,0.0336915726931005
0.700854057852826,0.386621873479913,1085,1085,0.00382653698937787,0.0298740076939126
0.695541334053059,0.385802571093514,1086,1086,0.00537552700420796,0.0352435583983038
0.696202668354535,0.389776982892958,1087,1087,0.00402905847684885,0.0343709887351995
0.695746540638455,0.384658012797763,1088,1088,0.00513925163120824,0.03518390163515
0.697445970849353,0.388048771624889,1089,1089,0.00379279691856052,0.0331665092165255
0.695825166854046,0.387136250964362,1090,1090,0.00186002675977798,0.0348396190692601
0.700775077857543,0.386474035647074,1091,1091,0.00499401122035132,0.0299679232097845
0.69741693800166,0.384705113481542,1092,1092,0.00379554856633162,0.033524302886566
0.699055882388373,0.388556140919087,1093,1093,0.00418527789130651,0.031536798587715
0.695454316652153,0.385636334241045,1094,1094,0.00463643686352501,0.0353485789791372
0.697445339989707,0.385973840034383,1095,1095,0.00201942667389075,0.0333322645850867
0.696628669783933,0.384802695513644,1096,1096,0.00142777088969288,0.0342901694588064
0.693884943079655,0.390321766414245,1097,1097,0.00616345518630782,0.0366945214616108
0.69272716708953,0.385308723981146,1098,1098,0.00514500142656551,0.038095296492968
0.693222234686964,0.389639530205726,1099,1099,0.00435901072273151,0.0373512184627427
0.689748284611919,0.387861092837331,1100,1100,0.00390271297909608,0.0408646618362895
0.691087286591714,0.391493717964588,1101,1101,0.00387154899453382,0.0395288407691366
0.690709995808879,0.389010184919577,1102,1102,0.00251202800949261,0.0398687059958065
0.694108187379612,0.390436157707004,1103,1103,0.00368525499007642,0.0364735772233445
0.691719492024917,0.390840187162609,1104,1104,0.00242262363947336,0.0388719572830466
0.696764330000456,0.390287127028962,1105,1105,0.00507506312383102,0.0338149839100444
0.694313285859825,0.388890366729862,1106,1106,0.00282109140448621,0.0362682738821712
0.702924975274904,0.389172113762872,1107,1107,0.00861629711490941,0.0276527313317455
0.701078954323192,0.384626085729128,1108,1108,0.00490654300274098,0.029920542331758
0.698281871254613,0.390746786964133,1109,1109,0.00672953618763798,0.0323099497770342
0.693993097669384,0.390791038882963,1110,1110,0.00428900187662246,0.0365979144390036
0.697883321276335,0.392939903607832,1111,1111,0.00444426139171191,0.0328545215618473
0.699721512011694,0.387561892450429,1112,1112,0.00568348037638159,0.0309230166957803
0.696595676621575,0.395520818513174,1113,1113,0.00855075148500814,0.0344799832511198
0.691688425945567,0.392844401164326,1114,1114,0.00558966179856992,0.0390154109361843
0.695638465721917,0.393936596126248,1115,1115,0.00409825622302894,0.0351960932108075
0.698624383536794,0.388284642599942,1116,1116,0.00639220492949938,0.0319785413885307
0.696650096226224,0.391934712614927,1117,1117,0.00414979776603233,0.033999709212392
0.693873454944215,0.390910683165768,1118,1118,0.00295945486900916,0.0367213887874152
0.698382599415984,0.38994566712608,1119,1119,0.00461125143796593,0.032192140590618
0.692009718486599,0.38702829026008,1120,1120,0.00700890142022197,0.0386532439827498
0.696889212224671,0.388305987818123,1121,1121,0.00504400338914604,0.0337113332010195
0.695844705384301,0.382913681596885,1122,1122,0.0054925368385814,0.0353774323609648
0.695633561770639,0.388680807925593,1123,1123,0.00577099018513002,0.0349535313145449
0.695948213023233,0.384531851895678,1124,1124,0.00416087028744343,0.0350025386746481
0.696861785078677,0.388449810267363,1125,1125,0.00402305999243629,0.0337332837890521
0.698881242616583,0.383487958619907,1126,1126,0.00535706827647033,0.0322871082204321
0.699362453492493,0.389051891244245,1127,1127,0.00558470322893431,0.0312168675121291
0.702128799763391,0.382203872478758,1128,1128,0.00738566399878684,0.0294049728054318
0.699670313250522,0.388726765855282,1129,1129,0.00697081730756613,0.0309171438517343
0.698187241379226,0.38488837249967,1130,1130,0.00411494419498428,0.0327354487625382
0.703925813747677,0.382901769469882,1131,1131,0.0060727098091304,0.0274906230985118
0.695731653473738,0.385682530706376,1132,1132,0.00865314368593137,0.0350677902782701
0.695920624577831,0.388641449519346,1133,1133,0.00296494698433743,0.0346677125261037
0.694190025625131,0.384875095159471,1134,1134,0.00414492435386135,0.0366963686528905
0.698688890737704,0.388703676635008,1135,1135,0.00590743797393969,0.031898817318543
0.694459463052436,0.385718688485913,1136,1136,0.00517669902497183,0.0363281302327501
0.69189549134318,0.390942245562255,1137,1137,0.00581889160026854,0.0386992939382265
0.695172275954315,0.38690041112582,1138,1138,0.00520324350759465,0.0355083619780247
0.698058260924653,0.387079304719483,1139,1139,0.00289152419441287,0.0326172313081548
0.695934665429359,0.385870561900013,1140,1140,0.00244350507084763,0.0348451589412061
0.697096958800959,0.388346896654785,1141,1141,0.00273553645549796,0.0335021295319965
0.698737519135915,0.386216329096407,1142,1142,0.00268900656998861,0.0320213532572964
0.703159208196175,0.385934904120733,1143,1143,0.00443063586436077,0.0276658130844881
0.696927239549686,0.387014967880224,1144,1144,0.0063248692425529,0.0337498088716223
0.700229701398649,0.386713700280831,1145,1145,0.00331617496979609,0.0304861952274886
0.69742620044709,0.38935172188892,1146,1146,0.00384951628001957,0.0331486574358078
0.703801158865788,0.386025542279486,1147,1147,0.00719051914915342,0.0270175046500752
0.697590192907213,0.389550590731194,1148,1148,0.00714157298677689,0.0329834287752514
0.695690799770946,0.392232525667559,1149,1149,0.00328640674430248,0.0349775746447461
0.698687334378483,0.38585266448242,1150,1150,0.00704853519504639,0.0321123021357664
0.702003392513989,0.386633430546643,1151,1151,0.00340673409662318,0.0287296401733374
0.699549174847085,0.384946633214481,1152,1152,0.00297799758165253,0.0313798733998443
0.701830601207674,0.387446683602283,1153,1153,0.00338454696825729,0.0288277357659033
0.706462707953145,0.37831209669018,1154,1154,0.0102419280878265,0.0266466255564042
0.709927988834551,0.387741139211273,1155,1155,0.0100456465422406,0.0207341962417096
0.707870606624463,0.387642712960044,1156,1156,0.00205973524641381,0.022792056048577
0.710671076298436,0.390250071947641,1157,1157,0.0038263496030869,0.0199111966409894
0.707244305303622,0.385612786518885,1158,1158,0.00576603638547757,0.0236771504434416
0.708536893269382,0.385159905283093,1159,1159,0.00136962953493296,0.0224908162046568
0.706631921214639,0.386371203757949,1160,1160,0.00225746816689448,0.0241659992548177
0.710993534615496,0.383188862764823,1161,1161,0.00539916342177825,0.0206207274374577
0.710654107545217,0.382726674462012,1162,1162,0.000573435927802264,0.0210906248149989
0.706069591648193,0.389259029985382,1163,1163,0.00798056731653654,0.0245070944987114
0.705380671956486,0.386049652466,1164,1164,0.00328248600964794,0.0254497840470401
0.705297387460504,0.39045236807845,1165,1165,0.0044035032725526,0.025288561285399
0.70540307393531,0.388126609912006,1166,1166,0.00232815821621664,0.0252168782362754
0.706135960634597,0.391048539305754,1167,1167,0.00301243992405488,0.0244770552543717
0.707888640506101,0.387607854204932,1168,1168,0.00386137290286617,0.022777202948837
0.702026923444659,0.395900245529901,1169,1169,0.0101549732050265,0.0292211880566664
0.703394942686268,0.394951629668775,1170,1170,0.00166473682526472,0.0276893584766151
0.701967959132183,0.394716731425119,1171,1171,0.0014461878330645,0.0290494640562772
0.699255510086518,0.3950995323262,1172,1172,0.00273932771956862,0.0317872712721045
0.704854343003115,0.395589684927622,1173,1173,0.00562024728999118,0.0263944118808745
0.705945764801024,0.39264276628435,1174,1174,0.00314253576447647,0.0248079729257441
0.711004109129759,0.39023383682922,1175,1175,0.00560265905332781,0.0195778291283963
0.711363740122921,0.388241879996937,1176,1176,0.00202416068357276,0.019261787898083
0.708110739319908,0.3960212288965,1177,1177,0.00843209840582645,0.0233467823700522
0.709512302054139,0.391948288262125,1178,1178,0.00430734529717887,0.0211853792506956
0.70958369906694,0.393725368872686,1179,1179,0.00177851427598125,0.0213803263977328
0.703738105761861,0.394988076706294,1180,1180,0.00598041739023596,0.0273596831856441
0.711994379195423,0.390562477718655,1181,1181,0.00936760254329393,0.0186011043501874
0.711195010818558,0.390147783494962,1182,1182,0.00090053378675934,0.0193846430237344
0.711209665763884,0.390419588976699,1183,1183,0.000272200270619392,0.0193787796835423
0.714648841662091,0.387839797415389,1184,1184,0.00429921566784197,0.0160279949256599
0.714979938944988,0.392433158896314,1185,1185,0.00460527904748335,0.0158386443536173
0.71282282250974,0.387155696863147,1186,1186,0.0057012943115344,0.0179260429835321
0.717903000790788,0.387669912595489,1187,1187,0.00510613642459951,0.0128253721885616
0.712082496457156,0.387876574066716,1188,1188,0.00582417201510439,0.0185765037950062
0.710318920803628,0.391649944628534,1189,1189,0.00416515599738045,0.0203523053373021
0.710901628658006,0.388624025339127,1190,1190,0.00308151521001607,0.0196989409902221
0.716980333625259,0.38717538951085,1191,1191,0.00624893589676471,0.0138178479530557
0.712711304851237,0.38469422900102,1192,1192,0.00493768813808276,0.0185388452372228
0.714930202343732,0.389580769269643,1193,1193,0.00536672916021204,0.0156434340127388
0.709501381156673,0.388652747236263,1194,1194,0.00550756973405665,0.021096001284668
0.717305472973105,0.388979817989908,1195,1195,0.00781094260362897,0.0132852639366883
0.710771593888353,0.387436421175418,1196,1196,0.0067136912068654,0.0199260130692211
0.71581464688699,0.386014479671221,1197,1197,0.00523968521844843,0.0152017353521496
0.713187383798845,0.38533307040207,1198,1198,0.00271419047349625,0.0179157660589313
0.71084321395437,0.394936620939389,1199,1199,0.00988551036530601,0.0204243200226593
0.704362118385633,0.393037426985942,1200,1200,0.00675363142641883,0.0264283702139172
0.71172019159733,0.394038372936574,1201,1201,0.00742584232156744,0.0193555845361846
0.712634908037945,0.389628126722699,1202,1202,0.00450410677423675,0.0179385646670801
0.715270025890956,0.392195030286107,1203,1203,0.00367870085806025,0.0155124003730867
0.708885978433237,0.391334395561378,1204,1204,0.00644179742554956,0.0217522148132883
0.71441458435275,0.389863932831128,1205,1205,0.00572081672965716,0.0161601849898256
0.708693885187073,0.386615918258314,1206,1206,0.00657844948368388,0.0220899440729488
0.716543107954786,0.388203325714364,1207,1207,0.00800813089857408,0.0141054833402633
0.715137187773383,0.381184368325878,1208,1208,0.00715837791527295,0.0176087936773248
0.722303899473313,0.380729453074823,1209,1209,0.00718113531940115,0.0121693398380523
0.7136667801989,0.387174207454154,1210,1210,0.0107765805509137,0.0170880500576964
0.72372306778321,0.389463970787826,1211,1211,0.0103136771377899,0.00685311008382297
0.716259344423425,0.389096801482139,1212,1212,0.0074727491387328,0.0143250760595797
0.718046134556208,0.391486338865912,1213,1213,0.00298370707125496,0.0126601262436647
0.712015032098965,0.391743297850013,1214,1214,0.00603657392643124,0.0186752778548539
0.722806720063909,0.386442798040836,1215,1215,0.0120231371679692,0.00840567878312326
0.714594413345596,0.386200893056821,1216,1216,0.00821586877067464,0.0163485989496002
0.726081736736302,0.383944202528118,1217,1217,0.0117068890327451,0.00726743134485106
0.724876291492125,0.380996174145416,1218,1218,0.00318495990271923,0.0103669479293764
0.734036979196657,0.377642023925795,1219,1219,0.00975543555746006,0.0125045654802025
0.726931082655967,0.377707637815012,1220,1220,0.00710619946451295,0.0124924980644944
0.736206547279695,0.377760167555296,1221,1221,0.00927561336837835,0.0131633886978037
0.727788792099924,0.380377003153666,1222,1222,0.00881512511626822,0.00968912759685813
0.735673134708674,0.378202514788524,1223,1223,0.008178707600978,0.0125387438594096
0.721258620173431,0.387268950729084,1224,1224,0.017028754797431,0.0096161580781701
0.730744826946877,0.382592545713425,1225,1225,0.0105762414315794,0.00706688491562652
0.723914708631832,0.383063574896845,1226,1226,0.00684634097085023,0.00937105769111284
0.7296251809589,0.382962581922952,1227,1227,0.00571136531654059,0.00676159466113646
0.723831493536493,0.380396956305576,1228,1228,0.00633634348477809,0.0114546451667546
0.727678011380623,0.380875463443109,1229,1229,0.0038761667412378,0.00924689840694005
0.722262727886008,0.377916711180328,1230,1230,0.00617085976826221,0.0143843921463433
0.728914037075011,0.380573231510428,1231,1231,0.00716219339252625,0.00923444085741632
0.715891475013156,0.381409152412626,1232,1232,0.0130493634484446,0.0168402244159413
0.720155387605407,0.383607691063089,1233,1233,0.00479734539010286,0.0120471740280367
0.711630642335892,0.38777047507677,1234,1234,0.00948683575564922,0.0190365497415636
0.722063838872207,0.385321514275396,1235,1235,0.0107167625228907,0.00955054731852018
0.716919001621138,0.38283859683447,1236,1236,0.0057126376883578,0.0152623509461706
0.723337256427651,0.384962628977194,1237,1237,0.00676058483451323,0.00862571205501853
0.707297117634424,0.390717721023199,1238,1238,0.017041336126137,0.0233004716461241
0.724553030681862,0.385048681664293,1239,1239,0.0181632745493094,0.00758190480276049
0.716682233878274,0.386547663856025,1240,1240,0.00801226496906495,0.0142350278145198
0.726370167270839,0.384775399705811,1241,1241,0.00984870416029006,0.00644212988671039
0.724083441526108,0.380010016702154,1242,1242,0.00528563996155286,0.011627178490235
0.726034754296099,0.386474682080028,1243,1243,0.00675274166351858,0.00554338690313489
0.721491543970807,0.382204457921363,1244,1244,0.00623502802119534,0.0117484735852973
0.727771691479615,0.38344692526957,1245,1245,0.00640187299497257,0.00681316728224271
0.73021334650353,0.378356688041213,1246,1246,0.00564554641259501,0.0113064002323959
0.734024992198156,0.382114739958058,1247,1247,0.00535271866541294,0.00829482681889184
0.731666472692812,0.378520389856166,1248,1248,0.00429906581853056,0.0111904706463021
0.735384680813856,0.378741222995518,1249,1249,0.0037247602482353,0.0119293684384443
0.723299236574398,0.382515450026176,1250,1250,0.0126610723141444,0.0101941617057443
0.730328328899374,0.383538690240409,1251,1251,0.0071031795309615,0.00612356996366542
0.726424538026844,0.38033476901859,1252,1252,0.00505021725988841,0.0102041178100604
0.732145860024442,0.378865206375061,1253,1253,0.00590704154069179,0.0109060941778741
0.720967278271167,0.381486964110715,1254,1254,0.0114819120201778,0.0126108586987839
0.724470485102337,0.38178364833246,1255,1255,0.00351574737849334,0.00996199684358919
0.721646765195852,0.380902480659405,1256,1256,0.00295801463456698,0.0125033379221782
0.730477543805849,0.378214658783783,1257,1257,0.00923076580213363,0.0114430954064466
0.721065520688806,0.381693082600774,1258,1258,0.0100342220130091,0.0124028339714078
0.731401937728881,0.377269346699092,1259,1259,0.0112432627183655,0.0124156786476673
0.721013580260522,0.383066521413607,1260,1260,0.0118964366749468,0.011611638127903
0.732848998306771,0.378864381986798,1261,1261,0.0125592633578491,0.0110302462844028
0.726971244501357,0.377211859015026,1262,1262,0.00610563853903031,0.0129563181263014
0.733375880966535,0.379890695498322,1263,1263,0.00694230027838972,0.0101607681993475
0.727898238651284,0.378339087493696,1264,1264,0.00569315841461054,0.011630127595145
0.738323086529045,0.377453112784452,1265,1265,0.0104624282296167,0.0144568442387152
0.734338340081612,0.374682406446011,1266,1266,0.00485335119934755,0.015440965276779
0.740483359198199,0.37747383177011,1267,1267,0.00674931961632035,0.0157049194343215
0.732827166509329,0.375433488457349,1268,1268,0.00792340124713156,0.0144013036015339
0.736387027601755,0.379809867387028,1269,1269,0.00564139198545001,0.0114354998262402
0.733218058231058,0.373839571641436,1270,1270,0.00675920100028432,0.0160373359132771
0.735718294131424,0.378198671822741,1271,1271,0.00502522974083118,0.0125606843183688
0.72955777618618,0.379056081628655,1272,1272,0.0062198981445803,0.010649813646639
0.73390566691099,0.380208405324373,1273,1273,0.00449799996160555,0.0100192951678614
0.722964168140312,0.38167577038874,1274,1274,0.0110394544965269,0.0110275474746192
0.724168119823931,0.378758384257025,1275,1275,0.00315604839918703,0.01264182521414
0.720017629359227,0.379915381071522,1276,1276,0.00430873679009964,0.0143642378623956
0.726146876710229,0.380230687246007,1277,1277,0.0061373521223273,0.010414247701955
0.721310612345571,0.382790567425576,1278,1278,0.00547196852500128,0.0115305193021881
0.724374294147683,0.379037165089626,1279,1279,0.00484501550875768,0.0122970685857636
0.714505903400642,0.385319216597749,1280,1280,0.0116982608573662,0.0166428795463579
0.722590809207614,0.381810886218053,1281,1281,0.00881329018929373,0.011193282193063
0.721933500659436,0.381176612715248,1282,1282,0.000913431663490867,0.0121066778807949
0.7252755869621,0.384088502533675,1283,1283,0.0044326790058731,0.0076863143773049
0.715166201250007,0.384440882291206,1284,1284,0.0101155252443645,0.0162663714250286
0.725338489355823,0.38177338184643,1285,1285,0.0105162257455141,0.00946370917627878
0.714770361272475,0.385555417100172,1286,1286,0.011224487598399,0.0163267709851595
0.724210593251796,0.383826463622678,1287,1287,0.00959725272933586,0.00863048055623197
0.720450902389822,0.381059697500186,1288,1288,0.00466800494367646,0.0132810246481274
0.72945295010972,0.377220612672411,1289,1289,0.00978649250069621,0.0124871137525237
0.721528627200078,0.379658915854452,1290,1290,0.00829097195652139,0.0134824897817322
0.72825855488595,0.377173145213856,1291,1291,0.00717432800579266,0.0126970138467636
0.7164337364635,0.381209863493992,1292,1292,0.012494855949433,0.0164709299888146
0.726283587597576,0.378508613744906,1293,1293,0.0102135359974102,0.0119455967259429
0.718761931651523,0.382759201723591,1294,1294,0.00863960683916455,0.013678319374346
0.732439334544775,0.374518775337176,1295,1295,0.0159679672135895,0.0152531321841387
0.716536965198297,0.384483730978404,1296,1296,0.0187666110889385,0.0149595866296621
0.730905500495593,0.374165839309994,1297,1297,0.0176893667232799,0.0154950712388324
0.718458984195272,0.379442456105598,1298,1298,0.0135188184698878,0.0158462727195562
0.727547617725603,0.377573787002957,1299,1299,0.00927874903550084,0.0124566530154397
0.72074680616911,0.37934574957074,1300,1300,0.00702786519282676,0.0142440183225407
0.723660184363782,0.376310382265051,1301,1301,0.00420728263676622,0.0150311288792424
0.716425034965653,0.377566797252758,1302,1302,0.00734343008644956,0.0186107264211383
0.720324861305335,0.377584400570445,1303,1303,0.00389986606904299,0.0158363414613825
0.711616220473962,0.378097147543094,1304,1304,0.00872372251896104,0.0222039375634551
0.723155688552025,0.375157746208174,1305,1305,0.0119079554807858,0.0162868580486659
0.712233754627875,0.383090408666222,1306,1306,0.0134987323225856,0.019479967517492
0.721029741788037,0.381746819787955,1307,1307,0.0088980122047301,0.0123959215016463
0.707715306703016,0.387205774576326,1308,1308,0.0143900788397675,0.0229892343910683
0.719523406851765,0.382014562073304,1309,1309,0.0128988339152981,0.0134356120637404
0.706847578186661,0.388704166799079,1310,1310,0.0143327402730315,0.0237450100775691
0.723358342048954,0.379030418823238,1311,1311,0.019136005936884,0.0128448231503352
0.713302721739596,0.38565972325372,1312,1312,0.0120442175768286,0.0177273532850032
0.721925622437993,0.381668019639062,1313,1313,0.00950200579886641,0.0117734590795782
0.709110825475323,0.390707619256358,1314,1314,0.0156822633071716,0.021488305304856
0.715253370197668,0.386632343918623,1315,1315,0.00737148049881176,0.0156158729192476
0.71183862658123,0.385458066730622,1316,1316,0.00361101106066803,0.0191996762068914
0.720944367073183,0.378408480893705,1317,1317,0.01151569235343,0.0148073064563639
0.710360334788705,0.388526194526657,1318,1318,0.0146420582076868,0.0202447400545209
0.716629954250565,0.386911013252246,1319,1319,0.00647432921202977,0.0142113835038065
0.711108553737508,0.386691971609252,1320,1320,0.00552574364832043,0.0196894800893244
0.718162447426832,0.384553375197436,1321,1321,0.00737095725078632,0.0134195208439711
0.709543386379288,0.389099992081784,1322,1322,0.00974473901314566,0.0210374470869362
0.717218640805497,0.385920330734497,1323,1323,0.00830781420052639,0.0138678127076518
0.70789990748381,0.391346605179763,1324,1324,0.0107834709197022,0.0227363817608603
0.721503911693586,0.380351514760869,1325,1325,0.0174917393034324,0.0129944263910115
0.713058584769329,0.389111678377893,1326,1326,0.0121681557129507,0.0175233622760723
0.721913633182027,0.380655618704342,1327,1327,0.012244052743838,0.0124909413493162
0.714200735459135,0.383131115822282,1328,1328,0.00810042451138903,0.0176254789378171
0.719403842552169,0.387430283440579,1329,1329,0.00674945669160062,0.0113894662552756
0.715570640821281,0.383935810950005,1330,1330,0.00518698115449274,0.0160567831614905
0.716597235346161,0.385256356073326,1331,1331,0.00167264333951985,0.0146527578614805
0.713219182432361,0.386473597926634,1332,1332,0.00359067113752794,0.0176438900587418
0.715982106804943,0.387395188022747,1333,1333,0.00291257264181742,0.0147656578331818
0.716420704191511,0.386412718532529,1334,1334,0.00107592470308676,0.0145199115337103
0.714055556176695,0.38743381566039,1335,1335,0.00257615303825588,0.0166668801847541
0.716186942260522,0.386972443148273,1336,1336,0.00218075015379325,0.0146349004208504
0.719611801034012,0.384760950122929,1337,1337,0.0040768074543076,0.0120055186509799
0.714449001607035,0.387838548217685,1338,1338,0.00601049980917076,0.0162267017193667
0.714383595821032,0.388595819134871,1339,1339,0.000760090230734945,0.0162246169535312
0.713855974735392,0.387353552405608,1340,1340,0.00134967056596975,0.0168754684759272
0.718832173526495,0.386193319300395,1341,1341,0.00510966684501075,0.012241612308165
0.711073047898203,0.390463567149164,1342,1342,0.00885658214016709,0.0195170597566221
0.714023024609086,0.388418402460064,1343,1343,0.00358957674389233,0.0165967328357083
0.708267725809536,0.38872708164275,1344,1344,0.00576357069097999,0.0223251133472927
0.715928057638658,0.388689350059101,1345,1345,0.00766042475354133,0.0146773469487585
0.709594657863071,0.390633719489699,1346,1346,0.00662514340977272,0.0210014991414088
0.713736792757741,0.394054148017767,1347,1347,0.00537183514278527,0.0174012873846791
0.71833978513903,0.385727494498419,1348,1348,0.00951423657964698,0.0128493700713662
0.724347653181825,0.386145874397499,1349,1349,0.00602241813224515,0.00714779751336092
0.719656938736966,0.381579274351001,1350,1350,0.00654649814693941,0.0135803364204476
0.720971153680786,0.386652381735065,1351,1351,0.00524057052703254,0.0100615069187221
0.711897801397781,0.39259019825428,1352,1352,0.0108435873523184,0.0189045337152568
0.713320463474574,0.393456710148075,1353,1353,0.00166577616948755,0.0176663699197817
0.714053447343306,0.389747999971061,1354,1354,0.00378044924961445,0.016520250251219
0.715643716346733,0.395237191686922,1355,1355,0.00571490867790027,0.0159383663445749
0.713776707083296,0.392001315512141,1356,1356,0.00373585575314067,0.0169595017369857
0.721921494867726,0.388253323959868,1357,1357,0.00896576871937413,0.00876513571444713
0.717045620065163,0.3897516878581,1358,1358,0.00510090672937594,0.0135281577505874
0.726530054492671,0.384308240540948,1359,1359,0.010935520797123,0.0067053735785115
0.723577439920753,0.384807831174881,1360,1360,0.00299458237686305,0.00851246125749601
0.729147238605957,0.382846916291912,1361,1361,0.00590490004758397,0.00695816888921645
0.725564032419192,0.385229946038304,1362,1362,0.00430327751243866,0.00668552014285189
0.728456558390183,0.385484827919074,1363,1363,0.00290373402122215,0.00467880166853852
0.724786641052392,0.385965391187339,1364,1364,0.00370124767085703,0.00686423497768867
0.728733403659615,0.385934860984251,1365,1365,0.00394688068872983,0.00415243398569716
0.722748143488961,0.386730368939965,1366,1366,0.00603789468424307,0.00835479720146365
0.724569261962349,0.389178598812677,1367,1367,0.00305127874894323,0.00602324378128388
0.72017900416967,0.387396700846757,1368,1368,0.00473809284914586,0.0106374351305971
0.715791035440607,0.387667825046224,1369,1369,0.0043963368727584,0.0149156952998019
0.711232619946088,0.3888447192638,1370,1370,0.00470789037893149,0.0193578934023416
0.714703698389797,0.387086372238983,1371,1371,0.0038910371139416,0.0160766576007974
0.713986870966247,0.386228398184079,1372,1372,0.00111801656250807,0.0169373047957931
0.714339073497177,0.385510386539246,1373,1373,0.00079974204898126,0.0167556638063958
0.715684208346328,0.386013132402286,1374,1374,0.00143601572596059,0.0153287254132717
0.723655892324792,0.380714781836285,1375,1375,0.0095718474796012,0.0113058460662616
0.714148552945808,0.384351963775146,1376,1376,0.0101793219088286,0.0172604853447321
0.71596273195702,0.384702983670969,1377,1377,0.0018478258716625,0.0154278585015765
0.704410107902365,0.38877854218951,1378,1378,0.0122504407996706,0.0261780961729108
0.71307526035925,0.390274671168805,1379,1379,0.00879336505689058,0.017509074353841
0.702053196435754,0.391323338335527,1380,1380,0.0110718379666697,0.0285688695961359
0.71235381653871,0.38915115281969,1381,1381,0.0105271631706093,0.0182266629201673
0.703258557893169,0.39282430303936,1382,1382,0.00980896336854961,0.0274978698745874
0.714191899205747,0.386434385404311,1383,1383,0.0126636882321084,0.0166955888145559
0.708128156775012,0.385884965255622,1384,1384,0.00608858232810294,0.022760097592513
0.716478269933823,0.38472405155295,1385,1385,0.00843042765166733,0.0149335704436853
0.7105485764258,0.385783664139463,1386,1386,0.00602362382064006,0.0203961020151848
0.716381109812522,0.384120100443437,1387,1387,0.00606513725137052,0.0152342918027871
0.716007087884421,0.380298000143928,1388,1388,0.00384035715815672,0.0173140505307306
0.723241527373477,0.37950232723307,1389,1389,0.00727806362309907,0.0125252388065509
0.717635633581206,0.381576049229928,1390,1390,0.0059771538486533,0.0152543280523099
0.720301451926692,0.379720357400488,1391,1391,0.00324810400341174,0.0142918784358047
0.714023167430289,0.38127331857288,1392,1392,0.00646749910094561,0.0185527312823932
0.719940969316506,0.379185833606547,1393,1393,0.00627518706089163,0.0149232143186553
0.718662463097748,0.380585567896265,1394,1394,0.0018957410775775,0.0149722695283441
0.720985423024582,0.382295479923699,1395,1395,0.00288443096003984,0.0120883168759973
0.71887688973525,0.382435633848138,1396,1396,0.00211318616187836,0.0137463709213637
0.719294087134107,0.385304600565156,1397,1397,0.00289914188907222,0.0120900971617775
0.727536079124924,0.372985030884086,1398,1398,0.0148223557204456,0.0169467376277662
0.72624935263673,0.37788852580105,1399,1399,0.00506950958733835,0.012538065457628
0.725044996543363,0.378615400672529,1400,1400,0.0014067056118519,0.0123486226347137
0.724228728835129,0.382189861193577,1401,1401,0.00366647800866761,0.0097989232041171
0.721338883406855,0.379501201693134,1402,1402,0.00394716309628058,0.0137267838464899
0.719265585304835,0.385605979513492,1403,1403,0.00644723795557296,0.0120117192948276
0.723646077664683,0.378047891395729,1404,1404,0.00873575465031786,0.0135191735869693
0.717951177388818,0.386706267359903,1405,1405,0.0103633664168085,0.0129626633187739
0.714506326805985,0.382541939345385,1406,1406,0.0054045002868488,0.0175721801065437
0.717500518525935,0.38470422534265,1407,1407,0.00369332706239094,0.0139798059740462
0.718564392238334,0.382150265571391,1408,1408,0.00276668353613855,0.0141624077353588
0.718833295302068,0.385067857223422,1409,1409,0.00292995732147866,0.0126053429713243
0.717290583467146,0.383940143321098,1410,1410,0.00191094177072575,0.014461016300796
0.714549902425851,0.389382577012617,1411,1411,0.00609355537077529,0.0160259022520612
0.713788494376897,0.384593345593802,1412,1412,0.00484937932110671,0.0175322235354207
0.713147929267594,0.386957205916058,1413,1413,0.00244911397905307,0.0176334773889881
0.713879014733808,0.388365609359738,1414,1414,0.00158684788782023,0.0167443343210811
0.715796621471181,0.389781384588925,1415,1415,0.00238361806898596,0.0147773479625909
0.714858638297338,0.387469947298144,1416,1416,0.00249450491753907,0.0158663169264485
0.713229154817066,0.391424315252314,1417,1417,0.00427694310570613,0.0174340670890935
0.714605598511499,0.386270206246262,1418,1418,0.00533473868996492,0.0163231432109875
0.71849354169539,0.381034801714411,1419,1419,0.00652116268876104,0.0148415813328871
0.715627571214152,0.383144831329051,1420,1420,0.00355893407834241,0.0163031343309056
0.718948621645512,0.381796896594378,1421,1421,0.00358417410522698,0.0140329388369104
0.71686317265618,0.384042316617894,1422,1422,0.0030644752518353,0.0148155425222752
0.717794503160415,0.387556030112857,1423,1423,0.00363504594645041,0.0129505601830454
0.714260104055635,0.38732953502676,1424,1424,0.00354164891765076,0.0164785907514681
0.717817471660846,0.386520916531678,1425,1425,0.00364811295729584,0.0131359120178552
0.723288822153129,0.382707862779813,1426,1426,0.00666896207246862,0.0100678295214012
0.724150347658007,0.385512888180748,1427,1427,0.00293434723498215,0.00764413581092736
0.722282249422063,0.384180637470018,1428,1428,0.00229448969825054,0.00993671947748934
0.725566872202733,0.385138682302397,1429,1429,0.00342149042262956,0.00674419666582781
0.721854435331633,0.386917484427068,1430,1430,0.00411659137158864,0.00913936942451079
0.723875597958963,0.384449732296432,1431,1431,0.003189811741212,0.00848413302608304
0.71649356230415,0.389458347944487,1432,1432,0.00892080047522982,0.0140812928817015
0.724330741552496,0.384673616349362,1433,1433,0.00918232187456355,0.00798805476525781
0.720032990886759,0.386563638981218,1434,1434,0.00469498097267389,0.0109850952260039
0.7220976126244,0.386161758059174,1435,1435,0.00210337138780657,0.00916836842440001
0.72213078019827,0.381792791275092,1436,1436,0.00436909268022174,0.0115381963382177
0.722354544583887,0.386015291084858,1437,1437,0.00422842466454624,0.00898971623294884
0.725140203841352,0.382774315481499,1438,1438,0.00427361911736033,0.00876905625258874
0.725558861539929,0.385282176739353,1439,1439,0.00254256609692311,0.00665494158316947
0.722631317655721,0.383655176439299,1440,1440,0.00334927502160368,0.00995507727837212
0.725371780666722,0.381424410320194,1441,1441,0.00353361783344145,0.00973851558898369
0.722895012340371,0.379423561191586,1442,1442,0.00318398784197903,0.0127940950531093
0.726662328048172,0.380681976412257,1443,1443,0.003971936116035,0.00979051778307569
0.723364163614584,0.38099012353194,1444,1444,0.00331252823057469,0.0112736262423644
0.729956214543614,0.379185937582638,1445,1445,0.006834487719689,0.0104895902797605
0.727470741172856,0.37831264291274,1446,1446,0.00263443000613346,0.0117613445701585
0.732861233789265,0.375130801824094,1447,1447,0.00625951462662695,0.0147055985315064
0.727129870177149,0.376922210285995,1448,1448,0.00600480417096666,0.013192500759396
0.7347141183531,0.371365801886658,1449,1449,0.00940183464514446,0.0187543584194007
0.723602010186548,0.383998395136928,1450,1450,0.0168244274830356,0.0089791287870105
0.733473896415974,0.377166558974734,1451,1451,0.0120053372744707,0.0128231241696016
0.723700065426568,0.38351328249703,1452,1452,0.0116536977684313,0.00921916449429669
0.729289365250404,0.380742181353116,1453,1453,0.00623853140334612,0.00900717179034395
0.724962253892431,0.382413049210689,1454,1454,0.00463850106195593,0.00916326560262262
0.728896686118333,0.379180846235293,1455,1455,0.00509184573748785,0.010609840363958
0.725502277504548,0.383620875125261,1456,1456,0.0055889056514753,0.00788389725131843
0.732679052898496,0.377555770423372,1457,1457,0.00939636100307235,0.012283397408719
0.728123280429738,0.381539519078583,1458,1458,0.0060518853372309,0.00847953663725201
0.732653520261924,0.37878551260621,1459,1459,0.00530166243616127,0.0110690376729923
0.727785940485977,0.379945110547162,1460,1460,0.00500379858306385,0.0101043477192713
0.731462762226182,0.379797309262842,1461,1461,0.00367979120724145,0.00990006700523738
0.724105515867773,0.385463139958681,1462,1462,0.00928604929193409,0.0077087985294446
0.728711218732483,0.381390939508432,1463,1463,0.00614778947142859,0.00847357548360394
0.725545105641857,0.38214496537245,1464,1464,0.00325466236440036,0.00903992218495062
0.728911684259451,0.381582383553183,1465,1465,0.00341326088833172,0.0082441847277936
0.722717480149252,0.382033669570362,1466,1466,0.00621062183908435,0.0109469988215727
0.728623959046413,0.376818401456583,1467,1467,0.00787943617660591,0.0129861144767347
0.720230772174704,0.381929626016019,1468,1468,0.00982701390863042,0.0129107983942093
0.725646137494085,0.379062638508039,1469,1469,0.00612746268150799,0.0116844494010996
0.719442559816453,0.382422618271227,1470,1470,0.00705505776102828,0.0132754686574444
0.72402086928699,0.380955850621727,1471,1471,0.00480752794538199,0.0108927696593737
0.720959086527814,0.380115425829974,1472,1472,0.00317503188881316,0.0135456385735226
0.72519023258112,0.379248159315741,1473,1473,0.00431911427622734,0.0117188018288253
0.716955713281536,0.384242468828573,1474,1474,0.00963070275759623,0.0146548178502425
0.722999709829991,0.378613242040864,1475,1475,0.00825942422358781,0.0133915605766876
0.715241689674147,0.384586251937462,1476,1476,0.00979100219402166,0.0161486500886482
0.72284243578649,0.380367682027853,1477,1477,0.00869296690126913,0.0120857989938937
0.713449897019368,0.387802655656313,1478,1478,0.0119790908397839,0.0172237025212238
0.720369966259383,0.382611276033428,1479,1479,0.0086508832309485,0.0123999293778936
0.714484841456739,0.387146173201023,1480,1480,0.00742966932395795,0.016283405964776
0.724875627799156,0.379756197593832,1481,1481,0.0127506933258016,0.0114235734166067
0.718837076524482,0.38132252953002,1482,1482,0.00623838899325676,0.0143948500144417
0.723152335916083,0.382489573193097,1483,1483,0.00447028573229082,0.0103174597203172
0.722439132100859,0.377285474829518,1484,1484,0.00525274208960025,0.0148064331177013
0.725713900673648,0.379852835659724,1485,1485,0.0041611838264857,0.0109427489832785
0.719875644878622,0.378914018023386,1486,1486,0.00591325707900949,0.0151612084615094
0.72274964508862,0.3793092613241,1487,1487,0.00290105058105275,0.0129728521420241
0.71583107414347,0.382228991470017,1488,1488,0.00750942394914862,0.0165081239963995
0.720337263446965,0.383691396740696,1489,1489,0.00473754907253173,0.0118478739953365
0.71265830180336,0.386825341306444,1490,1490,0.0082938567907298,0.0181376068330728
0.717998255509241,0.384998829605275,1491,1491,0.00564369121900264,0.0134103438573026
0.715089568083789,0.384473127532373,1492,1492,0.00295581210641588,0.016328709422618
0.722796833185801,0.378900032328119,1493,1493,0.00951111589185898,0.013273872257587
0.713879511908724,0.386798816487284,1494,1494,0.0119125736073982,0.0169369052407869
0.724921742710755,0.377196593529677,1495,1495,0.0146333026625199,0.0136825542837034
0.716216334116366,0.387887391676139,1496,1496,0.013786852570607,0.0144658046933087
0.724101950054846,0.380135609878484,1497,1497,0.0110577149433171,0.0115127701201778
0.714944367842947,0.386931648479604,1498,1498,0.0114038349968598,0.0158649814335123
0.723365286772591,0.380335524578809,1499,1499,0.0106967624136596,0.01178363581899
0.718174092876814,0.380985041867676,1500,1500,0.00523166959699185,0.0151311928746426
0.720397425229503,0.380075104516954,1501,1501,0.00240233068763439,0.0139775151617313
0.712374581594113,0.387019339585368,1502,1502,0.010610769090094,0.0183890696385502
0.718209906042628,0.38325302721369,1503,1503,0.0069452228402321,0.0139238131136796
0.711324284200722,0.386757438803055,1504,1504,0.00772610437008272,0.0194663771609382
0.71707628777828,0.382206253454019,1505,1505,0.00733476879237049,0.0154172705807924
0.718186793729288,0.382886199434929,1506,1506,0.00130213286732926,0.0141165766834898
0.721803294893507,0.379836750411499,1507,1507,0.00473056233626603,0.013166617733116
0.716318362884208,0.385452242751585,1508,1508,0.00784972823530893,0.0148623828335726
0.721283102154746,0.383096477795711,1509,1509,0.00549529476477369,0.0113734610715502
0.721531544487526,0.382932055311458,1510,1510,0.000297923389557157,0.0112687911873653
0.72386959552307,0.381064952862826,1511,1511,0.00299208191707649,0.0108982098529553
0.721423995265035,0.381818996572357,1512,1512,0.0025592074042531,0.0120479177514798
0.724234266736633,0.381892196974054,1513,1513,0.0028112246517995,0.0100241143032711
0.717380468079714,0.38977385314058,1514,1514,0.0104448580630341,0.0131934951894777
0.723061045935569,0.383505336129856,1515,1515,0.0084595076860397,0.00970996916117824
0.722013607353074,0.385248292310891,1516,1516,0.00203347580096436,0.0096286394250195
0.723429511126396,0.384401113096239,1517,1517,0.00164999882334653,0.00886926701322033
0.719734131416968,0.386723908264172,1518,1518,0.00436476901897711,0.011229242953451
0.717125940163638,0.391511494965515,1519,1519,0.00545193984163622,0.0135747315337773
0.713196818344405,0.393409735524092,1520,1520,0.00436363558155335,0.0177771670780113
0.7166830988848,0.388675026450574,1521,1521,0.00587976377222695,0.013925041742857
0.714653647161035,0.39043500998177,1522,1522,0.00268630160800576,0.0159387841074137
0.717174268270246,0.387914817427093,1523,1523,0.00356439353731466,0.0135120120352692
0.718888779922776,0.38653555914285,1524,1524,0.00220043259867545,0.0120945062534391
0.718120851584909,0.385721107651459,1525,1525,0.00111939499906391,0.0130599081810597
0.71618024573572,0.388766461099291,1526,1526,0.00361111183489627,0.0144207483987602
0.717051279343162,0.389417796796224,1527,1527,0.00108762941087263,0.0135242913418671
0.718557409684209,0.390069762498488,1528,1528,0.0016411849015724,0.0120231144285636
0.722638494255603,0.384868499267813,1529,1529,0.00661123214489042,0.00926804285969986
0.720618658432942,0.385578513503086,1530,1530,0.00214099438691274,0.0107580099951266
0.727448762680844,0.380418808056363,1531,1531,0.00855995819698591,0.00975265930529906
0.723124372226157,0.38402782639878,1532,1532,0.00563252751440157,0.00933703941453503
0.722783087613489,0.385909335082347,1533,1533,0.00191221079203706,0.00864507732381748
0.722156238907961,0.382957389154827,1534,1534,0.00301776805911702,0.0107582029185174
0.725697785315815,0.379831548794251,1535,1535,0.00472370923309053,0.0109689794291281
0.718014481226142,0.3902424504989,1536,1536,0.0129390894593959,0.0125725895857327
0.719079340910636,0.385261566961751,1537,1537,0.00509343959994688,0.012305992324049
0.719490225141377,0.385145893549977,1538,1538,0.00042685616929296,0.0119662487357122
0.717966575061963,0.388114701686373,1539,1539,0.00333696438626991,0.0127009070069911
0.72087295326234,0.387185016384956,1540,1540,0.00305145031145828,0.0100105974049963
0.72025911507856,0.383542056451776,1541,1541,0.00369431379157462,0.011990926792086
0.716344833451743,0.387131190708213,1542,1542,0.00531069537487973,0.0144511241726464
0.721072067819234,0.384039351851553,1543,1543,0.00564855842500941,0.0110380329468252
0.715955579702402,0.387085054055663,1544,1544,0.0059543893528901,0.0148424667095604
0.722345615688264,0.382974739162547,1545,1545,0.00759784498533556,0.0105997432773347
0.714416455265292,0.387210878779435,1546,1546,0.00898979776563371,0.0163411650711608
0.723529287452014,0.378927732714526,1547,1547,0.0123147967582082,0.0128353008038367
0.715537443309406,0.385654720798475,1548,1548,0.0104461448143004,0.0155596440485502
0.718856563376503,0.383526365969328,1549,1549,0.00394289897138693,0.0132240084540564
0.722284872416786,0.380975211916386,1550,1550,0.00427336985030835,0.0120033354348692
0.723838698313913,0.381863664737353,1551,1551,0.00178989478284759,0.0103004092689231
0.719568802302028,0.388524266378429,1552,1552,0.00791173976906598,0.0110628265096602
0.73215094962667,0.379630021604941,1553,1553,0.0154083750405334,0.0101506585614975
0.722865628667124,0.386602794543484,1554,1554,0.0116119226562303,0.00829100812567556
0.722208784882504,0.386856417364109,1555,1555,0.000704108154004695,0.00882115868535994
0.723176718388854,0.386778844489192,1556,1556,0.000971036983661134,0.0079370919980689
0.728704985442691,0.385699685379769,1557,1557,0.00563261227158392,0.00437656064294771
0.718719967327999,0.393089880314878,1558,1558,0.0124223817333734,0.0123404730039969
0.721155650513021,0.391815989298374,1559,1559,0.00274869985624667,0.00966202050025206
0.71745852177906,0.395510556399408,1560,1560,0.00522671856325939,0.0143618004326701
0.719814490604078,0.39212121583936,1561,1561,0.00412773770199098,0.0110374728607835
0.722987272065869,0.38980077241235,1562,1562,0.00393077599237578,0.00758753242212679
0.720077424179429,0.391062671560226,1563,1563,0.00317168790734897,0.0105896863569278
0.714802459406454,0.39323467731167,1564,1564,0.00570463516278113,0.0161716221771935
0.728676637673871,0.38251061382214,1565,1565,0.0175356311641055,0.00739417091755198
0.721151041712233,0.392455713799498,1566,1566,0.0124715519538453,0.00982917007201196
0.728317098798452,0.383663296599928,1567,1567,0.0113427939403936,0.0064046716852277
0.721890716769766,0.389299188739852,1568,1568,0.00854761172442193,0.00869011612906472
0.727375079815649,0.382874431345522,1569,1569,0.00844723301413296,0.0074991720432963
0.726557193618296,0.384877088830614,1570,1570,0.00216323249661633,0.00624349463189961
0.726221797275771,0.38597775798432,1571,1571,0.00115063603824073,0.00569879689930618
0.723555038871508,0.390561384618011,1572,1572,0.0053029457383411,0.00707639412031886
0.72751329620413,0.382682620916942,1573,1573,0.00881718314250832,0.007616522319631
0.722248414576437,0.385092109469662,1574,1574,0.00579004435555543,0.00949461102244775
0.728883569761341,0.381284711784876,1575,1575,0.00764993865713121,0.00854147531381292
0.724769116230467,0.388282622255902,1576,1576,0.00811784939612809,0.0059649107606016
0.731912127982787,0.380233087542496,1577,1577,0.0107618597833324,0.00951886693560254
0.725912986732378,0.386658993058388,1578,1578,0.00879101572297124,0.00554166632717561
0.728735746048102,0.384031800168004,1579,1579,0.0038561785018063,0.00591810682985421
0.72479817881734,0.391358971990578,1580,1580,0.00831816582031821,0.00602073534589168
0.729390862779831,0.384940534798249,1581,1581,0.0078923432497081,0.00486280548490328
0.724049050626655,0.391685010319061,1582,1582,0.00860365661394385,0.00683221559089568
0.732549690198102,0.383673114622118,1583,1583,0.011681239051674,0.00630211314970112
0.727898755173481,0.387082717987735,1584,1584,0.00576685284310939,0.00371250970547498
0.73012264140844,0.38376941555459,1585,1585,0.00399044396020347,0.00590516946424792
0.725815321278744,0.388419265114817,1586,1586,0.00633830479169553,0.00491656773517481
0.728393579362321,0.38406559622222,1587,1587,0.00505982683220498,0.00600163037196625
0.728091261198603,0.387350153836268,1588,1588,0.00329844129735745,0.00338886713851072
0.727675588828417,0.386466981093024,1589,1589,0.000976103280265287,0.00430999551752448
0.727129484253784,0.386742486809836,1590,1590,0.000611664619240959,0.00451191015437456
0.728827531222815,0.385815878188201,1591,1591,0.00193441646155182,0.00421961512562757
0.729065769609652,0.387569072156908,1592,1592,0.00176930681931468,0.0025756573439316
0.728298492095898,0.389615142889743,1593,1593,0.0021852048478066,0.00227534834346663
0.724599851222617,0.392197339334275,1594,1594,0.00451084058548483,0.0064911788887991
0.727393891598726,0.387512297002721,1595,1595,0.00545493201348831,0.0038354721752199
0.726810884395814,0.388958536582136,1596,1596,0.00155932880423443,0.00382690933081955
0.726902821857818,0.386977019195818,1597,1597,0.00198364907410627,0.00454507297703116
0.722546626095116,0.391555059482593,1598,1598,0.00631940617386734,0.0082481014113481
0.729550815026253,0.385949584890213,1599,1599,0.00897106504206035,0.00384620840981621
0.724820775747762,0.390946680315962,1600,1600,0.00688071466274483,0.00589538931097211
0.727820730701829,0.389352682391855,1601,1601,0.0033971398423511,0.00276952725456828
0.722470568553435,0.39353658640254,1602,1602,0.00679185451734126,0.00898360323975817
0.728265440034394,0.38878111300369,1603,1603,0.00749633662050958,0.0024687446611201
0.722797654422,0.394772410145624,1604,1604,0.0081112465716468,0.00930735174949463
0.725500337720871,0.391663005089804,1605,1605,0.00411981757061632,0.00545519020419829
0.724444886494889,0.391984770096888,1606,1606,0.00110340836058544,0.00655561978541119
0.732176189425066,0.384906368674782,1607,1607,0.0104822140643396,0.00501404253241695
0.729947524669962,0.391659505350097,1608,1608,0.00711138534647982,0.00209771256659902
0.732274796808244,0.388633834686322,1609,1609,0.00381718201966546,0.00198549061919185
0.72855835798156,0.392272858902314,1610,1610,0.00520138585350704,0.00330173685140213
0.734683257740346,0.387615271905626,1611,1611,0.00769464188165309,0.00458918522413943
0.732919054496523,0.393827297449237,1612,1612,0.00645768336479859,0.00478438169981144
0.737855782280071,0.38781682948306,1613,1613,0.00777798215357363,0.0075113183726938
0.73368496937674,0.390401925619145,1614,1614,0.00490697486313054,0.00319936698928648
0.73919816232821,0.386237449605431,1615,1615,0.00690928049719619,0.00927800712079418
0.733330300241791,0.392261961721442,1616,1616,0.00840990794843781,0.00379265337451779
0.738189064776591,0.388705592148668,1617,1617,0.00602124217606128,0.00767485847303598
0.735528237906215,0.38883703834082,1618,1618,0.00266407164609849,0.00502223546781895
0.733544115466496,0.390258079798773,1619,1619,0.00244051238083635,0.00303079748600625
0.731163701554501,0.390238545339603,1620,1620,0.00238049406374302,0.000828361973271202
0.734976138569804,0.387812288672134,1621,1621,0.00451900402877582,0.00477367113494289
0.730941131026281,0.390691286121864,1622,1622,0.00495680463523025,0.00109736471362919
0.73509262447162,0.385597489951239,1623,1623,0.00657127516198897,0.00607498395739971
0.731219641924758,0.389886810383339,1624,1624,0.00577912308032441,0.000685723300118582
0.73891507693835,0.385012062877115,1625,1625,0.00910949412963546,0.00954785170093661
0.735157415044938,0.390571289241866,1626,1626,0.0067100686046974,0.00467418724363877
0.738629834510923,0.386230119433791,1627,1627,0.00555908735767807,0.00875507134196652
0.736861640269389,0.389236714631034,1628,1628,0.0034879973560603,0.00630224458160078
0.737905964346383,0.384920470226909,1629,1629,0.00444078580140188,0.00872948076865043
0.735084048554868,0.388289672636561,1630,1630,0.00439485308191323,0.00471339123166118
0.737325196316012,0.386167998704163,1631,1631,0.00308613732077701,0.00760011063415274
0.731171796017649,0.390694543391875,1632,1632,0.00763897519577994,0.00119740747286398
0.733682656745914,0.386915968201718,1633,1633,0.00453674465497208,0.00414516105432396
0.731447580239227,0.389026436683949,1634,1634,0.00307402735922065,0.00107803529856148
0.731408603092874,0.390232115899141,1635,1635,0.00120630907643292,0.001013822339001
0.72797071637356,0.392267898306849,1636,1636,0.00399543177971659,0.00368634874842084
0.738191524503721,0.386247734244546,1637,1637,0.0118620105450391,0.00834629086231229
0.727487293293987,0.392569232422944,1638,1638,0.0124314884471225,0.00424304163487742
0.734921148586562,0.385728944476461,1639,1639,0.0101020663085204,0.00585959730176902
0.730230362660134,0.389167628399678,1640,1640,0.00581618601244526,0.000597944525831153
0.733148582981214,0.386397718320239,1641,1641,0.00402348253265063,0.00415409787669908
0.725693685312156,0.389680174613824,1642,1642,0.00814555207309107,0.00487981695459458
0.7302076406594,0.390250390340108,1643,1643,0.00454982844197682,0.000696785329408565
0.722281410009869,0.394280588289196,1644,1644,0.00889199796549715,0.00949379902971053
0.727018469379885,0.392106762148164,1645,1645,0.0052120295055278,0.00431711570640579
0.719505517335949,0.395843984277973,1646,1646,0.00839114281025026,0.0126796500110795
0.72869677088336,0.389834469521474,1647,1647,0.0109815030565662,0.00188501747561008
0.723040876124188,0.390956548098262,1648,1648,0.00576612572350876,0.00764379240535903
0.727904666718118,0.388390847553439,1649,1649,0.00549902520700729,0.00295405358317885
0.722903201557071,0.393113662511699,1650,1650,0.00687892687031373,0.00841301221986583
0.730665260135717,0.387615196143159,1651,1651,0.00951223873671713,0.0020442189301902
0.72238369172403,0.393902831434576,1652,1652,0.0103980158162671,0.0092247610118756
0.728214031775992,0.387059428254264,1653,1653,0.00899027431226765,0.00350942423398747
0.718569893239244,0.394096029160807,1654,1654,0.0119383064307272,0.0127979373652621
0.726149010374553,0.38899910213131,1655,1655,0.00913354704891579,0.00447313642967836
0.718437946074465,0.394166662609896,1656,1656,0.00928246701798363,0.0129462082607181
0.727283983163938,0.388752176586241,1657,1657,0.0103715491171135,0.00341173385104669
0.724549140503395,0.388353490422292,1658,1658,0.00276375017598313,0.00616379326414166
0.732296261161255,0.383535335773411,1659,1659,0.00912318435130968,0.00635980882838701
0.727020079573474,0.388126321659184,1660,1660,0.00699394334768397,0.00386917153276364
0.732343752999688,0.385073703486714,1661,1661,0.00613677247874354,0.00491363541299536
0.722407705552911,0.390778014323083,1662,1662,0.0114570590023141,0.00824228413521028
0.730558050784601,0.386693992898045,1663,1663,0.0091163237325085,0.00296339939802536
0.719626810711797,0.395109955052841,1664,1664,0.0137956670197646,0.012229462966816
0.730837744301763,0.386711675050273,1665,1665,0.0140077171216489,0.00295751018013565
0.722056395988869,0.394924453566841,1666,1666,0.0120233859272066,0.0100141173403536
0.728605822813595,0.388850648093814,1667,1667,0.00893230679369056,0.00212657566727617
0.726524703451188,0.392737127206587,1668,1668,0.0044086026918521,0.00508697879136502
0.734952628468037,0.38429223920095,1669,1669,0.0119308865352651,0.00692543516138791
0.722125720471697,0.391698199787116,1670,1670,0.0148114084728767,0.00869075221513394
0.731468928966064,0.384884376966475,1671,1671,0.0115638975436617,0.00485625143487916
0.727556215991556,0.388274116231072,1672,1672,0.00517683833076109,0.0033191921317391
0.734502655108143,0.384739365078844,1673,1673,0.0077940671095799,0.00629485978078558
0.728189391232468,0.388320961836682,1674,1674,0.00725845273454792,0.00273306977543893
0.731319613752369,0.386674116750295,1675,1675,0.0035370032177903,0.0030751351645101
0.726694894891651,0.38965640142495,1676,1676,0.00550291253986164,0.00387855412271973
0.731213725717698,0.387498038467221,1677,1677,0.00500783013806681,0.00225224123809206
0.73126154268413,0.387652689978534,1678,1678,0.000161875113066044,0.00211946786830618
0.735873279041912,0.383665120768172,1679,1679,0.00609662369193968,0.00799968988001778
0.728423373000149,0.390230794553425,1680,1680,0.00993021511778346,0.00222523311011271
0.73811115393081,0.383362692154518,1681,1681,0.0118753496757928,0.00982037389283711
0.734210032942429,0.387669801606537,1682,1682,0.00581119065232446,0.00414428537094874
0.74182971101338,0.383820830445239,1683,1683,0.008536631238693,0.0126794488865815
0.733979510707525,0.388063623387852,1684,1684,0.00892339267296515,0.00376048253120526
0.736319481445181,0.384406771159453,1685,1685,0.00434143193813235,0.00778366830303836
0.729626518480704,0.390755468664941,1686,1686,0.00922505898409611,0.00145001268481237
0.732332117663201,0.391614983852017,1687,1687,0.00283884365422702,0.00263158453332252
0.728034793087766,0.390321891691927,1688,1688,0.00448765928309283,0.00262419243532307
0.733903373036256,0.388558516691539,1689,1689,0.00612778279672295,0.00350654166407203
0.729478709774474,0.389981611607633,1690,1690,0.00464788598401218,0.00114175209776752
0.736863414234111,0.387686180409635,1691,1691,0.00773323117079252,0.00659159938988331
0.730380162669857,0.392682758223363,1692,1692,0.00818525141300126,0.00303157395143398
0.737053981340679,0.387804452689682,1693,1693,0.00826666320415649,0.00674021792486392
0.733273525396157,0.394576942354745,1694,1694,0.00775618871687996,0.00561184278955401
0.741152991447728,0.384699397923038,1695,1695,0.0126353420712775,0.0116836651816858
0.736721714692616,0.389371224232125,1696,1696,0.00643911288475886,0.00615492010910462
0.739782118382303,0.388934706781116,1697,1697,0.00309137804690486,0.00923698057847623
0.734891388870768,0.391594694542266,1698,1698,0.00556729467914752,0.00473264203268563
0.73694998097604,0.391555606461352,1699,1699,0.00205896316964546,0.00665308426527502
0.734885871610645,0.3914155691411,1700,1700,0.00206885425377755,0.00465707162785766
0.742644742198823,0.381273449001262,1701,1701,0.0127695995918044,0.0146971410936435
0.735452943196886,0.387740542178044,1702,1702,0.00967188022265764,0.00524248277277573
0.741175696238335,0.385666366784467,1703,1703,0.00608704410504188,0.0113285309718839
0.738621980132462,0.384053749267758,1704,1704,0.00302026508846371,0.00980710058449392
0.745338902105863,0.382140108752621,1705,1705,0.00698420080022987,0.0165688731919407
0.742238902503865,0.382574427264259,1706,1706,0.00313027636191082,0.0136473673199564
0.751510697251186,0.379153202047219,1707,1707,0.0098828619246729,0.0234244645819156
0.741017062167534,0.38626209072142,1708,1708,0.0126748836464487,0.0109816601318585
0.751838438365702,0.375138042256903,1709,1709,0.0155192344225855,0.0257489832989248
0.74080899474784,0.386641616019053,1710,1710,0.0159367762053936,0.0106705699992273
0.746887904379382,0.380509551763179,1711,1711,0.00863454424660759,0.0187041094990456
0.739500341435737,0.388775737772547,1712,1712,0.0110862941232769,0.00897032076028086
0.751121315565637,0.378963309572209,1713,1713,0.0152095623511853,0.023164139834334
0.744474473048272,0.382036240489913,1714,1714,0.00732280136803008,0.015853069655826
0.750250125437276,0.378471706765293,1715,1715,0.00678705099380886,0.0226338301102528
0.743317827421451,0.384924891657981,1716,1716,0.00947102692633841,0.0135946815922422
0.745667995005407,0.383416452592941,1717,1717,0.00279261097999985,0.0163338345538445
0.748860347930235,0.37978335619682,1718,1718,0.00483637329206136,0.0207823597092557
0.753671849473628,0.378183105380004,1719,1719,0.00507063603296397,0.0257913638904482
0.745279010405406,0.384874584972277,1720,1720,0.0107338551675938,0.0154637771089801
0.750790303016407,0.381591110514141,1721,1721,0.00641525921232376,0.0217666131231106
0.744470624649143,0.385453859805607,1722,1722,0.0074066974255996,0.0145189821590901
0.749607910396351,0.380295094305231,1723,1723,0.00728042349979241,0.0212123218702404
0.739194988176224,0.390525770393745,1724,1724,0.0145977971759604,0.00866516529160202
0.748385978525239,0.380654493797651,1725,1725,0.0134876389791643,0.0199583985523553
0.746518427157547,0.381863045325364,1726,1726,0.00222448756033976,0.0177480577183539
0.747679648437764,0.386251401153211,1727,1727,0.00453939442364543,0.0174419771199217
0.749737121302164,0.379012589762458,1728,1728,0.00752552888099221,0.0219216173971033
0.753607317706972,0.377577007474435,1729,1729,0.00412787072441402,0.026009495250746
0.74630125209442,0.383902570012635,1730,1730,0.00966391929600052,0.0167475763159825
0.750106050645707,0.382346371831058,1731,1731,0.0041107474741485,0.0208560055217619
0.739995100003508,0.390386596662808,1732,1732,0.0129180702209755,0.00944983105201405
0.751568205276348,0.381686745739977,1733,1733,0.014478403632159,0.0224568556165198
0.746047391465781,0.384893986743203,1734,1734,0.00638480853148444,0.0161905080197104
0.744452585525032,0.392801002147407,1735,1735,0.00806624439196871,0.0142307051103674
0.742578905675632,0.389423742709819,1736,1736,0.0038621959410192,0.0120077294223492
0.744734034697019,0.387793657549058,1737,1737,0.00270217666523804,0.0142827010144037
0.740171708230999,0.389023440480113,1738,1738,0.00472516548282273,0.00961916973603937
0.746617567882555,0.385676603527461,1739,1739,0.00726294872866385,0.0165305811970709
0.744661126874456,0.386561444073219,1740,1740,0.00214723175497877,0.0144238454811795
0.741338980116106,0.393732230137131,1741,1741,0.00790296348583257,0.0115109205485469
0.739364150813051,0.383895437108111,1742,1742,0.0100330677198938,0.0105107614726273
0.740638560635854,0.389882386061012,1743,1743,0.00612108472095449,0.0100676270539285
0.737092236487221,0.388598418822819,1744,1744,0.00377160268797433,0.00660423589261515
0.742478422121492,0.386398894924368,1745,1745,0.00581798084103851,0.0123428494224398
0.739071270374443,0.388274952392682,1746,1746,0.00388950827892695,0.0086095295647805
0.736474084353158,0.392893025440448,1747,1747,0.00529829915195983,0.00672956755732118
0.734134511445833,0.396996077894923,1748,1748,0.00472320239168984,0.00815708648748202
0.737480159808663,0.395680457264326,1749,1749,0.00359502720592737,0.00916408474037453
0.742260440959918,0.385895425274051,1750,1750,0.0108902680837419,0.0122775355156749
0.742512230760033,0.390750560358179,1751,1751,0.00486165967428552,0.0119887287162714
0.737547185453212,0.390887950069187,1752,1752,0.00496694582530141,0.00708148094937714
0.734524680295517,0.396531840810074,1753,1753,0.00640226835764953,0.00792911230595943
0.735264795301658,0.393638025354251,1754,1754,0.00298696135138608,0.00615260019173636
0.735082278507285,0.396744863798338,1755,1755,0.00311219496463229,0.00840014070224114
0.726477460837007,0.401395075298547,1756,1756,0.00978096897732567,0.0124318646872483
0.734422341965957,0.395741630749951,1757,1757,0.00975102924911991,0.00719947374598313
0.730678160177972,0.39895334707015,1758,1758,0.00493295235968441,0.00929658450135561
0.733163933722175,0.397534044841269,1759,1759,0.00286242710474269,0.00829173667940936
0.733505583767876,0.396019554379735,1760,1760,0.00155254826392118,0.00700535725836525
0.741563922180304,0.391588550535091,1761,1761,0.00919622819641123,0.0111588543153886
0.735355448483952,0.395142830642829,1762,1762,0.00715388375098173,0.00727722425056124
0.740533062532369,0.390171912152302,1763,1763,0.00717758440381184,0.00997289705154642
0.733246507699437,0.3949568072185,1764,1764,0.00871717282883954,0.00593544150743637
0.73783960206061,0.392234189962607,1765,1765,0.00533939701958216,0.00770954435568788
0.734482510860504,0.390344370274548,1766,1766,0.00385246411783466,0.00396897457011459
0.740331628752699,0.386563692473545,1767,1767,0.00696460370385786,0.0102368356998084
0.731909340088715,0.388588626682274,1768,1768,0.00866229212675042,0.00171078335862179
0.742854032515737,0.38134604951797,1769,1769,0.0131240701119364,0.0148287048584027
0.739070312890954,0.385100444547679,1770,1770,0.00533029232200933,0.00964168584308673
0.746165569513942,0.380813167281158,1771,1771,0.00828995855876707,0.0179257868388464
0.743648652994413,0.383474932556343,1772,1772,0.00366331313791985,0.0144631696367048
0.745172392476751,0.385234129610894,1773,1773,0.00232734962710278,0.0152543125868252
0.7434311326186,0.382911987197505,1774,1774,0.00290246985887275,0.0145196412113018
0.747896341608719,0.380784532181796,1775,1775,0.00494612536934705,0.0194630303025854
0.743859228269238,0.3840282918585,1776,1776,0.00517882814505649,0.0144290767153015
0.749029270983915,0.380549326485732,1777,1777,0.00623157618396111,0.0205809014121996
0.745083407786563,0.382578323662678,1778,1778,0.00443696584574087,0.0161447066641127
0.748582584134518,0.385301740253508,1779,1779,0.00443409889845647,0.0185283649627497
0.745311395681193,0.388547563657023,1780,1780,0.00460825818113231,0.0147796720600037
0.75460647067999,0.378206315441027,1781,1781,0.0139046694997802,0.0266216524828243
0.743629796751789,0.387547164674004,1782,1782,0.0144131479878365,0.0132257744976186
0.743632063625975,0.389161710961079,1783,1783,0.00161454787845509,0.0130680174068691
0.74054247266786,0.390599949170512,1784,1784,0.00340794680644236,0.0100134870951876
0.744230487528803,0.388060367873862,1785,1785,0.00447782612177288,0.0137500932140885
0.743133066682696,0.386586200813683,1786,1786,0.00183779787647826,0.0129296546859312
0.746260943991763,0.387724014690627,1787,1787,0.00332839854571855,0.0158061790638576
0.74156963760994,0.388092419119316,1788,1788,0.00470574939740928,0.0111069879816145
0.749360720697183,0.385793529347464,1789,1789,0.00812316870780492,0.0191804772985563
0.745128091909418,0.386386306485581,1790,1790,0.00427393626420556,0.0149176866120304
0.741502486860317,0.391154743454902,1791,1791,0.00599024232418498,0.011031140062764
0.737504072383174,0.394110030159154,1792,1792,0.00497202552641815,0.00823771097426977
0.740382568535225,0.388217402510721,1793,1793,0.00655810953708846,0.00991424648826331
0.736495057799066,0.392008310028496,1794,1794,0.00542989130020807,0.00637122078286902
0.742408855680886,0.384902216383637,1795,1795,0.00924497551519336,0.0127549273308747
0.730268713655424,0.39575759036097,1796,1796,0.0162856437571913,0.00610784479839851
0.735171568924352,0.393295132734554,1797,1797,0.0054865004647724,0.00586311814103869
0.725064362196849,0.400892207426849,1798,1798,0.0126440172300103,0.0125128736191133
0.736545330047095,0.390293389768919,1799,1799,0.015625221871207,0.00600565634504497
0.730210807099495,0.394369730726249,1800,1800,0.00753277748072199,0.00472631141517873
0.738058867285594,0.387499464329584,1801,1801,0.0104303695546116,0.00779024832037198
0.734655331693363,0.390270484786355,1802,1802,0.00438891887592277,0.0041276747223787
0.741510476425516,0.385709040021219,1803,1803,0.00823406264514449,0.0116278863478899
0.730309712331203,0.396375681479624,1804,1804,0.0154672026009428,0.00672350385339758
0.740057736548848,0.38719429075929,1805,1805,0.0133911131616165,0.00979889709892429
0.730535291425539,0.395855750828158,1806,1806,0.0128723677562066,0.00619851598539802
0.736058657723751,0.391700466287765,1807,1807,0.00691187130058514,0.0058533606303503
0.736976613657835,0.389917933055052,1808,1808,0.0020050106789358,0.00640846481450161
0.742502800773436,0.386283855885479,1809,1809,0.00661402002650715,0.0123971736363081
0.737040096049532,0.390215771047862,1810,1810,0.00673060916594756,0.00649071312669977
0.740724864997913,0.386877451168525,1811,1811,0.00497211241020676,0.0105251650384541
0.736440420908173,0.390683188268079,1812,1812,0.00573062789134234,0.00595598018991977
0.740743803623543,0.3884257739771,1813,1813,0.00485952899734782,0.0102446522825235
0.739049109871843,0.38678531259077,1814,1814,0.00235862257940819,0.00894904693165324
0.740617921597491,0.386413507165842,1815,1815,0.00161226843439217,0.0105552812851644
0.736810470078728,0.389249287871059,1816,1816,0.00474745608466371,0.00625035597240531
0.748260601234248,0.380697095296116,1817,1817,0.0142914485381128,0.0198272933902262
0.741185704496233,0.384737306741585,1818,1818,0.00814723710086228,0.0116972995640892
0.746146944054904,0.381043418785116,1819,1819,0.00618536225240386,0.0177970110368956
0.739619691396104,0.387304012237963,1820,1820,0.00904433843095477,0.00934733720061041
0.746701611080803,0.380781285299667,1821,1821,0.00962806071501924,0.0184092960384413
0.742039580042196,0.384225113301048,1822,1822,0.00579607493982165,0.0126878439406149
0.750175942372198,0.37603264069249,1823,1823,0.0115462980823746,0.0238723797839473
0.740389306536838,0.38677940244782,1824,1824,0.0145351687021435,0.010229059413651
0.746960997696443,0.379902246247848,1825,1825,0.00951222382495506,0.0190712833741123
0.740305967196159,0.385461195196722,1826,1826,0.00867129427339967,0.010598568147886
0.745858411135502,0.381145868183111,1827,1827,0.00703218891483652,0.0174950116410977
0.74123275668131,0.385172261139268,1828,1828,0.00613257852513771,0.0115644664840363
0.745632405284372,0.386174429943738,1829,1829,0.00451234419598964,0.0154564845785703
0.747679085666129,0.380821246003677,1830,1830,0.00573109752850163,0.0192530408914013
0.751970910303448,0.379089244452828,1831,1831,0.00462813008564407,0.0238649587864623
0.744630749294231,0.383475016565626,1832,1832,0.00855061171300777,0.0153567239166839
0.751773128983845,0.378244386684246,1833,1833,0.0088528569731242,0.024076590698961
0.749875994288426,0.378963072871691,1834,1834,0.00202870152772341,0.02206707662672
0.750649750145497,0.379116518378132,1835,1835,0.000788824219835152,0.0226752519580508
0.747992189213404,0.378467860984619,1836,1836,0.00273557791370355,0.0207030729572191
0.753548822182482,0.375595333770752,1837,1837,0.00625520443690248,0.0269371145898474
0.746928294807739,0.378489758485995,1838,1838,0.00722558490033298,0.0198039424389538
0.74870859077252,0.379938467482905,1839,1839,0.00229525847780631,0.0205752300770576
0.750090516489945,0.379646543821842,1840,1840,0.00141242278102889,0.0219347262029173
0.753557487972947,0.377631411318729,1841,1841,0.00401006861151426,0.0259401100319515
0.743158219959603,0.386614215098476,1842,1842,0.0137417443928635,0.0129474764587017
0.747188483380344,0.380742193119132,1843,1843,0.00712205485562047,0.0188557533371367
0.743950268160261,0.382381097625113,1844,1844,0.00362933131462338,0.0152277107780309
0.741281492192566,0.385267267409971,1845,1845,0.00393094660263563,0.0115730305651853
0.735499126495559,0.387734847513146,1846,1846,0.00628686763177828,0.00528756318324774
0.739914235577533,0.387134580591953,1847,1847,0.00445572761537389,0.00967546757734552
0.738290028295681,0.386789653022902,1848,1848,0.00166042895732187,0.00823221092382859
0.750074208943915,0.37647568947274,1849,1849,0.0156602923875728,0.023537966713871
0.745783983480398,0.377116232790912,1850,1850,0.00433777941696776,0.0197139554782181
0.745985743152193,0.380695591416479,1851,1851,0.00358504046498574,0.0178284035222213
0.748021760927164,0.377684114784322,1852,1852,0.00363515610201721,0.0211613328752916
0.752637760194017,0.376195252962888,1853,1853,0.0048501710026459,0.0258468944225211
0.745528243373265,0.379262761971558,1854,1854,0.00774305113910698,0.0182124513920231
0.747041091842157,0.381117853300831,1855,1855,0.00239375736652004,0.0185501026180766
0.752800998959725,0.372399629721737,1856,1856,0.0104491125162899,0.0281405929223917
0.749396601645739,0.375826244447532,1857,1857,0.0048302804836277,0.0233583095180796
0.749206870082787,0.377015741664231,1858,1858,0.00120453380795747,0.0225169870162312
0.750735774036039,0.380302382615896,1859,1859,0.00362485255471578,0.0222268939034884
0.749696241956394,0.376316910923973,1860,1860,0.00411881191021463,0.0233162730774378
0.747443492461954,0.380149387654447,1861,1861,0.00444553238367736,0.0193649105699237
0.748006855036044,0.378095843129913,1862,1862,0.0021294183487821,0.020918703202077
0.751544426102437,0.375518364713604,1863,1863,0.00437696287810578,0.0252921500593262
0.75283603584505,0.370656216440408,1864,1864,0.00503077941851524,0.0292688561646398
0.753983599683228,0.372376322938191,1865,1865,0.00206776911825404,0.0290975795433194
0.752474759596479,0.373151140716284,1866,1866,0.00169615476788827,0.0274248506078056
0.754195764853434,0.375982049495129,1867,1867,0.00331299013107628,0.0272951958714174
0.75510985714961,0.37459448540552,1868,1868,0.0016615952662131,0.028791062653208
0.757643323750204,0.372208353317315,1869,1869,0.00348024127880357,0.0322062989133958
0.7589793378458,0.371838576510982,1870,1870,0.00138624260147065,0.033532123362754
0.76040834734388,0.366475327595306,1871,1871,0.00555036098619736,0.0377826340302955
0.761576478476421,0.368331500043976,1872,1872,0.00219314990413591,0.0376295072662823
0.757832712855485,0.373321740188478,1873,1873,0.00623845154860627,0.0317792336954472
0.761118296357265,0.367750051961267,1874,1874,0.00646828946850875,0.0375887950597954
0.760193498184122,0.36609775400854,1875,1875,0.00189349945488112,0.0378470869545123
0.759509358140262,0.367672913210256,1876,1876,0.0017173159611333,0.0363400936345949
0.760722827292791,0.369806505158454,1877,1877,0.00245453090947286,0.0360976612742886
0.76269799906514,0.369630777611609,1878,1878,0.00198297344939403,0.0378556523762594
0.759869365806793,0.370659268267367,1879,1879,0.00300981048227394,0.0349167287141464
0.756964855542348,0.375347485663752,1880,1880,0.00551503057398949,0.0300213028957707
0.75692846637902,0.373895676352391,1881,1881,0.00145226528147039,0.030708587965266
0.756781884442636,0.371048364554977,1882,1882,0.00285108237968774,0.0321430632992129
0.756233968339232,0.370498973953207,1883,1883,0.000775913712780992,0.0320235182097127
0.758772064418725,0.369882968086115,1884,1884,0.00261178003228259,0.034441082851279
0.756454441147449,0.373622220026453,1885,1885,0.00439924796992445,0.0304458737197525
0.758864453276902,0.370756883172584,1886,1886,0.00374410386477918,0.0340236485648485
0.755606932137289,0.374764944126427,1887,1887,0.00516488108137515,0.0291283213390998
0.75846483082339,0.372263973759084,1888,1888,0.00379768846515136,0.0328703331663086
0.756929643098564,0.372639059805063,1889,1889,0.00158034518139062,0.0313730975817818
0.761236130968714,0.368984576015598,1890,1890,0.00564810495150482,0.036980586132504
0.761462399758377,0.369774488302992,1891,1891,0.000821680586938545,0.0367349365811616
0.764767570019656,0.366707841372456,1892,1892,0.00450871088589685,0.0411815246279696
0.76325171839758,0.367640330121676,1893,1893,0.00177970261773477,0.039403281115826
0.764654787687663,0.367659965502923,1894,1894,0.00140320667792412,0.0405638099690071
0.763512156460734,0.368833196313248,1895,1895,0.00163770469103789,0.0389692690217678
0.763184180622856,0.369399917590917,1896,1896,0.000654783289947587,0.0383904087534981
0.760683112385993,0.373283361813746,1897,1897,0.00461914292453453,0.0342738880127767
0.758365230660838,0.370411117014951,1898,1898,0.00369084893703543,0.0338053354643158
0.762262814021383,0.369657685662343,1899,1899,0.00396973737865512,0.0374726904182534
0.764986482772282,0.368074462162671,1900,1900,0.0031503917398534,0.0406211527006063
0.765651308937112,0.368699726641603,1901,1901,0.000912660669721726,0.0408616976860524
0.763200087775072,0.371729592671094,1902,1902,0.00389725202442691,0.0372277064752466
0.766720530915793,0.364692226565474,1903,1903,0.00786880179008093,0.0439302747646006
0.757869840266573,0.370481434388699,1904,1904,0.0105758995924069,0.033358789083878
0.765221167352343,0.369039483544865,1905,1905,0.00749141055863341,0.0403182453205345
0.760437287677457,0.371454192461858,1906,1906,0.00535876141450513,0.0349743319366172
0.765329536029723,0.36689918805261,1907,1907,0.00668447149059103,0.0415441889102558
0.758286609515587,0.370569654073355,1908,1908,0.00794198556363435,0.0336505496933525
0.760544212251485,0.371224427268516,1909,1909,0.00235063779647881,0.0351854995825984
0.757957578195783,0.37041937585855,1910,1910,0.00270901892034781,0.033466255760299
0.762546558603817,0.367628408197889,1911,1911,0.00537105591743193,0.0388272342836638
0.755673643211928,0.376794920114426,1912,1912,0.0114569588765995,0.0282039344081068
0.756853258581486,0.375923904192817,1913,1913,0.00146634278250145,0.0296519138280926
0.755614376191999,0.374429554675483,1914,1914,0.00194111052105199,0.0293075734233349
0.757608887359625,0.375790627928678,1915,1915,0.00241466254336804,0.0303842225070187
0.753603932171807,0.377723489788695,1916,1916,0.00444697886506545,0.0259387785767102
0.747664636478674,0.385775514370468,1917,1917,0.0100055151389594,0.0175264759311011
0.744826256683961,0.384121716008998,1918,1918,0.00328503407584015,0.0152900555536172
0.745792744307196,0.385342063755599,1919,1919,0.00155671029690859,0.0158192499158351
0.743310098044698,0.383285855938055,1920,1920,0.00322358853665072,0.014241425394364
0.745850887955173,0.38079402700797,1921,1921,0.00355876731270469,0.017662352029661
0.747198467971711,0.37919235452378,1922,1922,0.00209316187801715,0.0196445269087882
0.74533638741804,0.382187695185118,1923,1923,0.00352695472976682,0.0165450938657863
0.749360844399911,0.375633988417225,1924,1924,0.00769072990024075,0.0234439963334215
0.746605343986626,0.381147601476901,1925,1925,0.00616382279915987,0.0181504137432858
0.744998614305297,0.381829569210592,1926,1926,0.00174546849259964,0.0164121779475865
0.749776741435218,0.377756219853437,1927,1927,0.00627874779355892,0.0225921091881116
0.746225934642207,0.380236633591938,1928,1928,0.00433136020153444,0.0182688327700639
0.744787677786312,0.380688480084161,1929,1929,0.00150756360929244,0.0168072892386824
0.750059401570426,0.376235328336661,1930,1930,0.00690084285737964,0.023661214647253
0.750780004032913,0.37509330826863,1931,1931,0.00135036207912172,0.0249081562687011
0.747173617019804,0.378346090474233,1932,1932,0.00485660574531369,0.0200875639528565
0.743471228120343,0.381491855225965,1933,1933,0.00485834533931936,0.0152652563420373
0.742992136644563,0.379695297918979,1934,1934,0.00185934042053905,0.0159206260133627
0.746818467299383,0.377700030279335,1935,1935,0.00431530986533112,0.0201712213946493
0.744698976971744,0.384814005574837,1936,1936,0.00742299695230695,0.0149328011698384
0.750544089575047,0.378076170903443,1937,1937,0.00891985187120987,0.023085715310227
0.748400235516083,0.380454688909647,1938,1938,0.00320210214265148,0.0200619873003444
0.750120663013384,0.378451349429161,1939,1939,0.00264068927508346,0.0225314908475637
0.747640669186237,0.379299970757191,1940,1940,0.00262116911722112,0.0199641017981087
0.753871457445267,0.373101086011376,1941,1941,0.00878913502119295,0.0285815876989137
0.753280175492463,0.376057107649075,1942,1942,0.00301457762717327,0.0264681334241301
0.759745360501941,0.367380036056385,1943,1943,0.0108208219942591,0.0367053026856458
0.757415747103397,0.375250417647673,1944,1944,0.00820792330490259,0.0304642206328561
0.756258252647091,0.372917176323834,1945,1945,0.00260457453178988,0.0306584838999282
0.758123655081615,0.370562222743321,1946,1946,0.00300425242100217,0.0335207075283769
0.763804920497113,0.363640251918551,1947,1947,0.00895491244068408,0.0422045046936
0.761409609988783,0.369579386975443,1948,1948,0.00640397046021616,0.0367966509621575
0.761641653748539,0.366965167952635,1949,1949,0.00262449717196517,0.0384729591100245
0.756385497268828,0.37610008100661,1950,1950,0.0105391563914244,0.0291558132416044
0.757427366237831,0.371376623973299,1951,1951,0.00483699672256498,0.0324856569014832
0.752667503553886,0.376652969741535,1952,1952,0.00710606202027462,0.0256371062452807
0.751809805520142,0.377481796903121,1953,1953,0.00119272812529556,0.0244791133742198
0.754189775094201,0.375959040641369,1954,1954,0.00282542772092131,0.027301549499208
0.7488760002957,0.381629636104621,1955,1955,0.00777121969301095,0.0199856852481293
0.749918010669776,0.377792521913038,1956,1956,0.00397608236068293,0.0226933089266664
0.750344040289783,0.377167246455609,1957,1957,0.00075661789219312,0.0233854447843358
0.749908071865778,0.377916631982544,1958,1958,0.000866975855898464,0.0226201714995444
0.749111376717394,0.374871213414341,1959,1959,0.00314790365402418,0.0237125424768495
0.749292770111174,0.380124211550016,1960,1960,0.00525612908676289,0.0210069930992417
0.746244594869279,0.380316999787588,1961,1961,0.00305426580536937,0.0182435468301063
0.745679244530758,0.382142718990946,1962,1962,0.00191124870563137,0.0168717152457826
0.744339589776492,0.383664104160807,1963,1963,0.00202713780875943,0.0150141818904211
0.747537358608879,0.380719174088894,1964,1964,0.00434722194439687,0.0191745994026804
0.745717106470425,0.378991309141381,1965,1965,0.00250974802009862,0.0185228194706068
0.750536296712931,0.377633952509366,1966,1966,0.0050066966774448,0.0233040218673189
0.752207556670954,0.377509035192624,1967,1967,0.00167592189057668,0.0248116147692254
0.753190559687217,0.376437789206562,1968,1968,0.00145391295909986,0.0261971477187303
0.754369296171715,0.370707963406833,1969,1969,0.0058498139624366,0.0304191006861925
0.757391106435968,0.369447133048813,1970,1970,0.00327429846911507,0.0335803471935721
0.75605487976029,0.370907055454702,1971,1971,0.00197910968872604,0.0316366393638618
0.7600156749629,0.368661593026279,1972,1972,0.00455302099209658,0.0361616728423783
0.757224219353987,0.368620021490952,1973,1973,0.0027917651421778,0.0339533923649426
0.75330149343455,0.369958274871941,1974,1974,0.00414471962269564,0.0300768625294599
0.7451958644407,0.376854469035115,1975,1975,0.0106423078005728,0.019435247772185
0.747339439080484,0.376322737798006,1976,1976,0.00220854031995019,0.0214221934095342
0.743985385984476,0.376203775979014,1977,1977,0.00335616210651658,0.0189968095213978
0.755567629822508,0.36792466688166,1978,1978,0.0142369947590601,0.0331212725478167
0.75267930723291,0.369504764141586,1979,1979,0.00329228108344372,0.0299131372784796
0.753235369997526,0.372639952342636,1980,1980,0.00318411853645569,0.0283399818088089
0.747422570383131,0.376050289460558,1981,1981,0.00673936485249075,0.0216574479958223
0.748498052805584,0.377462721669173,1982,1982,0.00177528228317079,0.0216794935652825
0.747003484157202,0.375917576529095,1983,1983,0.00214969973452862,0.0214179246568212
0.748087724905854,0.376522746200807,1984,1984,0.00124169574880351,0.0218921844781135
0.745180116994247,0.377813176740543,1985,1985,0.0031810996126379,0.0188052983848555
0.750617923417478,0.378567095787819,1986,1986,0.00548982081915133,0.0229079625473386
0.751750995723954,0.375457464733922,1987,1987,0.00330963111888043,0.0254975547102048
0.753992281055611,0.375345572210467,1988,1988,0.00224407661961598,0.0274457419047372
0.755878880727935,0.367564741988048,1989,1989,0.0080062836118708,0.0335923847039162
0.751716431142391,0.376574663480631,1990,1990,0.00992495198248842,0.024863275019532
0.747077576327219,0.378013311997868,1991,1991,0.00485681825400028,0.0201982646915097
0.758562914417151,0.36872063690775,1992,1992,0.0147738553319891,0.0349536297269238
0.758363137582625,0.36782351728836,1993,1993,0.000919094334173029,0.0353409556762444
0.758018678714118,0.369363829683328,1994,1994,0.0015783580665316,0.034133088044999
0.755754718995085,0.368801478086026,1995,1995,0.00233275650859461,0.0326965419051454
0.752330230818239,0.371776851701994,1996,1996,0.00453651489890099,0.0281614960688779
0.752058965121648,0.374241141373956,1997,1997,0.00247917499694642,0.0264440346096375
0.760318338441048,0.3660000709711,1998,1998,0.0116675828265345,0.038005597132215
0.751278713513012,0.372729297468808,1999,1999,0.01126930823507,0.0267444764921665
0.760052125706753,0.36592346052673,2000,2000,0.011103701094834,0.0378456074686618
0.757769123384667,0.365783028174767,2001,2001,0.00228731739120867,0.0361882309983491
0.762693485171089,0.361264618397872,2002,2002,0.00668321523785623,0.0428700836027677
0.757375705459457,0.369994782832654,2003,2003,0.0102222576821263,0.0332412032647821
0.762549432413943,0.365191456668475,2004,2004,0.00705970203613916,0.0402621853657227
0.757161837377508,0.369069584579616,2005,2005,0.0066382268996917,0.0336273487101606
0.756626958100934,0.371319268617903,2006,2006,0.0023123957517333,0.0318601734864921
0.757063968914892,0.367454250820847,2007,2007,0.00388964535955162,0.0345647995171102
0.760369919161058,0.365691371039531,2008,2008,0.00374660541737347,0.0382386963360692
0.754415289253412,0.370349039193956,2009,2009,0.00755986044671248,0.0306797051189486
0.759225627837524,0.364585728604912,2010,2010,0.00750700381241267,0.0380727418534232
0.746172520343079,0.375002829360145,2011,2011,0.0167002875246572,0.0214029454112765
0.759221545091196,0.363427916958832,2012,2012,0.0174429253273371,0.0388419450251468
0.757142796250997,0.367884354634083,2013,2013,0.00491742142733703,0.0343510355845533
0.762855023611072,0.359311368799603,2014,2014,0.0103017293466392,0.044305516360975
0.751140806253151,0.37435603471988,2015,2015,0.0190673768767856,0.0256348689871187
0.760756150153316,0.363318902106617,2016,2016,0.0146380714112613,0.0400588244108697
0.758262103648734,0.365867207943803,2017,2017,0.00356568795702214,0.0365052403082652
0.763565335514256,0.361085912125361,2018,2018,0.00714038219725919,0.0436439202597168
0.761444797328074,0.362029142256579,2019,2019,0.00232085442875992,0.04142895296281
0.766116995358449,0.361370189681653,2020,2020,0.00471843755188547,0.0454258435636893
0.767685918630203,0.353650641562196,2021,2021,0.0078773690659551,0.0517089801400805
0.766639485101731,0.358841316036334,2022,2022,0.00529510383524113,0.0474382446755325
0.773496579338961,0.348576453321294,2023,2023,0.0123445189431127,0.0594141009105269
0.772736717658474,0.353623575475279,2024,2024,0.0051040015488548,0.0554632698654777
0.769400168597464,0.355180641788279,2025,2025,0.00368198521719049,0.0519245388010939
0.770972059345995,0.353043834198201,2026,2026,0.00265269432885385,0.0545215318315362
0.769799039903335,0.355584594501307,2027,2027,0.00279847056991816,0.0519576732842262
0.773601361027398,0.355188426341932,2028,2028,0.00382290401932907,0.0551317338589698
0.769567790587846,0.355020716617074,2029,2029,0.00403705549164764,0.0521560659428018
0.773949959851786,0.355408219813962,2030,2030,0.00439926882395443,0.0552677553185635
0.771775517848559,0.360651918599342,2031,2031,0.00567666935598653,0.0503877531692827
0.772200345083934,0.363436631135972,2032,2032,0.00281693132532236,0.049196795667671
0.771476436384603,0.358814031299249,2033,2033,0.00467893930880049,0.051228554880351
0.765457236652887,0.366539657461325,2034,2034,0.00979367474477518,0.0418486136253922
0.773969320602331,0.355333488273751,2035,2035,0.0140724482952659,0.0553292808741658
0.771659154414979,0.360483482311887,2036,2036,0.0056444048761609,0.0503899780451105
0.773455445796244,0.356412844978542,2037,2037,0.00444935400098012,0.0542592197182049
0.767409181768044,0.36641521531067,2038,2038,0.0116878022296645,0.0435553457969023
0.764052626279692,0.36355601139131,2039,2039,0.004409252975151,0.0424515643400335
0.769592824058186,0.360306858616389,2040,2040,0.00642267741519153,0.0488258447631432
0.768162539949183,0.360251402456437,2041,2041,0.00143135880132975,0.0477247278853027
0.773642505183425,0.35617088847023,2042,2042,0.00683232122782084,0.0545553560022851
0.770011003753345,0.358562203221879,2043,2043,0.00434812475420442,0.0502217983409424
0.772374260450211,0.358404082110639,2044,2044,0.00236854058464351,0.0521926694411201
0.766149603968922,0.362405993071699,2045,2045,0.0074001107863543,0.0448140534757705
0.775829801085128,0.352135578831982,2046,2046,0.0141133845998752,0.0587879315573636
0.769337749689665,0.361943460705327,2047,2047,0.0117618569181416,0.0476521857073691
0.777342807027682,0.354141777807779,2048,2048,0.0111779783064227,0.0587258792248811
0.77391310859021,0.356641769105951,2049,2049,0.00424414748364535,0.0544826103934558
0.775381872489037,0.352597719397098,2050,2050,0.00430251152679081,0.0581481832471372
0.773493631844699,0.35534130088417,2051,2051,0.00333056933678495,0.0549521017644738
0.775856876798778,0.357094683922023,2052,2052,0.00294266525286389,0.0557755879731754
0.771150027915586,0.360325815576092,2053,2053,0.005709171408806,0.0500679319607751
0.769967193032656,0.365057796667272,2054,2054,0.00487757556656587,0.0464435702098143
0.761460929175368,0.368428354498471,2055,2055,0.00914970955294505,0.0374794181539797
0.764141757757435,0.368078287296657,2056,2056,0.00270358815876414,0.0399059820793089
0.764296470856907,0.362358305610758,2057,2057,0.00572207363026476,0.0433875576598844
0.763661079914879,0.368159988539613,2058,2058,0.00583637271395345,0.0394579266380037
0.758351087969591,0.371529320792029,2059,2059,0.00628875299929859,0.0331696059430998
0.76745575832224,0.361255531611978,2060,2060,0.0137275550024956,0.0465507053260014
0.760121833790929,0.372850884094792,2061,2061,0.0137200090463408,0.0339935938525686
0.761778452761931,0.372322752400526,2062,2062,0.00173876666104776,0.035696507105229
0.760802776446795,0.372119801851087,2063,2063,0.000996560684270549,0.0349482176868474
0.764336204866551,0.368325158581263,2064,2064,0.00518502014873287,0.0399372780627768
0.760666615686246,0.370498969980964,2065,2065,0.00426513080147373,0.0356741124638626
0.763148136143043,0.369726343419626,2066,2066,0.00259901819554666,0.03818841923601
0.763409387592342,0.36841875775768,2067,2067,0.0013334288819006,0.0391059684407756
0.764016937347131,0.369862961862961,2068,2068,0.00156679360550562,0.0388623829952217
0.755847696566987,0.377014223499317,2069,2069,0.0108571192272891,0.028260153942954
0.760231749170349,0.373077754984461,2070,2070,0.00589200319055387,0.0339779019642848
0.759448973127685,0.369699434197057,2071,2071,0.0034678220363178,0.0351014870651426
0.767949813317815,0.363633808150464,2072,2072,0.0104429930228475,0.0455435776688446
0.759358279538214,0.373400465647308,2073,2073,0.0130077688842733,0.0330583247962484
0.764064961235405,0.369768123820363,2074,2074,0.00594531409989738,0.0389520578122161
0.758593150972092,0.377713951932661,2075,2075,0.00964763659907872,0.0304589644677044
0.762321957179088,0.37262397271686,2076,2076,0.0063096659298751,0.036029207565451
0.762377146988761,0.37084221699318,2077,2077,0.00178261026978904,0.0369524630914633
0.763611371035956,0.373849937897568,2078,2078,0.00325110658659008,0.0366248365048046
0.763759685826362,0.3691468106639,2079,2079,0.00470546523237901,0.0390129291300264
0.762912334588037,0.376745227740037,2080,2080,0.00764551804549751,0.0348213510378106
0.764742467455008,0.371883653219218,2081,2081,0.0051946408087804,0.0385152723974166
0.771476519280978,0.366962418697255,2082,2082,0.00834062367062649,0.0467773575310021
0.769232187700264,0.365912320300883,2083,2083,0.00247784803534323,0.0453687627117582
0.771228457019928,0.366600261336433,2084,2084,0.00211148148583524,0.0467381977475041
0.766583195665228,0.367973075240503,2085,2085,0.00484386943142349,0.0420346254110243
0.770357190621888,0.369052448962208,2086,2086,0.00392531343512903,0.0448029926092708
0.76626826650487,0.368865537812548,2087,2087,0.00409319388895737,0.0413088314201332
0.768186617564565,0.370563029038946,2088,2088,0.0025615517273586,0.0421822668617731
0.763462316750896,0.37130317114949,2089,2089,0.00478192728111119,0.0376636906585597
0.771374268867314,0.364345995522538,2090,2090,0.0105357144511767,0.0480142863284586
0.766840971083511,0.364854854794792,2091,2091,0.0045617679199614,0.0439374219490287
0.770792871895083,0.36719757912208,2092,2092,0.00459411333101016,0.0460656422621165
0.765877958962837,0.368678548000953,2093,2093,0.00513318984177942,0.0410672455901399
0.772991000464069,0.363436884839061,2094,2094,0.00883574513558362,0.0498674402216612
0.764165661076205,0.369951372177363,2095,2095,0.0109692825923977,0.0389456335327495
0.771808310187325,0.365905290092625,2096,2096,0.00864759305657622,0.0475864922454766
0.762743228717925,0.370015750092641,2097,2097,0.0099534709251896,0.0376920053934938
0.767132997805856,0.371491986524077,2098,2098,0.00463134393527947,0.040823781424514
0.764264227336749,0.370961048750108,2099,2099,0.00291748846171603,0.0385307710525648
0.768569443355087,0.371520725051306,2100,2100,0.004341442447699,0.0421026465013742
0.764071399625864,0.370706154542682,2101,2101,0.00457120580410953,0.0384871484922596
0.768236989189078,0.369313727191358,2102,2102,0.00439215099215316,0.042806604040221
0.761992821764121,0.372726630167236,2103,2103,0.00711600544924285,0.0356907038727965
0.767270689253717,0.36867589779867,2104,2104,0.00665314346451975,0.0422718450312037
0.762743491151925,0.370484279645971,2105,2105,0.00487501462136442,0.0374502113915693
0.762216220520311,0.372208511657893,2106,2106,0.00180305029045198,0.0361348451689547
0.761649355182982,0.369685807232527,2107,2107,0.0025856090053273,0.0369401483951696
0.763773652810447,0.373884001365035,2108,2108,0.00470504775579119,0.0367566611550359
0.762385123554205,0.37365652895952,2109,2109,0.00140703844677744,0.0356091138856514
0.763464328966259,0.373520741909108,2110,2110,0.00108771432116436,0.0366360503641662
0.766106916709927,0.36768692543903,2111,2111,0.0064044269524713,0.0417771108479423
0.765884142934033,0.370289772187105,2112,2112,0.00261236279050059,0.0402734189309839
0.762008210002275,0.371407294223376,2113,2113,0.004033820966904,0.0363484363509223
0.767218368678334,0.3677504713158,2114,2114,0.00636538350824859,0.0426938119611186
0.76393871230612,0.370055120118616,2115,2115,0.0040084351091322,0.0386973940781014
0.769325476169897,0.366167401813318,2116,2116,0.00664316028298573,0.0453155314558755
0.76833491843352,0.368650749875829,2117,2117,0.0026736159463683,0.0432111782588087
0.768862752995192,0.366759152847946,2118,2118,0.00196386064688728,0.0446138806425073
0.767618551057762,0.36677617692089,2119,2119,0.00124431839983406,0.0435417934902458
0.764165400927639,0.372487354828524,2120,2120,0.00667396425775653,0.0377256948779862
0.764567749151736,0.369360408334133,2121,2121,0.00315272556246453,0.0395926556792018
0.769169432689337,0.369147153829114,2122,2122,0.00460662228364075,0.0437071871180379
0.772484105897504,0.364726208977603,2123,2123,0.00552555986819813,0.0487654086114977
0.769496477627021,0.372366025467764,2124,2124,0.00820321392418416,0.0425909867079172
0.772157226180821,0.368186426975497,2125,2125,0.00495465704394396,0.0467996919542836
0.77341288313554,0.36573461908537,2126,2126,0.0027546390540373,0.0490664273187302
0.772122931239943,0.364786882777193,2127,2127,0.00160068110590211,0.0484241648015085
0.772409239680175,0.364505319405563,2128,2128,0.000401560026884833,0.0488145280489632
0.773476335396067,0.362867518719306,2129,2129,0.00195475941097046,0.05058016263979
0.774185199952434,0.362275419748981,2130,2130,0.00092361796752446,0.0514951945308699
0.770228478534647,0.368343916100501,2131,2131,0.00724446632585122,0.0450198171668198
0.765771832841998,0.37328894003827,2132,2132,0.00665694769206669,0.0388181806882975
0.771982096354181,0.366907851027855,2133,2133,0.00890425010035051,0.0472463320467965
0.768897126130011,0.367615655246432,2134,2134,0.00316512686883963,0.0442101871200645
0.773257041278579,0.362843225065573,2135,2135,0.00646412793297629,0.0504072066015889
0.775361644903195,0.362996273250609,2136,2136,0.00211016117007455,0.0521228897606519
0.777661415942107,0.359427444634933,2137,2137,0.00424564300424399,0.0559564469676518
0.767493055093548,0.37000044218119,2138,2138,0.0146691458326541,0.041826444227347
0.76999185965194,0.36604825185128,2139,2139,0.00467587773844435,0.0459478044082847
0.769307956846286,0.3691606322319,2140,2140,0.00318663375386193,0.0438232545480257
0.774680825783661,0.358201411717029,2141,2141,0.0122054182604194,0.054175057850708
0.76990647772428,0.362447409289606,2142,2142,0.00638927967602287,0.0478274832579459
0.769444609603448,0.364060489354661,2143,2143,0.00167790031209276,0.0465420941382322
0.769895495546075,0.36364112721482,2144,2144,0.000615761916320744,0.0471494148405832
0.768748252690553,0.365389061103741,2145,2145,0.00209079866309112,0.0452356673627302
0.76381831496229,0.371728673151459,2146,2146,0.00803087585012532,0.0377711352136067
0.774835091373408,0.359448392348757,2147,2147,0.0164977167840216,0.0535880047717232
0.774614528447787,0.360739488757402,2148,2148,0.00130980072552141,0.0526864263284225
0.779829837874766,0.355251198356466,2149,2149,0.0075710490649683,0.0600830698583091
0.776617786000107,0.360596832886955,2150,2150,0.00623643213536876,0.0544480924111022
0.775982309703785,0.356399182054276,2151,2151,0.00424548025979165,0.0562856156328982
0.773077449099973,0.363868569023941,2152,2152,0.00801435941483743,0.049715705522174
0.779791625270523,0.356181909372245,2153,2153,0.0102061206268688,0.0595233917384176
0.767495756056232,0.368127850964425,2154,2154,0.0171433345723268,0.0427408024405338
0.76876797782266,0.370540018525507,2155,2155,0.00272710479551302,0.0427117605593891
0.771679351538835,0.365509982731558,2156,2156,0.00581182905836356,0.0476737945685177
0.774836051016398,0.363696335572337,2157,2157,0.0036406136309417,0.0513142508019142
0.768805765480778,0.368854512433567,2158,2158,0.00793543522264744,0.0435254888246364
0.776334204764928,0.360069963424286,2159,2159,0.0115691702101572,0.054492755091525
0.773598584785742,0.364401698261124,2160,2160,0.00512323563455741,0.0498899827484315
0.777497435360851,0.358023107131799,2161,2161,0.00747579163715421,0.0565913948614091
0.774714678663993,0.360021253854287,2162,2162,0.00342583203886349,0.0531671561756529
0.782321159335698,0.351787228933331,2163,2163,0.0112097151885296,0.0641246581173667
0.781299257912424,0.357922509878588,2164,2164,0.00621980343709666,0.0598348387071562
0.78280122741928,0.356002393975066,2165,2165,0.00243777716013641,0.0621320937078227
0.778946826335999,0.362715927805121,2166,2166,0.00774131411312627,0.0553698834935737
0.783595501196875,0.356268537753915,2167,2167,0.00794852290897705,0.0626590054675264
0.77723552669241,0.363131403412315,2168,2168,0.00935671955028555,0.0536747190771433
0.784588891803528,0.355858878893934,2169,2169,0.010342223712909,0.0637181675525565
0.78177999599259,0.357750539638153,2170,2170,0.00338648431975212,0.0603336983701259
0.77805516384054,0.363021340908638,2171,2171,0.00645412430883398,0.0544425417871934
0.775173549221926,0.363077057063848,2172,2172,0.00288215320553319,0.0519199484135922
0.781134057030911,0.358069866182311,2173,2173,0.00778457538117058,0.0596166451038586
0.774431163553589,0.366184235859018,2174,2174,0.0105248171584403,0.0497442090081347
0.779955341569065,0.36001603161238,2175,2175,0.00828029506569118,0.0575949582459512
0.774763651660231,0.363330323540308,2176,2176,0.00615939729949407,0.0514381809846548
0.777531815035124,0.362536169647954,2177,2177,0.00287982792451857,0.0542277299748891
0.777503282358691,0.361806794921401,2178,2178,0.000729932603299625,0.0545716301245353
0.784152215586982,0.355203702131013,2179,2179,0.00937065352431397,0.0637003787214945
0.778346687805508,0.362645549056927,2180,2180,0.00943849768184546,0.0548809609033437
0.785769474205574,0.356350391467434,2181,2181,0.00973276769565337,0.0644666956579965
0.777811150757904,0.361785834487239,2182,2182,0.00963737271870696,0.0548472604757445
0.780697124037022,0.358839105258678,2183,2183,0.00412456723963038,0.0588400132528075
0.775794282438633,0.361271869544109,2184,2184,0.00547322553960247,0.0533915669079517
0.775107650365516,0.367050532294304,2185,2185,0.00581931325710574,0.0499436023001701
0.77089673264948,0.368439758083064,2186,2186,0.00443416015761529,0.0455648276248178
0.776400858974768,0.363783703522667,2187,2187,0.00720931693533601,0.0526269628131377
0.769250609049602,0.368959570437036,2188,2188,0.00882698545980439,0.0438670820897737
0.774489483977676,0.363636119753658,2189,2189,0.00746893149589428,0.0510462797849661
0.777087156788792,0.358014295738779,2190,2190,0.00619296449916256,0.0562566267182668
0.778546651256243,0.360379996056126,2191,2191,0.00277968740904776,0.0562013499180566
0.773976099728696,0.364937665703406,2192,2192,0.00645463352017049,0.0499485035223669
0.778560487823763,0.361004230921181,2193,2193,0.00604057310130568,0.055890583009124
0.773806367690976,0.363700648981162,2194,2194,0.00546555839701344,0.0504265377958679
0.775420377147547,0.36614982015087,2195,2195,0.00293316653881595,0.0506344846991079
0.768312634644728,0.369067938688555,2196,2196,0.00768345100110403,0.042990348839272
0.772576507053642,0.370464559676407,2197,2197,0.00448677591408416,0.0461803008086675
0.766751757255992,0.371138964561646,2198,2198,0.00586366200888629,0.0406423508146961
0.766263392179271,0.377165447397384,2199,2199,0.00604623815422538,0.0378129572937437
0.76956928130503,0.370233250693193,2200,2200,0.00768012070591385,0.0435657051819872
0.763680050661136,0.376569472120533,2201,2201,0.00865047626164324,0.035599714713255
0.767256395589438,0.372668049732829,2202,2202,0.00529257401398106,0.0404261670132734
0.769070872878005,0.37240603152875,2203,2203,0.00183329794905124,0.042186013335512
0.769027658710923,0.367951188672323,2204,2204,0.00445505245083543,0.044157488508525
0.765787348438776,0.374800614382958,2205,2205,0.00757721869984511,0.0382196465465315
0.765313957657207,0.3723223299563,2206,2206,0.00252309185950227,0.0388253261183636
0.767917393390187,0.369270789975755,2207,2207,0.00401120603667118,0.0425462350070204
0.76831361503285,0.370143972279988,2208,2208,0.000958873780295968,0.0424863759262246
0.76944088601773,0.366939503731714,2209,2209,0.00339696313642435,0.0450197546797163
0.762098440020613,0.372858095360504,2210,2210,0.00943086634880093,0.0357217034686334
0.770048666198329,0.36477756568321,2211,2211,0.0113358306331055,0.0466615105044782
0.760088589407126,0.376493587718154,2212,2212,0.015377525874143,0.0323176146552797
0.768461346016032,0.368435834113036,2213,2213,0.0116202601688934,0.0434263236045567
0.767014037423802,0.367505993099241,2214,2214,0.00172026348914201,0.0426450372980449
0.76808003039928,0.369170826197004,2215,2215,0.00197686880373417,0.0427368857933731
0.768110505781332,0.364840119354111,2216,2216,0.00433081406989434,0.0449991743269565
0.771728177197396,0.364760093541975,2217,2217,0.00361855642559491,0.0480997417312799
0.763053911273804,0.373231391986418,2218,2218,0.0121245942879761,0.036397700587778
0.76847211762328,0.368839573726333,2219,2219,0.00697459874653187,0.0432399005031196
0.766206658396591,0.368631369981359,2220,2220,0.00227500644113635,0.0413741169242138
0.772874251131903,0.361351004126122,2221,2221,0.00987220947255929,0.050898007977372
0.765517591999857,0.371791176071801,2222,2222,0.012771751009179,0.0392465716951502
0.772511675735805,0.362728289850056,2223,2223,0.0114478432018327,0.0498396355750071
0.766843744564871,0.369757481992101,2224,2224,0.0090296725260794,0.0413707527811464
0.767876050904928,0.367452656730019,2225,2225,0.00252544567719351,0.0434112038700366
0.759648066945712,0.375277863721702,2226,2226,0.0113548925356339,0.0324361388907272
0.766401029809217,0.369100272155655,2227,2227,0.00915233003080415,0.041306283997036
0.764848361334244,0.370795252714858,2228,2228,0.00229863839897639,0.0391222241563004
0.774409877082837,0.36205981449187,2229,2229,0.0129510796599443,0.0518001595420443
0.768347046290343,0.3684034174003,2230,2230,0.00877491966221077,0.0433425242492908
0.769832734584073,0.366989291041438,2231,2231,0.00205110288989911,0.0453335693873514
0.767816206390636,0.367208056799411,2232,2232,0.00202836003011999,0.0434855591400935
0.772405893804234,0.362426178238166,2233,2233,0.00662809121308928,0.0499148303325848
0.772197888078775,0.363200068980805,2234,2234,0.000801357138463411,0.0493212102170272
0.769640844508241,0.365468118964493,2235,2235,0.00341797053090233,0.0459497596151892
0.766386358792782,0.371521010533546,2236,2236,0.00687234847914713,0.0401433856006094
0.77425020245696,0.359896573138805,2237,2237,0.0140345139537809,0.0528522731507093
0.77015435211438,0.363487260346249,2238,2238,0.00544692800122332,0.0474502013886433
0.774965629497355,0.358624811874761,2239,2239,0.00684045285005256,0.0541634956686898
0.772832887847808,0.364926301444281,2240,2240,0.00665262036632723,0.0489641200915413
0.774346458504571,0.362325238253111,2241,2241,0.00300938961543259,0.0516054340917671
0.77196673615537,0.36557730936696,2242,2242,0.00402976984315652,0.0478879180712437
0.777346872998825,0.359438739064227,2243,2243,0.00816259259156571,0.0556858849931217
0.775939636946291,0.361208550970642,2244,2244,0.00226109431285759,0.0535483455822939
0.774894820959738,0.361012805842573,2245,2245,0.00106299416786774,0.0527720954925347
0.776609516751406,0.360952232726866,2246,2246,0.00171576535700884,0.0542522205314893
0.780303360324108,0.355323977200762,2247,2247,0.00673214234896455,0.0604304950793626
0.775813322734229,0.362301055136565,2248,2248,0.00829699066413862,0.0528678841899579
0.78085721921977,0.353277857237072,2249,2249,0.0103372623111855,0.0620638801409619
0.772637204344606,0.365934981471452,2250,2250,0.0150920985430263,0.0482919289278841
0.783089081041812,0.352672691959245,2251,2251,0.0168857943135399,0.0642320536750963
0.777577957807383,0.35964555802253,2252,2252,0.00888781977998906,0.0557685543386927
0.783741631110868,0.352899534683331,2253,2253,0.00913781699778964,0.0646373944021623
0.776958443708562,0.360764823235369,2254,2254,0.0103862599303894,0.0546474700128844
0.782737053296817,0.353925214359956,2255,2255,0.00895391413528707,0.0632283742081106
0.776661945516514,0.357184103053718,2256,2256,0.0068940039208445,0.0563796189822377
0.779370845229027,0.354716595376567,2257,2257,0.00366425050852882,0.0600170174404019
0.774639327602575,0.359785342235078,2258,2258,0.00693393494093336,0.0532366288450805
0.779175882536337,0.357804717942925,2259,2259,0.00495007103521806,0.0581101270905788
0.779093518964959,0.356442094522912,2260,2260,0.00136511037746383,0.0588000896929972
0.779636947108342,0.356391621069591,2261,2261,0.000545767089985806,0.0592776157612033
0.77079389017051,0.362903372849025,2262,2262,0.0109819200162226,0.0483058931408847
0.770396739201154,0.365623023208802,2263,2263,0.00274849540146831,0.0465139057165003
0.77034989923775,0.362877555240639,2264,2264,0.00274586750342789,0.0479512620448154
0.775737802781834,0.360720478225157,2265,2265,0.00580366141768009,0.0536391791738926
0.771488027601849,0.363562163471948,2266,2266,0.00511231494748187,0.0485279468967891
0.774443803385885,0.361293007054104,2267,2267,0.00372634959902255,0.0522412105871659
0.768951604142895,0.364659538880687,2268,2268,0.00644187775917056,0.0458014571307489
0.776951044037808,0.359697324309796,2269,2269,0.00941353345348553,0.0552130836631021
0.768049040789102,0.369281579529975,2270,2270,0.0130806578567554,0.0426566771232958
0.778020275353358,0.358085707292102,2271,2271,0.0149924338885378,0.0569909651490753
0.770352659567659,0.365410955636967,2272,2272,0.0106043196458348,0.0465861927206816
0.77115172312156,0.367593571852614,2273,2273,0.00232428830138997,0.0461888162459247
0.770445438023931,0.367420942393921,2274,2274,0.000727076040824588,0.0456534055900871
0.773234888013705,0.367174456492334,2275,2275,0.00280031900774331,0.0482232204536495
0.771554432114464,0.368089852719114,2276,2276,0.00191360452583571,0.0463098048276582
0.776994438548902,0.361184367230949,2277,2277,0.0087908702546451,0.0544574986425386
0.773913447724519,0.366008520360051,2278,2278,0.0057240682973705,0.049372287267102
0.779213849136134,0.364345800161851,2279,2279,0.00555507817962547,0.0548321366218564
0.771711040290782,0.371435084074487,2280,2280,0.0103223101563488,0.0449928048087713
0.776572948607522,0.365699493246973,2281,2281,0.00751898627615811,0.0518645638514863
0.770753911471199,0.372576399616723,2282,2282,0.00900849789988425,0.0436603769665758
0.772152791486153,0.36881951175919,2283,2283,0.0040088741150496,0.0465086801371225
0.769578882190796,0.370413773497888,2284,2284,0.00302765248207244,0.043494127777556
0.773960303371849,0.364704663682212,2285,2285,0.00719658158108619,0.0500505325640574
0.767036933074827,0.372888683495888,2286,2286,0.0107196658800701,0.0401344481895421
0.776957255451837,0.358402627442119,2287,2287,0.0175572952375002,0.0559313448417311
0.769685772083288,0.370376824604386,2288,2288,0.0140091351645965,0.0436063363839429
0.775754845397906,0.36585428348673,2289,2289,0.00756881952877051,0.051068039654831
0.767826074213412,0.372812148257057,2290,2290,0.0105488053664013,0.0408842144579184
0.769603202705905,0.369189753057958,2291,2291,0.00403483985522162,0.0440709008380173
0.764771710524872,0.374499170185745,2292,2292,0.00717866470398385,0.0374071060500696
0.766501259436638,0.372978025716114,2293,2293,0.00230330630522353,0.0396106993765193
0.765724935856997,0.376302255173747,2294,2294,0.00341367540743129,0.0376030006042895
0.769615204997665,0.373276712218207,2295,2295,0.00492829627383014,0.0423389193124533
0.762619283441763,0.379155034760826,2296,2296,0.00913770180797068,0.033722902975834
0.769975004847887,0.36887807457937,2297,2297,0.01263813862781,0.0445450445447457
0.768733736603133,0.370236337893178,2298,2298,0.00184000708832145,0.0428180260869575
0.774406837751246,0.365483207278611,2299,2299,0.00740110311209499,0.0500575195694321
0.767711287725832,0.371277576479618,2300,2300,0.00885466569557621,0.0414371238345912
0.770155859273146,0.367449820668992,2301,2301,0.00454176668222006,0.0453865803057747
0.76327912896419,0.377337560335558,2302,2302,0.0120439534811418,0.0349490884347979
0.765715261617995,0.372274805606058,2303,2303,0.00561838301987473,0.0392058660216271
0.76816774494474,0.373768624010992,2304,2304,0.00287161416190978,0.0408140022738753
0.769988388080562,0.370144430137927,2305,2305,0.00405580111168854,0.0439805816437415
0.765826324089542,0.376154363986334,2306,2306,0.00731040912176393,0.0377504424137351
0.767232002799465,0.375160480833709,2307,2307,0.00172155056754175,0.0394209190177273
0.764545559561601,0.376410921802681,2308,2308,0.00296320432760721,0.0364632996810192
0.767298484066134,0.373013489534371,2309,2309,0.00437277250099022,0.0403205453282507
0.766353304721665,0.371743292470657,2310,2310,0.00158327653108345,0.0400138928625223
0.772854168714918,0.368005018218608,2311,2311,0.00749906174413225,0.0475024508738663
0.763896096925057,0.375671477618157,2312,2312,0.0117907442478093,0.0361386712802914
0.771439131339907,0.365386573730672,2313,2313,0.0127544743583738,0.047529724314057
0.76888154224455,0.368770972219966,2314,2314,0.00424210031883032,0.0436319938614251
0.770294143290406,0.367558923985196,2315,2315,0.00186131744690734,0.0454540877876275
0.762212098873585,0.375196225514596,2316,2316,0.0111197039801623,0.0347868992571244
0.762970245742642,0.37473490888554,2317,2317,0.000887468144389287,0.0356683580079989
0.764328802801995,0.37191698775319,2318,2318,0.00312831532804116,0.0381332460082011
0.767890392207381,0.370635950790621,2319,2319,0.00378496694728362,0.0418851760530924
0.762660251762787,0.372929931959685,2320,2320,0.00571110485582275,0.0361852111922501
0.762681519040227,0.375481466448114,2321,2321,0.00255162311925774,0.0350982037673378
0.759981368785014,0.376860072373771,2322,2322,0.00303172652114005,0.0320717340561043
0.763168034510953,0.375436230201661,2323,2323,0.00349029582986223,0.0355618802197665
0.764659088532859,0.37379815306264,2324,2324,0.002215070836254,0.0375944813701027
0.768087703819207,0.36793699278397,2325,2325,0.00679033155258547,0.04334851023289
0.764379784019044,0.372583443920829,2326,2326,0.00594459228304644,0.0378732972073116
0.769939796039222,0.367716281609038,2327,2327,0.00738938445568019,0.045067947256534
0.764472198763475,0.371331344576728,2328,2328,0.00655463959574655,0.0385352799547246
0.771667801366381,0.365185127538553,2329,2329,0.00946322781609508,0.0478292336247706
0.76213249069442,0.375128851879676,2330,2330,0.0137767849436316,0.0347426314966852
0.766412582129868,0.37042645292886,2331,2331,0.00635859564592968,0.0406727299439324
0.757433033684668,0.376651860899319,2332,2332,0.0109264813493797,0.0298425887157062
0.763188508922154,0.368431304639812,2333,2333,0.0100350904542524,0.0389138437997478
0.760562639893238,0.372857545687915,2334,2334,0.0051465326165226,0.0343741920407254
0.766938766986063,0.368202787894854,2335,2335,0.007894413646112,0.0422224430022372
0.762548939419343,0.373156781569794,2336,2336,0.00661911167732348,0.035981951423035
0.768552081057953,0.364346572644968,2337,2337,0.0106610267250528,0.0456400270270784
0.766024208131645,0.367317175037583,2338,2338,0.00390059227638193,0.0419027427498242
0.768141827338685,0.364478238212278,2339,2339,0.00354173310740637,0.0452257763278111
0.758946076663739,0.372275730148214,2340,2340,0.0120566459252467,0.0332735149127591
0.762807320321433,0.369876041937013,2341,2341,0.00454617488610577,0.0378196074314002
0.759813965860015,0.371583300058325,2342,2342,0.00344599785613295,0.0343755610327627
0.763153314653241,0.369726641955867,2343,2343,0.0038207891426044,0.0381926808052886
0.766004604570943,0.369004653255293,2344,2344,0.00294127895286139,0.0410109835261565
0.772391235027156,0.363054933660026,2345,2345,0.00872858590188213,0.0495622428241873
0.763730905046717,0.371488394873388,2346,2346,0.0120882001723746,0.0378090982688068
0.766079051338428,0.36868121945257,2347,2347,0.00365978480931972,0.0412388888491909
0.770254320469125,0.364871128047764,2348,2348,0.00565240380959496,0.0467859859453923
0.769032772847143,0.363354061321347,2349,2349,0.00194773459310304,0.0465938055374369
0.764536901564162,0.368358508659943,2350,2350,0.00672735845320557,0.0400893608957388
0.762201701096035,0.370569907485623,2351,2351,0.00321612281988077,0.036941533350729
0.765393395475132,0.368465265828021,2352,2352,0.00382314393091208,0.0407619087910638
0.761550774849678,0.371018367122898,2353,2353,0.00461346502024935,0.0361525447405214
0.763553649733385,0.365799859374501,2354,2354,0.00558966286280845,0.0407047124471286
0.761016438943236,0.368850846238036,2355,2355,0.0039681178706173,0.0368739248931714
0.76098564036735,0.368496103219897,2356,2356,0.000356077465160332,0.0370499642674374
0.761666686872544,0.368287035682992,2357,2357,0.000712413908639893,0.0377290323182158
0.759930917791476,0.372846987141724,2358,2358,0.00487914455706997,0.0338297111469473
0.763438870746211,0.366593319285084,2359,2359,0.00717036230561656,0.0401507854438678
0.761576550236663,0.371291556542866,2360,2360,0.00505387682979045,0.0360346325925479
0.761908549701967,0.368489764800301,2361,2361,0.00282139338158815,0.0378147498017937
0.760360597727474,0.372529596738339,2362,2362,0.00432624518525414,0.0343603586370027
0.757206747306487,0.372756702026085,2363,2363,0.00316201664917837,0.031543058879791
0.757136311965384,0.375589065095265,2364,2364,0.00283323872854601,0.0300583166355186
0.754883977516349,0.374647325831185,2365,2365,0.00244128722435898,0.028571011463185
0.755380850361249,0.378280730432086,2366,2366,0.003667221239283,0.0272916597568389
0.753397022130808,0.375943367444097,2367,2367,0.0030657527926296,0.0266268450158112
0.75739311711269,0.373396662387247,2368,2368,0.00473861601639261,0.0313640660516761
0.756678962824249,0.372555437696654,2369,2369,0.00110348327026838,0.0312085459473365
0.755984870857751,0.378805508714982,2370,2370,0.0062884935709669,0.0276315557835403
0.754948164486187,0.372700543954521,2371,2371,0.00619236262078609,0.0296927618952105
0.753277632349407,0.377097724704612,2372,2372,0.00470381506534662,0.0259465641522357
0.755765183456174,0.371679450858054,2373,2373,0.0059620132493196,0.0309488033691541
0.760311148498685,0.368155879387371,2374,2374,0.00575163925126951,0.0366966499093084
0.757126708339106,0.369616505688663,2375,2375,0.00350343949882997,0.033267267989496
0.755147892367128,0.374933288528651,2376,2376,0.00567308491198125,0.0286478851836717
0.756394554204766,0.369825799545332,2377,2377,0.00525743373254869,0.0325579477787983
0.753860013182055,0.375388948825472,2378,2378,0.00611330746068985,0.0273102803649473
0.753514000974344,0.370697909563451,2379,2379,0.00470378292502051,0.0297612062609316
0.753752775421723,0.373135879730123,2380,2380,0.00244963502797952,0.0284647191040688
0.751100276896412,0.368840071617528,2381,2381,0.00504873407568765,0.0292354210216252
0.751045577251348,0.374098370933882,2382,2382,0.00525858381615526,0.0257136139075573
0.755347811623601,0.37035809496362,2383,2383,0.00570077932632997,0.0314043051483011
0.753804814046898,0.3743851277353,2384,2384,0.00431252066266319,0.0278017475990655
0.751416659988441,0.372387041220599,2385,2385,0.00311378058429902,0.0270684889313791
0.752196671463172,0.375029506489806,2386,2386,0.00275518431319524,0.0261062756226775
0.755888528097178,0.370872807049258,2387,2387,0.00555949239095615,0.0315232037521521
0.749442991416115,0.378032796720974,2388,2388,0.00963381519471945,0.0221628050355715
0.753967204952326,0.372813464416274,2389,2389,0.00690723807524539,0.0288267997021159
0.753794781212439,0.376479023490166,2390,2390,0.00366961214166675,0.0267001615059261
0.754557075364706,0.373078426555885,2391,2391,0.00348498950988722,0.0291560476921262
0.75657854724296,0.373270238105531,2392,2392,0.00203055170462423,0.0307376422527839
0.757688914987426,0.368820892194928,2393,2393,0.00458580369838746,0.0341965871189167
0.75608533422433,0.373759746740458,2394,2394,0.0051926636214633,0.0300597763655351
0.7545101208767,0.371946046415726,2395,2395,0.00240225018648874,0.0297767463169408
0.753090443892726,0.377787797434854,2396,2396,0.00601178323863301,0.0254539072850907
0.75286171343176,0.372515723888828,2397,2397,0.00527703298250787,0.0281176485539725
0.750854665318321,0.377526063262347,2398,2398,0.00539738295542339,0.023632518126219
0.756226526238076,0.368148236539885,2399,2399,0.0108074291012115,0.0334771927946408
0.75106620782651,0.377070733863765,2400,2400,0.0103072714431803,0.0240494518011563
0.757163450496278,0.366327297332501,2401,2401,0.0123530480722508,0.0353739967965339
0.748270195320218,0.380435850757809,2402,2402,0.0166775677897372,0.0199552229869998
0.756936380017001,0.368314444876135,2403,2403,0.0149007126590321,0.0339193725487928
0.748259516575815,0.378170924542731,2404,2404,0.0131315707588625,0.0210887413640851
0.756557660046387,0.370202575115988,2405,2405,0.0115045111866983,0.0324602462087584
0.756428687569455,0.372153841272335,2406,2406,0.00195552384611132,0.0312228484405135
0.755461761867902,0.371112446424205,2407,2407,0.00142107302487778,0.0310377456671072
0.750132867862096,0.380603694518128,2408,2408,0.0108848932794725,0.0215531804911491
0.759221280527064,0.367965687094478,2409,2409,0.0155665820400298,0.0359336415639297
0.752830781309979,0.378640236596473,2410,2410,0.0124412413895918,0.0248347676519573
0.755578577184742,0.371309148105809,2411,2411,0.00782912770538976,0.0310147229144158
0.756358407915963,0.375009399621024,2412,2412,0.00378153371599464,0.0296551282071442
0.759305602199568,0.367682471393598,2413,2413,0.00789745727403231,0.0361722548896179
0.753775328402367,0.375205112663083,2414,2414,0.00933670498309621,0.0273348576509789
0.755376619982576,0.372216448970905,2415,2415,0.00339061135929691,0.0303213193062592
0.750504942398459,0.380583571186817,2416,2416,0.00968204403313614,0.0218997245801941
0.753542095737581,0.374520468736852,2417,2417,0.0067812618091406,0.0275078894387445
0.750444267391857,0.37921748774879,2418,2418,0.00562659115789297,0.0224463849935277
0.759431404797984,0.366727425276722,2419,2419,0.015387342178322,0.036858691941044
0.753295614420369,0.37320946225743,2420,2420,0.0089255099001286,0.0280504882770796
0.758901711227107,0.366141800860829,2421,2421,0.00902109522305967,0.0368167299695458
0.751256407794723,0.374221928202354,2422,2422,0.0111238088094178,0.0258076946959591
0.761345259499438,0.36616139508569,2423,2423,0.0129134473648426,0.03871646074584
0.759987416150642,0.368283910649292,2424,2424,0.00251968467820929,0.0363593932450912
0.759570863226596,0.368824717417989,2425,2425,0.000682633356641388,0.0357050236450949
0.754433293143913,0.375184422833043,2426,2426,0.00817560268853256,0.0279062332559564
0.7557891762257,0.371401124738105,2427,2427,0.00401892565328529,0.0311307364051709
0.757304173666203,0.371141871809772,2428,2428,0.00153701962433106,0.0325169903909452
0.760390336343267,0.367937218572389,2429,2429,0.00444906759233564,0.0368891716588793
0.758020409135307,0.371128999109781,2430,2430,0.00397542676575747,0.0331154872812894
0.757795704557205,0.371618736706396,2431,2431,0.000538827487196776,0.0326564366608686
0.757257735654568,0.371540803304972,2432,2432,0.000543584542883461,0.0322530697278689
0.76028141402324,0.368519813403566,2433,2433,0.00427422634655266,0.036460372215608
0.762062789103019,0.369089443493952,2434,2434,0.00187023410693189,0.0376114001179495
0.763336186274787,0.367404057613303,2435,2435,0.00211236027319221,0.0396056319787199
0.758355586323547,0.373364622891238,2436,2436,0.00776754235951191,0.0322071450337973
0.761614870518219,0.372028705376484,2437,2437,0.00352244362167217,0.035697885767137
0.763793606207072,0.367144709294396,2438,2438,0.00534792547926119,0.0401297638459675
0.759837300500383,0.372812413145218,2439,2439,0.00691196222395683,0.0337657368560769
0.761320762805368,0.372087690279039,2440,2440,0.00165102502799735,0.0354131378973311
0.759652912014842,0.37030561099034,2441,2441,0.0024408057789721,0.0349300023838043
0.757384378688346,0.372550344727873,2442,2442,0.00319140611734727,0.0318037051927784
0.757556246650476,0.372536799246131,2443,2443,0.000172400917869521,0.0319559808348085
0.756196839711393,0.374049163972126,2444,2444,0.00203352754848808,0.0300028948499144
0.758529993915994,0.368550015542021,2445,2445,0.00597362888023413,0.0350298169275507
0.758927980634918,0.370745512615421,2446,2446,0.0022312778463799,0.0340827984463683
0.761776775649811,0.365392810850058,2447,2447,0.00606358385987984,0.0395274027950092
0.763880999161129,0.364189688826239,2448,2448,0.00242389339488829,0.0419284484197163
0.758136391164819,0.371428406665075,2449,2449,0.00924118807197199,0.0330455782978301
0.757958797373842,0.368493258908793,2450,2450,0.00294051558502995,0.0346103475832542
0.758155678213157,0.368029789133695,2451,2451,0.000503553668757,0.0350504045927651
0.759476211046918,0.368027018762048,2452,2452,0.00132053573976643,0.0361004291998107
0.75395113577628,0.375319326977487,2453,2453,0.00914900081184677,0.0274243543893262
0.755023077482273,0.375859239128023,2454,2454,0.00120023504004205,0.0280744058667218
0.756961912393198,0.370301457611625,2455,2455,0.00588625655198862,0.0327261617742834
0.760852443653167,0.365639038048711,2456,2456,0.00607242864638534,0.0386483756763982
0.758451848589342,0.370446001618266,2457,2457,0.0053730582929546,0.0338567742707679
0.762172053691547,0.367145667230166,2458,2458,0.00497314116788851,0.0387975229773427
0.758056735657134,0.369995994981572,2459,2459,0.00500601746049698,0.033792011220615
0.759679175499002,0.367746855783233,2460,2460,0.00277325407670933,0.0364309371028111
0.757645175170821,0.36909078488353,2461,2461,0.00243788899699363,0.0339979713853098
0.760629438548282,0.368750724503623,2462,2462,0.00300357603000781,0.0366121509788554
0.76208463689436,0.364792715138327,2463,2463,0.00421704166000282,0.040139820000534
0.761970111127977,0.369942537868876,2464,2464,0.00515109602970524,0.0370732289783861
0.761265476498158,0.366718109459814,2465,2465,0.00330052246268756,0.0383172209310238
0.762600140911831,0.36878314178791,2466,2466,0.00245879800170926,0.0382288067493289
0.76425359396441,0.368218821927159,2467,2467,0.00174710157183817,0.039924463125476
0.762454270507443,0.369822164793874,2468,2468,0.00241003594393011,0.0375475891308775
0.757673349855946,0.370680906421329,2469,2469,0.00485743136427404,0.0330833814743237
0.759059981744617,0.37268003167189,2470,2470,0.0024329508342979,0.0331619053889778
0.75548223004509,0.371800453846844,2471,2471,0.00368428614168032,0.0306482658608748
0.760004804704443,0.369195623381058,2472,2472,0.00521908261142799,0.0358453212370893
0.760027356896091,0.365637137279659,2473,2473,0.00355855756384479,0.0380066234431576
0.757327984167272,0.37240556601176,2474,2474,0.00728685395974258,0.0318344041455248
0.761080137604378,0.367876194233976,2475,2475,0.00588165487911035,0.0374843554317438
0.759642078620684,0.372301550540051,2476,2476,0.00465314861962283,0.0338557098341604
0.761572353417398,0.369876409158897,2477,2477,0.00309955988963214,0.0367725140913682
0.765025268755516,0.36730157607119,2478,2478,0.0043072485140473,0.041069558335665
0.766284111742711,0.363044988741069,2479,2479,0.00443883108096645,0.0445361576084223
0.765778401103767,0.365513428508818,2480,2480,0.00251970993119163,0.0426886134163564
0.763585000245947,0.363221770567727,2481,2481,0.00317217645190903,0.0422918727824274
0.765280220391067,0.365390184791077,2482,2482,0.00275241559079318,0.0423492078549532
0.766429251269442,0.361037456788376,2483,2483,0.00450183440665616,0.0458774125499685
0.768724719686428,0.363951537253363,2484,2484,0.00370958760643259,0.0460033519379014
0.7675175731716,0.362753148443871,2485,2485,0.00170098161276836,0.0457023467996042
0.766751084310145,0.36438880866313,2486,2486,0.00180634701195561,0.0441284556843813
0.764758328457842,0.364332927677008,2487,2487,0.00199353920741344,0.0425433011477802
0.768112913296593,0.364700668963996,2488,2488,0.00337468118413147,0.0450782367669705
0.765746263107832,0.362619774674622,2489,2489,0.00315137337672222,0.044363920732962
0.770817156671341,0.362587482644156,2490,2490,0.00507099638213949,0.0485008645082185
0.764560018566117,0.364471963248503,2491,2491,0.00653475664550726,0.0423011907518894
0.766130002907542,0.367588170880667,2492,2492,0.00348935536153486,0.041848743125186
0.767527204452245,0.364141123826481,2493,2493,0.0037194496300255,0.0449072150619187
0.772232492752635,0.36213129987151,2494,2494,0.00511655453598968,0.0499315481102338
0.770467984280652,0.360553266066671,2495,2495,0.00236720950423011,0.049382403630758
0.770961363190009,0.363787106020932,2496,2496,0.00327126024613971,0.047963040593093
0.769868414296063,0.363008289554202,2497,2497,0.00134204782836783,0.0474791201517678
0.76888949749374,0.364369660196832,2498,2498,0.00167678505852315,0.0459084627431814
0.764955685311109,0.366019135157796,2499,2499,0.00426563546673353,0.0417241355812722
0.77079333895257,0.361549533529458,2500,2500,0.0073522471907369,0.049068207951119
0.767723846514525,0.362405852418758,2501,2501,0.00318670140857112,0.0460738134774284
0.764866348220717,0.370705049651452,2502,2502,0.00877735559301725,0.0391815354382941
0.766957897943154,0.364772648379059,2503,2503,0.00629030723400024,0.0440803427970505
0.764556032628043,0.370292110169198,2504,2504,0.00601941985948321,0.0391130233989693
0.768312195688109,0.36393578143604,2505,2505,0.00738320227934796,0.0456706931908835
0.767794796679062,0.364094212395557,2506,2506,0.000541111914022007,0.045154211896054
0.766457763313492,0.364952953387473,2507,2507,0.00158905453394227,0.0435659425039267
0.768365607798459,0.366542073639632,2508,2508,0.00248297679301269,0.0443008282257842
0.76644376222689,0.363358976998008,2509,2509,0.00371827844988416,0.0444779037429146
0.76534453437816,0.368294170491371,2510,2510,0.00505612862577235,0.0408094832370466
0.766747729652726,0.362373066950046,2511,2511,0.00608509853048023,0.0453101623776401
0.765169517224223,0.365210324500122,2512,2512,0.0032466574927058,0.0423620716141372
0.763126258808874,0.366294267129736,2513,2513,0.00231297137383724,0.0400689303743732
0.76169289475056,0.368590527511122,2514,2514,0.00270690677024317,0.0375796622719994
0.762460219170309,0.365751060895762,2515,2515,0.00294131899407224,0.0398531916748579
0.762121998258346,0.372265999599552,2516,2516,0.0065237121104048,0.0360245765441255
0.761815121065018,0.373138329802704,2517,2517,0.00092473433758874,0.0353400648522836
0.766765478590228,0.367133879997827,2518,2518,0.00778199570076265,0.0426282748582044
0.764419369458754,0.366545730640863,2519,2519,0.00241870786224457,0.0409840626817908
0.762802328025411,0.371101512214953,2520,2520,0.00483424955375319,0.0371889748546503
0.758559304308049,0.373636361160699,2521,2521,0.00494254078828374,0.0322471744472557
0.759765501687327,0.372296366618157,2522,2522,0.00180291361185763,0.0339643897279153
0.757444428640284,0.373419967733073,2523,2523,0.00257873216041375,0.0313958947888751
0.762190702498762,0.367178917051586,2524,2524,0.00784077988139935,0.0387934372809101
0.763151166452923,0.366651803182201,2525,2525,0.00109560030966641,0.0398818626807511
0.766512503558905,0.367229645678365,2526,2526,0.0034106435009278,0.0423629280600864
0.765205257395621,0.368178496712795,2527,2527,0.00161530517765472,0.0407517287580222
0.761360619435832,0.371829588447259,2528,2528,0.00530204789636225,0.035576383084798
0.758625354429355,0.376980070051459,2529,2529,0.00583173519725187,0.0307834840283736
0.757300221570228,0.378408639819418,2530,2530,0.0019485350077082,0.0289974810931154
0.759878892905658,0.373805049512608,2531,2531,0.00527660777101402,0.0333182315236984
0.760589686155654,0.374160525047396,2532,2532,0.000794726305134377,0.033780558813159
0.766056260235094,0.369554940229393,2533,2533,0.00714806573009945,0.0407815751422327
0.765274319253076,0.371228787016879,2534,2534,0.00184748336050278,0.0392907421852277
0.764930433227052,0.370063319574162,2535,2535,0.00121514277306257,0.0395515927656296
0.760567012749395,0.374521103744486,2536,2536,0.0062378905067359,0.033596426782816
0.762397176576781,0.371222423776387,2537,2537,0.00377237182247562,0.0367776594240945
0.762090707786813,0.374412546592218,2538,2538,0.00320480993185401,0.035010594234634
0.768072666183012,0.364629259424022,2539,2539,0.0114671938184212,0.0450843290905832
0.762568967814342,0.374503066411713,2540,2540,0.0113041036868689,0.0354029039944667
0.76778453139996,0.366938647345635,2541,2541,0.00918817388401435,0.0435982134423499
0.766875228365686,0.369100155550689,2542,2542,0.0023449839506182,0.0417183116909536
0.769487354393472,0.367711597770992,2543,2543,0.00295825879405374,0.0446755882151145
0.765046214995179,0.372996821397739,2544,2544,0.00690342726041139,0.0382876597879868
0.77029871403616,0.367393476663141,2545,2545,0.00768024858909198,0.0455387400821929
0.770105178097872,0.365211888241006,2546,2546,0.00219015620516026,0.0464794398218614
0.768412962122019,0.368027398471136,2547,2547,0.003284918989092,0.0435853606533596
0.764415461127784,0.373723141717351,2548,2548,0.00695855626733872,0.0374056260256508
0.766532590281352,0.370430341735274,2549,2549,0.00391468614001907,0.0407766818652727
0.766311508128287,0.372269987090798,2550,2550,0.00185288217448038,0.039743293096537
0.771363006913303,0.363738071888797,2551,2551,0.00991520130855453,0.0483280160947455
0.770778330145698,0.367432343419803,2552,2552,0.00374025254058808,0.0459389104732594
0.771423410967607,0.363911209159168,2553,2553,0.00357973682666888,0.0482864710582106
0.771114296927918,0.364814894562183,2554,2554,0.000955090988940714,0.0475469038423701
0.772524771810378,0.361167333288797,2555,2555,0.00391077263941023,0.0507108930787644
0.767015451246527,0.368619089961519,2556,2556,0.00926721590256412,0.0420788309844406
0.767987850629814,0.366733232009293,2557,2557,0.00212179659171002,0.0438788416852838
0.76574467922947,0.369364790783362,2558,2558,0.00345787789152559,0.0406054614008203
0.768718867009234,0.365607377206745,2559,2559,0.00479207154944888,0.0450940597466699
0.763624987245385,0.372385796967825,2560,2560,0.00847906749035164,0.0372922352563346
0.770384394398189,0.364170421710947,2561,2561,0.0106387017849311,0.0472704454391269
0.764700371636367,0.370826856709674,2562,2562,0.00875307041267145,0.0389773577789987
0.768229741411228,0.366756975060397,2563,2563,0.0053870574200412,0.0440729354950203
0.764401890135193,0.369574904107108,2564,2564,0.00475322727246831,0.0393404138463167
0.765367832146384,0.365801079397434,2565,2565,0.00389548416866646,0.0421873305864296
0.767322776850781,0.364205393889688,2566,2566,0.00252349381550259,0.0447025199674926
0.765273157153965,0.368508694733531,2567,2567,0.00476648078294614,0.0406366271919126
0.767194012169022,0.367034012481349,2568,2568,0.00242164649232098,0.0430451060915426
0.768268528399341,0.363708551967501,2569,2569,0.00349474931266657,0.0457630774406864
0.763526405868002,0.370647885850804,2570,2570,0.00840488434460549,0.0380428335880814
0.771276439017351,0.361214602896762,2571,2571,0.0122085970163257,0.0496560509682387
0.771113547072341,0.360601962243114,2572,2572,0.000633926144160917,0.0498770012212091
0.771284886549014,0.361200154281549,2573,2573,0.000622246680274585,0.0496712519890771
0.761952921892841,0.370996913025576,2574,2574,0.0135300423588673,0.0365086745721456
0.764036471480769,0.369736049210337,2575,2575,0.00243535550709458,0.0389439622638607
0.758734307109124,0.377332649004082,2576,2576,0.00926397730190808,0.0307397502641432
0.76303436401704,0.372411131839182,2577,2577,0.00653542811265868,0.0367578988823041
0.762223944492782,0.369770020196003,2578,2578,0.00276265280428727,0.0373799391285465
0.764014142086944,0.366156603674968,2579,2579,0.00403256573171829,0.0408725475896922
0.756154007345812,0.375270813024771,2580,2580,0.0120353865837701,0.0293485516263232
0.760654801141325,0.372173565243337,2581,2581,0.00546352346103952,0.0347932545519593
0.759631877710173,0.372346733474907,2582,2582,0.0010374775093588,0.0338238053570307
0.761809681203614,0.369203705142379,2583,2583,0.00382380113958914,0.0373370310862011
0.765921890598715,0.361990784117826,2584,2584,0.00830280048029533,0.044888209199622
0.759806017985264,0.371405265623127,2585,2585,0.0112265916393901,0.0344627590766454
0.759739530088028,0.369029128767138,2586,2586,0.00237706688986007,0.0357237161803504
0.759720205438822,0.370891119923334,2587,2587,0.00186209143379648,0.0346656154442504
0.76431699090558,0.366511772573095,2588,2588,0.00634894635679311,0.0409187547182972
0.766146512018304,0.365252559414586,2589,2589,0.00222098295366372,0.0431397349911053
0.758738921803834,0.373334439216187,2590,2590,0.0109630823180816,0.0325535152519583
0.762230118579614,0.367315908564987,2591,2591,0.00695781331501852,0.0387464171646105
0.759439181781674,0.372915417077129,2592,2592,0.00625650252038975,0.033369491000305
0.763861841403481,0.365364344563438,2593,2593,0.0087509207651177,0.0412100388261225
0.760760271153871,0.371610075492135,2594,2594,0.0069734419655537,0.0351702777606968
0.765343505324729,0.370809041040968,2595,2595,0.00465270799179152,0.0395501663827032
0.757020107438002,0.381294211537901,2596,2596,0.0133872234884807,0.0277374813419178
0.764075747379055,0.373586734753117,2597,2597,0.0104492704705049,0.0371573512453058
0.756162749615709,0.378011706865506,2598,2598,0.00906619610410735,0.0281146468695835
0.76714656741896,0.366599613376293,2599,2599,0.015839196044672,0.043234850782778
0.759904459401962,0.373602240781534,2600,2600,0.0100739723598244,0.0334376252561063
0.763864717783341,0.371722353321543,2601,2601,0.00438379097466044,0.0378149807884906
0.756667840572686,0.377974455864372,2602,2602,0.00953330099133081,0.0285903365805837
0.760238993497305,0.374618307009122,2603,2603,0.00490070080188722,0.0332598469534549
0.753196093430429,0.381653963612329,2604,2604,0.00995504420835252,0.0239966305131979
0.76154552240458,0.375217452818113,2605,2605,0.0105423733285469,0.0341727966969107
0.754551817443262,0.379452353288199,2606,2606,0.00817595811373179,0.0260596270645498
0.75924737186535,0.376365857725378,2607,2607,0.00561913571557873,0.0316047098725721
0.755311357837976,0.376444019673328,2608,2608,0.00393679002663181,0.0280456110218759
0.758439142780154,0.377687577598417,2609,2609,0.00336592854314583,0.0303277496977516
0.756216597597497,0.377006662608541,2610,2610,0.00232451119859319,0.0285938983818157
0.765956831999588,0.37367637288277,2611,2611,0.0102938329044746,0.038824934031691
0.759663752758287,0.37441747521035,2612,2612,0.00633656681470666,0.0328405181463434
0.763189777627958,0.372925042966508,2613,2613,0.00382886476439167,0.0366578105613921
0.752281782117072,0.380689371466274,2614,2614,0.0133891434796179,0.0234877928130014
0.764697866060566,0.369833072570819,2615,2615,0.0164929793002769,0.0394648946927719
0.756421350464025,0.377818391174694,2616,2616,0.0115006966582547,0.0284301779045432
0.760723629087902,0.374468259862056,2617,2617,0.00545279572048989,0.0337600636003869
0.760718631628955,0.371174077780266,2618,2618,0.00329418587250016,0.0353604790482785
0.759449928017786,0.375609059556403,2619,2619,0.00461288111787653,0.0321123897447081
0.7560152583938,0.377850388572375,2620,2620,0.00410128165135843,0.0280479956980357
0.756724262626136,0.375898080477364,2621,2621,0.00207706376871701,0.0295496636104035
0.756488020240992,0.377120589823208,2622,2622,0.00124512632500226,0.0287877651280582
0.756674948751734,0.378647967487315,2623,2623,0.00153877379654822,0.0283283400215093
0.754816047712508,0.377689263851199,2624,2624,0.00209156059810312,0.0270358787204539
0.7543150280567,0.379296654129265,2625,2625,0.00168366392178714,0.0259037960027298
0.753173267007147,0.379384138044025,2626,2626,0.00114510773712306,0.0248252031116368
0.751782879819618,0.382013302466859,2627,2627,0.00297416914339714,0.0225448765296444
0.75062354730583,0.382828745558657,2628,2628,0.00141739172901841,0.0211810367091103
0.75170245453865,0.381640523059557,2629,2629,0.00160496527202343,0.0225987705482531
0.752854681105864,0.380221436984075,2630,2630,0.00182795824673876,0.0241968966271252
0.75513612083431,0.377940522801337,2631,2631,0.0032260714101745,0.0272141313648604
0.755986327604195,0.378875465524081,2632,2632,0.00126371256477499,0.0276054973944412
0.758979542789074,0.373562145648845,2633,2633,0.00609841825718537,0.032649071150719
0.759521115113682,0.374693535354725,2634,2634,0.00125432980087117,0.0325865493208493
0.761987457824242,0.371191355448061,2635,2635,0.00428346944247006,0.0364394428637963
0.761348387397638,0.374619568391385,2636,2636,0.00348727042182443,0.0342524712140882
0.760173609119332,0.373767102755143,2637,2637,0.00145148257452583,0.03359567703505
0.76457645976468,0.370281821888021,2638,2638,0.00561536076561114,0.0391358649629626
0.765621176145653,0.368277158940384,2639,2639,0.00226055432367862,0.0410543037078686
0.765236478125774,0.370717619961735,2640,2640,0.00247059558876698,0.0394998614675176
0.762976433298333,0.368290768667401,2641,2641,0.00331623428407202,0.0388134550612774
0.755765225897329,0.379601739029362,2642,2642,0.013414155311068,0.0271245458294859
0.757377513449059,0.375473436766844,2643,2643,0.00443196916958818,0.0303255887998339
0.750399754470761,0.379705578705173,2644,2644,0.00816089123474783,0.0221837821430533
0.75711951648697,0.374843724451024,2645,2645,0.00829414422005471,0.0303996262184573
0.748795192094453,0.382124157358906,2646,2646,0.0110588914416421,0.0197175290288973
0.754881319861911,0.375458374627066,2647,2647,0.00902627335227193,0.0281510844817922
0.74909518086734,0.381422953605445,2648,2648,0.00830997032809563,0.0202696787557055
0.755002848632329,0.375535449818699,2649,2649,0.00834045797666117,0.0282174361134893
0.74880362554994,0.379995787974277,2650,2650,0.00763707949987028,0.0206321391476757
0.754977399567623,0.375846322238757,2651,2651,0.00743865253333357,0.0280409942653875
0.748320703644705,0.384452073113407,2652,2652,0.0108798230098988,0.0184948636752239
0.753185186365202,0.3791337085185,2653,2653,0.0072075095631134,0.0249406846245103
0.748916863848999,0.385032053027976,2654,2654,0.00728073107969198,0.0189175649950402
0.755768291675053,0.376535821025901,2655,2655,0.010914578392623,0.0284069478350665
0.749967369749299,0.381574845679129,2656,2656,0.00768390946358233,0.0210107372341038
0.754298141737422,0.377133314539329,2657,2657,0.0062034494338972,0.0268274592895551
0.747776475631305,0.386498481092722,2658,2658,0.0114122072086191,0.0174906430996387
0.751032447661883,0.377724735339433,2659,2659,0.00935841698190798,0.0236845514573326
0.745158086639788,0.383303620628214,2660,2660,0.00810136275470306,0.0159085374596198
0.748038589847349,0.381395140257377,2661,2661,0.00345537205733911,0.0193208513288502
0.742878184611625,0.384930328965892,2662,2662,0.00625518516126411,0.0131814745192064
0.749629527322101,0.377936483917899,2663,2663,0.00972082799712213,0.0223721451882978
0.745733191706394,0.385022324695104,2664,2664,0.00808644364044765,0.0158524850681107
0.745304522437921,0.384869391740999,2665,2665,0.000455132761053265,0.015489644730271
0.743176909444108,0.387275674653598,2666,2666,0.00321199852224573,0.0128265196413248
0.750267300344584,0.37975245378295,2667,2667,0.0103379154276916,0.0220443824875464
0.74665565320931,0.383690416869749,2668,2668,0.00534336488579257,0.0171534723550395
0.752847261463862,0.376183763293968,2669,2669,0.00973066599388858,0.0260319097778404
0.74389763122307,0.384106714034667,2670,2670,0.0119527833531122,0.0144341061270366
0.752356317783529,0.376700895822064,2671,2671,0.0112425762939906,0.0253448839239238
0.74544583799106,0.384171614969759,2672,2672,0.0101767566319455,0.0158518538756771
0.751499783605759,0.375263634461677,2673,2673,0.0107704398349421,0.0253986337674278
0.743079664186426,0.384810977630355,2674,2674,0.0127298928752891,0.0134124109761828
0.756938361287307,0.374100093415721,2675,2675,0.0175153226060284,0.0306126919595497
0.75083753871994,0.379430448589718,2676,2676,0.00810140248842378,0.0226985218820386
0.75741378551398,0.374887156721428,2677,2677,0.00799302964442051,0.0306359649240091
0.743498786440108,0.385728457408375,2678,2678,0.0176397562287762,0.0135092770191076
0.752622914445004,0.379992485616533,2679,2679,0.0107773412420006,0.024074645973453
0.74325497254271,0.386505993247472,2680,2680,0.0114098254650564,0.0130672149203917
0.746203128052067,0.382169040591274,2681,2681,0.00524411853884449,0.0173309458072375
0.741684968743199,0.386714626027509,2682,2682,0.00640906471323425,0.0114945861663111
0.745875911083683,0.382951675877862,2683,2683,0.0056323877290184,0.0167072273314373
0.739263357449248,0.389026839417927,2684,2684,0.00897961455780954,0.00871275255674614
0.749192347716467,0.381005661654406,2685,2685,0.0127641740994292,0.0205308339841868
0.743312655347822,0.388299384047688,2686,2686,0.00936852009125078,0.0128113800476411
0.742394732022561,0.386881973148966,2687,2687,0.00168867903607407,0.0121427123862862
0.738860509193905,0.387521966663302,2688,2688,0.00359170192262469,0.00855775905999643
0.746125945654241,0.376580823341733,2689,2689,0.0131337421987153,0.0203193445935925
0.740735771099633,0.385054315537984,2690,2690,0.0100426117981866,0.0111561973754904
0.746528121561303,0.375203371688191,2691,2691,0.011427703995229,0.0215283333088794
0.74204386832978,0.382083497269107,2692,2692,0.00821246948570254,0.0137453192699946
0.743753759252231,0.379645293410612,2693,2693,0.00297801360343814,0.0165517945872373
0.740419688957653,0.384774990760062,2694,2694,0.00611799146993071,0.0109902637562669
0.743380051388924,0.382903256199023,2695,2695,0.00350244714328005,0.0144784972072929
0.736908382883602,0.389968368659202,2696,2696,0.00958114331996746,0.00634256413335602
0.744754441499808,0.380865974130795,2697,2697,0.0120172468544055,0.0166849896952062
0.738278694186501,0.387703289410963,2698,2698,0.00941722801604746,0.00794916138325264
0.741826162521632,0.379828959460015,2699,2699,0.00863652729777186,0.0149405779518358
0.738110749112994,0.385825705512658,2700,2700,0.00705444966081564,0.00845531853721679
0.740987407509955,0.384420571607627,2701,2701,0.00320149415490289,0.0116565177432418
0.738993211691716,0.38618744408559,2702,2702,0.00266433018127742,0.0091067375309605
0.739239312091365,0.383981005281496,2703,2703,0.00222012107843635,0.0103594449783181
0.734545244896854,0.388183932384711,2704,2704,0.00630070337831573,0.00423628725153298
0.741621362608556,0.381526982237105,2705,2705,0.00971526773370549,0.0137171175751033
0.734173375287683,0.389705867826781,2706,2706,0.011061947596192,0.00360025329243842
0.742031579132286,0.383526346937547,2707,2707,0.00999689182115174,0.012995305887555
0.736969330457116,0.386502468862675,2708,2708,0.00587227923063019,0.0071316611224425
0.741412929514148,0.382205302655615,2709,2709,0.00618152165657884,0.0131539873725188
0.73540974962269,0.38757254680425,2710,2710,0.00805266903332438,0.00526651864308618
0.738154332622363,0.382610108954979,2711,2711,0.00567084872395418,0.0103505283284813
0.735652602349061,0.387498454716153,2712,2712,0.00549131847930355,0.00551893454562713
0.739948883280137,0.38252333412877,2713,2713,0.00657342031956888,0.0117810434594176
0.734245828353821,0.387258327218477,2714,2714,0.00741248912661225,0.0043865353260055
0.735576790680781,0.383337081530559,2715,2715,0.00414096950735076,0.00806097087696678
0.733335181562041,0.387019646258914,2716,2716,0.00431115928953512,0.00381898683148299
0.736414687395,0.380936557391483,2717,2717,0.00681816150764202,0.0104963008177205
0.72899475997919,0.388494431484481,2718,2718,0.0105913541939408,0.00196077625022273
0.733377648932644,0.383604581395359,2719,2719,0.00656660867361501,0.00667080005302384
0.732795169387062,0.386083329289801,2720,2720,0.0025462665895822,0.00420828734090832
0.733625172800305,0.381530633877807,2721,2721,0.00462773607505766,0.0086808162600238
0.729576281864443,0.389288843115678,2722,2722,0.00875119011272712,0.00106308094920127
0.735742562501937,0.385804403572557,2723,2723,0.00708267857734666,0.0064470884341192
0.73013437424175,0.388334451650986,2724,2724,0.00615247257944811,0.00139386249547254
0.734791551331703,0.385142326320767,2725,2725,0.00564614581559907,0.00617882251342403
0.728631667554429,0.391183904655315,2726,2726,0.0086281421477627,0.00246999532535545
0.732010057247366,0.385288974663415,2727,2727,0.00679438860580803,0.00459853962090065
0.726017061558587,0.390814190167588,2728,2728,0.00815131913823033,0.00470095091001395
0.732125859992686,0.389567945535156,2729,2729,0.00623462460716975,0.00155498352898948
0.728811511780447,0.390680867190711,2730,2730,0.00349621204782773,0.00203764696549677
0.732676917217771,0.387939588047288,2731,2731,0.00473877310461863,0.00271574906226185
0.726431453545236,0.39276246987054,2732,2732,0.0078908811653711,0.00517666694747733
0.733640081388497,0.386403060329194,2733,2733,0.00961282503207003,0.0044715378790693
0.72825760917685,0.392811451124626,2734,2734,0.00836889955108287,0.00391298518615315
0.732460492206602,0.385106494680601,2735,2735,0.00877670664691992,0.00492658476402095
0.729058963723762,0.389736971911221,2736,2736,0.00574558225098706,0.00151657661408445
0.732102606941844,0.385959452022983,2737,2737,0.00485112569874326,0.00400159851983758
0.728988935032371,0.389285540618078,2738,2738,0.00455607485696438,0.00162755279782758
0.734402506257551,0.384102780556702,2739,2739,0.00749451501192,0.00674647666658916
0.73119557846233,0.390594797463384,2740,2740,0.00724090252664657,0.00112509939416046
0.73357244288711,0.383391714497363,2741,2741,0.00758510967021271,0.00694637904996123
0.727720615272102,0.39057372829627,2742,2742,0.00926418958373903,0.00299639861825647
0.730124600236517,0.386977547986706,2743,2743,0.00432569723027751,0.00271713382605948
0.722109036150817,0.395981460141873,2744,2744,0.0120548621605532,0.0105660126473602
0.731355884428502,0.38648717329944,2745,2745,0.013253138711903,0.00326530859133161
0.726482307776665,0.395243383270635,2746,2746,0.0100211258070634,0.00692395680094826
0.730475571591659,0.386963445496813,2747,2747,0.00919257991178214,0.00269568428816766
0.723290794438092,0.395803282232958,2748,2748,0.0113913886891861,0.00952940243846629
0.729393220702689,0.386519316245443,2749,2749,0.0111099788826164,0.00335264206473148
0.725587848582987,0.394843433684218,2750,2750,0.00915269294273156,0.00719386201694814
0.730793990390575,0.385107092436367,2751,2751,0.0110408447781556,0.00455560130964429
0.726244475458958,0.393069126233785,2752,2752,0.00917017275214784,0.00551182478610321
0.731001009884009,0.38556549432869,2753,2753,0.00888420573286402,0.00411413538651602
0.724343685610783,0.394373011379811,2754,2754,0.0110404856362695,0.00781328300119073
0.726586022912363,0.387213356494919,2755,2755,0.00750258186525304,0.00467682386235446
0.723240348722892,0.395463177290317,2756,2756,0.00890241983610507,0.00935317925098444
0.729946497223263,0.385556071744395,2757,2757,0.0119634095477444,0.0041489240198065
0.724194457568528,0.39571944173082,2758,2758,0.011678186917095,0.00880002606578673
0.732284652065635,0.3850498684655,2759,2759,0.0133899604429981,0.00491498967257233
0.726070627056521,0.396573379007811,2760,2760,0.0130921885883389,0.00825268623452566
0.734180314216543,0.389456036579044,2761,2761,0.0107899763244289,0.00361247912702985
0.730586282328586,0.394065756145065,2762,2762,0.00584521853218565,0.0044084225341604
0.737277629238111,0.385350083303201,2763,2763,0.0109880424348479,0.0079686008913937
0.732432022806062,0.3929580469955,2764,2764,0.0090200339931545,0.00378799188309473
0.73610217799774,0.385583744153395,2765,2765,0.00823713430375413,0.00686739606525529
0.730099892788011,0.394081739448095,2766,2766,0.0104040065247806,0.00444965808879977
0.736549737921257,0.38718868412488,2767,2767,0.00944005900043845,0.00646609256080508
0.730403809390969,0.395117470332108,2768,2768,0.0100318536781258,0.00546275265666062
0.736310132574016,0.387120512757402,2769,2769,0.00994162884009668,0.00627256681261818
0.732573099876551,0.391621712975384,2770,2770,0.0058503176652455,0.00280309060433302
0.73829156534965,0.383222321414951,2771,2771,0.0101612315175127,0.0100488279882073
0.735956409995696,0.389641023099255,2772,2772,0.00683027684938047,0.00538298586509432
0.738854713882392,0.384663650622056,2773,2773,0.00575972240619433,0.00967038810496847
0.736272262340295,0.387708850972159,2774,2774,0.00399278112843079,0.00602271799445611
0.73876206887545,0.384361083116,2775,2775,0.00417213209297561,0.00975212614302846
0.734089319599797,0.389471883298494,2776,2776,0.0069249450754861,0.00352075922780188
0.736145260547398,0.38614270614355,2777,2777,0.00391283959663842,0.00658770237628107
0.733122886611926,0.391963900596622,2778,2778,0.00655904330419381,0.00343799327303845
0.737656411369989,0.384693567120412,2779,2779,0.00856799834192795,0.00864913409535955
0.734214061720719,0.391115807644149,2780,2780,0.00728662778331404,0.00392188140363235
0.739618037775013,0.383476702443408,2781,2781,0.0093572904979684,0.0109546803008118
0.732519171833097,0.392060556721835,2782,2782,0.0111389609899022,0.00309212374889388
0.740574831447611,0.381716096897206,2783,2783,0.0131111212673929,0.0127707161166819
0.738320727982684,0.383988052833098,2784,2784,0.00320043219038216,0.00960006716431653
0.74166953744495,0.382031789786576,2785,2785,0.00387833597329459,0.0134637433335213
0.737488063210792,0.385262470022764,2786,2786,0.00528412921486839,0.00819309961166652
0.738792706923858,0.386073848718429,2787,2787,0.0015363692934389,0.00896647647359484
0.735987491062945,0.386335515070759,2788,2788,0.00281739335313051,0.00635188594686056
0.739229984407992,0.383741349028639,2789,2789,0.00415252459917646,0.0104849750422341
0.734014209426204,0.389543500232333,2790,2790,0.00780187588027204,0.0034426436505877
0.739201981019063,0.383456612261021,2791,2791,0.00799769837359288,0.0106254761532693
0.731832783203885,0.391845002584016,2792,2792,0.0111655796378934,0.00252422992219002
0.737292108392886,0.386069344172001,2793,2793,0.00794748146342896,0.00761670451513801
0.731347538509726,0.393025640477345,2794,2794,0.009150298868535,0.00345609317513718
0.738566287083402,0.384956523506608,2795,2795,0.010826863796011,0.00927271554178189
0.731171465009044,0.395293751747938,2796,2796,0.0127099048471951,0.00566803511900641
0.739058529681762,0.384612044173347,2797,2797,0.0132779767231571,0.0098717642754294
0.733604129613456,0.394964560195393,2798,2798,0.0117014985404371,0.00611158582883982
0.739385068462507,0.386582130104298,2799,2799,0.0101825531281975,0.00933282544832624
0.732996058386164,0.395586527822955,2800,2800,0.0110407711701386,0.00640501047811412
0.739900809833306,0.384538931478965,2801,2801,0.0130278539110071,0.0106394498742864
0.738872096130297,0.386559556254727,2802,2802,0.00226741623156927,0.0088579843175514
0.747276940042953,0.377514220734821,2803,2803,0.0123474489617811,0.0206509626996009
0.737398219975056,0.386038604740035,2804,2804,0.0130481505527878,0.00772481935662947
0.741461149786207,0.379502975692736,2805,2805,0.00769557312318143,0.0148880285709486
0.731447408825089,0.389772507498089,2806,2806,0.0143435801506292,0.000881513854831345
0.741514361459752,0.381819538995578,2807,2807,0.0128293898276763,0.0134586360727206
0.735298696878381,0.38902749665389,2808,2808,0.0095178327255806,0.00476704170331412
0.740796374439355,0.38193914184316,2809,2809,0.00897046445214818,0.0128093317211003
0.738287912944572,0.388482554491051,2810,2810,0.00700775485811219,0.00780340344970676
0.741203961361394,0.383875138632644,2811,2811,0.00545267083744739,0.0121013135661509
0.73563011146565,0.391017133782035,2812,2812,0.00905957490030345,0.00523630041431892
0.741032710577013,0.384322712332327,2813,2813,0.00860252031118839,0.0117411472335527
0.734480118749369,0.386394704156155,2814,2814,0.00687238021195823,0.00508988626387903
0.743470648835681,0.379728333900295,2815,2815,0.0111924136637761,0.0162764606851517
0.736733738935489,0.387708293423305,2816,2816,0.0104434529247842,0.00646126952053851
0.741454253676971,0.381855987249242,2817,2817,0.00751882617032228,0.0133885476864735
0.739558232044031,0.386026352768896,2818,2818,0.00458114031656945,0.00969074226838349
0.74567341570168,0.381332923341696,2819,2819,0.00770868023431347,0.0172425379456071
0.740116563428589,0.387352414626795,2820,2820,0.00819224526710117,0.00981752375001988
0.746415384995251,0.381688125557876,2821,2821,0.00847108752079229,0.017733457475496
0.742062833576433,0.386161677139613,2822,2822,0.0062415837419616,0.0120094006951034
0.744208498464248,0.382416231497276,2823,2823,0.004316507948621,0.0154385364275501
0.735123170304972,0.389656966802175,2824,2824,0.0116177207539755,0.00454972142348864
0.742505990366658,0.382944331114195,2825,2825,0.00997825184803266,0.0136912453495851
0.733315890681087,0.390488855734543,2826,2826,0.0118902390210523,0.00286572589611798
0.73842293000202,0.385376651365566,2827,2827,0.00722609743469773,0.00894084749988256
0.732337063554943,0.392035334234502,2828,2828,0.00902085516792773,0.0029605970316229
0.7380464933527,0.385949717497077,2829,2829,0.00834459823420814,0.00834223885944039
0.73205294116757,0.39087260072588,2830,2830,0.00775612319914457,0.00191460861153313
0.741153450411179,0.383254587039386,2831,2831,0.0118681675510846,0.0123665611584979
0.729122226101644,0.393123827349618,2832,2832,0.0155612423246814,0.00375799107740855
0.738221385806772,0.386954817994344,2833,2833,0.0109932426410445,0.00811138894312454
0.732847887625253,0.391483172969196,2834,2834,0.00702712469542468,0.00291662350582337
0.737523496938277,0.387435162903852,2835,2835,0.00618447313335318,0.00729666317134005
0.73293160049435,0.391218893927647,2836,2836,0.00594996919422111,0.00282830182901549
0.738303963742913,0.386325811471189,2837,2837,0.00726667343426159,0.00841783962799773
0.732643157140187,0.392248569806456,2838,2838,0.00819291142948874,0.00331633840587084
0.74183359515301,0.383718219830439,2839,2839,0.0125391794620258,0.0127304433571468
0.731117974955215,0.394622891967375,2840,2840,0.0152884397711954,0.00499530708839185
0.738312451775423,0.386556481336751,2841,2841,0.0108086760141264,0.00833711977921583
0.734812595204872,0.391497972949045,2842,2842,0.00605535592420458,0.00462149822247978
0.738480456524751,0.385895960464574,2843,2843,0.00669595030880809,0.00875607435341032
0.730199648968527,0.395164348219606,2844,2844,0.0124287885717328,0.00551966761205608
0.734787041480651,0.390045474838092,2845,2845,0.00687364784930567,0.00423143020335835
0.730912839612506,0.396198200859642,2846,2846,0.00727086498371376,0.00654964778124815
0.737379198474674,0.388505955484386,2847,2847,0.0100491012457574,0.0069024591203889
0.732444943688631,0.39632213433486,2848,2848,0.00924335015652726,0.0069225582299863
0.736948713950962,0.388594521737753,2849,2849,0.00894426872510006,0.0064632509840069
0.73003646888174,0.393912424891422,2850,2850,0.0087211940609516,0.00428882156013268
0.736076476530808,0.389447676197113,2851,2851,0.00751103676626145,0.00550702071847721
0.732072881143804,0.394845033087634,2852,2852,0.00672013671188978,0.00540003047312489
0.74122226902278,0.384957591475224,2853,2853,0.0134711840681791,0.0116398076348804
0.737590203457699,0.38964223797337,2854,2854,0.00592771567145731,0.00701677083823138
0.739514229107723,0.388901536198441,2855,2855,0.0020616774290208,0.00897267010021496
0.732948920041872,0.394002567697081,2856,2856,0.00831407273724874,0.00495214701757501
0.737272046385604,0.383901116449178,2857,2857,0.0109876630225736,0.00883206993672549
0.733109058201441,0.389438094002293,2858,2858,0.00692737981095165,0.00254507146023351
0.735751899948086,0.387764050978056,2859,2859,0.00312842333209726,0.00551370520981245
0.734280103570878,0.38944953072537,2860,2860,0.00223763861125256,0.00371247608320741
0.733574420370002,0.387610546551573,2861,2861,0.0019697338834153,0.00363252577565705
0.72770007474131,0.393458393888021,2862,2862,0.00828886331385326,0.00476489205202567
0.732680410770471,0.388924076010937,2863,2863,0.00673526432842882,0.00223091515646969
0.72957782302582,0.391781568300647,2864,2864,0.00421797497610069,0.00234596771795552
0.735752769574206,0.384462059905111,2865,2865,0.00957628153448684,0.00733596794166779
0.727879385363808,0.393877917422436,2866,2866,0.0122738971688343,0.00500710978070889
0.734211602281162,0.386261309959518,2867,2867,0.00990503308084344,0.0049768728692102
0.72830474178405,0.393132538552,2868,2868,0.00906116898101378,0.00415017487805395
0.733230126772211,0.385474614841884,2869,2869,0.00910512014371902,0.00495512158220655
0.724855196986022,0.394720822919601,2870,2870,0.012475248003147,0.00763787534173945
0.730214113513966,0.389792600390499,2871,2871,0.00728047825694244,0.000383945265071987
0.728474916305609,0.392893868579482,2872,2872,0.00355565342933687,0.00385731470427049
0.734657775343169,0.389776537584169,2873,2873,0.00692426879985755,0.0040860650565542
0.727727204404844,0.394387320612708,2874,2874,0.00832418967031702,0.00552029963321648
0.737854945130522,0.386992739612276,2875,2875,0.0125399744967244,0.00775373123813435
0.730415073643732,0.394485821621892,2876,2876,0.0105592597156604,0.00483106601102556
0.738970746384665,0.386218522113419,2877,2877,0.0118973853099209,0.00907414778759902
0.730772491741223,0.39322512129349,2878,2878,0.0107844244755519,0.00357331690596114
0.738291972125765,0.386286082008618,2879,2879,0.0102319524749926,0.00842265184698981
0.728238056485334,0.396571066808547,2880,2880,0.014382702529068,0.00729749999341337
0.738615542566671,0.38760126116204,2881,2881,0.0137167645858793,0.00830076992261711
0.730273792804838,0.392465562839927,2882,2882,0.00965640822990231,0.00282415301684738
0.735948127811906,0.389844944665866,2883,2883,0.00625025738563256,0.00537795168524132
0.733969181886089,0.394430187478318,2884,2884,0.00499406433943843,0.00585755565533587
0.741190442449613,0.386700195808078,2885,2885,0.010578250108042,0.0110211309102994
0.733921394313826,0.392261827989069,2886,2886,0.00915263969120581,0.0042417015656139
0.740002670720969,0.384546050815013,2887,2887,0.0098242119347947,0.0107254662819913
0.733426683989254,0.392569525960499,2888,2888,0.0103739941635764,0.00407697264766513
0.738069094564242,0.388351798885892,2889,2889,0.00627225618279622,0.00760849352037375
0.733771104230399,0.391264988999784,2890,2890,0.00519224398015763,0.00357903554246742
0.735255319577874,0.387733622077429,2891,2891,0.00383059362736183,0.00506168460084652
0.731421577634928,0.392338500020876,2892,2892,0.00599186766869422,0.00281209450507634
0.736968618887284,0.386912541901907,2893,2893,0.00775955463697121,0.00695932347753148
0.735984215036533,0.389585547783822,2894,2894,0.00284851038020367,0.00541124256480155
0.736387210139208,0.387972501047388,2895,2895,0.00166262588296419,0.00605297806738044
0.730873851960143,0.393552289733099,2896,2896,0.00784418002010722,0.00390650479068902
0.735864181472328,0.386626473016745,2897,2897,0.00853641176541533,0.00609738307379637
0.731978386703771,0.392696079193928,2898,2898,0.00720690780636575,0.00334779202321637
0.731266462685747,0.390168367759638,2899,2899,0.00262605424591358,0.000861048732482085
0.72894797208299,0.390935404052333,2900,2900,0.00244207767062874,0.00206775027041893
0.732705764068372,0.383323323408388,2901,2901,0.00848909726268495,0.00668331428777513
0.730530379127148,0.388438407718968,2902,2902,0.00555845186601878,0.00121970524071194
0.734820550608195,0.385406610874491,2903,2903,0.00525331927860565,0.00600888305146732
0.729803198353917,0.38917906252051,2904,2904,0.00627735733131805,0.000906668078565046
0.738439021736984,0.381562830897545,2905,2905,0.0115145312383164,0.0112866519691769
0.733430099739469,0.388117129251419,2906,2906,0.0082491288321124,0.0032454184694751
0.734699003261909,0.386131829951811,2907,2907,0.00235616838495996,0.00542673995815644
0.726911821318043,0.392155760439782,2908,2908,0.00984519888832934,0.00443278240071494
0.733387949026401,0.386324067432983,2909,2909,0.00871486508332159,0.00436259084912027
0.726943435881591,0.392966556947525,2910,2910,0.00925496713254167,0.00491200874982687
0.729209497010127,0.38724696176969,2911,2911,0.00615213800532645,0.00276953917032034
0.722786308272989,0.393048936762193,2912,2912,0.00865564944799271,0.00849366848527404
0.73159439466677,0.386154595666508,2913,2913,0.011185451491288,0.0036485112349854
0.722290616301397,0.392713878883947,2914,2914,0.011383518269786,0.00882879780237327
0.730129106423316,0.384493800102585,2915,2915,0.0113583283348924,0.00518263556837038
0.726742766455224,0.390119349315148,2916,2916,0.00656613298086981,0.00385844129494248
0.730891050443515,0.386897290757036,2917,2917,0.00525261091262321,0.00277827471854647
0.721881069356307,0.392563648215403,2918,2918,0.0106436537917119,0.00916537059235811
0.726978357807433,0.389173098878848,2919,2919,0.00612194204134572,0.00362755858878555
0.721672810910644,0.395967615918438,2920,2920,0.00862057362797327,0.0109105812690975
0.729386108002748,0.388665567681424,2921,2921,0.0106214340127277,0.00154706661536937
0.718251644257608,0.398718487192084,2922,2922,0.0150012490673152,0.0152948041926525
0.724170576919836,0.392670200545126,2923,2923,0.00846259624605596,0.00707630017525226
0.717652262074517,0.399246021732462,2924,2924,0.00925904167344166,0.0160903589327579
0.728083873384587,0.390736347038065,2925,2925,0.0134622835332214,0.00271334035845004
0.72090632258157,0.396847165168241,2926,2926,0.00942652288757492,0.0120476861026322
0.72946100392589,0.390358168768973,2927,2927,0.0107373016709307,0.0013147918282785
0.723425764998423,0.393513997783717,2928,2928,0.00681053343592975,0.00812176702350169
0.728263022313596,0.388605345092182,2929,2929,0.00689158396736936,0.00253865912380872
0.719476332686759,0.396369406191876,2930,2930,0.0117254662746583,0.0129691038924552
0.724951240552265,0.390928378504811,2931,2931,0.0077187692300772,0.00576409006848412
0.71734900939042,0.396893604933035,2932,2932,0.00966322125267226,0.0150747853247634
0.725925939307429,0.389041953372068,2933,2933,0.0116280763256914,0.00468807649487878
0.718428087504711,0.395392451103032,2934,2934,0.00982581310052716,0.0134313499602876
0.727759255992881,0.389842102320027,2935,2935,0.0108571210257425,0.00282025074762728
0.723427372300007,0.392153602670842,2936,2936,0.00491001529533356,0.00756952288468984
0.727453289471399,0.388706442343263,2937,2937,0.00530008711201471,0.00326184373851321
0.719824168106504,0.396235079814894,2938,2938,0.010718389570245,0.0126021243015735
0.725927295901928,0.389572796279438,2939,2939,0.00903516412657068,0.00464692235573539
0.717988653893096,0.395688540203558,2940,2940,0.010021195571876,0.0139553678901841
0.725906729505801,0.388973144934385,2941,2941,0.0103823145314398,0.00471660996800553
0.717632433595442,0.39579873355984,2942,2942,0.0107262590354758,0.0143243303839502
0.723857667257196,0.389227675761041,2943,2943,0.00905164817801706,0.00672951298123711
0.718301904007715,0.395598271432628,2944,2944,0.00845286900969916,0.0136339771981637
0.72444066342015,0.390147715660542,2945,2945,0.00820931942053505,0.0061523584054802
0.716212775001225,0.398344355398667,2946,2946,0.01161391625727,0.0167837116801122
0.7227745960452,0.391811255297652,2947,2947,0.0092595298121999,0.00809082220666596
0.716209408854293,0.396569932395634,2948,2948,0.00810843329962667,0.015940809580392
0.721841228793672,0.389539676305332,2949,2949,0.00900787969084879,0.00873301297289379
0.717666377113993,0.394467876766417,2950,2950,0.00645883475032096,0.0137743837525933
0.723502724024412,0.390719179212915,2951,2951,0.00693654659080338,0.00715000885649687
0.716251609133765,0.397216805151519,2952,2952,0.00973641669174896,0.0161944565139211
0.721168060461944,0.392041478739413,2953,2953,0.00713831192469127,0.00970285476304842
0.715542617375681,0.396597367040174,2954,2954,0.00723890379310288,0.0165556546523834
0.721657504168199,0.390329236062495,2955,2955,0.00875678630769598,0.00894122464902265
0.71643933989947,0.394972511179543,2956,2956,0.00698492964517454,0.0151004619528741
0.722774503798862,0.391436735210478,2957,2957,0.00725506811377983,0.00799935923880689
0.717032453943416,0.395699917610282,2958,2958,0.00715163342995345,0.0148280524680704
0.723528596462263,0.389071961784568,2959,2959,0.00928060698730331,0.00706913204597381
0.719317147060306,0.39469796244081,2960,2960,0.00702767311770191,0.0123333726831702
0.724415115110669,0.391161841863895,2961,2961,0.00620430713109815,0.00633944507899515
0.720450450562825,0.394009863934297,2962,2962,0.00488157707000813,0.0110190495460097
0.723076166578718,0.391436811406271,2963,2963,0.00367627310031488,0.00770556402322668
0.717822472653624,0.397756613693087,2964,2964,0.00821834538109721,0.0151058078381553
0.724223441437369,0.391519558076152,2965,2965,0.00893718435186437,0.00661743191388438
0.715040386230987,0.398954754212219,2966,2966,0.0118156948380218,0.0181029753991142
0.721526440537013,0.390626543206208,2967,2967,0.0105559461452476,0.00909877416529327
0.714350904765649,0.397692257141451,2968,2968,0.010070383658074,0.0181033321264306
0.722738083202038,0.388569891962609,2969,2969,0.0123920260078802,0.00791046936355983
0.717298821638498,0.395600287751116,2970,2970,0.00888887120503364,0.0145442157148424
0.71992291402209,0.393206971781593,2971,2971,0.00355159431348845,0.0112264728062195
0.713887902444765,0.398980026490267,2972,2972,0.00835161813110401,0.0191133386583085
0.722878159874981,0.391206628679573,2973,2973,0.011884882926847,0.00784969620264965
0.713950854381736,0.397842721590572,2974,2974,0.011123601597196,0.018528651300632
0.720624167550811,0.393629615698039,2975,2975,0.00789198136808796,0.0107129396478606
0.714252079689172,0.398948524238551,2976,2976,0.00830025853686361,0.0187806541155628
0.720183950013293,0.394709433847324,2977,2977,0.0072908828606126,0.0115527146214966
0.713083615646509,0.400526807215846,2978,2978,0.00917913835983169,0.0205922149737997
0.717470183518689,0.396935168632893,2979,2979,0.00566937786779167,0.0149887349134523
0.7141368259742,0.397057672230379,2980,2980,0.00333560783828128,0.0180257401607249
0.720464528312553,0.393705603009362,2981,2981,0.00716073913400693,0.010889380573745
0.71644528348516,0.396972260005944,2982,2982,0.00517932205176007,0.0159095233369554
0.719587533515571,0.394972163190754,2983,2983,0.00372479831987636,0.0122039973651507
0.715914053703998,0.396775147310182,2984,2984,0.00409209062227917,0.0162960385795792
0.720017513073493,0.39130930092273,2985,2985,0.00683475350896554,0.0106844146030504
0.714830328103376,0.394313370413862,2986,2986,0.00599427405294096,0.0164171969931234
0.722861068979418,0.387753502787176,2987,2987,0.0103694099300669,0.00794389368873588
0.717795410800194,0.39482608158722,2988,2988,0.00869955537206147,0.0137838318389487
0.721574557115113,0.391207334909093,2989,2989,0.00523232972871712,0.00913140183290211
0.720122626386811,0.392658396973756,2990,2990,0.00205272598154037,0.0108731761848086
0.723266784327284,0.390861228197883,2991,2991,0.00362153900484468,0.00740517821163122
0.720218860785775,0.393571278203004,2992,2992,0.00407850572454383,0.0110696120535721
0.725982830355368,0.38886821450425,2993,2993,0.00743923069636404,0.00465795202297378
0.723033585479599,0.391682930108791,2994,2994,0.00407684550500749,0.00780720858324435
0.72481039170495,0.391422439387814,2995,2995,0.00179579948161336,0.00602730127573222
0.724327326185989,0.390916489118452,2996,2996,0.000699526962079209,0.00637177169098584
0.727924339261567,0.388380976618853,2997,2997,0.00440083250095954,0.00294056401403952
0.72640083163827,0.388793393256332,2998,2998,0.00157834183911934,0.0042611219189078
0.729452095856139,0.387268865426699,2999,2999,0.0034109233985202,0.00263861746826119
0.724255744565747,0.390279859317797,3000,3000,0.00600567656017038,0.00634829922310988
