"H","C","epoch","t","velocity","dist_to_limit"
0.996843993680011,0.0056576908214339,1,1,NA,0.853360569189836
0.345685437774039,0.264150363207672,2,2,0.700589699186999,0.234947887028631
0.114216091566644,0.102778242989099,3,3,0.282168423849155,0.0472246424083893
0.0878429565991935,0.0808501936398095,4,4,0.0342984197343882,0.0814704539945768
0.0801088975386287,0.0739209058867063,5,5,0.0103841561196667,0.0918258060177663
0.0769172528166386,0.0712830656614345,6,6,0.00414062761975393,0.0959646177268451
0.0785127260338054,0.0723735750121617,7,7,0.0019325489465263,0.0940358756711357
0.0781564208389265,0.0720544267731018,8,8,0.00047833982731177,0.0945131330998975
0.0858403586853448,0.078414230602362,9,9,0.00997446768375597,0.0845430556416119
0.0874771830044892,0.0798273895549673,10,10,0.00216245510405898,0.0823836207928239
0.0931049949696634,0.084440700881371,11,11,0.00727701236151778,0.0751097394271917
0.0901022854529374,0.0820193987286107,12,12,0.00385732660748325,0.0789661225137673
0.0912155878158347,0.0826952967531903,13,13,0.00130241325655999,0.0776719189494532
0.0923374040162457,0.0836658347070617,14,14,0.00148337975832538,0.0761907693712364
0.0954128783023785,0.0858626551712529,15,15,0.0037794923252407,0.0724140861557481
0.0939799301039726,0.0847848919046906,16,16,0.00179301818118659,0.0742069088418997
0.0955748473748295,0.085979976538753,17,17,0.00199298479257864,0.0722141991956871
0.095753126846651,0.0862012543197852,18,18,0.000284160916474247,0.0719377268712128
0.0987811514116225,0.0883882252756435,19,19,0.00373520745445796,0.0682047289475097
0.102129024103649,0.0910932643237179,20,20,0.00430412451186311,0.0639014133784493
0.105960816307378,0.0940515722214974,21,21,0.00484089011552914,0.0590605348331998
0.108115526335607,0.095835164594249,22,22,0.00279713729693183,0.0562648734671281
0.105135794289869,0.0932896236788534,23,23,0.00391900263030667,0.0601795109269407
0.108391076849641,0.0959933416588267,24,24,0.00423166107565227,0.0559501460298261
0.109906389538946,0.0969503890269752,25,25,0.0017922366504589,0.0541663657180501
0.112113751407264,0.0982144544374471,26,26,0.00254367996801024,0.0516495500224478
0.113878744277753,0.0997696427642941,27,27,0.00235240527223436,0.0493006352390437
0.109224388110822,0.0964377659325704,28,28,0.00572402258472342,0.055019411994639
0.111359060526428,0.098001694504284,29,29,0.00264626130595061,0.0523743625465017
0.111497502801671,0.0979096529408753,30,30,0.000166246542728384,0.0523221866302501
0.107247283621113,0.0948467372455807,31,31,0.005238875417422,0.0575568868288004
0.105423843228442,0.0938326072260881,32,32,0.00208647898672789,0.059619236392531
0.105608892734315,0.093672793767715,33,33,0.000244506975567117,0.0595708236267237
0.10870319554908,0.0959787113339204,34,34,0.00385901097842394,0.0557126972075227
0.110869761722696,0.097551141906168,35,35,0.00267704069621567,0.053037355065267
0.113444147204352,0.099340995557037,36,36,0.00313544840488458,0.0499072789884663
0.114167770658411,0.0996332129253158,37,37,0.000780398547914606,0.0491586481864916
0.113170181808763,0.0994599200066148,38,38,0.00101252849274122,0.0500494147211525
0.112334906913138,0.0989615994718989,39,39,0.00097262917218315,0.0510146320144091
0.112226926762272,0.0991821838909451,40,40,0.000245595600341164,0.0509651951623932
0.110813176915351,0.0979799849259198,41,41,0.00185579389512371,0.0528188259675382
0.111602281739405,0.0985917098755665,42,42,0.000998445710775781,0.051820382654882
0.114099010213502,0.100015725312966,43,43,0.0028742778291801,0.0489754025774259
0.116624271455017,0.101762094022434,44,44,0.00307030096363633,0.0459110581769021
0.115896241630611,0.101145047971221,45,45,0.000954344410860904,0.0468648721968842
0.117442349640056,0.102537085902254,46,46,0.00208043735265106,0.0447887446963521
0.117130149258199,0.10219104858118,47,47,0.000466058908302297,0.0452481846573497
0.117165601342971,0.10223955063073,48,48,6.00774427316753e-05,0.0451902980944207
0.119984023971945,0.104350888587983,49,49,0.00352154143596949,0.0416700077618238
0.118568523604487,0.103393652225402,50,50,0.00170878399574641,0.0433740422102705
0.120666248324796,0.105038433712278,51,51,0.00266566223324759,0.0407083906871281
0.123636877429487,0.106926364252626,52,52,0.00351978962479582,0.0372085217757443
0.122911069456709,0.106493894011003,53,53,0.000844883260124827,0.0380453061815225
0.125206011792639,0.108321855432311,54,54,0.00293397397449922,0.0351113372212555
0.120542727119536,0.104856038053753,55,55,0.00581017332305277,0.0409183880773605
0.121717119476822,0.106097082280608,56,56,0.00170862171994331,0.0392280821977972
0.121855608697474,0.105972043804473,57,57,0.000186584792389736,0.0391963746482937
0.126417533308237,0.109610747342733,58,58,0.00583535085437246,0.0333611206678574
0.130290332083708,0.112034622765601,59,59,0.00456877909521496,0.0288230652297644
0.132284718955823,0.113505042117915,60,60,0.00247784423790609,0.0263484472188123
0.134583723679126,0.115124581810747,61,61,0.00281217558741077,0.0235451158743253
0.132308534604703,0.113487880558309,62,62,0.00280272658568487,0.0263409815727025
0.129644842432719,0.111541720627339,63,63,0.00329890807146971,0.0296348255345502
0.127567891215814,0.110216232481992,64,64,0.00246386793088741,0.0320836124247393
0.124644765841658,0.108212614420157,65,65,0.00354388872437368,0.0356188800593791
0.126330245776208,0.109185295180757,66,66,0.00194600885707352,0.0336940772286254
0.128837435481817,0.110612689025561,67,67,0.00288503958518706,0.0308482186024874
0.125670276013229,0.10868178225895,68,68,0.00370935304882211,0.034523962594478
0.127143163521613,0.1095037970906,69,69,0.00168674419987286,0.0328615155506661
0.128548397761828,0.110426141566906,70,70,0.00168089339425412,0.0311899055581196
0.126169645129307,0.108746562824527,71,71,0.00291194931937023,0.0340945687615063
0.126853677409482,0.109469027141791,72,72,0.000994914493834508,0.0331083345399135
0.127438198459635,0.109619240671679,73,73,0.000603513846264906,0.0325599721330314
0.123794429882161,0.106971839076069,74,74,0.0045039743177142,0.0370573138198715
0.125750540953555,0.108182289133,75,75,0.00230033907586553,0.0347761264317765
0.128304223925062,0.110276998469697,76,76,0.00330289326563995,0.0314732335744353
0.130920843307265,0.111893192210168,77,77,0.00307551283496895,0.0284283494685376
0.127119260255895,0.109271646061137,78,78,0.0046178499226332,0.033027028155364
0.12594656146743,0.108190929772412,79,79,0.00159473199791781,0.034619345990891
0.123116721314181,0.106548607711541,80,80,0.00327188279810926,0.0378506065580155
0.128351994531153,0.110079405110738,81,81,0.00631463505917176,0.0315622398936114
0.125946610824898,0.108740770774999,82,82,0.00275278271193681,0.0342715720584516
0.127597518216252,0.110100585846348,83,83,0.00213882964330891,0.0321328687553937
0.124852732987618,0.108001594762111,84,84,0.00345537400624563,0.0355872731250754
0.1300031881323,0.111355974450722,85,85,0.00614646656972511,0.0294765017362709
0.126265392453017,0.10864685435728,86,86,0.00461632410265557,0.0340834317101187
0.1299680126908,0.11118317187791,87,87,0.00448801773511377,0.0296144702450047
0.128956861973875,0.110210613448041,88,88,0.00140295961162331,0.0310144744595443
0.1319421016988,0.111766382646643,89,89,0.00336631460422063,0.0277407453402597
0.129982109343717,0.110495643882929,90,90,0.00233588249652815,0.0300511078987417
0.134172974696196,0.113453617984497,91,91,0.00512961628079091,0.0249540605067428
0.129112521281225,0.110582972228065,92,92,0.0058179717964271,0.0306556273330171
0.128345853415534,0.110020573894386,93,93,0.000950826746577295,0.0316045881017982
0.129558563789926,0.111045777087762,94,94,0.001587988677499,0.0300166427470772
0.132063428712967,0.112607936314682,95,95,0.00295206533344581,0.0270950587096411
0.130161993224961,0.111144986128224,96,96,0.00239909986518023,0.029491032417812
0.13174402650869,0.11224684552031,97,97,0.00192793242380438,0.0275726699112393
0.130950246801507,0.112209780724879,98,98,0.000794644588855195,0.0282023474995305
0.127643259691955,0.110007148598993,99,99,0.00397338042788859,0.0321559897585062
0.126506616897541,0.109141450490331,100,100,0.00142877222027701,0.0335841447095739
0.127445599121605,0.109946253310981,101,101,0.00123668718649271,0.0323479950569517
0.126354975594314,0.108622099510434,102,102,0.00171547164528723,0.0340299173305331
0.128095510176963,0.110316674092383,103,103,0.00242920638217196,0.0316097770021736
0.130702591623599,0.111651109019564,104,104,0.00292875233576966,0.0287513528040764
0.133516687431015,0.113442899703222,105,105,0.00333611286789817,0.0254503313158857
0.12988520540938,0.110965675035831,106,106,0.00439594173371114,0.0298180788785415
0.126838412228298,0.108964603903665,107,107,0.00364516588981567,0.0334390247267809
0.127813285014486,0.10970347397395,108,108,0.00122323584398609,0.0322168803800213
0.129296978081694,0.11062273204013,109,109,0.00174538835504227,0.0304887529379254
0.12640378272463,0.108657478703735,110,110,0.00349754200122685,0.0339697503185915
0.130990820575555,0.111942595984354,111,111,0.00564206626983724,0.0283430166830487
0.128769412426831,0.110154320549982,112,112,0.00285176843246316,0.0311940109223407
0.129166823531207,0.11064906976193,113,113,0.000634596224858597,0.0305715722817217
0.127062768981851,0.108959453072971,114,114,0.0026984903376292,0.0332695952053791
0.130492313638068,0.111267914678193,115,115,0.00413409863595145,0.0291600109228312
0.128505236354654,0.110128696864412,116,116,0.00229047884895261,0.0314129313431052
0.127889159230058,0.109837969341704,117,117,0.000681229415035911,0.0320727109896031
0.126261407826747,0.108548755151593,118,118,0.00207645078414178,0.0341487713204121
0.130631028122704,0.111607075463824,119,119,0.00533356397383964,0.0288344135459405
0.132665429117059,0.112922755872574,120,120,0.00242276749685236,0.0264336140605654
0.13144370271884,0.112168322548032,121,121,0.0014358917205992,0.0278517437030257
0.131389314489685,0.112187284212964,122,122,5.7598821234858e-05,0.0278808456185714
0.132004740210318,0.112831432403683,123,123,0.000890884790095392,0.0269948780845293
0.125996080195912,0.108985557647281,124,124,0.00713405549534414,0.0340798001031646
0.128662511893683,0.111076621655846,125,125,0.00338857000618222,0.0306913745816734
0.132142393203886,0.113165006152928,126,126,0.00405843858407984,0.026674990868255
0.132165293695772,0.112955156448237,127,127,0.000211095549662941,0.0267923885290065
0.130471398322573,0.111866933960597,128,128,0.00201333298734973,0.0287897543983401
0.130856153304857,0.112044504081731,129,129,0.000423754108312449,0.0283804742920809
0.128246813189217,0.1101876989971,130,130,0.00320255850241616,0.0315742895394114
0.12441480321679,0.107795041059874,131,131,0.00451764456695613,0.036058377264776
0.12385668807792,0.107640449807415,132,132,0.000579129487741758,0.0365920333350872
0.125055008274918,0.108126866148605,133,133,0.00129327961072208,0.0353510957968268
0.122774323420839,0.106672576352704,134,134,0.00270489966802595,0.0380412090294173
0.125026523772764,0.10808179899848,135,135,0.0026567489325448,0.0354015208758345
0.126777744786395,0.109406056548715,136,136,0.00219554847314598,0.0332069713144769
0.126892344880828,0.10948516666457,137,137,0.000139253696808112,0.033068104501598
0.126237581911026,0.108958484710601,138,138,0.000840302580776733,0.0339084061570771
0.129097503407756,0.110855296507503,139,139,0.00343177009141391,0.0304932198664435
0.126882448488468,0.109331461726623,140,140,0.00268859456498807,0.0331725188072505
0.126791761297156,0.109563600829091,141,141,0.000249224255566382,0.0330973648719992
0.126447365040179,0.109148365723412,142,142,0.000539471013872078,0.033625910378101
0.124367755105918,0.107742314385374,143,143,0.00251033022606109,0.0361280261112395
0.122807645427344,0.106546615211525,144,144,0.00196561408305951,0.0380933160547453
0.123423243065572,0.10679479112608,145,145,0.000663740715006124,0.0374574629994216
0.125552518639099,0.108320317239704,146,146,0.00261935953839254,0.0348423571639173
0.124820554808318,0.108180646340798,147,147,0.000745170456723176,0.0355008072931444
0.124612141011672,0.108021896452711,148,148,0.000261988239430635,0.0357627439707042
0.121343582742747,0.105615529932107,149,149,0.00405882655318517,0.0398191959581002
0.121281129941347,0.105714219883364,150,150,0.000116790662648456,0.0398073761665985
0.125261739149644,0.108462859626323,151,151,0.00483738256764475,0.0349798331983578
0.123017148968028,0.106807340471467,152,152,0.00278907309970498,0.0377671484902656
0.125342830345105,0.108897160762364,153,153,0.00312668238168219,0.0346470939166131
0.119450643153812,0.104469844979097,154,154,0.00737014212495237,0.0420160630472768
0.118208658200211,0.103510315047885,155,155,0.00156946625126579,0.0435855233892947
0.121329144729313,0.105576696888088,156,156,0.00374264212660357,0.0398545696738075
0.125348111999165,0.108249856550046,157,157,0.00482678780292425,0.0350456234370979
0.122558229442658,0.106537669199699,158,158,0.00327338207390865,0.0382944169550532
0.122922793377342,0.106512357313319,159,159,0.000365441587759598,0.0380246205588118
0.124162752082172,0.107525897512002,160,160,0.00160148722256199,0.0364232355346196
0.12115972980214,0.105446237701217,161,161,0.00365282462526784,0.0400683806702805
0.12039640443988,0.105012432988916,162,162,0.000877981854643959,0.0409366201871076
0.121474175205454,0.106018492029764,163,163,0.00147436244417632,0.0394680019078687
0.119840546063901,0.105106452194962,164,164,0.0018709785761456,0.0413184125178567
0.122808830056446,0.107262055895481,165,165,0.00366842434487785,0.0376513605177259
0.126491565017469,0.109737420696261,166,166,0.00443733790578029,0.0332246322058513
0.125064537338251,0.10884211655999,167,167,0.00168462977941027,0.034900411865091
0.126339294324201,0.109709167254147,168,168,0.00154168164011436,0.0333619371209916
0.127236964194638,0.110179612815334,169,169,0.00101347433234904,0.0323654494444684
0.12083682579501,0.105825228782233,170,170,0.00774095807003949,0.0400904530105137
0.127280854711403,0.110522958980759,171,171,0.00797459576990854,0.0321190129714075
0.127173329890508,0.110421863495439,172,172,0.000147586870217289,0.0322659618477243
0.127544764161101,0.110122013936826,173,173,0.000477360634291868,0.0321605637440833
0.124998911595562,0.108561088025635,174,174,0.0029862777810666,0.0351250950659755
0.125887600602297,0.109334274424175,175,175,0.00117795813065636,0.0339486890005159
0.126539815783126,0.109809965964356,176,176,0.000807258994067763,0.0331418976863365
0.127819506556168,0.11079145578359,177,177,0.00161274013401666,0.031529247977388
0.128266215760792,0.110981397646738,178,178,0.000485414281693282,0.0310607930244417
0.12690923861684,0.109771533032224,179,179,0.00181800972347732,0.0328758192195669
0.124912993948241,0.108440766463754,180,180,0.00239915244131544,0.0352669974841236
0.12277172791477,0.106855018331729,181,181,0.00266451071762098,0.0379304463185012
0.12182982450871,0.106451639944561,182,182,0.001024644401527,0.0389215356523032
0.122844894655776,0.107224456927201,183,183,0.00127577956251111,0.037645789985877
0.125180235026971,0.108815890311142,184,184,0.00282603518464567,0.0348252453783444
0.123752822322251,0.108074182486973,185,185,0.00160861354154151,0.0364079569397828
0.122627269204359,0.107164147153974,186,186,0.00144742327206088,0.0378549454122694
0.122070102403654,0.106898105989822,187,187,0.000617424282670603,0.0384589700602847
0.120360713267976,0.105845404839438,188,188,0.0020075335437277,0.0404568669230547
0.11942842654535,0.105273760723019,189,189,0.00109358837275384,0.0415453976654963
0.122072976602446,0.106969487334417,190,190,0.00314151774546802,0.0384133833375235
0.123646412613021,0.108066315412216,191,191,0.00191800227101594,0.0364971888072989
0.123114956443329,0.10787361081174,192,192,0.000565314711774319,0.0370367238717975
0.124725864725354,0.108740133942727,193,193,0.00182917681748787,0.0352306712335256
0.12361701377797,0.10807216984275,194,194,0.00129449853702979,0.0365169820767114
0.122625644872391,0.107477281253219,195,195,0.00115615947901024,0.0376660903646974
0.120947034754926,0.10626719411981,196,196,0.00206930973923623,0.0397348038864057
0.12327091383289,0.108211651606624,197,197,0.00303007077261084,0.0367086315693673
0.122269271927133,0.107384781334878,198,198,0.00129884600845032,0.0380061418641491
0.122117810112446,0.107342768060454,199,199,0.00015718077661119,0.0381524460868656
0.123693358159547,0.108434063821811,200,200,0.00191657978896716,0.0362373423375266
0.124115683558954,0.108798753916502,201,201,0.000557994272506473,0.0356805912696297
0.12241596033098,0.107293796311719,202,202,0.00227023268497026,0.0379440501624187
0.123115381846744,0.107755170557676,203,203,0.000837888209456923,0.0371080638941074
0.121451058794583,0.10661123932384,204,204,0.00201954199998456,0.039125296773563
0.121938234625587,0.10682797848124,205,205,0.000533213046225424,0.0386063347493548
0.120365813226172,0.105592406895038,206,206,0.0019997865391003,0.0406059319279332
0.12117192605336,0.106199396892217,207,207,0.00100908609485596,0.0395968725136677
0.121335009485951,0.106299805951927,208,208,0.000191515496128962,0.0394063357003861
0.119699328602053,0.105072481994541,209,209,0.00204493913120237,0.0414511863639637
0.120377681414157,0.10560662730707,210,210,0.000863408218970445,0.0405878674083568
0.120335503108684,0.105507882183823,211,211,0.000107376016026323,0.0406813702092538
0.120299507600139,0.105493933968358,212,212,3.86034888322612e-05,0.0407184276425645
0.121390892579592,0.106291336589388,213,213,0.00135165532344607,0.0393671271532727
0.119824737828315,0.105245777948955,214,214,0.00188309149420109,0.0412463471747984
0.12083962221158,0.10589951771536,215,215,0.00120721414569835,0.040043016132456
0.122804784632639,0.1073344948047,216,216,0.00243331514359994,0.0376103842655383
0.121701755890954,0.106840807983008,217,217,0.00120846972775327,0.0387868410772767
0.120892014925655,0.10632423457517,218,218,0.000960483480632514,0.0397443211204357
0.121596677933873,0.10679553333607,219,219,0.000847745526191147,0.0388979578616348
0.122642038450126,0.107317007800335,220,220,0.00116820983809485,0.0377501843087363
0.122593116620292,0.107270997688002,221,221,6.7158587471465e-05,0.0378169956247587
0.125261528470882,0.108973390278811,222,222,0.00316521126271277,0.0346643147456222
0.123450211324384,0.108037077114676,223,223,0.00203900763768228,0.0366708842315071
0.122370197386448,0.107189675150107,224,224,0.00137277827623111,0.0380435215783227
0.121549008752823,0.106490390083992,225,225,0.00107858721283286,0.0391205702873737
0.122156657871924,0.106943524602844,226,226,0.000758002865508796,0.038362622733572
0.12329374739035,0.107832589384389,227,227,0.00144340180085092,0.0369193058064573
0.127239397076276,0.110703157149697,228,228,0.00487937606044748,0.0320414921095819
0.125942156610418,0.10977014917735,229,229,0.0015979163628681,0.0336385990051296
0.127620658743736,0.110754534089368,230,230,0.00194586306469916,0.0317086333865315
0.127989737845242,0.111094088526796,231,231,0.000501514306022768,0.031208813722882
0.129316149111573,0.112004305617933,232,232,0.00160868331266536,0.0296031265115212
0.129737712554207,0.112308453417615,233,233,0.000519828452681402,0.0290837025530296
0.130472950682079,0.112728952709999,234,234,0.000846991593566228,0.0282458996668919
0.129015904544874,0.111896299045761,235,235,0.00167818222208267,0.0299062979214958
0.131172277446101,0.113246444500317,236,236,0.00254417704525547,0.0273763869007674
0.129481855296994,0.112100483715823,237,237,0.0020422421897978,0.0294133699294907
0.128476366231521,0.111496613917568,238,238,0.00117288831268327,0.030577575094446
0.125825085549083,0.109587243035805,239,239,0.00326725977252978,0.0338429103834072
0.12559644497338,0.109273110505187,240,240,0.000388530255772782,0.0342159570452346
0.123908108555281,0.108553426951697,241,241,0.00183532674961291,0.0359940258686401
0.124207158068555,0.108680236104815,242,242,0.000324824833878667,0.0356790624054778
0.123493622503797,0.108140965565263,243,243,0.000894396845367854,0.036573457468429
0.125499524199181,0.109397364410694,244,244,0.0023668924078514,0.0342167120726717
0.124786201916104,0.108920141325966,245,245,0.000858236885790105,0.0350731415253279
0.125612458068825,0.109387890887469,246,246,0.000949467683597163,0.0341330327491957
0.128066444003162,0.111227335780561,247,247,0.00306685579717169,0.0310665240651143
0.127970620813066,0.111292603021591,248,248,0.000115939193165299,0.0311025130593185
0.127280026622352,0.110866222384758,249,249,0.000811616155404371,0.0319099912258777
0.128269964307969,0.111525303986158,250,250,0.00118927086011051,0.0307233664869768
0.126294042750348,0.110231549166983,251,251,0.00236179328773931,0.0330788825156516
0.127302596747486,0.111023055974784,252,252,0.00128205467587688,0.0317969861923415
0.125863958978635,0.110080688732709,253,253,0.00171980657310634,0.0335128584946872
0.126557872204466,0.110489680833748,254,254,0.000805475079499835,0.0327126669495874
0.125269717370307,0.109637014446635,255,255,0.00154479216870032,0.034254450839114
0.126942296627934,0.110672264330266,256,256,0.00196704440585349,0.0322961294798631
0.126700322200289,0.110683290757176,257,257,0.000242225526574818,0.0324822624833058
0.127509703272787,0.111197408576825,258,258,0.000958861227185003,0.0315266077171169
0.125025672574396,0.109720159379362,259,259,0.00289009925468866,0.0343999899855677
0.127441177122487,0.111158054183158,260,260,0.00281108585579145,0.0316049893627502
0.127289492917378,0.111127243448121,261,261,0.000154781780171367,0.0317445526330274
0.126814724413626,0.110613067488505,262,262,0.000699844303829228,0.0324334884613841
0.125696994529295,0.109917361193388,263,263,0.00131655890236309,0.033744509549033
0.126791224327834,0.110540623506764,264,264,0.00125928343246708,0.0324960824425601
0.125357840052604,0.109686483028188,265,265,0.00166857617075769,0.0341543038452733
0.12724096324352,0.110986513896749,266,266,0.00228828171591195,0.0318681726089845
0.126125809142568,0.110372216201822,267,267,0.0012731576205884,0.0331283727931418
0.126449448669833,0.110337221806709,268,268,0.000325525961019944,0.0328912161339308
0.12562791569604,0.109727980974306,269,269,0.00102278581281574,0.0339139281923019
0.127925369910368,0.111198795371504,270,270,0.00272792794221857,0.0311955993154232
0.128383369773595,0.111547470534721,271,271,0.000575619878184582,0.0306199909269025
0.128478344222137,0.111690801759624,272,272,0.000171941809656812,0.0304572953677244
0.127640641551107,0.111134150591789,273,273,0.00100578640262415,0.0314607815866087
0.129527957449947,0.112406578441498,274,274,0.00227618846643401,0.0291889866776146
0.130910374904517,0.113258807503152,275,275,0.00162399888923262,0.0275745060780532
0.131774165785121,0.114038878410956,276,276,0.00116389230885735,0.0264136413529322
0.132337897666463,0.114518891120347,277,277,0.000740409234962553,0.0256739882897988
0.132862032322583,0.11489331623314,278,278,0.000644136090307451,0.0250303600118081
0.133078227502553,0.114993398681383,279,279,0.000238236966670927,0.0247982911775378
0.134885573671173,0.116053904783737,280,280,0.00209551267387077,0.0227226956857828
0.135422107136702,0.116580050723141,281,281,0.000751463711156302,0.0219751763105796
0.134363438129993,0.115695751552637,282,282,0.00137940751365247,0.0233541940268789
0.134249492091668,0.115761721719501,283,283,0.000131665343070836,0.0234025148897317
0.133786678683093,0.115349794315062,284,284,0.000619580856453761,0.0240210205014805
0.130720152347027,0.113602366344249,285,285,0.0035294600554426,0.0275153561256866
0.130814599506273,0.11343136042586,286,286,0.000195354267968884,0.0275443007370071
0.130327465842421,0.112962767347788,287,287,0.000675928013381812,0.0282163009037043
0.131081742919539,0.113535689241498,288,288,0.00094719238033067,0.027269156030432
0.128324097484127,0.111767195060809,289,289,0.00327600061272476,0.0305334373487497
0.128963278012569,0.112152106739328,290,290,0.000746129176616666,0.0297917767378366
0.128895910657636,0.1119829671635,291,291,0.000182061958195168,0.0299481842625302
0.130475702274487,0.112941482585316,292,292,0.00184783477793102,0.0281123911327601
0.128994576260342,0.112338688895315,293,293,0.00159909177425174,0.0296538510727997
0.130583847837087,0.113262672343253,294,294,0.00183834968292499,0.0278300438351274
0.129542434947004,0.112549093313298,295,295,0.00126243250893719,0.029090593861296
0.13068531979084,0.113179836825557,296,296,0.00130538237483388,0.0278005242539829
0.131210218341219,0.113653854119455,297,297,0.00070725588233984,0.0270952196889679
0.131329035150462,0.113510888091117,298,298,0.0001858943770459,0.0270895066170746
0.131778742805274,0.114059827087033,299,299,0.000709627364208454,0.0263971741630915
0.132419569179285,0.114397764887092,300,300,0.000724472496604206,0.0256840756965758
0.132057925714551,0.113870296009762,301,301,0.000639538436792998,0.0262948742935119
0.132509111555064,0.114275642050684,302,302,0.000606526236506605,0.0256894447646316
0.132461993314032,0.114272067300115,303,303,4.725365043708e-05,0.0257285819673799
0.133798779132869,0.115248065271287,304,304,0.00165516415052283,0.0240747908034971
0.132795792844779,0.114589382888151,305,305,0.00119993498821825,0.0252699259642299
0.132886124746789,0.114773601166625,306,306,0.000205173649975941,0.0250850218024527
0.132823327709218,0.114729482800853,307,307,7.67456717085336e-05,0.0251616622902511
0.134253411837722,0.11555725196298,308,308,0.00165237477600185,0.023526588181282
0.134558881218045,0.115897636039104,309,309,0.000457354197087838,0.0230755589377472
0.1365311260669,0.117207010156477,310,310,0.00236732133920991,0.0207178004960931
0.134063842856814,0.1152865915974,311,311,0.00312657862220263,0.0238438578986145
0.136003186385403,0.116394483370863,312,312,0.00223348998287064,0.0216415843361393
0.136444767697446,0.116911507845492,313,313,0.000679932616154547,0.0209716659874192
0.137341045065338,0.117672848988009,314,314,0.00117599041470811,0.0197958125196258
0.137521516033133,0.117787638862224,315,315,0.000213884280486707,0.0195835340895646
0.136284058905165,0.117151917293595,316,316,0.00139120165913492,0.0209447470031496
0.135343644818294,0.116574467175124,317,317,0.00110355212568631,0.0220401273785
0.135755424093805,0.116785797098129,318,318,0.000462841774364883,0.0215862629088278
0.135055874118739,0.116510513548085,319,319,0.000751765389293595,0.0223058532445961
0.134621500713092,0.116159805833042,320,320,0.000558279640434595,0.0228640664701301
0.131378997284893,0.113840353552962,321,321,0.00398668877158067,0.0268476090861555
0.132480859099401,0.114578364195574,322,322,0.00132618217710755,0.0255245984390264
0.13052255881174,0.113433863794638,323,323,0.00226821982717565,0.0277746336966703
0.131266770245112,0.113741912865966,324,324,0.000805447011234657,0.0269966029189462
0.132579485954636,0.114847913464608,325,325,0.00171652551924787,0.0252817087751299
0.132852745143214,0.114835089146176,326,326,0.000273559951903618,0.0250734502213417
0.132852466058973,0.114850874110316,327,327,1.57874311064594e-05,0.025063968956554
0.13374540475789,0.115335418232911,328,328,0.00101593431222966,0.0240623159492621
0.132806005612746,0.114908313329943,329,329,0.00103193476152195,0.0250654441808573
0.132796718372843,0.114640479689922,330,330,0.000267994611050589,0.025237563806109
0.132105069004598,0.114222149971416,331,331,0.000808318379092371,0.0260399754706337
0.132668883905158,0.114422003575817,332,332,0.000598187851167895,0.0254733112282545
0.13281176075447,0.114635869597773,333,333,0.000257201223591521,0.0252285985566994
0.132605672504211,0.114302794319137,334,334,0.000391677811643578,0.0255969682510111
0.13389971636526,0.115109366011485,335,335,0.00152483028866048,0.0240828869122867
0.134028818140715,0.115401406970517,336,336,0.000319304228250379,0.0237993332805036
0.134468300147318,0.115884661847721,337,337,0.000653207249246883,0.0231546026452262
0.134296106642256,0.115589643391588,338,338,0.000341594046559268,0.023473014114746
0.132340607998336,0.114248087446724,339,339,0.00237144413798316,0.0258386766632512
0.133171189478236,0.11476400070905,340,340,0.000977768934359278,0.0248672781754607
0.13317188231819,0.114745402002215,341,341,1.86116072152605e-05,0.0248783230000965
0.132125073119171,0.114171081625545,342,342,0.00119400728398453,0.0260556961516788
0.133633648317437,0.11489709248337,343,343,0.00167418365017125,0.0244232506582246
0.135099797065125,0.115834936392813,344,344,0.00174044343453864,0.0226942769369638
0.135507632277933,0.116415725404688,345,345,0.000709679813099346,0.0220111868686261
0.135492292651607,0.11652476158956,346,346,0.000110109916661841,0.0219547897759025
0.134965168248162,0.116215959002649,347,347,0.000610916667303976,0.0225594324807037
0.136175971839512,0.116965097264323,348,348,0.00142381651624422,0.0211460667975888
0.134465403589825,0.115905992142128,349,349,0.00201190143811716,0.0231436480661751
0.134490012407929,0.11576327723271,350,350,0.000144821059582069,0.0232131377987167
0.134234945981386,0.115442385288737,351,351,0.000409915261555708,0.0236128765585204
0.134723414506394,0.115798779407926,352,352,0.000604663764513606,0.0230089129014807
0.133198042673119,0.114724157627137,353,353,0.00186589688929901,0.0248711262672672
0.134224949091668,0.115595711210644,354,354,0.0013469010510731,0.0235248475957136
0.133975459847731,0.115387457798726,355,355,0.000324983640228058,0.0238497459676308
0.133947968428501,0.115115045769272,356,356,0.000273795712023373,0.0240418067636548
0.133274646949202,0.11498896483093,357,357,0.00068502424592041,0.0246464866423301
0.135901601739755,0.116527523772499,358,358,0.00304434805636402,0.021635088854225
0.132429270032973,0.114400641788451,359,359,0.00407194234438411,0.025674667687169
0.135135424218179,0.116121981117906,360,360,0.00320722302954358,0.0224853126798602
0.135054742580354,0.115974255089322,361,361,0.000168322625345795,0.0226409905054059
0.131850104879775,0.113954064973504,362,362,0.00378825433359713,0.0264059854672786
0.132557217040154,0.114126517651052,363,363,0.000727837573465989,0.0257449193295866
0.134867711222081,0.116096941006168,364,364,0.00303660197640497,0.0227097996906882
0.134410187264899,0.115587723470362,365,365,0.000684566045146874,0.0233852329635514
0.135131133679887,0.115998164348936,366,366,0.000829593543905349,0.0225666425016883
0.133376424222058,0.115024975621996,367,367,0.00200651478430604,0.0245442946390171
0.133407418116756,0.114942944197686,368,368,8.76913683478499e-05,0.0245710119534916
0.132343216011451,0.114310404479085,369,369,0.00123799540247266,0.0257980789586664
0.132269396802843,0.114377475289828,370,370,9.9738504165371e-05,0.0258148682629782
0.132407293356933,0.114668086119775,371,371,0.00032166770759946,0.025527840236272
0.132420386273537,0.114508696681418,372,372,0.000159926287786132,0.0256151118268602
0.132102055459837,0.114350536347041,373,373,0.000355456324069369,0.0259635310874347
0.132149521972148,0.114447419483491,374,374,0.000107886106238345,0.0258667199397354
0.132487993073719,0.114372239111661,375,375,0.000346720023804389,0.0256460701788847
0.135498172701238,0.116344990536366,376,376,0.00359901786236254,0.02206305725884
0.135030706146943,0.116446205128433,377,377,0.000478298414205876,0.0223653193519576
0.135713854650378,0.116689113555738,378,378,0.000725049227157211,0.0216791176217494
0.136379134614892,0.117267947507732,379,379,0.000881842488863749,0.0207980180613642
0.137000758548295,0.117564178575004,380,380,0.000688599418963141,0.0201280679827979
0.135643422967149,0.117047439649633,381,381,0.00145237013079894,0.021512356670939
0.137054537934004,0.117847228590648,382,382,0.00162200733655892,0.0199087860122901
0.137167588287637,0.117987548433818,383,383,0.00018019445286602,0.0197329760662482
0.139524604403102,0.119315421670057,384,384,0.00270532295670616,0.0170664210145343
0.138833023694831,0.118923594587995,385,385,0.000794866239243552,0.0178490180698009
0.139560451546264,0.11950637538476,386,386,0.000932086227834082,0.0169170028621902
0.137894984616342,0.118458630282087,387,387,0.00196762544576977,0.0188705208035204
0.135845924207927,0.117057160669069,388,388,0.00248249181943173,0.0213468308155259
0.137369183273299,0.118175370626252,389,389,0.00188963268615356,0.0194583265075813
0.139129755280488,0.11918093130016,390,390,0.00202750241958129,0.0174563894484572
0.141802528284477,0.120719817835578,391,391,0.00308413477327876,0.0144227025897637
0.140319352472289,0.119827301892026,392,392,0.00173100987846847,0.0161286799240048
0.139732719734246,0.11953315388491,393,393,0.000656247681469397,0.016767164189339
0.139833041528914,0.119609789946937,394,394,0.00012624400377209,0.016641027477635
0.139719578327887,0.119271065981548,395,395,0.000357222371522544,0.0169458897921033
0.140659924919626,0.119948983589541,396,396,0.00115923422819626,0.0157906531362677
0.138692289032436,0.118362441308759,397,397,0.00252758924536171,0.018317119050164
0.14155622284972,0.120216487034912,398,398,0.00341168616148278,0.0149417152076034
0.139325350479926,0.11877480805954,399,399,0.00265616825490023,0.0175681351969681
0.138737399189556,0.1182717613872,400,400,0.000773784643424858,0.0183419137296167
0.13778840411685,0.117692047663784,401,401,0.00111205199929595,0.0194400209687709
0.139145056826988,0.118623124888876,402,402,0.0016454213366216,0.0178037306377605
0.138196098750909,0.118232696052759,403,403,0.00102613649492931,0.0187801485201871
0.139076723585025,0.118957255162803,404,404,0.0011403885313388,0.0176397810903579
0.140522101317343,0.119731009187422,405,405,0.00163945481172635,0.0160374854657536
0.14130250199708,0.120369540002733,406,406,0.00100833864501742,0.0150296195338323
0.141778041265594,0.120602188348986,407,407,0.000529398572829435,0.014518989159694
0.140860532763594,0.120232843544954,408,408,0.000989058863520303,0.0154536614727238
0.141797557443949,0.120701363862003,409,409,0.00104762900832369,0.0144386316067362
0.141860119634157,0.120838115699792,410,410,0.000150383153252751,0.0143013962394253
0.143638865878657,0.121995531804677,411,411,0.00212215697868236,0.0122041052014596
0.143524501756883,0.121995449783529,412,412,0.000114364151186645,0.0122886387062615
0.143374647766463,0.12198055848089,413,413,0.000150592062669656,0.0124099757885215
0.143222927714119,0.121748613333084,414,414,0.000277159747931906,0.0126778661899719
0.14265997681639,0.121445670031751,415,415,0.000639287382228467,0.0132995086669864
0.143457208710955,0.12210569094135,416,416,0.00103499096364134,0.0122650919042854
0.143812593540516,0.121957636867687,417,417,0.000384991410048024,0.0121026511514741
0.143633798807416,0.122105852563013,418,418,0.000232240067442254,0.0121335138338501
0.145435028065913,0.12309966856583,419,419,0.00205720613675996,0.0101422779686694
0.143716810364541,0.121903573113193,420,420,0.00209354159288188,0.0122094885941178
0.143524873201848,0.121558147059361,421,421,0.000395169625716586,0.0125862918030148
0.145770153614229,0.123055026459705,422,422,0.00269850552517461,0.00993969644482498
0.145838543819784,0.123370634843188,423,423,0.000322933231396553,0.00966551393012838
0.148053537268541,0.124468440467694,424,424,0.0024721191652578,0.00737240776080954
0.147608719244142,0.124667310647029,425,425,0.000487249856909658,0.00750730391844473
0.148641325753174,0.125206683032358,426,426,0.0011649887435295,0.00642875124664444
0.147690597403302,0.1243826983523,427,427,0.00125810776494767,0.00766833214686436
0.147557274330734,0.12435169365603,428,428,0.000136880724975309,0.00777832760517316
0.146595290088424,0.123931304298802,429,429,0.00104982898327413,0.00873609643845577
0.148857651515326,0.125403533710832,430,430,0.00269921074901095,0.00614035854940659
0.148811366120811,0.125284058139163,431,431,0.00012812786570805,0.00626318902703873
0.152389726663999,0.127739497647683,432,432,0.00433979807791131,0.00252194170375838
0.152756007284299,0.127363661714487,433,433,0.000524799143947815,0.00288936048247328
0.155421101351652,0.129328542653597,434,434,0.00331111514337893,0.00294141371481996
0.150005974079405,0.125769576483173,435,435,0.00647995706597275,0.0051913171481437
0.15129813007637,0.127074669230108,436,436,0.00183655498109765,0.00344265622847967
0.152949843681173,0.128035313594478,437,437,0.00191075781487035,0.00223815261270054
0.150607147057596,0.126672286934501,438,438,0.00271036328670625,0.00410905733307662
0.150241605910443,0.126204079166823,439,439,0.00059400239391419,0.00469732366122833
0.152360917423627,0.127497501961934,440,440,0.00248282577254732,0.00276558248610566
0.152884489023572,0.127926102876072,441,441,0.000676628379443897,0.00233820559583805
0.155205126090747,0.129499637503228,442,442,0.00280381305018815,0.00268437960571001
0.154474330461263,0.129240207783803,443,443,0.000775477937399799,0.00210468381074735
0.153915272849042,0.129489401461109,444,444,0.00061208079743728,0.00149544399073026
0.154334659342776,0.12962334756257,445,445,0.000440257412456812,0.00181831432949449
0.156999967823801,0.131328611754382,446,446,0.00316414210535763,0.00450320238949329
0.158899455598968,0.132355117908674,447,447,0.002159112941189,0.00661546532639717
0.15870101395517,0.132469150595575,448,448,0.00022887232177631,0.00646588856014736
0.158493311993501,0.132372819410473,449,449,0.000228953711707244,0.00623777099449705
0.158173741317756,0.131971527884379,450,450,0.000512991525963579,0.00580693223207359
0.157278892539458,0.130777890056723,451,451,0.00149181956001153,0.00468092923504575
0.15838925179383,0.131633564751657,452,452,0.00140181199071774,0.00592520329366046
0.157892997202881,0.131217900891765,453,453,0.00064733690104851,0.00535338595499145
0.159460055498837,0.132077030882425,454,454,0.00178711388662779,0.0070722730422127
0.158641715052756,0.131866335301853,455,455,0.00084502882398448,0.00622728554863356
0.161535945729325,0.133440945755447,456,456,0.0032948397972829,0.00946234550094815
0.162729840967523,0.134125482673629,457,457,0.00137621823565323,0.0108198489650496
0.164154601768091,0.135112774394044,458,458,0.00173340366909622,0.012510471827783
0.165049430408957,0.135194753284847,459,459,0.000898576004048145,0.0133695781921448
0.164814683179322,0.134992991703113,460,460,0.000309538362219088,0.0130772435709164
0.161808436451866,0.133356316832592,461,461,0.00342289702125776,0.00969185763514467
0.164195558901663,0.13474124370967,462,462,0.00275977826014688,0.0124089733030012
0.165584240542435,0.135377149433108,463,463,0.00152735483386129,0.0139339541135705
0.163795849825966,0.134657674896255,464,464,0.00192768902158299,0.0120063012889077
0.16471704068488,0.135259698496048,465,465,0.00110046581648567,0.0130860587494653
0.167383703185909,0.136917715030882,466,466,0.00314008084675809,0.0161923625679549
0.163482672022106,0.134544287661542,467,467,0.00456631159892684,0.011673368491287
0.164454294754972,0.135111410548716,468,468,0.00112502404604392,0.0127866125245266
0.162922638616043,0.134039445618404,469,469,0.00186951312906261,0.0109700575530681
0.16299377489663,0.134357965466666,470,470,0.000326366763247896,0.0111502136815975
0.162802509126209,0.134022690130439,471,471,0.000385995007762066,0.0108515651493577
0.16201341488824,0.133790454661276,472,472,0.00082255883043857,0.0100311138578739
0.164924391818667,0.135828249833215,473,473,0.00355336401910241,0.0135026276329639
0.16445045222531,0.135533869494701,474,474,0.000557923401422571,0.0129496101273622
0.164979970584342,0.136231226129269,475,475,0.000875611768038666,0.0137240282983355
0.167852068406062,0.137510207163227,476,476,0.00314400037893672,0.016866720065011
0.166140276912141,0.136709149918293,477,477,0.00188995312860458,0.0149768233806707
0.168046254210788,0.137597378162373,478,478,0.00210278360192847,0.017079518513467
0.166002424106384,0.136644599377843,479,479,0.00225500086650014,0.0148246107511773
0.165721172089092,0.136388254434687,480,480,0.000380546222044687,0.0144607145794242
0.165964717412864,0.136321328441126,481,481,0.000252573580062238,0.0146537409007827
0.165200183932182,0.135853526381574,482,482,0.00089629805868609,0.0137645285244637
0.163174200426833,0.134768743898319,483,483,0.00229812145021263,0.0114736180377975
0.161500015528128,0.133775772318437,484,484,0.00194650652028266,0.0095470387105909
0.162655453329497,0.134677715390651,485,485,0.0014657891452551,0.0109616072963765
0.166299427152732,0.136805781298847,486,486,0.00421985897087127,0.0151620978227872
0.161736027307938,0.134001391702317,487,487,0.00535623180534494,0.0098504483025808
0.161911428313191,0.133475725249738,488,488,0.000554157677931733,0.00982801248338433
0.161260594386097,0.133370404028384,489,489,0.000659300660036191,0.00917937225576635
0.163745479928865,0.135264824490933,490,490,0.00312465758917323,0.0121962860519797
0.163332376650774,0.134708719646596,491,491,0.000692753142370331,0.0115959675892195
0.167286333690056,0.137018769401219,492,492,0.00457931284553922,0.0161457832688377
0.164067193033196,0.135419018768834,493,493,0.00359472789713887,0.0125529491446787
0.163361287804459,0.135501157195129,494,494,0.000710667934433494,0.0119490775525221
0.164562259786694,0.135670287987421,495,495,0.00121282271046249,0.0131075864667149
0.163204137377154,0.135058113815726,496,496,0.00148971597822652,0.0116178772066159
0.163359247116538,0.134605775633742,497,497,0.000478193331334168,0.0115816707281969
0.163169430649484,0.134615591225815,498,498,0.000190070084475205,0.0114097642452848
0.16386254096695,0.134898795938655,499,499,0.000748736817281439,0.0121584932539304
0.162471965009388,0.133622923961412,500,500,0.00188720714180145,0.0104059076837539
0.161466443671031,0.133330402618069,501,501,0.00104720671225999,0.00935998553280146
0.162076594787805,0.133996564886182,502,502,0.000903358485186366,0.010164401466714
0.158034354001985,0.13129218147879,503,503,0.00486347614209471,0.00550604651964042
0.160437999876546,0.132511905361603,504,504,0.00269541088530173,0.00813108626831057
0.162272338274494,0.13363950714929,505,505,0.00215320299781009,0.0102227485174483
0.162486727585199,0.133548438214756,506,506,0.000232929876532865,0.0103960034577073
0.160031682430945,0.133014494079144,507,507,0.0025124376707451,0.00790309147749909
0.162245508993911,0.134354429449828,508,508,0.00258775092474174,0.0104568219440939
0.161797114504141,0.13397689832433,509,509,0.000586163261537423,0.00989771160533084
0.163231263884536,0.134552219978177,510,510,0.00154524413950504,0.0114429419953488
0.166174091858507,0.136449356825128,511,511,0.00350133755876797,0.0148973731978693
0.165862154545142,0.136579638839367,512,512,0.00033805072208709,0.0146700410732626
0.164507676130977,0.136019357312306,513,513,0.00146578551091385,0.0132066191223105
0.161845438107371,0.134362241441062,514,514,0.00313584825925275,0.0100932571954627
0.1599114162077,0.132911013093498,515,515,0.0024179545953512,0.00775442104787526
0.158431374000416,0.132433012424071,516,516,0.00155531655148257,0.00620049897541734
0.160640180817101,0.133610168567998,517,517,0.00250290314247659,0.00868836666226341
0.160079603760698,0.133493218842116,518,518,0.000572646378272805,0.00812690780956597
0.157957935053427,0.131890520439047,519,519,0.00265896977692737,0.00557682851441878
0.160202986294588,0.132980398549194,520,520,0.002495614026731,0.00805217277282536
0.155664446456824,0.129799306627471,521,521,0.00554235416347841,0.00306993097161343
0.157910208570899,0.131467100680214,522,522,0.00279731737122883,0.0054207650437188
0.160690268698175,0.132981450659043,523,523,0.00316575270191014,0.00851253087359276
0.161152180455685,0.133290696390114,524,524,0.000555873541294452,0.00905040002887498
0.161302278578281,0.133578667310629,525,525,0.000324740969803728,0.00929114339093584
0.161189610826476,0.133606303132346,526,526,0.000116007590005338,0.00919609196945429
0.163464407749359,0.13524670627102,527,527,0.00280457189205953,0.0119330328066858
0.161413092541869,0.133488457121551,528,528,0.00270172799372726,0.00936310531865036
0.165116098647593,0.135581966170861,529,529,0.00425382584958132,0.0135788608849142
0.164619995690351,0.135294443861048,530,530,0.000573399705985601,0.0130098914001132
0.166287125829825,0.136654472295773,531,531,0.00215151115386491,0.0150861543813047
0.165673530658982,0.135995840559855,532,532,0.00090016376134561,0.0142549506206341
0.164234230194435,0.135585738193531,533,533,0.0014965860409985,0.0127740881344
0.164387136123646,0.136198265901201,534,534,0.00063132433491176,0.0131780741852567
0.164840506370602,0.135898616510331,535,535,0.000543446720731029,0.013455666195669
0.165184530355754,0.136047746782421,536,536,0.0003749564513561,0.0138305161288335
0.166247341314985,0.136973826275182,537,537,0.00140967739641807,0.0151887866370994
0.165385922156376,0.136220877744497,538,538,0.00114410421582963,0.0140861219049061
0.167107952676909,0.137447724737789,539,539,0.00211436578164652,0.0161703240964068
0.166396108759382,0.136838824295869,540,540,0.000936739831057453,0.0152635668190662
0.166618465434241,0.136850712992589,541,541,0.000222674273242222,0.0154695075974274
0.164544067913662,0.135794689710275,542,542,0.00232772641136676,0.013143019132914
0.164281432251323,0.136099519269014,543,543,0.000402366190196034,0.01303924239184
0.167150369654633,0.137536928908503,544,544,0.00320888583402543,0.0162481275478976
0.167738498917908,0.138275906526011,545,545,0.00094444901900415,0.0171098047100319
0.168166537729642,0.137852458402925,546,546,0.000602100936136095,0.0172987545589744
0.168493856522792,0.138397705355772,547,547,0.000635949551409304,0.0178357456171077
0.168630631544685,0.138366951107068,548,548,0.000140189979767677,0.017943591943516
0.169726197760658,0.139276001839721,549,549,0.00142360056480589,0.0193344398080842
0.170219264316327,0.139657615188997,550,550,0.000623492884214208,0.019948918474659
0.172328900975413,0.140949908761624,551,551,0.00247398252039334,0.0224191315261232
0.169059946794175,0.138709406902084,552,552,0.00396306825851279,0.0184817171125713
0.170558460746589,0.139871338387258,553,553,0.00189621434490257,0.0203488372245814
0.170991559758365,0.140158641463039,554,554,0.000519728593936179,0.0208663646015528
0.170543208796831,0.139897984302433,555,555,0.000518614249788515,0.0203480193978392
0.166928619138892,0.137871654906111,556,556,0.0041438230195888,0.0162049443686404
0.170530563957209,0.140192214291503,557,557,0.00428474063804677,0.0204781077858483
0.166219422091411,0.137573172147383,558,558,0.00504433602565422,0.0154388576023672
0.167641662387304,0.139138706680307,559,559,0.0021151042132809,0.0174476899991539
0.165438608114257,0.137124189221229,560,560,0.00298525186925975,0.0145385257427991
0.168812749833428,0.139627880821545,561,561,0.004201583507506,0.0187054479186649
0.167976731897424,0.138539333371714,562,562,0.00137253835642396,0.0174441876471935
0.168760991901253,0.139228790365545,563,563,0.00104422923725985,0.018463348310219
0.168891336589093,0.139055406739566,564,564,0.000216913852497991,0.0184941759396601
0.170126506714842,0.140405211298564,565,565,0.00182964958039425,0.0202318881481765
0.168689674934836,0.139159492595565,566,566,0.00190165734322436,0.0183673510166213
0.165972497418575,0.138007927041104,567,567,0.00295112806924641,0.0154357867532271
0.16746381874609,0.138631683044161,568,568,0.0016165119403369,0.0170398638417104
0.164410837095683,0.137247038221408,569,569,0.00335230342345402,0.0137038652346231
0.163490570212325,0.136557492219962,570,570,0.00114994122663526,0.0125611266409103
0.163017579474575,0.136571385343206,571,571,0.000473194734618774,0.0121616239678807
0.165240258365348,0.137761197298876,572,572,0.00252110173165265,0.0146795577793577
0.167588584891243,0.139480996534923,573,573,0.002910729613779,0.0175793338123079
0.167598427809638,0.139198752941849,574,574,0.000282415171110974,0.0174412319378979
0.168413522085177,0.140008589789678,575,575,0.00114900583032297,0.0185584346819855
0.166097836113459,0.138482765698722,576,576,0.00277318240946181,0.0157866166913561
0.169202570190362,0.140446629986278,577,577,0.00367370883824719,0.0194599719692361
0.165139315155331,0.13724004485628,578,578,0.00517612110326159,0.0143316485208432
0.168250127194894,0.139319933983197,579,579,0.00374207032613721,0.0180642590672594
0.167936145171407,0.138656088415273,580,580,0.000734353899101235,0.0174643819821714
0.169414013699602,0.13981685429312,581,581,0.0018792213307127,0.0193209246912342
0.169753124316103,0.139428360485751,582,582,0.000515677659577384,0.0194297613873372
0.168897053111185,0.139296468075858,583,583,0.000866171758762398,0.0186151505420576
0.169590034735392,0.139432509086868,584,584,0.0007062086718288,0.0192881433498868
0.167668077273125,0.138814997662782,585,585,0.00201872257768123,0.0173079737566823
0.168489311321921,0.139084814178273,586,586,0.000864422532638,0.0181559414495735
0.168058367508778,0.13918796999888,587,587,0.000443118148365601,0.0178321736197102
0.166422335163182,0.137836781041506,588,588,0.00212186555520492,0.0157431138779485
0.166765802476118,0.138846445185138,589,589,0.00106648557326972,0.0165462627674071
0.168199789718733,0.139294316502203,590,590,0.00150230094476142,0.0180078644078104
0.166683867923606,0.138842940167297,591,591,0.00158169513012254,0.0164744801420664
0.167351014754273,0.138743472850259,592,592,0.000674521045504047,0.0169973230898389
0.164623839703342,0.13743387198192,593,593,0.00302531621368338,0.0139825009378652
0.163948823670529,0.136479516867729,594,594,0.00116894838574586,0.0129216929299779
0.160606020578591,0.134476398590915,595,595,0.00389702647442568,0.00902844832397543
0.160192913829408,0.134078519939115,596,596,0.000573554363403599,0.00847862531118406
0.160510197561959,0.134885015491239,597,597,0.000866662588634113,0.00914406075141849
0.161045236780335,0.134783025634841,598,598,0.000544673201110997,0.0095603285152685
0.159688363153231,0.134250045869641,599,599,0.00145779747223127,0.00811482829596121
0.16388655588598,0.136274971996503,600,600,0.00466102435528465,0.0127694023087356
0.161252344320396,0.13512129199638,601,601,0.0028757691344998,0.00990507177900108
0.16379455216487,0.136389970644819,602,602,0.00284119098927058,0.0127433636597921
0.16169161112123,0.135714905649838,603,603,0.00220863618110255,0.0105837539851146
0.162757393399745,0.135872586762545,604,604,0.00107738349648624,0.0115853381911404
0.160525894017698,0.134727769902991,605,605,0.00250802614300437,0.0090790227942252
0.160515047004242,0.134557261747337,606,606,0.000170852828029191,0.00898663295522916
0.160188938070823,0.13415948439533,607,607,0.000514367435035511,0.0085119576830514
0.160067618912457,0.133815891157873,608,608,0.000364382561346388,0.00825016085622186
0.156321416766649,0.132142471166953,609,609,0.00410297026351171,0.00415012626315666
0.15967981834813,0.134008738576316,610,610,0.00384211077739107,0.0079911002401112
0.157483589607,0.132677625133504,611,611,0.00256812843935061,0.00542873395531404
0.158100258166602,0.132742208760196,612,612,0.000620041254464186,0.00601314975699797
0.158080966848392,0.13290365230098,613,613,0.000162592041069661,0.00606447932544047
0.158663963942907,0.133079482967371,614,614,0.000608935165231864,0.00666634769341422
0.158658450138766,0.133387337157746,615,615,0.000307903563746089,0.00679782755180701
0.157872201143983,0.13244505550778,616,616,0.00122722540295605,0.00568517249495101
0.159562024405115,0.133748159744149,617,617,0.00213391267504259,0.00776654926219511
0.158452563452275,0.133228869299861,618,618,0.00122497598809336,0.00654220325412891
0.159341793161004,0.133680303051489,619,619,0.000997257191999128,0.00753945667965955
0.157260601281658,0.132300613188039,620,620,0.00249697892621418,0.00506627015908619
0.158833153272873,0.13348426587555,621,621,0.00196823612651668,0.00699754835389151
0.158148870382881,0.132631027784838,622,622,0.00109373594298579,0.00601253834864017
0.158422059779233,0.133119259727521,623,623,0.000559466599660664,0.00646568083164253
0.15674676233311,0.132052020852461,624,624,0.0019863585651705,0.00449582626055144
0.159261378386085,0.133750225933938,625,625,0.00303433590636155,0.00750030957399571
0.158336497945356,0.132775148549528,626,626,0.00134394186452809,0.0062421679430545
0.160675688237488,0.134330928723968,627,627,0.00280931720778963,0.00902335666632526
0.160136494338011,0.133894819327682,628,628,0.000693485015527503,0.00834648662655948
0.161581113540335,0.135235950073522,629,629,0.00197118145211388,0.0102479107296817
0.158695525655489,0.132740028416668,630,630,0.00381526438904608,0.00655870401006152
0.161619167361301,0.135161141997659,631,631,0.00379598100575142,0.010245105252628
0.160346957503077,0.134316357249481,632,632,0.00152714740418761,0.00872462855058552
0.162011050786344,0.135457664240645,633,633,0.00201786721651732,0.010731413352955
0.160742834480677,0.134565749685472,634,634,0.00155044644270268,0.00919118477585379
0.161635820339298,0.13551103357288,635,635,0.0013003789338071,0.010431728516578
0.161607576701662,0.13501997213835,636,636,0.000491872987212333,0.0101679522359572
0.161973570095998,0.135076461397461,637,637,0.000370327154138593,0.010518381704988
0.163156680519531,0.135811522334167,638,638,0.00139286210909198,0.0119073838455147
0.164958236047234,0.137482990395549,639,639,0.00245752066107582,0.0142952135300015
0.163867340877974,0.136518836674898,640,640,0.00145589995101338,0.0128694704679295
0.166127799512956,0.138342042379069,641,641,0.00290409233327586,0.0157393820951852
0.162835803970098,0.13635909329833,642,642,0.00384308752320401,0.0118963065721363
0.161038615076645,0.135187861384096,643,643,0.00214515083750964,0.00975307440497484
0.160941826568398,0.135055464674082,644,644,0.000164002756535804,0.00960279913634994
0.159251311770353,0.134531188961092,645,645,0.00176994500073876,0.00788656523984078
0.1590547213488,0.133716763649273,646,646,0.000837816437161242,0.0073022244518782
0.159916551386731,0.13452920020157,647,647,0.00118440034016694,0.00845197430341519
0.158123261661371,0.133038695354697,648,648,0.0023318432060562,0.00616245753160099
0.157719784052433,0.133196014020794,649,649,0.000433062747897806,0.00588270436979008
0.159279601247903,0.134088717718003,650,650,0.00179720604669971,0.00767989542565614
0.160990063728889,0.135411815139368,651,651,0.00216246819289496,0.0098269978438629
0.16148337606048,0.13551178518967,652,652,0.00050333991244205,0.0103007605109448
0.16133055978087,0.135397113022102,653,653,0.00019105633025033,0.0101108307569963
0.161480586304659,0.135393427727153,654,654,0.000150071780289266,0.0102383969608223
0.162135981724202,0.135976716293833,655,655,0.00087736463797986,0.0110994903071082
0.16296652995113,0.136162318613618,656,656,0.000851033829153117,0.011909771647923
0.164367673648968,0.137111590808347,657,657,0.00169243060764053,0.0135979235645252
0.161383536493879,0.135173228440944,658,658,0.00355841583120269,0.0100448632008511
0.166588430350117,0.13861541126249,659,659,0.0062401556576458,0.0162750181689843
0.166605481959175,0.138330419829857,660,660,0.000285501092897106,0.0161451475405157
0.169004356226628,0.139955649535387,661,661,0.00289757991206254,0.0190364818484052
0.167200206109662,0.138564644877194,662,662,0.00227812458036527,0.0167775225326006
0.167737014040442,0.139172880963933,663,663,0.000811242190569301,0.0175471609299409
0.165554111062741,0.137712011304923,664,664,0.00262663388592198,0.0149254269778278
0.16791344351084,0.139273928928168,665,665,0.00282949399406628,0.0177504607415719
0.165460339897084,0.138035451775695,666,666,0.00274800709551788,0.0150094792147418
0.169184357471488,0.140189161635615,667,667,0.00430194991314218,0.0193106928808024
0.169814684693932,0.140235760728511,668,668,0.000632047373867875,0.0198771409033104
0.170001758423208,0.14065421927143,669,669,0.000458371173098069,0.0202508856109185
0.17203043541447,0.14150109331397,670,670,0.00219834619175455,0.022428669180985
0.173660524464249,0.143008979326863,671,671,0.00222056536451604,0.024600047622649
0.171574862681804,0.14162806375211,672,672,0.00250138219697628,0.0221008442826204
0.174524488981355,0.143249297800673,673,673,0.00336581270233947,0.0254645229612053
0.170741791857242,0.141109994210228,674,674,0.00434573554014387,0.0211199470936228
0.17218355491511,0.142069273510745,675,675,0.00173173251151362,0.0228499105888928
0.174567820822308,0.142782605858928,676,676,0.00248868779785467,0.0252670949199158
0.176791360511686,0.144538647071359,677,677,0.00283333892960109,0.0280720111945169
0.174261540145631,0.142859633989113,678,678,0.00303629313717505,0.0250403059120221
0.176814625723543,0.144599911435318,679,679,0.00308979150719166,0.0281232500912397
0.175872377913514,0.143853797061264,680,680,0.00120188085710486,0.026932669165228
0.176171672387598,0.144119781305467,681,681,0.000400405794639551,0.0273254393403546
0.171975113696611,0.141813762951779,682,682,0.00478840531852105,0.0225396293320908
0.17211986596503,0.142359793851523,683,683,0.000564891992055276,0.0229474024241963
0.169431279770058,0.140655566187197,684,684,0.00318321970018601,0.0197643341189757
0.169215361441531,0.14034007076568,685,685,0.000382306271975168,0.0194152774702655
0.168331771313494,0.139815234406552,686,686,0.0010277084792046,0.0183876288508326
0.169198083398289,0.140726453599695,687,687,0.00125730547052574,0.0196042473011464
0.167477755534542,0.13932902202822,688,688,0.00221638059812346,0.0174053575316217
0.165057823414779,0.138338678204237,689,689,0.00261473753060637,0.0148300108126769
0.164808032355673,0.137500818724004,690,690,0.000874302054112905,0.0141749692856238
0.164833591468463,0.138025073805609,691,691,0.000524877756087494,0.0144717053070364
0.164897535356377,0.137760102146323,692,692,0.00027257806409594,0.0143855924233129
0.16500889444329,0.138081268685843,693,693,0.000339924686283738,0.0146498253828214
0.164498693850953,0.137560851984378,694,694,0.000728792280135306,0.013941448317075
0.167265327572964,0.14006554496032,695,695,0.00373198995919076,0.0176238057375799
0.170154669661983,0.140895324329562,696,696,0.0030061323172803,0.0205063444253301
0.171409375437551,0.141713314462682,697,697,0.00149779652861365,0.0220034298431335
0.169025651788874,0.139847536427308,698,698,0.00302708871864533,0.0189999658199304
0.171701661499245,0.141773517493986,699,699,0.00329703367274308,0.0222845101880887
0.170461166087119,0.141001228358207,700,700,0.00146125267382084,0.0208233976169125
0.170626380899105,0.141345264111827,701,701,0.000381649752874482,0.0211435500353953
0.171823320788637,0.14150924840771,702,702,0.00120812083354603,0.022253865543143
0.173442588670871,0.142854709322115,703,703,0.00210530129592593,0.0243337106146389
0.171072098615761,0.140951389328833,704,704,0.00304004113429477,0.0213238816310572
0.173741106584085,0.142762465197453,705,705,0.00322546110453612,0.0245423894049191
0.173399429735307,0.142306548163846,706,706,0.000569739774391484,0.0240170043359257
0.173396909165434,0.142728775783292,707,707,0.000422235142895059,0.0242295508266571
0.170575187684641,0.140830556584114,708,708,0.00340078641541884,0.020833938480667
0.171445671142033,0.14190594093614,709,709,0.00138354362207214,0.0221352419349432
0.173451938627595,0.142695551042364,710,710,0.00215605967994247,0.0242596763008017
0.174848685151533,0.143697628069504,711,711,0.00171902856883058,0.0259730913472735
0.174594586017319,0.142989694509579,712,712,0.000752154435788829,0.0253935974829142
0.176178699574601,0.144408985602593,713,713,0.00212692335759231,0.0274793834817503
0.175133003987854,0.143636084783992,714,714,0.00130032877978444,0.0261852349215394
0.178296161495947,0.145393551135157,715,715,0.00361859826403491,0.0298024550534119
0.178723593596947,0.145200259578559,716,716,0.000469105347249039,0.0300748262407328
0.177189030716564,0.145241965529374,717,717,0.00153512951251075,0.0287751203870743
0.174917060948089,0.143865520084369,718,718,0.00265639769084744,0.0261187388161366
0.1780575353882,0.14556990732932,719,719,0.00357316604564431,0.029687797945409
0.175157951634157,0.143721079006952,720,720,0.00343885912946476,0.0262501948093371
0.179413408178192,0.14650450687334,721,721,0.00508491701855077,0.0313316421590257
0.172973696673989,0.142630030369639,722,722,0.00751541432225054,0.0238162989370773
0.17481955275764,0.14411092776332,723,723,0.00236648299638133,0.0261647491818352
0.175877093484097,0.144172785031038,724,724,0.00105934824759596,0.027099233371571
0.176719515118229,0.145138610597119,725,725,0.00128159792202929,0.0283209458249769
0.178582301683223,0.145371663282504,726,726,0.00187730853641204,0.0300382300971338
0.179983025998579,0.146918661350794,727,727,0.00208691917211008,0.032033521662661
0.178750594286925,0.145461825542064,728,728,0.00190820819028911,0.0302290322956069
0.178335810992656,0.146088817938672,729,729,0.000751774332235569,0.0301954324575402
0.179498433742289,0.145724347670419,730,730,0.00121841299829168,0.0310077517641075
0.178126596786715,0.146028797396959,731,731,0.00140521395832481,0.0299858844539076
0.18051984550346,0.146598166659033,732,732,0.00246004487292394,0.032329904313967
0.1800226675552,0.146663620139457,733,733,0.000501467915559576,0.0319355543805673
0.180384159669767,0.146195574534108,734,734,0.00059139093464548,0.0320104818818218
0.180069571387827,0.146922521973549,735,735,0.000792097447820941,0.032109463606768
0.177356795045882,0.144843588911154,736,736,0.00341776508252653,0.0287139450600844
0.177445958248787,0.145002516632651,737,737,0.000182230890390183,0.0288716517798333
0.174903256194653,0.143320228376804,738,738,0.00304884035525921,0.0258267688220236
0.177016455570836,0.144826631876277,739,739,0.00259516147989412,0.028412661513905
0.176424389329226,0.144489016874425,740,740,0.000681561680209265,0.027731246042889
0.177220224342819,0.145194986370539,741,741,0.0010638356538034,0.0287773250582604
0.175402860827339,0.143790438683301,742,742,0.00229685967205735,0.0264960728000913
0.176092808209451,0.144618082398963,743,743,0.00107750708125676,0.0275144162493321
0.173724241980787,0.143013608578429,744,744,0.00286084641677039,0.0246569433857375
0.175890483427702,0.144785878067285,745,745,0.00279884639583237,0.0274306185417
0.176102340853178,0.144493441484141,746,746,0.00036111317324394,0.0274576844791577
0.178600007936307,0.146361303782047,747,747,0.00311885402385016,0.0305634381944731
0.176235071045686,0.144432777021694,748,748,0.00305158024014163,0.0275399559512269
0.181439029465333,0.147331353780415,749,749,0.00595675502766553,0.033494078281765
0.179532434649337,0.146233328987211,750,750,0.00220017322928788,0.0312940931641359
0.18172139653507,0.148000805674203,751,751,0.00281345481148247,0.0340811078449758
0.178787610274486,0.145991588301115,752,752,0.00355584817942329,0.0305307625884223
0.179891897433708,0.14714593626437,753,753,0.00159748845075407,0.0320748724266351
0.179263354894325,0.146543375320678,754,754,0.000870715461374681,0.0312237225967275
0.181691536059659,0.14781789172212,755,755,0.00274234495080862,0.0339606402870571
0.180090412509587,0.14681529247948,756,756,0.00188912727573779,0.0320717614999083
0.179908978734797,0.147286420322696,757,757,0.000504856077796002,0.0321635826805942
0.180319399089934,0.1468228608818,758,758,0.000619138290816326,0.0322719422720508
0.178971581655272,0.146300685251932,759,759,0.00144543392294829,0.0308482318198259
0.179960844880045,0.146257046892519,760,760,0.000990225244225033,0.0316751476076689
0.179929324211374,0.146755920398007,761,761,0.000499868309689092,0.0319031744485581
0.174984950478447,0.143801645442415,762,762,0.00575973715755248,0.0261435320908192
0.178438272474401,0.146034579264675,763,763,0.00411235045470705,0.030254381641151
0.173744756745847,0.14342059126258,764,764,0.00537233870574835,0.0248874563065763
0.174362458303043,0.14401969063797,765,765,0.000860508730551064,0.0257292572623941
0.17131941466637,0.142123223173724,766,766,0.00358562455056779,0.0221437466102602
0.173710362673949,0.143687413217688,767,767,0.00285715293055589,0.0250006714705639
0.170569582336904,0.141318082961943,768,768,0.00393423778975829,0.0210809376459102
0.171864213514769,0.142444593123799,769,769,0.0017161279181535,0.0227759349794124
0.168871505993923,0.140249647753805,770,770,0.00371134523893808,0.019074780509352
0.171506170562247,0.14184480216976,771,771,0.00307993100544873,0.0221546391427393
0.168911207745807,0.14039911938896,772,772,0.00297049334646771,0.0191872418778084
0.168974390948759,0.140640405261134,773,773,0.000249421308724851,0.0193692470168733
0.169733956029939,0.140545909870968,774,774,0.000765420467005229,0.0199655336295235
0.172374542196058,0.142492354886747,775,775,0.00328044867360351,0.0232336946387285
0.169137665086833,0.140232702945718,776,776,0.00394758157798157,0.0192931676655477
0.170323038030022,0.141032234375233,777,777,0.00142981100891933,0.0207213428268108
0.168422806817556,0.139486573191188,778,778,0.00244947895616474,0.0182973525508696
0.167992238229113,0.139618254982041,779,779,0.000450254820514084,0.0179951856571058
0.166771634238262,0.138931305841774,780,780,0.00140063315104095,0.0165954787753441
0.170286261160678,0.140979550773776,781,781,0.00406791220471196,0.0206625397958704
0.170730601116181,0.141056178866735,782,782,0.000450898947311775,0.0210827161213439
0.173191950670177,0.142550803021956,783,783,0.0028796081317301,0.0239622516739943
0.171293747991971,0.141101165140401,784,784,0.00238843534456896,0.0215907708785661
0.171497967395914,0.141394124881513,785,785,0.000357114792271961,0.0219150774417337
0.167946791206508,0.139150879128598,786,786,0.00420035758432284,0.0177170496889672
0.170760568454906,0.140899877457507,787,787,0.00331305562255326,0.021028866962207
0.167344737178764,0.138680332119275,788,788,0.00407360832868587,0.016960413331853
0.170338915053453,0.140267762936389,789,789,0.00338895820930303,0.020347861362159
0.167961686750803,0.139049030318528,790,790,0.00267142725836975,0.0176790203940882
0.171414085135413,0.141393816760492,791,791,0.00417337729716266,0.0218427343629415
0.169795449259719,0.140137508465268,792,792,0.00204897355540056,0.0198112934287977
0.171775872999516,0.141368272042656,793,793,0.00233170692253054,0.0221418283259344
0.167954338801691,0.139223468710292,794,794,0.00438227166657443,0.0177601412004195
0.171576482049644,0.14143998793175,795,795,0.00424651376634756,0.0220060047880002
0.167802347021434,0.139103628654868,796,796,0.00443876896017673,0.0175684474151224
0.169913966234963,0.140512335641113,797,797,0.00253838355573754,0.0201028178362384
0.17017033622888,0.140099166020102,798,798,0.000486245523894118,0.0201182255959496
0.168142696495606,0.139254897899832,799,799,0.00219638601954554,0.017938697546517
0.168263932433154,0.139084848097159,800,800,0.000208842256122832,0.0179593960774501
0.170173266064433,0.14044927482714,801,801,0.0023467456651745,0.0202944528192957
0.167878517158086,0.139233888513764,802,802,0.00259673572662328,0.0177000369163059
0.169951004510564,0.14028918056129,803,803,0.00232569239835218,0.0200218592632477
0.168501142399373,0.139426635337978,804,804,0.00168703420348372,0.0183349459000037
0.169016949233391,0.140048289479218,805,805,0.000807781258349044,0.019094686980677
0.16655346601807,0.138437508920254,806,806,0.00294335923076071,0.0161541465442149
0.168109808965739,0.139660622059305,807,807,0.00197944667058243,0.0181176415791722
0.166837293887511,0.138541991773042,808,808,0.00169429287363866,0.016451862468232
0.168444079426883,0.139657874129343,809,809,0.0019562600038437,0.0184026985935725
0.165854799525876,0.138031602136918,810,810,0.00305763487014148,0.015346138685998
0.169683367370478,0.140700494888801,811,811,0.0046670033492358,0.0200025340034913
0.166472146857954,0.138726389047122,812,812,0.00376948684229137,0.0162330522134425
0.169951259446423,0.140688232081783,813,813,0.00399412725083815,0.0202251102035577
0.167460433035163,0.139421454499895,814,814,0.00279444836291627,0.0174390136864987
0.173163258599359,0.142361857382261,815,815,0.00641624411367604,0.0238410921238844
0.168906780135324,0.140223847746807,816,816,0.00476326506884624,0.0190913371390723
0.170817770435317,0.141239485807399,817,817,0.00216411750993097,0.0212518179521179
0.16693174972751,0.138815388299947,818,818,0.00458010978767294,0.0166723031293862
0.166969979957899,0.13950435132123,819,819,0.000690022894701399,0.0170686185067129
0.166215112708125,0.138618110488262,820,820,0.00116415092612714,0.0159573573455342
0.165847683691509,0.138534067087788,821,821,0.000376918260918989,0.0156008986675547
0.163348141553922,0.136904507853837,822,822,0.00298381872682101,0.0126176758684499
0.165311525716101,0.1379831326244,823,823,0.00224015820065584,0.0148551467470181
0.164052037454754,0.13682466601765,824,824,0.00171124386322471,0.0131809332975661
0.166020441566815,0.138130819394712,825,825,0.00236234023645818,0.0155392165223015
0.164286603143336,0.13705500949363,826,826,0.00204048097810276,0.0134993825510505
0.165366214033886,0.138096067243736,827,827,0.00149978695622121,0.0149607843887436
0.164072204309506,0.137118554443263,828,828,0.00162172514375262,0.0133472429392174
0.167010048895078,0.138847118167883,829,829,0.00340864538476004,0.01675578554452
0.165389668446074,0.137701857583751,830,830,0.00198425164862708,0.0147781160138479
0.166815490245825,0.138947935629031,831,831,0.00189358873559528,0.016641557322783
0.166063331624885,0.138143477394431,832,832,0.00110131541452487,0.0155826049874092
0.166875097218821,0.139018956930028,833,833,0.00119391280952477,0.0167295202989741
0.166632730272071,0.138569564757845,834,834,0.00051058306013465,0.0162895720167345
0.169953288325085,0.140439649921839,835,835,0.00381094795346598,0.020099695161069
0.167577015334879,0.138885078234751,836,836,0.00283960674289236,0.0172638472398591
0.168902954693851,0.139782710853067,837,837,0.00160120563986534,0.0188613285054176
0.166645272823932,0.138251205339221,838,838,0.00272811960234534,0.0161401942482135
0.169781297012472,0.140233569453077,839,839,0.00371004247832936,0.0198471768157921
0.167195622461044,0.13856704945145,840,840,0.00307619924610242,0.0167747335329788
0.166945648924131,0.139202083634072,841,841,0.000682462586707497,0.0168860089897231
0.165500566137455,0.13796476192905,842,842,0.00190242720282957,0.0150074251944162
0.167096365205259,0.139344085605894,843,843,0.00210929098758495,0.0170891316601306
0.166651102105158,0.138998572358698,844,844,0.00056359438632714,0.0165283784854123
0.167874207484774,0.140004232903251,845,845,0.00158345820927414,0.0180995693006562
0.166509833052283,0.138706347051723,846,846,0.00188308929040387,0.0162547693555468
0.168290082789674,0.13992677412358,847,847,0.00215840945263004,0.0184104180050119
0.166173703089328,0.138545375862211,848,848,0.00252731560999995,0.015884007396407
0.16863031162198,0.140037317016342,849,849,0.0028741631634427,0.0187581540074548
0.166959462076876,0.138896009963758,850,850,0.00202344260868783,0.0167375874767064
0.166050919849434,0.138647572179963,851,851,0.000941897187310229,0.0158333909781681
0.1648546796457,0.137886344733212,852,852,0.00141790615017921,0.0144155309297792
0.16636329731046,0.138877796896009,853,853,0.0018052436537876,0.0162203448231475
0.164549031616427,0.137629711108033,854,854,0.00220210765919651,0.0140204557024913
0.1649534809197,0.137960806788972,855,855,0.00052268880689648,0.0145387795035656
0.163937528449778,0.13720200189889,856,856,0.00126804742906333,0.0132754556898983
0.164799000561452,0.137857341952575,857,857,0.00108240694064498,0.0143529429282867
0.163716952006584,0.137058710370279,858,858,0.00134485741970403,0.0130125062009122
0.163739336558701,0.137477052492896,859,859,0.000418940568253533,0.0132549565432036
0.162828405001831,0.136932751472249,860,860,0.00106115969692521,0.012194632064447
0.163313611134873,0.137002371711196,861,861,0.000490175447378532,0.0126403558342814
0.162179653614965,0.136387608291946,862,862,0.0012898812808186,0.01135367268133
0.164283230125732,0.137750626539798,863,863,0.00250656196425117,0.0138602196438699
0.162153987841202,0.13642912981183,864,864,0.00250599806629204,0.0113546301537191
0.163506750969518,0.137141458431559,865,865,0.00152884928747563,0.0128779359684936
0.161996926827221,0.136363099804423,866,866,0.00169864978529994,0.0111869690920929
0.163239372647556,0.137121435481138,867,867,0.00145559081305459,0.0126419765294466
0.163034251534459,0.136881540891275,868,868,0.0003156328330258,0.0123397376705921
0.163550972491881,0.137112894133019,869,869,0.000566149159060337,0.0129000962836812
0.164035944910464,0.13739361916927,870,870,0.000560361305555798,0.0134601052103914
0.164875817537631,0.137819377197029,871,871,0.000941624090635538,0.0143981461804449
0.163518522672728,0.137132472945461,872,872,0.00152121228009581,0.0128830795439947
0.165110054410177,0.137822342266714,873,873,0.00173461608193662,0.0145994605359637
0.163801776456899,0.137104783880907,874,874,0.00149213981921085,0.0131089009196476
0.164401982812222,0.137539126203069,875,875,0.000740878479773177,0.0138477454455351
0.164181392559411,0.137649967201042,876,876,0.000246872004218555,0.0137201417925727
0.164903178178226,0.137953991620651,877,877,0.000783201970916132,0.0144925345327625
0.164637807798571,0.137751920448985,878,878,0.000333547892837659,0.0141603789688871
0.166236507119248,0.138831054738641,879,879,0.00192882615417883,0.0160881399842345
0.165354352995459,0.138203055604297,880,880,0.0010828567822459,0.0150071087539861
0.167441108757525,0.139480861855272,881,881,0.00244690384476962,0.0174539257503878
0.165178425546253,0.138191899058971,882,882,0.00260406612911828,0.0148522401159914
0.166658132263538,0.13901011421552,883,883,0.00169086013956904,0.0165404533027145
0.165469747592572,0.13824271482936,884,884,0.00141462360508505,0.0151260094459171
0.165587431898535,0.138465427469432,885,885,0.000251893858436242,0.0153441285547212
0.163946771433734,0.137397166031741,886,886,0.00195779193481327,0.0133865030291897
0.16497400759524,0.138036578467845,887,887,0.0012099844606236,0.0145964645460497
0.164395772189384,0.137800261005185,888,888,0.000624661610589035,0.0139817320369602
0.166817080826544,0.13929913790245,889,889,0.00284769511527099,0.0168291192433986
0.166653708211364,0.138847027288703,890,890,0.000480723016354723,0.0164508907954241
0.166818332334082,0.139088798840732,891,891,0.000292497154090654,0.0167180236422667
0.164872820894754,0.137741185680237,892,892,0.00236665924689126,0.0143546381331505
0.16634518226203,0.138933036809158,893,893,0.00189429594027928,0.0162344850720358
0.16640510208716,0.138885254047633,894,894,7.66392702378354e-05,0.016259719639924
0.167872953241425,0.139699774577636,895,895,0.00167869911088117,0.0179362608313382
0.169039817354544,0.140449060416323,896,896,0.00138672316146439,0.0193228203643877
0.16887954786516,0.140555580342886,897,897,0.000192439091618035,0.0192437132230911
0.1690160332855,0.140457440883495,898,898,0.00016810598875408,0.0193070525117655
0.166963342666346,0.139319504682672,899,899,0.00234700608757264,0.0169635007437094
0.166915443173,0.139161820914701,900,900,0.000164798459168172,0.0168390621580011
0.169810953637072,0.140971447912683,901,901,0.00341448835396663,0.0202535493715635
0.1688128491732,0.140526753639911,902,902,0.00109268729151468,0.0191719507790442
0.168956391184664,0.140465237889844,903,903,0.000156168167567437,0.0192605869621077
0.168418049784578,0.14014151028391,904,904,0.000628180727092308,0.0186325070342002
0.167174589633029,0.139224313428912,905,905,0.00154513534012651,0.0170922228070692
0.166353501656587,0.13873521420273,906,906,0.000955721464711313,0.0161366234702576
0.165974640305279,0.13836436610213,907,907,0.000530154918144779,0.0156197979816989
0.166371252465644,0.138697581382064,908,908,0.000518009293865612,0.0161319868891335
0.165735087275723,0.138361614466006,909,909,0.000719430272891095,0.0154141583574421
0.164458014628894,0.137586347253016,910,910,0.00149397248864182,0.0139202465563523
0.165076472771064,0.138177216380916,911,911,0.000855346011811515,0.0147582957578674
0.164924734961577,0.13802683217683,912,912,0.000213634668690555,0.0145496001009011
0.165863476470889,0.138508402691214,913,913,0.00105505724092527,0.015600682756456
0.165731477974405,0.138419703602393,914,914,0.000159031856656404,0.0154417428362728
0.167804975458079,0.139645965679055,915,915,0.00240896461067012,0.017850136169608
0.16840081694303,0.139769967848234,916,916,0.000608607930567814,0.0184232010553865
0.167455265171757,0.139314593365951,917,917,0.00104949229214539,0.0173786429866978
0.166175143573366,0.138531697874062,918,918,0.00150054545345537,0.0158780975610202
0.16731536960284,0.139300608040558,919,919,0.00137525933642665,0.0172520975182324
0.165778759665663,0.13855449026537,920,920,0.00170817500083607,0.0155534317451108
0.168028009957524,0.139563394858112,921,921,0.00246516030973465,0.0179972873755655
0.166918487555137,0.139053766240114,922,922,0.00122096735815484,0.0167847193556768
0.168207120858347,0.139595935657736,923,923,0.00139804272736735,0.0181675067322752
0.166648472018911,0.138681306282187,924,924,0.00180718928153407,0.0163604112623206
0.166776166969693,0.13876494964806,925,925,0.000152650624334519,0.0165129498222775
0.166688453998791,0.138657245428093,926,926,0.000138901995173478,0.0163823277302356
0.166930056436146,0.138897161807328,927,927,0.000340487307783485,0.0167130115396693
0.166914944758679,0.138900295318159,928,928,1.54331359737736e-05,0.0167017041562661
0.167014621952361,0.139304000198663,929,929,0.000415828298078603,0.016998594919061
0.166334432007912,0.138725186609521,930,930,0.000893131306978202,0.0161151302750187
0.167332088361776,0.139278292869544,931,931,0.00114072114702999,0.0172546468558831
0.166652443280735,0.138690242189994,932,932,0.000898733018143893,0.0163684205520796
0.167984186301507,0.139640351477402,933,933,0.00163592393814421,0.0179998287967622
0.166943794768637,0.138818727657737,934,934,0.00132569990673185,0.0166843530199645
0.167127609056972,0.139107932119052,935,935,0.000342676105149684,0.0169912964781692
0.167128744005645,0.138984107625564,936,936,0.000123829694726767,0.0169280473973161
0.1666511869,0.138992124571921,937,937,0.000477624392781956,0.0165250385646643
0.166695947553223,0.138886127216927,938,938,0.000115060659404706,0.016507340284752
0.167033674202191,0.139103617396491,939,939,0.000401697980615134,0.0169089469469968
0.166272205338152,0.138723519685329,940,940,0.000851063511690765,0.0160613576260537
0.166487021077178,0.138717896733919,941,941,0.000214889318756851,0.0162413102852339
0.166238226112376,0.13860271773896,942,942,0.000274162607571894,0.0159689859252821
0.167496345708123,0.139335950478184,943,943,0.00145619200899919,0.017424832721644
0.166247713397524,0.138675526752639,944,944,0.00141253040474727,0.0160152563233969
0.165951121654032,0.138645289009442,945,945,0.000298129138832877,0.0157476564629251
0.165139100430372,0.138004189307704,946,946,0.00103459523256335,0.0147192809318518
0.166296762336764,0.138727425437742,947,947,0.00136500973963612,0.0160842826294133
0.166854520112172,0.139106823013642,948,948,0.000674563752826489,0.016758270016994
0.168136000808629,0.139630735003371,949,949,0.00138444087933479,0.0181245418993258
0.167373459101873,0.139230921838993,950,950,0.000860999663734847,0.0172652282207729
0.167773317975543,0.139581715168825,951,951,0.000531923941092071,0.0177894401565307
0.165860497289654,0.138613151673851,952,952,0.00214406115121787,0.0156538654117202
0.167662566548866,0.13951420372562,953,953,0.00201478247336894,0.0176597355332004
0.167426376272142,0.139374392390707,954,954,0.000274468679796504,0.0173853107849679
0.168802246564976,0.140089683226207,955,955,0.00155069663121274,0.0189322068629519
0.167839835699187,0.139549151188961,956,956,0.00110381590760399,0.0178291001498046
0.168781953765333,0.140179643180112,957,957,0.00113362542379115,0.0189618257298209
0.16831757822003,0.139796004933228,958,958,0.000602347865894452,0.0183655064780638
0.167597503151551,0.139419426910035,959,959,0.000812600216463429,0.0175546865439976
0.166796450308418,0.138951774795108,960,960,0.000927568950584015,0.0166273367195039
0.167045888113746,0.139231554267246,961,961,0.000374827656071877,0.0169866497854172
0.164515417403706,0.137752231047661,962,962,0.00293115663217971,0.0140568899155077
0.164990540380636,0.138161584446434,963,963,0.000627145954538317,0.014677452261433
0.161615699802365,0.135590244192994,964,964,0.00424279856082066,0.0104545960358049
0.163558235428601,0.136822884034936,965,965,0.00230061853403337,0.0127544030244857
0.162519761519027,0.136201392121544,966,966,0.00121023975280825,0.0115441662192213
0.165198086333242,0.137833373103005,967,967,0.00313636505118365,0.0146804920473253
0.16379908689914,0.136850857399226,968,968,0.00170954278238029,0.0129756129143566
0.164472852815656,0.137141403937534,969,969,0.000733742326148097,0.0137038015326022
0.163503373732044,0.136915079609738,970,970,0.000995546279644565,0.0127553491323331
0.165736836892541,0.138233832499843,971,971,0.00259373608419563,0.0153487942081292
0.163799035520761,0.137033197846384,972,972,0.00227960473055281,0.0130692682580354
0.167072790315285,0.138658976259881,973,973,0.00365521899541797,0.016714231000341
0.163643654495877,0.136897807771061,974,974,0.0038549561494216,0.0128662327223744
0.164493221811129,0.137317678491307,975,975,0.000947658189889074,0.0138107821490567
0.164154423966442,0.137145142724662,976,976,0.000380200697442594,0.0134314372653724
0.164954363857874,0.13751424500459,977,977,0.000880988264933765,0.0143077163698153
0.164100539625067,0.137294441003328,978,978,0.000881662985215186,0.0134627376525137
0.162095233537285,0.136069437472062,979,979,0.00234986939154279,0.0111128755858508
0.161898712546715,0.135844775970476,980,980,0.000298484991297099,0.0108281703145219
0.163869757306599,0.137015205633584,981,981,0.00229236189153203,0.0131204845085146
0.162364525072825,0.136105336664273,982,982,0.00175885918109066,0.0113616293213118
0.163735081909515,0.136841962479042,983,983,0.00155597031899123,0.0129160073403542
0.162509104119867,0.136072431245695,984,984,0.00144748052139141,0.0114690333153175
0.162881655267162,0.136487266087346,985,985,0.000557568204974488,0.0120017804700605
0.160729036094029,0.135147157557746,986,986,0.00253567745891353,0.00946627544506571
0.1623332523707,0.135784792871355,987,987,0.00172629332834693,0.0111726312746215
0.161928782837401,0.135860147370165,988,988,0.000411429099429701,0.0108618582337311
0.162268512322317,0.136173929108844,989,989,0.000462466325746782,0.0113152147618595
0.160647343413308,0.135261443170686,990,990,0.00186032771813859,0.00945652113834288
0.162709963526912,0.136310108875516,991,991,0.00231389314652411,0.0117631927450082
0.160129292602573,0.134687020592227,992,992,0.00304865183238108,0.00871538316407553
0.161118052839717,0.135166470863219,993,993,0.00109887186191688,0.00981092558668523
0.160669098919423,0.134949258634059,994,994,0.000498739185390986,0.00931363424758816
0.160779250971126,0.135174164932192,995,995,0.000250432261169369,0.00952322086256115
0.159511320642102,0.134164592637764,996,996,0.0016207663424857,0.00791867685341744
0.160813321093073,0.134960007775242,997,997,0.00152574257830641,0.00944379089659847
0.15931399154307,0.134024433958606,998,998,0.00176728250879324,0.00767789760414784
0.159300396025462,0.134116923203705,999,999,9.34831458499638e-05,0.00771201677963203
0.159205867759002,0.133981213049459,1000,1000,0.000165386937590317,0.00756250918215619
0.161238920726675,0.135025093852294,1001,1001,0.00228538650995682,0.00984637761163126
0.160538591776325,0.134746335543925,1002,1002,0.000753768421455803,0.0090992304979112
0.161625784968286,0.135148027292497,1003,1003,0.00115902773802728,0.0102446370509654
0.160022176117164,0.13435772918547,1004,1004,0.00178777304078719,0.00845864736518626
0.161383390986766,0.135069655410551,1005,1005,0.0015361461099731,0.0099943816855839
0.160002737235398,0.134372738490175,1006,1006,0.00154657621056137,0.0084489730024459
0.158686700730371,0.133625237177944,1007,1007,0.00151350926470614,0.00693550673424891
0.15735839681259,0.132823139167601,1008,1008,0.00155169343498944,0.00538503825928991
0.158134073637724,0.133474825724837,1009,1009,0.00101309915898337,0.00638101546530553
0.15676817932434,0.132550663645767,1010,1010,0.00164916428039364,0.0047365537845998
0.157497044426378,0.133268774813691,1011,1011,0.00102319498946458,0.00572899900587514
0.155678757724806,0.132097982871577,1012,1012,0.00216261885241681,0.00356688963940431
0.158049342785654,0.133348867679097,1013,1013,0.00268037055878395,0.00624459449530196
0.156036598542564,0.132224924406345,1014,1014,0.00230529561411459,0.0039394801181545
0.159308380228183,0.134206167434377,1015,1015,0.00382490252614072,0.00776401644671195
0.15788387639016,0.133507140133565,1016,1016,0.00158677356665064,0.00618337285839931
0.15781301951104,0.133464090677477,1017,1017,8.29093057989814e-05,0.00610046680055513
0.156890786263294,0.132886816715914,1018,1018,0.00108800707256393,0.00501247263980259
0.157955090842456,0.133582234412993,1019,1019,0.00127135754634098,0.00628351698752349
0.15658887809705,0.132735938579538,1020,1020,0.00160709486447861,0.00467644247247244
0.158786176093227,0.133999392791393,1021,1021,0.00253464692402277,0.00720986538711065
0.158124857593045,0.13366968652036,1022,1022,0.000738950867000958,0.00647384255185001
0.160438739758812,0.134944108009637,1023,1023,0.00264162843893418,0.0091128314390727
0.159383661211837,0.134241013769511,1024,1024,0.00126788495171496,0.00784655191918972
0.159955475248027,0.13460517608731,1025,1025,0.000677927345434858,0.00852412896235146
0.158806543854014,0.133833849863175,1026,1026,0.00138383073104605,0.00714279568627755
0.161042554546821,0.135220690589302,1027,1027,0.00263117293578263,0.00977312756655603
0.160682780017146,0.135063031355078,1028,1028,0.000392802935756906,0.00938329347639433
0.16172617386708,0.135685762711748,1029,1029,0.00121509878967125,0.0105983921354971
0.160714434844981,0.135082793009877,1030,1030,0.00117778958656166,0.00942060330714262
0.161753601046818,0.135607183969045,1031,1031,0.00116398121681519,0.0105819509017302
0.158787899552345,0.133883199651066,1032,1032,0.00343038004934687,0.00715161685985874
0.160628875933929,0.135004739438182,1033,1033,0.00215570070548645,0.00930714816122037
0.159109168079492,0.134109616209089,1034,1034,0.00176373398167102,0.00754343051358714
0.162582702776808,0.135754600623276,1035,1035,0.00384336012056821,0.0113753539429493
0.160849908097313,0.134831755649925,1036,1036,0.00196321681077894,0.00941243055930478
0.161545510518667,0.135086511274236,1037,1037,0.000740785499798597,0.0101447330254975
0.16083715222204,0.134691123207016,1038,1038,0.000811235600858327,0.00933356264622579
0.161858784252522,0.13530100079975,1039,1039,0.00118982464414945,0.0105224429927631
0.15972656413035,0.134307560644632,1040,1040,0.00235229377229883,0.00817647535036146
0.161277117915688,0.135298855789877,1041,1041,0.00184034863713722,0.0100149777204818
0.161178079298392,0.135191412063826,1042,1042,0.000146125979837681,0.00987537349745654
0.161078565808589,0.134942954274243,1043,1043,0.000267645675955601,0.00966630869204571
0.158938207270075,0.133725441257285,1044,1044,0.00246241195169485,0.0072040713229999
0.158596078000726,0.133220917236922,1045,1045,0.000609587503209225,0.00666675219174538
0.157805449008019,0.1329152599919,1046,1046,0.000847655918131449,0.00582328677872718
0.159521161597782,0.134038770000683,1047,1047,0.00205083993293216,0.00786586344516514
0.158308351727428,0.133355765785605,1048,1048,0.00139190608140208,0.00647404799587471
0.161110557641665,0.13517221891501,1049,1049,0.00333944006640546,0.00980732359682789
0.159674520745084,0.134164830311889,1050,1050,0.00175414758958323,0.0080610619109877
0.16143376802283,0.135224744881731,1051,1051,0.00205386705500119,0.010113917029063
0.15905963764349,0.133731833125491,1052,1052,0.00280451075412916,0.00731371353953713
0.159715741373324,0.134130468554061,1053,1053,0.000767712387039655,0.0080805637397501
0.159403724576222,0.133764367487848,1054,1054,0.000481024398919431,0.00763299588950505
0.159515662074561,0.133935647790738,1055,1055,0.000204614138544315,0.00781186761096942
0.158752680867001,0.133588053794348,1056,1056,0.000838428237487646,0.00697535166558602
0.16069282832247,0.134680474238059,1057,1057,0.00222655666328049,0.00920174664905617
0.160630609094112,0.134306949137177,1058,1058,0.00037867166961092,0.00897230626964829
0.161738504196411,0.13506244318891,1059,1059,0.00134097084975858,0.0103035310937579
0.161008293119077,0.134602218067026,1060,1060,0.000863142734589367,0.00944313767759924
0.162544623089328,0.135604102510903,1061,1061,0.00183414345577878,0.0112697740621511
0.16130942944534,0.134909407850479,1062,1062,0.00141714643187319,0.00985286974059646
0.163258306005648,0.136100865557387,1063,1063,0.00228422663382302,0.0121341714556024
0.162713125004757,0.135675555437717,1064,1064,0.000691455726439898,0.011452005017892
0.163234973547499,0.136010089495545,1065,1065,0.000619870097205197,0.0120701543136661
0.161995598895434,0.135477058503694,1066,1066,0.00134913734158371,0.0107273417226637
0.16401072214185,0.136457190685675,1067,1067,0.00224084376795962,0.0129652547528845
0.161662264904727,0.135133370872378,1068,1068,0.00269587653513136,0.0102697154524994
0.161802447909303,0.135269478816461,1069,1069,0.000195388452100745,0.0104578903566079
0.159022677330984,0.133654998887257,1070,1070,0.00321460260528301,0.00724480568030301
0.162047877445758,0.135192022204653,1071,1071,0.00339326928089281,0.0106376504176979
0.160129242004153,0.134310847238425,1072,1072,0.00211131032273561,0.00852998276592947
0.159517277610292,0.133958642063491,1073,1073,0.00070607995624069,0.00782416459035059
0.159318390512335,0.133810190638387,1074,1074,0.000248181190562948,0.00757876223209581
0.160739064428031,0.134578685265156,1075,1075,0.00161520845902752,0.00919393929866971
0.160068794011848,0.134297589988316,1076,1076,0.000726826654348671,0.00847052981896654
0.15976783802779,0.13416706249278,1077,1077,0.000328042575638259,0.00814383628432635
0.158513178729042,0.133400557515767,1078,1078,0.00147027202779627,0.00667551691342258
0.161895878292155,0.135457146781758,1079,1079,0.00395881494178185,0.0106306032057416
0.160501952388654,0.134680567052715,1080,1080,0.00159565206107508,0.00903496317821008
0.160819807034725,0.134779724625738,1081,1081,0.000332962160487812,0.0093608603099562
0.158759384156551,0.133543632371964,1082,1082,0.00240276226388372,0.00696010892043685
0.158610123639578,0.133703093958531,1083,1083,0.000218418633631761,0.00690729880983911
0.157598602827158,0.133183825717182,1084,1084,0.0011370197273717,0.00577192602679983
0.157066632071226,0.132681325879968,1085,1085,0.00073177795236511,0.00506099538258571
0.155697121394641,0.131938614645814,1086,1086,0.00155794077891934,0.00350307398177883
0.157139538854025,0.132763310813073,1087,1087,0.00166153299558779,0.00516445424450859
0.15541996743533,0.131761659449507,1088,1088,0.00199003299423039,0.00317502008206401
0.157623388519502,0.133150205808514,1089,1089,0.00260444340796381,0.0057763332657102
0.156357982262972,0.132271122597322,1090,1090,0.00154079209702867,0.00424245760645677
0.156719289316498,0.132676632561097,1091,1091,0.000543121641668551,0.00475688280168958
0.153290681794976,0.130328042938935,1092,1092,0.00415586606496899,0.00066743468296253
0.156590274867879,0.132520327795274,1093,1093,0.00396149306929622,0.00456670071261495
0.155839400576888,0.132116735661061,1094,1094,0.000852466311164173,0.00371461843133895
0.155519601048488,0.131839191186634,1095,1095,0.000423441464254716,0.00329961404295912
0.155804241607381,0.131944875135422,1096,1096,0.000303626982987714,0.00360024358103971
0.156893600905039,0.132438396385428,1097,1097,0.0011959376671052,0.00479430100612707
0.156205379043582,0.132110077488361,1098,1098,0.000762523854550505,0.00403215434948085
0.158730278750507,0.133834232286202,1099,1099,0.00305742183824058,0.00707712111964717
0.155664243098221,0.131814322128929,1100,1100,0.00367159524791893,0.00341562713162343
0.157648204565837,0.133017933441753,1101,1101,0.00232051358482169,0.00573279091089895
0.156296807785282,0.132317968541738,1102,1102,0.00152191462301518,0.0042115729052955
0.158318899801506,0.133450003988551,1103,1103,0.00231740380057456,0.00652897063117093
0.15672079142426,0.132507371437251,1104,1104,0.00185539928645922,0.004674127506315
0.157802349451184,0.13298945502925,1105,1105,0.00118413358844213,0.00585487476709473
0.157922677343896,0.133170251259314,1106,1106,0.000217177527773444,0.00604669423321187
0.159248778642118,0.134137853485836,1107,1107,0.00164158421103391,0.00767797668912963
0.158259973785945,0.133218780791727,1108,1108,0.00134997394813638,0.00636662690917805
0.159294592347824,0.134192572016586,1109,1109,0.00142081135911713,0.0077452267675152
0.156379981950201,0.132211132073538,1110,1110,0.00352435214157713,0.00423369574331115
0.159989807320661,0.134580259915451,1111,1111,0.00431782421325161,0.00854100125680283
0.15854342648598,0.133752064963069,1112,1112,0.00166671065217756,0.00687443102427502
0.161589275891353,0.135505201595231,1113,1113,0.00351435437189187,0.0103886116310788
0.160374053984136,0.13476630603298,1114,1114,0.0014222274556805,0.008966593628827
0.162275939449573,0.135903268233207,1115,1115,0.00221581844210757,0.0111823050850006
0.160955574965909,0.135310587899337,1116,1116,0.0014472844737226,0.00974471745471303
0.162026246799383,0.135533028280766,1117,1117,0.00109353458943213,0.0107814300388224
0.159325043803744,0.134324795628927,1118,1118,0.00295910860980451,0.00783935777710879
0.161202920791502,0.135310679968061,1119,1119,0.00212094080806183,0.00995697285398015
0.16088487024551,0.135152027936271,1120,1120,0.000355424558797953,0.0096024619817549
0.161277123521838,0.135224839777863,1121,1121,0.000398953878369269,0.00997787491853049
0.160281751445389,0.134459812752352,1122,1122,0.00125540109938454,0.00873521239632424
0.161453019268492,0.135244588035516,1123,1123,0.00140987253271381,0.0101404415979369
0.161416230078285,0.135145411753855,1124,1124,0.000105779862734931,0.0100598084416082
0.162126963225753,0.135567365541089,1125,1125,0.00082655103016764,0.0108860694842233
0.16129781360333,0.135225522879011,1126,1126,0.000896853110594088,0.00999615541345285
0.162556598719491,0.136268096420674,1127,1127,0.00163447225685994,0.011610181197807
0.161766535949373,0.135583572247501,1128,1128,0.00104535760598227,0.0105811868875164
0.163391955814184,0.136458041046841,1129,1129,0.00184572083965671,0.0124259618462247
0.162553769707349,0.136097509128752,1130,1130,0.000912435868241294,0.0115202463872284
0.163341222142651,0.13636913435669,1131,1131,0.000832983554649008,0.0123377046059308
0.161281755706899,0.135244804706888,1132,1132,0.0023463842740294,0.00999185548484876
0.16326863321878,0.136375657425027,1133,1133,0.00228615618830802,0.0122779780312373
0.162832963198419,0.13586100320945,1134,1134,0.000674297655528838,0.0116458848071938
0.161384510523165,0.135155670971092,1135,1135,0.00161105826055924,0.0100371196040771
0.160839231849898,0.135037006163591,1136,1136,0.00055804136769547,0.0095048025378009
0.162686656718555,0.136247823779544,1137,1137,0.00220885896888781,0.0117112029009393
0.159558139794072,0.134362954782081,1138,1138,0.00365244428901729,0.00805881426459221
0.161676313876896,0.135787594335908,1139,1139,0.00255269647695796,0.0106084170119369
0.160800913398469,0.13516081823808,1140,1140,0.00107664955971696,0.00953488884464759
0.162324601560352,0.135824901834299,1141,1141,0.00166211691448837,0.0111850538054366
0.160834922342695,0.135039007040396,1142,1142,0.0016842727803419,0.00950208793700558
0.162769878959324,0.135791518899488,1143,1143,0.00207613371590283,0.011557168446395
0.162417760858649,0.13576623646176,1144,1144,0.000353024586226626,0.0112369994128954
0.163973598120058,0.136596585875117,1145,1145,0.00176355032030645,0.0130001514025392
0.162775682070109,0.136071912579561,1146,1146,0.00130777862415499,0.0116992317130436
0.164050094317577,0.136724240649282,1147,1147,0.00143166283986288,0.0131294403109089
0.163059177754863,0.136187206509385,1148,1148,0.00112708531251029,0.0120025774578456
0.164271837251809,0.136747043949786,1149,1149,0.00133565003470545,0.0133338957860225
0.163545450405057,0.136659342930181,1150,1150,0.000731662025783776,0.0126598735523594
0.164332226923959,0.136896156811454,1151,1151,0.000821643538925358,0.0134596638130688
0.162911600773048,0.136250615299779,1152,1152,0.0015604174133694,0.0119063732502665
0.165172189862479,0.137479251133609,1153,1153,0.00257289895709604,0.0144782980672901
0.165771942153032,0.137870316271739,1154,1154,0.000715985162055268,0.0151932509712913
0.165139683954529,0.137406266116779,1155,1155,0.000784278634090726,0.014413769002811
0.162889017078602,0.136097993924827,1156,1156,0.00260328206589963,0.0118105649593188
0.164727272072413,0.136895471829309,1157,1157,0.00200378452694111,0.0138042405325774
0.162956195112845,0.136109124896096,1158,1158,0.00193779645372957,0.011874465097676
0.16483409907015,0.137288576435804,1159,1159,0.00221757281895867,0.0140901629438033
0.16327551359789,0.136525574327887,1160,1160,0.00173532731524244,0.0123593818231551
0.164952538327364,0.136948269611393,1161,1161,0.0017294748468726,0.014027241575717
0.163189486597681,0.136153004591617,1162,1162,0.00193411422961906,0.0120992768565775
0.165091422795518,0.137118339963001,1163,1163,0.00213289326500069,0.0142307217396556
0.165250707916175,0.137533674643366,1164,1164,0.000444831031265006,0.0145735042643671
0.166531511911923,0.13828668496137,1165,1165,0.00148576021435021,0.0160592197127821
0.164748523582154,0.137463251096059,1166,1166,0.00196394773724562,0.0141046186482679
0.164526842149771,0.137202274622093,1167,1167,0.000342419884683786,0.0137811014252713
0.163073601073846,0.13663440033213,1168,1168,0.00156025345183385,0.0122422617284735
0.16506653095061,0.137593870004182,1169,1169,0.00221186607761151,0.0144447824762972
0.161995207235758,0.135810040973351,1170,1170,0.00355177073762522,0.010893131782712
0.164235082014477,0.137207873371356,1171,1171,0.00264026029725394,0.0135328647536123
0.159327224745563,0.134302088800486,1172,1172,0.00570356440696009,0.00782944569814902
0.160594719137941,0.134710505567598,1173,1173,0.00133167048866066,0.00913051249300475
0.160017892210023,0.134719508525746,1174,1174,0.000576897181503696,0.0086364529540725
0.161248398599814,0.135216459652941,1175,1175,0.00132706684011679,0.00994879915511698
0.159247848167491,0.134243920815057,1176,1176,0.00222441763692487,0.00773142722251923
0.160267528876574,0.134676728871683,1177,1177,0.00110773262223179,0.00882948179726893
0.159433297653957,0.134307836989774,1178,1178,0.000912152922117189,0.00792334150931857
0.161192760696135,0.135086263740213,1179,1179,0.00192396943910011,0.00983596503324702
0.160402475509582,0.134999258358307,1180,1180,0.000795060131415981,0.00911039417476889
0.161001371653942,0.134919214106535,1181,1181,0.000604221543782994,0.00958731103609313
0.158850623253867,0.133912631899152,1182,1182,0.00237464237742135,0.00722059888023734
0.162532574234045,0.135846796968722,1183,1183,0.00415905728943249,0.0113765819501075
0.161122751704938,0.135134635936867,1184,1184,0.00157948501065059,0.00979908494398352
0.162841813305832,0.13597400572581,1185,1185,0.00191303801066709,0.01170846656847
0.16116755363207,0.135123757624837,1186,1186,0.0018777825455557,0.00983255317437467
0.162829316478614,0.135864417874341,1187,1187,0.00181934970892078,0.0116443353343976
0.161987937512973,0.135786499112159,1188,1188,0.000844979228930306,0.0108748770638986
0.16432732917948,0.136736724744784,1189,1189,0.0025250113113049,0.0133773755748844
0.162703455054342,0.136233848733482,1190,1190,0.00169995631033047,0.0117184922249077
0.163221139612745,0.13601706437901,1191,1191,0.0005612421566065,0.012061332300569
0.16194592661003,0.135649937104975,1192,1192,0.0013270081528137,0.0107696242909438
0.163648638980369,0.1365668070627,1193,1193,0.00193387691839065,0.0127027007437086
0.161587785090148,0.135401150237952,1194,1194,0.0023676728215523,0.0103350750368046
0.164172344722034,0.136818082896046,1195,1195,0.0029474814076339,0.0132820854862089
0.162743955606704,0.136300990640284,1196,1196,0.0015191049554798,0.0117876569966402
0.165059799228072,0.137348981485199,1197,1197,0.00254193164535528,0.0143159881243317
0.163455488812306,0.136642797162286,1198,1198,0.00175285715563581,0.0125739547670029
0.166281887066421,0.13804821867715,1199,1199,0.00315653872545611,0.0157239760387053
0.165100052036546,0.137512453130462,1200,1200,0.00129760500879751,0.0144325192275869
0.166074255760918,0.137913091909295,1201,1201,0.00105336808746244,0.015476669996377
0.164983293154015,0.137334293862582,1202,1202,0.00123499254594528,0.0142422894780574
0.165052554895012,0.137628988315539,1203,1203,0.000302724312486053,0.0144506497079246
0.164246664738981,0.136974161679143,1204,1204,0.0010383914807636,0.013424227402898
0.166461794593718,0.137718658030284,1205,1205,0.00233689432585376,0.0157212432130804
0.163448905679192,0.136539496087341,1206,1206,0.0032354168972416,0.0125160602271052
0.164405926892466,0.137032972732198,1207,1207,0.00107675846951678,0.0135915592604473
0.163180831375902,0.136582301648508,1208,1208,0.00130535951001281,0.0123069970873787
0.164961091413524,0.137250290100799,1209,1209,0.00190145585642912,0.0141813803078198
0.162900016612158,0.136387709383089,1210,1210,0.0022342951531499,0.0119661039586875
0.16461643482646,0.137165379305985,1211,1211,0.00188437310407557,0.0138400606250814
0.163156684726665,0.136454466861703,1212,1212,0.00162365847926412,0.0122209054462801
0.167267405624218,0.138283197126378,1213,1213,0.00449914221585827,0.0166987224281139
0.167352202502434,0.138590770460971,1214,1214,0.000319048376751278,0.0169225705292676
0.169305869896256,0.13970589616682,1215,1215,0.0022495158646979,0.0191720757223084
0.167308472222097,0.138837790825326,1216,1216,0.00217788988533965,0.0170079132674393
0.169412202897131,0.139945350300222,1217,1217,0.00237747150214466,0.0193833024065133
0.167131952826319,0.138600522017157,1218,1218,0.00264728228497982,0.0167361458594239
0.168302696281097,0.139003830333937,1219,1219,0.0012382640410227,0.0179535143155478
0.165359209996755,0.137615826911326,1220,1220,0.00325433019334085,0.0147085513394808
0.166839336108046,0.138165182584925,1221,1221,0.00157878591374509,0.0162669893199326
0.164491538815971,0.137003401672578,1222,1222,0.00261952037842178,0.0136511623466032
0.163052111430104,0.136253361320351,1223,1223,0.00162311790365126,0.012029313998308
0.164359911081181,0.136906906816758,1224,1224,0.00146200603392399,0.0134890464712993
0.167943257379149,0.138915189867049,1225,1225,0.0041077453062778,0.0175967480596149
0.168837114548211,0.139554289682368,1226,1226,0.00109883083894891,0.0186897897900591
0.170053703130809,0.14043160440352,1227,1227,0.00149992296444097,0.0201822546897964
0.169448748930214,0.140114317292234,1228,1228,0.00068311104207582,0.0194998828881631
0.16826964893291,0.139629017132828,1229,1229,0.00127506589961534,0.018238145116024
0.166386333939035,0.138529273621214,1230,1230,0.00218089686998082,0.0160574148371775
0.167318097664299,0.139104120005729,1231,1231,0.00109482053575354,0.0171521723973187
0.16560369117068,0.137959254172442,1232,1232,0.00206153035427277,0.0150931608298202
0.166403328348887,0.138295562515026,1233,1233,0.000867480788295667,0.0159528456163512
0.161519061813454,0.135507530865974,1234,1234,0.0056239825804554,0.0103292896638372
0.162433399154549,0.136087629145798,1235,1235,0.00108283276066742,0.011411640226237
0.16235608912358,0.135856047251631,1236,1236,0.000244145478341044,0.0112278805401469
0.162955978554628,0.136387064893742,1237,1237,0.000801153584350139,0.0120138491253434
0.163512988353535,0.136347545350514,1238,1238,0.000558409984128882,0.0124765831229863
0.163758319527873,0.136683492318272,1239,1239,0.000415990084314255,0.0128559678355119
0.162389057670257,0.135840694152269,1240,1240,0.00160785160488778,0.0112488196660121
0.162183082702647,0.135833475614723,1241,1241,0.000206101418157177,0.0110669130054716
0.162638947221681,0.13584906133258,1242,1242,0.000456130874109199,0.011470417717181
0.164430266733238,0.137042311979205,1243,1243,0.00215236444361869,0.0136173128931001
0.163490194451583,0.136321932406325,1244,1244,0.00118434902953416,0.0124441844757144
0.164745644131345,0.137128760808464,1245,1245,0.0014923558452707,0.0139340213326153
0.165463202950216,0.13759605297846,1246,1246,0.000856301717082755,0.0147888250091634
0.166178943176556,0.13816124656077,1247,1247,0.000911991149674913,0.0156913472627821
0.167376571870303,0.138575930292469,1248,1248,0.00126738987112204,0.0169364785095815
0.16590939797333,0.137907332659633,1249,1249,0.00161233434454294,0.0153307780573571
0.165289955010047,0.137467483807776,1250,1250,0.000759721394487714,0.0145746207836077
0.165173458184251,0.137604936600611,1251,1251,0.000180179856472656,0.014542555250848
0.166152509074958,0.137953276072516,1252,1252,0.00103917324555607,0.0155645548250383
0.167548184212228,0.138852202214497,1253,1253,0.00166011363994529,0.0172224436750671
0.164888504196483,0.137669297841327,1254,1254,0.002910869379106,0.014330670236076
0.166576335469085,0.138484717841159,1255,1255,0.00187448237679074,0.016197813956463
0.165744881756443,0.137805671067249,1256,1256,0.00107350817296599,0.0151374768118717
0.165215227089929,0.137422451573152,1257,1257,0.000653751670296723,0.0144873989352793
0.164005071557573,0.136941400309861,1258,1258,0.00130226215886283,0.0131990406225049
0.163683450558503,0.136645728077516,1259,1259,0.000436877712892924,0.0127722504512795
0.162826644182764,0.136006867703679,1260,1260,0.00106876552281909,0.0117113541909586
0.164467747787175,0.136948240075972,1261,1261,0.00189193101981248,0.0136032460831266
0.163559485446372,0.136289704959925,1262,1262,0.00112187743483353,0.012489097017507
0.165397020694577,0.137455898274557,1263,1263,0.00217635995080953,0.0146620359814846
0.165357007282909,0.137076794458928,1264,1264,0.000381209622303958,0.0144442136146347
0.166831857443937,0.13830672993908,1265,1265,0.00192039690762637,0.0163298243375173
0.165102726252215,0.137202093139045,1266,1266,0.00205185699749668,0.0142812047292436
0.164788018954768,0.137172946977817,1267,1267,0.000316054080469325,0.0139926965849254
0.164026606108137,0.136718124069584,1268,1268,0.00088691228476558,0.0131059915867711
0.166490548619515,0.138431764610823,1269,1269,0.00300126250167387,0.016097019856968
0.163097496614699,0.136248318850761,1270,1270,0.00403487760589031,0.0120661575042879
0.164722938570121,0.137187177047532,1271,1271,0.00187710315755117,0.013943250548301
0.165859428821542,0.138059000694786,1272,1272,0.00143237095875565,0.0153640361785595
0.167437517783218,0.138837497566219,1273,1273,0.00175966535164958,0.0171192780130829
0.168045394180759,0.139195978171268,1274,1274,0.000705706779678027,0.0178249664156685
0.168074085973426,0.138968186747185,1275,1275,0.000229591271289481,0.0177367218691282
0.167988063592024,0.139331512238529,1276,1276,0.000373370141766433,0.0178439963796187
0.169199549425662,0.139906139715152,1277,1277,0.00134085594378946,0.0191796856921002
0.168001733711901,0.139445806578277,1278,1278,0.00128322604440507,0.0179141648017903
0.169564179967438,0.140171694336504,1279,1279,0.00172283235951367,0.0196284823058052
0.168654479765435,0.13955668237617,1280,1280,0.00109808659443557,0.0185328184540171
0.16936379824598,0.139717079408364,1281,1281,0.000727227553644208,0.0192279932656993
0.167773339338144,0.139114963884517,1282,1282,0.00170061831154817,0.0175491216220939
0.170155619235611,0.139648714142467,1283,1283,0.00244134119855023,0.0198886094641291
0.168365952744405,0.138971283467524,1284,1284,0.00191358785246478,0.0179929709984936
0.167725052910605,0.13878281838805,1285,1285,0.0006680356900237,0.01734165147996
0.166963979549033,0.138298583561875,1286,1286,0.000902062097959701,0.0164408868596269
0.167717415593037,0.13877971254145,1287,1287,0.000893952441347904,0.0173334744618062
0.168076410989693,0.138807433641716,1288,1288,0.000360064097376753,0.0176602967394857
0.168444105547308,0.139033474756144,1289,1289,0.000431617739570531,0.0180914812955022
0.165518957380075,0.137560062355202,1290,1290,0.00327527646215101,0.0148194549259976
0.168817573792043,0.139609397956947,1291,1291,0.0038833808262759,0.0187003648108667
0.166006118491478,0.138221297660506,1292,1292,0.0031354590317936,0.0155729909745188
0.166531759153204,0.13839592245572,1293,1293,0.000553888007058571,0.0161143762488992
0.163488502296893,0.136591065072823,1294,1294,0.00353820893476968,0.0125762322060508
0.165005043361008,0.137242116954581,1295,1295,0.00165038339542361,0.0142155993203267
0.165799672415186,0.137844486960654,1296,1296,0.000997138384558272,0.015204329844781
0.166678809566331,0.138275758687898,1297,1297,0.000979222872099759,0.0161814925910636
0.164603426560876,0.137257976388501,1298,1298,0.00231151366604144,0.0138753296958074
0.166864448884007,0.138751604733373,1299,1299,0.00270982427074221,0.0165818067401171
0.162564541410672,0.136050088363801,1300,1300,0.00507812908208384,0.0115055512999223
0.166672050440772,0.138577367746579,1301,1301,0.00482273485804174,0.0163273680578977
0.165136874294637,0.137588849465687,1302,1302,0.00182590640267247,0.014502859675656
0.166349113661876,0.138294550991937,1303,1303,0.00140268989004527,0.0159055423024174
0.161408416154453,0.135629986342414,1304,1304,0.0056134122092851,0.0102976448001971
0.163884203453328,0.136632882843703,1305,1305,0.00267120275186469,0.0129400714596182
0.162960545829125,0.136174744317296,1306,1306,0.00103103555521984,0.0119107531070923
0.16199928758067,0.135651198520508,1307,1307,0.00109458559352612,0.0108164563089234
0.160592584561783,0.134678434725903,1308,1308,0.00171028733943752,0.00911302290682863
0.161716232972021,0.135340203596256,1309,1309,0.00130404132894509,0.0104167125933561
0.160701512454867,0.134717817721156,1310,1310,0.00119038729221067,0.00922738165991885
0.163235390369734,0.136263351379235,1311,1311,0.00296803159951283,0.0121934056892881
0.162172212940932,0.135628085346024,1312,1312,0.00123851087119424,0.0109552557717046
0.162742932114814,0.135926812873929,1313,1313,0.000644172734105886,0.0115991378882278
0.162397983025148,0.135814023306945,1314,1314,0.00036292059859159,0.0112433434754886
0.164999617713037,0.137058853282871,1315,1315,0.00288411246628689,0.014121608712942
0.162069942246236,0.135487313439039,1316,1316,0.00332456550868321,0.0107972941798992
0.16413275018399,0.136556609970246,1317,1317,0.00232348265750175,0.0131200179068407
0.163587628007909,0.136112206777738,1318,1318,0.000703315280913727,0.0124290434988708
0.165377233066699,0.13722529622008,1319,1319,0.00210752327937358,0.0145327290811789
0.164978230371914,0.137157357258661,1320,1320,0.000404745417422053,0.0141506945474741
0.166896020797436,0.138300623298837,1321,1321,0.00223270628494715,0.016382663992006
0.165037989483215,0.137102821001204,1322,1322,0.00221065843332713,0.0141764388643561
0.167172502166234,0.138000639585446,1323,1323,0.00231564734020059,0.0164808342514301
0.16573238049523,0.137429638608412,1324,1324,0.00154919093176741,0.014942375265634
0.166694044990371,0.137904568067121,1325,1325,0.00107254677845055,0.0160140195297313
0.165720272799641,0.137477683965138,1326,1326,0.00106323201417376,0.0149549182790462
0.16632116776385,0.137839338089415,1327,1327,0.00070133334700244,0.0156557836296083
0.165485517899653,0.137643865576793,1328,1328,0.000858207549909587,0.0148319729823185
0.166537121680907,0.13801808066106,1329,1329,0.00111620224065309,0.0159313975933221
0.163598621006916,0.136048077513626,1330,1330,0.00353775332830592,0.0124086446879575
0.166172109190928,0.137672578137973,1331,1331,0.00304332773649971,0.0154447475120725
0.165288772854562,0.137483890378267,1332,1332,0.000903264166125369,0.014581725783243
0.166767067200594,0.138151166709297,1333,1333,0.00162191611233816,0.0161970486699303
0.16337448981089,0.136106458187677,1334,1334,0.0039611127582428,0.0122387610691675
0.16427101149112,0.136566263469715,1335,1335,0.00100755745270984,0.0132460263901007
0.164658979117548,0.136685529981863,1336,1336,0.000405885920027483,0.0136441536317621
0.164277385686142,0.137003681642334,1337,1337,0.000496823938586678,0.013465606741535
0.163220984647713,0.136263887518328,1338,1338,0.0012896815498052,0.0121811402608469
0.164903324946675,0.137020257779458,1339,1339,0.00184455004091324,0.014018644505257
0.166467919338868,0.137972137046081,1340,1340,0.00183140103481164,0.0158485785880775
0.167223346259137,0.138776946629516,1341,1341,0.00110380627714031,0.0169037166710401
0.166487108559663,0.138335723909879,1342,1342,0.000858325951168194,0.0160454471951502
0.168713086734365,0.139599815914745,1343,1343,0.00255986472904604,0.0186051619144443
0.166979896943782,0.138622960827493,1344,1344,0.00198952072411241,0.01661583775505
0.168038822314835,0.139232290993028,1345,1345,0.00122172263304414,0.0178375401742083
0.167640343262823,0.139259769490472,1346,1346,0.000399425365636798,0.0175085429096351
0.16998537106339,0.140494189790075,1347,1347,0.00265008468949638,0.0201550220153653
0.169276727478693,0.139741922962552,1348,1348,0.0010334800965307,0.0191645473464541
0.167903498690432,0.139075112166025,1349,1349,0.00152656278720274,0.0176416073880637
0.166974791820194,0.13853770362915,1350,1350,0.00107298853038318,0.0165686191486591
0.167532662654469,0.1389691971389,1351,1351,0.00070527052730944,0.0172677765356797
0.167520711649795,0.138695138113276,1352,1352,0.000274319478051898,0.0171206322622348
0.16756442717562,0.138909163497446,1353,1353,0.000218444300148201,0.0172650149651307
0.16633191230169,0.13831434203736,1354,1354,0.00136854137089025,0.0159007335149458
0.167382583950438,0.138769059037481,1355,1355,0.00114484866409558,0.0170374547814326
0.167179017543196,0.138844359369517,1356,1356,0.000217047050572261,0.0168996381455249
0.166181844037586,0.137874738415788,1357,1357,0.00139087015720384,0.0155513961504187
0.165526351064153,0.137647107947293,1358,1358,0.000693892404055954,0.0148689975719079
0.167312627333472,0.138595241419247,1359,1359,0.00202231055749931,0.0168903558086679
0.166409909701249,0.138270118011512,1360,1360,0.00095948129412919,0.0159457165233761
0.168547350858443,0.13976010147528,1361,1361,0.00260551442574517,0.0185437487442043
0.168742829581745,0.139773931714741,1362,1362,0.000195967361535816,0.018718865746706
0.169548558798551,0.140239293022951,1363,1363,0.000930462636538636,0.0196492840178466
0.168067920133017,0.139389177178052,1364,1364,0.00170733353731034,0.0179420871895996
0.167524937970984,0.139169632531032,1365,1365,0.000585687186407041,0.0173632160180797
0.166171994800921,0.138529610246735,1366,1366,0.00149669093196156,0.0158743221586301
0.171125414248237,0.14077785611501,1367,1367,0.00543975860726044,0.0212836460892008
0.169776828754686,0.140157239328841,1368,1368,0.00148453630089983,0.0198050224469782
0.171135598026741,0.141315340141169,1369,1369,0.00178534350369748,0.0215633080464798
0.171892197462407,0.141569418417443,1370,1370,0.000798121843156452,0.0223437252834682
0.17240556687116,0.141873036167134,1371,1371,0.000596432634730443,0.0229401555491519
0.170921362786317,0.140850481580535,1372,1372,0.00180235391864111,0.0211428647318114
0.172404064097023,0.141754091566756,1373,1373,0.00173635082398996,0.0228788218862253
0.174374896610247,0.142875962982724,1374,1374,0.00226776900700744,0.0251465004224624
0.176683095526006,0.143949584287395,1375,1375,0.0025456718053508,0.0276826801872986
0.174887404124326,0.143067426973053,1376,1376,0.00200067716968956,0.0256860208810705
0.1751988731861,0.142849133970365,1377,1377,0.000380348276537965,0.0258493105206474
0.17279680420875,0.141456683616352,1378,1378,0.00277648219161206,0.0230732385285265
0.17272516888553,0.14145669573393,1379,1379,7.16353242448484e-05,0.0230106521816423
0.172026576245275,0.140805443056043,1380,1380,0.000955071582382046,0.0220845190822386
0.170398935387663,0.13988541079776,1381,1381,0.00186967219523883,0.0202151136528146
0.167002001779812,0.138171394827918,1382,1382,0.00380486644719939,0.0164122891973391
0.169726929670578,0.139595397701984,1383,1383,0.00307457577483847,0.0194862317647227
0.167786732918983,0.1384808877367,1384,1384,0.00223752003289736,0.0172492813525673
0.168394380173371,0.13879273102469,1385,1385,0.00068299445241566,0.0179320978899918
0.166368927258789,0.137631431439563,1386,1386,0.00233475399894892,0.015598120691707
0.167189878963599,0.138467915310257,1387,1387,0.00117203539518319,0.0167208024067088
0.166115887864036,0.137929618854824,1388,1388,0.00120134089910895,0.0155210250235407
0.166149370815626,0.137866948447263,1389,1389,7.10541204362247e-05,0.0155192770636913
0.165338626723179,0.137375201742357,1390,1390,0.000948219808495192,0.0145715811410845
0.166938042007385,0.138144868234306,1391,1391,0.00177496922795278,0.0163434710084004
0.164434627236088,0.136937162923374,1392,1392,0.00277950312739531,0.0135689661307561
0.166503691223222,0.13824188575205,1393,1393,0.002446084103731,0.0160127336481961
0.165935390637941,0.137756212504631,1394,1394,0.000747558732468222,0.0152784951985561
0.167827864660665,0.138871794447427,1395,1395,0.00219681155263168,0.0174749567590084
0.167132053473002,0.138210240236414,1396,1396,0.000960107901740861,0.016544964258914
0.168044894101606,0.138841041444251,1397,1397,0.00110958919291709,0.0176490679910338
0.167386672418356,0.138679198187632,1398,1398,0.000677826691724329,0.0169962518799429
0.169452834782951,0.1399492228753,1399,1399,0.00242528134948456,0.0194204307933216
0.166704853522493,0.138395644620518,1400,1400,0.00315673983748414,0.0162638233417578
0.169910725022439,0.140052642384973,1401,1401,0.00360877453792459,0.0198692643670499
0.167584332631561,0.138700500170505,1402,1402,0.00269079730274893,0.0171786406005158
0.166775354172298,0.138433887257609,1403,1403,0.000851779662162938,0.0163439980742354
0.16609376042947,0.138031555412441,1404,1404,0.00079148022331509,0.0155525501746263
0.163998735157519,0.137353267611276,1405,1405,0.00220209110422806,0.0134071607309242
0.163321061529226,0.136715179722516,1406,1406,0.000930804866911598,0.0124956794379618
0.16642090589024,0.1383613039109,1407,1407,0.0035098090982405,0.0160012506896002
0.167355725187639,0.138752522590372,1408,1408,0.00101338007379157,0.0170059262009673
0.169140477229741,0.13950002588288,1409,1409,0.00193496796461795,0.0189269136984885
0.167508947079169,0.13889936339307,1410,1410,0.00173858737453404,0.0172121128098837
0.169212876448213,0.139912957658936,1411,1411,0.00198261156823186,0.0191946330779565
0.167725820730082,0.139098496115222,1412,1412,0.00169548881300163,0.0174997955111191
0.170571520584583,0.140153543129123,1413,1413,0.00303498465621217,0.0204952093025262
0.168817648843527,0.139417104206036,1414,1414,0.00190221144237683,0.018604935138816
0.170797229219949,0.14033484172366,1415,1415,0.00218196714410834,0.0207804825254586
0.170949955399039,0.140806264714245,1416,1416,0.000495545075479496,0.021145500666484
0.171559417884765,0.141296775789014,1417,1417,0.000782333455745381,0.021918789364602
0.169568709941024,0.140245807476283,1418,1418,0.00225110028911204,0.0196699492433191
0.168686754409803,0.139656907638262,1419,1419,0.00106049449704959,0.0186111915533989
0.167796793828786,0.13903329293864,1420,1420,0.001086703790988,0.0175283016984604
0.167685539196517,0.138642363754605,1421,1421,0.000406451989946949,0.0172384503377911
0.165806321342177,0.13773470650753,1422,1422,0.00208693589317884,0.015155576065912
0.168547432475219,0.139195924347889,1423,1423,0.00310625945804094,0.0182609131130592
0.166836751057479,0.138261794650465,1424,1424,0.00194910984929191,0.016311964235198
0.167662101241703,0.1388504424619,1425,1425,0.00101375991857344,0.0173203534043618
0.16576270126028,0.137882481538915,1426,1426,0.0021318228439194,0.0151913654227627
0.168395323347283,0.139227672183211,1427,1427,0.0029563891696588,0.0181441469275252
0.166762835747017,0.138276663537241,1428,1428,0.00188929436820571,0.0162549559244422
0.16495814181854,0.137721323431518,1429,1429,0.00188820624098786,0.0144171857759502
0.164510339971309,0.137390430469807,1430,1430,0.000556791385074215,0.0138628232031103
0.165698307817223,0.137773640428311,1431,1431,0.00124824575914376,0.0150811324775081
0.16257699080611,0.136297452576572,1432,1432,0.00345278879421895,0.0116428453868902
0.162892348633065,0.136645369573117,1433,1433,0.000469570863136784,0.0120937733169864
0.160445341572315,0.134900859578777,1434,1434,0.00300518862564649,0.00909630327013368
0.16196576351883,0.135832679276944,1435,1435,0.00178324727543258,0.0108794213525434
0.161993401411668,0.13566614594171,1436,1436,0.000168811151481619,0.0108188318959113
0.161668862584647,0.135662096212734,1437,1437,0.000324564093129399,0.0105370583921816
0.161600334791472,0.135237684235914,1438,1438,0.000429908809523286,0.0102655504801267
0.162199473513104,0.13561943471353,1439,1439,0.000710422856416843,0.0109747790148243
0.162001420826697,0.135575286736186,1440,1440,0.000202913554245639,0.0107806064377411
0.163735722991601,0.136535195760139,1441,1441,0.00198222837570767,0.0127627313746593
0.162517419235784,0.135819892396239,1442,1442,0.00141277136998422,0.0113501633254163
0.163144077696329,0.136011863231968,1443,1443,0.000655403408553164,0.0119912062875987
0.162732014118105,0.136010431082303,1444,1444,0.000412066066973248,0.0116308029566236
0.163000110534676,0.1361058096729,1445,1445,0.000284557136832437,0.0119110522079955
0.16158722736948,0.135318647743258,1446,1446,0.00161736289742603,0.0102937190706052
0.164245788538718,0.136815083564181,1447,1447,0.0030507814829512,0.0133444950948605
0.162140875822726,0.135613637739921,1448,1448,0.00242366037442857,0.0109208623957029
0.163402131726496,0.136272810177556,1449,1449,0.00142312148368715,0.0123433478311879
0.162203517128524,0.135708613541486,1450,1450,0.0013247621668153,0.0110221957987334
0.163483834974049,0.136279106955861,1451,1451,0.00140166919114843,0.0124177853148685
0.160813322211931,0.135061859215158,1452,1452,0.00293484760675579,0.00949499787821745
0.161988899485679,0.13560804968709,1453,1453,0.00129626616023998,0.0107859583496196
0.16245449462728,0.136197534522625,1454,1454,0.000751179876732203,0.0114862917865413
0.162719823678555,0.136290514509619,1455,1455,0.000281149041314839,0.0117615699158097
0.162059214854761,0.136165631992262,1456,1456,0.000672309200604037,0.0111330188141407
0.162833901465159,0.136443547838856,1457,1457,0.000823028895069452,0.0119382685602674
0.164005860832744,0.137207637234968,1458,1458,0.0013990430173946,0.0133366569020496
0.166117967783958,0.13817520031711,1459,1459,0.00232318188941112,0.0156457821136986
0.163720993763099,0.13708573632156,1460,1460,0.00263294820577098,0.0130301081283658
0.163987151055712,0.137272394773133,1461,1461,0.000325086268481251,0.0133546357187982
0.163767106427812,0.136969743523075,1462,1462,0.000374189012972594,0.013009097591454
0.163917850991996,0.136962237678558,1463,1463,0.000150931313294405,0.0131345691474546
0.162379615528727,0.135917980055562,1464,1464,0.00185920475570695,0.0112792645274782
0.163533443656967,0.136704093162723,1465,1465,0.00139617089454323,0.0126722530607104
0.163314852210535,0.136848964628651,1466,1466,0.000262240275498379,0.0125601347751559
0.163080004429903,0.136868892127196,1467,1467,0.000235691716584146,0.0123715751668791
0.163621040146615,0.136868503623716,1468,1468,0.000541035856199857,0.0128317370506404
0.164625051491797,0.137155752513142,1469,1469,0.0010442943577987,0.0138427203469998
0.163887361633718,0.136828809417847,1470,1470,0.000806894115899743,0.013040553270152
0.163849658998092,0.137233090465474,1471,1471,0.000406035286894757,0.0132170759797072
0.165581869777314,0.137766353470347,1472,1472,0.00181243582397189,0.0149766723237065
0.164532429711879,0.137300907489174,1473,1473,0.00114802631168836,0.0138359278727338
0.162359163269598,0.135689634753592,1474,1474,0.00270541805597091,0.0111484098617501
0.161820084414122,0.135369585115165,1475,1475,0.000626927255333311,0.0105217084087312
0.162864922829102,0.135755950140307,1476,1476,0.00111398619653587,0.011623774239891
0.164487303289279,0.137332937379802,1477,1477,0.00226252228963459,0.0138135152810109
0.164158953363379,0.137036526384171,1478,1478,0.000442349581405261,0.0133799077099453
0.165578131999168,0.13784981997887,1479,1479,0.00163569999433197,0.0150155104396162
0.164877775398041,0.137171347005339,1480,1480,0.000975102530277684,0.0140699814908719
0.167873919860351,0.138759282783325,1481,1481,0.00339093227211016,0.0174599230274078
0.164808003745186,0.137211069697053,1482,1482,0.0034346477819032,0.0140289443215442
0.167127051250004,0.138628264792643,1483,1483,0.00271779750323051,0.0167457609279207
0.165061411334137,0.137481130790418,1484,1484,0.00236279171343578,0.0143833678139222
0.167816405770562,0.138998233952477,1485,1485,0.00314509083319691,0.0175277524669451
0.164749441732814,0.137049433659517,1486,1486,0.00363374338536419,0.0138983444415202
0.16607437102371,0.137694305834306,1487,1487,0.00147353240469713,0.0153696194798749
0.164025591631501,0.136685019548084,1488,1488,0.00228389049770243,0.0130888023960579
0.163862150548738,0.136532593615637,1489,1489,0.000223487477092376,0.0128716466585767
0.163222903748148,0.136217154314664,1490,1490,0.000712838287876969,0.012159808572775
0.162941305923799,0.135735488656425,1491,1491,0.000557941879593989,0.0116814790820748
0.163813534537111,0.136567855778371,1492,1492,0.00120566072324572,0.0128465411569648
0.166077577956644,0.137899839843211,1493,1493,0.00262679922234564,0.0154730005297704
0.162910687949677,0.136507375201819,1494,1494,0.00345950142271228,0.0120370353487641
0.162705720224537,0.136016039735004,1495,1495,0.000532374219228742,0.0116107517744357
0.16116261985489,0.135367542082416,1496,1496,0.00167383032479867,0.0099514068007186
0.161940034438591,0.135682419839449,1497,1497,0.000838761847502022,0.0107808574448286
0.161942237190513,0.135633784315809,1498,1498,4.86853805143525e-05,0.0107583401408112
0.163977594987638,0.136693043886086,1499,1499,0.00229449606657847,0.0130509875454516
0.161399680581307,0.13514169159675,1500,1500,0.00300871012428926,0.0100435413816494
0.164746852432224,0.137095413932405,1501,1501,0.00387564063922454,0.0139186417933961
0.163316956121246,0.13637468487032,1502,1502,0.00160126632422041,0.0123193976021513
0.165002241202972,0.137168807155596,1503,1503,0.00186301261688251,0.0141772396739487
0.162640697578133,0.135926295612608,1504,1504,0.00266846832967449,0.0115098370363758
0.164784544209867,0.137102469278152,1505,1505,0.00244529402565704,0.0139549356053383
0.164391958410542,0.137140777614701,1506,1506,0.000394450425884736,0.0136336235921774
0.165566654062665,0.137462334358492,1507,1507,0.00121791157913616,0.0148131373948435
0.163326930014861,0.136146919699429,1508,1508,0.00259743710907275,0.0122164994698612
0.168110613547211,0.138758162331891,1509,1509,0.00544997396537485,0.0176664424137709
0.167094778409308,0.138515927596673,1510,1510,0.00104431733412113,0.0166618115648825
0.168260031752023,0.139216596692096,1511,1511,0.00135968839591673,0.0180211877631323
0.165727943180454,0.137893145845616,1512,1512,0.00285709549670982,0.0151666939107683
0.168931712484811,0.140384916088608,1513,1513,0.00405870135627177,0.01919714431743
0.167129028877215,0.139097806008968,1514,1514,0.00221502156788766,0.0169872318397977
0.170011116636337,0.140658451547799,1515,1515,0.00327750581222263,0.0202610887516997
0.169369231569981,0.140537736571527,1516,1516,0.000653137461724069,0.0196496631039294
0.171304958762019,0.141297883874942,1517,1517,0.0020796306606903,0.0216999519754845
0.170121613766794,0.140990646264874,1518,1518,0.00122257937442244,0.0205278113886433
0.171723705784692,0.141560418982831,1519,1519,0.00170039400844023,0.0221940311063833
0.171009465555013,0.141166014012693,1520,1520,0.000815900965902566,0.0213785162751014
0.173118737517844,0.142459155061405,1521,1521,0.00247411438398563,0.0238524103239962
0.1699590792392,0.140880530875208,1522,1522,0.0035320666413656,0.0203316872227951
0.16987095924434,0.140579900799364,1523,1523,0.000313278751267131,0.0201004869803062
0.168367712810784,0.139821111490393,1524,1524,0.00168389757865771,0.0184213869868515
0.170093273487275,0.140817709843341,1525,1525,0.00199267858054155,0.0204136071024125
0.169166426344439,0.140175958713295,1526,1526,0.00112733763314171,0.0192885238622833
0.169747751262675,0.140747805843252,1527,1527,0.000815443315382246,0.0200821509366017
0.170172218156675,0.141038349003121,1528,1528,0.000514380668230145,0.0205959001611371
0.173873012807402,0.143129260525425,1529,1529,0.00425062254745774,0.0248441072604713
0.171132687543243,0.141374286379986,1530,1530,0.00325412304692856,0.02159112093733
0.172596464442724,0.142683035041729,1531,1531,0.00196353402595137,0.0235228258618646
0.17157824257056,0.142400192102576,1532,1532,0.00105677618689102,0.0225109299676072
0.175761986286949,0.144554660140764,1533,1533,0.0047058946027293,0.0271994228236055
0.17346163042229,0.143011289808326,1534,1534,0.00277013160104765,0.024431420341873
0.175156603369724,0.14456428016885,1535,1535,0.00229885022400683,0.0266915778007625
0.172027224225683,0.142475850645447,1536,1536,0.00376225354028459,0.0229304291172885
0.176868285602087,0.144940391970639,1537,1537,0.00543229594128413,0.0283443704572914
0.172616823458481,0.142713974270787,1538,1538,0.00479915264736726,0.0235564666042245
0.175138821174093,0.143893999636901,1539,1539,0.00278440879581747,0.0263229892824315
0.171455204085777,0.14186181959724,1540,1540,0.00420699305525088,0.0221201540806663
0.175944647308653,0.144673647339733,1541,1541,0.00529730834527123,0.0274173604172175
0.175421813629724,0.144238850533177,1542,1542,0.000680002440300039,0.0267441551827996
0.176862595711015,0.145320269731255,1543,1543,0.00180147730702922,0.0285382689902761
0.174076336828524,0.142979280897576,1544,1544,0.00363915749585997,0.024941323579974
0.176072745990271,0.144614512876243,1545,1545,0.00258062650632805,0.0274954436872903
0.173650587071691,0.143098047725377,1546,1546,0.00285771243841031,0.0246378807213222
0.173972033828811,0.143248187999163,1547,1547,0.000354781791352571,0.0249904864438451
0.170098651255615,0.140430315774528,1548,1548,0.00478993699673701,0.0202204280146756
0.171978908529609,0.14166612053832,1549,1549,0.00225001796228852,0.0224675096778867
0.170291528476089,0.140980793035926,1550,1550,0.00182124277090029,0.0206676864407483
0.170958459522294,0.141283416856508,1551,1551,0.000732378452152182,0.0213949828862283
0.173192899399022,0.142278585634722,1552,1552,0.00244603402671346,0.0238244777343195
0.174454439234308,0.143237143390548,1553,1553,0.00158439759128474,0.0253980959259511
0.172657052702228,0.142553448082526,1554,1554,0.00192302824210015,0.0235061962100526
0.174708579105146,0.144090352788655,1555,1555,0.0025633643240067,0.0260597595992874
0.17233139102661,0.142821372950599,1556,1556,0.00269468606522631,0.0233723402220511
0.173672108682591,0.143329116174267,1557,1557,0.00143364117345992,0.024777437031199
0.171909108137636,0.142459119780201,1558,1558,0.00196597676669874,0.0228216334113695
0.172148498793021,0.142840334949054,1559,1559,0.000450147632282087,0.0232286370846553
0.170970117876465,0.141587728919679,1560,1560,0.00171976842898417,0.0215634074579722
0.171390851691014,0.142156874044373,1561,1561,0.000707773350492891,0.0222220919867023
0.171358830739121,0.141696886688286,1562,1562,0.000461100541227398,0.0219517312339638
0.17333118708596,0.143147799358729,1563,1563,0.00244853775469564,0.0243921854383315
0.173531542027388,0.143080778338844,1564,1564,0.000211267412681096,0.0245273433252993
0.172382116915713,0.142818985199189,1565,1565,0.00117886120273733,0.023413837710781
0.172553852347683,0.142814328195356,1566,1566,0.00017179856308726,0.0235564274828842
0.171611156012986,0.142439136164972,1567,1567,0.00101461590718643,0.0225596621905017
0.169119133384434,0.14046329785224,1568,1568,0.00318026945702286,0.0193977257387388
0.169905684779104,0.140651513830338,1569,1569,0.000808757287984601,0.0201671255356571
0.16780176893567,0.139385929992847,1570,1570,0.00245523203098398,0.0177118936681345
0.17056635114574,0.140947185988157,1571,1571,0.00317497009106061,0.0208858194584598
0.1688127301528,0.140021548505443,1572,1572,0.00198292494469325,0.0189058593360435
0.168204089384571,0.140030512477597,1573,1573,0.000608706774684543,0.0183922704145881
0.166790225506902,0.139232654333256,1574,1574,0.00162344962443176,0.0167707801310836
0.168036225940489,0.140252257984149,1575,1575,0.00161000269733119,0.0183701136015354
0.165157380589114,0.13803767146561,1576,1576,0.00363209911831095,0.0147524691311682
0.16979042371875,0.140859918649561,1577,1577,0.00542495786236085,0.0201772672613542
0.167001624208787,0.139562928526435,1578,1578,0.00307564401162722,0.0171269971838803
0.170224555371673,0.141503597047047,1579,1579,0.00376211105466055,0.0208874388584533
0.169083265010074,0.140728826643424,1580,1580,0.00137942483224326,0.0195085693249697
0.169572570691172,0.141058081265879,1581,1581,0.000589770002596491,0.0200981564829353
0.166787791312896,0.139328374945082,1582,1582,0.0032782434537222,0.0168201933085656
0.168682467256874,0.140603300661638,1583,1583,0.00228368835777161,0.0191033861946067
0.167456313585611,0.13949033627761,1584,1584,0.00165594158884434,0.0174718408690235
0.168990447139713,0.140574235331164,1585,1585,0.00187840435479568,0.0193474094563376
0.167784548405868,0.139610192849045,1586,1586,0.00154388136319423,0.0178139490452675
0.171161094272005,0.141510350376919,1587,1587,0.00387448843292371,0.0216858094553424
0.165859031201024,0.138528281107453,1588,1588,0.00608314145294597,0.0156074458521067
0.1705948034567,0.141513517729187,1589,1589,0.00559814045423734,0.021205562801673
0.164464630788783,0.138000879512739,1590,1590,0.00706524197590754,0.0141486340288506
0.168704799807081,0.140329447989457,1591,1591,0.00483748534411214,0.018975286028256
0.166013166784661,0.138752528477978,1592,1592,0.00311954539525654,0.0158574242117574
0.166967266294942,0.139673899419666,1593,1593,0.00132635978818184,0.0171588667296878
0.165205513177875,0.138381520255639,1594,1594,0.00218495261941897,0.0149772326355503
0.16764757095753,0.139881663571901,1595,1595,0.00286602096442048,0.0178426151782193
0.165358809034501,0.138459649003417,1596,1596,0.0026945419969426,0.0151483961425658
0.168131578064613,0.14033534380316,1597,1597,0.0033476079633275,0.018495339484047
0.166505430375789,0.139330359978871,1598,1598,0.00191163510978191,0.0165842763340739
0.169092826717422,0.141097269038549,1599,1599,0.00313314338227047,0.019716905456184
0.168837168957618,0.140881918855465,1600,1600,0.000334270237236463,0.0193849794800453
0.1685940825958,0.140867093923663,1601,1601,0.000243538000945485,0.0191739656769037
0.166427757237605,0.139528173335153,1602,1602,0.00254669862761498,0.0166288878285228
0.168992112008283,0.140958858892947,1603,1603,0.00293645646233328,0.0195567488738659
0.168403632528525,0.140454542569223,1604,1604,0.000775011646667394,0.0187884492447075
0.166891880560108,0.140032869496554,1605,1605,0.00156945920438411,0.0172963850936756
0.168128405921957,0.140251588910586,1606,1606,0.00125572017287694,0.0184471375291852
0.168771843505832,0.140559140009831,1607,1607,0.000713161694841256,0.0191547569020628
0.166509692839776,0.139504723236694,1608,1608,0.00249582057997117,0.016683927856241
0.169358245669291,0.141534194174848,1609,1609,0.0034975713733035,0.0201801066391305
0.169998376827885,0.141724419870423,1610,1610,0.000667797660567595,0.0208181418681646
0.167935232389291,0.14033422950816,1611,1611,0.00248780912005537,0.0183304517712084
0.165488860797762,0.138855661393534,1612,1612,0.00285847820237084,0.0154745316453753
0.166311780486352,0.139585577174738,1613,1613,0.00109998811880828,0.0165650503831584
0.165869374091534,0.139087956721755,1614,1614,0.00066584497700467,0.0159199721893312
0.166366251627047,0.139481715875466,1615,1615,0.00063398229977518,0.0165519255173273
0.165961259792521,0.138954697632578,1616,1616,0.000664655259792573,0.0159232442725834
0.16599779033568,0.139309052667614,1617,1617,0.0003562330296858,0.0161499148158401
0.167619923766528,0.140119723548136,1618,1618,0.00181342332178709,0.0179491389140279
0.170192899702114,0.141395711498432,1619,1619,0.00287199415291965,0.0208027764184794
0.168192220690898,0.140472513518535,1620,1620,0.00220340895341925,0.0186211496362472
0.168805655864562,0.140732000519682,1621,1621,0.000666060219539376,0.0192767086767747
0.167745681045132,0.139887121812589,1622,1622,0.00135549498247838,0.0179282150497912
0.167979976402925,0.140038688431325,1623,1623,0.000279046151377253,0.0182072550504104
0.16797878299199,0.139752835656149,1624,1624,0.000285855266360153,0.0180541701624748
0.169006849833542,0.140808529000641,1625,1625,0.00147357044904666,0.0194872245658653
0.168034479424615,0.139930533682863,1626,1626,0.0013101068621291,0.0181954647071582
0.168416705399319,0.140108673114265,1627,1627,0.000421699363004806,0.0186139553914908
0.168872007543581,0.140345890388596,1628,1628,0.000513392713047815,0.019125834866078
0.169692526832286,0.140981511847767,1629,1629,0.00103791451598658,0.0201585290602429
0.168941420511932,0.14045699180602,1630,1630,0.000916123342497584,0.0192435218682813
0.1703382936656,0.141423694114328,1631,1631,0.00169875482643184,0.0209406043160631
0.168145392546105,0.140323855948689,1632,1632,0.00245325484010085,0.0185006633597684
0.168788626946187,0.140940605825022,1633,1633,0.000891140226566616,0.0193767244166712
0.167555812838106,0.139937176196322,1634,1634,0.00158956020484819,0.0177956001542635
0.169970596195854,0.141554805808763,1635,1635,0.00290652786463637,0.020701861138155
0.168434778969985,0.140579942600722,1636,1636,0.00181909120872727,0.0188829154981099
0.17103593870415,0.142383086829351,1637,1637,0.00316502149627403,0.022046925048239
0.169006108205607,0.141024345151423,1638,1638,0.00244261965933146,0.019604375278967
0.171949478673292,0.142941785765638,1639,1639,0.00351283478391471,0.0231171802795084
0.170537638082991,0.141955845950895,1640,1640,0.00172202531070771,0.0213959066833224
0.173793838861099,0.143582930849986,1641,1641,0.00364008911651953,0.0250152620076626
0.17142585286128,0.14244904773511,1642,1642,0.00262546160008848,0.0224093522327006
0.172157522623778,0.14297629978765,1643,1643,0.000901851078759978,0.0233101713690247
0.170158299702989,0.141733787989778,1644,1644,0.00235387507205788,0.0209568981895724
0.171790118062365,0.142887172356078,1645,1645,0.00199828092480025,0.0229540390978283
0.16969302660036,0.141792082050844,1646,1646,0.00236580121240788,0.0206018779770638
0.172920466377062,0.14357459869514,1647,1647,0.00368696800900526,0.024276168100142
0.170318529878358,0.14214036528788,1648,1648,0.0029710434210535,0.0213152138264483
0.172009283381764,0.143242766975694,1649,1649,0.00201839958644768,0.0233334334440132
0.170143297541595,0.142090492933617,1650,1650,0.00219308883170602,0.0211420334050855
0.171661309274231,0.143442667219825,1651,1651,0.00203291291517887,0.0231584995399323
0.168965485325513,0.141838336078315,1652,1652,0.00313709183386445,0.0200301084551398
0.171650807577665,0.143557642020506,1653,1653,0.00318856841243113,0.0232155824871147
0.168326161560686,0.141286706076427,1654,1654,0.00402621673538843,0.0191896687714132
0.170690511647303,0.142820407347771,1655,1655,0.00281822478198691,0.0220061827525972
0.170033663911477,0.142225071406139,1656,1656,0.000886495251796854,0.0211272818098768
0.171340066254901,0.143084442411615,1657,1657,0.00156371532190408,0.0226906832708882
0.17139326152248,0.143089070199328,1658,1658,5.3396188177266e-05,0.0227371844008089
0.17053420169151,0.142619622164828,1659,1659,0.000978961311943014,0.0217633231115034
0.16817205628633,0.141037950903827,1660,1660,0.00284278294864194,0.0189208833934231
0.170135156073975,0.142328701431439,1661,1661,0.00234942497236662,0.0212696523333115
0.166803922359016,0.140047671759702,1662,1662,0.00403735240312504,0.0172323306654984
0.171907224900394,0.143126941449277,1663,1663,0.00596033544777183,0.023184199619405
0.169994326755811,0.141800533674677,1664,1664,0.00232777509567997,0.0208568174234261
0.172615550877729,0.143531617461229,1665,1665,0.00314125245298548,0.0239980554254592
0.171523877563699,0.142675091451718,1666,1666,0.00138758330543937,0.0226150408924841
0.173995914998421,0.144489157183278,1667,1667,0.00306623605697441,0.0256777082517183
0.171601046702829,0.142652773797567,1668,1668,0.00301789630248452,0.0226673404957558
0.17390590373102,0.144207388412172,1669,1669,0.00278014253597628,0.0254472249025887
0.170570500105878,0.142334658541105,1670,1670,0.00382518424557513,0.0216327302543054
0.173156114803363,0.143753035001788,1671,1671,0.00294910073549096,0.0245710947290555
0.169141342098127,0.141441684662043,1672,1672,0.00463257382755525,0.019948603120552
0.174731502196021,0.144760161263655,1673,1673,0.00650093661525242,0.0264407468323449
0.170895980762281,0.14255508257208,1674,1674,0.00442420577106366,0.0220258249242796
0.174248321388998,0.144586171397144,1675,1675,0.00391963129552191,0.0259416168337618
0.175006645712362,0.14468053664841,1676,1676,0.000764173134867375,0.0266279516905503
0.177995955944186,0.146671223283476,1677,1677,0.00359149118627805,0.0302190977052579
0.174346759766245,0.144494056352012,1678,1678,0.00424931625000505,0.0259730844290993
0.178330882087466,0.14682133015246,1679,1679,0.00461404746537166,0.0305818788101876
0.178622534951596,0.146590859023009,1680,1680,0.000371723465315265,0.0307041348542101
0.179305992552092,0.147373381252242,1681,1681,0.00103896839745972,0.0317006283649484
0.178298989865814,0.146154582060097,1682,1682,0.00158098889336462,0.0301986730696275
0.178894866054077,0.147123235975134,1683,1683,0.00113725935426086,0.0312195233635202
0.178267743743439,0.146264271206357,1684,1684,0.0010635331995286,0.0302300793007849
0.178813949103781,0.146981566305973,1685,1685,0.000901583360316094,0.0310749666843686
0.178515292183429,0.146424155091312,1686,1686,0.000632379014755869,0.0305247372258385
0.180491464397404,0.147745754384138,1687,1687,0.00237736856841403,0.0329010450831254
0.176431609702278,0.144853483698572,1688,1688,0.00498474170485508,0.0279262905793479
0.177977719853374,0.14639438228723,1689,1689,0.00218284792412412,0.0300541772461767
0.177063849030144,0.145669837485852,1690,1690,0.00116624399280597,0.0288943973622656
0.179543522175122,0.147448331239285,1691,1691,0.00305152731217097,0.0319410764414995
0.174185502210256,0.144368376698736,1692,1692,0.00618016973195286,0.0257693207362679
0.175855065026048,0.145405149710365,1693,1693,0.00196528325528822,0.027734073395317
0.175593950954475,0.145057614568009,1694,1694,0.000434696714440763,0.0273258867720594
0.175117543345941,0.14501664134707,1695,1695,0.000478166304023165,0.0269042156644835
0.172161669073348,0.143293235622022,1696,1696,0.00342159612001559,0.0234881510915096
0.17521655417097,0.145287854173155,1697,1697,0.00364840048846066,0.0271363841451038
0.175794613250338,0.145076559865457,1698,1698,0.00061546533915865,0.0275049568990141
0.179094936609475,0.14670900750597,1699,1699,0.00368198581934859,0.0311673255259294
0.177183270109211,0.145458863015104,1700,1700,0.00228414755571509,0.0288838193196927
0.17685286156319,0.145511293344304,1701,1701,0.000334542593257467,0.0286313649507556
0.173182422340429,0.143525158451923,1702,1702,0.0041733506800556,0.0244687033773328
0.17592970639873,0.145125338837034,1703,1703,0.00317933121299017,0.0276450550587099
0.174255290061918,0.144084572138217,1704,1704,0.001971513477091,0.0256736950632865
0.177582723374927,0.146045997481057,1705,1705,0.00386251237254462,0.0295339790386235
0.175576326678925,0.145327731112399,1706,1706,0.00213108758104231,0.0274584651068168
0.177254094204805,0.145893392975319,1707,1707,0.00177055844694799,0.0291747210421727
0.1750703977756,0.14502431096946,1708,1708,0.00235028373347396,0.0268690346936184
0.176500270540966,0.145530474976098,1709,1709,0.00151681842247214,0.0283439965161754
0.171645154977022,0.142504287413251,1710,1710,0.00572101025211311,0.0226235019211552
0.172423838765453,0.142967494228321,1711,1711,0.000906040283813404,0.0235289848485078
0.172220573488313,0.142792167361066,1712,1712,0.000268433014497223,0.0232632353018264
0.174663922828854,0.144351897126671,1713,1713,0.00289874333835184,0.0261619765905729
0.173810507071921,0.143959338683273,1714,1714,0.000939372442466225,0.0252318845930964
0.175300455255456,0.144169036643397,1715,1715,0.00150463245482073,0.0266042053647368
0.175358316233786,0.144626775708569,1716,1716,0.000461381560747743,0.0268954039100276
0.174792672817324,0.144483572636061,1717,1717,0.000583489155480446,0.02634143003853
0.173659902139987,0.143872766129805,1718,1718,0.00128695531993919,0.0250584130298121
0.173207879523417,0.1435461269664,1719,1719,0.000557689509458539,0.0245014646772899
0.169555582980592,0.141490067670072,1720,1720,0.00419125874490539,0.0203195675408479
0.170730751065035,0.142225361601917,1721,1721,0.0013862457188028,0.0217053384891413
0.169548733061687,0.141219266031532,1722,1722,0.00155222255394844,0.0201652854142319
0.169707915376561,0.141190888834627,1723,1723,0.000161691912823954,0.0202837215802657
0.16880430406264,0.141219450806781,1724,1724,0.000904062604523993,0.01954492529243
0.170226500018789,0.141755123822829,1725,1725,0.00151973251521698,0.0210256482334059
0.168541328238178,0.141013678995366,1726,1726,0.00184107152558987,0.0192117987629019
0.169669219546782,0.141241851169077,1727,1727,0.00115073947741472,0.0202787259472578
0.168925221823992,0.141142333934474,1728,1728,0.000750623934803717,0.0196021655108821
0.169645295354194,0.141505545238822,1729,1729,0.000806491376583631,0.020402899490115
0.168468786678748,0.140945559609397,1730,1730,0.00130297988033669,0.0191135534183299
0.171129376234156,0.142772336253633,1731,1731,0.00322735955391879,0.0223408287121378
0.170552984735753,0.142466652944273,1732,1732,0.000652433479407189,0.0216922652029178
0.172574367719344,0.143482172932997,1733,1733,0.00226213837194917,0.0239363969476926
0.173723353970934,0.144239140394963,1734,1734,0.00137592483254715,0.025312315232745
0.172150384774693,0.143483810921548,1735,1735,0.0017449225500672,0.0235851691922081
0.170704822981923,0.142558086553606,1736,1736,0.00171657056426984,0.0218692302883915
0.170529346036898,0.142385453215973,1737,1737,0.00024615935387013,0.021627069076416
0.167793850954577,0.140605408849444,1738,1738,0.00326366225155361,0.0183640897022893
0.168219503701911,0.140782918090437,1739,1739,0.000461183035194545,0.0188159431767927
0.170752310565628,0.142635518702503,1740,1740,0.00313803117204386,0.0219520934736374
0.168442232839505,0.140825085349124,1741,1741,0.00293498347998007,0.0190243220363371
0.167975189751508,0.140548285149084,1742,1742,0.00054290661884735,0.0184822418613689
0.168243882271411,0.14052578959143,1743,1743,0.000269632565477803,0.0186935843972392
0.165884491361087,0.139238490069624,1744,1744,0.00268772497226941,0.0160165388688001
0.166672197525235,0.139765969228529,1745,1745,0.000948005940970409,0.0169645299399125
0.165966207561176,0.139322370548439,1746,1746,0.000833787513895934,0.0161312643951122
0.168010483650511,0.140133231068587,1747,1747,0.00219921793202945,0.0182839157163047
0.16781734677055,0.140058590925152,1748,1748,0.000207057975970047,0.0180811276343042
0.170979813746585,0.141932219157271,1749,1749,0.00367582373444416,0.0217546857089269
0.16977561914158,0.141324252804397,1750,1750,0.00134896543059825,0.0204128072570086
0.17350156321184,0.143525297093584,1751,1751,0.00432749987610237,0.0247374738789106
0.172666263247761,0.143074440628269,1752,1752,0.000949208924476801,0.0237907873851124
0.170664163024231,0.141518166872849,1753,1753,0.00253582201797965,0.0212668244548385
0.168736689824842,0.140998816802804,1754,1754,0.00199621577731909,0.0193656769212863
0.169905019867027,0.141261568287633,1755,1755,0.00119751134869453,0.0204878721931474
0.164363902577999,0.137779263875781,1756,1756,0.00654449576572401,0.0139435700597827
0.165370628135286,0.138259292917965,1757,1757,0.00111531351154496,0.0150507637837828
0.162150991603926,0.136382947039415,1758,1758,0.00372649074197376,0.0113270455090222
0.165155445175215,0.138159723211035,1759,1759,0.00349051211515848,0.0148156235337716
0.164672975729565,0.137859497006121,1760,1760,0.000568253939803725,0.0142473821984068
0.165949458137368,0.138640855876458,1761,1761,0.00149663924233075,0.0157438859903
0.16553009450754,0.138776692995379,1762,1762,0.000440814674097466,0.0154651401955925
0.1700346621862,0.141433911073289,1763,1763,0.00522990801880828,0.0206899637617747
0.166593910762267,0.139428946348149,1764,1764,0.00398229254454628,0.0167123286691887
0.167705440385256,0.140087546917624,1765,1765,0.00129199567061773,0.0180030261148322
0.167105993036012,0.139858903134887,1766,1766,0.000641572368404403,0.0173765807890687
0.16763221849703,0.140356340550099,1767,1767,0.000724125139652039,0.018090521824132
0.167619975681257,0.140089001054799,1768,1768,0.000267619678434115,0.0179323075501068
0.168221351427255,0.140352210825985,1769,1769,0.000656454241758033,0.0185798221625107
0.16707558273372,0.139954580405293,1770,1770,0.00121280495156622,0.0174044172594398
0.168332214866475,0.140953131730939,1771,1771,0.00160506357102172,0.0190047821284692
0.167633890674907,0.140390142851126,1772,1772,0.000897002316230467,0.0181108124762859
0.168699570827316,0.140811262519002,1773,1773,0.00114586908585226,0.0192311777769718
0.167113129552588,0.139946573763408,1774,1774,0.00180678791290303,0.0174311431305991
0.16895538607435,0.141017544898485,1775,1775,0.0021309360065803,0.01955827523084
0.168094324486217,0.140242434077289,1776,1776,0.00115854384625338,0.0184135395937303
0.167679284838059,0.140142686129679,1777,1777,0.000426857777949656,0.018011351859768
0.164344756391632,0.138359643985358,1778,1778,0.00378131184226472,0.0142495759810035
0.166066917953863,0.139195464163069,1779,1779,0.00191427161497362,0.016143975088863
0.16332663249232,0.137440032552095,1780,1780,0.00325433626897271,0.0128902654116011
0.164471856032829,0.13833458807753,1781,1781,0.00145319184756275,0.0143401275553103
0.16326490166366,0.137577221091216,1782,1782,0.00142490126016313,0.0129164008318019
0.164715890734389,0.138570419190323,1783,1783,0.00175835484116422,0.0146747489952682
0.162571541500783,0.137352869548447,1784,1784,0.00246589958556699,0.0122199077941808
0.164523378271582,0.138398144651629,1785,1785,0.00221410632562503,0.0144185315253103
0.162659639414909,0.137257111080279,1786,1786,0.00218528719778794,0.0122366186649211
0.165182892228246,0.138886151347821,1787,1787,0.00300342753421502,0.0152384474249
0.162414694604386,0.137290457201715,1788,1788,0.00319517728657741,0.0120560674683766
0.16103640759708,0.136098876362823,1789,1789,0.00182196047435806,0.0102426505234543
0.160932581455032,0.135785575006847,1790,1790,0.000330056976033924,0.00998047847753519
0.160503180509818,0.135908882677282,1791,1791,0.0004467549141741,0.00969755107669956
0.157468033524528,0.133764737850032,1792,1792,0.00371611009827909,0.00598163479256955
0.159038045483079,0.134774045947453,1793,1793,0.00186645128131152,0.00784580010962887
0.157168757895365,0.133648145560081,1794,1794,0.00218217500853299,0.00567154722995148
0.159467701025333,0.134992365744971,1795,1795,0.00266309358083733,0.00832301256289776
0.156501406572056,0.132893540850253,1796,1796,0.00363372656129071,0.00468958048966604
0.156321903792238,0.132692528102859,1797,1797,0.000269494661500967,0.00442848147236495
0.156513945082185,0.132840298884846,1798,1798,0.000242313972056128,0.00467020552682806
0.158502260393002,0.134392631323646,1799,1799,0.00252252527753051,0.00718812628816709
0.154712866472005,0.131855222448751,1800,1800,0.00456047695826718,0.0026312837767717
0.156121997423283,0.132859434124375,1801,1801,0.00173034422220246,0.00436091812013433
0.153220756450303,0.130625459917369,1802,1802,0.00366167174127664,0.000701733008492385
0.154560761162412,0.131611093510025,1803,1803,0.00166345610325152,0.00236398288835765
0.153220756450303,0.130625459917369,1804,1804,0.00166345610325152,0.000701733008492385
0.154731902779097,0.131713377434383,1805,1805,0.00186202248935187,0.0025628470389513
0.153374878686112,0.13071895770562,1806,1806,0.00168237480541511,0.00088197227860686
0.154149792595579,0.131418424408283,1807,1807,0.00104390863355929,0.00191865832369667
0.152585834698067,0.130393947175249,1808,1808,0.00186963041968056,0.000149771399652998
0.154149792595579,0.131418424408283,1809,1809,0.00186963041968056,0.00191865832369667
0.152585834698067,0.130393947175249,1810,1810,0.00186963041968056,0.000149771399652998
0.154149792595579,0.131418424408283,1811,1811,0.00186963041968056,0.00191865832369667
0.152585834698067,0.130393947175249,1812,1812,0.00186963041968056,0.000149771399652998
0.153978539884876,0.131315395348016,1813,1813,0.0016699384636746,0.00172022563230935
0.152434224258939,0.130301071609102,1814,1814,0.00184763724790211,0.000200159275392801
0.154481738531461,0.131638965792303,1815,1815,0.00244586907695846,0.0023164208741203
0.152946256859243,0.130630632369189,1816,1816,0.00183696495826236,0.00049614343006942
0.154481738531461,0.131638965792303,1817,1817,0.00183696495826236,0.0023164208741203
0.152585834698067,0.130393947175249,1818,1818,0.00226815402966574,0.000149771399652998
0.154149792595579,0.131418424408283,1819,1819,0.00186963041968056,0.00191865832369667
0.152585834698067,0.130393947175249,1820,1820,0.00186963041968056,0.000149771399652998
0.154931326553608,0.132044328573036,1821,1821,0.00286794191059931,0.00291979343949333
0.153369405247699,0.131023222274045,1822,1822,0.00186608044834358,0.00107124732370685
0.154757950339002,0.131940129857621,1823,1823,0.0016639642386178,0.00271909212637407
0.153215632267567,0.130929112982333,1824,1824,0.00184415296426088,0.000898051076831395
0.154757950339002,0.131940129857621,1825,1825,0.00184415296426088,0.00271909212637407
0.153215632267567,0.130929112982333,1826,1826,0.00184415296426088,0.000898051076831395
0.154757950339002,0.131940129857621,1827,1827,0.00184415296426088,0.00271909212637407
0.153215632267567,0.130929112982333,1828,1828,0.00184415296426088,0.000898051076831395
0.153978539884876,0.131315395348016,1829,1829,0.000855126948812584,0.00172022563230935
0.152434224258939,0.130301071609102,1830,1830,0.00184763724790211,0.000200159275392801
0.154149792595579,0.131418424408283,1831,1831,0.00204735243559017,0.00191865832369667
0.152756878172633,0.13048200097865,1832,1832,0.00167842170780017,0.000265334653553584
0.154638847795704,0.131720556884219,1833,1833,0.00225296036214124,0.00249124709168255
0.15311730033381,0.130718469300898,1834,1834,0.00182189083192243,0.000677424478529669
0.154638847795704,0.131720556884219,1835,1835,0.00182189083192243,0.00249124709168255
0.15311730033381,0.130718469300898,1836,1836,0.00182189083192243,0.000677424478529669
0.154697286381445,0.131742859112573,1837,1837,0.00188301099226324,0.00255163772090686
0.153194564558901,0.130748316886566,1838,1838,0.00180202306179968,0.000754559712775492
0.154306901859822,0.131500191255721,1839,1839,0.00134261287719545,0.00209329967843536
0.153117268269559,0.13065064207874,1840,1840,0.00146183510807178,0.000632413692991147
0.154546813520181,0.131600273097417,1841,1841,0.00171621638938979,0.00234634928819063
0.153117268269559,0.13065064207874,1842,1842,0.00171621638938979,0.000632413692991147
0.154612496396032,0.13164206688307,1843,1843,0.00179405414991823,0.0024241203047271
0.153117268269559,0.13065064207874,1844,1844,0.00179405414991823,0.000632413692991147
0.154026939079213,0.13129003380402,1845,1845,0.00111190051726453,0.00174323828240782
0.152548978149876,0.130302288166477,1846,1846,0.00177764168299802,9.44947612743293e-05
0.154215080267196,0.131382533985818,1847,1847,0.00198565538186894,0.00194978886719634
0.152775519640323,0.13040483531639,1848,1848,0.00174018087756596,0.000213866759224161
0.154215080267196,0.131382533985818,1849,1849,0.00174018087756596,0.00194978886719634
0.152775519640323,0.13040483531639,1850,1850,0.00174018087756596,0.000213866759224161
0.154215080267196,0.131382533985818,1851,1851,0.00174018087756596,0.00194978886719634
0.152775519640323,0.13040483531639,1852,1852,0.00174018087756596,0.000213866759224161
0.155039237032697,0.131979984230676,1853,1853,0.00275780900983271,0.00296769941278113
0.153494136901953,0.1309482947653,1854,1854,0.00185787985806216,0.00111260966566633
0.154646244049353,0.131707641919586,1855,1855,0.0013798402008249,0.0024896389540723
0.153056157555128,0.130677769987726,1856,1856,0.00189446859439482,0.00060524555520711
0.15465736665663,0.131730619167659,1857,1857,0.00191634077930213,0.00251213683676307
0.153036614153375,0.130672884053257,1858,1858,0.0019353661795755,0.000588053291005613
0.15465736665663,0.131730619167659,1859,1859,0.0019353661795755,0.00251213683676307
0.153217640793661,0.130759471940455,1860,1860,0.00173664547257292,0.000779287003225786
0.154026939079213,0.13129003380402,1861,1861,0.000967708430296249,0.00174323828240782
0.152548978149876,0.130302288166477,1862,1862,0.00177764168299802,9.44947612743293e-05
0.154026939079213,0.13129003380402,1863,1863,0.00177764168299802,0.00174323828240782
0.152605930373071,0.130322092646078,1864,1864,0.0017193533168513,7.51692122037266e-05
0.154372777765285,0.131402810559619,1865,1865,0.00207115931690955,0.002091290428922
0.15280211300162,0.130391810871851,1866,1866,0.00186791546074406,0.000224596556135011
0.154553346130736,0.131462641162215,1867,1867,0.00205267995149633,0.00227547350889392
0.15280211300162,0.130391810871851,1868,1868,0.00205267995149633,0.000224596556135011
0.154187598575706,0.131320577199282,1869,1869,0.00166798596126306,0.00189174893524776
0.151904780434636,0.129758871963791,1870,1870,0.00276589622143706,0.000874153586761481
0.153421593105215,0.130764275259331,1871,1871,0.00181976824467128,0.000945725799733137
0.151834016529155,0.129736077920166,1872,1872,0.0018914515994663,0.00094572579973316
0.153421593105215,0.130764275259331,1873,1873,0.0018914515994663,0.000945725799733137
0.151834016529155,0.129736077920166,1874,1874,0.0018914515994663,0.00094572579973316
0.153421593105215,0.130764275259331,1875,1875,0.0018914515994663,0.000945725799733137
0.151834016529155,0.129736077920166,1876,1876,0.0018914515994663,0.00094572579973316
0.153421593105215,0.130764275259331,1877,1877,0.0018914515994663,0.000945725799733137
0.151834016529155,0.129736077920166,1878,1878,0.0018914515994663,0.00094572579973316
0.153421593105215,0.130764275259331,1879,1879,0.0018914515994663,0.000945725799733137
0.151834016529155,0.129736077920166,1880,1880,0.0018914515994663,0.00094572579973316
0.153421593105215,0.130764275259331,1881,1881,0.0018914515994663,0.000945725799733137
0.151834016529155,0.129736077920166,1882,1882,0.0018914515994663,0.00094572579973316
0.153421593105215,0.130764275259331,1883,1883,0.0018914515994663,0.000945725799733137
0.151834016529155,0.129736077920166,1884,1884,0.0018914515994663,0.00094572579973316
0.153421593105215,0.130764275259331,1885,1885,0.0018914515994663,0.000945725799733137
0.151834016529155,0.129736077920166,1886,1886,0.0018914515994663,0.00094572579973316
0.153421593105215,0.130764275259331,1887,1887,0.0018914515994663,0.000945725799733137
0.151834016529155,0.129736077920166,1888,1888,0.0018914515994663,0.00094572579973316
0.153421593105215,0.130764275259331,1889,1889,0.0018914515994663,0.000945725799733137
0.151834016529155,0.129736077920166,1890,1890,0.0018914515994663,0.00094572579973316
0.153421593105215,0.130764275259331,1891,1891,0.0018914515994663,0.000945725799733137
0.151834016529155,0.129736077920166,1892,1892,0.0018914515994663,0.00094572579973316
0.153421593105215,0.130764275259331,1893,1893,0.0018914515994663,0.000945725799733137
0.151834016529155,0.129736077920166,1894,1894,0.0018914515994663,0.00094572579973316
0.153421593105215,0.130764275259331,1895,1895,0.0018914515994663,0.000945725799733137
0.151834016529155,0.129736077920166,1896,1896,0.0018914515994663,0.00094572579973316
0.153421593105215,0.130764275259331,1897,1897,0.0018914515994663,0.000945725799733137
0.151834016529155,0.129736077920166,1898,1898,0.0018914515994663,0.00094572579973316
0.153421593105215,0.130764275259331,1899,1899,0.0018914515994663,0.000945725799733137
0.151834016529155,0.129736077920166,1900,1900,0.0018914515994663,0.00094572579973316
0.153421593105215,0.130764275259331,1901,1901,0.0018914515994663,0.000945725799733137
0.151834016529155,0.129736077920166,1902,1902,0.0018914515994663,0.00094572579973316
0.153421593105215,0.130764275259331,1903,1903,0.0018914515994663,0.000945725799733137
0.151834016529155,0.129736077920166,1904,1904,0.0018914515994663,0.00094572579973316
0.153421593105215,0.130764275259331,1905,1905,0.0018914515994663,0.000945725799733137
0.151834016529155,0.129736077920166,1906,1906,0.0018914515994663,0.00094572579973316
0.153421593105215,0.130764275259331,1907,1907,0.0018914515994663,0.000945725799733137
0.151834016529155,0.129736077920166,1908,1908,0.0018914515994663,0.00094572579973316
0.153421593105215,0.130764275259331,1909,1909,0.0018914515994663,0.000945725799733137
0.151834016529155,0.129736077920166,1910,1910,0.0018914515994663,0.00094572579973316
0.153421593105215,0.130764275259331,1911,1911,0.0018914515994663,0.000945725799733137
0.151834016529155,0.129736077920166,1912,1912,0.0018914515994663,0.00094572579973316
0.153421593105215,0.130764275259331,1913,1913,0.0018914515994663,0.000945725799733137
0.151834016529155,0.129736077920166,1914,1914,0.0018914515994663,0.00094572579973316
0.153421593105215,0.130764275259331,1915,1915,0.0018914515994663,0.000945725799733137
0.151834016529155,0.129736077920166,1916,1916,0.0018914515994663,0.00094572579973316
0.153421593105215,0.130764275259331,1917,1917,0.0018914515994663,0.000945725799733137
0.151834016529155,0.129736077920166,1918,1918,0.0018914515994663,0.00094572579973316
0.153421593105215,0.130764275259331,1919,1919,0.0018914515994663,0.000945725799733137
0.151834016529155,0.129736077920166,1920,1920,0.0018914515994663,0.00094572579973316
0.153421593105215,0.130764275259331,1921,1921,0.0018914515994663,0.000945725799733137
0.151834016529155,0.129736077920166,1922,1922,0.0018914515994663,0.00094572579973316
0.153421593105215,0.130764275259331,1923,1923,0.0018914515994663,0.000945725799733137
0.151834016529155,0.129736077920166,1924,1924,0.0018914515994663,0.00094572579973316
0.153421593105215,0.130764275259331,1925,1925,0.0018914515994663,0.000945725799733137
0.151834016529155,0.129736077920166,1926,1926,0.0018914515994663,0.00094572579973316
0.153421593105215,0.130764275259331,1927,1927,0.0018914515994663,0.000945725799733137
0.151834016529155,0.129736077920166,1928,1928,0.0018914515994663,0.00094572579973316
0.153421593105215,0.130764275259331,1929,1929,0.0018914515994663,0.000945725799733137
0.151834016529155,0.129736077920166,1930,1930,0.0018914515994663,0.00094572579973316
0.153421593105215,0.130764275259331,1931,1931,0.0018914515994663,0.000945725799733137
0.151834016529155,0.129736077920166,1932,1932,0.0018914515994663,0.00094572579973316
0.153421593105215,0.130764275259331,1933,1933,0.0018914515994663,0.000945725799733137
0.151834016529155,0.129736077920166,1934,1934,0.0018914515994663,0.00094572579973316
0.153421593105215,0.130764275259331,1935,1935,0.0018914515994663,0.000945725799733137
0.151834016529155,0.129736077920166,1936,1936,0.0018914515994663,0.00094572579973316
0.153421593105215,0.130764275259331,1937,1937,0.0018914515994663,0.000945725799733137
0.151834016529155,0.129736077920166,1938,1938,0.0018914515994663,0.00094572579973316
0.153421593105215,0.130764275259331,1939,1939,0.0018914515994663,0.000945725799733137
0.151834016529155,0.129736077920166,1940,1940,0.0018914515994663,0.00094572579973316
0.153421593105215,0.130764275259331,1941,1941,0.0018914515994663,0.000945725799733137
0.151834016529155,0.129736077920166,1942,1942,0.0018914515994663,0.00094572579973316
0.153421593105215,0.130764275259331,1943,1943,0.0018914515994663,0.000945725799733137
0.151834016529155,0.129736077920166,1944,1944,0.0018914515994663,0.00094572579973316
0.153421593105215,0.130764275259331,1945,1945,0.0018914515994663,0.000945725799733137
0.151834016529155,0.129736077920166,1946,1946,0.0018914515994663,0.00094572579973316
0.153421593105215,0.130764275259331,1947,1947,0.0018914515994663,0.000945725799733137
0.151834016529155,0.129736077920166,1948,1948,0.0018914515994663,0.00094572579973316
0.153421593105215,0.130764275259331,1949,1949,0.0018914515994663,0.000945725799733137
0.151834016529155,0.129736077920166,1950,1950,0.0018914515994663,0.00094572579973316
0.153421593105215,0.130764275259331,1951,1951,0.0018914515994663,0.000945725799733137
0.151834016529155,0.129736077920166,1952,1952,0.0018914515994663,0.00094572579973316
0.153421593105215,0.130764275259331,1953,1953,0.0018914515994663,0.000945725799733137
0.151834016529155,0.129736077920166,1954,1954,0.0018914515994663,0.00094572579973316
0.153421593105215,0.130764275259331,1955,1955,0.0018914515994663,0.000945725799733137
0.151834016529155,0.129736077920166,1956,1956,0.0018914515994663,0.00094572579973316
0.153421593105215,0.130764275259331,1957,1957,0.0018914515994663,0.000945725799733137
0.151834016529155,0.129736077920166,1958,1958,0.0018914515994663,0.00094572579973316
0.153421593105215,0.130764275259331,1959,1959,0.0018914515994663,0.000945725799733137
0.151834016529155,0.129736077920166,1960,1960,0.0018914515994663,0.00094572579973316
0.153421593105215,0.130764275259331,1961,1961,0.0018914515994663,0.000945725799733137
0.151834016529155,0.129736077920166,1962,1962,0.0018914515994663,0.00094572579973316
0.153421593105215,0.130764275259331,1963,1963,0.0018914515994663,0.000945725799733137
0.151834016529155,0.129736077920166,1964,1964,0.0018914515994663,0.00094572579973316
0.153421593105215,0.130764275259331,1965,1965,0.0018914515994663,0.000945725799733137
0.151834016529155,0.129736077920166,1966,1966,0.0018914515994663,0.00094572579973316
0.153421593105215,0.130764275259331,1967,1967,0.0018914515994663,0.000945725799733137
0.151834016529155,0.129736077920166,1968,1968,0.0018914515994663,0.00094572579973316
0.153421593105215,0.130764275259331,1969,1969,0.0018914515994663,0.000945725799733137
0.151834016529155,0.129736077920166,1970,1970,0.0018914515994663,0.00094572579973316
0.153421593105215,0.130764275259331,1971,1971,0.0018914515994663,0.000945725799733137
0.151834016529155,0.129736077920166,1972,1972,0.0018914515994663,0.00094572579973316
0.153421593105215,0.130764275259331,1973,1973,0.0018914515994663,0.000945725799733137
0.151834016529155,0.129736077920166,1974,1974,0.0018914515994663,0.00094572579973316
0.153421593105215,0.130764275259331,1975,1975,0.0018914515994663,0.000945725799733137
0.151834016529155,0.129736077920166,1976,1976,0.0018914515994663,0.00094572579973316
0.153421593105215,0.130764275259331,1977,1977,0.0018914515994663,0.000945725799733137
0.151834016529155,0.129736077920166,1978,1978,0.0018914515994663,0.00094572579973316
0.153421593105215,0.130764275259331,1979,1979,0.0018914515994663,0.000945725799733137
0.151834016529155,0.129736077920166,1980,1980,0.0018914515994663,0.00094572579973316
0.153421593105215,0.130764275259331,1981,1981,0.0018914515994663,0.000945725799733137
0.151834016529155,0.129736077920166,1982,1982,0.0018914515994663,0.00094572579973316
0.153421593105215,0.130764275259331,1983,1983,0.0018914515994663,0.000945725799733137
0.151834016529155,0.129736077920166,1984,1984,0.0018914515994663,0.00094572579973316
0.153421593105215,0.130764275259331,1985,1985,0.0018914515994663,0.000945725799733137
0.151834016529155,0.129736077920166,1986,1986,0.0018914515994663,0.00094572579973316
0.153421593105215,0.130764275259331,1987,1987,0.0018914515994663,0.000945725799733137
0.151834016529155,0.129736077920166,1988,1988,0.0018914515994663,0.00094572579973316
0.153421593105215,0.130764275259331,1989,1989,0.0018914515994663,0.000945725799733137
0.151834016529155,0.129736077920166,1990,1990,0.0018914515994663,0.00094572579973316
0.153421593105215,0.130764275259331,1991,1991,0.0018914515994663,0.000945725799733137
0.151834016529155,0.129736077920166,1992,1992,0.0018914515994663,0.00094572579973316
0.153421593105215,0.130764275259331,1993,1993,0.0018914515994663,0.000945725799733137
0.151834016529155,0.129736077920166,1994,1994,0.0018914515994663,0.00094572579973316
0.153421593105215,0.130764275259331,1995,1995,0.0018914515994663,0.000945725799733137
0.151834016529155,0.129736077920166,1996,1996,0.0018914515994663,0.00094572579973316
0.153421593105215,0.130764275259331,1997,1997,0.0018914515994663,0.000945725799733137
0.151834016529155,0.129736077920166,1998,1998,0.0018914515994663,0.00094572579973316
0.153421593105215,0.130764275259331,1999,1999,0.0018914515994663,0.000945725799733137
0.151834016529155,0.129736077920166,2000,2000,0.0018914515994663,0.00094572579973316
0.153421593105215,0.130764275259331,2001,2001,0.0018914515994663,0.000945725799733137
0.151834016529155,0.129736077920166,2002,2002,0.0018914515994663,0.00094572579973316
0.153421593105215,0.130764275259331,2003,2003,0.0018914515994663,0.000945725799733137
0.151834016529155,0.129736077920166,2004,2004,0.0018914515994663,0.00094572579973316
0.153421593105215,0.130764275259331,2005,2005,0.0018914515994663,0.000945725799733137
0.151834016529155,0.129736077920166,2006,2006,0.0018914515994663,0.00094572579973316
0.153421593105215,0.130764275259331,2007,2007,0.0018914515994663,0.000945725799733137
0.151834016529155,0.129736077920166,2008,2008,0.0018914515994663,0.00094572579973316
0.153421593105215,0.130764275259331,2009,2009,0.0018914515994663,0.000945725799733137
0.151834016529155,0.129736077920166,2010,2010,0.0018914515994663,0.00094572579973316
0.153421593105215,0.130764275259331,2011,2011,0.0018914515994663,0.000945725799733137
0.151834016529155,0.129736077920166,2012,2012,0.0018914515994663,0.00094572579973316
0.153421593105215,0.130764275259331,2013,2013,0.0018914515994663,0.000945725799733137
0.151834016529155,0.129736077920166,2014,2014,0.0018914515994663,0.00094572579973316
0.153421593105215,0.130764275259331,2015,2015,0.0018914515994663,0.000945725799733137
0.151834016529155,0.129736077920166,2016,2016,0.0018914515994663,0.00094572579973316
0.153421593105215,0.130764275259331,2017,2017,0.0018914515994663,0.000945725799733137
0.151834016529155,0.129736077920166,2018,2018,0.0018914515994663,0.00094572579973316
0.153421593105215,0.130764275259331,2019,2019,0.0018914515994663,0.000945725799733137
0.151834016529155,0.129736077920166,2020,2020,0.0018914515994663,0.00094572579973316
0.153421593105215,0.130764275259331,2021,2021,0.0018914515994663,0.000945725799733137
0.151834016529155,0.129736077920166,2022,2022,0.0018914515994663,0.00094572579973316
0.153421593105215,0.130764275259331,2023,2023,0.0018914515994663,0.000945725799733137
0.151834016529155,0.129736077920166,2024,2024,0.0018914515994663,0.00094572579973316
0.153421593105215,0.130764275259331,2025,2025,0.0018914515994663,0.000945725799733137
0.151834016529155,0.129736077920166,2026,2026,0.0018914515994663,0.00094572579973316
0.153421593105215,0.130764275259331,2027,2027,0.0018914515994663,0.000945725799733137
0.151834016529155,0.129736077920166,2028,2028,0.0018914515994663,0.00094572579973316
0.153421593105215,0.130764275259331,2029,2029,0.0018914515994663,0.000945725799733137
0.151834016529155,0.129736077920166,2030,2030,0.0018914515994663,0.00094572579973316
0.153421593105215,0.130764275259331,2031,2031,0.0018914515994663,0.000945725799733137
0.151834016529155,0.129736077920166,2032,2032,0.0018914515994663,0.00094572579973316
0.153421593105215,0.130764275259331,2033,2033,0.0018914515994663,0.000945725799733137
0.151834016529155,0.129736077920166,2034,2034,0.0018914515994663,0.00094572579973316
0.153421593105215,0.130764275259331,2035,2035,0.0018914515994663,0.000945725799733137
0.151834016529155,0.129736077920166,2036,2036,0.0018914515994663,0.00094572579973316
0.153421593105215,0.130764275259331,2037,2037,0.0018914515994663,0.000945725799733137
0.151834016529155,0.129736077920166,2038,2038,0.0018914515994663,0.00094572579973316
0.153421593105215,0.130764275259331,2039,2039,0.0018914515994663,0.000945725799733137
0.151834016529155,0.129736077920166,2040,2040,0.0018914515994663,0.00094572579973316
0.153421593105215,0.130764275259331,2041,2041,0.0018914515994663,0.000945725799733137
0.151834016529155,0.129736077920166,2042,2042,0.0018914515994663,0.00094572579973316
0.153421593105215,0.130764275259331,2043,2043,0.0018914515994663,0.000945725799733137
0.151834016529155,0.129736077920166,2044,2044,0.0018914515994663,0.00094572579973316
0.153421593105215,0.130764275259331,2045,2045,0.0018914515994663,0.000945725799733137
0.151834016529155,0.129736077920166,2046,2046,0.0018914515994663,0.00094572579973316
0.153421593105215,0.130764275259331,2047,2047,0.0018914515994663,0.000945725799733137
0.151834016529155,0.129736077920166,2048,2048,0.0018914515994663,0.00094572579973316
0.153421593105215,0.130764275259331,2049,2049,0.0018914515994663,0.000945725799733137
0.151834016529155,0.129736077920166,2050,2050,0.0018914515994663,0.00094572579973316
0.153421593105215,0.130764275259331,2051,2051,0.0018914515994663,0.000945725799733137
0.151834016529155,0.129736077920166,2052,2052,0.0018914515994663,0.00094572579973316
0.153421593105215,0.130764275259331,2053,2053,0.0018914515994663,0.000945725799733137
0.151834016529155,0.129736077920166,2054,2054,0.0018914515994663,0.00094572579973316
0.153421593105215,0.130764275259331,2055,2055,0.0018914515994663,0.000945725799733137
0.151834016529155,0.129736077920166,2056,2056,0.0018914515994663,0.00094572579973316
0.153421593105215,0.130764275259331,2057,2057,0.0018914515994663,0.000945725799733137
0.151834016529155,0.129736077920166,2058,2058,0.0018914515994663,0.00094572579973316
0.153421593105215,0.130764275259331,2059,2059,0.0018914515994663,0.000945725799733137
0.151834016529155,0.129736077920166,2060,2060,0.0018914515994663,0.00094572579973316
0.153421593105215,0.130764275259331,2061,2061,0.0018914515994663,0.000945725799733137
0.151834016529155,0.129736077920166,2062,2062,0.0018914515994663,0.00094572579973316
0.153421593105215,0.130764275259331,2063,2063,0.0018914515994663,0.000945725799733137
0.151834016529155,0.129736077920166,2064,2064,0.0018914515994663,0.00094572579973316
0.153421593105215,0.130764275259331,2065,2065,0.0018914515994663,0.000945725799733137
0.151834016529155,0.129736077920166,2066,2066,0.0018914515994663,0.00094572579973316
0.153421593105215,0.130764275259331,2067,2067,0.0018914515994663,0.000945725799733137
0.151834016529155,0.129736077920166,2068,2068,0.0018914515994663,0.00094572579973316
0.153421593105215,0.130764275259331,2069,2069,0.0018914515994663,0.000945725799733137
0.151834016529155,0.129736077920166,2070,2070,0.0018914515994663,0.00094572579973316
0.153421593105215,0.130764275259331,2071,2071,0.0018914515994663,0.000945725799733137
0.151834016529155,0.129736077920166,2072,2072,0.0018914515994663,0.00094572579973316
0.153421593105215,0.130764275259331,2073,2073,0.0018914515994663,0.000945725799733137
0.151834016529155,0.129736077920166,2074,2074,0.0018914515994663,0.00094572579973316
0.153421593105215,0.130764275259331,2075,2075,0.0018914515994663,0.000945725799733137
0.151834016529155,0.129736077920166,2076,2076,0.0018914515994663,0.00094572579973316
0.153421593105215,0.130764275259331,2077,2077,0.0018914515994663,0.000945725799733137
0.151834016529155,0.129736077920166,2078,2078,0.0018914515994663,0.00094572579973316
0.153421593105215,0.130764275259331,2079,2079,0.0018914515994663,0.000945725799733137
0.151834016529155,0.129736077920166,2080,2080,0.0018914515994663,0.00094572579973316
0.153421593105215,0.130764275259331,2081,2081,0.0018914515994663,0.000945725799733137
0.151834016529155,0.129736077920166,2082,2082,0.0018914515994663,0.00094572579973316
0.153421593105215,0.130764275259331,2083,2083,0.0018914515994663,0.000945725799733137
0.151834016529155,0.129736077920166,2084,2084,0.0018914515994663,0.00094572579973316
0.153421593105215,0.130764275259331,2085,2085,0.0018914515994663,0.000945725799733137
0.151834016529155,0.129736077920166,2086,2086,0.0018914515994663,0.00094572579973316
0.153421593105215,0.130764275259331,2087,2087,0.0018914515994663,0.000945725799733137
0.151834016529155,0.129736077920166,2088,2088,0.0018914515994663,0.00094572579973316
0.153421593105215,0.130764275259331,2089,2089,0.0018914515994663,0.000945725799733137
0.151834016529155,0.129736077920166,2090,2090,0.0018914515994663,0.00094572579973316
0.153421593105215,0.130764275259331,2091,2091,0.0018914515994663,0.000945725799733137
0.151834016529155,0.129736077920166,2092,2092,0.0018914515994663,0.00094572579973316
0.153421593105215,0.130764275259331,2093,2093,0.0018914515994663,0.000945725799733137
0.151834016529155,0.129736077920166,2094,2094,0.0018914515994663,0.00094572579973316
0.153421593105215,0.130764275259331,2095,2095,0.0018914515994663,0.000945725799733137
0.151834016529155,0.129736077920166,2096,2096,0.0018914515994663,0.00094572579973316
0.153421593105215,0.130764275259331,2097,2097,0.0018914515994663,0.000945725799733137
0.151834016529155,0.129736077920166,2098,2098,0.0018914515994663,0.00094572579973316
0.153421593105215,0.130764275259331,2099,2099,0.0018914515994663,0.000945725799733137
0.151834016529155,0.129736077920166,2100,2100,0.0018914515994663,0.00094572579973316
0.153421593105215,0.130764275259331,2101,2101,0.0018914515994663,0.000945725799733137
0.151834016529155,0.129736077920166,2102,2102,0.0018914515994663,0.00094572579973316
0.153421593105215,0.130764275259331,2103,2103,0.0018914515994663,0.000945725799733137
0.151834016529155,0.129736077920166,2104,2104,0.0018914515994663,0.00094572579973316
0.153421593105215,0.130764275259331,2105,2105,0.0018914515994663,0.000945725799733137
0.151834016529155,0.129736077920166,2106,2106,0.0018914515994663,0.00094572579973316
0.153421593105215,0.130764275259331,2107,2107,0.0018914515994663,0.000945725799733137
0.151834016529155,0.129736077920166,2108,2108,0.0018914515994663,0.00094572579973316
0.153421593105215,0.130764275259331,2109,2109,0.0018914515994663,0.000945725799733137
0.151834016529155,0.129736077920166,2110,2110,0.0018914515994663,0.00094572579973316
0.153421593105215,0.130764275259331,2111,2111,0.0018914515994663,0.000945725799733137
0.151834016529155,0.129736077920166,2112,2112,0.0018914515994663,0.00094572579973316
0.153421593105215,0.130764275259331,2113,2113,0.0018914515994663,0.000945725799733137
0.151834016529155,0.129736077920166,2114,2114,0.0018914515994663,0.00094572579973316
0.153421593105215,0.130764275259331,2115,2115,0.0018914515994663,0.000945725799733137
0.151834016529155,0.129736077920166,2116,2116,0.0018914515994663,0.00094572579973316
0.153421593105215,0.130764275259331,2117,2117,0.0018914515994663,0.000945725799733137
0.151834016529155,0.129736077920166,2118,2118,0.0018914515994663,0.00094572579973316
0.153421593105215,0.130764275259331,2119,2119,0.0018914515994663,0.000945725799733137
0.151834016529155,0.129736077920166,2120,2120,0.0018914515994663,0.00094572579973316
0.153421593105215,0.130764275259331,2121,2121,0.0018914515994663,0.000945725799733137
0.151834016529155,0.129736077920166,2122,2122,0.0018914515994663,0.00094572579973316
0.153421593105215,0.130764275259331,2123,2123,0.0018914515994663,0.000945725799733137
0.151834016529155,0.129736077920166,2124,2124,0.0018914515994663,0.00094572579973316
0.153421593105215,0.130764275259331,2125,2125,0.0018914515994663,0.000945725799733137
0.151834016529155,0.129736077920166,2126,2126,0.0018914515994663,0.00094572579973316
0.153421593105215,0.130764275259331,2127,2127,0.0018914515994663,0.000945725799733137
0.151834016529155,0.129736077920166,2128,2128,0.0018914515994663,0.00094572579973316
0.153421593105215,0.130764275259331,2129,2129,0.0018914515994663,0.000945725799733137
0.151834016529155,0.129736077920166,2130,2130,0.0018914515994663,0.00094572579973316
0.153421593105215,0.130764275259331,2131,2131,0.0018914515994663,0.000945725799733137
0.151834016529155,0.129736077920166,2132,2132,0.0018914515994663,0.00094572579973316
0.153421593105215,0.130764275259331,2133,2133,0.0018914515994663,0.000945725799733137
0.151834016529155,0.129736077920166,2134,2134,0.0018914515994663,0.00094572579973316
0.153421593105215,0.130764275259331,2135,2135,0.0018914515994663,0.000945725799733137
0.151834016529155,0.129736077920166,2136,2136,0.0018914515994663,0.00094572579973316
0.153421593105215,0.130764275259331,2137,2137,0.0018914515994663,0.000945725799733137
0.151834016529155,0.129736077920166,2138,2138,0.0018914515994663,0.00094572579973316
0.153421593105215,0.130764275259331,2139,2139,0.0018914515994663,0.000945725799733137
0.151834016529155,0.129736077920166,2140,2140,0.0018914515994663,0.00094572579973316
0.153421593105215,0.130764275259331,2141,2141,0.0018914515994663,0.000945725799733137
0.151834016529155,0.129736077920166,2142,2142,0.0018914515994663,0.00094572579973316
0.153421593105215,0.130764275259331,2143,2143,0.0018914515994663,0.000945725799733137
0.151834016529155,0.129736077920166,2144,2144,0.0018914515994663,0.00094572579973316
0.153421593105215,0.130764275259331,2145,2145,0.0018914515994663,0.000945725799733137
0.151834016529155,0.129736077920166,2146,2146,0.0018914515994663,0.00094572579973316
0.153421593105215,0.130764275259331,2147,2147,0.0018914515994663,0.000945725799733137
0.151834016529155,0.129736077920166,2148,2148,0.0018914515994663,0.00094572579973316
0.153421593105215,0.130764275259331,2149,2149,0.0018914515994663,0.000945725799733137
0.151834016529155,0.129736077920166,2150,2150,0.0018914515994663,0.00094572579973316
0.153421593105215,0.130764275259331,2151,2151,0.0018914515994663,0.000945725799733137
0.151834016529155,0.129736077920166,2152,2152,0.0018914515994663,0.00094572579973316
0.153421593105215,0.130764275259331,2153,2153,0.0018914515994663,0.000945725799733137
0.151834016529155,0.129736077920166,2154,2154,0.0018914515994663,0.00094572579973316
0.153421593105215,0.130764275259331,2155,2155,0.0018914515994663,0.000945725799733137
0.151834016529155,0.129736077920166,2156,2156,0.0018914515994663,0.00094572579973316
0.153421593105215,0.130764275259331,2157,2157,0.0018914515994663,0.000945725799733137
0.151834016529155,0.129736077920166,2158,2158,0.0018914515994663,0.00094572579973316
0.153421593105215,0.130764275259331,2159,2159,0.0018914515994663,0.000945725799733137
0.151834016529155,0.129736077920166,2160,2160,0.0018914515994663,0.00094572579973316
0.153421593105215,0.130764275259331,2161,2161,0.0018914515994663,0.000945725799733137
0.151834016529155,0.129736077920166,2162,2162,0.0018914515994663,0.00094572579973316
0.153421593105215,0.130764275259331,2163,2163,0.0018914515994663,0.000945725799733137
0.151834016529155,0.129736077920166,2164,2164,0.0018914515994663,0.00094572579973316
0.153421593105215,0.130764275259331,2165,2165,0.0018914515994663,0.000945725799733137
0.151834016529155,0.129736077920166,2166,2166,0.0018914515994663,0.00094572579973316
0.153421593105215,0.130764275259331,2167,2167,0.0018914515994663,0.000945725799733137
0.151834016529155,0.129736077920166,2168,2168,0.0018914515994663,0.00094572579973316
0.153421593105215,0.130764275259331,2169,2169,0.0018914515994663,0.000945725799733137
0.151834016529155,0.129736077920166,2170,2170,0.0018914515994663,0.00094572579973316
0.153421593105215,0.130764275259331,2171,2171,0.0018914515994663,0.000945725799733137
0.151834016529155,0.129736077920166,2172,2172,0.0018914515994663,0.00094572579973316
0.153421593105215,0.130764275259331,2173,2173,0.0018914515994663,0.000945725799733137
0.151834016529155,0.129736077920166,2174,2174,0.0018914515994663,0.00094572579973316
0.153421593105215,0.130764275259331,2175,2175,0.0018914515994663,0.000945725799733137
0.151834016529155,0.129736077920166,2176,2176,0.0018914515994663,0.00094572579973316
0.153421593105215,0.130764275259331,2177,2177,0.0018914515994663,0.000945725799733137
0.151834016529155,0.129736077920166,2178,2178,0.0018914515994663,0.00094572579973316
0.153421593105215,0.130764275259331,2179,2179,0.0018914515994663,0.000945725799733137
0.151834016529155,0.129736077920166,2180,2180,0.0018914515994663,0.00094572579973316
0.153421593105215,0.130764275259331,2181,2181,0.0018914515994663,0.000945725799733137
0.151834016529155,0.129736077920166,2182,2182,0.0018914515994663,0.00094572579973316
0.153421593105215,0.130764275259331,2183,2183,0.0018914515994663,0.000945725799733137
0.151834016529155,0.129736077920166,2184,2184,0.0018914515994663,0.00094572579973316
0.153421593105215,0.130764275259331,2185,2185,0.0018914515994663,0.000945725799733137
0.151834016529155,0.129736077920166,2186,2186,0.0018914515994663,0.00094572579973316
0.153421593105215,0.130764275259331,2187,2187,0.0018914515994663,0.000945725799733137
0.151834016529155,0.129736077920166,2188,2188,0.0018914515994663,0.00094572579973316
0.153421593105215,0.130764275259331,2189,2189,0.0018914515994663,0.000945725799733137
0.151834016529155,0.129736077920166,2190,2190,0.0018914515994663,0.00094572579973316
0.153421593105215,0.130764275259331,2191,2191,0.0018914515994663,0.000945725799733137
0.151834016529155,0.129736077920166,2192,2192,0.0018914515994663,0.00094572579973316
0.153421593105215,0.130764275259331,2193,2193,0.0018914515994663,0.000945725799733137
0.151834016529155,0.129736077920166,2194,2194,0.0018914515994663,0.00094572579973316
0.153421593105215,0.130764275259331,2195,2195,0.0018914515994663,0.000945725799733137
0.151834016529155,0.129736077920166,2196,2196,0.0018914515994663,0.00094572579973316
0.153421593105215,0.130764275259331,2197,2197,0.0018914515994663,0.000945725799733137
0.151834016529155,0.129736077920166,2198,2198,0.0018914515994663,0.00094572579973316
0.153421593105215,0.130764275259331,2199,2199,0.0018914515994663,0.000945725799733137
0.151834016529155,0.129736077920166,2200,2200,0.0018914515994663,0.00094572579973316
0.153421593105215,0.130764275259331,2201,2201,0.0018914515994663,0.000945725799733137
0.151834016529155,0.129736077920166,2202,2202,0.0018914515994663,0.00094572579973316
0.153421593105215,0.130764275259331,2203,2203,0.0018914515994663,0.000945725799733137
0.151834016529155,0.129736077920166,2204,2204,0.0018914515994663,0.00094572579973316
0.153421593105215,0.130764275259331,2205,2205,0.0018914515994663,0.000945725799733137
0.151834016529155,0.129736077920166,2206,2206,0.0018914515994663,0.00094572579973316
0.153421593105215,0.130764275259331,2207,2207,0.0018914515994663,0.000945725799733137
0.151834016529155,0.129736077920166,2208,2208,0.0018914515994663,0.00094572579973316
0.153421593105215,0.130764275259331,2209,2209,0.0018914515994663,0.000945725799733137
0.151834016529155,0.129736077920166,2210,2210,0.0018914515994663,0.00094572579973316
0.153421593105215,0.130764275259331,2211,2211,0.0018914515994663,0.000945725799733137
0.151834016529155,0.129736077920166,2212,2212,0.0018914515994663,0.00094572579973316
0.153421593105215,0.130764275259331,2213,2213,0.0018914515994663,0.000945725799733137
0.151834016529155,0.129736077920166,2214,2214,0.0018914515994663,0.00094572579973316
0.153421593105215,0.130764275259331,2215,2215,0.0018914515994663,0.000945725799733137
0.151834016529155,0.129736077920166,2216,2216,0.0018914515994663,0.00094572579973316
0.153421593105215,0.130764275259331,2217,2217,0.0018914515994663,0.000945725799733137
0.151834016529155,0.129736077920166,2218,2218,0.0018914515994663,0.00094572579973316
0.153421593105215,0.130764275259331,2219,2219,0.0018914515994663,0.000945725799733137
0.151834016529155,0.129736077920166,2220,2220,0.0018914515994663,0.00094572579973316
0.153421593105215,0.130764275259331,2221,2221,0.0018914515994663,0.000945725799733137
0.151834016529155,0.129736077920166,2222,2222,0.0018914515994663,0.00094572579973316
0.153421593105215,0.130764275259331,2223,2223,0.0018914515994663,0.000945725799733137
0.151834016529155,0.129736077920166,2224,2224,0.0018914515994663,0.00094572579973316
0.153421593105215,0.130764275259331,2225,2225,0.0018914515994663,0.000945725799733137
0.151834016529155,0.129736077920166,2226,2226,0.0018914515994663,0.00094572579973316
0.153421593105215,0.130764275259331,2227,2227,0.0018914515994663,0.000945725799733137
0.151834016529155,0.129736077920166,2228,2228,0.0018914515994663,0.00094572579973316
0.153421593105215,0.130764275259331,2229,2229,0.0018914515994663,0.000945725799733137
0.151834016529155,0.129736077920166,2230,2230,0.0018914515994663,0.00094572579973316
0.153421593105215,0.130764275259331,2231,2231,0.0018914515994663,0.000945725799733137
0.151834016529155,0.129736077920166,2232,2232,0.0018914515994663,0.00094572579973316
0.153421593105215,0.130764275259331,2233,2233,0.0018914515994663,0.000945725799733137
0.151834016529155,0.129736077920166,2234,2234,0.0018914515994663,0.00094572579973316
0.153421593105215,0.130764275259331,2235,2235,0.0018914515994663,0.000945725799733137
0.151834016529155,0.129736077920166,2236,2236,0.0018914515994663,0.00094572579973316
0.153421593105215,0.130764275259331,2237,2237,0.0018914515994663,0.000945725799733137
0.151834016529155,0.129736077920166,2238,2238,0.0018914515994663,0.00094572579973316
0.153421593105215,0.130764275259331,2239,2239,0.0018914515994663,0.000945725799733137
0.151834016529155,0.129736077920166,2240,2240,0.0018914515994663,0.00094572579973316
0.153421593105215,0.130764275259331,2241,2241,0.0018914515994663,0.000945725799733137
0.151834016529155,0.129736077920166,2242,2242,0.0018914515994663,0.00094572579973316
0.153421593105215,0.130764275259331,2243,2243,0.0018914515994663,0.000945725799733137
0.151834016529155,0.129736077920166,2244,2244,0.0018914515994663,0.00094572579973316
0.153421593105215,0.130764275259331,2245,2245,0.0018914515994663,0.000945725799733137
0.151834016529155,0.129736077920166,2246,2246,0.0018914515994663,0.00094572579973316
0.153421593105215,0.130764275259331,2247,2247,0.0018914515994663,0.000945725799733137
0.151834016529155,0.129736077920166,2248,2248,0.0018914515994663,0.00094572579973316
0.153421593105215,0.130764275259331,2249,2249,0.0018914515994663,0.000945725799733137
0.151834016529155,0.129736077920166,2250,2250,0.0018914515994663,0.00094572579973316
0.153421593105215,0.130764275259331,2251,2251,0.0018914515994663,0.000945725799733137
0.151834016529155,0.129736077920166,2252,2252,0.0018914515994663,0.00094572579973316
0.153421593105215,0.130764275259331,2253,2253,0.0018914515994663,0.000945725799733137
0.151834016529155,0.129736077920166,2254,2254,0.0018914515994663,0.00094572579973316
0.153421593105215,0.130764275259331,2255,2255,0.0018914515994663,0.000945725799733137
0.151834016529155,0.129736077920166,2256,2256,0.0018914515994663,0.00094572579973316
0.153421593105215,0.130764275259331,2257,2257,0.0018914515994663,0.000945725799733137
0.151834016529155,0.129736077920166,2258,2258,0.0018914515994663,0.00094572579973316
0.153421593105215,0.130764275259331,2259,2259,0.0018914515994663,0.000945725799733137
0.151834016529155,0.129736077920166,2260,2260,0.0018914515994663,0.00094572579973316
0.153421593105215,0.130764275259331,2261,2261,0.0018914515994663,0.000945725799733137
0.151834016529155,0.129736077920166,2262,2262,0.0018914515994663,0.00094572579973316
0.153421593105215,0.130764275259331,2263,2263,0.0018914515994663,0.000945725799733137
0.151834016529155,0.129736077920166,2264,2264,0.0018914515994663,0.00094572579973316
0.153421593105215,0.130764275259331,2265,2265,0.0018914515994663,0.000945725799733137
0.151834016529155,0.129736077920166,2266,2266,0.0018914515994663,0.00094572579973316
0.153421593105215,0.130764275259331,2267,2267,0.0018914515994663,0.000945725799733137
0.151834016529155,0.129736077920166,2268,2268,0.0018914515994663,0.00094572579973316
0.153421593105215,0.130764275259331,2269,2269,0.0018914515994663,0.000945725799733137
0.151834016529155,0.129736077920166,2270,2270,0.0018914515994663,0.00094572579973316
0.153421593105215,0.130764275259331,2271,2271,0.0018914515994663,0.000945725799733137
0.151834016529155,0.129736077920166,2272,2272,0.0018914515994663,0.00094572579973316
0.153421593105215,0.130764275259331,2273,2273,0.0018914515994663,0.000945725799733137
0.151834016529155,0.129736077920166,2274,2274,0.0018914515994663,0.00094572579973316
0.153421593105215,0.130764275259331,2275,2275,0.0018914515994663,0.000945725799733137
0.151834016529155,0.129736077920166,2276,2276,0.0018914515994663,0.00094572579973316
0.153421593105215,0.130764275259331,2277,2277,0.0018914515994663,0.000945725799733137
0.151834016529155,0.129736077920166,2278,2278,0.0018914515994663,0.00094572579973316
0.153421593105215,0.130764275259331,2279,2279,0.0018914515994663,0.000945725799733137
0.151834016529155,0.129736077920166,2280,2280,0.0018914515994663,0.00094572579973316
0.153421593105215,0.130764275259331,2281,2281,0.0018914515994663,0.000945725799733137
0.151834016529155,0.129736077920166,2282,2282,0.0018914515994663,0.00094572579973316
0.153421593105215,0.130764275259331,2283,2283,0.0018914515994663,0.000945725799733137
0.151834016529155,0.129736077920166,2284,2284,0.0018914515994663,0.00094572579973316
0.153421593105215,0.130764275259331,2285,2285,0.0018914515994663,0.000945725799733137
0.151834016529155,0.129736077920166,2286,2286,0.0018914515994663,0.00094572579973316
0.153421593105215,0.130764275259331,2287,2287,0.0018914515994663,0.000945725799733137
0.151834016529155,0.129736077920166,2288,2288,0.0018914515994663,0.00094572579973316
0.153421593105215,0.130764275259331,2289,2289,0.0018914515994663,0.000945725799733137
0.151834016529155,0.129736077920166,2290,2290,0.0018914515994663,0.00094572579973316
0.153421593105215,0.130764275259331,2291,2291,0.0018914515994663,0.000945725799733137
0.151834016529155,0.129736077920166,2292,2292,0.0018914515994663,0.00094572579973316
0.153421593105215,0.130764275259331,2293,2293,0.0018914515994663,0.000945725799733137
0.151834016529155,0.129736077920166,2294,2294,0.0018914515994663,0.00094572579973316
0.153421593105215,0.130764275259331,2295,2295,0.0018914515994663,0.000945725799733137
0.151834016529155,0.129736077920166,2296,2296,0.0018914515994663,0.00094572579973316
0.153421593105215,0.130764275259331,2297,2297,0.0018914515994663,0.000945725799733137
0.151834016529155,0.129736077920166,2298,2298,0.0018914515994663,0.00094572579973316
0.153421593105215,0.130764275259331,2299,2299,0.0018914515994663,0.000945725799733137
0.151834016529155,0.129736077920166,2300,2300,0.0018914515994663,0.00094572579973316
0.153421593105215,0.130764275259331,2301,2301,0.0018914515994663,0.000945725799733137
0.151834016529155,0.129736077920166,2302,2302,0.0018914515994663,0.00094572579973316
0.153421593105215,0.130764275259331,2303,2303,0.0018914515994663,0.000945725799733137
0.151834016529155,0.129736077920166,2304,2304,0.0018914515994663,0.00094572579973316
0.153421593105215,0.130764275259331,2305,2305,0.0018914515994663,0.000945725799733137
0.151834016529155,0.129736077920166,2306,2306,0.0018914515994663,0.00094572579973316
0.153421593105215,0.130764275259331,2307,2307,0.0018914515994663,0.000945725799733137
0.151834016529155,0.129736077920166,2308,2308,0.0018914515994663,0.00094572579973316
0.153421593105215,0.130764275259331,2309,2309,0.0018914515994663,0.000945725799733137
0.151834016529155,0.129736077920166,2310,2310,0.0018914515994663,0.00094572579973316
0.153421593105215,0.130764275259331,2311,2311,0.0018914515994663,0.000945725799733137
0.151834016529155,0.129736077920166,2312,2312,0.0018914515994663,0.00094572579973316
0.153421593105215,0.130764275259331,2313,2313,0.0018914515994663,0.000945725799733137
0.151834016529155,0.129736077920166,2314,2314,0.0018914515994663,0.00094572579973316
0.153421593105215,0.130764275259331,2315,2315,0.0018914515994663,0.000945725799733137
0.151834016529155,0.129736077920166,2316,2316,0.0018914515994663,0.00094572579973316
0.153421593105215,0.130764275259331,2317,2317,0.0018914515994663,0.000945725799733137
0.151834016529155,0.129736077920166,2318,2318,0.0018914515994663,0.00094572579973316
0.153421593105215,0.130764275259331,2319,2319,0.0018914515994663,0.000945725799733137
0.151834016529155,0.129736077920166,2320,2320,0.0018914515994663,0.00094572579973316
0.153421593105215,0.130764275259331,2321,2321,0.0018914515994663,0.000945725799733137
0.151834016529155,0.129736077920166,2322,2322,0.0018914515994663,0.00094572579973316
0.153421593105215,0.130764275259331,2323,2323,0.0018914515994663,0.000945725799733137
0.151834016529155,0.129736077920166,2324,2324,0.0018914515994663,0.00094572579973316
0.153421593105215,0.130764275259331,2325,2325,0.0018914515994663,0.000945725799733137
0.151834016529155,0.129736077920166,2326,2326,0.0018914515994663,0.00094572579973316
0.153421593105215,0.130764275259331,2327,2327,0.0018914515994663,0.000945725799733137
0.151834016529155,0.129736077920166,2328,2328,0.0018914515994663,0.00094572579973316
0.153421593105215,0.130764275259331,2329,2329,0.0018914515994663,0.000945725799733137
0.151834016529155,0.129736077920166,2330,2330,0.0018914515994663,0.00094572579973316
0.153421593105215,0.130764275259331,2331,2331,0.0018914515994663,0.000945725799733137
0.151834016529155,0.129736077920166,2332,2332,0.0018914515994663,0.00094572579973316
0.153421593105215,0.130764275259331,2333,2333,0.0018914515994663,0.000945725799733137
0.151834016529155,0.129736077920166,2334,2334,0.0018914515994663,0.00094572579973316
0.153421593105215,0.130764275259331,2335,2335,0.0018914515994663,0.000945725799733137
0.151834016529155,0.129736077920166,2336,2336,0.0018914515994663,0.00094572579973316
0.153421593105215,0.130764275259331,2337,2337,0.0018914515994663,0.000945725799733137
0.151834016529155,0.129736077920166,2338,2338,0.0018914515994663,0.00094572579973316
0.153421593105215,0.130764275259331,2339,2339,0.0018914515994663,0.000945725799733137
0.151834016529155,0.129736077920166,2340,2340,0.0018914515994663,0.00094572579973316
0.153421593105215,0.130764275259331,2341,2341,0.0018914515994663,0.000945725799733137
0.151834016529155,0.129736077920166,2342,2342,0.0018914515994663,0.00094572579973316
0.153421593105215,0.130764275259331,2343,2343,0.0018914515994663,0.000945725799733137
0.151834016529155,0.129736077920166,2344,2344,0.0018914515994663,0.00094572579973316
0.153421593105215,0.130764275259331,2345,2345,0.0018914515994663,0.000945725799733137
0.151834016529155,0.129736077920166,2346,2346,0.0018914515994663,0.00094572579973316
0.153421593105215,0.130764275259331,2347,2347,0.0018914515994663,0.000945725799733137
0.151834016529155,0.129736077920166,2348,2348,0.0018914515994663,0.00094572579973316
0.153421593105215,0.130764275259331,2349,2349,0.0018914515994663,0.000945725799733137
0.151834016529155,0.129736077920166,2350,2350,0.0018914515994663,0.00094572579973316
0.153421593105215,0.130764275259331,2351,2351,0.0018914515994663,0.000945725799733137
0.151834016529155,0.129736077920166,2352,2352,0.0018914515994663,0.00094572579973316
0.153421593105215,0.130764275259331,2353,2353,0.0018914515994663,0.000945725799733137
0.151834016529155,0.129736077920166,2354,2354,0.0018914515994663,0.00094572579973316
0.153421593105215,0.130764275259331,2355,2355,0.0018914515994663,0.000945725799733137
0.151834016529155,0.129736077920166,2356,2356,0.0018914515994663,0.00094572579973316
0.153421593105215,0.130764275259331,2357,2357,0.0018914515994663,0.000945725799733137
0.151834016529155,0.129736077920166,2358,2358,0.0018914515994663,0.00094572579973316
0.153421593105215,0.130764275259331,2359,2359,0.0018914515994663,0.000945725799733137
0.151834016529155,0.129736077920166,2360,2360,0.0018914515994663,0.00094572579973316
0.153421593105215,0.130764275259331,2361,2361,0.0018914515994663,0.000945725799733137
0.151834016529155,0.129736077920166,2362,2362,0.0018914515994663,0.00094572579973316
0.153421593105215,0.130764275259331,2363,2363,0.0018914515994663,0.000945725799733137
0.151834016529155,0.129736077920166,2364,2364,0.0018914515994663,0.00094572579973316
0.153421593105215,0.130764275259331,2365,2365,0.0018914515994663,0.000945725799733137
0.151834016529155,0.129736077920166,2366,2366,0.0018914515994663,0.00094572579973316
0.153421593105215,0.130764275259331,2367,2367,0.0018914515994663,0.000945725799733137
0.151834016529155,0.129736077920166,2368,2368,0.0018914515994663,0.00094572579973316
0.153421593105215,0.130764275259331,2369,2369,0.0018914515994663,0.000945725799733137
0.151834016529155,0.129736077920166,2370,2370,0.0018914515994663,0.00094572579973316
0.153421593105215,0.130764275259331,2371,2371,0.0018914515994663,0.000945725799733137
0.151834016529155,0.129736077920166,2372,2372,0.0018914515994663,0.00094572579973316
0.153421593105215,0.130764275259331,2373,2373,0.0018914515994663,0.000945725799733137
0.151834016529155,0.129736077920166,2374,2374,0.0018914515994663,0.00094572579973316
0.153421593105215,0.130764275259331,2375,2375,0.0018914515994663,0.000945725799733137
0.151834016529155,0.129736077920166,2376,2376,0.0018914515994663,0.00094572579973316
0.153421593105215,0.130764275259331,2377,2377,0.0018914515994663,0.000945725799733137
0.151834016529155,0.129736077920166,2378,2378,0.0018914515994663,0.00094572579973316
0.153421593105215,0.130764275259331,2379,2379,0.0018914515994663,0.000945725799733137
0.151834016529155,0.129736077920166,2380,2380,0.0018914515994663,0.00094572579973316
0.153421593105215,0.130764275259331,2381,2381,0.0018914515994663,0.000945725799733137
0.151834016529155,0.129736077920166,2382,2382,0.0018914515994663,0.00094572579973316
0.153421593105215,0.130764275259331,2383,2383,0.0018914515994663,0.000945725799733137
0.151834016529155,0.129736077920166,2384,2384,0.0018914515994663,0.00094572579973316
0.153421593105215,0.130764275259331,2385,2385,0.0018914515994663,0.000945725799733137
0.151834016529155,0.129736077920166,2386,2386,0.0018914515994663,0.00094572579973316
0.153421593105215,0.130764275259331,2387,2387,0.0018914515994663,0.000945725799733137
0.151834016529155,0.129736077920166,2388,2388,0.0018914515994663,0.00094572579973316
0.153421593105215,0.130764275259331,2389,2389,0.0018914515994663,0.000945725799733137
0.151834016529155,0.129736077920166,2390,2390,0.0018914515994663,0.00094572579973316
0.153421593105215,0.130764275259331,2391,2391,0.0018914515994663,0.000945725799733137
0.151834016529155,0.129736077920166,2392,2392,0.0018914515994663,0.00094572579973316
0.153421593105215,0.130764275259331,2393,2393,0.0018914515994663,0.000945725799733137
0.151834016529155,0.129736077920166,2394,2394,0.0018914515994663,0.00094572579973316
0.153421593105215,0.130764275259331,2395,2395,0.0018914515994663,0.000945725799733137
0.151834016529155,0.129736077920166,2396,2396,0.0018914515994663,0.00094572579973316
0.153421593105215,0.130764275259331,2397,2397,0.0018914515994663,0.000945725799733137
0.151834016529155,0.129736077920166,2398,2398,0.0018914515994663,0.00094572579973316
0.153421593105215,0.130764275259331,2399,2399,0.0018914515994663,0.000945725799733137
0.151834016529155,0.129736077920166,2400,2400,0.0018914515994663,0.00094572579973316
0.153421593105215,0.130764275259331,2401,2401,0.0018914515994663,0.000945725799733137
0.151834016529155,0.129736077920166,2402,2402,0.0018914515994663,0.00094572579973316
0.153421593105215,0.130764275259331,2403,2403,0.0018914515994663,0.000945725799733137
0.151834016529155,0.129736077920166,2404,2404,0.0018914515994663,0.00094572579973316
0.153421593105215,0.130764275259331,2405,2405,0.0018914515994663,0.000945725799733137
0.151834016529155,0.129736077920166,2406,2406,0.0018914515994663,0.00094572579973316
0.153421593105215,0.130764275259331,2407,2407,0.0018914515994663,0.000945725799733137
0.151834016529155,0.129736077920166,2408,2408,0.0018914515994663,0.00094572579973316
0.153421593105215,0.130764275259331,2409,2409,0.0018914515994663,0.000945725799733137
0.151834016529155,0.129736077920166,2410,2410,0.0018914515994663,0.00094572579973316
0.153421593105215,0.130764275259331,2411,2411,0.0018914515994663,0.000945725799733137
0.151834016529155,0.129736077920166,2412,2412,0.0018914515994663,0.00094572579973316
0.153421593105215,0.130764275259331,2413,2413,0.0018914515994663,0.000945725799733137
0.151834016529155,0.129736077920166,2414,2414,0.0018914515994663,0.00094572579973316
0.153421593105215,0.130764275259331,2415,2415,0.0018914515994663,0.000945725799733137
0.151834016529155,0.129736077920166,2416,2416,0.0018914515994663,0.00094572579973316
0.153421593105215,0.130764275259331,2417,2417,0.0018914515994663,0.000945725799733137
0.151834016529155,0.129736077920166,2418,2418,0.0018914515994663,0.00094572579973316
0.153421593105215,0.130764275259331,2419,2419,0.0018914515994663,0.000945725799733137
0.151834016529155,0.129736077920166,2420,2420,0.0018914515994663,0.00094572579973316
0.153421593105215,0.130764275259331,2421,2421,0.0018914515994663,0.000945725799733137
0.151834016529155,0.129736077920166,2422,2422,0.0018914515994663,0.00094572579973316
0.153421593105215,0.130764275259331,2423,2423,0.0018914515994663,0.000945725799733137
0.151834016529155,0.129736077920166,2424,2424,0.0018914515994663,0.00094572579973316
0.153421593105215,0.130764275259331,2425,2425,0.0018914515994663,0.000945725799733137
0.151834016529155,0.129736077920166,2426,2426,0.0018914515994663,0.00094572579973316
0.153421593105215,0.130764275259331,2427,2427,0.0018914515994663,0.000945725799733137
0.151834016529155,0.129736077920166,2428,2428,0.0018914515994663,0.00094572579973316
0.153421593105215,0.130764275259331,2429,2429,0.0018914515994663,0.000945725799733137
0.151834016529155,0.129736077920166,2430,2430,0.0018914515994663,0.00094572579973316
0.153421593105215,0.130764275259331,2431,2431,0.0018914515994663,0.000945725799733137
0.151834016529155,0.129736077920166,2432,2432,0.0018914515994663,0.00094572579973316
0.153421593105215,0.130764275259331,2433,2433,0.0018914515994663,0.000945725799733137
0.151834016529155,0.129736077920166,2434,2434,0.0018914515994663,0.00094572579973316
0.153421593105215,0.130764275259331,2435,2435,0.0018914515994663,0.000945725799733137
0.151834016529155,0.129736077920166,2436,2436,0.0018914515994663,0.00094572579973316
0.153421593105215,0.130764275259331,2437,2437,0.0018914515994663,0.000945725799733137
0.151834016529155,0.129736077920166,2438,2438,0.0018914515994663,0.00094572579973316
0.153421593105215,0.130764275259331,2439,2439,0.0018914515994663,0.000945725799733137
0.151834016529155,0.129736077920166,2440,2440,0.0018914515994663,0.00094572579973316
0.153421593105215,0.130764275259331,2441,2441,0.0018914515994663,0.000945725799733137
0.151834016529155,0.129736077920166,2442,2442,0.0018914515994663,0.00094572579973316
0.153421593105215,0.130764275259331,2443,2443,0.0018914515994663,0.000945725799733137
0.151834016529155,0.129736077920166,2444,2444,0.0018914515994663,0.00094572579973316
0.153421593105215,0.130764275259331,2445,2445,0.0018914515994663,0.000945725799733137
0.151834016529155,0.129736077920166,2446,2446,0.0018914515994663,0.00094572579973316
0.153421593105215,0.130764275259331,2447,2447,0.0018914515994663,0.000945725799733137
0.151834016529155,0.129736077920166,2448,2448,0.0018914515994663,0.00094572579973316
0.153421593105215,0.130764275259331,2449,2449,0.0018914515994663,0.000945725799733137
0.151834016529155,0.129736077920166,2450,2450,0.0018914515994663,0.00094572579973316
0.153421593105215,0.130764275259331,2451,2451,0.0018914515994663,0.000945725799733137
0.151834016529155,0.129736077920166,2452,2452,0.0018914515994663,0.00094572579973316
0.153421593105215,0.130764275259331,2453,2453,0.0018914515994663,0.000945725799733137
0.151834016529155,0.129736077920166,2454,2454,0.0018914515994663,0.00094572579973316
0.153421593105215,0.130764275259331,2455,2455,0.0018914515994663,0.000945725799733137
0.151834016529155,0.129736077920166,2456,2456,0.0018914515994663,0.00094572579973316
0.153421593105215,0.130764275259331,2457,2457,0.0018914515994663,0.000945725799733137
0.151834016529155,0.129736077920166,2458,2458,0.0018914515994663,0.00094572579973316
0.153421593105215,0.130764275259331,2459,2459,0.0018914515994663,0.000945725799733137
0.151834016529155,0.129736077920166,2460,2460,0.0018914515994663,0.00094572579973316
0.153421593105215,0.130764275259331,2461,2461,0.0018914515994663,0.000945725799733137
0.151834016529155,0.129736077920166,2462,2462,0.0018914515994663,0.00094572579973316
0.153421593105215,0.130764275259331,2463,2463,0.0018914515994663,0.000945725799733137
0.151834016529155,0.129736077920166,2464,2464,0.0018914515994663,0.00094572579973316
0.153421593105215,0.130764275259331,2465,2465,0.0018914515994663,0.000945725799733137
0.151834016529155,0.129736077920166,2466,2466,0.0018914515994663,0.00094572579973316
0.153421593105215,0.130764275259331,2467,2467,0.0018914515994663,0.000945725799733137
0.151834016529155,0.129736077920166,2468,2468,0.0018914515994663,0.00094572579973316
0.153421593105215,0.130764275259331,2469,2469,0.0018914515994663,0.000945725799733137
0.151834016529155,0.129736077920166,2470,2470,0.0018914515994663,0.00094572579973316
0.153421593105215,0.130764275259331,2471,2471,0.0018914515994663,0.000945725799733137
0.151834016529155,0.129736077920166,2472,2472,0.0018914515994663,0.00094572579973316
0.153421593105215,0.130764275259331,2473,2473,0.0018914515994663,0.000945725799733137
0.151834016529155,0.129736077920166,2474,2474,0.0018914515994663,0.00094572579973316
0.153421593105215,0.130764275259331,2475,2475,0.0018914515994663,0.000945725799733137
0.151834016529155,0.129736077920166,2476,2476,0.0018914515994663,0.00094572579973316
0.153421593105215,0.130764275259331,2477,2477,0.0018914515994663,0.000945725799733137
0.151834016529155,0.129736077920166,2478,2478,0.0018914515994663,0.00094572579973316
0.153421593105215,0.130764275259331,2479,2479,0.0018914515994663,0.000945725799733137
0.151834016529155,0.129736077920166,2480,2480,0.0018914515994663,0.00094572579973316
0.153421593105215,0.130764275259331,2481,2481,0.0018914515994663,0.000945725799733137
0.151834016529155,0.129736077920166,2482,2482,0.0018914515994663,0.00094572579973316
0.153421593105215,0.130764275259331,2483,2483,0.0018914515994663,0.000945725799733137
0.151834016529155,0.129736077920166,2484,2484,0.0018914515994663,0.00094572579973316
0.153421593105215,0.130764275259331,2485,2485,0.0018914515994663,0.000945725799733137
0.151834016529155,0.129736077920166,2486,2486,0.0018914515994663,0.00094572579973316
0.153421593105215,0.130764275259331,2487,2487,0.0018914515994663,0.000945725799733137
0.151834016529155,0.129736077920166,2488,2488,0.0018914515994663,0.00094572579973316
0.153421593105215,0.130764275259331,2489,2489,0.0018914515994663,0.000945725799733137
0.151834016529155,0.129736077920166,2490,2490,0.0018914515994663,0.00094572579973316
0.153421593105215,0.130764275259331,2491,2491,0.0018914515994663,0.000945725799733137
0.151834016529155,0.129736077920166,2492,2492,0.0018914515994663,0.00094572579973316
0.153421593105215,0.130764275259331,2493,2493,0.0018914515994663,0.000945725799733137
0.151834016529155,0.129736077920166,2494,2494,0.0018914515994663,0.00094572579973316
0.153421593105215,0.130764275259331,2495,2495,0.0018914515994663,0.000945725799733137
0.151834016529155,0.129736077920166,2496,2496,0.0018914515994663,0.00094572579973316
0.153421593105215,0.130764275259331,2497,2497,0.0018914515994663,0.000945725799733137
0.151834016529155,0.129736077920166,2498,2498,0.0018914515994663,0.00094572579973316
0.153421593105215,0.130764275259331,2499,2499,0.0018914515994663,0.000945725799733137
0.151834016529155,0.129736077920166,2500,2500,0.0018914515994663,0.00094572579973316
0.153421593105215,0.130764275259331,2501,2501,0.0018914515994663,0.000945725799733137
0.151834016529155,0.129736077920166,2502,2502,0.0018914515994663,0.00094572579973316
0.153421593105215,0.130764275259331,2503,2503,0.0018914515994663,0.000945725799733137
0.151834016529155,0.129736077920166,2504,2504,0.0018914515994663,0.00094572579973316
0.153421593105215,0.130764275259331,2505,2505,0.0018914515994663,0.000945725799733137
0.151834016529155,0.129736077920166,2506,2506,0.0018914515994663,0.00094572579973316
0.153421593105215,0.130764275259331,2507,2507,0.0018914515994663,0.000945725799733137
0.151834016529155,0.129736077920166,2508,2508,0.0018914515994663,0.00094572579973316
0.153421593105215,0.130764275259331,2509,2509,0.0018914515994663,0.000945725799733137
0.151834016529155,0.129736077920166,2510,2510,0.0018914515994663,0.00094572579973316
0.153421593105215,0.130764275259331,2511,2511,0.0018914515994663,0.000945725799733137
0.151834016529155,0.129736077920166,2512,2512,0.0018914515994663,0.00094572579973316
0.153421593105215,0.130764275259331,2513,2513,0.0018914515994663,0.000945725799733137
0.151834016529155,0.129736077920166,2514,2514,0.0018914515994663,0.00094572579973316
0.153421593105215,0.130764275259331,2515,2515,0.0018914515994663,0.000945725799733137
0.151834016529155,0.129736077920166,2516,2516,0.0018914515994663,0.00094572579973316
0.153421593105215,0.130764275259331,2517,2517,0.0018914515994663,0.000945725799733137
0.151834016529155,0.129736077920166,2518,2518,0.0018914515994663,0.00094572579973316
0.153421593105215,0.130764275259331,2519,2519,0.0018914515994663,0.000945725799733137
0.151834016529155,0.129736077920166,2520,2520,0.0018914515994663,0.00094572579973316
0.153421593105215,0.130764275259331,2521,2521,0.0018914515994663,0.000945725799733137
0.151834016529155,0.129736077920166,2522,2522,0.0018914515994663,0.00094572579973316
0.153421593105215,0.130764275259331,2523,2523,0.0018914515994663,0.000945725799733137
0.151834016529155,0.129736077920166,2524,2524,0.0018914515994663,0.00094572579973316
0.153421593105215,0.130764275259331,2525,2525,0.0018914515994663,0.000945725799733137
0.151834016529155,0.129736077920166,2526,2526,0.0018914515994663,0.00094572579973316
0.153421593105215,0.130764275259331,2527,2527,0.0018914515994663,0.000945725799733137
0.151834016529155,0.129736077920166,2528,2528,0.0018914515994663,0.00094572579973316
0.153421593105215,0.130764275259331,2529,2529,0.0018914515994663,0.000945725799733137
0.151834016529155,0.129736077920166,2530,2530,0.0018914515994663,0.00094572579973316
0.153421593105215,0.130764275259331,2531,2531,0.0018914515994663,0.000945725799733137
0.151834016529155,0.129736077920166,2532,2532,0.0018914515994663,0.00094572579973316
0.153421593105215,0.130764275259331,2533,2533,0.0018914515994663,0.000945725799733137
0.151834016529155,0.129736077920166,2534,2534,0.0018914515994663,0.00094572579973316
0.153421593105215,0.130764275259331,2535,2535,0.0018914515994663,0.000945725799733137
0.151834016529155,0.129736077920166,2536,2536,0.0018914515994663,0.00094572579973316
0.153421593105215,0.130764275259331,2537,2537,0.0018914515994663,0.000945725799733137
0.151834016529155,0.129736077920166,2538,2538,0.0018914515994663,0.00094572579973316
0.153421593105215,0.130764275259331,2539,2539,0.0018914515994663,0.000945725799733137
0.151834016529155,0.129736077920166,2540,2540,0.0018914515994663,0.00094572579973316
0.153421593105215,0.130764275259331,2541,2541,0.0018914515994663,0.000945725799733137
0.151834016529155,0.129736077920166,2542,2542,0.0018914515994663,0.00094572579973316
0.153421593105215,0.130764275259331,2543,2543,0.0018914515994663,0.000945725799733137
0.151834016529155,0.129736077920166,2544,2544,0.0018914515994663,0.00094572579973316
0.153421593105215,0.130764275259331,2545,2545,0.0018914515994663,0.000945725799733137
0.151834016529155,0.129736077920166,2546,2546,0.0018914515994663,0.00094572579973316
0.153421593105215,0.130764275259331,2547,2547,0.0018914515994663,0.000945725799733137
0.151834016529155,0.129736077920166,2548,2548,0.0018914515994663,0.00094572579973316
0.153421593105215,0.130764275259331,2549,2549,0.0018914515994663,0.000945725799733137
0.151834016529155,0.129736077920166,2550,2550,0.0018914515994663,0.00094572579973316
0.153421593105215,0.130764275259331,2551,2551,0.0018914515994663,0.000945725799733137
0.151834016529155,0.129736077920166,2552,2552,0.0018914515994663,0.00094572579973316
0.153421593105215,0.130764275259331,2553,2553,0.0018914515994663,0.000945725799733137
0.151834016529155,0.129736077920166,2554,2554,0.0018914515994663,0.00094572579973316
0.153421593105215,0.130764275259331,2555,2555,0.0018914515994663,0.000945725799733137
0.151834016529155,0.129736077920166,2556,2556,0.0018914515994663,0.00094572579973316
0.153421593105215,0.130764275259331,2557,2557,0.0018914515994663,0.000945725799733137
0.151834016529155,0.129736077920166,2558,2558,0.0018914515994663,0.00094572579973316
0.153421593105215,0.130764275259331,2559,2559,0.0018914515994663,0.000945725799733137
0.151834016529155,0.129736077920166,2560,2560,0.0018914515994663,0.00094572579973316
0.153421593105215,0.130764275259331,2561,2561,0.0018914515994663,0.000945725799733137
0.151834016529155,0.129736077920166,2562,2562,0.0018914515994663,0.00094572579973316
0.153421593105215,0.130764275259331,2563,2563,0.0018914515994663,0.000945725799733137
0.151834016529155,0.129736077920166,2564,2564,0.0018914515994663,0.00094572579973316
0.153421593105215,0.130764275259331,2565,2565,0.0018914515994663,0.000945725799733137
0.151834016529155,0.129736077920166,2566,2566,0.0018914515994663,0.00094572579973316
0.153421593105215,0.130764275259331,2567,2567,0.0018914515994663,0.000945725799733137
0.151834016529155,0.129736077920166,2568,2568,0.0018914515994663,0.00094572579973316
0.153421593105215,0.130764275259331,2569,2569,0.0018914515994663,0.000945725799733137
0.151834016529155,0.129736077920166,2570,2570,0.0018914515994663,0.00094572579973316
0.153421593105215,0.130764275259331,2571,2571,0.0018914515994663,0.000945725799733137
0.151834016529155,0.129736077920166,2572,2572,0.0018914515994663,0.00094572579973316
0.153421593105215,0.130764275259331,2573,2573,0.0018914515994663,0.000945725799733137
0.151834016529155,0.129736077920166,2574,2574,0.0018914515994663,0.00094572579973316
0.153421593105215,0.130764275259331,2575,2575,0.0018914515994663,0.000945725799733137
0.151834016529155,0.129736077920166,2576,2576,0.0018914515994663,0.00094572579973316
0.153421593105215,0.130764275259331,2577,2577,0.0018914515994663,0.000945725799733137
0.151834016529155,0.129736077920166,2578,2578,0.0018914515994663,0.00094572579973316
0.153421593105215,0.130764275259331,2579,2579,0.0018914515994663,0.000945725799733137
0.151834016529155,0.129736077920166,2580,2580,0.0018914515994663,0.00094572579973316
0.153421593105215,0.130764275259331,2581,2581,0.0018914515994663,0.000945725799733137
0.151834016529155,0.129736077920166,2582,2582,0.0018914515994663,0.00094572579973316
0.153421593105215,0.130764275259331,2583,2583,0.0018914515994663,0.000945725799733137
0.151834016529155,0.129736077920166,2584,2584,0.0018914515994663,0.00094572579973316
0.153421593105215,0.130764275259331,2585,2585,0.0018914515994663,0.000945725799733137
0.151834016529155,0.129736077920166,2586,2586,0.0018914515994663,0.00094572579973316
0.153421593105215,0.130764275259331,2587,2587,0.0018914515994663,0.000945725799733137
0.151834016529155,0.129736077920166,2588,2588,0.0018914515994663,0.00094572579973316
0.153421593105215,0.130764275259331,2589,2589,0.0018914515994663,0.000945725799733137
0.151834016529155,0.129736077920166,2590,2590,0.0018914515994663,0.00094572579973316
0.153421593105215,0.130764275259331,2591,2591,0.0018914515994663,0.000945725799733137
0.151834016529155,0.129736077920166,2592,2592,0.0018914515994663,0.00094572579973316
0.153421593105215,0.130764275259331,2593,2593,0.0018914515994663,0.000945725799733137
0.151834016529155,0.129736077920166,2594,2594,0.0018914515994663,0.00094572579973316
0.153421593105215,0.130764275259331,2595,2595,0.0018914515994663,0.000945725799733137
0.151834016529155,0.129736077920166,2596,2596,0.0018914515994663,0.00094572579973316
0.153421593105215,0.130764275259331,2597,2597,0.0018914515994663,0.000945725799733137
0.151834016529155,0.129736077920166,2598,2598,0.0018914515994663,0.00094572579973316
0.153421593105215,0.130764275259331,2599,2599,0.0018914515994663,0.000945725799733137
0.151834016529155,0.129736077920166,2600,2600,0.0018914515994663,0.00094572579973316
0.153421593105215,0.130764275259331,2601,2601,0.0018914515994663,0.000945725799733137
0.151834016529155,0.129736077920166,2602,2602,0.0018914515994663,0.00094572579973316
0.153421593105215,0.130764275259331,2603,2603,0.0018914515994663,0.000945725799733137
0.151834016529155,0.129736077920166,2604,2604,0.0018914515994663,0.00094572579973316
0.153421593105215,0.130764275259331,2605,2605,0.0018914515994663,0.000945725799733137
0.151834016529155,0.129736077920166,2606,2606,0.0018914515994663,0.00094572579973316
0.153421593105215,0.130764275259331,2607,2607,0.0018914515994663,0.000945725799733137
0.151834016529155,0.129736077920166,2608,2608,0.0018914515994663,0.00094572579973316
0.153421593105215,0.130764275259331,2609,2609,0.0018914515994663,0.000945725799733137
0.151834016529155,0.129736077920166,2610,2610,0.0018914515994663,0.00094572579973316
0.153421593105215,0.130764275259331,2611,2611,0.0018914515994663,0.000945725799733137
0.151834016529155,0.129736077920166,2612,2612,0.0018914515994663,0.00094572579973316
0.153421593105215,0.130764275259331,2613,2613,0.0018914515994663,0.000945725799733137
0.151834016529155,0.129736077920166,2614,2614,0.0018914515994663,0.00094572579973316
0.153421593105215,0.130764275259331,2615,2615,0.0018914515994663,0.000945725799733137
0.151834016529155,0.129736077920166,2616,2616,0.0018914515994663,0.00094572579973316
0.153421593105215,0.130764275259331,2617,2617,0.0018914515994663,0.000945725799733137
0.151834016529155,0.129736077920166,2618,2618,0.0018914515994663,0.00094572579973316
0.153421593105215,0.130764275259331,2619,2619,0.0018914515994663,0.000945725799733137
0.151834016529155,0.129736077920166,2620,2620,0.0018914515994663,0.00094572579973316
0.153421593105215,0.130764275259331,2621,2621,0.0018914515994663,0.000945725799733137
0.151834016529155,0.129736077920166,2622,2622,0.0018914515994663,0.00094572579973316
0.153421593105215,0.130764275259331,2623,2623,0.0018914515994663,0.000945725799733137
0.151834016529155,0.129736077920166,2624,2624,0.0018914515994663,0.00094572579973316
0.153421593105215,0.130764275259331,2625,2625,0.0018914515994663,0.000945725799733137
0.151834016529155,0.129736077920166,2626,2626,0.0018914515994663,0.00094572579973316
0.153421593105215,0.130764275259331,2627,2627,0.0018914515994663,0.000945725799733137
0.151834016529155,0.129736077920166,2628,2628,0.0018914515994663,0.00094572579973316
0.153421593105215,0.130764275259331,2629,2629,0.0018914515994663,0.000945725799733137
0.151834016529155,0.129736077920166,2630,2630,0.0018914515994663,0.00094572579973316
0.153421593105215,0.130764275259331,2631,2631,0.0018914515994663,0.000945725799733137
0.151834016529155,0.129736077920166,2632,2632,0.0018914515994663,0.00094572579973316
0.153421593105215,0.130764275259331,2633,2633,0.0018914515994663,0.000945725799733137
0.151834016529155,0.129736077920166,2634,2634,0.0018914515994663,0.00094572579973316
0.153421593105215,0.130764275259331,2635,2635,0.0018914515994663,0.000945725799733137
0.151834016529155,0.129736077920166,2636,2636,0.0018914515994663,0.00094572579973316
0.153421593105215,0.130764275259331,2637,2637,0.0018914515994663,0.000945725799733137
0.151834016529155,0.129736077920166,2638,2638,0.0018914515994663,0.00094572579973316
0.153421593105215,0.130764275259331,2639,2639,0.0018914515994663,0.000945725799733137
0.151834016529155,0.129736077920166,2640,2640,0.0018914515994663,0.00094572579973316
0.153421593105215,0.130764275259331,2641,2641,0.0018914515994663,0.000945725799733137
0.151834016529155,0.129736077920166,2642,2642,0.0018914515994663,0.00094572579973316
0.153421593105215,0.130764275259331,2643,2643,0.0018914515994663,0.000945725799733137
0.151834016529155,0.129736077920166,2644,2644,0.0018914515994663,0.00094572579973316
0.153421593105215,0.130764275259331,2645,2645,0.0018914515994663,0.000945725799733137
0.151834016529155,0.129736077920166,2646,2646,0.0018914515994663,0.00094572579973316
0.153421593105215,0.130764275259331,2647,2647,0.0018914515994663,0.000945725799733137
0.151834016529155,0.129736077920166,2648,2648,0.0018914515994663,0.00094572579973316
0.153421593105215,0.130764275259331,2649,2649,0.0018914515994663,0.000945725799733137
0.151834016529155,0.129736077920166,2650,2650,0.0018914515994663,0.00094572579973316
0.153421593105215,0.130764275259331,2651,2651,0.0018914515994663,0.000945725799733137
0.151834016529155,0.129736077920166,2652,2652,0.0018914515994663,0.00094572579973316
0.153421593105215,0.130764275259331,2653,2653,0.0018914515994663,0.000945725799733137
0.151834016529155,0.129736077920166,2654,2654,0.0018914515994663,0.00094572579973316
0.153421593105215,0.130764275259331,2655,2655,0.0018914515994663,0.000945725799733137
0.151834016529155,0.129736077920166,2656,2656,0.0018914515994663,0.00094572579973316
0.153421593105215,0.130764275259331,2657,2657,0.0018914515994663,0.000945725799733137
0.151834016529155,0.129736077920166,2658,2658,0.0018914515994663,0.00094572579973316
0.153421593105215,0.130764275259331,2659,2659,0.0018914515994663,0.000945725799733137
0.151834016529155,0.129736077920166,2660,2660,0.0018914515994663,0.00094572579973316
0.153421593105215,0.130764275259331,2661,2661,0.0018914515994663,0.000945725799733137
0.151834016529155,0.129736077920166,2662,2662,0.0018914515994663,0.00094572579973316
0.153421593105215,0.130764275259331,2663,2663,0.0018914515994663,0.000945725799733137
0.151834016529155,0.129736077920166,2664,2664,0.0018914515994663,0.00094572579973316
0.153421593105215,0.130764275259331,2665,2665,0.0018914515994663,0.000945725799733137
0.151834016529155,0.129736077920166,2666,2666,0.0018914515994663,0.00094572579973316
0.153421593105215,0.130764275259331,2667,2667,0.0018914515994663,0.000945725799733137
0.151834016529155,0.129736077920166,2668,2668,0.0018914515994663,0.00094572579973316
0.153421593105215,0.130764275259331,2669,2669,0.0018914515994663,0.000945725799733137
0.151834016529155,0.129736077920166,2670,2670,0.0018914515994663,0.00094572579973316
0.153421593105215,0.130764275259331,2671,2671,0.0018914515994663,0.000945725799733137
0.151834016529155,0.129736077920166,2672,2672,0.0018914515994663,0.00094572579973316
0.153421593105215,0.130764275259331,2673,2673,0.0018914515994663,0.000945725799733137
0.151834016529155,0.129736077920166,2674,2674,0.0018914515994663,0.00094572579973316
0.153421593105215,0.130764275259331,2675,2675,0.0018914515994663,0.000945725799733137
0.151834016529155,0.129736077920166,2676,2676,0.0018914515994663,0.00094572579973316
0.153421593105215,0.130764275259331,2677,2677,0.0018914515994663,0.000945725799733137
0.151834016529155,0.129736077920166,2678,2678,0.0018914515994663,0.00094572579973316
0.153421593105215,0.130764275259331,2679,2679,0.0018914515994663,0.000945725799733137
0.151834016529155,0.129736077920166,2680,2680,0.0018914515994663,0.00094572579973316
0.153421593105215,0.130764275259331,2681,2681,0.0018914515994663,0.000945725799733137
0.151834016529155,0.129736077920166,2682,2682,0.0018914515994663,0.00094572579973316
0.153421593105215,0.130764275259331,2683,2683,0.0018914515994663,0.000945725799733137
0.151834016529155,0.129736077920166,2684,2684,0.0018914515994663,0.00094572579973316
0.153421593105215,0.130764275259331,2685,2685,0.0018914515994663,0.000945725799733137
0.151834016529155,0.129736077920166,2686,2686,0.0018914515994663,0.00094572579973316
0.153421593105215,0.130764275259331,2687,2687,0.0018914515994663,0.000945725799733137
0.151834016529155,0.129736077920166,2688,2688,0.0018914515994663,0.00094572579973316
0.153421593105215,0.130764275259331,2689,2689,0.0018914515994663,0.000945725799733137
0.151834016529155,0.129736077920166,2690,2690,0.0018914515994663,0.00094572579973316
0.153421593105215,0.130764275259331,2691,2691,0.0018914515994663,0.000945725799733137
0.151834016529155,0.129736077920166,2692,2692,0.0018914515994663,0.00094572579973316
0.153421593105215,0.130764275259331,2693,2693,0.0018914515994663,0.000945725799733137
0.151834016529155,0.129736077920166,2694,2694,0.0018914515994663,0.00094572579973316
0.153421593105215,0.130764275259331,2695,2695,0.0018914515994663,0.000945725799733137
0.151834016529155,0.129736077920166,2696,2696,0.0018914515994663,0.00094572579973316
0.153421593105215,0.130764275259331,2697,2697,0.0018914515994663,0.000945725799733137
0.151834016529155,0.129736077920166,2698,2698,0.0018914515994663,0.00094572579973316
0.153421593105215,0.130764275259331,2699,2699,0.0018914515994663,0.000945725799733137
0.151834016529155,0.129736077920166,2700,2700,0.0018914515994663,0.00094572579973316
0.153421593105215,0.130764275259331,2701,2701,0.0018914515994663,0.000945725799733137
0.151834016529155,0.129736077920166,2702,2702,0.0018914515994663,0.00094572579973316
0.153421593105215,0.130764275259331,2703,2703,0.0018914515994663,0.000945725799733137
0.151834016529155,0.129736077920166,2704,2704,0.0018914515994663,0.00094572579973316
0.153421593105215,0.130764275259331,2705,2705,0.0018914515994663,0.000945725799733137
0.151834016529155,0.129736077920166,2706,2706,0.0018914515994663,0.00094572579973316
0.153421593105215,0.130764275259331,2707,2707,0.0018914515994663,0.000945725799733137
0.151834016529155,0.129736077920166,2708,2708,0.0018914515994663,0.00094572579973316
0.153421593105215,0.130764275259331,2709,2709,0.0018914515994663,0.000945725799733137
0.151834016529155,0.129736077920166,2710,2710,0.0018914515994663,0.00094572579973316
0.153421593105215,0.130764275259331,2711,2711,0.0018914515994663,0.000945725799733137
0.151834016529155,0.129736077920166,2712,2712,0.0018914515994663,0.00094572579973316
0.153421593105215,0.130764275259331,2713,2713,0.0018914515994663,0.000945725799733137
0.151834016529155,0.129736077920166,2714,2714,0.0018914515994663,0.00094572579973316
0.153421593105215,0.130764275259331,2715,2715,0.0018914515994663,0.000945725799733137
0.151834016529155,0.129736077920166,2716,2716,0.0018914515994663,0.00094572579973316
0.153421593105215,0.130764275259331,2717,2717,0.0018914515994663,0.000945725799733137
0.151834016529155,0.129736077920166,2718,2718,0.0018914515994663,0.00094572579973316
0.153421593105215,0.130764275259331,2719,2719,0.0018914515994663,0.000945725799733137
0.151834016529155,0.129736077920166,2720,2720,0.0018914515994663,0.00094572579973316
0.153421593105215,0.130764275259331,2721,2721,0.0018914515994663,0.000945725799733137
0.151834016529155,0.129736077920166,2722,2722,0.0018914515994663,0.00094572579973316
0.153421593105215,0.130764275259331,2723,2723,0.0018914515994663,0.000945725799733137
0.151834016529155,0.129736077920166,2724,2724,0.0018914515994663,0.00094572579973316
0.153421593105215,0.130764275259331,2725,2725,0.0018914515994663,0.000945725799733137
0.151834016529155,0.129736077920166,2726,2726,0.0018914515994663,0.00094572579973316
0.153421593105215,0.130764275259331,2727,2727,0.0018914515994663,0.000945725799733137
0.151834016529155,0.129736077920166,2728,2728,0.0018914515994663,0.00094572579973316
0.153421593105215,0.130764275259331,2729,2729,0.0018914515994663,0.000945725799733137
0.151834016529155,0.129736077920166,2730,2730,0.0018914515994663,0.00094572579973316
0.153421593105215,0.130764275259331,2731,2731,0.0018914515994663,0.000945725799733137
0.151834016529155,0.129736077920166,2732,2732,0.0018914515994663,0.00094572579973316
0.153421593105215,0.130764275259331,2733,2733,0.0018914515994663,0.000945725799733137
0.151834016529155,0.129736077920166,2734,2734,0.0018914515994663,0.00094572579973316
0.153421593105215,0.130764275259331,2735,2735,0.0018914515994663,0.000945725799733137
0.151834016529155,0.129736077920166,2736,2736,0.0018914515994663,0.00094572579973316
0.153421593105215,0.130764275259331,2737,2737,0.0018914515994663,0.000945725799733137
0.151834016529155,0.129736077920166,2738,2738,0.0018914515994663,0.00094572579973316
0.153421593105215,0.130764275259331,2739,2739,0.0018914515994663,0.000945725799733137
0.151834016529155,0.129736077920166,2740,2740,0.0018914515994663,0.00094572579973316
0.153421593105215,0.130764275259331,2741,2741,0.0018914515994663,0.000945725799733137
0.151834016529155,0.129736077920166,2742,2742,0.0018914515994663,0.00094572579973316
0.153421593105215,0.130764275259331,2743,2743,0.0018914515994663,0.000945725799733137
0.151834016529155,0.129736077920166,2744,2744,0.0018914515994663,0.00094572579973316
0.153421593105215,0.130764275259331,2745,2745,0.0018914515994663,0.000945725799733137
0.151834016529155,0.129736077920166,2746,2746,0.0018914515994663,0.00094572579973316
0.153421593105215,0.130764275259331,2747,2747,0.0018914515994663,0.000945725799733137
0.151834016529155,0.129736077920166,2748,2748,0.0018914515994663,0.00094572579973316
0.153421593105215,0.130764275259331,2749,2749,0.0018914515994663,0.000945725799733137
0.151834016529155,0.129736077920166,2750,2750,0.0018914515994663,0.00094572579973316
0.153421593105215,0.130764275259331,2751,2751,0.0018914515994663,0.000945725799733137
0.151834016529155,0.129736077920166,2752,2752,0.0018914515994663,0.00094572579973316
0.153421593105215,0.130764275259331,2753,2753,0.0018914515994663,0.000945725799733137
0.151834016529155,0.129736077920166,2754,2754,0.0018914515994663,0.00094572579973316
0.153421593105215,0.130764275259331,2755,2755,0.0018914515994663,0.000945725799733137
0.151834016529155,0.129736077920166,2756,2756,0.0018914515994663,0.00094572579973316
0.153421593105215,0.130764275259331,2757,2757,0.0018914515994663,0.000945725799733137
0.151834016529155,0.129736077920166,2758,2758,0.0018914515994663,0.00094572579973316
0.153421593105215,0.130764275259331,2759,2759,0.0018914515994663,0.000945725799733137
0.151834016529155,0.129736077920166,2760,2760,0.0018914515994663,0.00094572579973316
0.153421593105215,0.130764275259331,2761,2761,0.0018914515994663,0.000945725799733137
0.151834016529155,0.129736077920166,2762,2762,0.0018914515994663,0.00094572579973316
0.153421593105215,0.130764275259331,2763,2763,0.0018914515994663,0.000945725799733137
0.151834016529155,0.129736077920166,2764,2764,0.0018914515994663,0.00094572579973316
0.153421593105215,0.130764275259331,2765,2765,0.0018914515994663,0.000945725799733137
0.151834016529155,0.129736077920166,2766,2766,0.0018914515994663,0.00094572579973316
0.153421593105215,0.130764275259331,2767,2767,0.0018914515994663,0.000945725799733137
0.151834016529155,0.129736077920166,2768,2768,0.0018914515994663,0.00094572579973316
0.153421593105215,0.130764275259331,2769,2769,0.0018914515994663,0.000945725799733137
0.151834016529155,0.129736077920166,2770,2770,0.0018914515994663,0.00094572579973316
0.153421593105215,0.130764275259331,2771,2771,0.0018914515994663,0.000945725799733137
0.151834016529155,0.129736077920166,2772,2772,0.0018914515994663,0.00094572579973316
0.153421593105215,0.130764275259331,2773,2773,0.0018914515994663,0.000945725799733137
0.151834016529155,0.129736077920166,2774,2774,0.0018914515994663,0.00094572579973316
0.153421593105215,0.130764275259331,2775,2775,0.0018914515994663,0.000945725799733137
0.151834016529155,0.129736077920166,2776,2776,0.0018914515994663,0.00094572579973316
0.153421593105215,0.130764275259331,2777,2777,0.0018914515994663,0.000945725799733137
0.151834016529155,0.129736077920166,2778,2778,0.0018914515994663,0.00094572579973316
0.153421593105215,0.130764275259331,2779,2779,0.0018914515994663,0.000945725799733137
0.151834016529155,0.129736077920166,2780,2780,0.0018914515994663,0.00094572579973316
0.153421593105215,0.130764275259331,2781,2781,0.0018914515994663,0.000945725799733137
0.151834016529155,0.129736077920166,2782,2782,0.0018914515994663,0.00094572579973316
0.153421593105215,0.130764275259331,2783,2783,0.0018914515994663,0.000945725799733137
0.151834016529155,0.129736077920166,2784,2784,0.0018914515994663,0.00094572579973316
0.153421593105215,0.130764275259331,2785,2785,0.0018914515994663,0.000945725799733137
0.151834016529155,0.129736077920166,2786,2786,0.0018914515994663,0.00094572579973316
0.153421593105215,0.130764275259331,2787,2787,0.0018914515994663,0.000945725799733137
0.151834016529155,0.129736077920166,2788,2788,0.0018914515994663,0.00094572579973316
0.153421593105215,0.130764275259331,2789,2789,0.0018914515994663,0.000945725799733137
0.151834016529155,0.129736077920166,2790,2790,0.0018914515994663,0.00094572579973316
0.153421593105215,0.130764275259331,2791,2791,0.0018914515994663,0.000945725799733137
0.151834016529155,0.129736077920166,2792,2792,0.0018914515994663,0.00094572579973316
0.153421593105215,0.130764275259331,2793,2793,0.0018914515994663,0.000945725799733137
0.151834016529155,0.129736077920166,2794,2794,0.0018914515994663,0.00094572579973316
0.153421593105215,0.130764275259331,2795,2795,0.0018914515994663,0.000945725799733137
0.151834016529155,0.129736077920166,2796,2796,0.0018914515994663,0.00094572579973316
0.153421593105215,0.130764275259331,2797,2797,0.0018914515994663,0.000945725799733137
0.151834016529155,0.129736077920166,2798,2798,0.0018914515994663,0.00094572579973316
0.153421593105215,0.130764275259331,2799,2799,0.0018914515994663,0.000945725799733137
0.151834016529155,0.129736077920166,2800,2800,0.0018914515994663,0.00094572579973316
0.153421593105215,0.130764275259331,2801,2801,0.0018914515994663,0.000945725799733137
0.151834016529155,0.129736077920166,2802,2802,0.0018914515994663,0.00094572579973316
0.153421593105215,0.130764275259331,2803,2803,0.0018914515994663,0.000945725799733137
0.151834016529155,0.129736077920166,2804,2804,0.0018914515994663,0.00094572579973316
0.153421593105215,0.130764275259331,2805,2805,0.0018914515994663,0.000945725799733137
0.151834016529155,0.129736077920166,2806,2806,0.0018914515994663,0.00094572579973316
0.153421593105215,0.130764275259331,2807,2807,0.0018914515994663,0.000945725799733137
0.151834016529155,0.129736077920166,2808,2808,0.0018914515994663,0.00094572579973316
0.153421593105215,0.130764275259331,2809,2809,0.0018914515994663,0.000945725799733137
0.151834016529155,0.129736077920166,2810,2810,0.0018914515994663,0.00094572579973316
0.153421593105215,0.130764275259331,2811,2811,0.0018914515994663,0.000945725799733137
0.151834016529155,0.129736077920166,2812,2812,0.0018914515994663,0.00094572579973316
0.153421593105215,0.130764275259331,2813,2813,0.0018914515994663,0.000945725799733137
0.151834016529155,0.129736077920166,2814,2814,0.0018914515994663,0.00094572579973316
0.153421593105215,0.130764275259331,2815,2815,0.0018914515994663,0.000945725799733137
0.151834016529155,0.129736077920166,2816,2816,0.0018914515994663,0.00094572579973316
0.153421593105215,0.130764275259331,2817,2817,0.0018914515994663,0.000945725799733137
0.151834016529155,0.129736077920166,2818,2818,0.0018914515994663,0.00094572579973316
0.153421593105215,0.130764275259331,2819,2819,0.0018914515994663,0.000945725799733137
0.151834016529155,0.129736077920166,2820,2820,0.0018914515994663,0.00094572579973316
0.153421593105215,0.130764275259331,2821,2821,0.0018914515994663,0.000945725799733137
0.151834016529155,0.129736077920166,2822,2822,0.0018914515994663,0.00094572579973316
0.153421593105215,0.130764275259331,2823,2823,0.0018914515994663,0.000945725799733137
0.151834016529155,0.129736077920166,2824,2824,0.0018914515994663,0.00094572579973316
0.153421593105215,0.130764275259331,2825,2825,0.0018914515994663,0.000945725799733137
0.151834016529155,0.129736077920166,2826,2826,0.0018914515994663,0.00094572579973316
0.153421593105215,0.130764275259331,2827,2827,0.0018914515994663,0.000945725799733137
0.151834016529155,0.129736077920166,2828,2828,0.0018914515994663,0.00094572579973316
0.153421593105215,0.130764275259331,2829,2829,0.0018914515994663,0.000945725799733137
0.151834016529155,0.129736077920166,2830,2830,0.0018914515994663,0.00094572579973316
0.153421593105215,0.130764275259331,2831,2831,0.0018914515994663,0.000945725799733137
0.151834016529155,0.129736077920166,2832,2832,0.0018914515994663,0.00094572579973316
0.153421593105215,0.130764275259331,2833,2833,0.0018914515994663,0.000945725799733137
0.151834016529155,0.129736077920166,2834,2834,0.0018914515994663,0.00094572579973316
0.153421593105215,0.130764275259331,2835,2835,0.0018914515994663,0.000945725799733137
0.151834016529155,0.129736077920166,2836,2836,0.0018914515994663,0.00094572579973316
0.153421593105215,0.130764275259331,2837,2837,0.0018914515994663,0.000945725799733137
0.151834016529155,0.129736077920166,2838,2838,0.0018914515994663,0.00094572579973316
0.153421593105215,0.130764275259331,2839,2839,0.0018914515994663,0.000945725799733137
0.151834016529155,0.129736077920166,2840,2840,0.0018914515994663,0.00094572579973316
0.153421593105215,0.130764275259331,2841,2841,0.0018914515994663,0.000945725799733137
0.151834016529155,0.129736077920166,2842,2842,0.0018914515994663,0.00094572579973316
0.153421593105215,0.130764275259331,2843,2843,0.0018914515994663,0.000945725799733137
0.151834016529155,0.129736077920166,2844,2844,0.0018914515994663,0.00094572579973316
0.153421593105215,0.130764275259331,2845,2845,0.0018914515994663,0.000945725799733137
0.151834016529155,0.129736077920166,2846,2846,0.0018914515994663,0.00094572579973316
0.153421593105215,0.130764275259331,2847,2847,0.0018914515994663,0.000945725799733137
0.151834016529155,0.129736077920166,2848,2848,0.0018914515994663,0.00094572579973316
0.153421593105215,0.130764275259331,2849,2849,0.0018914515994663,0.000945725799733137
0.151834016529155,0.129736077920166,2850,2850,0.0018914515994663,0.00094572579973316
0.153421593105215,0.130764275259331,2851,2851,0.0018914515994663,0.000945725799733137
0.151834016529155,0.129736077920166,2852,2852,0.0018914515994663,0.00094572579973316
0.153421593105215,0.130764275259331,2853,2853,0.0018914515994663,0.000945725799733137
0.151834016529155,0.129736077920166,2854,2854,0.0018914515994663,0.00094572579973316
0.153421593105215,0.130764275259331,2855,2855,0.0018914515994663,0.000945725799733137
0.151834016529155,0.129736077920166,2856,2856,0.0018914515994663,0.00094572579973316
0.153421593105215,0.130764275259331,2857,2857,0.0018914515994663,0.000945725799733137
0.151834016529155,0.129736077920166,2858,2858,0.0018914515994663,0.00094572579973316
0.153421593105215,0.130764275259331,2859,2859,0.0018914515994663,0.000945725799733137
0.151834016529155,0.129736077920166,2860,2860,0.0018914515994663,0.00094572579973316
0.153421593105215,0.130764275259331,2861,2861,0.0018914515994663,0.000945725799733137
0.151834016529155,0.129736077920166,2862,2862,0.0018914515994663,0.00094572579973316
0.153421593105215,0.130764275259331,2863,2863,0.0018914515994663,0.000945725799733137
0.151834016529155,0.129736077920166,2864,2864,0.0018914515994663,0.00094572579973316
0.153421593105215,0.130764275259331,2865,2865,0.0018914515994663,0.000945725799733137
0.151834016529155,0.129736077920166,2866,2866,0.0018914515994663,0.00094572579973316
0.153421593105215,0.130764275259331,2867,2867,0.0018914515994663,0.000945725799733137
0.151834016529155,0.129736077920166,2868,2868,0.0018914515994663,0.00094572579973316
0.153421593105215,0.130764275259331,2869,2869,0.0018914515994663,0.000945725799733137
0.151834016529155,0.129736077920166,2870,2870,0.0018914515994663,0.00094572579973316
0.153421593105215,0.130764275259331,2871,2871,0.0018914515994663,0.000945725799733137
0.151834016529155,0.129736077920166,2872,2872,0.0018914515994663,0.00094572579973316
0.153421593105215,0.130764275259331,2873,2873,0.0018914515994663,0.000945725799733137
0.151834016529155,0.129736077920166,2874,2874,0.0018914515994663,0.00094572579973316
0.153421593105215,0.130764275259331,2875,2875,0.0018914515994663,0.000945725799733137
0.151834016529155,0.129736077920166,2876,2876,0.0018914515994663,0.00094572579973316
0.153421593105215,0.130764275259331,2877,2877,0.0018914515994663,0.000945725799733137
0.151834016529155,0.129736077920166,2878,2878,0.0018914515994663,0.00094572579973316
0.153421593105215,0.130764275259331,2879,2879,0.0018914515994663,0.000945725799733137
0.151834016529155,0.129736077920166,2880,2880,0.0018914515994663,0.00094572579973316
0.153421593105215,0.130764275259331,2881,2881,0.0018914515994663,0.000945725799733137
0.151834016529155,0.129736077920166,2882,2882,0.0018914515994663,0.00094572579973316
0.153421593105215,0.130764275259331,2883,2883,0.0018914515994663,0.000945725799733137
0.151834016529155,0.129736077920166,2884,2884,0.0018914515994663,0.00094572579973316
0.153421593105215,0.130764275259331,2885,2885,0.0018914515994663,0.000945725799733137
0.151834016529155,0.129736077920166,2886,2886,0.0018914515994663,0.00094572579973316
0.153421593105215,0.130764275259331,2887,2887,0.0018914515994663,0.000945725799733137
0.151834016529155,0.129736077920166,2888,2888,0.0018914515994663,0.00094572579973316
0.153421593105215,0.130764275259331,2889,2889,0.0018914515994663,0.000945725799733137
0.151834016529155,0.129736077920166,2890,2890,0.0018914515994663,0.00094572579973316
0.153421593105215,0.130764275259331,2891,2891,0.0018914515994663,0.000945725799733137
0.151834016529155,0.129736077920166,2892,2892,0.0018914515994663,0.00094572579973316
0.153421593105215,0.130764275259331,2893,2893,0.0018914515994663,0.000945725799733137
0.151834016529155,0.129736077920166,2894,2894,0.0018914515994663,0.00094572579973316
0.153421593105215,0.130764275259331,2895,2895,0.0018914515994663,0.000945725799733137
0.151834016529155,0.129736077920166,2896,2896,0.0018914515994663,0.00094572579973316
0.153421593105215,0.130764275259331,2897,2897,0.0018914515994663,0.000945725799733137
0.151834016529155,0.129736077920166,2898,2898,0.0018914515994663,0.00094572579973316
0.153421593105215,0.130764275259331,2899,2899,0.0018914515994663,0.000945725799733137
0.151834016529155,0.129736077920166,2900,2900,0.0018914515994663,0.00094572579973316
0.153421593105215,0.130764275259331,2901,2901,0.0018914515994663,0.000945725799733137
0.151834016529155,0.129736077920166,2902,2902,0.0018914515994663,0.00094572579973316
0.153421593105215,0.130764275259331,2903,2903,0.0018914515994663,0.000945725799733137
0.151834016529155,0.129736077920166,2904,2904,0.0018914515994663,0.00094572579973316
0.153421593105215,0.130764275259331,2905,2905,0.0018914515994663,0.000945725799733137
0.151834016529155,0.129736077920166,2906,2906,0.0018914515994663,0.00094572579973316
0.153421593105215,0.130764275259331,2907,2907,0.0018914515994663,0.000945725799733137
0.151834016529155,0.129736077920166,2908,2908,0.0018914515994663,0.00094572579973316
0.153421593105215,0.130764275259331,2909,2909,0.0018914515994663,0.000945725799733137
0.151834016529155,0.129736077920166,2910,2910,0.0018914515994663,0.00094572579973316
0.153421593105215,0.130764275259331,2911,2911,0.0018914515994663,0.000945725799733137
0.151834016529155,0.129736077920166,2912,2912,0.0018914515994663,0.00094572579973316
0.153421593105215,0.130764275259331,2913,2913,0.0018914515994663,0.000945725799733137
0.151834016529155,0.129736077920166,2914,2914,0.0018914515994663,0.00094572579973316
0.153421593105215,0.130764275259331,2915,2915,0.0018914515994663,0.000945725799733137
0.151834016529155,0.129736077920166,2916,2916,0.0018914515994663,0.00094572579973316
0.153421593105215,0.130764275259331,2917,2917,0.0018914515994663,0.000945725799733137
0.151834016529155,0.129736077920166,2918,2918,0.0018914515994663,0.00094572579973316
0.153421593105215,0.130764275259331,2919,2919,0.0018914515994663,0.000945725799733137
0.151834016529155,0.129736077920166,2920,2920,0.0018914515994663,0.00094572579973316
0.153421593105215,0.130764275259331,2921,2921,0.0018914515994663,0.000945725799733137
0.151834016529155,0.129736077920166,2922,2922,0.0018914515994663,0.00094572579973316
0.153421593105215,0.130764275259331,2923,2923,0.0018914515994663,0.000945725799733137
0.151834016529155,0.129736077920166,2924,2924,0.0018914515994663,0.00094572579973316
0.153421593105215,0.130764275259331,2925,2925,0.0018914515994663,0.000945725799733137
0.151834016529155,0.129736077920166,2926,2926,0.0018914515994663,0.00094572579973316
0.153421593105215,0.130764275259331,2927,2927,0.0018914515994663,0.000945725799733137
0.151834016529155,0.129736077920166,2928,2928,0.0018914515994663,0.00094572579973316
0.153421593105215,0.130764275259331,2929,2929,0.0018914515994663,0.000945725799733137
0.151834016529155,0.129736077920166,2930,2930,0.0018914515994663,0.00094572579973316
0.153421593105215,0.130764275259331,2931,2931,0.0018914515994663,0.000945725799733137
0.151834016529155,0.129736077920166,2932,2932,0.0018914515994663,0.00094572579973316
0.153421593105215,0.130764275259331,2933,2933,0.0018914515994663,0.000945725799733137
0.151834016529155,0.129736077920166,2934,2934,0.0018914515994663,0.00094572579973316
0.153421593105215,0.130764275259331,2935,2935,0.0018914515994663,0.000945725799733137
0.151834016529155,0.129736077920166,2936,2936,0.0018914515994663,0.00094572579973316
0.153421593105215,0.130764275259331,2937,2937,0.0018914515994663,0.000945725799733137
0.151834016529155,0.129736077920166,2938,2938,0.0018914515994663,0.00094572579973316
0.153421593105215,0.130764275259331,2939,2939,0.0018914515994663,0.000945725799733137
0.151834016529155,0.129736077920166,2940,2940,0.0018914515994663,0.00094572579973316
0.153421593105215,0.130764275259331,2941,2941,0.0018914515994663,0.000945725799733137
0.151834016529155,0.129736077920166,2942,2942,0.0018914515994663,0.00094572579973316
0.153421593105215,0.130764275259331,2943,2943,0.0018914515994663,0.000945725799733137
0.151834016529155,0.129736077920166,2944,2944,0.0018914515994663,0.00094572579973316
0.153421593105215,0.130764275259331,2945,2945,0.0018914515994663,0.000945725799733137
0.151834016529155,0.129736077920166,2946,2946,0.0018914515994663,0.00094572579973316
0.153421593105215,0.130764275259331,2947,2947,0.0018914515994663,0.000945725799733137
0.151834016529155,0.129736077920166,2948,2948,0.0018914515994663,0.00094572579973316
0.153421593105215,0.130764275259331,2949,2949,0.0018914515994663,0.000945725799733137
0.151834016529155,0.129736077920166,2950,2950,0.0018914515994663,0.00094572579973316
0.153421593105215,0.130764275259331,2951,2951,0.0018914515994663,0.000945725799733137
0.151834016529155,0.129736077920166,2952,2952,0.0018914515994663,0.00094572579973316
0.153421593105215,0.130764275259331,2953,2953,0.0018914515994663,0.000945725799733137
0.151834016529155,0.129736077920166,2954,2954,0.0018914515994663,0.00094572579973316
0.153421593105215,0.130764275259331,2955,2955,0.0018914515994663,0.000945725799733137
0.151834016529155,0.129736077920166,2956,2956,0.0018914515994663,0.00094572579973316
0.153421593105215,0.130764275259331,2957,2957,0.0018914515994663,0.000945725799733137
0.151834016529155,0.129736077920166,2958,2958,0.0018914515994663,0.00094572579973316
0.153421593105215,0.130764275259331,2959,2959,0.0018914515994663,0.000945725799733137
0.151834016529155,0.129736077920166,2960,2960,0.0018914515994663,0.00094572579973316
0.153421593105215,0.130764275259331,2961,2961,0.0018914515994663,0.000945725799733137
0.151834016529155,0.129736077920166,2962,2962,0.0018914515994663,0.00094572579973316
0.153421593105215,0.130764275259331,2963,2963,0.0018914515994663,0.000945725799733137
0.151834016529155,0.129736077920166,2964,2964,0.0018914515994663,0.00094572579973316
0.153421593105215,0.130764275259331,2965,2965,0.0018914515994663,0.000945725799733137
0.151834016529155,0.129736077920166,2966,2966,0.0018914515994663,0.00094572579973316
0.153421593105215,0.130764275259331,2967,2967,0.0018914515994663,0.000945725799733137
0.151834016529155,0.129736077920166,2968,2968,0.0018914515994663,0.00094572579973316
0.153421593105215,0.130764275259331,2969,2969,0.0018914515994663,0.000945725799733137
0.151834016529155,0.129736077920166,2970,2970,0.0018914515994663,0.00094572579973316
0.153421593105215,0.130764275259331,2971,2971,0.0018914515994663,0.000945725799733137
0.151834016529155,0.129736077920166,2972,2972,0.0018914515994663,0.00094572579973316
0.153421593105215,0.130764275259331,2973,2973,0.0018914515994663,0.000945725799733137
0.151834016529155,0.129736077920166,2974,2974,0.0018914515994663,0.00094572579973316
0.153421593105215,0.130764275259331,2975,2975,0.0018914515994663,0.000945725799733137
0.151834016529155,0.129736077920166,2976,2976,0.0018914515994663,0.00094572579973316
0.153421593105215,0.130764275259331,2977,2977,0.0018914515994663,0.000945725799733137
0.151834016529155,0.129736077920166,2978,2978,0.0018914515994663,0.00094572579973316
0.153421593105215,0.130764275259331,2979,2979,0.0018914515994663,0.000945725799733137
0.151834016529155,0.129736077920166,2980,2980,0.0018914515994663,0.00094572579973316
0.153421593105215,0.130764275259331,2981,2981,0.0018914515994663,0.000945725799733137
0.151834016529155,0.129736077920166,2982,2982,0.0018914515994663,0.00094572579973316
0.153421593105215,0.130764275259331,2983,2983,0.0018914515994663,0.000945725799733137
0.151834016529155,0.129736077920166,2984,2984,0.0018914515994663,0.00094572579973316
0.153421593105215,0.130764275259331,2985,2985,0.0018914515994663,0.000945725799733137
0.151834016529155,0.129736077920166,2986,2986,0.0018914515994663,0.00094572579973316
0.153421593105215,0.130764275259331,2987,2987,0.0018914515994663,0.000945725799733137
0.151834016529155,0.129736077920166,2988,2988,0.0018914515994663,0.00094572579973316
0.153421593105215,0.130764275259331,2989,2989,0.0018914515994663,0.000945725799733137
0.151834016529155,0.129736077920166,2990,2990,0.0018914515994663,0.00094572579973316
0.153421593105215,0.130764275259331,2991,2991,0.0018914515994663,0.000945725799733137
0.151834016529155,0.129736077920166,2992,2992,0.0018914515994663,0.00094572579973316
0.153421593105215,0.130764275259331,2993,2993,0.0018914515994663,0.000945725799733137
0.151834016529155,0.129736077920166,2994,2994,0.0018914515994663,0.00094572579973316
0.153421593105215,0.130764275259331,2995,2995,0.0018914515994663,0.000945725799733137
0.151834016529155,0.129736077920166,2996,2996,0.0018914515994663,0.00094572579973316
0.153421593105215,0.130764275259331,2997,2997,0.0018914515994663,0.000945725799733137
0.151834016529155,0.129736077920166,2998,2998,0.0018914515994663,0.00094572579973316
0.153421593105215,0.130764275259331,2999,2999,0.0018914515994663,0.000945725799733137
0.151834016529155,0.129736077920166,3000,3000,0.0018914515994663,0.00094572579973316
