"H","C","epoch","t","velocity","dist_to_limit"
0.997027232594084,0.00533778109300583,1,1,NA,0.829418047704154
0.31691239929445,0.250571755048545,2,2,0.722977100921056,0.170323811051121
0.0836399759379372,0.0776047204285321,3,3,0.290402511290555,0.120078767489867
0.0595276104363675,0.0557964777205884,4,4,0.0325116228461433,0.152467461974743
0.0569004434878736,0.0535159314491108,5,5,0.00347892188351641,0.155940899268652
0.0588023586502162,0.0550975647958805,6,6,0.00247362999018903,0.153468752583904
0.0573947238264135,0.0538902446994067,7,7,0.00185446963106207,0.155320919444582
0.0596267205351636,0.055747834755584,8,8,0.00290386813142059,0.152418832576214
0.0593589029475152,0.055545339443982,9,9,0.000335753795919927,0.152754564787291
0.061028859390916,0.0570668893294206,10,10,0.00225917431304762,0.150502763620817
0.0587383720158031,0.0550093712725949,11,11,0.00307891425176396,0.153573341028273
0.0585190579762606,0.0546412560337457,12,12,0.000428494430551289,0.153972218811264
0.0552286850809665,0.0518632752544331,13,13,0.00430624325837684,0.158274917512526
0.0584731350733446,0.0545643537069273,14,14,0.00422164429571828,0.154055651798917
0.0550809835141741,0.0517504268669663,15,15,0.00440736615917438,0.158460788131939
0.0581777825714557,0.0543789974149016,16,16,0.0040619635063172,0.154402618878783
0.057459099037947,0.0538255906513409,17,17,0.000907063981917127,0.155309676311478
0.0591010129378584,0.0551520062905163,18,18,0.00211074861188427,0.153199335441655
0.0570921723555613,0.0535042802422508,19,19,0.00259816119885128,0.155796548623894
0.0591717768433393,0.0552033678866396,20,20,0.00268545222428199,0.153111941078005
0.0572434482851583,0.0536209666421999,21,21,0.00249448285756796,0.155605499517562
0.0592485744292139,0.0552641827176344,22,22,0.00259242934795556,0.153013985244553
0.0578042740861851,0.0540840580902543,23,23,0.00186512670267248,0.154878520033332
0.0598070418140025,0.0556770742142368,24,24,0.00255905821404182,0.152319646076689
0.0579368214631885,0.0541849726010981,25,25,0.00239250734262816,0.154711936307717
0.0593455975485504,0.0552965406812977,26,26,0.00179450094890088,0.152917493066317
0.0595933540821349,0.0556194829541213,27,27,0.000407031953917966,0.152523806078065
0.0616073919455912,0.0572500752451756,28,28,0.00259136638379854,0.149933037795961
0.0595298100765236,0.0555693536108751,29,29,0.00267229707081458,0.152604740007654
0.0597362779085216,0.0556260109043343,30,30,0.000214100477701625,0.152406857323997
0.058353985887874,0.0546127497311389,31,31,0.00171389306418198,0.154120120595832
0.0608133933147426,0.0566584620565036,32,32,0.0031990035650942,0.150923040376415
0.0594486492464456,0.0555459595110954,33,33,0.00176073515484067,0.15268322551376
0.059833418845138,0.0557797008748118,34,34,0.000450202920014906,0.15223591093175
0.0576820058647156,0.0540248798867564,35,35,0.00277632392066377,0.155011395753869
0.0617734717938157,0.057375204874024,36,36,0.00528817274389718,0.149725113814266
0.0591258696661,0.0552316781599278,37,37,0.0034065383897336,0.153130871611161
0.0616759984944089,0.0573055487874218,38,38,0.00328695853648237,0.149844829383165
0.0587679263388168,0.0549221118803562,39,39,0.00376000733404765,0.153603431442
0.0615754732920788,0.0571888714305468,40,40,0.00360839559266314,0.149995749596551
0.059543806493407,0.0555451301881329,41,41,0.00261334177880304,0.152608517233199
0.0621676377435713,0.0576664483884595,42,42,0.00337408970485004,0.14923514768532
0.0600561623048845,0.0559660537593485,43,43,0.00271102755848904,0.151945695984323
0.0622150228510294,0.05769508677457,44,44,0.00276590564290022,0.149180148860485
0.059348476052255,0.0553982687465875,45,45,0.00367320889730349,0.152852872018301
0.0615225694271887,0.057144134776149,46,46,0.00278832031806026,0.150064969414143
0.0609110515982495,0.056753129507159,47,47,0.000725836879394008,0.150787867876314
0.0630487886958186,0.058468001143129,48,48,0.00274056647906548,0.148047723524466
0.0623150403935858,0.0580211871414647,49,49,0.000859086330418955,0.148901516418278
0.066159285914805,0.0611062751244441,50,50,0.00492909641720847,0.143973297647458
0.0642279172020275,0.0595482842323883,51,51,0.0024814352146338,0.146454157787525
0.0652513860669997,0.0604116163401107,52,52,0.00133896633482398,0.145116456647813
0.0634125313806846,0.0588855323216626,53,53,0.00238962737445529,0.147504589334827
0.0659831937109098,0.0609411833000018,54,54,0.00329150509049979,0.144213565075647
0.0639271007351657,0.059307460451874,55,55,0.00262613188347405,0.146839437677032
0.0653409354644038,0.0604733713879074,56,56,0.00183256021793608,0.145007832819475
0.0635200154490913,0.0590128804560215,57,57,0.00233426293812128,0.147341685311277
0.0662093741067536,0.0611464252660704,58,58,0.00343287975991442,0.143909114853753
0.0649046770927855,0.0600615742815295,59,59,0.0016968016846163,0.145604794849084
0.0671546460888721,0.0618632879042258,60,60,0.00288245250811883,0.142722803446838
0.0646410145767555,0.0598693386549864,61,61,0.00320845398708598,0.145930972801375
0.0678179131925214,0.0623820826992349,62,62,0.00405050212279433,0.141880758386669
0.0654861680280786,0.0605648312465797,63,63,0.00295625410850958,0.144836977475165
0.0679516563703931,0.0624785512504805,64,64,0.00312105062750011,0.141715939850261
0.0672552139098771,0.0620552182301575,65,65,0.000815011010297036,0.142525966323992
0.0682333131407535,0.0627608173933488,66,66,0.00120604655156304,0.141320525729366
0.0657564438629384,0.0608010805185796,67,67,0.0031583935849913,0.14447867477904
0.0669634182799169,0.061723105121503,68,68,0.00151885371633894,0.142959838071368
0.0654545267429696,0.0606284377728127,69,69,0.00186414867286917,0.144823187025305
0.0657326171062298,0.0608076715716859,70,70,0.000330845892821303,0.144493516304725
0.0645700985661003,0.0599058926610784,71,71,0.00147127650690182,0.14596478695087
0.0666213331309914,0.0614387511980263,72,72,0.00256070664748976,0.143404380770322
0.0651968603846269,0.0603545341237445,73,73,0.00179015342060387,0.145194495363622
0.0675380982144316,0.0622667592191903,74,74,0.00302291240219785,0.142172770741782
0.0665275133428062,0.061489360511835,75,75,0.00127500216978479,0.143447772471967
0.0679403112017824,0.0625984410344865,76,76,0.00179612287888461,0.141651723325018
0.0664495724662108,0.0614618215782469,77,77,0.00187462149940625,0.143526321696606
0.0676722782343044,0.062406616731606,78,78,0.00154520137106475,0.141981122125261
0.0685468340848183,0.063046816808994,79,79,0.00108383766070179,0.140897610695838
0.0698615138797232,0.0640916210514258,80,80,0.00167928522536671,0.139218516249649
0.0678611633007651,0.0625674036374405,81,81,0.00251488392651314,0.14173336641317
0.0699759339741617,0.0641642034330709,82,82,0.00264991029817685,0.139083578453206
0.0688355022427564,0.063302146765462,83,83,0.00142958953275586,0.140513108500081
0.0688881891661017,0.0632635315099415,84,84,6.53226595485964e-05,0.140494946460896
0.0671593426319003,0.0620208911233971,85,85,0.00212909968509965,0.14262286377015
0.0694837694201985,0.0638153129279129,86,86,0.00293647910033082,0.139686386594785
0.0677287583881451,0.062523851454421,87,87,0.0021789760118328,0.141864849554515
0.0696996748474059,0.0639714250233794,88,88,0.00244539995234563,0.139420076335893
0.0686302604306029,0.0632016200651312,89,89,0.00131766720707833,0.140737058121594
0.0697086132926726,0.0640364886669241,90,90,0.00136376335094969,0.139373300144792
0.0686613200897757,0.063279339959276,91,91,0.00129232241268469,0.140665045425723
0.069522011300812,0.0638488399538526,92,92,0.00103204631900793,0.139635631560223
0.0676063878996211,0.0623797263808952,93,93,0.00241410598471524,0.142049732768109
0.0714552486927613,0.0654188560378948,94,94,0.00490408385705491,0.137146025003093
0.0717017283130838,0.0656647734720125,95,95,0.000348177523165087,0.136800724608987
0.0722867442824377,0.0661495743010653,96,96,0.000759786501755167,0.136041448319323
0.0724190783740867,0.066406285619033,97,97,0.000288813110133982,0.135780148608987
0.073877700135269,0.0674372762643485,98,98,0.00178620243895331,0.133995325805441
0.0728483300525227,0.0666510556916691,99,99,0.00129527817713322,0.135290599673473
0.0755988670897611,0.0687989788148122,100,100,0.00348984637715665,0.131800872494836
0.0746954046693894,0.0683123614706081,101,101,0.00102617775492562,0.132813952965968
0.0781368672332624,0.0708758525947798,102,102,0.00429128783959384,0.128523049362163
0.0727646141201224,0.0666631921720927,103,103,0.0068269767356068,0.135349620986824
0.0769981710214917,0.0698668638084314,104,104,0.00530909747420532,0.130040643509632
0.0756951292931735,0.0688887477744655,105,105,0.00162930313988526,0.131669853766183
0.0773197681558219,0.070127973323467,106,106,0.00204331382693066,0.129626548659201
0.07269516551765,0.0665380654102578,107,107,0.00585443322502777,0.135480896224024
0.0738874584738819,0.0673806052324931,108,108,0.00145994378163419,0.134022111150404
0.0736359379340396,0.0673426429868635,109,109,0.000254369247464759,0.134244731136006
0.0770492384790241,0.0699783245265442,110,110,0.0043124746711146,0.129932279625564
0.0744800087484453,0.0679737196044894,111,111,0.00325873937313444,0.133190907949306
0.0776833392870205,0.0705819439714564,112,112,0.00413087894857854,0.129061813405226
0.0775118103651266,0.0705166201462597,113,113,0.000183546651248178,0.129237726504029
0.0768400018211428,0.0699824168699002,114,114,0.00085831221606293,0.130095889599016
0.0759539581046281,0.0692170310273552,115,115,0.0011708496724787,0.131264702710051
0.0811431212709665,0.0732911203420588,116,116,0.00659739479727155,0.124667796423756
0.0796390827876886,0.07212288664995,117,117,0.00190444262674393,0.126572189351111
0.0825526495215631,0.0745590565600119,118,118,0.00379786715715952,0.122777970944013
0.0807593396377437,0.0731152496392825,119,119,0.00230228989567999,0.125079499277726
0.0804721693174125,0.0729367416726567,120,120,0.000338129985402065,0.12541606989113
0.0754894182747065,0.0689401739259903,121,121,0.00638751608274155,0.131801849604114
0.0775514449952933,0.0704809295007052,122,122,0.00257407885221662,0.129227945964541
0.0762812793671693,0.0695145122884901,123,123,0.00159602097446532,0.130823959470106
0.0787975037395509,0.0714783853931359,124,124,0.00319189327254504,0.127632206823772
0.0762139829223036,0.0695379439017977,125,125,0.00323108232554613,0.13086316069881
0.0787632023022038,0.0715110835736816,126,126,0.00322363143234779,0.127639582864893
0.0754023299627205,0.0689450727783683,127,127,0.00422846003693647,0.131868041674556
0.0788678656102728,0.0715720684035911,128,128,0.00434868294307552,0.12751939855719
0.07753091637698,0.0706248065420953,129,129,0.00163851709989457,0.12915683514862
0.0797350165725263,0.0722393071112295,130,130,0.00273215478326941,0.126425255799043
0.0784421205543185,0.0712979144581489,131,131,0.00159931242762994,0.12802412858865
0.0790929765833567,0.0718296725744203,132,132,0.000840464314980663,0.127184107559506
0.0788371944579223,0.0716149840738737,133,133,0.000333939587288893,0.127517697402859
0.0795628612375477,0.0721875442884342,134,134,0.000924347052978191,0.126593461377756
0.0746141337847235,0.0683427675481291,135,135,0.00626675446982944,0.13286002186471
0.0772798853715272,0.0705056834774391,136,136,0.00343284675448956,0.129428637158187
0.0776740945330836,0.0706594971473019,137,137,0.000423154236764343,0.129022021427221
0.0782046930667193,0.0710680840379486,138,138,0.000669685038734457,0.128352339916241
0.0769166272796898,0.0700524987926736,139,139,0.00164028255557888,0.129992447297191
0.0772697892822387,0.0702468984256054,140,140,0.00040313101757169,0.129593853905894
0.0763127653582905,0.0695158354062718,141,141,0.00120430391897001,0.130798156858734
0.0763718183372852,0.0695838390899871,142,142,9.00652836946471e-05,0.130709926534045
0.0746657282862707,0.0682462559213828,143,143,0.00216791881653908,0.132877705411777
0.0785956693202609,0.0713632745424922,144,144,0.00501599856608669,0.127862451729562
0.0771005378394736,0.0702640929615297,145,145,0.00185569886909719,0.12971781924612
0.0797334339365088,0.0722779048725421,146,146,0.00331475191691904,0.126403067427652
0.0781318393146695,0.0710672269093749,147,147,0.00200769680559674,0.128410735192167
0.079776569789525,0.072413592501626,148,148,0.00212552079333898,0.126286416939475
0.0785464443946805,0.0714205267067027,149,149,0.00158094533747628,0.127866788330805
0.0824297491142498,0.0746336173189856,150,150,0.00504023876694044,0.12283050744369
0.080777393776325,0.0731907534080272,151,151,0.00219365777374568,0.125019326361204
0.0824030151385209,0.0744707591554778,152,152,0.00206907214150069,0.12295049204527
0.0803253561064154,0.0728000064789928,153,153,0.00266609856525804,0.125615738972347
0.0806441294820614,0.0731645703070536,154,154,0.000484276005756096,0.125141157839528
0.0789255453910924,0.0716474254966407,155,155,0.00229243531064557,0.127427803714326
0.078205801428303,0.0711651695992613,156,156,0.000866372969643616,0.128292499320072
0.0765162339233409,0.0698264772144492,157,157,0.00215562883052199,0.13044779658538
0.0782288068537326,0.0711923038077084,158,158,0.00219052238627334,0.128257746024777
0.0769184720757451,0.0700813181638472,159,159,0.00171792500746378,0.129973470958169
0.0799439159118751,0.072457565248489,160,160,0.0038470586963089,0.126126737760018
0.0786721453869733,0.0715166663072319,161,161,0.00158198959720592,0.127708536774393
0.0823740301351622,0.074454385467043,162,162,0.00472590145377528,0.122983467963225
0.0801346964286193,0.0726567741259543,163,163,0.00287158875587541,0.125854198657408
0.0829101790693485,0.0748369963555892,164,164,0.00352940120411146,0.122325133725732
0.0822782726394873,0.0743180651159932,165,165,0.000817676811172132,0.123142293244996
0.0833244419351175,0.0751484031033081,166,166,0.00133563893635122,0.121806892775335
0.0821158572525429,0.074225233734556,167,167,0.00152082826721362,0.123327720910966
0.0832308720497097,0.0751688440440431,168,168,0.00146070476622457,0.121868896117168
0.0819945421636704,0.0741612025663286,169,169,0.00159494606013014,0.123463008134863
0.0835982175429363,0.0753546480334253,170,170,0.00199902146186517,0.121464131268246
0.0829508674875746,0.074826342390285,171,171,0.000835565046391209,0.122299255842894
0.0821976676783515,0.074281309290646,172,172,0.000929715565275611,0.123228666270221
0.0808647202603204,0.0731979197985813,173,173,0.00171769660032037,0.124945572185203
0.08242268999358,0.0744248733418053,174,174,0.00198309976727929,0.122962691420485
0.0768805376709477,0.0702479637001701,175,175,0.0069398866360802,0.129902448877601
0.0806823585722605,0.0731471390932069,176,176,0.00478111494583105,0.125121334120813
0.0783240502789829,0.0712810862711476,177,177,0.00300728634168041,0.128128165323532
0.0793918248842833,0.0721302306043102,178,178,0.00136425390095344,0.126764177232666
0.080429976996698,0.0728657088496566,179,179,0.00127227672221451,0.125492715505782
0.0808199431149472,0.0730694402910434,180,180,0.000439977355771753,0.12505917138015
0.0795487613632011,0.0722828403342035,181,181,0.00149487208083929,0.126546835680949
0.0830570071821903,0.0751453913735736,182,182,0.00452791201101057,0.12202141989955
0.0817368055733852,0.0741513891731232,183,183,0.0016525654790028,0.123673963265245
0.08267560551959,0.0748477639142193,184,184,0.00116888113982169,0.122505171244274
0.0797847480535859,0.0726390894872795,185,185,0.00363803513080475,0.126143200696919
0.0839448889534866,0.0757703695222598,186,186,0.00520688841483023,0.120936393085924
0.0810737954140698,0.0736905455097286,187,187,0.00354525683627896,0.124480658666058
0.0827286596804539,0.0750196465990604,188,188,0.00212251865617671,0.12235889433501
0.0810073338136934,0.07364179625647,189,189,0.00220486605174904,0.124563069743578
0.0839847144958065,0.0759844358139753,190,190,0.00378850311107288,0.120775094305674
0.0817420722554182,0.0740888542150787,191,191,0.00293643896862324,0.123707653873765
0.0829060646599911,0.0749921914200722,192,192,0.00147339622092256,0.122234318649087
0.0814988701207256,0.0739738282930317,193,193,0.00173702617419961,0.123970835917415
0.0842061234984459,0.0762669210175213,194,194,0.00354788600356396,0.120427939865244
0.0839887103216698,0.0759099539266108,195,195,0.000417964105431209,0.120816985817794
0.0830095476012082,0.0752154206004822,196,196,0.00120047331259174,0.122016801759466
0.0824294460050574,0.0747950241739547,197,197,0.00071641539437246,0.122733032470571
0.085680569798299,0.0773913522010184,198,198,0.00416061595717482,0.118573670713001
0.0839997654652932,0.076021327593093,199,199,0.00216842584198124,0.120740793901056
0.086076457568565,0.0776635119951274,200,200,0.00264753086895631,0.118093780698031
0.0824811674497723,0.0749049061700236,201,201,0.00453166825094088,0.12262538579598
0.087883665203546,0.0789649031301752,202,202,0.00675799950399306,0.115867469622515
0.083713541859328,0.0758145795813737,203,203,0.00522632444152918,0.121093777278609
0.085220645469979,0.0768007657915773,204,204,0.00180108981853573,0.119297168238642
0.0808483617220811,0.0735407511022012,205,205,0.00545385743736304,0.124750773642294
0.0819047090015249,0.0740773867177722,206,206,0.00118484064695961,0.123585268561472
0.0795348252505804,0.0724282496693347,207,207,0.00288721353514417,0.126469769736792
0.0811132721069465,0.0736121049000124,208,208,0.00197307062356488,0.124496752418163
0.0821174457504113,0.0744264854330859,209,209,0.00129289611294893,0.123204463599558
0.08194125837571,0.0742094034558295,210,210,0.000279582860443323,0.12347615576411
0.0815518963950556,0.0740382491549467,211,211,0.000425319346714674,0.123889628179846
0.0812416379740179,0.0736339169605938,212,212,0.00050965165673725,0.124381432168201
0.0803632692026757,0.0731553423454245,213,213,0.00100028264043395,0.125370193913177
0.0809547977986276,0.0736995070179862,214,214,0.000803754484088841,0.124569974742227
0.08058288370387,0.0735949835569193,215,215,0.000386322724924036,0.124929444370739
0.0819271339230278,0.0745440900466008,216,216,0.00164554300474385,0.123284847058221
0.0806969855612261,0.0736645260236584,217,217,0.00151224927260626,0.124796503303698
0.0826030603471594,0.0751849390743172,218,218,0.00243819132435997,0.122359073847172
0.0808310749697655,0.0737887031353936,219,219,0.00225597140381695,0.124614633531823
0.0828128457253037,0.0753539235028451,220,220,0.00252533762617826,0.122089815404903
0.0794077649808714,0.0724505422480971,221,221,0.00447484050961883,0.126557388666052
0.0819965884301281,0.0745724210549268,222,222,0.00334729391035425,0.123212390131577
0.0805696771780527,0.0734218397796841,223,223,0.00183300654451604,0.125044608928002
0.082333804961096,0.0748653704319042,224,224,0.00227945773788508,0.122766679629478
0.0800670152285284,0.07295211885995,225,225,0.00296628846696656,0.1257290228616
0.080406667808953,0.0733467179707319,226,226,0.000520646073277203,0.125219866361782
0.0772120142097885,0.0707444287684867,227,227,0.00412040297917288,0.129337911848155
0.0787207825267528,0.0719845163310306,228,228,0.00195299743907959,0.127386322277174
0.0785853619265626,0.0718580765175682,229,229,0.000185272138715705,0.127570643882623
0.0799532906886193,0.0728849263004528,230,230,0.00171045303199834,0.12586022128994
0.0798856378294863,0.072920611958747,231,231,7.64877477557925e-05,0.125892506123761
0.0822509713003565,0.0747416802377213,232,232,0.00298514524020277,0.122907430259927
0.0823698843988932,0.0747487421484285,233,233,0.000119122607369184,0.122808457552306
0.0835204035126063,0.0757317814067108,234,234,0.0015132945563715,0.121297678087655
0.0823823371080269,0.0747829947532608,235,235,0.00148168527528529,0.122777821363762
0.0838107437550616,0.0758541043334238,236,236,0.00178539107256919,0.12099246489577
0.0834850365546971,0.0755298893448827,237,237,0.000459565598325154,0.121447961801704
0.0845086586713946,0.0764586038727177,238,238,0.00138214069906215,0.120071064368976
0.0812692131014426,0.0739165863349923,239,239,0.0041177494779048,0.12418829442132
0.0841142433229762,0.0759932901078026,240,240,0.00352234233450474,0.120666619501853
0.0835906875355818,0.0756536229928896,241,241,0.000624086862117381,0.121288971240144
0.0832963330050075,0.0755173760833433,242,242,0.000324357534258969,0.12160578351745
0.0790087014415121,0.0722275257650822,243,243,0.00540434080539376,0.127010055893437
0.0819841083554554,0.0744578426903914,244,244,0.00371851581828853,0.123291616468081
0.0820335650214797,0.0745937402291769,245,245,0.000144617090491459,0.123170046653855
0.0854250494328141,0.0771971179189415,246,246,0.00427548148258042,0.118894634101798
0.0856414923194344,0.0774900231985068,247,247,0.000364199157008541,0.11854522167367
0.0869905136647717,0.0785719334831927,248,248,0.0017292739673877,0.116816631542573
0.0846652844956183,0.0767153386283909,249,249,0.00297550586353953,0.119791143604072
0.0871631387342725,0.0787138741533,250,250,0.00319897171633103,0.116593328180548
0.0868003092718426,0.0785325959084906,251,251,0.000405594650911885,0.116992084889066
0.0894756416071435,0.080693237238153,252,252,0.00343886232055778,0.113555088289318
0.0856445881949647,0.0777116473581504,253,253,0.00485456985318991,0.118409104769682
0.0868498811947545,0.0784485181237593,254,254,0.00141269591227245,0.117003245138484
0.0843750423223808,0.0765979250703605,255,255,0.00309023010364925,0.120093426776359
0.087493113368177,0.0788242078746899,256,256,0.00383127944314764,0.116263648027398
0.0871114080269365,0.0785961983624677,257,257,0.000444620405734307,0.116705589503031
0.0892540885017785,0.0802951366200655,258,258,0.00273449644731868,0.113971790103466
0.0878222217933854,0.0791202470772157,259,259,0.00185218997635289,0.115822552320358
0.0905860080299204,0.0812835296392937,260,260,0.00350974440731096,0.112313267444386
0.08829652506199,0.0795707558095233,261,261,0.00285925277868005,0.115172479609085
0.0908284220279361,0.081547275570438,262,262,0.00321202936030379,0.111960835879187
0.0884533884455811,0.0797807545663649,263,263,0.00295996300232719,0.114920715623029
0.0905483135882017,0.0813372992275968,264,264,0.00260989322302538,0.112310905858772
0.0869891523503593,0.0786442213586478,265,265,0.00446321600700476,0.116774120958818
0.090153323069287,0.0809246035818929,266,266,0.00390027171138265,0.112874884114815
0.0885434818496013,0.0798059442114614,267,267,0.00196035393224108,0.114833648516257
0.0889664356353322,0.0800926487480746,268,268,0.000510969075559997,0.114323359949125
0.0873896028882357,0.0789236983415462,269,269,0.00196286692499487,0.116286139490303
0.0895530087267588,0.0804915131138942,270,270,0.00267177244213434,0.113614923509875
0.0877972056402992,0.0791911063677757,271,271,0.00218492612776073,0.115799736395446
0.0895288959335124,0.0805683135626679,272,272,0.00221256659318351,0.113587835849273
0.0889989950034351,0.080259085601496,273,273,0.000613528261506555,0.11419705931319
0.092012192805144,0.0825993038494522,274,274,0.0038152303259817,0.110382209731441
0.090629928400512,0.081442738155434,275,275,0.00180230382813015,0.112182229569842
0.0942745445240805,0.0839831494927462,276,276,0.00444262495051285,0.107742954269132
0.0930373929109842,0.0830622008209328,277,277,0.00154230041493268,0.109285200479388
0.0948401782179823,0.0844558135737918,278,278,0.00227863805113044,0.107006675119975
0.093316474949105,0.0835172850171086,279,279,0.00178955511323273,0.108788131831444
0.0935192174432004,0.0837318594793737,280,280,0.000295206230910565,0.108497057919254
0.0934920093392725,0.0836343721615721,281,281,0.000101212934210477,0.108577488037874
0.0947124099195858,0.0845617211284621,282,282,0.00153276015175921,0.107044735963721
0.0952769549605952,0.0849936060832714,283,283,0.000710799351096297,0.106333951827021
0.0972477214278265,0.0865035072828445,284,284,0.00248268445454428,0.103851334740403
0.0955373794114597,0.0852213933918586,285,285,0.00213754200950737,0.105988867060712
0.0952983119597724,0.0849803570435195,286,286,0.000339487507394447,0.106324887937737
0.0914520266229489,0.0820445078971387,287,287,0.00483871068597501,0.111163534631861
0.0909898135113036,0.0818345062857324,288,288,0.000507682614799858,0.111658983971188
0.0894006900570782,0.080818760033736,289,289,0.00188601532369546,0.113539475712641
0.0919315528728103,0.0826057178295506,290,290,0.00309814214588,0.110442753806525
0.0901329459575441,0.0812238267887017,291,291,0.00226817320423765,0.112710823956152
0.0923986502679769,0.0831238574397616,292,292,0.00295694648197775,0.109758007172859
0.0913735414076135,0.0822942915818249,293,293,0.00131872199050813,0.111075881275085
0.0909410784127996,0.0818073249403354,294,294,0.000651276248459101,0.111714262736671
0.0910850042334882,0.0819688646962738,295,295,0.000216355574482193,0.111502105594543
0.0919310933067823,0.082714554662401,296,296,0.00112779441634119,0.110377680394416
0.0896850174408784,0.0808701557822327,297,297,0.00290631450888609,0.113281399677494
0.0912463499544751,0.0820697781364397,298,298,0.00196897257744416,0.111312514406047
0.0906512885154343,0.0815898882369978,299,299,0.000764455644115192,0.112076555846771
0.090275584189125,0.0812421205273105,300,300,0.000511953240744391,0.112585914670902
0.088659374873416,0.0800940363440692,301,301,0.00198248072979121,0.114567594681027
0.0898850360509046,0.0808468679835727,302,302,0.00143840216888056,0.11313576138481
0.0896886928146401,0.0807052472387811,303,303,0.000242089036889637,0.113377791157229
0.08988160662911,0.0808876686412884,304,304,0.000265505758705981,0.113113907707905
0.0876680334770682,0.0792382095433915,305,305,0.00276054730353876,0.115874401123484
0.0894422929448378,0.0806559908822288,306,306,0.0022711452141432,0.113604139079152
0.0876384480586732,0.0792099042775713,307,307,0.00231193054426638,0.115915067529334
0.0912481572372633,0.0818838672225439,308,308,0.0044922241913204,0.111423034351413
0.0916105007849678,0.0821524725301999,309,309,0.000451045072984996,0.110972007879501
0.0930761726684659,0.0834013857115707,310,310,0.00192561112498822,0.109049772692483
0.0946245686672106,0.0845683164865154,311,311,0.00193888050236262,0.107110892211877
0.0977049273471457,0.086843441701365,312,312,0.00382946528124957,0.103281618321367
0.0943005386098004,0.0844347571738508,313,313,0.00417032658529879,0.107450070378788
0.0962597639420229,0.0858568540764521,314,314,0.00242093442761482,0.105029506194388
0.0975417243857643,0.0869200285849549,315,315,0.00166546168219137,0.103365899114538
0.0967269862129617,0.0863542784601977,316,316,0.000991902965962155,0.104357098622957
0.0956879436041634,0.0855280615420595,317,317,0.00132749536297355,0.105684103721666
0.0970931019159238,0.0863750278415491,318,318,0.00164067723625965,0.104052145701716
0.0960859990103486,0.0856504793014628,319,319,0.00124065581422052,0.105292484530721
0.0947664850574822,0.0844692946285339,320,320,0.00177096422983961,0.107057305688676
0.0939415258782545,0.084008316886796,321,321,0.000945017526699767,0.107993424002956
0.0930044026087789,0.0832477234143337,322,322,0.00120693929115966,0.109199612112738
0.0899968987935155,0.0810225013396275,323,323,0.00374121537479249,0.112940657212919
0.0900668770664759,0.0810194971382628,324,324,7.00427291898048e-05,0.112886613956046
0.0906048696834605,0.0814198238625406,325,325,0.000670594916548718,0.11221603581961
0.0921043624470687,0.082541368976278,326,326,0.00187252289445595,0.110343533335188
0.0918566417430981,0.082262133196663,327,327,0.000373280280476859,0.110709527458818
0.0913742964578196,0.0819612702131503,328,328,0.00056848527604375,0.111275730766205
0.0900060228110159,0.0808395582715909,329,329,0.00176929659819222,0.113043662186881
0.0901183731035887,0.0809095713411712,330,330,0.000132379825325684,0.112911824026308
0.0928989577020597,0.082903577365102,331,331,0.00342165321631609,0.109491336488463
0.0926596665787557,0.0827482425686407,332,332,0.00028528782077713,0.109775869457004
0.0930432156485118,0.083184754087028,333,333,0.000581078475419219,0.109206603869578
0.0919116789268241,0.0823357088545842,334,334,0.00141465655169844,0.110621251101673
0.0930200175915827,0.083138071361521,335,335,0.00136828366515745,0.10925326486294
0.093049902159329,0.0834390837893209,336,336,0.000302492262842195,0.109048066362207
0.0928668198162805,0.083222956978529,337,337,0.000283248905874675,0.109324354978436
0.0914076599058271,0.0821752703118619,338,338,0.00179632819823837,0.111120198706475
0.0909671058455265,0.0816845700877797,339,339,0.000659450217955596,0.11176742023151
0.0908580012408503,0.0816078777743834,340,340,0.000133362384860333,0.11190070474986
0.090271807602907,0.0811626754085924,341,341,0.000736089755173348,0.112636791837317
0.09288530273141,0.0831252531405343,342,342,0.00326834333273351,0.109368461278152
0.0922766092421987,0.0825669054761094,343,343,0.000825990240969605,0.110190727976273
0.0909512218182929,0.0816054109486431,344,344,0.00163741367705148,0.111827817230455
0.0896494545462825,0.0806548375403642,345,345,0.00161188952320079,0.113439486773338
0.0873557260793455,0.078868743772095,346,346,0.00290711562017875,0.116346305021221
0.0877691603117697,0.0791848774501566,347,347,0.000520450157983376,0.115825862283672
0.0891085940386514,0.0801778898670331,348,348,0.00166738009127467,0.11415855865891
0.0859406219787942,0.0778321424542932,349,349,0.0039419002900139,0.11810025939582
0.0864387174855206,0.0781347368456963,350,350,0.000582805713363891,0.117520458590624
0.0847693221127001,0.0767664059146444,351,351,0.00215852043021779,0.119677379467397
0.0861276852943424,0.0778508844388839,352,352,0.00173817266195791,0.117939770661134
0.0861967161278941,0.0779193850679395,353,353,9.72501525030295e-05,0.117843385957341
0.0864466709572687,0.0781298263365586,354,354,0.000326745993496019,0.117517079528848
0.0868440299949743,0.0782421626744901,355,355,0.000412932994160342,0.117132534118596
0.0864934727384017,0.078059388316673,356,356,0.000395343971765323,0.117522297045056
0.0866345526651912,0.0782236777302915,357,357,0.000216551511585727,0.117310634734817
0.088413008952469,0.0795551598290501,358,358,0.00222165509138394,0.115089014039858
0.0891619546060543,0.080143889326177,359,359,0.000952639497822556,0.114136528852705
0.092136121377454,0.0825405927771825,360,360,0.00381966692476707,0.110318660623748
0.0891613610659629,0.0802112637435497,361,361,0.00377822347906355,0.114096341688651
0.0905523987311567,0.0813059334403502,362,362,0.00177010946867174,0.11232655961617
0.0887764370465995,0.0799035788122975,363,363,0.00226288276493417,0.114588951359334
0.0894487127649321,0.0803226785978158,364,364,0.0007922116331392,0.113799990508873
0.0883857730021174,0.0796086387501744,365,365,0.00128050530783454,0.115078448810544
0.0891568216653969,0.0802503708179857,366,366,0.0010031630415852,0.114076373222183
0.0878525774519557,0.079223247816849,367,367,0.00166013090681391,0.115736185377099
0.0891353467930703,0.0801255748431015,368,368,0.00156834028348735,0.114168797393407
0.089310473623101,0.0804033282662624,369,369,0.000328354032523068,0.113861566467644
0.0886358280208874,0.0797649507545077,370,370,0.000928801666719067,0.114784729550653
0.0873716662453845,0.078694404561443,371,371,0.00165655490284147,0.116438844357546
0.0878986415895278,0.0791364596961998,372,372,0.000687834104635628,0.115751848389396
0.0880379673208825,0.0792757868696784,373,373,0.000197037358607562,0.115556658586422
0.0917794449384947,0.0822231465751687,374,374,0.00476293858837592,0.110794615847466
0.0922294352618413,0.0827268341769843,375,375,0.000675420233135229,0.110131972171634
0.0920206770632046,0.0825186173981763,376,376,0.000294846082685953,0.110424028172034
0.092346807254901,0.0829777215668404,377,377,0.000563149660055576,0.109887263086365
0.0916158748321191,0.0822885623480577,378,378,0.0010045907801224,0.110885734595961
0.0927943596057801,0.0831421719869241,379,379,0.00145515489804912,0.109430851258168
0.0954875239496045,0.085224042560374,380,380,0.00340401516850964,0.10602707888941
0.0958147088808752,0.0853491926181551,381,381,0.000350303463033486,0.105690520830799
0.0910070868597184,0.081645601863701,382,382,0.0060687572018322,0.111759016444285
0.0927049249768876,0.0829403652981747,383,383,0.00213519709239281,0.109623837999814
0.0928911692205377,0.0830035756030872,384,384,0.000196678572650766,0.109437167284143
0.0940969329240041,0.0840341415548381,385,385,0.00158616906082082,0.107853832693058
0.0931483518091043,0.0830990124808516,386,386,0.00133201821179722,0.109174529993762
0.0929448286037692,0.0829680898815622,387,387,0.000241996739884099,0.109415812267221
0.0911131135150503,0.0815605002869792,388,388,0.00231008411816951,0.111725844172695
0.0945909054083175,0.0842817076751547,389,389,0.00441588112411731,0.107310507879583
0.095140569590147,0.0847298383999875,390,390,0.000709190989314965,0.106601781219437
0.0972485077446481,0.0863319831474328,391,391,0.00264769164650416,0.103954096283352
0.0972983564834386,0.0864825657214688,392,392,0.000158619066830884,0.103823534512079
0.0974100167780404,0.0865584723533246,393,393,0.000135017917885884,0.103688683647205
0.0973873286754246,0.0866574409230329,394,394,0.000101535844854972,0.103647186504602
0.0987258495873665,0.0875532255488901,395,395,0.00161061116587089,0.102039153650481
0.097942741067077,0.0870122977600215,396,396,0.000951767738116981,0.102990076822349
0.0982490718149911,0.0871987123128113,397,397,0.00035859296229771,0.102633272509534
0.096938091947814,0.0861438445681025,398,398,0.00168268065032281,0.104315168289906
0.0975122853522882,0.0865435543579488,399,399,0.000699618454474071,0.103616089474273
0.0968639597729894,0.0861414277830686,400,400,0.000762910112004048,0.104375772200515
0.0971530738998328,0.0864502663111542,401,401,0.000423046350617146,0.103958958168358
0.099647142158868,0.0881979448049779,402,402,0.003045448505311,0.100915424989658
0.0993220413202297,0.0880746072098095,403,403,0.000347710680976699,0.101249194781324
0.0983765777283523,0.0874467212695234,404,404,0.00113496350495271,0.102382136780456
0.100035326642429,0.0887370553413169,405,405,0.00210152563076946,0.100280869840099
0.0990373449148429,0.0881704431833897,406,406,0.00114761355259791,0.101419071728119
0.0978677593689487,0.0871496539018461,407,407,0.00155239850118415,0.102967312489515
0.0972468080853311,0.0867672016786002,408,408,0.000729280604220413,0.103693471721179
0.0959049450332178,0.0856553885469719,409,409,0.00174262012219759,0.105434146784465
0.0962387286216286,0.0858660341952894,410,410,0.000394693644549207,0.105040787299757
0.0970453667786314,0.0864947124615257,411,411,0.00102269324764111,0.104018237696904
0.097713149696531,0.0870463663964499,412,412,0.000866173244423891,0.103152958694453
0.0957767354289107,0.0855102377122905,413,413,0.00247171833956474,0.105623872774454
0.0955892604570228,0.0853396139936124,414,414,0.000253494217803762,0.105876275270587
0.0946212607067249,0.0846262130405135,415,415,0.00120248261378666,0.107078692023045
0.0979341075139087,0.0872044243416612,416,416,0.00419787177998972,0.102881366186404
0.0953445621489446,0.0853649761985453,417,417,0.00317636815693956,0.106056590234813
0.0975047784139833,0.0871309038630651,418,418,0.00279016752687973,0.103268859344131
0.0957213959476766,0.0857915191835282,419,419,0.00223033727066298,0.10549919500993
0.0938863046826639,0.0841651459892238,420,420,0.0024520704961477,0.107943174507601
0.0944146948883377,0.0847181043441702,421,421,0.000764826223241038,0.107188592031689
0.0964895829886199,0.086242744679047,422,422,0.00257481820317971,0.104613905115882
0.0948742277918362,0.0848825654119221,423,423,0.00211174336757394,0.106722412660242
0.0954710648656808,0.0853284253916588,424,424,0.000744986989313396,0.105977430086784
0.0933135473816454,0.0836568434702823,425,425,0.00272929804414821,0.108706463300853
0.0959246730180594,0.0856956907322849,426,426,0.00331283492599825,0.105394153407204
0.0982530312886192,0.0874975808729829,427,427,0.00294415697870017,0.102450282914356
0.0973612915633363,0.0866966722595746,428,428,0.00119860516629926,0.103644373979643
0.0956332527635844,0.0853591182969682,429,429,0.00218521593814707,0.105829402644776
0.0952874813096304,0.0852385095744733,430,430,0.000366202624664704,0.106178193672566
0.0941414194012678,0.0843020602613307,431,431,0.00147999838306838,0.107657001770326
0.0948794956157267,0.0847125889970106,432,432,0.000844565178757081,0.106820487821274
0.094101313996502,0.0842169020382024,433,433,0.000922644131630254,0.107740266917897
0.0920546248518594,0.0825409525335819,434,434,0.00264532478097408,0.110383476844525
0.0947950539461943,0.0848627822944378,435,435,0.00359177463929374,0.106797577699267
0.0962045968676676,0.0857850183916333,436,436,0.00168443778942576,0.105116793854589
0.0952666825904084,0.0853713487315361,437,437,0.00102508818116856,0.106115053781201
0.0982210498641092,0.0874286522229088,438,438,0.00360010883773375,0.102517266182413
0.0969857305090207,0.0864266417468673,439,439,0.00159060960111313,0.104106822356358
0.0970903814549155,0.0862775947629881,440,440,0.000182117610022099,0.104113030210137
0.0962129619623423,0.0858382478797611,441,441,0.00098126991686731,0.105078085163745
0.0971392394751777,0.0863724371365356,442,442,0.00106927461058315,0.104016880564077
0.0952445587105952,0.0851717158562635,443,443,0.00224311096305487,0.106252644561758
0.0955796401962401,0.0854086364079789,444,444,0.000410379031929186,0.10584244490281
0.0935761572365953,0.083912132384115,445,445,0.00250069355640146,0.108343123306517
0.0935291053526173,0.0837357413662769,446,446,0.00018255867812804,0.10848682559421
0.0929750248943251,0.0833290866287647,447,447,0.000687294136307322,0.109174062980416
0.0915086417684085,0.0820924001133142,448,448,0.0019182473796333,0.111089492816185
0.0915802093750317,0.0822475874482332,449,449,0.000170894795816161,0.1109388814211
0.0931878399684596,0.0834547670160713,450,450,0.00201041255316689,0.108928473300439
0.0893368552998448,0.080491603573354,451,451,0.00485905551585511,0.113787312808607
0.0897835943092267,0.0807972336962486,452,452,0.000541281363547666,0.113246622166894
0.0900562196302107,0.0810182702075085,453,453,0.000350972513099795,0.112895858422009
0.0905747225988318,0.0814066930966969,454,454,0.000647856210369596,0.11224800688413
0.0900245800922023,0.0811559141352614,455,455,0.000604604718059134,0.112838241159638
0.0921507488892034,0.082796546518702,456,456,0.0026855666759429,0.110152860257827
0.0912900052803146,0.0820305573950303,457,457,0.00115222345828669,0.111301260129991
0.090953184358308,0.0817116705358979,458,458,0.000463828807243253,0.111762199721278
0.0899450028625127,0.0810823806249196,459,459,0.00118845938951367,0.112946046424028
0.0917225943522122,0.0822402492211707,460,460,0.00212143611509673,0.110829657509759
0.0906347546058961,0.0815067936390252,461,461,0.00131200320298594,0.11213978693702
0.0918490938856741,0.0823650925902295,462,462,0.00148704303100147,0.110653471801361
0.0903987159790254,0.0812878553897307,463,463,0.00180666434575804,0.112460080033048
0.0923803427471469,0.0828091172093383,464,464,0.00249821579771084,0.109961947503748
0.0910112828257724,0.0818457716388574,465,465,0.00167402501668262,0.111635058851266
0.0931250316256304,0.0834813835023867,466,466,0.00267266910728193,0.108962606798666
0.0927408159898572,0.0831098873996986,467,467,0.000534444579994151,0.109493039122759
0.0949411165667402,0.0846764834519258,468,468,0.00270102680836117,0.106793061481745
0.0946262235091498,0.084506045749559,469,469,0.000358059559440467,0.107147068464044
0.0961170701254322,0.0855348974940381,470,470,0.00181139712525947,0.105337326607956
0.0946396031894972,0.0845752761190931,471,471,0.00176175529800044,0.107094697469752
0.0928794363348248,0.082895299989715,472,472,0.00243320922889242,0.109511893747815
0.0937875272942724,0.0837481462629737,473,473,0.00124578327025275,0.108273110265709
0.0947401215583613,0.0843788755889015,474,474,0.00114247770856165,0.10713288881533
0.0945424579989982,0.0844175494926741,475,475,0.000201411403681794,0.10726724057001
0.0976639610309762,0.0867112292055821,476,476,0.0038735962365809,0.103393980604154
0.0959267363201102,0.0855338686682193,477,477,0.00209860132730896,0.105489854465621
0.095225815669973,0.0848693939522364,478,478,0.000965824210697378,0.106449616327255
0.0963483391772727,0.0857914506469978,479,479,0.00145266912020413,0.104998157526577
0.0957724980843169,0.0852828670516152,480,480,0.000768277448470836,0.105764181004522
0.094888595667751,0.0846794914923215,481,481,0.00107020817954447,0.106833161502815
0.0980675317764894,0.0871276013542531,482,482,0.00401234054879783,0.102821013461045
0.0950045791125999,0.0848091635338437,483,483,0.00384146234503637,0.106662470689219
0.0984333817490594,0.0870848675960944,484,484,0.00411527842299103,0.102554989928397
0.0950252770608043,0.0847286006418735,485,485,0.00414332855632518,0.106694494131297
0.0981925572532984,0.0870444441311825,486,486,0.00392362012492806,0.102771375555894
0.0974899552006997,0.0866334641011589,487,487,0.000813974341975363,0.103579699169117
0.0989655674179386,0.0876072529379328,488,488,0.00176796383285697,0.101815347904975
0.0974175246771006,0.0864627821799312,489,489,0.00192516223819755,0.103740391847272
0.0985810590365378,0.0872790901568888,490,490,0.00142132716811979,0.102319988997825
0.096517559225266,0.0858035371983949,491,491,0.002536786945023,0.104855851627221
0.0964770179211778,0.0857898333462264,492,492,4.27947765670312e-05,0.104896454936392
0.0935260274746465,0.0838119743223695,493,493,0.00355250206668076,0.108443407730891
0.0943615700030857,0.0843621542561316,494,494,0.00100041455224571,0.107445005295676
0.093293403021929,0.0836011458310018,495,495,0.00131153136552353,0.108756064154834
0.0959085025920577,0.0856682202495102,496,496,0.00333339802803979,0.105423589413395
0.095422117916733,0.0852450344188597,497,497,0.000644714122424843,0.106066686785034
0.097623490135171,0.0869028110184609,498,498,0.00275576902121631,0.103310917767527
0.0953492698657278,0.0852618820839905,499,499,0.00280441181033178,0.106114762909688
0.0948559956842861,0.0848441943689821,500,500,0.000646360924983793,0.106760053027466
0.096049109981038,0.0858957985238438,501,501,0.00159040655922823,0.105174457635585
0.0979479689372201,0.0872399691933877,502,502,0.00232646945484685,0.102848924355429
0.0964578346588395,0.0861344724095849,503,503,0.00185543076039055,0.104704317743432
0.0971129840923614,0.0864932557995498,504,504,0.000746958031725196,0.103965097165991
0.0969841242620814,0.0864436996156397,505,505,0.00013806038977027,0.104097846275822
0.0986714464504878,0.0874511115645402,506,506,0.00196518065385247,0.102144118067458
0.0967884980349808,0.0862973596570889,507,507,0.00220831116453456,0.104342150340478
0.0986802911239216,0.0876820551210631,508,508,0.00234441093226318,0.101997954121461
0.0957369133778097,0.0856534989012411,509,509,0.00357470458825416,0.105569598411234
0.0951585982499707,0.0848599059252351,510,510,0.000981956311988221,0.106508969357869
0.0951744741124861,0.0851116787715622,511,511,0.000252272886292267,0.106344743245384
0.0981822711967815,0.0872429764319728,512,512,0.00368636311526245,0.102659935389427
0.0956185682906887,0.0855149235367178,513,513,0.0030917211063593,0.105747451460427
0.0975643470268589,0.0868699662073554,514,514,0.00237111693709544,0.10337792188458
0.0958814283139765,0.0856586405537066,515,515,0.00207352965576994,0.105450984310052
0.0990455187955131,0.087970386959367,516,516,0.00391862731315879,0.101532750929245
0.0971913226477498,0.0865470490324753,517,517,0.00233750598042198,0.103870159006689
0.0981879378101373,0.0872130652306383,518,518,0.00119867399993331,0.102673421636961
0.098809828218422,0.0877404081613957,519,519,0.000815376138071492,0.101859380906435
0.0991654495019004,0.0877995456022164,520,520,0.000360504832380414,0.101539928401388
0.0972210148219181,0.0866607362217293,521,521,0.00225337813733138,0.103778062316383
0.0983581952302288,0.0874911770365342,522,522,0.00140812329997744,0.102370082702026
0.0952653062382715,0.0852266602524671,523,523,0.00383327517690706,0.106203038807684
0.0972212832224757,0.0862773743610034,524,524,0.00222032567444815,0.104008757021156
0.09489064390314,0.0846950386511219,525,525,0.00281703140479475,0.106822160146359
0.0959098404172572,0.085527084016163,526,526,0.0013156979227296,0.105507429792141
0.0955861208380522,0.0853313133663751,527,527,0.000378312718896711,0.10588377762735
0.0963081739817453,0.0858527140144469,528,528,0.00089062864209885,0.10499333366599
0.0953276464136582,0.085206580759332,529,529,0.00117427530636743,0.106165289769675
0.0956467055903036,0.0852814008590639,530,530,0.00032771451833201,0.105865451813042
0.0946595059769546,0.0845502956408283,531,531,0.00122844532508684,0.107093848369958
0.0962767268498575,0.0854699332855011,532,532,0.0018604130587727,0.105249227992863
0.0980956801222042,0.0871076598075964,533,533,0.00244759865340608,0.102810555568695
0.0983217021418908,0.0872121810184219,534,534,0.000249019350444151,0.102567199943767
0.100512223461907,0.0888402377484663,535,535,0.00272927689501979,0.099838011423893
0.101074802081123,0.0892174721458801,536,536,0.00067734813308315,0.0991617563955316
0.0989789200726489,0.0876554479102108,537,537,0.00261393211584858,0.101775622111009
0.10046080171711,0.0886405757650965,538,538,0.00177945219060886,0.099999517923045
0.102055699732679,0.0899436336283929,539,539,0.00205952894496849,0.0979413848727891
0.101194614428024,0.0893744972605862,540,540,0.00103217445572581,0.0989714818653826
0.0979352377741634,0.0870762461834877,541,541,0.00398816927738956,0.102957562918088
0.0981545476687632,0.0870006599485341,542,542,0.000231970060102214,0.102828104495953
0.0971475518696749,0.0862249966374496,543,543,0.00127109956791118,0.104099157661216
0.100490992695128,0.0888309082446574,544,544,0.00423902958917364,0.0998605736305459
0.101492749558938,0.0896216895867927,545,545,0.00127626484134723,0.0985845934230814
0.102566353515719,0.0901678932929622,546,546,0.00120455964760904,0.0973989462071409
0.0998009073513351,0.0881298076051005,547,547,0.00343532906126468,0.100833948395226
0.104160093663538,0.0911637358038149,548,548,0.00531104750679628,0.0955275320677643
0.102195876269142,0.0898970410817717,549,549,0.00233723458200001,0.0978578006605177
0.10440629767346,0.0910699147278684,550,550,0.00250231800024965,0.0953887841232179
0.102442553080554,0.0899852415283963,551,551,0.00224339224742792,0.0976080059662988
0.101882503573102,0.0896599951509909,552,552,0.000647642383427997,0.0982507292678491
0.101390311088597,0.0893212842431021,553,553,0.000597476795303655,0.0988475689869758
0.101258558898205,0.0891646786989817,554,554,0.000204655652554281,0.0990471858529044
0.097517193993954,0.0862620298996609,555,555,0.00473531217544926,0.10378224483792
0.101597756614112,0.0891530054994391,556,556,0.00500087304533382,0.0987842902461698
0.0994225937700004,0.0877383769535141,557,557,0.00259470755989012,0.101371930573429
0.100625070624733,0.0885398828130842,558,558,0.00144511668355598,0.0999295925536594
0.099413320524738,0.0875086692729468,559,559,0.00159114413872526,0.101518394744103
0.101889743192051,0.0893787986004525,560,560,0.00310323265785542,0.0984151936523508
0.0960735230760838,0.0853255349602455,561,561,0.00708924273631599,0.105498394502873
0.0973869724081166,0.0861434789708963,562,562,0.00154731430303502,0.103957654406264
0.0986736158339794,0.0874335472339336,563,563,0.00182201191780179,0.102152980423662
0.0948028404761622,0.0844281868306676,564,564,0.00490051966879059,0.107053119520244
0.0955364030033661,0.0850451499252643,565,565,0.000958518357368363,0.106095871098177
0.0996024717069697,0.0880481583979098,566,566,0.00505479718576373,0.101041420424181
0.0975901960230277,0.0866226782699731,567,567,0.00246601845559323,0.103506222021834
0.100518896823747,0.0884962150613732,568,568,0.00347669792890663,0.100040535827593
0.0999726937144249,0.0884199923061006,569,569,0.000551495915718815,0.100521825537486
0.101509896115182,0.0894283525519895,570,570,0.00183841823489191,0.098687589618458
0.10089004471583,0.0888463820853125,571,571,0.00085023842618623,0.0995331643502763
0.100433541079038,0.088407628022934,572,572,0.000633167195657995,0.100162101353522
0.0996698718230983,0.0878417187523599,573,573,0.000950496730656858,0.10111252406089
0.101289685960351,0.0888949700912017,574,574,0.00193213255808587,0.0991857279050741
0.0970436585365564,0.0859501150450043,575,575,0.00516729330759634,0.104348002888362
0.100431516578113,0.0885927102222525,576,576,0.00429661394362546,0.10005177226964
0.100316529403496,0.0885142292392171,577,577,0.000139216791461184,0.100190816017504
0.0995089110249405,0.088039201785075,578,578,0.000936962393892477,0.101121427271463
0.0988447912198251,0.0876950172014467,579,579,0.000748009453920095,0.101858795428017
0.0981322677766266,0.086850207195749,580,580,0.00110516677602724,0.102936709216657
0.0950641162129563,0.0847936813371124,581,581,0.00369362323808125,0.106624276917074
0.0966534767544316,0.0858393137197915,582,582,0.00190247575819145,0.104725874705687
0.0952347281983525,0.0849488829470519,583,583,0.00167502669424049,0.106394598414546
0.0972769354820101,0.086356504563731,584,584,0.00248032441530666,0.103916631032933
0.0964487619971363,0.0858012658712013,585,585,0.000997076389616241,0.104912103924314
0.0979100865873226,0.0866399465463979,586,586,0.00168489015452974,0.103240796211483
0.0976098562881448,0.0863739097749342,587,587,0.00040114061912894,0.103640784092872
0.098311115294118,0.0869919278289236,588,588,0.00093472483037267,0.102708570041846
0.0951226610790145,0.0848044033811054,589,589,0.00386671740519178,0.106571098236828
0.0971010634613041,0.0862492715560959,590,590,0.00244984081714489,0.104121587845833
0.0943356036211554,0.0841158428115147,591,591,0.0034927476770703,0.107614176922405
0.100590791081458,0.088895874247801,592,592,0.00787248821500583,0.0997417861931566
0.100294239891007,0.0885431861309772,593,593,0.000460794440402809,0.100191089187001
0.102622481251342,0.090375954042125,594,594,0.00296306362538924,0.0972285490834255
0.0999521806399562,0.0882771262355367,595,595,0.00339640744270684,0.10062440456324
0.0994828787432196,0.0879371724844927,596,596,0.000579493591965757,0.101203764811852
0.096597779320027,0.0860807270071456,597,597,0.00343077083059607,0.104624822504966
0.0985666571178852,0.0873968439405912,598,598,0.00236825749558642,0.102260437468643
0.092964466865692,0.0833884979060305,599,599,0.00688849573960439,0.109146744327485
0.098589174640173,0.087062472315736,600,600,0.00671829037117918,0.102444439016561
0.0942227882050522,0.0840368513644429,601,601,0.00531222294728966,0.1077518040608
0.0972435166015328,0.0863166415611157,602,602,0.00378447399068207,0.103967332702449
0.0948402098215042,0.084701327951687,603,603,0.0028957074326901,0.106858632669284
0.0969753332151866,0.0860336443875378,604,604,0.00251670796706485,0.10435196966937
0.0960371529574067,0.0853907940477217,605,605,0.00113729448934276,0.105487990166314
0.0978531852937204,0.0867516824064483,606,606,0.00226935906622432,0.103218656839479
0.0956569631042003,0.0850538653349214,607,607,0.00277596374509983,0.105994480432452
0.0984391463180045,0.0871243836994003,608,608,0.00346808156374937,0.102526525342644
0.0969696426049985,0.0860313064625831,609,609,0.00183146362458731,0.104357917407009
0.0985188879796089,0.0871952366184135,610,610,0.00193775505118767,0.102420178030012
0.0944714453777107,0.084203027512608,611,611,0.00503339914456686,0.107453244424108
0.0970751981545003,0.0860042941906001,612,612,0.00316608435893369,0.104290124446429
0.0931720746810056,0.0830775025860892,613,613,0.00487857376141645,0.109168622052638
0.0935345211667434,0.0832217070008893,614,614,0.00039007995112733,0.108792745862401
0.0933896193250708,0.0833683057386028,615,615,0.000206125528790865,0.108819607193662
0.0974203585613347,0.0861586870992222,616,616,0.00490235524298771,0.103921871771686
0.0966484420084196,0.0856855754406974,617,617,0.000905367221682147,0.104822746192892
0.0999891062374741,0.0882109644775757,618,618,0.00418779503782954,0.100634958125291
0.0960985884216924,0.0856219244426797,619,619,0.00467324910284149,0.105299630042339
0.096861647571083,0.0858293305689515,620,620,0.000790744311825089,0.104566005845483
0.0916187495183798,0.0822583247149412,621,621,0.00634350556084052,0.110901646710825
0.0958419157983139,0.0852800863010881,622,622,0.00519289673606984,0.105710483411759
0.0939735841458692,0.0840782913787076,623,623,0.00222148018199265,0.107925695936929
0.100048961704505,0.0883734006462675,624,624,0.00744030752726327,0.100489125195419
0.0985216839452731,0.0873872041699617,625,625,0.00181801013300846,0.102302132163569
0.102499611612865,0.0901043135599986,626,626,0.0048173220741424,0.097490547807282
0.0978078934203481,0.0869773024033107,627,627,0.00563829924463431,0.10311881078535
0.100057945248636,0.0885382885203113,628,628,0.00273850522866987,0.100382486941369
0.0972475885251382,0.0867615754237054,629,629,0.00332487809415068,0.103696227045991
0.100601811658457,0.089150145926903,630,630,0.00411777632671248,0.0995798457235318
0.0987860648992178,0.0879325707632455,631,631,0.00218618973852716,0.101762838950418
0.0943813274938527,0.0846423329508006,632,632,0.00549794293101201,0.1072607638151
0.0925653469517148,0.0834456226068479,633,633,0.00217483355150386,0.109431581483848
0.0962485313159602,0.0863026397396798,634,634,0.00466137254017708,0.104770904293209
0.0929043116370349,0.0835481138487105,635,635,0.00433257638650858,0.109098902256772
0.0954879708310396,0.0854935570797434,636,636,0.00323419915836002,0.1058647066194
0.0896851728817683,0.0811432676604485,637,637,0.0072524121553933,0.113117117528681
0.0926683416370732,0.0832054935319588,638,638,0.00362657846568277,0.109493390118065
0.0905864272170663,0.0817814909162424,639,639,0.00252233049020141,0.112013195446239
0.0938153330881482,0.0842041029411181,640,640,0.00403669198074109,0.107976503900351
0.0890781455814296,0.0805412487006788,641,641,0.0059881087716002,0.113964053986223
0.0909528456102545,0.0818309820351997,642,642,0.00227550264167079,0.111690627385484
0.0894122624797619,0.0806602917780879,643,643,0.00193491913527539,0.113625530921438
0.0905402556940038,0.0814014528994747,644,644,0.00134969941069521,0.112278672038913
0.0897474861758069,0.0808581895020861,645,645,0.00096105079362349,0.113238722373609
0.0910127104857352,0.0817604663360397,646,646,0.00155399357769676,0.111685291423231
0.0916184690122925,0.082415435607427,647,647,0.00089214804766835,0.110807324686108
0.0925090200914746,0.0828447859101986,648,648,0.000988647008351578,0.109837760195622
0.0906282119287915,0.0816689517323134,649,649,0.00221811301756663,0.112047424007092
0.0919275534131919,0.0825853497308088,650,650,0.00158999169328973,0.110458202681405
0.092249936479872,0.0828294120394322,651,651,0.000404347934547345,0.110053855904617
0.0925341947277901,0.0829040484721591,652,652,0.00029389343068475,0.10978195777354
0.0919842484224671,0.0827213153332292,653,653,0.000579510430278498,0.11033113482137
0.093681803182478,0.0839255929057694,654,654,0.00208134010554711,0.108250621424548
0.0929929657688484,0.0835104702421655,655,655,0.000804253572111125,0.109050634513201
0.0956542452885513,0.0855827390954633,656,656,0.00337293742638934,0.105678193250619
0.0952432227315756,0.0853975035007193,657,657,0.000450834523858802,0.106118131934202
0.0962968952057922,0.0862070997669858,658,658,0.00132878583574424,0.104789441365274
0.0935787960381361,0.0841166250913806,659,659,0.00342901552264779,0.108218196908274
0.094348765119868,0.0844966352496325,660,660,0.000858638519516643,0.107374330379962
0.0945145871134788,0.0848605003991922,661,661,0.000399868454156059,0.107023244439691
0.0959457514044873,0.0858902456814939,662,662,0.00176312409497477,0.105260460257635
0.0947750550280286,0.0851173260939803,663,663,0.00140283095724889,0.106660801983847
0.095201044501301,0.0852710040448256,664,664,0.00045286194796527,0.106227782021535
0.0958723516626337,0.0858995777409811,665,665,0.000919651127523438,0.105313593243371
0.0967391384618405,0.0864255917442281,666,666,0.00101390832272505,0.104304554062655
0.0953152508628477,0.0855193719204896,667,667,0.00168780634656409,0.10598741609786
0.0962785593776051,0.0860846715111214,668,668,0.00111692744695994,0.104877567815375
0.0965476619879311,0.0863120154077856,669,669,0.000352280374467196,0.104525872726365
0.0974370448626903,0.0867214937593537,670,670,0.0009791192053667,0.103568932293618
0.0951392927547584,0.0851512984023073,671,671,0.00278301602740547,0.106349050001391
0.0938914254318163,0.0841729757396853,672,672,0.00158565068280068,0.107934375833105
0.0943214498440645,0.0847333650082413,673,673,0.000706368974008693,0.10725404098175
0.0960468300584329,0.0860591642073283,674,674,0.00217593207624537,0.105078272378381
0.0936021707294771,0.0842365252512376,675,675,0.00304932320341905,0.108127588781393
0.0926936612903859,0.0833749466567994,676,676,0.00125208109773762,0.10937132895657
0.0926958260240233,0.0833896827152245,677,677,1.48942099363559e-05,0.109360750156876
0.0944870101569355,0.0847697277982093,678,678,0.00226116452941112,0.107099766145299
0.0932221962814656,0.08372249987153,679,679,0.00164208418480858,0.108739998195768
0.0935857030882282,0.0840006444341744,680,680,0.000457713443424416,0.108282302207943
0.0939116343044195,0.0843018608039981,681,681,0.000443804528072584,0.10784079672475
0.0965963469322715,0.086225108609339,682,682,0.00330250874561992,0.104539138213166
0.0961688626293144,0.0859131806356882,683,683,0.000529189843081471,0.105068274184828
0.0972554480807545,0.0867434497487985,684,684,0.00136748482385227,0.103700832221338
0.0950751554447389,0.0852419273575254,685,685,0.00264730909985185,0.106345928072394
0.0953316660722647,0.0852260591473899,686,686,0.000257000976898122,0.106150365959036
0.0956129997780087,0.0855047415887016,687,687,0.00039599565285888,0.105758020281094
0.0967057356241066,0.0863110464635638,688,688,0.0013580129530214,0.104400061023109
0.0981678159369171,0.0873641079322293,689,689,0.00180183720071928,0.102598607594293
0.0994034429954925,0.088323688955855,690,690,0.00156447114667743,0.10103432235664
0.101060073557492,0.0896564335000291,691,691,0.00212617798854543,0.0989093056875705
0.100407259005095,0.0890769385217765,692,692,0.000872915385155027,0.0997793204345615
0.100733661173798,0.0897085112693523,693,693,0.000710930735876965,0.0991393392766464
0.100672477341093,0.0895275734432782,694,694,0.000191002508593254,0.0992967100424847
0.099561918774771,0.0889361760709122,695,695,0.00125820951406074,0.100540321867978
0.100959689425977,0.0897571279966069,696,696,0.00162102586582547,0.0989292167967311
0.100230350662647,0.0894441709876119,697,697,0.000793647983160505,0.0997007968053124
0.101706970652413,0.0903172331868671,698,698,0.00171541371043373,0.0979953288019445
0.100590319808779,0.0896289487674751,699,699,0.00131173341368064,0.0993017929792361
0.10318765013057,0.0912966454377559,700,700,0.00308663846029306,0.096223103576605
0.103037066852543,0.0911863987412645,701,701,0.000186627055135653,0.0964097177821755
0.102029528771642,0.0902373988137639,702,702,0.00138410037456158,0.0977852993152695
0.0997935535533982,0.0888044629473729,703,703,0.002655727842568,0.100433690665536
0.100854606728388,0.0894878511160775,704,704,0.00126208289318975,0.0991748357557443
0.101302658378139,0.0900060339131994,705,705,0.000685028241810193,0.0985054927357104
0.102985781842324,0.0912908866423372,706,706,0.00211748698490959,0.0963880992898101
0.101287953486677,0.0900660951237962,707,707,0.0020934983613864,0.0984812814796454
0.101338065246546,0.0901366128979804,708,708,8.65097968614155e-05,0.0983989211640797
0.102786511838581,0.0914475085533139,709,709,0.00195357235574999,0.0964540970127608
0.102826040593698,0.091241327320864,710,710,0.00020993623578524,0.0965457001278779
0.101857662318823,0.0903666897213509,711,711,0.0013048936407742,0.0978450708939995
0.102363263705735,0.0907325988877868,712,712,0.000624117200956692,0.0972210412209457
0.101597992768914,0.0901465129632817,713,713,0.000963917173644415,0.0981849077010318
0.10097315374997,0.0898088844488291,714,714,0.000710223072961059,0.0988874256768558
0.101095798415771,0.0899275656775152,715,715,0.000170666189070377,0.0987181291961933
0.102214171328387,0.0906015043342604,716,716,0.00130573783154599,0.0974189694238243
0.102003493759411,0.0905725594842253,717,717,0.000212656630306714,0.0976049410540664
0.102472260527372,0.0907440625819137,718,718,0.000499154881035509,0.0971269684904215
0.102150779723441,0.0908118925724305,719,719,0.000328558693249833,0.0973436846065188
0.103378249908948,0.0917377463643247,720,720,0.00153749416267984,0.0958062094302801
0.104146121815079,0.0924107782131089,721,721,0.00102107743766268,0.0947883061482878
0.104058524566887,0.0922457995597436,722,722,0.00018679195367345,0.0949571560664505
0.10272255530439,0.0914999996162598,723,723,0.00153004294908234,0.09647408503161
0.103830457510701,0.0921454750455888,724,724,0.00128221910320175,0.0951999492417649
0.10426991097433,0.092546802899044,725,725,0.000595133088186658,0.0946077752332764
0.102819794882019,0.0913568189159178,726,726,0.00187587274655758,0.0964816015332566
0.101235191650636,0.0905055710033984,727,727,0.00179877469669681,0.0982610795829573
0.101261923834284,0.0902935527029544,728,728,0.000213696910051854,0.0983661004062853
0.100382509284932,0.0897836517410644,729,729,0.00101654755941248,0.0993760397525783
0.101844436929339,0.0907341666274024,730,730,0.0017437634548961,0.0976357359902626
0.102401773256257,0.0912397119336659,731,731,0.000752462516001874,0.0968868120934899
0.103075417124567,0.0916486471620812,732,732,0.000788050812035773,0.0961022485144947
0.101574305604892,0.0905507955848548,733,733,0.00185973489511769,0.0979619156563856
0.102251798090046,0.0909015222258466,734,734,0.000762892681929344,0.097209117494925
0.102459892600201,0.0911294248576836,735,735,0.000308614540737642,0.0969060516175584
0.103319531776295,0.0917641813231144,736,736,0.0010685950044253,0.0958374678020748
0.103009815209377,0.0914482167844446,737,737,0.000442445410780577,0.0962746503730867
0.104706382529785,0.0926252546103841,738,738,0.00206488709530796,0.0942110414768009
0.102384956615624,0.0908719218666471,739,739,0.00290915692000258,0.0971201663477238
0.10364561171624,0.0917485291815476,740,740,0.00153547766745279,0.0955856249492543
0.104337552432272,0.0922625110964561,741,741,0.000861950905420804,0.0947236807328534
0.108209593945767,0.0947840131662376,742,742,0.0046206794056874,0.0901134550793878
0.107348453147433,0.094545197805278,743,743,0.000893642127020756,0.0909453645551735
0.106842897885803,0.0942719641670307,744,744,0.000574667507025972,0.0915138638928511
0.10871656004657,0.0957443090708417,745,745,0.00238294133550733,0.0891316478669551
0.110546379512437,0.0969592873223409,746,746,0.00219645428572542,0.0869385841622812
0.111419172719132,0.097684171342355,747,747,0.00113455930833315,0.0858055002276419
0.111841865013606,0.097788079904464,748,748,0.000435276653505034,0.0854048711177721
0.110666400988028,0.0973278686000287,749,749,0.00126234310714483,0.0866219482296691
0.111274744207783,0.0974962394198113,750,750,0.000631213280892461,0.0860337138187655
0.113835927715273,0.0992143220553309,751,751,0.00308406694180223,0.082953907456846
0.112242976051952,0.0980888709776978,752,752,0.00195041921899444,0.0849035076644862
0.114115480245175,0.099402369355228,753,753,0.00228725817113224,0.0826174547398259
0.113968530657548,0.0993223591471824,754,754,0.000167319498849203,0.0827829969655135
0.111906801377701,0.0980026822742524,755,755,0.00244791230895387,0.0852242332079124
0.111184350287906,0.0972532317838304,756,756,0.00104096667321284,0.0862518058413727
0.11170071949124,0.097829430668044,757,757,0.000773719786693445,0.0854930309937664
0.113081783696459,0.0987404834734183,758,758,0.00165449555850663,0.0838414917670414
0.112635238195977,0.0984420006473156,759,759,0.000537117195292381,0.0843778222836694
0.111486311883376,0.0975583478098557,760,760,0.00144943920498224,0.0858271511569262
0.110135633157619,0.0967323898363476,761,761,0.00158320548072942,0.0874034137949762
0.110061210534237,0.0963519644168349,762,762,0.000387636719987377,0.0876911190064183
0.111783610950803,0.0977407884676553,763,763,0.00221257665158179,0.0854798499419545
0.112848302643315,0.0984624052648506,764,764,0.00128619563134767,0.0841951655627758
0.112650949508645,0.0984754830358019,765,765,0.000197785964762756,0.0843451712216747
0.113752049941465,0.0989731378603262,766,766,0.00120833873045943,0.0831659713318593
0.113051644243026,0.0985240041758634,767,767,0.000832039187132553,0.0839956373750224
0.112127626195185,0.097805923906023,768,768,0.00117023443235567,0.0851657372607433
0.112072501306601,0.0979220022310211,769,769,0.000128502649294643,0.0851400216720994
0.112679472396473,0.0984744813250924,770,770,0.000820760046131377,0.0843229463408622
0.113343742228513,0.0989163877216789,771,771,0.000797831857663616,0.0835263843614177
0.115263037317806,0.100173563567087,772,772,0.00229438112484816,0.0812368064540675
0.113081652372205,0.098735256817479,773,773,0.00261288472513795,0.0838447330070012
0.116169402522312,0.100914994630735,774,774,0.00377961081647585,0.0800667721972494
0.113470901199497,0.0990125235778159,775,775,0.00330171250965764,0.0833669755429513
0.117569576712444,0.102149801851576,776,776,0.00516155557244452,0.0782056732746659
0.114604133242637,0.100122680546091,777,777,0.0035920851548607,0.0817945158866456
0.11572438297963,0.100994101849801,778,778,0.00141927254669148,0.080375530365555
0.115975768866983,0.100835190688633,779,779,0.000297401448389877,0.0802695035337723
0.115903919451825,0.100928695980307,780,780,0.000117921914967577,0.0802708748390816
0.11484250885396,0.10047726588499,781,781,0.00115342168707657,0.0813915161242453
0.113679830348103,0.0996812103593258,782,782,0.0014090868347699,0.082799546148592
0.113884127908408,0.0998129076905884,783,783,0.000243067233925003,0.0825570124583671
0.114261916145293,0.0998575531074962,784,784,0.000380417093700888,0.0822273494431062
0.114950528246493,0.100510292593609,785,785,0.000948817929136001,0.0812851380991054
0.113758871434131,0.0996331425442817,786,786,0.00147967502090294,0.0827647921783431
0.113362571788898,0.0994225609208347,787,787,0.000448773917407647,0.083208461714558
0.11180353139221,0.0984640848211432,788,788,0.00183010474896529,0.0850316733496125
0.112982376781984,0.0994177268804214,789,789,0.00151628151417059,0.083516824136817
0.113170033309088,0.0995639442154089,790,790,0.000237895946194791,0.0832790063170813
0.116643674112206,0.101915882627066,791,791,0.00419497255310579,0.0790877586323169
0.115079949111843,0.1006525711454,792,792,0.00201027156784051,0.081096374177904
0.117658356817872,0.102334142473226,793,793,0.0030782898546227,0.0780241415573236
0.114972688089771,0.100575440509068,794,794,0.00321027243638814,0.0812284710772865
0.117902687936664,0.10294463878574,795,795,0.00376802329835932,0.0774636950186208
0.118742914047012,0.103272013722788,796,796,0.000901750667268142,0.0765940050317918
0.117553336186804,0.102695438118909,797,797,0.0013219436116895,0.0778927513940077
0.116454703829768,0.101670138103492,798,798,0.0015027418865327,0.0793860005858626
0.118096107230731,0.102582254714156,799,799,0.0018778077207593,0.0775249958173538
0.116138518741024,0.101259671022642,800,800,0.00236249451133657,0.079884792937188
0.116723865445361,0.101552971853772,801,801,0.000654718368323867,0.0792403583422334
0.113572887026731,0.0993227213350951,802,802,0.00386039925017282,0.0830994389442703
0.115233864297445,0.100683888406893,803,803,0.00214746857745999,0.0809542073230897
0.111766184880673,0.0980089981972133,804,804,0.00437947921234336,0.0853331020030436
0.112779737109702,0.0989272738478774,805,805,0.00136766892615596,0.0839716988729056
0.11159249197024,0.0980645863482433,806,806,0.00146757648632096,0.0854391847512128
0.112410666047478,0.0986886459016762,807,807,0.00102900881769569,0.084410253664831
0.109735547259782,0.0966525892655196,808,808,0.00336181307539873,0.0877718592308224
0.109049385708342,0.096218724591499,809,809,0.000811822782408806,0.0885813697773464
0.108828560215293,0.0960143256312,810,810,0.000300903362146941,0.0888805322055694
0.112887445692864,0.0989661626255642,811,811,0.00501875412441486,0.0838620748419963
0.111887065638315,0.0983756466292563,812,812,0.00116166664557209,0.0850172215685755
0.109910779085977,0.0968765513051155,813,813,0.00248052319638698,0.0874976138728007
0.104729993265708,0.0930494236650816,814,814,0.00644107504137392,0.0939386689638997
0.10868423971858,0.096176417360082,815,815,0.00504124534005446,0.0888998947089368
0.106345982489105,0.0941309555407458,816,816,0.00310666395439779,0.091996523229754
0.107827844181866,0.0953063998075422,817,817,0.00189145005242489,0.0901059962352508
0.103760770171063,0.0921569136278732,818,818,0.00514396288918123,0.0952489954767673
0.104593953408803,0.0929414236083078,819,819,0.00114439950063411,0.0941122757938473
0.10166147489381,0.0908222954630222,820,820,0.00361802906801952,0.097730013092566
0.100826178646903,0.090258398060799,821,821,0.00100781947804746,0.0987368488867578
0.100423663859883,0.0898834414459138,822,822,0.000550100551550012,0.099283509753106
0.101892440247319,0.090955128808848,823,823,0.00181819082611303,0.0974653788293817
0.0999851407102614,0.0894662472573291,824,824,0.00241961976320918,0.0998843030632907
0.101893942115483,0.091131806770318,825,825,0.00253330047485175,0.0973589707043674
0.101671386265255,0.0907926226541806,826,826,0.000405680873483635,0.0977397353751651
0.105454186454979,0.093743409423151,827,827,0.00479757436954353,0.0929436058150298
0.101996456343077,0.0910832945206146,828,828,0.00436258052320509,0.0973054761595131
0.102696979564294,0.0916378995269255,829,829,0.000893487267111137,0.0964124374030903
0.101343100258521,0.0904441660429089,830,830,0.00180498997378445,0.098211061493107
0.103265037761641,0.0919562754695884,831,831,0.00244546901107933,0.0957665224541787
0.101704802234795,0.090666826656634,832,832,0.00202410798636327,0.0977879540449602
0.102416974376713,0.091319366246312,833,833,0.000965917737605232,0.0968271032680059
0.10087825420426,0.0899819717054655,834,834,0.00203869662456176,0.0988599196026316
0.100980828372713,0.0901104675672609,835,835,0.000164416077475395,0.0987009032169651
0.100215519767318,0.0893722981364819,836,836,0.00106329270195359,0.0997556643320462
0.102106803026653,0.0910551823592175,837,837,0.00253161049021576,0.0972336298981877
0.100397077359019,0.0896580332970339,838,838,0.00220798264497879,0.0994393188094301
0.10064291820105,0.0898331911342014,839,839,0.000301857561660944,0.0991375279752657
0.101412203792348,0.0903907142425442,840,840,0.00095006964866552,0.0981875391912893
0.102259777166266,0.0910800711521721,841,841,0.00109251708134299,0.0970960233051854
0.101637378137859,0.0904126969374726,842,842,0.000912561720108932,0.097993897642695
0.10179837281581,0.0906931522284435,843,843,0.000323379740494319,0.0976971779254792
0.10125020789169,0.0902098177202883,844,844,0.00073081942421452,0.0984255294598368
0.102379092775975,0.0911711971425282,845,845,0.00148277829612985,0.0969459011953153
0.10169617799482,0.0904782382717418,846,846,0.000972915512735645,0.0979075701466444
0.102757139297113,0.0912753893442731,847,847,0.00132706017851564,0.0965805164617327
0.0994848186016875,0.0889640208154841,848,848,0.00400630842666764,0.10058550007395
0.100846930426669,0.0899994551575763,849,849,0.00171098594399189,0.0988745978651806
0.100019701185544,0.0893824499154537,850,850,0.00103199015798562,0.0999065876507383
0.10139797769409,0.0906167087270517,851,851,0.00185014619639005,0.0980641249467575
0.0999082334360878,0.089381175872945,852,852,0.00193542744318302,0.0999967773152001
0.100773438983722,0.0900343093284187,853,853,0.00108404979143738,0.0989127564883328
0.100535921796143,0.0897178755683693,854,854,0.000395657350360473,0.0992922226610664
0.101569372383575,0.0906501559874281,855,855,0.00139182143122755,0.0979065766178806
0.10291645402166,0.0915725847908506,856,856,0.00163263708063046,0.0962751794444526
0.103836947730472,0.092473201863355,857,857,0.00128779648207614,0.0949992152266402
0.1048084753358,0.093114091697388,858,858,0.00116387527995158,0.0938371063997636
0.107127422089405,0.0950116072693393,859,859,0.00299634433799772,0.0908442080802717
0.105299762930428,0.093470902814604,860,860,0.00239042009241768,0.093229951384
0.104973353189917,0.0934716131443175,861,861,0.000326410513415876,0.0934918053793279
0.107010786868951,0.0947529274080441,862,862,0.00240684487221131,0.0910919382414999
0.107078283049801,0.0948439889899637,863,863,0.000113348780897904,0.0909834717189703
0.108308231761183,0.0956595572450319,864,864,0.00147577959441951,0.0895097721901027
0.106441483430501,0.0945547286147557,865,865,0.00216919239173934,0.0916673760304211
0.101975446562872,0.0912442699535276,866,866,0.0055591925538454,0.0972265642099278
0.102667687269257,0.0917143660327431,867,867,0.000836772083229058,0.096390470787927
0.101106965426605,0.0904258235700988,868,868,0.00202390571622505,0.0984115769961874
0.101202096747522,0.0904064781687422,869,869,9.70783846844547e-05,0.098346714851567
0.100531349794388,0.0897983642646614,870,870,0.000905375057904057,0.0992478180757022
0.102330085426113,0.0913718924243197,871,871,0.00238986207595253,0.0968655913931509
0.103447606564288,0.0920983985471501,872,872,0.00133291584159562,0.09553521639805
0.102870127837415,0.0917471255401276,873,873,0.00067592485192779,0.096208294018562
0.105556920936525,0.0935113096032065,874,874,0.00321421881113407,0.0929994710869614
0.105426887403037,0.0935982735054832,875,875,0.000156433500666127,0.093051959411332
0.104919848334877,0.0931089722911973,876,876,0.000704630608859729,0.0937507587006855
0.10645602910124,0.0942950335874242,877,877,0.00194077117284617,0.0918103138276202
0.106329300098117,0.0943732824086068,878,878,0.000148939982036315,0.0918654815797666
0.106198992735089,0.0943355390011375,879,879,0.000135663457373762,0.0919926737383093
0.105052086648009,0.0932153160396175,880,880,0.00160321335326829,0.0935811873475003
0.106783696966635,0.0946139753947727,881,881,0.0022259205482975,0.091357105394353
0.10546143528508,0.0934671497211238,882,882,0.00175030999547155,0.0931024352857601
0.104516734407263,0.0928049505942831,883,883,0.00115367561824683,0.0942556529368032
0.104649746935993,0.0929545959140918,884,884,0.000200215020764389,0.0940596308401498
0.105512674135197,0.0937574252761187,885,885,0.00117863409744474,0.0928882619239952
0.105114421245605,0.0932607725556047,886,886,0.000636607641222289,0.0935040420718127
0.107671448445393,0.0952072312560284,887,887,0.00321357893522336,0.0902906780571524
0.107008100123031,0.0947585313491215,888,888,0.000800851174212818,0.0910907556558265
0.109110662672574,0.0962173903927297,889,889,0.00255910902148713,0.0885329862547902
0.108739860323038,0.0957658405246409,890,890,0.000584287314420517,0.0891000969569141
0.110410693659062,0.097364787269492,891,891,0.00231264236959406,0.086805223400332
0.110122449113515,0.0970613398048313,892,892,0.000418527516236257,0.0872175081585851
0.106518717176605,0.0944794207889951,893,893,0.00443319181599924,0.0916500990084144
0.106126345052877,0.0940437068102283,894,894,0.000586346787124861,0.0922248382157056
0.1072319237495,0.0948947406132103,895,895,0.00139519274232844,0.0908298506222574
0.106423415586141,0.09432435204097,896,896,0.00098945872756828,0.0918190191007376
0.10768211974005,0.0953125633879426,897,897,0.00160028054207795,0.0902193367145605
0.108921127287504,0.0961141805809123,898,898,0.0014757133280932,0.0887466713585377
0.106729843416964,0.0946013719269903,899,899,0.002662764545481,0.0914078680585363
0.108069131446417,0.0953565678779712,900,900,0.00153753482894356,0.089882459193003
0.112580273687809,0.098805134977102,901,901,0.00567829370139288,0.0842046398165778
0.108608992347267,0.0956743924563484,902,902,0.00505693822554581,0.0892596732747911
0.111742921348882,0.0981555960741255,903,903,0.00399723434139545,0.0852641668263587
0.110576934823148,0.0970496677220843,904,904,0.00160704763403031,0.0868599872158842
0.112525032285874,0.098700855788583,905,905,0.00255372389956882,0.0843112052860442
0.111929746603765,0.0981112134981829,906,906,0.000837880107146716,0.0851408866554185
0.116955022527014,0.101994362343016,907,907,0.00635076712342022,0.0787910616479933
0.116271091251339,0.101367312792045,908,908,0.000927875600077744,0.0797141653672034
0.11518783963298,0.1005895551768,909,909,0.00133354451622306,0.0810474861163908
0.113855274203324,0.0994461979865291,910,910,0.00175584631698187,0.082799329470361
0.117560759982329,0.1024764245282,911,911,0.00478674187232373,0.0780173213340501
0.117371603618329,0.102161627988012,912,912,0.000367256030251815,0.0783571150260435
0.118517527938866,0.103198717640632,913,913,0.00154554116605526,0.0768185548887698
0.12070330944124,0.104274114284191,914,914,0.00243600466278239,0.0744242393877608
0.117022247971124,0.101809086091145,915,915,0.00443018933447388,0.0788480087993769
0.116989006756866,0.101670662869904,916,916,0.000142358584230666,0.0789576056864774
0.117827797733554,0.102491814710488,917,917,0.00117382309053271,0.0777940296587159
0.115787980577669,0.100832556582822,918,918,0.00262944700719915,0.0804213048039285
0.118275462102107,0.10276803369059,919,919,0.00315176711847737,0.0772700889662983
0.119174469155266,0.103221440079624,920,920,0.00100687190607678,0.0762788039824921
0.120039142008271,0.103965656160155,921,921,0.00114084035572267,0.0751405015908255
0.118465480149488,0.10288383276619,922,922,0.0019096474809556,0.0770485693837777
0.121243875479871,0.105428765461898,923,923,0.00376777958983541,0.0733002402877594
0.121207627902456,0.104969730891968,924,924,0.000460463487432996,0.0736033444349003
0.116876171042828,0.102000000081721,925,925,0.0052517444351519,0.0788509591522992
0.117413684916766,0.102045763367371,926,926,0.000539458471977902,0.0783928148011019
0.119479065663,0.103757768908712,927,927,0.00268267787863065,0.0757134941375467
0.118112153957558,0.102747370688404,928,928,0.00169980945228411,0.0774132855023584
0.118302100850938,0.102894975223737,929,929,0.000240555442997213,0.077172775962313
0.119104436670997,0.103523465818611,930,930,0.00101918751758216,0.076153872337327
0.119956815741153,0.104313284493659,931,931,0.00116205146989891,0.0749985179178065
0.119034248876776,0.103448295138294,932,932,0.00126464864849572,0.0762550768446112
0.121026295801854,0.105107657630665,933,933,0.00259263087091123,0.073666295643459
0.121424036558377,0.10486238748909,934,934,0.000467284872158049,0.073494628769159
0.122475121769139,0.105819941866461,935,935,0.00142186163388184,0.0720791508694702
0.123335648108847,0.106276981415812,936,936,0.000974366835951563,0.0711166111158174
0.123609264126587,0.10677517010557,937,937,0.000568381646226067,0.070598780328766
0.122887764753556,0.10624495753709,938,938,0.000895369595786288,0.0714941202069897
0.125855693744437,0.108060903864119,939,939,0.0034794056328004,0.0680304349175373
0.121290520313876,0.105285929082181,940,940,0.005342405215957,0.0733478874202345
0.124256524020911,0.10764577037599,941,941,0.00379025446666927,0.0695597809725666
0.126767971297149,0.109024761180221,942,942,0.00286513229353885,0.0667219764997701
0.126213766419875,0.109118732712017,943,943,0.000562115374974672,0.067110280573953
0.126321047679026,0.108977688296263,944,944,0.00017720834004228,0.067108202835515
0.128321524383047,0.110555655670853,945,945,0.00254791838146393,0.0645613235364765
0.128606832764077,0.110716792455585,946,946,0.00032766741626135,0.0642362106220636
0.126456156939414,0.109412126881332,947,947,0.0025154639260838,0.0667409627557913
0.127193845064229,0.109284524494774,948,948,0.000748642864487394,0.066225426653646
0.128976039183263,0.110950422996063,949,949,0.00243955604455324,0.0638005368797632
0.127926441120144,0.110248065324973,950,950,0.00126291820488985,0.0650618968745362
0.125435068207648,0.108734536910731,951,951,0.00291508271749495,0.0679649197600662
0.127986729173355,0.110254274687225,952,952,0.00296994555391453,0.0650098060445779
0.129984678716964,0.111212996630828,953,953,0.00221606636722632,0.0628358857803527
0.12928828382874,0.110873581507528,954,954,0.000774705406117971,0.0635964357179334
0.134707716458304,0.114448071270657,955,955,0.0064920895783329,0.0571176734602693
0.132529320682826,0.112755066590696,956,956,0.00275892605935517,0.059876468746645
0.132417456776053,0.112722224356892,957,957,0.000116585359114742,0.0599853636388795
0.131710768877201,0.112228188318138,958,958,0.00086225251172196,0.0608469241508911
0.13291723749022,0.113016794592854,959,959,0.00144134186462522,0.0594092973065186
0.133059768173989,0.112845253588977,960,960,0.000223027603284619,0.0594004229003473
0.134234294067883,0.113647631104427,961,961,0.00142243479735472,0.057980275668398
0.131013383287442,0.111380374405343,962,962,0.00393887283307089,0.0619156771043421
0.132012380031843,0.112380125322589,963,963,0.00141332812604137,0.0605148909675363
0.128655606050665,0.109816830523828,964,964,0.00422355440193079,0.0647384422901272
0.130635345313066,0.111618134413493,965,965,0.00267657677827717,0.0620724846529773
0.130761939327888,0.111795444004032,966,966,0.000217864029812548,0.0618646133566452
0.131284672466254,0.11192855756898,967,967,0.000539415568109266,0.0613674701282839
0.126970395956153,0.108702899684433,968,968,0.00538682193818865,0.0667541501256099
0.130559241651893,0.110712599265499,969,969,0.00411323544596776,0.0626828697544475
0.133425106871089,0.112854756867529,970,970,0.0035779914262804,0.0591053729230484
0.134466388102842,0.113698288707504,971,971,0.00134007931431364,0.0577656211487362
0.133730980233329,0.113290721007377,972,972,0.000840794959980222,0.0585968060135269
0.130927489284205,0.111386059546309,973,973,0.00338929148688911,0.061980415919272
0.13341349503905,0.113151904779609,974,974,0.00304933336995063,0.0589330974681946
0.134765784263966,0.114132481872076,975,975,0.00167039443907548,0.0572633534535159
0.134514804669749,0.11443553752645,976,976,0.000393488864341729,0.0572788574563276
0.135236388346443,0.115142455909334,977,977,0.00101015672176619,0.0562768903382811
0.131603443705953,0.112520752018189,978,978,0.00448013594143161,0.060756070093487
0.137190458727629,0.11626298040058,979,979,0.00672450816925727,0.054042918608927
0.136431348919061,0.115874979592109,980,980,0.000852521160345804,0.0548819833737017
0.137189038156411,0.116326876442069,981,981,0.000882215247770945,0.0540053116818792
0.137539755957126,0.116245824457685,982,982,0.000359961664501685,0.0537761117668021
0.135858170512284,0.115647043805242,983,983,0.00178501201061619,0.0554766287388787
0.136004435257485,0.11548330850403,984,984,0.000219550961172924,0.0554588510873232
0.136910530872302,0.116273983876501,985,985,0.00120257091592247,0.0542590766313916
0.136391965509124,0.11555322676874,986,986,0.000887919390640984,0.0551083234444823
0.138050725764679,0.116998659261533,987,987,0.00220017287426024,0.0529127728038577
0.137439513044227,0.116654106805584,988,988,0.00070163906999486,0.053607894570781
0.141081606943189,0.119388520558457,989,989,0.004554323938936,0.0490536286024293
0.142340900823445,0.119999400367946,990,990,0.00139964110345863,0.0476820213068696
0.143266644993889,0.120776354986956,991,991,0.00120857798635946,0.0464746000244332
0.138742416766264,0.117923510061136,992,992,0.00534858534814781,0.0518031951673012
0.139813268444259,0.118643201388185,993,993,0.00129022436905128,0.0505148121621442
0.139678186864692,0.118179759719472,994,994,0.000482726851788552,0.0509024401540059
0.136893997910045,0.116612105513119,995,995,0.00319519136295079,0.054068747775266
0.139774650095632,0.118341785814468,996,996,0.00336005222566554,0.0507275329768786
0.136244124625121,0.115983920754439,997,997,0.00424548439394458,0.0549656558316257
0.136355583599593,0.116092348755237,998,998,0.000155498341943192,0.0548113978811238
0.137525738984537,0.116583576869547,999,999,0.00126908182762303,0.0535819176514216
0.13901588781717,0.11759828156211,1000,1000,0.0018028225526951,0.0517817173924516
0.137820906869542,0.11660166965198,1001,1001,0.00155602530975711,0.0533363826456564
0.138922643497685,0.117282706511576,1002,1002,0.0012952354233575,0.052047814989986
0.139649172116877,0.117479497729879,1003,1003,0.000752708853479625,0.0513529787964643
0.141947817395299,0.119362351211538,1004,1004,0.00297134773283223,0.0483825596343725
0.143576865775211,0.120084262725998,1005,1005,0.0017818403011507,0.0466552117771624
0.144479960738257,0.120862232077725,1006,1006,0.00119198021145714,0.0454642780713969
0.142155847376962,0.119650535656213,1007,1007,0.00262101337922074,0.0480415776823383
0.139225417572389,0.117656771248622,1008,1008,0.0035443638854544,0.0515797971209203
0.138075626188357,0.116875349416634,1009,1009,0.00139019434119837,0.052967766404695
0.139478941151271,0.11751057736796,1010,1010,0.00154039197455865,0.0514683057657294
0.141245089234819,0.118720368442783,1011,1011,0.00214076469929312,0.0493314184806347
0.140830835560383,0.118805462896434,1012,1012,0.000422903266510541,0.0496068818117027
0.14006228442079,0.118174781472158,1013,1013,0.000994198125675314,0.0506005932811924
0.137770137027,0.11652215322952,1014,1014,0.00282579542487179,0.0534250590549429
0.139160142230762,0.117925437914556,1015,1015,0.00197517654242476,0.0514687113789189
0.138904778804631,0.117453567697942,1016,1016,0.000536537026431996,0.0519578985940376
0.140254909169646,0.118196033250018,1017,1017,0.0015408137780256,0.0504351082631072
0.137088260755651,0.11606016167016,1018,1018,0.00381963474477557,0.0542472905410952
0.137392425667699,0.116863717143333,1019,1019,0.000859195956803586,0.0535191129197046
0.136016256634442,0.115862557822848,1020,1020,0.00170181115083044,0.0552207068025909
0.13430091048436,0.115078331910331,1021,1021,0.00188611311868246,0.0570644765489103
0.134866159898593,0.115125051743418,1022,1022,0.000567176906348888,0.0565832608098886
0.138784991692583,0.117714043168858,1023,1023,0.00469682011903675,0.0518953671445078
0.137121977142932,0.116303065418555,1024,1024,0.00218093457127906,0.0540730938623381
0.138314325059713,0.117395113330395,1025,1025,0.00161686802071323,0.0524631319765158
0.140624307675558,0.118710195796189,1026,1026,0.00265809359830376,0.0498286974087802
0.142915576154334,0.120277740347624,1027,1027,0.00277616771153442,0.0470569056112973
0.146565156723362,0.122362141102593,1028,1028,0.00420287578178812,0.0428984314169128
0.14588259291269,0.122468570288468,1029,1029,0.000690811499068418,0.0433696383212144
0.148998478341186,0.124326315167715,1030,1030,0.00362766564609868,0.0397713884558508
0.146987788824197,0.123657715250967,1031,1031,0.00211893798455861,0.0417683765353109
0.147648387872718,0.124131343432839,1032,1032,0.00081284362430262,0.0409559397809634
0.139692384050458,0.118762836049125,1033,1033,0.00959785748741864,0.0505396244075215
0.146916792814371,0.123652555826028,1034,1034,0.00872361401511645,0.0418279052400333
0.14626532501294,0.123006949507172,1035,1035,0.00091717927105276,0.0427376890644452
0.148463657553653,0.124244814215844,1036,1036,0.00252289020699137,0.0402419016800044
0.143933152246386,0.120736487334819,1037,1037,0.00573008166113657,0.0459719170268214
0.149539687996529,0.124418792050707,1038,1038,0.00670765317665448,0.0392908310886771
0.148446362305184,0.123939740801509,1039,1039,0.00119367129759969,0.0404441967568339
0.153905547548756,0.127239901032511,1040,1040,0.00637916617387587,0.0341250260638982
0.154265798851521,0.127499784904482,1041,1041,0.000444207865817485,0.0336818673392163
0.151905491616313,0.126403581431157,1042,1042,0.00260244352474766,0.0362034325589478
0.153795564913473,0.127076485724051,1043,1043,0.00200628444045987,0.0343140946897527
0.150553022764436,0.125260192807768,1044,1044,0.00371658439242554,0.037973875874096
0.150876669240672,0.125381787861328,1045,1045,0.000345734578297267,0.0376455796364506
0.150656123951399,0.124990607511502,1046,1046,0.000449068247274261,0.0380633658138318
0.150143458185189,0.12517858442123,1047,1047,0.000546041670968973,0.0383447385990938
0.15017738160749,0.12484342373705,1048,1048,0.000336873095987476,0.0385278563949632
0.149717575386673,0.124787349571277,1049,1049,0.000463212772674349,0.0389216064042331
0.149612656398827,0.124567288778012,1050,1050,0.000243792425525102,0.0391409591762096
0.153401725726251,0.12685070551665,1051,1051,0.00442391663238788,0.0347612716182754
0.15192667486994,0.125615721225825,1052,1052,0.00192378824907707,0.0366850417470239
0.149379060874094,0.1244849915635,1053,1053,0.00278727225815662,0.0393747865752839
0.148670250639131,0.12387868548454,1054,1054,0.000932748095990043,0.0403070073448505
0.149073049924748,0.124495705487783,1055,1055,0.000736858839191555,0.0396077789494155
0.145761333420455,0.121757618890198,1056,1056,0.00429704368382181,0.0439038583939353
0.146328714856168,0.122726999847305,1057,1057,0.00112321909420827,0.0428587886383171
0.144633246197634,0.121163633198019,1058,1058,0.00230623703295518,0.0451573759772334
0.142514297543948,0.119973089596808,1059,1059,0.00243050148392112,0.0475607099193413
0.141360677941534,0.119099822147484,1060,1060,0.00144687049355581,0.0490075137485705
0.14145877660033,0.119365317197623,1061,1061,0.000283038810953015,0.0487678566243149
0.141854189954676,0.119367076845152,1062,1062,0.000395417269671824,0.048453633381174
0.140635711258139,0.118793591336557,1063,1063,0.00134669074493108,0.0497689133686283
0.142818057306796,0.119651796440302,1064,1064,0.00234502671118776,0.0475187561907295
0.145935541567921,0.1218546596672,1065,1065,0.00381723912203293,0.0437070850754484
0.143639054363267,0.120455177828189,1066,1066,0.00268931271868075,0.0463768864868582
0.146210655463952,0.122288592498233,1067,1067,0.003158249764248,0.0432220574565153
0.141451919784026,0.118742025945018,1068,1068,0.00593495573595826,0.0491550957724037
0.143381871992529,0.120140097633908,1069,1069,0.00238313238708659,0.0467737135555686
0.143344490568982,0.120269905692274,1070,1070,0.000135083318152602,0.0467230464056464
0.147295933549552,0.12313017064176,1071,1071,0.00487801365413773,0.0418487556018252
0.143332405163642,0.120344496947737,1072,1072,0.00484453663372306,0.046686673477377
0.14607286963121,0.122561867837384,1073,1073,0.00352517789058247,0.0431621246234089
0.145238198366685,0.121839208051615,1074,1074,0.00110404405971466,0.0442646590054549
0.146307513971631,0.123035215565524,1075,1075,0.00160432846895786,0.0426870133557982
0.145117733588678,0.121537773199992,1076,1076,0.00191256659955897,0.0445452609089359
0.147112833287774,0.12313530286949,1077,1077,0.00255588025037525,0.0419895044908964
0.144519042796615,0.121052171705362,1078,1078,0.00332673782540613,0.0453160350339495
0.148385664361647,0.123952540669353,1079,1079,0.00483351864116166,0.0404838650810977
0.151145597714253,0.124920134122698,1080,1080,0.0029246314642675,0.0377303355511453
0.151287228504734,0.125744780494391,1081,1081,0.000836720335093409,0.0370981057940758
0.150989643144992,0.125292351284466,1082,1082,0.000541524917549502,0.0376142038744486
0.153260105629829,0.126626904741254,1083,1083,0.0026336349071351,0.0350132610130563
0.152985626550338,0.126452358846776,1084,1084,0.000325276858011149,0.0353358801694133
0.150283613661503,0.124735978982268,1085,1085,0.00320106755485121,0.0385129934069231
0.152127433678209,0.125129087051397,1086,1086,0.00188526024941479,0.0368448150097447
0.149500029618079,0.124795337326098,1087,1087,0.00264851674986711,0.0390870038731248
0.149840257382049,0.12452170104173,1088,1088,0.000436613957059878,0.0389922819966574
0.148340203968632,0.124182765281492,1089,1089,0.00153786790481948,0.040377371959614
0.150095134861319,0.12513387767768,1090,1090,0.00199609549578474,0.0384103874235617
0.151995492371392,0.125565144331847,1091,1091,0.00194867893535223,0.0366644878246679
0.154211599994348,0.127075511349196,1092,1092,0.00268185412049612,0.0339961909431844
0.153836972041691,0.127033924379896,1093,1093,0.000376929143112513,0.0343095896946978
0.151992220035897,0.126013887407137,1094,1094,0.00210798135396856,0.036381257262378
0.150800222904494,0.125259894398657,1095,1095,0.00141044766585248,0.0377816868844344
0.153968133852472,0.126675594240341,1096,1096,0.00346985097894135,0.0344407570048178
0.152872924394265,0.126863404130104,1097,1097,0.00111119589273816,0.0351618438652006
0.153879882052619,0.127320166683415,1098,1098,0.00110571052080817,0.0340935649477001
0.151897687414111,0.126674230412296,1099,1099,0.00208478518108653,0.0360408938341572
0.153646781372236,0.127325508947244,1100,1100,0.00186641190642157,0.0342701384064631
0.152895583171576,0.127196568840123,1101,1101,0.000762183893754431,0.0349349255402906
0.154676310150356,0.127838106681091,1102,1102,0.00189276500769378,0.0331499139515048
0.152964535210968,0.126638336768196,1103,1103,0.00209036391257774,0.0352335260607663
0.157077036070868,0.129022894394219,1104,1104,0.00475381724454218,0.0305532146189288
0.157633464854072,0.129304133501497,1105,1105,0.000623464855657687,0.0299490124217508
0.156328510799468,0.128208771534058,1106,1106,0.00170373792712943,0.031652378959245
0.153310124389124,0.126369807602268,1107,1107,0.00353446528693922,0.0351402168013013
0.153289280416622,0.126468770229703,1108,1108,0.000101133935049299,0.0350923891876584
0.151953614434932,0.126285529055468,1109,1109,0.00134817689587796,0.03623992499985
0.154643899041721,0.127174440018237,1110,1110,0.00283333618994554,0.033602988145736
0.154225679818612,0.127272860656735,1111,1111,0.000429643969654255,0.0338581981505764
0.156325130977309,0.127918128628305,1112,1112,0.00219637563337635,0.0318470010682975
0.151204996195074,0.125058304782191,1113,1113,0.00586467156958096,0.0375963767792743
0.151234182252743,0.124717719693271,1114,1114,0.000341833334765195,0.0377922588816147
0.148413906841352,0.123222363141568,1115,1115,0.00319218492772828,0.0409185701285224
0.149220899350229,0.1238060587996,1116,1116,0.000995960606946449,0.0399242558375934
0.149225046420566,0.123588339058001,1117,1117,0.000217759234189141,0.0400590548258818
0.152891573338819,0.126147413996038,1118,1118,0.00447127321696762,0.0356036080765743
0.148086508528135,0.12364996440852,1119,1119,0.00541533953479147,0.0409062042313061
0.150709864764698,0.125062297428418,1120,1120,0.00297937619360379,0.0379764163910662
0.151113490557828,0.125238774730587,1121,1121,0.000440520168732529,0.037552204529012
0.15490784012238,0.127630996031924,1122,1122,0.0044855112721508,0.0331059017106241
0.152756275863189,0.12666194512549,1123,1123,0.00235972210666627,0.0353795437952572
0.153110985508165,0.12610027392333,1124,1124,0.000664299233459093,0.0354663622313207
0.146487718842705,0.122002579117422,1125,1125,0.00778837364564406,0.0431833574204949
0.151436419159513,0.125346046655965,1126,1126,0.00597230357624795,0.037234661588362
0.145887153641711,0.12204341502597,1127,1127,0.00645768716108992,0.0436278975605511
0.146029843896974,0.121860112050101,1128,1128,0.000232293973036757,0.0436298973181111
0.147087700315805,0.123135684835093,1129,1129,0.00165715000306971,0.042009048617647
0.149407890861202,0.124394604496247,1130,1130,0.00263972780418531,0.0394087360908788
0.143007663080113,0.120671983102882,1131,1131,0.00740410870315602,0.0467437050540702
0.148889727895763,0.123905797607902,1132,1132,0.0067123947104132,0.0401188126463935
0.147246107540401,0.122818579440906,1133,1133,0.00197066770796316,0.042081386210456
0.149857228947666,0.124982489656255,1134,1134,0.00339123317151358,0.0386908252826534
0.149109715068373,0.124617361585494,1135,1135,0.000831922777542262,0.0395036650153061
0.152650685286312,0.126306253040842,1136,1136,0.00392311412429917,0.0356869707052771
0.144308831892021,0.121353034470801,1137,1137,0.00970159225356573,0.0452969572503934
0.147753408758729,0.122986881717203,1138,1138,0.0038124226700663,0.0415801859949683
0.141734978197938,0.119320317378558,1139,1139,0.0070473541463792,0.0485765185688394
0.147645501387531,0.122710060570628,1140,1140,0.00681356318550785,0.0418380271793533
0.147382182386615,0.122391543767744,1141,1141,0.000413267286345338,0.0422432108014702
0.146188310429813,0.121969344993756,1142,1142,0.00126632620362802,0.0434378932991159
0.144901418228432,0.121645916127615,1143,1143,0.00132691287182997,0.0446491508625649
0.144928960442006,0.121656874800558,1144,1144,2.96423015512236e-05,0.0446206805561655
0.143723623793323,0.12083073942585,1145,1145,0.00146127892409486,0.0460794085260333
0.147358885432241,0.122989964993334,1146,1146,0.00422816535091338,0.0418864218645549
0.144299596873837,0.121331358585364,1147,1147,0.00347997438210918,0.0453175189613634
0.143562978275872,0.120460692059689,1148,1148,0.00114046795562074,0.046433413745267
0.14098792998135,0.118919421926033,1149,1149,0.00300106436852372,0.0494128826316388
0.141856371723374,0.119478867396018,1150,1150,0.00103303934735134,0.0483835110693216
0.140700204650926,0.11893121509849,1151,1151,0.00127931440170162,0.0496340950575817
0.143725337720646,0.121013670682296,1152,1152,0.00367260824864814,0.0459662624346633
0.139595296905581,0.11844671330475,1153,1153,0.00486276745405719,0.0508071498914129
0.142090279534633,0.119707718831694,1154,1154,0.00279554525240652,0.0480585238533852
0.143621501362826,0.120945743557096,1155,1155,0.00196909763796621,0.0460899806780771
0.145404789266653,0.12214389624631,1156,1156,0.00214841467473213,0.0439461907567316
0.14655077030566,0.123260421326633,1157,1157,0.00159996899868562,0.0423569165863387
0.148435423976865,0.124149031566529,1158,1158,0.0020836380728987,0.0403232101862465
0.145820217855512,0.122972316897932,1159,1159,0.00286774484019262,0.0431124245402203
0.150768203478893,0.12549680747331,1160,1160,0.00555478301955709,0.0376579598246511
0.148617667133151,0.124832331458381,1161,1161,0.00225085204950836,0.0397602207910498
0.14906792593497,0.124709229656909,1162,1162,0.000466783720947195,0.0394798149222066
0.149444899556951,0.124999773489237,1163,1163,0.000475946247147299,0.0390038825827977
0.149372913242014,0.124821089000042,1164,1164,0.000192640017174906,0.0391708422663462
0.147900068813472,0.123870836610674,1165,1165,0.00175278359023264,0.0409162493070232
0.146645246841722,0.122930523288754,1166,1166,0.00156804570219305,0.0424840025407979
0.145387908360183,0.122446290780133,1167,1167,0.00134736082010902,0.0437751301993385
0.146252628951217,0.122826109205551,1168,1168,0.000944459494550184,0.0428581560639
0.141303018317618,0.119447423857897,1169,1169,0.00599284240596166,0.0488417334299613
0.141752179460082,0.11960262791951,1170,1170,0.000475219983418852,0.0483906214790506
0.144203756730692,0.121817177111644,1171,1171,0.00330370386659527,0.0450984029754276
0.146757083281256,0.123166368545046,1172,1172,0.00288787014905074,0.0422509742431851
0.143874207548941,0.121408777108261,1173,1173,0.00337640343363058,0.0456078632090156
0.146112422386806,0.122413169111034,1174,1174,0.00245324457722363,0.0432223695446925
0.142789422852777,0.120419077775874,1175,1175,0.00387540012851822,0.0470707068889962
0.142955693027283,0.120193054069624,1176,1176,0.000280593098128112,0.0470770226727093
0.143145382185566,0.120398015501011,1177,1177,0.000279268983465955,0.0468015389500932
0.145470281604864,0.1217308226054,1178,1178,0.00267983807110831,0.0441488024149881
0.142806555887588,0.120103216586508,1179,1179,0.00312162394429661,0.0472499306253051
0.143775331731525,0.120614775131249,1180,1180,0.00109554496963494,0.0461712145706005
0.139920665017431,0.118456577052705,1181,1181,0.00441772276438584,0.0505418224534985
0.142685330165463,0.119982925433983,1182,1182,0.00315802355307402,0.0474194405663619
0.143455608721655,0.120925204776609,1183,1183,0.00121705357879966,0.0462340729429013
0.146950117715153,0.122928854647765,1184,1184,0.00402817649958645,0.0422449872116256
0.145274481445079,0.122043972025694,1185,1185,0.00189493381531669,0.0441103991714921
0.143963968060085,0.121282027026709,1186,1186,0.00151591738354267,0.0456135350623253
0.141978709976634,0.120023884164853,1187,1187,0.00235035595575365,0.0479549331321557
0.144816613161048,0.121686131095047,1188,1188,0.00328888420912715,0.0446915071541107
0.145550640780937,0.122298830277486,1189,1189,0.000956136410205853,0.0437360284549474
0.149189235332676,0.124261973651038,1190,1190,0.00413440469923637,0.0396623088006589
0.143940470142549,0.121052130477826,1191,1191,0.00615244904226773,0.0457724241310011
0.144232392364168,0.121364093868873,1192,1192,0.000427246697855072,0.0453507189717154
0.144978087143084,0.121876288876625,1193,1193,0.000904657078273569,0.0444474436796556
0.146910094603158,0.122921740583146,1194,1194,0.00219672986424045,0.0422808472595075
0.14513152235926,0.121910362644317,1195,1195,0.00204602164258232,0.0443052359046582
0.142676872668538,0.119984986182588,1196,1196,0.00311967620491928,0.0474248607127706
0.143552083828254,0.120974432126676,1197,1197,0.00132098366771229,0.0461275577389242
0.14496370687653,0.121948874137381,1198,1198,0.00171528914840935,0.0444145026326551
0.146567203934138,0.123369565940441,1199,1199,0.00214232770906855,0.0422775027002529
0.148108982774266,0.124027573323961,1200,1200,0.00167632207783293,0.040655124122868
0.143608348955854,0.121014315870719,1201,1201,0.0054162187222223,0.0460586394088086
0.149500995754223,0.124832237957854,1202,1202,0.00702138272377777,0.0390633615362084
0.145821661725406,0.122454901906456,1203,1203,0.00438055083258807,0.0434261715428831
0.14739286627479,0.123440099210439,1204,1204,0.00185453429835673,0.0415811154884109
0.14606782885707,0.122518592412773,1205,1205,0.00161396993048296,0.0431926704754946
0.14472287151661,0.121802324314814,1206,1206,0.00152379468295738,0.0446947424914658
0.142963728426971,0.120875387206057,1207,1207,0.00198841565408639,0.0466555267334214
0.150828652953662,0.125190846182036,1208,1208,0.00897107708047874,0.0378031383889567
0.148977518510329,0.12439206883477,1209,1209,0.0020161210226072,0.0397469898677338
0.14700078230391,0.123144168902868,1210,1210,0.00233767839315126,0.0420722738690379
0.15071141824749,0.125584034258412,1211,1211,0.00444091905566507,0.0376478650217685
0.14925894657561,0.124827004206755,1212,1212,0.00163791588817202,0.0392568124459443
0.145856894110717,0.122846482092465,1213,1213,0.00393655037044782,0.0431594951329748
0.151318459827886,0.125876222192896,1214,1214,0.0062456404923043,0.0369913355195104
0.151559468434325,0.126038392365344,1215,1215,0.000290489781591614,0.0367018930116843
0.153798050265385,0.127467140418883,1216,1216,0.0026556674518552,0.0340633686427346
0.149173919429495,0.124568165826036,1217,1217,0.00545771377752521,0.039483710502937
0.151071562770851,0.125579799111928,1218,1218,0.00215045394187278,0.0373695476471075
0.149464566476284,0.125152124572344,1219,1219,0.00166293192962332,0.0388946187952004
0.150389664885142,0.125851089021783,1220,1220,0.00115946469012614,0.0377352798423927
0.148035483560115,0.124774539246949,1221,1221,0.00258865392217564,0.0402583658454132
0.146564688489635,0.12338116500585,1222,1222,0.00202601330575761,0.0422724577323751
0.139901486003961,0.119178449575096,1223,1223,0.00787788577963687,0.0501236079849773
0.141866568794063,0.120007739877228,1224,1224,0.00213290243029725,0.0480540069262542
0.136083761392765,0.116495329152554,1225,1225,0.00676593604309956,0.05478846908577
0.136928236681214,0.116668280714636,1226,1226,0.00086200391856798,0.0540076608521409
0.13414089708495,0.115128776462525,1227,1227,0.00318423230420897,0.0571631854880957
0.138728728330517,0.117405894544889,1228,1228,0.00512186121432675,0.0521266980560974
0.134262205716084,0.115125083441228,1229,1229,0.00501516934468046,0.0570677796317332
0.138924361595311,0.117426815374381,1230,1230,0.00519939105418175,0.0519586293463962
0.135418652235621,0.115570453179613,1231,1231,0.00396687266152794,0.0558740473991608
0.139425628715862,0.11821270801037,1232,1232,0.00479972614884006,0.0510836001335674
0.134751271265667,0.115526029543171,1233,1233,0.00539146165323488,0.0564361741365149
0.135912460064696,0.116222880550197,1234,1234,0.00135423807101423,0.055088253479693
0.134648990259261,0.115581846347367,1235,1235,0.00141678537486975,0.0564854046658232
0.137970333605222,0.117527872229817,1236,1236,0.00384945948893218,0.0526583042808019
0.137866446023419,0.117545696112952,1237,1237,0.000105405504898935,0.0527309135267017
0.137055928834234,0.116899642172006,1238,1238,0.00103649592791169,0.0537668654830811
0.135221046271041,0.115760283059897,1239,1239,0.00215984564426577,0.0559191786943394
0.137185362416462,0.116613490013778,1240,1240,0.00214161154865058,0.053835079277186
0.138127650895854,0.117420270239616,1241,1241,0.00124048454694047,0.0525969953593021
0.141029687142738,0.11882982057959,1242,1242,0.00322624340978036,0.0494345094815561
0.137691669007493,0.117145241247646,1243,1243,0.0037390068998112,0.0531107469744679
0.137979663845965,0.11755605299754,1244,1244,0.000501704415804145,0.0526339649858136
0.137883758789882,0.118031247071659,1245,1245,0.000484775399396333,0.0524283348706644
0.140613206306508,0.119887243860088,1246,1246,0.00330069808141807,0.0491298997151995
0.138768840621742,0.118581141042096,1247,1247,0.00225999764387253,0.0513894972809865
0.142213264818988,0.120723625854541,1248,1248,0.00405638992481414,0.0473465397540697
0.13840694438964,0.11835486728243,1249,1249,0.00448320113131491,0.0518150939437826
0.1414392943892,0.119985200107861,1250,1250,0.00344283773092913,0.0484086575556234
0.138668487492244,0.118496949520695,1251,1251,0.00314519644385126,0.0515202264423472
0.144826018391501,0.122210428854492,1252,1252,0.00719062692244793,0.0443649727598226
0.143926268512968,0.122270102269654,1253,1253,0.000901726544134777,0.0450492355610511
0.145162586327928,0.122461551049609,1254,1254,0.00125105330619161,0.0439450595587106
0.141547298420285,0.120368106856804,1255,1255,0.00417765666894002,0.0480930138079129
0.146173268948062,0.122933207746045,1256,1256,0.0052895506326954,0.0428556148864392
0.143067651105585,0.121461908884078,1257,1257,0.00343650731480897,0.0462203082231118
0.147922901189996,0.124595399465192,1258,1258,0.00577859988267945,0.0404562600566724
0.142834222628745,0.121053668630057,1259,1259,0.00619987958014353,0.04665162958584
0.142898915469127,0.121224731388498,1260,1260,0.000182886934804327,0.0464973353439494
0.142090576616689,0.120563703390801,1261,1261,0.00104420769682131,0.04754055338863
0.141311953181581,0.120054691451207,1262,1262,0.000930240618521994,0.0484689596102401
0.137225691908726,0.117607768481645,1263,1263,0.00476287341937688,0.0532094418675881
0.142060443753409,0.120748645294189,1264,1264,0.00576540827272851,0.0474541653433725
0.138465523626263,0.118576829897111,1265,1265,0.00420002771890181,0.0516366219560343
0.140937990564191,0.120245186964708,1266,1266,0.00298270147083932,0.0486561541260997
0.137284643366384,0.117783826240515,1267,1267,0.00440513817743883,0.0530579649420492
0.14219485593798,0.120710980171003,1268,1268,0.00571650396930167,0.0473688562979016
0.142524755760331,0.120982660322962,1269,1269,0.00042736869065842,0.0469419775948029
0.142241459506957,0.120691598985975,1270,1270,0.000406169261594552,0.0473431241320918
0.140249869171828,0.119999594438235,1271,1271,0.00210838856880541,0.0493565873336869
0.139567382798152,0.119436185402658,1272,1272,0.000884995701472426,0.0502399718930815
0.138840804964136,0.119179133137623,1273,1273,0.000770708255984638,0.050978919806058
0.141714787434189,0.12086487899265,1274,1274,0.00333189350458769,0.0476632657069985
0.141622903520594,0.120932881177479,1275,1275,0.000114310763793734,0.0476972847867959
0.144886604480198,0.122739840168405,1276,1276,0.00373052874920091,0.0439981709313608
0.140013183339801,0.119679386304684,1277,1277,0.00575470342099681,0.0497365359752589
0.14170607203429,0.120608719859236,1278,1278,0.00193119988285612,0.0478221781847212
0.136723467889028,0.117458661709181,1279,1279,0.00589484608934894,0.0537030155441202
0.138606192045977,0.118456299353853,1280,1280,0.00213071141199975,0.0515944927765599
0.134747532666449,0.116394859942373,1281,1281,0.00437478966973491,0.0559275280716037
0.139627519734605,0.119162315562987,1282,1282,0.00561008773527091,0.0503534587022105
0.13677571949762,0.117722505002065,1283,1283,0.00319465476116174,0.0535058778686327
0.143703660120111,0.121815832540609,1284,1284,0.00804684358034691,0.0454988612839136
0.141125212636608,0.120556786028024,1285,1285,0.00286942320790004,0.048321011983579
0.143139460080578,0.12166037393737,1286,1286,0.0022967583763198,0.0460443906708688
0.137674288959263,0.117980541727857,1287,1287,0.00658857044247264,0.0526272809371896
0.141233750418472,0.120084250699153,1288,1288,0.00413465322796337,0.0485139996602124
0.141564329739267,0.12060774594684,1289,1289,0.000619136464511566,0.0479367873507073
0.143292432360963,0.121339926673778,1290,1290,0.00187681306687988,0.046113332512221
0.139833284587203,0.119479743808267,1291,1291,0.00392759259774346,0.0499996373193703
0.138906269833981,0.11816059963202,1292,1292,0.00161229578874882,0.0515298483829276
0.134726711031687,0.11588372385304,1293,1293,0.00475950366054505,0.0562442897072745
0.136174246099063,0.116600527677702,1294,1294,0.00161529114847259,0.054653193107316
0.134638612852483,0.115638254815559,1295,1295,0.00181221922769245,0.0564603689602612
0.135741459213571,0.116189718727666,1296,1296,0.00123303793231318,0.0552453949839349
0.132987377663483,0.114404559452262,1297,1297,0.00328203577419581,0.0585215063330443
0.134574430218497,0.115486974664759,1298,1298,0.00192103058398938,0.0566016868132656
0.131844014285416,0.113906238698012,1299,1299,0.00315497977239033,0.0597386405872179
0.134918388698839,0.115727331186838,1300,1300,0.00357325564251581,0.0561821990041411
0.130705600282993,0.113334559168299,1301,1301,0.00484488845788932,0.0609958981480499
0.134122363781087,0.115306327473279,1302,1302,0.00394488821773539,0.0570729606081663
0.134274526465841,0.115580226536605,1303,1303,0.000313327591384894,0.0567884625003694
0.136147275876781,0.116310852009183,1304,1304,0.00201022484746199,0.0548472991801448
0.133267326742206,0.114609634176614,1305,1305,0.00334488402363806,0.0581744804841765
0.137074468160139,0.116873692135654,1306,1306,0.00442947900074415,0.0537675298421791
0.134835023013087,0.115621263597982,1307,1307,0.00256587057519112,0.056312237540094
0.135869463891471,0.115974602075491,1308,1308,0.00109312213890321,0.0552709917729786
0.134381296938226,0.115484546142496,1309,1309,0.00156677876491678,0.0567587622202353
0.139797860807773,0.118435861850954,1310,1310,0.00616842188601481,0.0506521501703359
0.137542136285516,0.117934598808448,1311,1311,0.00231074831128137,0.0527610880757185
0.141972296644664,0.120326214330115,1312,1312,0.00503449556671166,0.0477776905483479
0.13532463352499,0.11586683398159,1313,1313,0.00800484216243414,0.0557725225116258
0.13619036779087,0.115782063036781,1314,1314,0.000869874664652045,0.0551301718895397
0.130370421224551,0.112520090085723,1315,1315,0.00667174981307308,0.0617462257831213
0.133024630476492,0.113957968628411,1316,1316,0.00301866219650513,0.0587570861354103
0.133136628846431,0.114374887031428,1317,1317,0.000431699652122402,0.0584188871418004
0.132241191182121,0.113571574771255,1318,1318,0.00120296267523541,0.0596164434436576
0.133457756056407,0.114937771058016,1319,1319,0.00182935026370242,0.0578269552206683
0.136592583217253,0.116530622127819,1320,1320,0.00351629291427112,0.0543589100522998
0.132525182992787,0.11415107923548,1321,1321,0.00471232097405021,0.0590441111927937
0.136670842611822,0.116669692736196,1322,1322,0.00485076361441052,0.0542130455934526
0.135072103108502,0.116081991066584,1323,1323,0.00170333826703357,0.0558484381012532
0.136260272143534,0.116430446556081,1324,1324,0.00123821116291565,0.0546852635180088
0.134056313891905,0.115213119082767,1325,1325,0.00251780026058585,0.0571813468710249
0.134358089846753,0.115059189732271,1326,1326,0.000338766839976996,0.0570299473025103
0.132090174321796,0.114071819773334,1327,1327,0.00247352789839768,0.0594421738764106
0.134900023623196,0.115710225219937,1328,1328,0.00325263362585414,0.0562071307383247
0.132810940694021,0.114198243455958,1329,1329,0.00257882848200036,0.0587858719095313
0.130224679673203,0.112309760774016,1330,1330,0.0032023605212089,0.061988210153266
0.129636967115209,0.1123333250172,1331,1331,0.000588184770612554,0.0624487059560175
0.131317105354296,0.11320259320998,1332,1332,0.00189169016845324,0.0605792105668171
0.128389209274687,0.111666332623772,1333,1333,0.00330645913958241,0.0638504792427508
0.131035212696545,0.112592179831901,1334,1334,0.00280330646938238,0.0611685038015085
0.130522968114147,0.112728154466738,1335,1335,0.000529984540826191,0.0615001992936363
0.131453427499732,0.113050505361825,1336,1336,0.000984715577101744,0.0605596427089197
0.130008378341612,0.112405428766187,1337,1337,0.00158249514489705,0.062106074905555
0.129460871663292,0.111902736002322,1338,1338,0.000743278936636677,0.0628447749234451
0.130120960349798,0.11260390429387,1339,1339,0.000962992236274881,0.0618981486644064
0.130676659922231,0.112457821210187,1340,1340,0.000574580092015405,0.0615365886864322
0.129396293826342,0.111921064628497,1341,1341,0.0013883245180759,0.0628860551826249
0.130273465891841,0.112318761295536,1342,1342,0.000963116540957938,0.0619435843087089
0.129617956118515,0.112229914539964,1343,1343,0.000661503445873424,0.0625249214365686
0.13335086992436,0.114191618952447,1344,1344,0.00421698111020514,0.058355876320359
0.129582246539691,0.112004472947064,1345,1345,0.00435730763939609,0.062686739009286
0.1332096794829,0.113927195826111,1346,1346,0.00410550033821548,0.0586271905326545
0.129720267370968,0.111803060716024,1347,1347,0.00408508835311974,0.0626948844025009
0.130886379735181,0.112266901293664,1348,1348,0.00125497654457539,0.0614821159871453
0.128684684587761,0.111142944167544,1349,1349,0.00247199133160443,0.0639201342325626
0.130186042949014,0.112021247949925,1350,1350,0.00173939485541638,0.0621906692802171
0.129628760003517,0.111964752441201,1351,1351,0.000560139289684281,0.062672714489136
0.129679118120945,0.111891127721268,1352,1352,8.91994359623767e-05,0.0626757425531222
0.130642452574096,0.113324456675091,1353,1353,0.00172697572608751,0.0610530125494725
0.133363266665669,0.114846975907707,1354,1354,0.00311783484722799,0.0579568147258749
0.134007552393629,0.115685428714451,1355,1355,0.0010574058863035,0.05694266869729
0.134575479571036,0.115668876844045,1356,1356,0.000568168322991694,0.0564931781090766
0.131938065075049,0.114201225270458,1357,1357,0.00301827042610361,0.0594893426491446
0.134856965280635,0.116120999115837,1358,1358,0.00349363850842768,0.0559993005759645
0.133445457594578,0.115546734923331,1359,1359,0.00152385475377137,0.0574798572916073
0.135461655304397,0.116539614921061,1360,1360,0.00224741271131298,0.05526404627064
0.132417173911077,0.11453152830146,1361,1361,0.00364709183132202,0.0589075552061908
0.135705375335706,0.116564490535875,1362,1362,0.00386590274780544,0.0550524546090785
0.132860171759282,0.114946730397847,1363,1363,0.00327296979141023,0.0583053387877842
0.136520436404706,0.117025337041446,1364,1364,0.00420929244093985,0.0541225849474423
0.136831928161245,0.117375913343248,1365,1365,0.000468967864333037,0.0536641338889494
0.138947945820909,0.118861814485513,1366,1366,0.00258562041695888,0.0510790066779502
0.140427143186456,0.119785055907696,1367,1367,0.00174367415817157,0.0493403055595182
0.139621945886643,0.119110312848268,1368,1368,0.00105053362053406,0.0503888227948962
0.139060092782157,0.119049421044246,1369,1369,0.000565143099415818,0.0508777421606329
0.140503930222703,0.119390519150264,1370,1370,0.00148358163666522,0.0495137957470747
0.140964123765294,0.120031388869064,1371,1371,0.000788981681103197,0.0487620088744246
0.141379779644217,0.119832371005204,1372,1372,0.000460844789293322,0.0485480805129731
0.138313317851322,0.118443433737664,1373,1373,0.00336635331782767,0.0518382220813361
0.140109523127425,0.11923809446611,1374,1374,0.00196413825053949,0.0499210569496531
0.137759700865593,0.118035544218841,1375,1375,0.0026396575079745,0.0525258702454322
0.140107664366808,0.119274391272584,1376,1376,0.00265474568002439,0.0499008836845901
0.136283643404101,0.11726035287271,1377,1377,0.00432197720949507,0.054175442871247
0.139928930654275,0.119385885455295,1378,1378,0.00421971656582705,0.0499781842371017
0.137602049866948,0.117867655970734,1379,1379,0.0027783799175458,0.052752250328897
0.136340828931184,0.116973670349445,1380,1380,0.00154592643417491,0.0542979908738056
0.134443227780228,0.115780212467182,1381,1381,0.00224170288951237,0.0565343472218614
0.13592575594359,0.116618772817051,1382,1382,0.00170325371437555,0.0548425624236571
0.137580474429538,0.118021957017716,1383,1383,0.00216956658545844,0.0526786331612062
0.138981381287102,0.118477447843949,1384,1384,0.00147309603093317,0.0512802349480611
0.134589049496472,0.116422641218666,1385,1385,0.0048492070306684,0.0560400959567278
0.136879181076827,0.117468150820954,1386,1386,0.00251749736520487,0.0535715721425976
0.134867713229044,0.116329479826537,1387,1387,0.00231140098991744,0.0558682625430907
0.135522401916825,0.116146455038359,1388,1388,0.000679790667040865,0.0554473110835242
0.137051525491504,0.11758259040345,1389,1389,0.00209778542599199,0.0533648960445231
0.137052418768213,0.117342447525331,1390,1390,0.000240144539506063,0.0535061174422329
0.135641588311221,0.11685145812421,1391,1391,0.00149382501331005,0.0549352975851268
0.137196491971434,0.117441895585454,1392,1392,0.00166323233139082,0.053331133851255
0.135166951493108,0.116298371635834,1393,1393,0.00232952389481601,0.055644281782292
0.135529117074105,0.116119329991958,1394,1394,0.000404004725592368,0.0554580068022983
0.133674419029977,0.115362781365828,1395,1395,0.00200306531560829,0.057401709870591
0.132900981058085,0.114516133241103,1396,1396,0.00114674292823781,0.0585252624348248
0.135193112396364,0.116077674765832,1397,1397,0.00277349562923291,0.0557533553821757
0.133055604854578,0.114449718930126,1398,1398,0.00268685293497856,0.0584397849636654
0.134306684862727,0.115739136882391,1399,1399,0.00179660787107617,0.0566689383769732
0.134227885508237,0.115167458219697,1400,1400,0.000577083903473537,0.0570702165895291
0.136877390215976,0.117192430860578,1401,1401,0.00333472478514317,0.0537360036617877
0.137611762537,0.117195058815414,1402,1402,0.000734377023082759,0.0531447816045472
0.138549599902349,0.118320016768816,1403,1403,0.00146460551711687,0.0517209233626174
0.137751837531237,0.117412940622146,1404,1404,0.00120797845039577,0.0529021445143225
0.137475763621144,0.117828758111484,1405,1405,0.000499120214249865,0.0528771255846612
0.138876474164086,0.118310718638754,1406,1406,0.00148130887223325,0.0514639047333578
0.137902358061965,0.118105044522689,1407,1407,0.00099559229729384,0.0523697046421403
0.135769894364436,0.11665772662554,1408,1408,0.00257723311260099,0.054945363907143
0.139697824952289,0.119639573608115,1409,1409,0.00493153628502121,0.0500147965202577
0.143098406453068,0.12141027337504,1410,1410,0.0038339708147075,0.0462264861497739
0.138373055046554,0.118914213098226,1411,1411,0.00534408671528964,0.0515132286789562
0.145741797607925,0.122820678177934,1412,1412,0.00834019402380692,0.0432666500752082
0.142326925333548,0.121297421183363,1413,1413,0.00373920640267658,0.0469138452351176
0.146559686273473,0.123379042017927,1414,1414,0.00471692807592405,0.0422777214269066
0.145276840501303,0.123327756848129,1415,1415,0.00128387049339664,0.0433345039297854
0.146456352606986,0.123463063759623,1416,1416,0.00118724755958912,0.0423090179226794
0.146792042489812,0.124185932930051,1417,1417,0.0007970116278874,0.0416062132709597
0.150461214010892,0.125619902096939,1418,1418,0.00393942727089732,0.0378216312064981
0.150348401807862,0.125952714545132,1419,1419,0.000351412462535083,0.0377055056030316
0.154475507131858,0.128076484636216,1420,1420,0.00464148658892124,0.0331531979351435
0.150351885782209,0.126053171684853,1421,1421,0.00459326118726422,0.0376413023521822
0.149887284881377,0.125411445997853,1422,1422,0.000792253655346742,0.0384018047096994
0.144874523855113,0.122510709301739,1423,1423,0.00579154957559768,0.0441452065931793
0.148163901674758,0.124022764461239,1424,1424,0.00362026480326199,0.0406148130586238
0.147276888844551,0.124019740552291,1425,1425,0.000887017984584465,0.0413189095419736
0.148239954334592,0.123869422014153,1426,1426,0.000974726013306358,0.0406497352835871
0.148866736275706,0.124622673555833,1427,1427,0.000979920143047402,0.0396916268761035
0.150753091197036,0.125589832487708,1428,1428,0.00211984227921113,0.0376116672678614
0.152958876881982,0.127187645304947,1429,1429,0.00272369166515683,0.0348911523003386
0.154273909919964,0.127446586746908,1430,1430,0.00134028450761366,0.0337096966047978
0.15078872112092,0.126226870186255,1431,1431,0.00369245845654516,0.0371895625727409
0.148802851941086,0.12468158100756,1432,1432,0.0025162660918926,0.039705828174832
0.147378668204933,0.12454248137725,1433,1433,0.0014309605240801,0.0409228319081474
0.149875463986559,0.125496449372748,1434,1434,0.00267283447141398,0.0383588758794096
0.149014444817408,0.125455641721941,1435,1435,0.000861985657658961,0.0390667262485882
0.150932965799046,0.126093924098709,1436,1436,0.00202191175610575,0.037157746690346
0.149167218293742,0.125507242929506,1437,1437,0.0018606609166591,0.0389138261810058
0.152358673319499,0.126969866990942,1438,1438,0.00351064870451571,0.0354960025266109
0.149579354548428,0.125508426463364,1439,1439,0.00314013076907236,0.0385857295368348
0.15115306250713,0.126313384912854,1440,1440,0.00176762972499607,0.0368491161891971
0.146294474517078,0.123752955606154,1441,1441,0.00549196462950157,0.0422639326532499
0.149294023919075,0.125347450162576,1442,1442,0.00339701479323838,0.0389100476333992
0.150928994170053,0.126731442202337,1443,1443,0.00214209282891909,0.0367705174357976
0.152701806024694,0.127149585233919,1444,1444,0.0018214569626582,0.035115610031174
0.149955692553276,0.126287839382933,1445,1445,0.00287814959819617,0.0378140540513533
0.153464646355856,0.127846358523672,1446,1446,0.00383949719373389,0.0340848287822885
0.151752091159545,0.127385940096185,1447,1447,0.00177336697521422,0.0357191295746272
0.151558096988144,0.127115755897649,1448,1448,0.000332615753800646,0.03603735934657
0.14999134395702,0.126399574764216,1449,1449,0.00172268118827014,0.0377183941924187
0.153157287296971,0.128447613145239,1450,1450,0.00377063104027991,0.0339579767669381
0.149965924177116,0.126624636433192,1451,1451,0.00367532891799282,0.0376040951082182
0.151605800208042,0.127309633722421,1452,1452,0.00177719292229537,0.0358817366282192
0.147983195991609,0.124984904038794,1453,1453,0.00430437328897666,0.0401737444264668
0.149034381130187,0.125352391548966,1454,1454,0.00111356960523265,0.0391132985912376
0.148507559095883,0.125152581046824,1455,1455,0.000563440939756513,0.0396538180475658
0.149674367204068,0.125672347553803,1456,1456,0.00127734035523177,0.038410514329494
0.147089415830955,0.12446455998957,1457,1457,0.00285319547204066,0.0412013029658521
0.147705083507304,0.124596071100232,1458,1458,0.000629556875848613,0.0406296018606632
0.146707831084377,0.124039644491269,1459,1459,0.00114198203409485,0.0417612031470264
0.146740031087734,0.124127351094271,1460,1460,9.34306610606815e-05,0.0416829258227027
0.146214365533155,0.124062326026512,1461,1461,0.000529672101122996,0.0421439994566089
0.148462460821808,0.125679828481895,1462,1462,0.00276952100913445,0.0393746539749356
0.149760516118074,0.126813530199249,1463,1463,0.00172343469156681,0.037657359751989
0.153778934525318,0.128588749373008,1464,1464,0.00439307291204676,0.0333792032831664
0.153596296986068,0.128744280081732,1465,1465,0.000239888040759772,0.0334290169236718
0.156825984191201,0.13022778301802,1466,1466,0.00355410472622466,0.0299724465983752
0.153589858208492,0.128556328403659,1467,1467,0.00364228937672862,0.0335485963998139
0.15696697424159,0.130324264409931,1468,1468,0.00381189066255529,0.0298021368494891
0.154169551093042,0.128465388825403,1469,1469,0.00335871920689754,0.0331478722355623
0.154117445990972,0.128411568898084,1470,1470,7.49101210677068e-05,0.0332221351010925
0.151167426128095,0.127320284520035,1471,1471,0.00314539644323947,0.036225098750897
0.151363506094332,0.127348182553003,1472,1472,0.000198054672762541,0.0360515937497887
0.151017892987502,0.127625419344143,1473,1473,0.000443067328940796,0.0361632838458461
0.157169735758169,0.130922433017049,1474,1474,0.00697964674137211,0.0292705480018383
0.156563127149743,0.131439550440674,1475,1475,0.000797110051143163,0.0294370569178577
0.159430789201753,0.13229282087175,1476,1476,0.00299191511796116,0.0266485192954749
0.153935225382562,0.129637706026652,1477,1477,0.00610334797725465,0.032621042385571
0.157326602544015,0.131212385492353,1478,1478,0.00373912482687125,0.028968126349608
0.15692812948727,0.131307593977071,1479,1479,0.000409689434222654,0.0292252690884426
0.158858875718213,0.131804351768335,1480,1480,0.00199362717464475,0.0274003747235495
0.160364011580192,0.133162213267298,1481,1481,0.00202712155861044,0.0253763709666274
0.162416138480559,0.134381768807533,1482,1482,0.00238716160553195,0.0230150320291332
0.161464865753942,0.13362925772001,1483,1483,0.0012129273421149,0.0242276909178499
0.162821676671296,0.134158028924603,1484,1484,0.00145620563529264,0.0228491100700666
0.161538244387089,0.133820117313209,1485,1485,0.00132717093294685,0.0240498419025634
0.163761983329495,0.134850296247603,1486,1486,0.00245077202547313,0.0216849254430555
0.158484704276992,0.132352419351444,1487,1487,0.00583858400524961,0.0273542841271457
0.161369202331657,0.133307163208773,1488,1488,0.00303839840384305,0.024507170961429
0.160310958370547,0.132985243430226,1489,1489,0.00110612504946119,0.0255287358833476
0.163027748898543,0.134071833573261,1490,1490,0.00292602612974496,0.0227498357215988
0.161948734017388,0.133693000347973,1491,1491,0.00114358546962453,0.0238152811172212
0.163015638838325,0.133909375636622,1492,1492,0.00108862489521244,0.0228661751286205
0.158458124440768,0.131714452199051,1493,1493,0.00505852017696268,0.0277690011199306
0.160969756400137,0.132214095051388,1494,1494,0.00256084714093098,0.0255219849904323
0.160230710986363,0.132410613345873,1495,1495,0.000764727117138543,0.0259556658007903
0.162330943847216,0.133327308084936,1496,1496,0.00229157310911748,0.0237646914442277
0.159022253681891,0.131624808943213,1497,1497,0.00372101248824584,0.027387455095245
0.16125496479064,0.132077854347343,1498,1498,0.00227821180607385,0.0253991191782669
0.157845416516182,0.130608081142741,1499,1499,0.00371284967495641,0.0289422746344731
0.158007456122697,0.130212645196069,1500,1500,0.000427348127408766,0.0290721658508939
0.15877288131341,0.131135530609437,1501,1501,0.00119899675094841,0.0278919698428335
0.160429098058629,0.132027672161049,1502,1502,0.00188121515389869,0.0260522347308701
0.159345450668685,0.13196878607956,1503,1503,0.0010852461639299,0.026919334410149
0.16338796048583,0.133673933039764,1504,1504,0.00438741515902027,0.0227469142057376
0.160306540704761,0.132342708570637,1505,1505,0.0033566808687103,0.0259411788247604
0.162030928175959,0.133100473850188,1506,1506,0.00188353931992912,0.0241397555773117
0.159969662854838,0.1318691799358,1507,1507,0.002401020497136,0.0265042351835894
0.162192096063861,0.132984635769035,1508,1508,0.00248665459693705,0.0240960554522486
0.16196200108362,0.13289658638618,1509,1509,0.000246366381134911,0.0243264251344062
0.167441560401471,0.136266006641517,1510,1510,0.00643261713262454,0.0180264389925557
0.165320205080744,0.134746485253701,1511,1511,0.00260942400632991,0.0206043150812012
0.166257857457321,0.135280077414437,1512,1512,0.00107884779895056,0.0195607494719527
0.166380465096146,0.136271416485443,1513,1513,0.000998892279878476,0.0187861174913176
0.168984443040813,0.137087138917633,1514,1514,0.00272875506828544,0.0163643047639205
0.166480131145731,0.136074012426699,1515,1515,0.00270148169612215,0.018848486530863
0.169937623031207,0.138010380161376,1516,1516,0.00396279827168035,0.0150391179130429
0.167138077941493,0.136484831989462,1517,1517,0.00318822049648017,0.0180890829299755
0.173389091618864,0.139587807264114,1518,1518,0.00697879843166378,0.0116290704431114
0.169786367618857,0.138235089571934,1519,1519,0.00384830681923509,0.0149792859147316
0.171524833469885,0.139087179417975,1520,1520,0.00193605801073152,0.013177821705938
0.163211414201091,0.134489231435788,1521,1521,0.00950021397578212,0.0223376583537311
0.169274756495436,0.137851546931091,1522,1522,0.00693320166073015,0.0156105625258821
0.167492416106013,0.137092623153335,1523,1523,0.00193718934650469,0.0174130919516383
0.167928458393374,0.136895792240341,1524,1524,0.000478409118513474,0.0172368399046282
0.167007672628863,0.136922371102315,1525,1525,0.000921169289561131,0.017883661137304
0.165781393818876,0.136236586250771,1526,1526,0.00140501266272884,0.0192528129133021
0.161705783881057,0.134053509220023,1527,1527,0.00462346425177362,0.0237725082853631
0.16618055787485,0.136439834632106,1528,1528,0.00507130666277157,0.018819940250094
0.166389847070345,0.136668759947219,1529,1529,0.000310175381438725,0.0185112211867874
0.166923904509188,0.137387758218401,1530,1530,0.000895642708866361,0.017634236834438
0.159177142523348,0.132517547384554,1531,1531,0.0091504794864187,0.0267065722056132
0.161607761003438,0.133821094804777,1532,1532,0.00275810479723397,0.0239954529924175
0.160449511431394,0.1331326540904,1533,1533,0.00134740219992122,0.0253283120271981
0.16165918429722,0.133246084374076,1534,1534,0.00121497937084213,0.0243252442884132
0.158618809198877,0.132039704232223,1535,1535,0.00327096832532584,0.0274408802089069
0.16530347722829,0.135665892459457,1536,1536,0.00760486868544079,0.0199895984517934
0.161875771839595,0.134402998381317,1537,1537,0.00365295300877144,0.0234207447977136
0.164730248011149,0.135073033001346,1538,1538,0.00293206081212593,0.02081238859132
0.163436622532478,0.135220866673604,1539,1539,0.00130204518881671,0.0216938736124962
0.166001507146142,0.136652832500696,1540,1540,0.00293754305693867,0.0188122552201508
0.164818049609174,0.1365271806895,1541,1541,0.00119010928887303,0.019797209433859
0.162771820010326,0.134634701598813,1542,1542,0.00278720876144811,0.0225797620191145
0.163222426223394,0.135357227416115,1543,1543,0.000851521882234371,0.0217733682188657
0.16676998957774,0.137331855951145,1544,1544,0.00406009403886852,0.0177867717429804
0.16306724844761,0.135649324595933,1545,1545,0.00406708785718072,0.0217128159832098
0.164912462117574,0.135926063486979,1546,1546,0.0018658504499659,0.0201110783607575
0.161646839052705,0.134291527493207,1547,1547,0.00365184910925145,0.0236691733969159
0.162790905753593,0.134710845403064,1548,1548,0.00121848928005488,0.0225165168570144
0.164933531200532,0.136158708161682,1549,1549,0.00258595250800599,0.0199439930020483
0.164551086303073,0.135958181873266,1550,1550,0.000431827386739527,0.020365658552196
0.160666601397842,0.13355074814736,1551,1551,0.0045700065780698,0.0248974466351043
0.157847796772558,0.131435627759025,1552,1552,0.0035241160271298,0.0284203467597207
0.156829119406757,0.130941644979162,1553,1553,0.00113213186616936,0.0295269797688939
0.156494823412061,0.130468168342971,1554,1554,0.000579598082371423,0.0300818545057981
0.157779402488866,0.131450525116664,1555,1555,0.00161714817978646,0.0284648469498839
0.158135050831441,0.131160960546384,1556,1556,0.00045862117693966,0.0283678240501942
0.15708609253679,0.131001330104408,1557,1557,0.0010610350521651,0.0292875950551234
0.156724009504611,0.130610834255631,1558,1558,0.000532532750264125,0.0298135054544415
0.156729123733172,0.131439102813794,1559,1559,0.000828284347174777,0.0293044648079865
0.157138634179444,0.130920029026881,1560,1560,0.000661162916281595,0.0292964636688807
0.157318766563453,0.131490725023758,1561,1561,0.000598449326693109,0.028803811986889
0.160982465919569,0.1335157570989,1562,1562,0.00418610175191197,0.0246730133479052
0.156132246832063,0.131536705509448,1563,1563,0.005238441599418,0.0297261461186276
0.158410464279924,0.131885402439574,1564,1564,0.00230474820507901,0.0277000186301576
0.158591772565783,0.132272026475518,1565,1565,0.00042702557264314,0.0273188366125369
0.161790887620786,0.13316643077923,1566,1566,0.00332179111228339,0.0242772883980765
0.159460598548216,0.132122770187685,1567,1567,0.00255332618207781,0.0267326757036301
0.157640009695943,0.130801048346165,1568,1568,0.00224977607671779,0.0289790129353372
0.159349836403515,0.132944314111584,1569,1569,0.00274173220996273,0.0263077852717091
0.163012844455703,0.134275424282645,1570,1570,0.0038973686351041,0.022627630954859
0.159813593378978,0.132700914079406,1571,1571,0.00356571028436547,0.0260943767057021
0.157812756007381,0.13152536121131,1572,1572,0.00232061947187978,0.028392393614153
0.157070141417541,0.130945109511881,1573,1573,0.000942426901002923,0.0293348190366805
0.162411940988737,0.133993396637899,1574,1574,0.00615035584836202,0.0232676263112232
0.157624184519055,0.131933700420232,1575,1575,0.00521200158500079,0.0282921676390652
0.160960942029301,0.133567346250115,1576,1576,0.00371520515983598,0.0246573221295844
0.159568132405254,0.133108351794329,1577,1577,0.00146649055887803,0.0260347538084253
0.164680944936924,0.135649771485511,1578,1578,0.00570961172328921,0.0204668764811277
0.160126881702935,0.133563463880698,1579,1579,0.00500920865617219,0.0253143357515904
0.160803478875171,0.133015870832343,1580,1580,0.000870426263439292,0.0251282688861232
0.159479937063882,0.13282072364403,1581,1581,0.00133785101985876,0.0262811480769012
0.162277848680842,0.133318744830414,1582,1582,0.00284188925160902,0.0238101931747667
0.160108409171195,0.132962325038769,1583,1583,0.00219852288000292,0.0257008261924971
0.161368206688982,0.133098096913337,1584,1584,0.00126709265160263,0.0246427230012143
0.159430809071177,0.132525780158522,1585,1585,0.0020201623690476,0.0265026609891739
0.161785812592848,0.133243650723918,1586,1586,0.00246198694873549,0.0242306942682926
0.156234940234575,0.130365764939614,1587,1587,0.00625255232087964,0.0303496000817127
0.15510345741094,0.129687056135699,1588,1588,0.00131943132473524,0.0316595151723681
0.151290449910622,0.127560372886475,1589,1589,0.00436598303249222,0.0359828561550438
0.155223988588522,0.129481614547251,1590,1590,0.00437765874065481,0.0316906532534609
0.152350927154763,0.127890256300205,1591,1591,0.00328434210650969,0.0349371614209294
0.155586131851352,0.129675072909051,1592,1592,0.00369487750217006,0.0312864119447026
0.150841601239615,0.127573089237103,1593,1593,0.00518930689811642,0.0363363696855538
0.156263089567876,0.130470359916469,1594,1594,0.00614708980599627,0.0302631040618242
0.155062491586624,0.130192396030477,1595,1595,0.00123235523876093,0.0313857909920938
0.161859255032051,0.134492935247572,1596,1596,0.00804304860676994,0.0233775406563443
0.155274947162686,0.130424326765305,1597,1597,0.0077399408977433,0.0310766689129645
0.158408515699456,0.132292355644729,1598,1598,0.00364812056667458,0.0274512953658639
0.154666723420595,0.129917717080443,1599,1599,0.00443169468365495,0.0318672016851962
0.158340538993998,0.132139729266714,1600,1600,0.00429351359882746,0.0275984099693109
0.153827492790179,0.129504626052763,1601,1601,0.00522602669204709,0.0327868397340867
0.15558364545445,0.130265314749472,1602,1602,0.00191382326078657,0.0309263986409702
0.152703500980188,0.128508556447941,1603,1603,0.00337363778770309,0.0342832970738739
0.156701853981554,0.131273812304012,1604,1604,0.00486142640313164,0.0294258061491427
0.157382090258119,0.131543299035916,1605,1605,0.000731672392965316,0.0287215661293185
0.160033941241473,0.133163721598002,1606,1606,0.00310774563271089,0.0256336761681322
0.160337617641777,0.133811752398677,1607,1607,0.000715655835388269,0.0249958427244732
0.163039014592122,0.134840523943211,1608,1608,0.00289066019694054,0.0222427054077984
0.159520507533075,0.133701881771846,1609,1609,0.00369816142413736,0.0257138844763589
0.16331275964424,0.135586529949531,1610,1610,0.00423474613504627,0.0215592959025647
0.158726720801371,0.133100722258249,1611,1611,0.0052164156416389,0.0267095839705382
0.164248432625604,0.136265354093982,1612,1612,0.00636429070090372,0.0204046463470845
0.162498264070754,0.135015310745172,1613,1613,0.00215074367238227,0.0225522626488341
0.164604755373045,0.136073006193301,1614,1614,0.00235712224282483,0.0202508160945599
0.158797218051059,0.132213479409532,1615,1615,0.00697305074848086,0.0271931794175442
0.159466676736468,0.133177896579642,1616,1616,0.00117399974849762,0.0260726629451021
0.159181655385266,0.133175454262104,1617,1617,0.000285031814989258,0.0263008577633236
0.157468459242246,0.132032193107848,1618,1618,0.00205963275641301,0.0283571255339978
0.155154825422786,0.131309447507681,1619,1619,0.00242389410930154,0.0306523728760539
0.15919961650417,0.133278656121394,1620,1620,0.00449867952363368,0.0262243554373897
0.155046627072906,0.130450394694551,1621,1621,0.005024577983747,0.0312442314394623
0.15720397193689,0.132014687848159,1622,1622,0.00266479829116238,0.0285795827229392
0.153512469365103,0.13004372561758,1623,1623,0.00418472022384729,0.0327243526715948
0.155604529140335,0.130866004812181,1624,1624,0.00224785612907401,0.0305485427655887
0.151892568134215,0.128443219016982,1625,1625,0.00443266799121876,0.0349744343096852
0.154510001291291,0.130460038413574,1626,1626,0.00330431790393054,0.0316714037804383
0.153909756402388,0.130124768279762,1627,1627,0.000687531809649949,0.0323542723939305
0.15717445146438,0.132173552173924,1628,1628,0.00385431567113693,0.0285089820211433
0.156215254243838,0.131113995753122,1629,1629,0.00142923724999003,0.0299106127493356
0.15603111366713,0.131350303686069,1630,1630,0.00029958169363945,0.0299178096860078
0.151186106029168,0.127883091649184,1631,1631,0.00595782328712663,0.0358752878878575
0.155480722895212,0.130860246354115,1632,1632,0.00522562763342431,0.0306515407021093
0.150118645138753,0.127500822811539,1633,1633,0.00632752751117928,0.0369641223039849
0.153720934450301,0.12955153295776,1634,1634,0.00414510559430073,0.0328445990847569
0.151364577433146,0.127742399254071,1635,1635,0.00297075464320366,0.0358148463711085
0.153364775415549,0.129332892307457,1636,1636,0.00255547649601406,0.0332610274206427
0.151692290072375,0.127904561212406,1637,1637,0.00219939467586434,0.0354550155569524
0.155544195772346,0.130362802283301,1638,1638,0.00456947772552891,0.030898703067939
0.153267506157527,0.129141231430265,1639,1639,0.00258370875897688,0.0334531078887123
0.157726602369538,0.13199631932635,1640,1640,0.00529481500359937,0.0281727361228604
0.155858835693465,0.130986412235196,1641,1641,0.00212331455253592,0.0302725666469422
0.156599093883011,0.131650904028979,1642,1642,0.000994751994817706,0.0292821892662717
0.152136775730326,0.129220775232482,1643,1643,0.00508112283490051,0.0343224582209328
0.159677572093358,0.133508729451691,1644,1644,0.00867468507640216,0.0257043204341708
0.154466855281802,0.130598852326846,1645,1645,0.00596816174143484,0.0316251737163988
0.158506231850918,0.133085497648956,1646,1646,0.00474341311980023,0.0268958210053706
0.153499999671926,0.129879132101227,1647,1647,0.00594500972712766,0.0328303288068282
0.15842748970416,0.13305767317211,1648,1648,0.0058637258937517,0.026975721707363
0.152321595378109,0.128882321824572,1649,1649,0.00739699292931102,0.034369230127659
0.156201113207015,0.130927272339935,1650,1650,0.00438548528615453,0.0300342105358344
0.154062717464362,0.129898219810262,1651,1651,0.00237311724552769,0.032363845677733
0.158777013646154,0.132823416974702,1652,1652,0.00554809579409923,0.0268359813447429
0.15783779142579,0.132416234574518,1653,1653,0.00102368739674004,0.027831365394817
0.156374664125479,0.13187073795488,1654,1654,0.00156150826413211,0.0293337637454933
0.152388975126293,0.129214765212596,1655,1655,0.00478956240234828,0.0341203938634532
0.159438496504295,0.133304302209598,1656,1656,0.00814985058199,0.0260183518260216
0.155809457557424,0.131284019608117,1657,1657,0.00415348834929793,0.0301358388824833
0.161621468427621,0.134878690525122,1658,1658,0.00683382245576002,0.0233278106673466
0.15573698336125,0.131494255074787,1659,1659,0.00678834057880312,0.0300712187295626
0.159931434034485,0.134115722291692,1660,1660,0.00494626190365044,0.0251373359380019
0.157228502767741,0.131851528049467,1661,1661,0.00352596270531425,0.0286574897619821
0.162580997485034,0.13541020735342,1662,1662,0.00642754992878634,0.0222432898474184
0.15779598864724,0.132254136176377,1663,1663,0.0057321108548544,0.027961942875846
0.159676497628007,0.133817909816282,1664,1664,0.00244575183197537,0.025519474043075
0.156501466666778,0.131328133308116,1665,1665,0.00403482449003394,0.0295531600995703
0.160165469364409,0.133911617580691,1666,1666,0.00448322503951018,0.0250721268319679
0.15643909173199,0.131492967444675,1667,1667,0.0044424946527649,0.0295047401628141
0.162474569653639,0.135184978536263,1668,1668,0.00707516357712797,0.0224657338640929
0.160160622692654,0.133681840786284,1669,1669,0.00275930673062344,0.0252153434368311
0.162360046017529,0.135508843047259,1670,1670,0.0028592656790878,0.0223583967899318
0.162465497562206,0.13540922552199,1671,1671,0.000145064398167121,0.0223352502402394
0.167204703444662,0.138240989119372,1672,1672,0.00552077507853385,0.0168655718392298
0.165808069879252,0.137624711618155,1673,1673,0.00152655929283324,0.0183375912607479
0.16988851436142,0.140623408957101,1674,1674,0.00506381406675414,0.0132790013578082
0.162784467234741,0.136246024510175,1675,1675,0.00834439813133721,0.0215767799205445
0.163703609287378,0.13740023354413,1676,1676,0.00147547301127133,0.0201557669999481
0.159008621354061,0.133895282393475,1677,1677,0.00585897553011344,0.0260132998050261
0.16570184193909,0.138009650566624,1678,1678,0.00785666769464421,0.0181846354193116
0.160214277646788,0.134215285967405,1679,1679,0.00667162383336664,0.0248508106007034
0.165779681349654,0.138291740986398,1680,1680,0.00689863782914773,0.0179524308191568
0.159462275526618,0.134076494308348,1681,1681,0.0075945981387917,0.0255392606821141
0.16102810881311,0.135055638326926,1682,1682,0.00184676931158211,0.0236970233869767
0.158009931048518,0.133032078764786,1683,1683,0.00363375705299672,0.0273281384269518
0.161676844748713,0.13539997125527,1684,1684,0.00436499380654386,0.0229703703439752
0.155383035693174,0.131619192913555,1685,1685,0.00734209216073718,0.0302872541419987
0.158658215308293,0.133498283056358,1686,1686,0.00377594773216787,0.0265296309393267
0.15632292954457,0.132009754660944,1687,1687,0.00276934584012176,0.0292946513723636
0.16171303060254,0.135202644350856,1688,1688,0.00626480119294064,0.0230592002214061
0.157771096259842,0.133381502929736,1689,1689,0.00434228078754168,0.0273201745783877
0.164564516629693,0.137460872610667,1690,1690,0.00792412880480889,0.0194232574763669
0.161598864897978,0.135240012972621,1691,1691,0.00370503815442248,0.0231282750008405
0.164446392372166,0.136966144207665,1692,1692,0.0033298561165384,0.0198158618865952
0.159051487300826,0.133686021531936,1693,1693,0.00631381069534071,0.0261010690468239
0.165000848855611,0.137398829331486,1694,1694,0.00701283428194012,0.0191125746493416
0.163063466487066,0.136129744606154,1695,1695,0.00231603680497948,0.0214227358716612
0.166371828149094,0.138305796895629,1696,1696,0.00395985611522748,0.017473263886896
0.163046410010685,0.136642382875652,1697,1697,0.00371824582257769,0.021131402183711
0.169060265228299,0.140089904400119,1698,1698,0.00693194483821749,0.0142581537525299
0.166024074538247,0.13821432393627,1699,1699,0.00356878914797868,0.0178043481574228
0.17223274560134,0.142122961954256,1700,1700,0.00733655556275054,0.0105206646272272
0.164865291951264,0.137841306334633,1701,1701,0.00852126446785089,0.0189553412788694
0.168962865622746,0.139592348596001,1702,1702,0.00445603624248295,0.0146501241201351
0.16346179203093,0.13674404422853,1703,1703,0.00619472747038437,0.020736070916374
0.164375081024671,0.137017909975473,1704,1704,0.00095346695455955,0.0198410097573075
0.163149975000576,0.136414749285278,1705,1705,0.00136553564159682,0.0211826000655488
0.169258185436441,0.139622005971266,1706,1706,0.00689903835172868,0.0144063723683676
0.166441273049376,0.137984955572153,1707,1707,0.00325805607772975,0.0176181960860067
0.165368506572198,0.137870468347014,1708,1708,0.001078858303614,0.0185342540185532
0.15744136317075,0.133335664841326,1709,1709,0.00913258152672761,0.0276170166734898
0.161525540472819,0.135492656502168,1710,1710,0.00461877876279807,0.0230375996640255
0.15782729943316,0.13338515542037,1711,1711,0.00425658872774881,0.0272720498973001
0.162185955485577,0.135781180142125,1712,1712,0.00497381312983681,0.0223343703131674
0.160513515993051,0.13479851007515,1713,1713,0.00193976656242213,0.0242643542316147
0.166679485248582,0.138149143383918,1714,1714,0.00701754376046075,0.0173297161120283
0.165415112238075,0.137822128768753,1715,1715,0.00130597766758472,0.0185263442440267
0.171490502823002,0.141235333536118,1716,1716,0.00696852477525767,0.0116650604697281
0.167383569976453,0.138757335353479,1717,1717,0.00479660008748133,0.0163998379530581
0.171882780062514,0.141386255391173,1718,1718,0.00521096075240508,0.0112736655717692
0.167551176429831,0.138998564907974,1719,1719,0.00494609501265735,0.0161181866419603
0.167237443007242,0.13938107494831,1720,1720,0.000494714656551821,0.0161326186984422
0.163825620474405,0.136824351670672,1721,1721,0.0042634923377428,0.0203961102779674
0.171686494791516,0.141191501776605,1722,1722,0.00899251605932234,0.011550014357797
0.16579972703352,0.138062306193932,1723,1723,0.00666677580478042,0.0180748913934376
0.167005915410359,0.138512848333217,1724,1724,0.00128758635426656,0.0168473712623238
0.16362628616748,0.136242169470262,1725,1725,0.00407159383018421,0.0209074374554515
0.164627027173567,0.136713541400998,1726,1726,0.00110619801950129,0.0198291044053495
0.158853943854734,0.133598793659915,1727,1727,0.0065597366179418,0.0263121550839055
0.164073524411076,0.136739683686124,1728,1728,0.00609173303263389,0.0202495417687438
0.161773593275083,0.135899538923465,1729,1729,0.00244857641345608,0.0225983751538207
0.165277080967809,0.137466667634533,1730,1730,0.0038380096938568,0.0188525736348394
0.163691795062615,0.13693969240075,1731,1731,0.00167057903082325,0.0204348554582512
0.168275922885702,0.139714637417913,1732,1732,0.00535859568792757,0.0151054909028713
0.165833234263211,0.138572990172906,1733,1733,0.00269630972599203,0.0177421102711767
0.165062735725497,0.137754226305842,1734,1734,0.00112429634288715,0.0188484957404233
0.161206030662072,0.135212922823595,1735,1735,0.00461870082762761,0.0234605696953838
0.164231357130352,0.136749021377458,1736,1736,0.00339296316025657,0.0201187245294156
0.161086088098707,0.134818049698256,1737,1737,0.00369071387502537,0.0237915784594458
0.163868873103127,0.136387689516114,1738,1738,0.00319494311977966,0.0206265734556667
0.158921314812608,0.133391557298364,1739,1739,0.00578404195215729,0.0263801017270675
0.162788998514027,0.135908953769762,1740,1740,0.00461478734162474,0.0217748292205257
0.161690702209755,0.135464510140557,1741,1741,0.0011848142941056,0.0229209222963343
0.163793122789746,0.136467703147345,1742,1742,0.00232949962524958,0.0206375644124138
0.161491292132584,0.134702402554623,1743,1743,0.00290081205129085,0.0235383745612685
0.162618777335841,0.135683982833935,1744,1744,0.00149489890236638,0.0220464462576719
0.159752632769841,0.134261199033166,1745,1745,0.00319985912454627,0.0251957566698263
0.163459769144896,0.136214697882158,1746,1746,0.00419034817840606,0.0210560493300323
0.161460180953572,0.135492753771854,1747,1747,0.00212592479483359,0.0230904247802233
0.165779450351207,0.138041348932049,1748,1748,0.00501511968151516,0.0181037308160035
0.162132070707453,0.136027125785429,1749,1749,0.00416659011063596,0.0222328281791444
0.163855321553075,0.136953962109949,1750,1750,0.00195668573086884,0.0202948453338135
0.162674050009527,0.136362711175541,1751,1751,0.00132097695931207,0.0215970288117293
0.166933157163442,0.138734456509427,1752,1752,0.00487495330001592,0.0167670139211479
0.165217540956753,0.138137509188909,1753,1753,0.00181650352934662,0.0184961557818394
0.169517315555533,0.140874569224183,1754,1754,0.00509701473776684,0.0134135199039432
0.170753556256077,0.141473135965461,1755,1755,0.00137352583282797,0.0120717459619222
0.172571724153979,0.141943563780402,1756,1756,0.00187804069019521,0.0103896827349005
0.169788463093847,0.140408244254058,1757,1757,0.00317863935935151,0.013493225947596
0.1727577895523,0.142423743147998,1758,1758,0.00358875123243995,0.00992811579450886
0.167697978087056,0.139919605922134,1759,1759,0.00564556421536101,0.015442018597316
0.172086651852092,0.142232910282121,1760,1760,0.00496103159411918,0.0105598179507101
0.169160942629906,0.14065714797303,1761,1761,0.0033230710656764,0.0138286518842641
0.172427452642379,0.142858312780153,1762,1762,0.00393893566458063,0.00989926909198167
0.168200710994636,0.140482452001453,1763,1763,0.00484871729393787,0.0147046608540768
0.171876836108152,0.142602808731293,1764,1764,0.00424379647391365,0.01048975641192
0.167904324140503,0.140133454488719,1765,1765,0.00467745248061774,0.0151492610031158
0.170370898748799,0.14135582993126,1766,1766,0.00275285161620071,0.0124442093118597
0.168455104875592,0.140209600913464,1767,1767,0.00223251139433919,0.0146614512063058
0.171481383205018,0.14198583914546,1768,1768,0.00350904300115589,0.0111834654991215
0.169381095251537,0.140815720722556,1769,1769,0.00240424345921143,0.0135574416235778
0.173725772338519,0.143358200855545,1770,1770,0.00503392731540607,0.00858377060218423
0.174867182970157,0.144069511082899,1771,1771,0.00134490909341703,0.00726105279102937
0.179464802170481,0.146466211385276,1772,1772,0.0051848119204652,0.00267100865706644
0.173553380262968,0.143215661315356,1773,1773,0.00674618297451863,0.00880733643629969
0.175411392484847,0.144205205026886,1774,1774,0.00210509053811976,0.00677735275449748
0.173380441605451,0.142983588049769,1775,1775,0.00237004420070616,0.00909078745008977
0.17807374113692,0.145918575555165,1776,1776,0.00553545049195842,0.00375671113980075
0.176421196313088,0.144825515337449,1777,1777,0.00198133415514129,0.00563492576311897
0.177456978399026,0.145248651177852,1778,1778,0.00111887821901399,0.0046582573483283
0.174985271383992,0.144661328124472,1779,1779,0.00254052827915731,0.00677843593020339
0.177632998466725,0.146161429918516,1780,1780,0.00304315035729913,0.00383149450858217
0.177231636382622,0.145977156148296,1781,1781,0.000441642779796526,0.00423820636267987
0.176868347829836,0.146029183133226,1782,1782,0.000366995067740986,0.00446104596462222
0.176058537360884,0.145338567423896,1783,1783,0.00106430402310547,0.0055247685381548
0.179235130557414,0.146908268341771,1784,1784,0.00354326195867872,0.00232754380451795
0.176445167159168,0.145435633642199,1785,1785,0.00315476603283544,0.0051764171659762
0.177519903882439,0.146249687509416,1786,1786,0.00134823689427284,0.00384211181859603
0.174425601351472,0.14472693575328,1787,1787,0.00344869266011999,0.00717459114835794
0.181294446104929,0.148226106621093,1788,1788,0.00770877584375408,0.00140511233280192
0.177172328763324,0.146146211692795,1789,1789,0.00461712186223457,0.00415971612284758
0.177501691260336,0.146483040409797,1790,1790,0.000471097908120384,0.00368878391622564
0.177301558863465,0.14591461023726,1791,1791,0.000602632423063175,0.00423633274093114
0.18174235375298,0.14867738640418,1792,1792,0.00523006609893587,0.0016308282273887
0.178343351857907,0.146839844787474,1793,1793,0.0038639064527806,0.00285460450878532
0.179567666947082,0.147260229696935,1794,1794,0.00129447707962862,0.00188029295915384
0.17893921329317,0.146980677412595,1795,1795,0.00068782517749432,0.00239673550987973
0.179151589957748,0.146769200141655,1796,1796,0.000299710666780127,0.00248839160948823
0.174036914162484,0.144593977320229,1797,1797,0.00555801248770797,0.0075660611523836
0.176605303978948,0.145448163935179,1798,1798,0.00270670667462876,0.00505398689607647
0.179841458876704,0.147082151125157,1799,1799,0.00362527414953397,0.00198933497757731
0.180171825024791,0.146953895667859,1800,1800,0.000354388563766365,0.00209297580091316
0.180328371389808,0.146824785585697,1801,1801,0.000202919140831966,0.00222884727843247
0.182644238844686,0.148803946997092,1802,1802,0.00304636208631201,0.00250213681140087
0.183025679109281,0.149031765994737,1803,1803,0.000444295139678736,0.00287180357458249
0.185140719050186,0.150790032514274,1804,1804,0.00275043543922514,0.00528271650154973
0.178052387428515,0.146587481010325,1805,1805,0.00824050267411635,0.00323490989654617
0.183770367925471,0.150331622509457,1806,1806,0.00683475650839765,0.00383790501788893
0.181040770661789,0.147889934448508,1807,1807,0.00366231372343776,0.00145768280857805
0.182945121478292,0.149398596495946,1808,1808,0.00242952942062778,0.00281328967494499
0.179979867518052,0.147406633718574,1809,1809,0.00357220474709327,0.00164936987034468
0.181677321533122,0.148492140999791,1810,1810,0.00201486381446825,0.00162123680282128
0.177329844794735,0.146478225155684,1811,1811,0.00479128490260775,0.00381744966387126
0.180025566585932,0.148232786634735,1812,1812,0.00321642689319999,0.000824064701088849
0.179906467847569,0.147679686684166,1813,1813,0.000565777398628895,0.00138932167744706
0.183427153630491,0.149262177683146,1814,1814,0.00385998784245847,0.00328031733541589
0.177047458075093,0.145965426638822,1815,1815,0.00718116166283893,0.00437548896961889
0.182368945056247,0.149108706838544,1816,1816,0.0061804881768802,0.00221589527447284
0.178337717646118,0.146448343698204,1817,1817,0.00482994062806697,0.00317025561048078
0.185543547446788,0.150645543458298,1818,1818,0.00833909281291125,0.00562175564923316
0.181286608680971,0.14853999697936,1819,1819,0.00474919505083521,0.00124090263938171
0.183571765483135,0.148922616098885,1820,1820,0.00231696763056807,0.00342010573559036
0.183080725610503,0.148914878760221,1821,1821,0.000491100827654909,0.00292978207753939
0.187215826005866,0.151446999724569,1822,1822,0.00484878251294216,0.00745865755625132
0.183910374669425,0.149150182369513,1823,1823,0.00402509360140398,0.00375788228710772
0.185953302316044,0.150738820816713,1824,1824,0.00258791914194457,0.00604117925464088
0.177647839601187,0.146930934518211,1825,1825,0.00913677782208762,0.00327982897224243
0.181643218527305,0.149031495824024,1826,1826,0.00451391299902281,0.00148938224575846
0.182174796688307,0.149617605686187,1827,1827,0.000791264880921239,0.0020999496163894
0.184219334217915,0.150559099994932,1828,1828,0.00225089876346568,0.00433759166481121
0.178147827633312,0.146670645202223,1829,1829,0.0072099426406738,0.00310973842043202
0.180725517346964,0.148127545203624,1830,1830,0.00296091909277336,0.00108247369046081
0.177159084141609,0.146242688315699,1831,1831,0.0040338729895989,0.00410268502435714
0.180545317042409,0.148440753479807,1832,1832,0.00403708604368563,0.000721444242027301
0.179441975766441,0.147585694845566,1833,1833,0.00139588224404684,0.00162532164676875
0.180771930424866,0.148623296211786,1834,1834,0.00168683015998838,0.000749195784613059
0.181231942373312,0.148412710927789,1835,1835,0.000505922083476165,0.00125068210310052
0.185063825155001,0.150991194244141,1836,1836,0.00461864718995915,0.00528090031762817
0.183179361374023,0.149776977384708,1837,1837,0.00224176857047116,0.00311231315339099
0.184796214378866,0.150997622846691,1838,1838,0.00202587980470954,0.00503554115775113
0.180580485898735,0.148234893220323,1839,1839,0.00504034141766206,0.000917140711835033
0.187676660111045,0.151987871338305,1840,1840,0.00802748610746257,0.00807722892498858
0.184680349943588,0.150249499201681,1841,1841,0.00346407452359127,0.00468349360614265
0.188234531392819,0.152098854397004,1842,1842,0.00400653471375492,0.00863779087016731
0.18663284648124,0.151134428775152,1843,1843,0.00186962866261332,0.00680696484629523
0.189797037020983,0.153534548427124,1844,1844,0.00397148286104575,0.0106362463918723
0.189228388636119,0.15347232698997,1845,1845,0.000572042387283997,0.010096108614777
0.190813851647051,0.154636639458414,1846,1846,0.00196705782406306,0.0120366363743728
0.187670481743995,0.152033034319997,1847,1847,0.00408160924933174,0.00808804079981447
0.187092819710391,0.151909232613107,1848,1848,0.000590779390040725,0.0075061275337201
0.183659110362988,0.149975332583628,1849,1849,0.00394085386768598,0.00362609678086346
0.190096177698346,0.154097220517884,1850,1850,0.00764367686539021,0.0111514747866444
0.188252330452324,0.152735461909955,1851,1851,0.00229219527373557,0.00889891003946419
0.187523096167296,0.152446139971985,1852,1852,0.00078453159671877,0.00811544086880994
0.185890975097506,0.152040661075613,1853,1853,0.00168173491426428,0.00647125144239324
0.190546517831637,0.154393075351523,1854,1854,0.00521612222583214,0.0116871259032733
0.186113456263109,0.151746505345797,1855,1855,0.00516298050214875,0.0065425202004703
0.189075339219449,0.153784874706864,1856,1856,0.00359551113184151,0.0101015451028983
0.185929102876153,0.152129459251981,1857,1857,0.00355516574242923,0.00654642013047199
0.190849206070064,0.15445758377962,1858,1858,0.00544312219731733,0.0119860707099042
0.186515625137135,0.152079763633756,1859,1859,0.00494307114538381,0.0070477129183775
0.189057075865082,0.153966009191385,1860,1860,0.00316494772567545,0.0101717720068018
0.187561818312249,0.152871427938337,1861,1861,0.00185307940165176,0.00833695699442705
0.18765405365256,0.152982437894173,1862,1862,0.000144327988612362,0.00847002763812365
0.187504495559685,0.15333086067623,1863,1863,0.000379164948539021,0.00850789379031539
0.19067058854989,0.154756082228291,1864,1864,0.00347208889504383,0.0119664693217956
0.186431245721157,0.152768302347477,1865,1865,0.00468223199703899,0.00729756814969757
0.189290580444319,0.154057738309363,1866,1866,0.0031366287888253,0.0104205668029485
0.185942291178628,0.151840165657982,1867,1867,0.00401605147762109,0.00642714718646571
0.186827117402437,0.152718296907415,1868,1868,0.00124660817323288,0.00761653199521169
0.185277322088619,0.151792528945333,1869,1869,0.00180524564376901,0.00581277536383967
0.181075847339405,0.148798554251251,1870,1870,0.00515909629073618,0.000954768498174849
0.178355574547002,0.147944149695049,1871,1871,0.00285129640878414,0.00210946774991476
0.180776135812505,0.149613764861578,1872,1872,0.00294053254434542,0.00084179209050271
0.180869653991091,0.149936492375007,1873,1873,0.000336004014336291,0.00114185998027192
0.177899283531218,0.147830498201863,1874,1874,0.0036411965239747,0.00256178452069822
0.177187914517188,0.147624243599479,1875,1875,0.000740666480357952,0.00328949997011591
0.1772078652422,0.147135267969566,1876,1876,0.000489382466050579,0.00351185753003049
0.179007783129092,0.148123711579423,1877,1877,0.00205346662242731,0.00147163196591716
0.178826074390263,0.147889817516214,1878,1878,0.000296183217910085,0.00176118052213729
0.182001892328468,0.149986972343244,1879,1879,0.00380576903465792,0.00207339202021591
0.182597542220402,0.150531920692601,1880,1880,0.000807321185914945,0.00285953029129654
0.182880749932488,0.150749557305636,1881,1881,0.000357172652254632,0.00321481407564508
0.18613217624127,0.152296265053085,1882,1882,0.00360056633010139,0.00680431229704312
0.186232319336719,0.152615338130532,1883,1883,0.000334419300157392,0.00704851063903596
0.183688948244913,0.151168161601691,1884,1884,0.00292627005183402,0.0041227003271665
0.183653406201918,0.151367358761056,1885,1885,0.000202343137069438,0.00419898280335638
0.183907828859488,0.151357049117021,1886,1886,0.000254631454155506,0.00440785040117282
0.184636655388638,0.151813749828896,1887,1887,0.000860095139981257,0.00526792203629703
0.179818658210298,0.149250106678809,1888,1888,0.00545759681650022,0.000392087651310052
0.185051001948279,0.152174830912495,1889,1889,0.0059942833462807,0.00581085808179414
0.181783895949333,0.150313904514084,1890,1890,0.00375992402431938,0.00206455934474734
0.182451080127555,0.150675006398909,1891,1891,0.000758636473479878,0.00281567774439682
0.180014961698426,0.149208123767444,1892,1892,0.00284366271826316,0.000212920184740784
0.178286619763981,0.148258132703964,1893,1893,0.00197221927357217,0.00202701231708749
0.178689488072266,0.148661451928875,1894,1894,0.000570060760798648,0.00151427704604624
0.177509265263266,0.148100446637466,1895,1895,0.00130677190659673,0.0028088692389588
0.176080652768266,0.147210881679879,1896,1896,0.00168293180926509,0.00446789001473287
0.177156652422174,0.147984615438856,1897,1897,0.00132530720400564,0.00317990678982963
0.178119860845199,0.148098039034328,1898,1898,0.000969863587415987,0.00224444053292679
0.180967834694355,0.14955997517285,1899,1899,0.00320128291761205,0.000962195175110765
0.178819913129009,0.148480442803613,1900,1900,0.00240394616976104,0.00144924643954091
0.180555465061746,0.149312528715157,1901,1901,0.00192470971198711,0.000481515377850464
0.176922727273897,0.146930792242045,1902,1902,0.00434389830251805,0.00386238788753501
0.178102934647243,0.147273587924435,1903,1903,0.00122898263778028,0.00271123266878953
0.176620194407351,0.146592415276299,1904,1904,0.00163172142094295,0.0043024596755989
0.179875563642799,0.149052721472254,1905,1905,0.00408050676227339,0.000278414304571257
0.176909765736355,0.147183470945236,1906,1906,0.00350571743793247,0.00374118690494763
0.177391038746206,0.147130343109367,1907,1907,0.000484196527202913,0.0033624799836392
0.176576609905348,0.146282024206531,1908,1908,0.00117598439518982,0.00452117986502487
0.175377367740208,0.146158994036664,1909,1909,0.00120553647532831,0.00558164812967044
0.17584102790832,0.146212037394484,1910,1910,0.000466684421533657,0.00516108938206152
0.17784639155243,0.147793761460186,1911,1911,0.00255408190259021,0.00262578682596775
0.177706850277757,0.14738948684012,1912,1912,0.000427679477841869,0.00295546863671073
0.176770913135135,0.146819289063187,1913,1913,0.00109594883081203,0.00405049165385
0.177913633604123,0.147664004786754,1914,1914,0.0014210400148784,0.00263267324698287
0.177512863647805,0.147630368483773,1915,1915,0.000402179013331998,0.00299690091864656
0.17784060648807,0.147637087714724,1916,1916,0.000327811710299032,0.00270899793116323
0.176170436364359,0.146941903461566,1917,1917,0.00180907417978795,0.00450540437947343
0.175202629623193,0.145848206629269,1918,1918,0.00146041865546241,0.00589459006308084
0.174355397699735,0.145740990260678,1919,1919,0.000853989040807248,0.0066746644220545
0.17365492576352,0.145315380323731,1920,1920,0.000819636963450657,0.00749401851728248
0.173683293411562,0.145831323118481,1921,1921,0.00051672206350199,0.0072255242227604
0.173406195318413,0.14534356682262,1922,1922,0.0005609719755735,0.00769711742990074
0.17636703959386,0.147551113715077,1923,1923,0.00369321839400865,0.00407154593437416
0.178680863542541,0.14823331829678,1924,1924,0.00241229856294526,0.00168274307707489
0.177953288529706,0.148050131286939,1925,1925,0.000750281866951474,0.0024158010007157
0.178993292629165,0.148583736920776,1926,1926,0.00116890696779198,0.00124958656972428
0.179016172249334,0.148822014122304,1927,1927,0.000239373143412609,0.00115973471834123
0.179162015850806,0.148795000653819,1928,1928,0.000148324251455678,0.00102335915213609
0.179505598889425,0.149447560370638,1929,1929,0.000737484568272861,0.000762185417663885
0.180814368788542,0.149975657222259,1930,1930,0.00141129902342758,0.00113973011021914
0.179717605272749,0.149751244370867,1931,1931,0.00111948708676941,0.000828622472829934
0.179762300101332,0.15002787680712,1932,1932,0.000280219793178849,0.00105635408481538
0.181205858041406,0.150845689399825,1933,1933,0.00165911933360344,0.00208389205770672
0.180558953899224,0.15019698375806,1934,1934,0.000916135349622799,0.00121942247776405
0.178024954658809,0.148796679861953,1935,1935,0.00289516893321931,0.00214360188411016
0.176905706259373,0.147927577941641,1936,1936,0.0014170586182406,0.00343562302483795
0.177954242756318,0.148756684988561,1937,1937,0.00133673007023773,0.00221872059672879
0.17860396465914,0.148798994552304,1938,1938,0.00065109803423963,0.00156963390798674
0.177972484134147,0.148680579635991,1939,1939,0.000642487156175064,0.00221195695787995
0.183414958723972,0.151646270110854,1940,1940,0.00619805208542014,0.00417033317463993
0.18481081714774,0.152156388572513,1941,1941,0.00148614991980288,0.00559967071570442
0.185385552029681,0.152623502457117,1942,1942,0.000740618367116057,0.00633741784031715
0.184781615946931,0.15222238009601,1943,1943,0.000725008924516091,0.00561248243597412
0.183470322558495,0.151405425317955,1944,1944,0.00154496131341299,0.00406960658705314
0.184595551645394,0.15245297250703,1945,1945,0.00153736645317343,0.00559733719372956
0.185156738309163,0.152274180051173,1946,1946,0.000588979807687076,0.00595350802395652
0.185736066737674,0.152815455905546,1947,1947,0.000792843602867361,0.00673522277606431
0.187069524582667,0.152953715470968,1948,1948,0.0013406064045061,0.00794290165402178
0.186631888023922,0.152802090608844,1949,1949,0.000463158565033954,0.00748774883761294
0.186343200739447,0.152630963051144,1950,1950,0.000335596467832476,0.00715216900618744
0.184460968832507,0.151860522619162,1951,1951,0.00203380810568161,0.00514468443739812
0.184768418421224,0.151611436930386,1952,1952,0.000395687919900639,0.00527930224458963
0.183763271696287,0.151485352303899,1953,1953,0.00101302382582501,0.00435591773296244
0.179411220941467,0.148581800413466,1954,1954,0.00523172623069714,0.000876250003995453
0.179837118536935,0.148836659733663,1955,1955,0.00049632855541175,0.000380153484135674
0.178187872861846,0.1477061714531,1956,1956,0.00199950370074433,0.00237962017831607
0.17966719956519,0.148615631114509,1957,1957,0.00173652652469102,0.00065022606294343
0.181397262579482,0.149488961003043,1958,1958,0.00193799461496369,0.00131963042977841
0.181918903563685,0.149841589468699,1959,1959,0.00062964764050284,0.00193568686329779
0.184883284384212,0.15143891748565,1960,1960,0.00336734471696106,0.00529992328893035
0.183772301227808,0.151257330099034,1961,1961,0.00112572534518409,0.00424018703083181
0.181556332637383,0.149569750514311,1962,1962,0.00278539793360328,0.00149674923224065
0.183652905135024,0.151068593361136,1963,1963,0.00257723613922709,0.00404111398274981
0.184770388589998,0.151369822534505,1964,1964,0.00115737128313728,0.00516800613281445
0.182783290839906,0.150610735487627,1965,1965,0.00212715082050182,0.00305933463451781
0.184616130339796,0.151138511477657,1966,1966,0.00190731437576805,0.00492814828289417
0.184169508440028,0.151077234465784,1967,1967,0.000450805937779331,0.00449974186937863
0.184143174108352,0.150347261993857,1968,1968,0.000730447333349265,0.0041958794287384
0.186042799424736,0.151982470997409,1969,1969,0.00250648854534477,0.00658005744220855
0.185453170992644,0.151629418464016,1970,1970,0.000687246520010065,0.00589508781652761
0.185102617377446,0.152314982650937,1971,1971,0.000769990968465,0.00593048971000947
0.184641372130704,0.152149822547154,1972,1972,0.000489923501706305,0.00545582750213819
0.186809245712905,0.153709588374716,1973,1973,0.00267068255418689,0.00812619667169349
0.186336418274491,0.153394982548772,1974,1974,0.000567928351322229,0.00755844460562805
0.187979480958624,0.154518504693223,1975,1975,0.00199046652648654,0.00954877445154174
0.187773734800994,0.154067827248454,1976,1976,0.000495420670343392,0.00912537245382814
0.184040934531827,0.151848795468889,1977,1977,0.00434256835158741,0.00479167293085191
0.187365954433014,0.153893575465903,1978,1978,0.00390344496303935,0.00868934964643637
0.186699623285306,0.153761801555342,1979,1979,0.000679236013407511,0.00806706806424777
0.181004772690952,0.15007496284369,1980,1980,0.00678410664551769,0.0013345742768298
0.18581140996035,0.15252789620912,1981,1981,0.00539635468949261,0.00664268903241097
0.184231579828441,0.151358716473938,1982,1982,0.00196541204302024,0.00468746554713402
0.183199302758384,0.15173881833754,1983,1983,0.0011000333522574,0.00406464979850428
0.179610305318966,0.148811022850596,1984,1984,0.00463172635563918,0.000592536717902978
0.181394263237642,0.150283760771242,1985,1985,0.00231332289975182,0.00175172738255497
0.180294777899803,0.149150649915809,1986,1986,0.00157886295124759,0.000175009352884426
0.179206722055908,0.148766558149739,1987,1987,0.00115385961199653,0.000987778724274548
0.183148402933765,0.150299121673531,1988,1988,0.00422913692108998,0.00324580981154638
0.185546739311797,0.152229127212282,1989,1989,0.00307846370155601,0.00626177250640399
0.186496612806104,0.152803523454541,1990,1990,0.00111004085434161,0.00737175875554479
0.187151625049057,0.153460313825182,1991,1991,0.000927585375793331,0.00827327612007132
0.186694717033362,0.15266717905288,1992,1992,0.000915329286016942,0.0074759129843889
0.1878653282999,0.153944517722736,1993,1993,0.00173260636465878,0.00913529346641161
0.188215064922941,0.154049063358076,1994,1994,0.000365028074762036,0.00948708757762107
0.188050908157726,0.154635388108311,1995,1995,0.000608871214875464,0.00967444457881055
0.183396537367042,0.151227963870282,1996,1996,0.00576833662289905,0.00390795331083825
0.183168080309066,0.151131416806672,1997,1997,0.000248020085539376,0.00366481133420182
0.182542294264211,0.15009354648577,1998,1998,0.00121193356952688,0.00260768962788301
0.18334484548697,0.150726226129376,1999,1999,0.00102194520234009,0.00360590179233521
0.181167508119078,0.149138919827819,2000,2000,0.0026945016809385,0.00101777124611955
0.181489848315195,0.149681603867298,2001,2001,0.000631196616545053,0.0014790877942982
0.181963667056887,0.150049728359198,2002,2002,0.000600016534368721,0.00206907676668595
0.181025059374318,0.149690671196403,2003,2003,0.00100494100719024,0.00108326798733625
0.183007891271338,0.150361886380215,2004,2004,0.00209335906017571,0.00314239512582962
0.185808090236502,0.152526024168661,2005,2005,0.00353901209547034,0.00663888062389856
0.186561301397208,0.152490186709383,2006,2006,0.000754063244098003,0.00727403257018867
0.187142521126014,0.153199013240339,2007,2007,0.000916652291842317,0.00812905500165191
0.187420352732373,0.153143156253271,2008,2008,0.000283390904046843,0.00834154039823113
0.182343062902102,0.150017492102986,2009,2009,0.00596226872934742,0.00239470715013985
0.184714398431752,0.151216229561711,2010,2010,0.00265710438054851,0.00505019380206512
0.184101713806257,0.151095249359218,2011,2011,0.000624514739388256,0.00444761536720459
0.183971251342728,0.151010380346413,2012,2012,0.000155638053587376,0.00429275271590254
0.182485045776228,0.15061140680684,2013,2013,0.00153882645908275,0.00280752238961406
0.182246913638522,0.149927496268054,2014,2014,0.00072418267037493,0.00227074412910777
0.184124162900115,0.151301605200662,2015,2015,0.00232642217768497,0.0045658558103991
0.181487171428269,0.149669671181813,2016,2016,0.00310111797009871,0.00147158010972081
0.181966531957718,0.150482008904298,2017,2017,0.000943228017271374,0.00231201647158489
0.180801590769323,0.149386071613581,2018,2018,0.0015994269341238,0.000731158543312525
0.178262635038755,0.148039498768412,2019,2019,0.00287394408942358,0.00214279834087141
0.180468602532368,0.148778499855618,2020,2020,0.00232645979758288,0.000413534191997092
0.182320940728136,0.150101730538675,2021,2021,0.00227642180451773,0.00241016398828923
0.180446270265058,0.149284243743687,2022,2022,0.00204515867480112,0.000376634659374061
0.182889021781353,0.150708800256662,2023,2023,0.00282778999026094,0.00320047994681818
0.183846654168842,0.150942360931155,2024,2024,0.000985702986826041,0.00415084261626048
0.182774172158357,0.150740045137236,2025,2025,0.00109139788495484,0.00311975077411528
0.18368615560596,0.150969947414062,2026,2026,0.00094051521284462,0.00402184541306907
0.181987230796313,0.150587554902695,2027,2027,0.0017414274436748,0.00239478368658116
0.184703135116568,0.151758769127589,2028,2028,0.00295768136170423,0.00529624484911444
0.18469245829162,0.152066936125069,2029,2029,0.00030835189788177,0.00545157132276833
0.18282588471859,0.150629745757311,2030,2030,0.00235576167230715,0.00310566523388297
0.183177015194983,0.151069095902107,2031,2031,0.000562424360410782,0.0036371468540233
0.178932001481657,0.148444014936927,2032,2032,0.0049911112490179,0.00136250354517832
0.178828014661199,0.148426178776208,2033,2033,0.00010550539065962,0.00146395888963248
0.177975895941839,0.147862518254848,2034,2034,0.00102167484809178,0.00247916869698345
0.178132252135889,0.148098549812315,2035,2035,0.000283122156565556,0.0022329999539895
0.179818947332594,0.149145982984559,2036,2036,0.00198546139144177,0.00034934443319518
0.182133531238694,0.150774053724647,2037,2037,0.00282982561178292,0.00262722368199242
0.181014136633467,0.149840160067266,2038,2038,0.00145780713590883,0.00117021788129938
0.183629051131264,0.15161681396748,2039,2039,0.00316137263098419,0.00432221823145574
0.184033103893569,0.151284008555712,2040,2040,0.000523467359850082,0.00447808360646856
0.184020129796598,0.151419895953164,2041,2041,0.000136505355127743,0.00453643327393584
0.183409452721958,0.151465374231118,2042,2042,0.00061236815989759,0.00405561993552262
0.183469109577768,0.151785809289331,2043,2043,0.000325941048315322,0.00430031582472666
0.181582662955812,0.150162256472694,2044,2044,0.00248889626258254,0.00181261572990891
0.18399788657054,0.151238237218464,2045,2045,0.00264405742645809,0.00442476420024814
0.181639049975521,0.149944492149152,2046,2046,0.00269033202158622,0.00173536358658246
0.178572721819951,0.148215402028639,2047,2047,0.0035202444520939,0.00178644491370503
0.179106692071261,0.148306387194506,2048,2048,0.000541666437664531,0.00128252837969632
0.179248406935677,0.148474456015093,2049,2049,0.000219841377474128,0.00107122188494978
0.177378659737747,0.147158148415698,2050,2050,0.00228661765067762,0.00335693704054393
0.178256338509958,0.148015874693911,2051,2051,0.00122719778174745,0.00215953521463014
0.177917606974652,0.147135807393327,2052,2052,0.000943004510364218,0.00294158902025351
0.179626651572571,0.148337160563818,2053,2053,0.00208903874495586,0.00088407430381222
0.179493773601714,0.148365875362175,2054,2054,0.000135945190366376,0.000948386952028741
0.182057282245629,0.150032561756641,2055,2055,0.00305768214582964,0.002143488704638
0.181875911552431,0.149976773749712,2056,2056,0.000189756765540491,0.00195707265808766
0.180436127695039,0.149745731490217,2057,2057,0.00145820371748225,0.00075376158738277
0.182233804612741,0.150201937927739,2058,2058,0.00185466078140352,0.00237913785778529
0.181111200067643,0.149953329978948,2059,2059,0.00114980297306821,0.00131840848531175
0.180516529757986,0.149487359560072,2060,2060,0.000755487397945903,0.000570602173384843
0.1811081648085,0.1498240534491,2061,2061,0.000680731083398419,0.0012307412058962
0.179167164512207,0.148388998690765,2062,2062,0.00241388987106429,0.00118590556851269
0.180410105485695,0.149114177431664,2063,2063,0.00143902274819678,0.000264903852339129
0.176190562325176,0.14677435915439,2064,2064,0.00482486207617944,0.00456860232911962
0.177762923670098,0.147992648112928,2065,2065,0.00198910738410494,0.0026130564829988
0.177174587728309,0.147097216701352,2066,2066,0.00107141802917326,0.00356051190987
0.177742856556709,0.148092778867611,2067,2067,0.00114633044460027,0.00259294207593043
0.178259961309021,0.148295169317705,2068,2068,0.000555301016704848,0.00203764593894128
0.181538741063591,0.150677213400628,2069,2069,0.00405271892585284,0.00213916065544674
0.180754359801215,0.150064896586138,2070,2070,0.000995080823889831,0.0011819751692786
0.181977970594116,0.150920107797294,2071,2071,0.0014928528354093,0.00261466647432775
0.179953079436234,0.1492601225257,2072,2072,0.00261834590976463,0.000292990734339348
0.181928184428494,0.150557225455447,2073,2073,0.00236294641090548,0.00233011440875501
0.180032273584482,0.149171981324752,2074,2074,0.00234805860873802,0.000174551587626387
0.181226290658983,0.14988657543108,2075,2075,0.00139151770057042,0.00136206508735252
0.178789789122554,0.148016537988579,2076,2076,0.00307141331855209,0.00170946430179596
0.179011709085733,0.148417723306699,2077,2077,0.000458473695573359,0.00130398045212512
0.179309761432206,0.148377692055175,2078,2078,0.000300728619084968,0.00107716922575636
0.178729438493753,0.148355522275246,2079,2079,0.000580746254432455,0.00158334793110041
0.177056626932144,0.146840731441735,2080,2080,0.00225674318209682,0.00380261859870859
0.177159346448274,0.147332610081658,2081,2081,0.00050248969681655,0.00345048827616935
0.176373406082116,0.146482770765341,2082,2082,0.00115755307555001,0.00456798271167035
0.17731647497731,0.14723276511643,2083,2083,0.00120493587702721,0.00336775428304358
0.177105962977782,0.14705244510845,2084,2084,0.000277183345861077,0.00364244993262511
0.179233752940006,0.148462834732365,2085,2085,0.00255278064364881,0.00108981987571763
0.179839412289269,0.148494848399988,2086,2086,0.000606504841089151,0.000635261155256038
0.180475971376616,0.149026950355359,2087,2087,0.00082966255947398,0.000322667326330324
0.180030566118488,0.14889330415241,2088,2088,0.000465023818240276,0.000196911914333083
0.18086941387888,0.149667312019764,2089,2089,0.00114138238283276,0.000947090503264924
0.177800961219425,0.147547118645729,2090,2090,0.003729694580877,0.00279023646130998
0.18086068095819,0.149207685726468,2091,2091,0.00348128825428547,0.000724847705696366
0.177907110666793,0.147831779264685,2092,2092,0.00325832718703891,0.00255428892662916
0.178904225914877,0.14810727929577,2093,2093,0.00103447527040913,0.0015634615152914
0.177807204334556,0.147640173929428,2094,2094,0.00119232704026848,0.0027359884255321
0.178816638392062,0.148195639079599,2095,2095,0.00115217127611656,0.00158517332590508
0.177141154074574,0.146948069138069,2096,2096,0.00208894194681365,0.00367169948457422
0.176883508072068,0.147035330863778,2097,2097,0.000272022189133435,0.00383947234259902
0.175333681223085,0.146562359804731,2098,2098,0.00162039034942959,0.00542282857354071
0.177136293630082,0.1473733962695,2099,2099,0.00197666174067404,0.00345055077473673
0.179684209504163,0.148842881034665,2100,2100,0.00294130256458643,0.000512058550905105
0.180325249748359,0.149344441797899,2101,2101,0.000813938446011019,0.000343437560284253
0.180713205268964,0.149999958229785,2102,2102,0.000761716009048838,0.00110513628867785
0.181137886231636,0.149610781306504,2103,2103,0.000576031767936116,0.00113414302417681
0.179782559563723,0.149008686132721,2104,2104,0.00148304719245495,0.000373305543987518
0.18206637498164,0.149967138731471,2105,2105,0.0024767810252757,0.00212238936183748
0.181892780966497,0.149617834552254,2106,2106,0.000390061907538007,0.0018302299567049
0.182879346039432,0.150641195198029,2107,2107,0.00142147024395766,0.00315754455688818
0.179987275428139,0.14868583761821,2108,2108,0.00349105939302999,0.000397566112045256
0.180399819918293,0.148668359004672,2109,2109,0.000412914589579378,0.000451312504221442
0.178920473401955,0.147778555469625,2110,2110,0.00172633034103661,0.00176912659833711
0.178278437281596,0.147759226964667,2111,2111,0.0006423269969029,0.00227491695896086
0.176496672436991,0.146452965855622,2112,2112,0.00220929944699086,0.00448367828013224
0.176197248866766,0.146104213324149,2113,2113,0.000459655090926686,0.00493092199650007
0.175630519410489,0.145617292988595,2114,2114,0.000747177147527988,0.00567649445641122
0.176611731109844,0.146041505146909,2115,2115,0.00106898660151234,0.00464530212528074
0.176788454949066,0.14606227340389,2116,2116,0.000177939978215602,0.00449818725608611
0.178479105531932,0.14687064972362,2117,2117,0.00187397216298498,0.00274601417256179
0.17589652221601,0.14567683512302,2118,2118,0.00284515902618525,0.00542973485466541
0.178585579229048,0.147495032627987,2119,2119,0.00324605449529723,0.00220627346483118
0.178669601117223,0.147662529487126,2120,2120,0.000187389635556059,0.00202962504988636
0.178063234028946,0.147048362345022,2121,2121,0.00086306565462022,0.00289217543700407
0.174572374711445,0.144968547268053,2122,2122,0.00406346275102606,0.00691271970029852
0.172936752114794,0.144568694840253,2123,2123,0.00168378836042165,0.00849357508129444
0.172299712232731,0.143885691982563,2124,2124,0.000933976827845166,0.00939816373409774
0.17324793979224,0.1447196375784,2125,2125,0.00126277502407564,0.00814964916836777
0.170085613856487,0.142553989896352,2126,2126,0.00383279730832449,0.0119802838480668
0.172088844609455,0.143708423242955,2127,2127,0.00231206613257199,0.0096717924611006
0.173523920021003,0.144478134177811,2128,2128,0.001628464417808,0.00805167633316478
0.175486016866498,0.145732746854684,2129,2129,0.00232892185357781,0.00572469961654939
0.175430375803639,0.145648288043163,2130,2130,0.000101139600155598,0.00581907807452921
0.175167178827884,0.145644383905225,2131,2131,0.000263225930218726,0.00603688134679384
0.170913395781199,0.142928401409097,2132,2132,0.00504690312246384,0.0110825056269258
0.176479738899955,0.146330780422536,2133,2133,0.00652383006115305,0.00456905934292839
0.171699240524388,0.143503892605071,2134,2134,0.00555377884429412,0.0101096628658804
0.173157759664098,0.14395046846536,2135,2135,0.00152535506682657,0.00865556064045426
0.169214956410784,0.141809081466315,2136,2136,0.00448678456960196,0.0131166042394346
0.174080716331996,0.144646259762949,2137,2137,0.00563251278718111,0.00749989661856263
0.171148013622503,0.142845068757668,2138,2138,0.00344166154927646,0.010934699970697
0.172088112468225,0.143422900302915,2139,2139,0.00110348318265783,0.00983287129690713
0.169329684952045,0.14181407468811,2140,2140,0.00319331210827722,0.0130183022639892
0.170796561683674,0.143021134693973,2141,2141,0.00189966344481032,0.0111296288622934
0.168965250321869,0.14168474242356,2142,2142,0.00226707864978208,0.0133935070040998
0.171794558567133,0.143583509847378,2143,2143,0.00340738945183462,0.00998630664945097
0.170278449503006,0.142402916997131,2144,2144,0.00192155826671559,0.0119023497156562
0.170835071168126,0.142836972751189,2145,2145,0.000705855562925116,0.0111983363977597
0.169127520838703,0.141822978902539,2146,2146,0.00198592841074765,0.0131819908114043
0.170583081132446,0.14300802607196,2147,2147,0.00187696365507578,0.0113166950309978
0.169071595176362,0.141552794568915,2148,2148,0.00209816313066765,0.013378260334291
0.170255233598813,0.142607035496248,2149,2149,0.00158506272682357,0.0118090808729192
0.171260136957971,0.1430343037601,2150,2150,0.00109196562699619,0.0107354242723481
0.173590084425769,0.144236910743968,2151,2151,0.00262200662858605,0.00813749684777375
0.170295730630471,0.142040945117209,2152,2152,0.00395917061548233,0.0120940368192179
0.175451289238485,0.145643312295879,2153,2153,0.00628942237813739,0.00580503067490568
0.171784978623899,0.143428346510088,2154,2154,0.00428344568715969,0.0100799829024568
0.175033055885127,0.145372843926639,2155,2155,0.00378564077771277,0.00630246871665571
0.171792777104756,0.143615868654984,2156,2156,0.00368596916424023,0.00997013459009751
0.17460318613892,0.145400892167269,2157,2157,0.00332937049285903,0.00664102368646136
0.170693556555161,0.142751145233451,2158,2158,0.00472296117869734,0.0113636958412656
0.176205207993459,0.145921452387232,2159,2159,0.0063583920158016,0.00503587642220432
0.171325710545866,0.142902253049513,2160,2160,0.0057380362478772,0.0107560487715983
0.17635928876151,0.146458929882148,2161,2161,0.0061633480953787,0.00459306349251415
0.174724318708444,0.145171130989068,2162,2162,0.002081238348542,0.00667092831792281
0.174229398260039,0.145234635259419,2163,2163,0.0004989779981142,0.00704503070111785
0.172772278173048,0.144405443727098,2164,2164,0.00167653140298296,0.0087195584918715
0.17519661799582,0.146359992751187,2165,2165,0.00311411070192617,0.00563859004021169
0.175827784895017,0.146693219834576,2166,2166,0.000713731002370578,0.00492490769054606
0.1758165440967,0.147113654143623,2167,2167,0.000420584550085321,0.004748664872757
0.172582092313024,0.144751716886273,2168,2168,0.00400505005569025,0.00870518186344987
0.174158278484462,0.145765065550032,2169,2169,0.00187382986457526,0.00683501299580975
0.17407578279058,0.145217140802082,2170,2170,0.000554100233643876,0.00718400580956828
0.17418922208654,0.145463940578312,2171,2171,0.000271622170330215,0.00695804602691136
0.171329376462541,0.143411750271866,2172,2172,0.00351997188156075,0.0104702533477822
0.175646585104409,0.146233311853595,2173,2173,0.00515747033117195,0.00531335186273485
0.174012433722196,0.14522280808769,2174,2174,0.00192134551835455,0.00723468487332534
0.175128885987062,0.146151609678739,2175,2175,0.0014522871807129,0.00579939757800559
0.172787175448173,0.144292093021162,2176,2176,0.00299021913039011,0.00876789820360336
0.174821232282173,0.145361281613868,2177,2177,0.00229794504954187,0.00648232297758748
0.172034401464575,0.143664261072261,2178,2178,0.00326286756160207,0.00974156904688517
0.178187842910109,0.14765414593488,2179,2179,0.00733375912070847,0.00240933805717169
0.175022478414068,0.145476978284952,2180,2180,0.00384182136085006,0.00625101833353563
0.17813573592709,0.147543820728176,2181,2181,0.00373687168999642,0.00251634206217336
0.174384190684277,0.145498966868598,2182,2182,0.00427264777578351,0.00677324149497863
0.178364014206589,0.147987522721293,2183,2183,0.00469381566539758,0.00207985618776229
0.17770076641315,0.147376846380534,2184,2184,0.000901567096041025,0.00296760259231272
0.18158895617614,0.149950610016728,2185,2185,0.00466286166297217,0.00169594382576707
0.176583095379492,0.146583557897555,2186,2186,0.00603288341414383,0.00433800506879477
0.179089493028329,0.148070829211391,2187,2187,0.00291444765522635,0.00144412698062649
0.178474333397154,0.147621719042,2188,2188,0.000761656954328463,0.00220268810977395
0.180371664996748,0.148737102704132,2189,2189,0.0022008970699622,0.000378582010773664
0.176891639159238,0.146584159791464,2190,2190,0.00409215627938933,0.00408742145002299
0.178753974304919,0.147654915280009,2191,2191,0.00214821076970755,0.0019741231613629
0.176180223977181,0.145979766422822,2192,2192,0.0030708817045377,0.00501964964107758
0.179704910836301,0.148033829280707,2193,2193,0.00407953326729872,0.00110801797361609
0.180898937896091,0.148589979883943,2194,2194,0.00131719554850035,0.000873921750139481
0.18420757915508,0.150618162783643,2195,2195,0.00388080311988637,0.00434757305231829
0.179992095659868,0.148169144246623,2196,2196,0.00487524285477864,0.000892443841920805
0.183797519052885,0.150775313419056,2197,2197,0.00461230581764279,0.00403281886615826
0.183954162245084,0.150578037886981,2198,2198,0.000251902213602504,0.00409714357450058
0.185455895276713,0.151593452287595,2199,2199,0.00181280680251901,0.00588187559509811
0.184290335171901,0.150784467176573,2200,2200,0.00141879782484471,0.00448658869978178
0.188634656161192,0.153729497471887,2201,2201,0.00524845961195382,0.00968765590819174
0.184213066865828,0.150870070573423,2202,2202,0.0052656219086195,0.00444983701073596
0.187302298712238,0.152852281161345,2203,2203,0.00367049209449374,0.00809821695639121
0.185678323750588,0.151329516285386,2204,2204,0.00222623169133807,0.00597745019279978
0.187406607717494,0.152237485525267,2205,2205,0.00195227395896024,0.00792351315778475
0.182695315573318,0.149979247056428,2206,2206,0.00522454922935207,0.00270706201070322
0.185045602694746,0.151119322671085,2207,2207,0.00261220633953059,0.00531262472805118
0.183521064810773,0.150159053642776,2208,2208,0.00180175813204688,0.00354609904617964
0.186220075704196,0.15186256420255,2209,2209,0.00319164660169014,0.0066878146292146
0.185328041828345,0.151116248926935,2210,2210,0.00116306101571787,0.00557263224342758
0.18980426459434,0.153521444245991,2211,2211,0.00508148942472748,0.0106372805424953
0.18957369773477,0.153222144620976,2212,2212,0.000377811252170098,0.0103036816350807
0.192766526324877,0.1552619714775,2213,2213,0.00378880561792349,0.0140608103838955
0.187461094246953,0.152379029462238,2214,2214,0.00603812588448039,0.0080311056648023
0.188912429485481,0.153057172641783,2215,2215,0.00160195260434193,0.0096330010169235
0.189028487638693,0.153430154452647,2216,2216,0.000390621205469035,0.00989807473881556
0.190502539951694,0.154634517856338,2217,2217,0.00190350241124474,0.011760811614958
0.190593248929042,0.154226557927312,2218,2218,0.000417922746762958,0.0116537393779648
0.190802355520416,0.154503803685532,2219,2219,0.000347261827742577,0.0119652928958957
0.189891575885674,0.154216161541529,2220,2220,0.000955121744107782,0.011024717428994
0.189946589884814,0.154282312011661,2221,2221,8.60373453797867e-05,0.0111043741039396
0.186601227966983,0.151781188646868,2222,2222,0.00417696833207855,0.00700319611421107
0.190177396441461,0.153999995938836,2223,2223,0.00420857300717783,0.0111805359523281
0.188850260050022,0.153225682983196,2224,2224,0.00153650628204246,0.0096482913416223
0.191040865867267,0.154587362623601,2225,2225,0.00257932651861749,0.0122157109349399
0.189188245881477,0.153134826436974,2226,2226,0.00235415848769999,0.00991620589633171
0.190696146766274,0.153980564915883,2227,2227,0.00172888364359141,0.0116396194426341
0.187532505011216,0.152285168284049,2228,2228,0.00358928946918194,0.00805795601939774
0.189693565639065,0.15428546444404,2229,2229,0.00294471862236662,0.0108834092200273
0.186935985005674,0.152255572138023,2230,2230,0.00342413693121045,0.007502847941711
0.189048573774565,0.154088328936711,2231,2231,0.00279678901413374,0.010224090340794
0.18880707833669,0.153319914532385,2232,2232,0.000805469268991376,0.00965074039107463
0.19116144109641,0.154602741425579,2233,2233,0.00268116930503403,0.0123302139622122
0.189365819430595,0.153614536742291,2234,2234,0.00204958670536725,0.0102821910088416
0.189627293934723,0.154251786526105,2235,2235,0.000688807813022214,0.0108091095650521
0.190314778251595,0.153868338661515,2236,2236,0.00078718927254103,0.0112467964206003
0.192180148872874,0.155070462130999,2237,2237,0.00221916840068905,0.0134504599258141
0.190480596394736,0.153700982411103,2238,2238,0.00218264823761241,0.0113270390441057
0.191012937961063,0.154378185055683,2239,2239,0.00086138897431145,0.0120971940707926
0.189588722158339,0.153590397656615,2240,2240,0.00162757477212521,0.0104718630314997
0.186131765501813,0.152104866613612,2241,2241,0.00376262565302763,0.00671464826287629
0.186235024336054,0.151779835690146,2242,2242,0.000341038836582832,0.00666703868083249
0.1845297082919,0.15114034652233,2243,2243,0.0018212768065854,0.00485082743694483
0.182075472433893,0.149689330462228,2244,2244,0.00285109123905176,0.00202613808546391
0.18164559052168,0.149302538621524,2245,2245,0.000578278813793678,0.00151344017526117
0.18086702598034,0.148869653292605,2246,2246,0.000890815611126353,0.000734783367266185
0.183532848073506,0.150626523997556,2247,2247,0.00319267945561876,0.00372997773264404
0.180005637353673,0.148612512391185,2248,2248,0.00406170631787982,0.000458898094274894
0.184616804019788,0.151488123808812,2249,2249,0.00543433519833663,0.00508698995545701
0.182075391720209,0.150119912333256,2250,2250,0.00288630890902157,0.00220083040864084
0.184640054234969,0.151890791733758,2251,2251,0.00311665007110839,0.00531166309612745
0.181642522523102,0.149904456773224,2252,2252,0.00359593144249016,0.00171800371753826
0.182414322409082,0.1504056460504,2253,2253,0.00092025309320572,0.00263740761187858
0.178811733878126,0.148409104617781,2254,2254,0.00411883743494885,0.00148596722783445
0.180412810579299,0.149613756290242,2255,2255,0.00200365472449687,0.000623275447836289
0.180925497923902,0.149623995607304,2256,2256,0.000512789583484694,0.000963587647781599
0.183034468820934,0.151034906011318,2257,2257,0.00253740544901317,0.00350002530956635
0.180186330343665,0.149199551911011,2258,2258,0.00338827647325467,0.000156158533153386
0.18245419115718,0.15081150341909,2259,2259,0.00278236955379321,0.00289921841653291
0.179656824160834,0.148741699103203,2260,2260,0.00347984942466093,0.00058325172034891
0.18247606525624,0.150645054810844,2261,2261,0.00340160010933578,0.00281901000534077
0.179006890538559,0.14831148764607,2262,2262,0.00418099377353085,0.00136247622268297
0.183395110122196,0.151377815618703,2263,2263,0.00535339503025543,0.00399236829681212
0.182059604835667,0.149557989777673,2264,2264,0.00225728608333649,0.00197306222720578
0.184378411097011,0.151355881888333,2265,2265,0.00293415720765224,0.0048143796560509
0.18157287624831,0.149067655270784,2266,2266,0.0036203600429419,0.00141911471698458
0.184492338844113,0.151398985084673,2267,2267,0.00373608893756774,0.00493505031714356
0.182545146633743,0.149352134338704,2268,2268,0.00282509388877568,0.002410647549666
0.183503860291321,0.150350674457564,2269,2269,0.0013842739057712,0.00359475123775132
0.177940463095289,0.146846786573552,2270,2270,0.00657484742519116,0.00312080199142321
0.182090263742048,0.149833439253173,2271,2271,0.00511282110351327,0.00209003742373489
0.178432719689656,0.147005584604605,2272,2272,0.00462324457590315,0.00267002846866031
0.183574259170805,0.150469146807242,2273,2273,0.0061993299128009,0.00370430024909905
0.178125527859562,0.147019033460211,2274,2274,0.00644918250706827,0.00286813005646743
0.182949095839584,0.149924559474961,2275,2275,0.00563106468443357,0.00292976235741979
0.180832051149468,0.148182502808946,2276,2276,0.00274164907447185,0.00109857614026505
0.183734941786112,0.150929551333838,2277,2277,0.00399662978601051,0.00404580348959701
0.183320120053633,0.149670145384273,2278,2278,0.00132596395710279,0.00322698330263332
0.185473803512924,0.151752009979974,2279,2279,0.00299541526965046,0.00596819941488687
0.182014491524126,0.149610362619853,2280,2280,0.0040685983889982,0.00194405611305563
0.185902677861931,0.152299467604007,2281,2281,0.00472750236523419,0.00660516132953348
0.185736502357118,0.151567619006241,2282,2282,0.000750477626882987,0.00612534388109317
0.188527221033653,0.153734608584299,2283,2283,0.00353326400980383,0.00959624166109103
0.186633913721297,0.151774537064612,2284,2284,0.00272515925063287,0.0070307156755125
0.186497569992484,0.152622239485137,2285,2285,0.000858597115154609,0.00728187921350815
0.182825720614169,0.149814629997425,2286,2286,0.00462224500567916,0.00277994906860701
0.185892042826581,0.152011129829222,2287,2287,0.00377186206288241,0.00645859075295203
0.181833881021351,0.149270131535979,2288,2288,0.00489711638425951,0.00169474646645648
0.186704462444071,0.152484374737698,2289,2289,0.00583557390109486,0.0073977448748319
0.185144548866678,0.150930909773025,2290,2290,0.00220149580181307,0.00533444625860947
0.189031608309588,0.153588801183602,2291,2291,0.00470888711513987,0.00997212427963204
0.187478440398021,0.152176308437615,2292,2292,0.00209939665594349,0.00796508190427107
0.189321504237936,0.153813716442554,2293,2293,0.00246535784271626,0.0103328716534862
0.186680576213468,0.152197730794943,2294,2294,0.00309611214973038,0.00724746202761543
0.190450326999311,0.154717285028269,2295,2295,0.00453422259290824,0.0117545974820566
0.188000527007282,0.152653689206795,2296,2296,0.00320311531408931,0.00863591391769686
0.19053037540036,0.154576798811648,2297,2297,0.00317781110896149,0.0117580558477347
0.189394116173693,0.153620801552003,2298,2298,0.00148492955746571,0.0103103277230985
0.191369474989423,0.155440663143616,2299,2299,0.00268587763375579,0.0129100867911057
0.189169266867116,0.153887104774468,2300,2300,0.00269341036379807,0.0102325545253597
0.190320057465461,0.154992055479257,2301,2301,0.00159537928445004,0.0117769512010789
0.190179973989097,0.154405540165154,2302,2302,0.000603012101062182,0.0113682898082741
0.193471699815701,0.156700326592976,2303,2303,0.00401266789889826,0.0153603367308054
0.190607195528231,0.155051500034138,2304,2304,0.00330514959329523,0.0120551881464891
0.19129714775576,0.155827539248745,2305,2305,0.00103839825639288,0.0130441609221107
0.189215916859991,0.153971583995963,2306,2306,0.0027885644948314,0.0103137494888971
0.192250759209184,0.155886768923551,2307,2307,0.00358862109887817,0.0138967222296839
0.185199805958282,0.152235974402423,2308,2308,0.00794004045215788,0.0059692447833334
0.187845741902807,0.1542506555292,2309,2309,0.00332564536069653,0.0092867846627144
0.187017190207174,0.15335269257585,2310,2310,0.0012218164256247,0.00810217895619435
0.190688521317361,0.155880354494574,2311,2311,0.00445732508305173,0.0125568893767617
0.188148294227005,0.154034009305993,2312,2312,0.00314034141869653,0.009422441808497
0.192641178927929,0.157023955257811,2313,2313,0.00539683145286096,0.0148177883740888
0.189171474484592,0.154437507837659,2314,2314,0.00432765053826158,0.0105060062940607
0.191811083663203,0.155769339168061,2315,2315,0.00295657086985046,0.0134566781489711
0.189766455542273,0.154651610627862,2316,2316,0.00233019768313233,0.011127214315845
0.188464228737392,0.154391437166747,2317,2317,0.00132796268065781,0.00988061325958831
0.183340923678256,0.15098519379053,2318,2318,0.00615229621092698,0.00373020317343139
0.185255085190877,0.152939601680784,2319,2319,0.00273563968714567,0.00641684376276885
0.182896316792839,0.150895334550876,2320,2320,0.00312134849928711,0.0033072446899275
0.186713443721323,0.15343665137675,2321,2321,0.00458571141674124,0.00789292463740362
0.187736407224023,0.153291509268438,2322,2322,0.00103320886536063,0.00868975207154027
0.188361619950132,0.154277001042312,2323,2323,0.00116708396838567,0.00973249607286413
0.185477637770534,0.151585418275959,2324,2324,0.00394486641096604,0.005898019548909
0.187046774476935,0.153007864184044,2325,2325,0.00211790990478853,0.00794994239476155
0.184227617662378,0.150800258820714,2326,2326,0.00358066566231269,0.00443505247644953
0.187269311441655,0.152764706977808,2327,2327,0.00362090563378873,0.00802818405431303
0.183615224727579,0.150454468150166,2328,2328,0.0043231415839326,0.00373660409459896
0.185888363632316,0.152424697539507,2329,2329,0.00300814965167149,0.00665538348990272
0.18501861465041,0.151324113864678,2330,2330,0.00140276431264425,0.00537135792983158
0.186104322391302,0.152573680457269,2331,2331,0.00165534829203773,0.00691709996856325
0.184233482788539,0.150780868983967,2332,2332,0.00259118000109415,0.00443281937769766
0.187610628410491,0.153276595848614,2333,2333,0.0041992576885432,0.00857285212643703
0.183125550547092,0.150318447498696,2334,2334,0.00537276140368005,0.00323229317236575
0.186857611181062,0.153031744336497,2335,2335,0.00461413657206378,0.00779867725243653
0.183802489103784,0.150568991505445,2336,2336,0.00392414607448994,0.00395337535706549
0.187156020623631,0.152907999997388,2337,2337,0.00408865923989644,0.00799614847440635
0.182792743756855,0.149939326579592,2338,2338,0.00527742426546047,0.00278568319466237
0.185548865808397,0.152264809318265,2339,2339,0.00360611684930811,0.00628180809517286
0.182034835728119,0.149854526934525,2340,2340,0.00426120506130226,0.00204702087327068
0.183923941601099,0.151401194657022,2341,2341,0.0024414958617914,0.00444480597398847
0.181508386548536,0.149392970526212,2342,2342,0.00314131666209096,0.00139800971528427
0.185239283438079,0.152353695070712,2343,2343,0.00476292782107844,0.0060660170406904
0.183994764854734,0.151021265601666,2344,2344,0.00182323744868124,0.0043186413936954
0.186535253885229,0.153038603122336,2345,2345,0.00324403070058941,0.00752701940682546
0.184436082607459,0.151228115182403,2346,2346,0.0027720726242384,0.00480573814017621
0.186949623353845,0.153885468461931,2347,2347,0.0036577880660255,0.00834232679726046
0.18708887557998,0.15321676054121,2348,2348,0.000683053047514229,0.00809211308444486
0.189165820629936,0.155158383272728,2349,2349,0.0028431671727289,0.0108887996963509
0.186573255912402,0.153364152891187,2350,2350,0.00315288034607211,0.00773611789753374
0.188274087568417,0.154952984867124,2351,2351,0.00232749121799901,0.0100409305096205
0.185010843111225,0.152430201780574,2352,2352,0.00412470591547837,0.00591922246504303
0.187191394885166,0.154027107047787,2353,2353,0.00270276015793003,0.00862146361311253
0.184949987089983,0.15236827622065,2354,2354,0.00278848141779139,0.00583391355989556
0.186335098010287,0.153607620758664,2355,2355,0.0018586304488658,0.00768167678536258
0.18356353937526,0.151382066614807,2356,2356,0.00355452226250364,0.00413267874584438
0.185798889450762,0.153295355586034,2357,2357,0.00294235698844699,0.00706512608362477
0.185169735458471,0.152008680482186,2358,2358,0.00143225960247282,0.00582505131805626
0.189403400384833,0.154756292842556,2359,2359,0.00504710732911094,0.0108697447054844
0.183674934687903,0.150972335981155,2360,2360,0.00686539501921396,0.00401313958527007
0.187195595809826,0.153335606412478,2361,2361,0.00424029502121984,0.00824494847399295
0.187488182038981,0.152996712517695,2362,2362,0.000447722875686129,0.00833026558678155
0.188207496535841,0.154064933883174,2363,2363,0.00128783160042745,0.00948904090556302
0.185418285404095,0.151496996643819,2364,2364,0.00379130589674932,0.00580664155307076
0.185647918691602,0.152160688109988,2365,2365,0.000702294673906548,0.00631509377796222
0.182787341111785,0.150197090490489,2366,2366,0.00346967141116444,0.00287369342780488
0.184277590940417,0.151932417595123,2367,2367,0.00228740130099954,0.0050330431276336
0.18087089328791,0.149462175019708,2368,2368,0.00420805029401902,0.000828612553146423
0.18315405892798,0.151305799333012,2369,2369,0.00293458616309139,0.00375552469654968
0.179689481746727,0.148562296199839,2370,2370,0.00441928778046751,0.000671146068442699
0.180980167932782,0.150077079431249,2371,2371,0.00199008519140089,0.00132067425481153
0.179366737664801,0.14821025287103,2372,2372,0.00246742753400731,0.00114867331991061
0.181860697108158,0.150427916912211,2373,2373,0.00333734437909201,0.00219558735469658
0.181760905358103,0.150017124982178,2374,2374,0.000422739166815071,0.00187722109881557
0.18466105424933,0.152349660639825,2375,2375,0.00372177191475736,0.00558777486959958
0.183322322523783,0.150707462703673,2376,2376,0.00211872997205521,0.00357723704712224
0.186876997575985,0.153634707983647,2377,2377,0.00460483220713554,0.00813933586093634
0.1868572203606,0.153089173533848,2378,2378,0.000545892822966022,0.00782784326441747
0.186768069074886,0.153874315929926,2379,2379,0.000790187657372846,0.00818852831046012
0.185610593678355,0.152366191306388,2380,2380,0.00190110209449576,0.0063869974679179
0.189294746552508,0.155168700956462,2381,2381,0.00462893537855985,0.0110014789269287
0.185921400355428,0.152382994233395,2382,2382,0.00437488588563067,0.00666289091612505
0.188792576020604,0.154853018888193,2383,2383,0.00378743600547945,0.0104085880114959
0.185489142588205,0.152193823151121,2384,2384,0.00424075399078398,0.00619422651578804
0.188070275297742,0.154575613146812,2385,2385,0.00351214601743989,0.00965590982223272
0.184877088511212,0.151955803420359,2386,2386,0.00413035650476932,0.0055471344209525
0.186364702666535,0.153613600494698,2387,2387,0.00222739466974394,0.00770905954722545
0.183227616181303,0.150842510242123,2388,2388,0.00418572010575708,0.00355980808933644
0.1863422717622,0.153299127436717,2389,2389,0.00396686871832033,0.00750853472368932
0.184283852232444,0.151404165813439,2390,2390,0.00279785105289372,0.00475537386819734
0.187757760769976,0.154193464731757,2391,2391,0.00445513512509623,0.00918186711075013
0.186078218445366,0.152649799555541,2392,2392,0.00228117614322448,0.00693390337267344
0.187459681724855,0.154289800642824,2393,2393,0.00214430509929615,0.00899240453798287
0.187262057469551,0.153398808990616,2394,2394,0.000912645314779609,0.00833460968257194
0.18861527478893,0.155008336690101,2395,2395,0.00210280206602423,0.0103505841924985
0.189626602359523,0.154474377556162,2396,2396,0.0011436327259033,0.0109174384655715
0.189944011293334,0.155394871142314,2397,2397,0.000973682121335608,0.0116680787178573
0.187172972202101,0.153062876488399,2398,2398,0.00362172013151594,0.00808678414524059
0.190809167516038,0.155657583157327,2399,2399,0.00446703694397961,0.0125394151137543
0.18714122407064,0.153145405948904,2400,2400,0.00444576691304912,0.00810068534514972
0.187881250646808,0.154133902757291,2401,2401,0.0012348138619347,0.00925150719428811
0.184262022537301,0.151586890857789,2402,2402,0.00442561653612797,0.00482997272133542
0.185260094163764,0.152816234193941,2403,2403,0.0015834872938212,0.00634678975197945
0.183026328607881,0.150767870433042,2404,2404,0.00303075941896021,0.00334856117612128
0.185819527619191,0.153247640546568,2405,2405,0.00373513326840122,0.00705310375803331
0.185218171271187,0.151907683315847,2406,2406,0.00146871196544667,0.00581647452442688
0.186629527045636,0.153653995568436,2407,2407,0.00224533552183513,0.00794731726863716
0.184042734247839,0.150932624173196,2408,2408,0.00375464502310971,0.00432195193415709
0.185792452210508,0.153154016041316,2409,2409,0.00282773668870293,0.00697584184761935
0.184130143915292,0.151206404968064,2410,2410,0.00256055809561122,0.0045248550720933
0.185745335292076,0.153140550207588,2411,2411,0.00251987320935224,0.0069298496009039
0.184911985018302,0.152153250828996,2412,2412,0.00129198790310448,0.00568236750557248
0.189146881615141,0.154987538695735,2413,2413,0.00509583525022867,0.0107780280509584
0.187895418651918,0.153980548191161,2414,2414,0.00160629680464823,0.00918002195699793
0.1880932253949,0.154730889652636,2415,2415,0.000775976685460155,0.00976430159585803
0.186852707382844,0.153117316875033,2416,2416,0.00203531374654019,0.00783855668700882
0.189465647645892,0.155517135866428,2417,2417,0.00354775816674608,0.0113390334917457
0.186090151444217,0.152767750358499,2418,2418,0.00435351527833858,0.00700602703285601
0.186981153069394,0.153727296755307,2419,2419,0.00130943238989021,0.00827757692717142
0.184952972813262,0.152091779493831,2420,2420,0.00260546192909188,0.00568356303790995
0.187900726173735,0.154052806955334,2421,2421,0.0035404630458382,0.00922351575434264
0.185357335876519,0.151884190934913,2422,2422,0.00334241374578248,0.00592675348722276
0.18598728403252,0.152900055082442,2423,2423,0.00119533034993861,0.0069911236886848
0.183837938639102,0.150980928388718,2424,2424,0.00288144631856525,0.00416087776863343
0.18731027490521,0.153213930969429,2425,2425,0.00412836767626037,0.00828121444309166
0.183688448235017,0.150940244669465,2426,2426,0.00427636268569092,0.00400974792869462
0.187813203623797,0.153675589325037,2427,2427,0.00494931484167626,0.00894932638751171
0.185344554440447,0.151659550222338,2428,2428,0.00318726253296815,0.00581112983541854
0.188732502876658,0.154339011720218,2429,2429,0.00431945697108341,0.0100796692361648
0.186388700598243,0.152339244117875,2430,2430,0.00308098678732692,0.00705072871955836
0.186417738738647,0.153323504434729,2431,2431,0.00098468857255999,0.00758457214187557
0.184201583737931,0.151588541626271,2432,2432,0.0028145050957368,0.00477955019764791
0.185771176277617,0.15319171924961,2433,2433,0.00224361298637084,0.00698097587940861
0.182828945941857,0.150634784278599,2434,2434,0.00389802973239671,0.00311086832880454
0.183397163792989,0.151513088010871,2435,2435,0.00104608267955626,0.00407446507728191
0.179034609730752,0.148296703882775,2436,2436,0.00542005579356986,0.00134739764373062
0.180935577801605,0.1501643998476,2437,2437,0.00266495174879921,0.00136383207030516
0.18239582887366,0.150394887343996,2438,2438,0.00147832935418113,0.00261601449826453
0.18346954440928,0.151991648494818,2439,2439,0.00192419105709544,0.0044345870585566
0.181529463465548,0.15015815587831,2440,2440,0.00266938368224175,0.00176840530780033
0.18372347468393,0.151863195770312,2441,2441,0.00277864108148254,0.00454685292918277
0.18198927018534,0.150154955820189,2442,2442,0.00243424505137166,0.00214395660810399
0.183773802461343,0.15222560291929,2443,2443,0.00273352059679658,0.00481751046462502
0.184082011045596,0.151721949280905,2444,2444,0.000590473978143854,0.00475251417124209
0.186130861249546,0.153443879132472,2445,2445,0.00267634631016719,0.00742012388402781
0.182267709582473,0.150623011828591,2446,2446,0.00478343319686947,0.00263677608769953
0.184674510411144,0.152811629507662,2447,2447,0.00325311198301432,0.00588300639487338
0.181099705713344,0.149934337891137,2448,2448,0.00458890353722292,0.00129701696710795
0.184728971981506,0.15237791078478,2449,2449,0.00437522823767629,0.00565928273986004
0.182936737398244,0.151240559989984,2450,2450,0.00212265673905648,0.00354354438808865
0.18444886615009,0.152680391198158,2451,2451,0.00208797683660357,0.00562580030817363
0.182272733958275,0.150537667350702,2452,2452,0.00305398375940532,0.00259077116444794
0.183944427158583,0.152154457163513,2453,2453,0.00232563269988344,0.00490158633788186
0.181781254042772,0.150195177030979,2454,2454,0.00291857783290314,0.00199173654927061
0.183597960917145,0.151905734708015,2455,2455,0.00249528183455528,0.00447604629507469
0.18377490773124,0.151364634244903,2456,2456,0.000569297713150486,0.0042992986520535
0.186075230922959,0.153356467263115,2457,2457,0.0030428416913798,0.00732360978937542
0.185108546467069,0.152242326452317,2458,2458,0.00147505545100623,0.00589574394570717
0.186405054661996,0.153505357252553,2459,2459,0.00181002218269714,0.00767825029853963
0.185775665639433,0.152563623111738,2460,2460,0.00113269313306737,0.00663115095197933
0.186929308578466,0.153733756002231,2461,2461,0.00164319901782895,0.00823854143733925
0.183036272938589,0.1509515414502,2462,2462,0.00478502291602545,0.00345485857277683
0.185341883901189,0.153008579586026,2463,2463,0.0030898621009855,0.00652769187218982
0.183570056871395,0.151258749069327,2464,2464,0.00249023650697676,0.00406973804719994
0.185292291473323,0.153013592211383,2465,2465,0.0024587733684296,0.00649140937224269
0.183126282095464,0.151193903324848,2466,2466,0.00282893341539747,0.00366674812955969
0.185689056347539,0.153061553389182,2467,2467,0.00317110842291867,0.00683784158400502
0.182077277051149,0.15048630809495,2468,2468,0.00443585820459737,0.00240239891383433
0.185296904775993,0.152843081219206,2469,2469,0.00399003536899066,0.00639234976982398
0.18329139482612,0.151004659424723,2470,2470,0.00272063684703936,0.0036982447574571
0.18394312085808,0.152084179667473,2471,2471,0.00126099594576696,0.0048563143134008
0.184735711928741,0.152092969210108,2472,2472,0.000792639805555625,0.00550200351664608
0.186108710170427,0.153528439387814,2473,2473,0.00198637831310084,0.00745283335908973
0.183832036791292,0.151659508990455,2474,2474,0.00294552924029521,0.00451163564516482
0.185923417538768,0.153319861309575,2475,2475,0.00267032643220213,0.00717957228868073
0.185006374775013,0.152316938797699,2476,2476,0.00135897792306623,0.00585151337327765
0.187614838190921,0.154384094310667,2477,2477,0.00332824477869691,0.00917344769609062
0.186576376934331,0.153241385777332,2478,2478,0.00154408049453262,0.00767089383723899
0.188630953926497,0.154957520508516,2479,2479,0.00267701420099286,0.0103342570759392
0.187102139277568,0.153325103430212,2480,2480,0.00223652850380197,0.00815976390499701
0.189870945571124,0.155524505303493,2481,2481,0.00353605103065932,0.0116782455335912
0.187003267640309,0.153162769570131,2482,2482,0.00371501983697629,0.0079909249478553
0.190194445732236,0.155576991411405,2483,2483,0.00400151030403296,0.0119773005101789
0.186652924741026,0.152920963178297,2484,2484,0.00442683373374812,0.00756612911462764
0.191483494697464,0.156379136362555,2485,2485,0.00594082215491815,0.0134952810847751
0.187610646204891,0.153695777816333,2486,2486,0.00471162058468302,0.00878725697259615
0.190874842694437,0.15648429191209,2487,2487,0.00429310954723955,0.0130481667827037
0.190016744356804,0.154977568587645,2488,2488,0.00173394000284783,0.0115086699048086
0.192016565643848,0.157026193369918,2489,2489,0.00286289166380067,0.0142966179421602
0.19205707647276,0.155982865314706,2490,2490,0.00104411424568982,0.0137765862994845
0.195398672439966,0.158864101087218,2491,2491,0.00441223108923902,0.0181323505289375
0.192838027155421,0.157085578427314,2492,2492,0.0031176990112982,0.015016948636547
0.196190151853821,0.159624315498003,2493,2493,0.00420498821731,0.0192105398226917
0.193708877973859,0.157504985631453,2494,2494,0.00326317010752301,0.0159774220871967
0.196377288841686,0.159368713033878,2495,2495,0.00325482662980393,0.0192286208199046
0.193873114845057,0.157195391442176,2496,2496,0.00331575242536983,0.0159566937328039
0.197721008969968,0.160018839387697,2497,2497,0.00477264575446269,0.0207120389415329
0.193459497541809,0.157025779109622,2498,2498,0.00520758000231646,0.0155145970151777
0.19691289637339,0.159652470525057,2499,2499,0.00433883294007568,0.0198328973725489
0.194752401071647,0.157430578249984,2500,2500,0.00309912007364681,0.0168345960452539
0.196515507196662,0.159211206681178,2501,2501,0.00250582936730353,0.0192618008491423
0.196253265830512,0.157397717791353,2502,2502,0.00183235162772906,0.0181363451632728
0.198039740066045,0.159443669467775,2503,2503,0.00271613851938421,0.0206881063757227
0.194643664272642,0.157168264498972,2504,2504,0.00408788436316288,0.0166105721614421
0.197056896779247,0.159318370307637,2505,2505,0.00323212718180876,0.0197791825016772
0.193072539690653,0.156470772168686,2506,2506,0.00489733770230186,0.0148998760717573
0.196506561563417,0.159417991359389,2507,2507,0.00452532951072805,0.0193641620406333
0.194643161354914,0.157659129287989,2508,2508,0.00256239265594756,0.0168555797499153
0.197410575377351,0.159744594231249,2509,2509,0.00346521924286833,0.020303577126082
0.194601756619441,0.157482189342395,2510,2510,0.00360665200648745,0.0167300930059245
0.198663696341985,0.160305803753497,2511,2511,0.00494693366158958,0.0216651169467903
0.196548285585219,0.158611450903955,2512,2512,0.00271031257396537,0.0189804646196306
0.199448572660581,0.160605998520354,2513,2513,0.003519926890377,0.0224921988578513
0.198515848239509,0.159762287612991,2514,2514,0.00125770542690607,0.0212598773018678
0.200937293124459,0.161532735779247,2515,2515,0.00299964698593873,0.0242455672922964
0.197560390071876,0.159041585419906,2516,2516,0.00419634416360108,0.0200719012084289
0.198875927244945,0.160219688969399,2517,2517,0.00176594621295638,0.0218024611239492
0.199625943188095,0.159955663732828,2518,2518,0.000795130958098095,0.0223195723037421
0.199949454844492,0.161029742943868,2519,2519,0.00112174236944721,0.0231398886911041
0.198588772630916,0.159687183870702,2520,2520,0.00191152320186826,0.0212852498187596
0.20111170298412,0.161765057737705,2521,2521,0.00326844571230591,0.0245149565428083
0.198110043877389,0.159609207157039,2522,2522,0.00369562567357381,0.0208323576037821
0.202197533794762,0.162039772913637,2523,2523,0.00475554662702073,0.025587860697423
0.201804830657479,0.160895701825407,2524,2524,0.00120959266240892,0.0246811416210313
0.204072052750523,0.162903807938203,2525,2525,0.003028660789761,0.0276422526627077
0.202874261639186,0.16170270036582,2526,2526,0.00169627914767528,0.0260074239891321
0.203208854185896,0.162877679419544,2527,2527,0.00122169061100046,0.0268853788459065
0.20236412590436,0.161242363108908,2528,2528,0.00184060460323774,0.025338219356113
0.206183844752629,0.163820037507912,2529,2529,0.00460810778813873,0.0299300175286149
0.204673455504753,0.162842398936958,2530,2530,0.00179918116250685,0.0281340819282347
0.206264269155041,0.164441763743972,2531,2531,0.00225580492415934,0.0303109826481177
0.204286367042902,0.162335470270663,2532,2532,0.00288938902900069,0.0275493038600351
0.208607164878487,0.165553827961983,2533,2533,0.00538768226283539,0.0328948260254078
0.207268491792174,0.164304351718306,2534,2534,0.00183118445699208,0.031112591088379
0.210867996804625,0.166519919084064,2535,2535,0.00422672155303254,0.0353364528595481
0.209109592681529,0.164960268915033,2536,2536,0.00235042415531369,0.0330404288013011
0.207775739667181,0.165065225962866,2537,2537,0.0013379760258595,0.0319304766868525
0.207421666798526,0.164485728966551,2538,2538,0.000679105562527495,0.0313351397455557
0.208158203995345,0.165392941921981,2539,2539,0.00116855568493704,0.0324258652087717
0.204278208535046,0.163107017636016,2540,2540,0.00450331151632969,0.0279225967723308
0.205669044976276,0.164628613816619,2541,2541,0.00206147542868661,0.0298967380762407
0.202922491751583,0.162096550948192,2542,2542,0.00373562538080868,0.0262431748890966
0.203113513449133,0.162761307514083,2543,2543,0.000691657849540642,0.0267438034949272
0.201589911573508,0.1615847012274,2544,2544,0.00192503637089512,0.0248334663666755
0.203575006362237,0.163308492093342,2545,2545,0.00262907897746315,0.0274215888638856
0.200344488973932,0.160894760420248,2546,2546,0.00403265956731241,0.0234101168629974
0.203047314025429,0.163213743080468,2547,2547,0.0035613120949169,0.026922298340087
0.200762838005078,0.160817034996549,2548,2548,0.00331104822179957,0.0237332312726371
0.201593332065659,0.161949488755517,2549,2549,0.00140434037927445,0.0250225522379825
0.198756336266834,0.160013540138168,2550,2550,0.00343459491229494,0.0215944341144487
0.200153407160741,0.161362197328879,2551,2551,0.00194182473479388,0.0234872056842048
0.196150265790071,0.158348432729508,2552,2552,0.00501078016819673,0.0185041538737316
0.198948619411495,0.160379777048331,2553,2553,0.00345791016831739,0.0219471502707316
0.195258903504843,0.157511231288643,2554,2554,0.00467360227739018,0.0173149463303962
0.19778639811334,0.159689914408199,2555,2555,0.00333689813021304,0.0205956417698094
0.196771960207521,0.158505831316933,2556,2556,0.00155921038727379,0.0191215271964071
0.199366425632287,0.160851430447695,2557,2557,0.00349758289716449,0.0225492791925414
0.196136161055256,0.15829786867207,2558,2558,0.00411767980537045,0.0184665795579213
0.196914046838286,0.16011602669431,2559,2559,0.00197757550684582,0.0200855649127628
0.194081708378441,0.15788121514447,2560,2560,0.00360784198855993,0.0164933445510933
0.198490790702485,0.16128713071644,2561,2561,0.00557137934658748,0.0220469235525285
0.197570016309907,0.159539619999248,2562,2562,0.00197525167731291,0.0203327314845499
0.196710081505017,0.160287434812768,2563,2563,0.00113961171632351,0.0200114627418106
0.19500974129,0.158079453843617,2564,2564,0.00278681481389328,0.017386331058293
0.19432842047145,0.15837581104716,2565,2565,0.000742984286429828,0.0169690056514517
0.192316283658464,0.156557156810701,2566,2566,0.00271223114537928,0.0142943608385537
0.195501733937375,0.158824517107419,2567,2567,0.0039099892831758,0.0181977856688957
0.192595262472055,0.156356781362859,2568,2568,0.00381278062359971,0.0144299353231054
0.194586394474206,0.15833028218653,2569,2569,0.00280344647728796,0.0171604080721863
0.191994863147185,0.156298734255518,2570,2570,0.00329290473821045,0.0138851964943256
0.194851122726487,0.158572554444888,2571,2571,0.00365081868050704,0.0175142232256838
0.192843988682351,0.156519458424903,2572,2572,0.00287120015645136,0.0147268012389596
0.194335719740179,0.158104057238506,2573,2573,0.00217628466634284,0.0168272871220929
0.193917819249024,0.156795865256993,2574,2574,0.00137331973007043,0.015795352367778
0.195186273500482,0.158445330214086,2575,2575,0.00208079572104531,0.0177286286427204
0.193451004313607,0.156976143503568,2576,2576,0.00227369055530461,0.015481833167662
0.196247403366894,0.1593980986086,2577,2577,0.00369942079196434,0.0191350427780149
0.195291933719498,0.157794437314444,2578,2578,0.0018667222057581,0.0174837314073365
0.197675439086395,0.160050307125691,2579,2579,0.0032817748916281,0.0206901206842332
0.194733032156082,0.157859995329697,2580,2580,0.00366813635341197,0.0170359374287825
0.197275332760711,0.159803565663757,2581,2581,0.00320011843651699,0.0202200660131028
0.194460566516807,0.157494840856708,2582,2582,0.00364048338033617,0.0166147453546442
0.195499464759448,0.158459312641675,2583,2583,0.00141757376617922,0.0180022607791639
0.193331201124875,0.156554984268256,2584,2584,0.00288579863171673,0.0151662052557495
0.196094110157517,0.15874117773284,2585,2585,0.0035232241182248,0.0186566579503427
0.194452701542567,0.15714211839516,2586,2586,0.00229155253194285,0.0164313591684828
0.197114939413782,0.15914302438109,2587,2587,0.00333033560583062,0.0197385461709823
0.195076941824688,0.157146361947285,2588,2588,0.00285308518059338,0.0169793910721785
0.19694370492693,0.158970787181415,2589,2589,0.00261023598833916,0.0195034016152641
0.19375327767106,0.156669383666628,2590,2590,0.0039338637766033,0.0155899496262882
0.196872334193341,0.159103495789075,2591,2591,0.00395643973969419,0.019510068658715
0.194678464261261,0.157222971736808,2592,2592,0.00288953906186403,0.0166677054217342
0.195778942438774,0.15813004647549,2593,2593,0.0014261265023612,0.018073376751081
0.192785526696187,0.156095066209166,2594,2594,0.00361962463417089,0.0144649834750093
0.195764307056893,0.158516247449344,2595,2595,0.00383865224201389,0.0182580085808865
0.192147452754432,0.155815037631768,2596,2596,0.00451421859504015,0.0137714945365368
0.19565634325362,0.158340357777157,2597,2597,0.00432314172471882,0.018074722632537
0.192920485925193,0.155991452809159,2598,2598,0.00360586603608563,0.0145331899846284
0.193840751373298,0.157443513015702,2599,2599,0.00171911818628122,0.0160572217376873
0.189748336989384,0.15445828979501,2600,2600,0.00506551213274895,0.0110153172305655
0.193336946278794,0.157037724691078,2601,2601,0.00441945709506231,0.0154158125747507
0.19202631179416,0.155676113736507,2602,2602,0.00188990664952588,0.013597855641575
0.192177968605,0.156843633905628,2603,2603,0.00117732881285461,0.0143306862341612
0.192325480610787,0.156223067727174,2604,2604,0.00063785748697688,0.0141296109442694
0.193823057404287,0.157743377358297,2605,2605,0.00213402849721285,0.0162011112416757
0.191125644868405,0.155521853365042,2606,2606,0.00349445321063862,0.0127399074695907
0.193013429360609,0.157171633133633,2607,2607,0.00250709065928157,0.0152111837328969
0.191802630550344,0.15555868260792,2608,2608,0.00201683989382791,0.0133453085236257
0.193475264178723,0.157461679785756,2609,2609,0.00253359458351825,0.0157565426534828
0.190751783196017,0.155033826391751,2610,2610,0.00364853679794196,0.0121720729589944
0.192930918004773,0.156985959070738,2611,2611,0.00292565386043861,0.0150426772254689
0.191458070889909,0.155292773137002,2612,2612,0.00224413841595511,0.0129149598716872
0.192829632414503,0.15737392272043,2613,2613,0.00249246155524019,0.01516624127221
0.189209226847705,0.154551369453254,2614,2614,0.00459065827677808,0.0105971230488774
0.19033724042366,0.155953657460965,2615,2615,0.00179967393827564,0.0123046686609947
0.188457195737171,0.154187319777472,2616,2616,0.00257963501978903,0.00976572936346178
0.192142973722356,0.156660212328956,2617,2617,0.00443848588228665,0.0142021709019725
0.187566526275817,0.15320408053431,2618,2618,0.00573486863083193,0.0084988135866521
0.190853792881258,0.155823503818201,2619,2619,0.00420327254355944,0.0126653533034344
0.18812431241028,0.15349645384508,2620,2620,0.00358681268243163,0.0091283460937953
0.190332866171254,0.155450062584354,2621,2621,0.00294860930292243,0.0120255098709166
0.188971238457243,0.153924859810257,2622,2622,0.00204457172377954,0.0100767412050353
0.190927406941436,0.15578658005801,2623,2623,0.00270048096076331,0.0127079831786642
0.189873454182853,0.154647245585654,2624,2624,0.00155206296818864,0.011217597481169
0.191434429329242,0.15638707550958,2625,2625,0.00233744552275159,0.013458444451691
0.189596129545625,0.154568574366451,2626,2626,0.00258578663118353,0.0109382570528393
0.191218098317366,0.156025313379219,2627,2627,0.00218010808168424,0.0130811267342669
0.189682185031537,0.15469753705441,2628,2628,0.0020302757424326,0.0110778526837264
0.189571635658946,0.155453955014403,2629,2629,0.000764453591776589,0.0113905735851949
0.187606680110234,0.153653522596484,2630,2630,0.00266507170633452,0.00876160091167557
0.190091521926792,0.155782988642184,2631,2631,0.00327247070164159,0.0120055129507087
0.185979084716123,0.152573068935261,2632,2632,0.00521686920830713,0.00680934746335928
0.188785707620157,0.154767040561607,2633,2633,0.00356239296297512,0.0103551464217916
0.189347007635183,0.154225172717222,2634,2634,0.00078017848448073,0.0105512346318131
0.191494791514354,0.156298453845011,2635,2635,0.00298520857336207,0.0134611307724827
0.189122855496583,0.154015163324783,2636,2636,0.00329233899715168,0.0102531254544457
0.189837901859597,0.155404491793665,2637,2637,0.00156253796616461,0.0115844686893773
0.189197422630763,0.153967365139054,2638,2638,0.00157338700387417,0.0102954866280783
0.191567141456818,0.156230562213665,2639,2639,0.00327683205445153,0.013485853887997
0.191089856728511,0.15550322895442,2640,2640,0.000869950792791538,0.0126996207061005
0.193046343604758,0.157379109000324,2641,2641,0.00271049199289501,0.0153506409727232
0.18966879336382,0.154589015384694,2642,2642,0.00438092090935657,0.0110113178845447
0.189076047175811,0.154971966920844,2643,2643,0.000705691095621018,0.0107103739102331
0.187849966318641,0.153401043854446,2644,2644,0.00199275526567118,0.0088424370266408
0.189713946625132,0.155287104978416,2645,2645,0.00265172569213684,0.0114164652158702
0.18739246009492,0.153311332365576,2646,2646,0.00304843847364619,0.00840135807238244
0.190299387165878,0.155578744837709,2647,2647,0.00368664947000058,0.0120663573266996
0.187551761539576,0.153157939402449,2648,2648,0.00366193194061438,0.00846342986868681
0.18914152011761,0.154953024597047,2649,2649,0.00239784553136642,0.0107545617417954
0.186967998119505,0.153241933529272,2650,2650,0.00276623038058389,0.00800193222442683
0.191485454630414,0.156702759853226,2651,2651,0.00569075848833268,0.0136754376132853
0.186618606225238,0.152945245799716,2652,2652,0.00614858725735386,0.00754918236402712
0.188395959873928,0.154859956729408,2653,2653,0.00261248998788426,0.0100858394400992
0.187490493157296,0.153697932546587,2654,2654,0.00147314974676386,0.00868668309058575
0.189045989461179,0.155266395433736,2655,2655,0.00220899175638121,0.0108513788206508
0.187931843449667,0.153930695467258,2656,2656,0.00173937222451636,0.0091841525751222
0.189755730035966,0.155893951252894,2657,2657,0.00267972676956309,0.0117931507949227
0.188039484298788,0.154104813675148,2658,2658,0.00247921614678544,0.00936833816384982
0.190219675487005,0.155954592365483,2659,2659,0.00285918079533237,0.0122080794439452
0.18952212068172,0.154733895457938,2660,2660,0.00140594581917909,0.0109593062647082
0.190267837868935,0.15610767729544,2661,2661,0.00156312848491689,0.0123348084597127
0.189551983876777,0.155030629661837,2662,2662,0.00129324341990906,0.0111413634923365
0.192824530719729,0.157430802616942,2663,2663,0.00405837320286477,0.0151932910436601
0.189956868638364,0.154749202160215,2664,2664,0.00392612618523904,0.0113408708692817
0.190701842045108,0.156397980002575,2665,2665,0.00180926884409527,0.0128568538630869
0.189745822651133,0.154843776668306,2666,2666,0.0018246975327185,0.0112075730396569
0.191864199900962,0.156765678618663,2667,2667,0.00286028482486936,0.0140254034734254
0.188918952834853,0.154529333201873,2668,2668,0.00369806991599942,0.0103384775298497
0.192140776471313,0.157155870126485,2669,2669,0.0041567828618782,0.0144721094992053
0.188806902549572,0.154281425579432,2670,2670,0.0044019480664987,0.0101131377414415
0.189667329163608,0.155873526741904,2671,2671,0.00180972928077297,0.0117093689081914
0.186167798784523,0.153058241900582,2672,2672,0.00449138526647587,0.00722900459332721
0.187897732387523,0.154954984115241,2673,2673,0.00256715821476951,0.00974029827364
0.185892600198349,0.152978597732199,2674,2674,0.00281543215708236,0.0069564059274756
0.187966257295513,0.154937063972005,2675,2675,0.00285230499229607,0.00978406688575372
0.186486617392276,0.153360342126171,2676,2676,0.00216226409635395,0.00766223280693003
0.184657491943704,0.152954844961449,2677,2677,0.00187353352177396,0.00596280658179925
0.180546125711624,0.149517108249047,2678,2678,0.00535923184776396,0.00061239207910832
0.1833336522129,0.151995699451028,2679,2679,0.00373010969568626,0.0043366770760449
0.181780140447792,0.150421959699345,2680,2680,0.00221134701264974,0.00212971548893524
0.183008113270808,0.151821890731174,2681,2681,0.00186218263012643,0.0039809051477699
0.182583011777447,0.150869803647322,2682,2682,0.00104267976622519,0.00303708296901895
0.184555934009783,0.152794619956039,2683,2683,0.00275632725871659,0.00578134635924421
0.182583011777447,0.150869803647322,2684,2684,0.00275632725871659,0.00303708296901895
0.185646556916179,0.153158413754847,2685,2685,0.00382400902735718,0.00686108787959818
0.18339084158317,0.151162758747912,2686,2686,0.00301179192014937,0.00386716923448156
0.184914651748423,0.152658373735512,2687,2687,0.00213514908398962,0.00597562698539208
0.183450900757908,0.151244062991161,2688,2688,0.00203539722015616,0.00396208320926116
0.185719234529659,0.153265810084852,2689,2689,0.00303855218992813,0.00698375777758394
0.183030226934619,0.150969158643414,2690,2690,0.00353629321318827,0.00345957421643493
0.184518887370784,0.152520832987873,2691,2691,0.00215030304037709,0.00557870290487037
0.18160755115575,0.149984183269804,2692,2692,0.00386140781958481,0.00172966920431475
0.183792313118705,0.151958978212398,2693,2693,0.00294499573854804,0.00466033838974147
0.180874032001886,0.149417526014843,2694,2694,0.00386979895462691,0.000809944630921815
0.18306341011375,0.151395248537052,2695,2695,0.00295038351601321,0.00373903696394152
0.180261514130406,0.148909869279382,2696,2696,0.00374536128510172,0.000174144225226202
0.182455549440317,0.150890164367039,2697,2697,0.00295556417208863,0.00294881891091865
0.180997901626803,0.149478574291319,2698,2698,0.002029118944299,0.000948022763838673
0.183187279738667,0.151455911926587,2699,2699,0.00295012552962673,0.00387364784711448
0.180997901626803,0.149478574291319,2700,2700,0.00295012552962673,0.000948022763838673
0.183187279738667,0.151455911926587,2701,2701,0.00295012552962673,0.00387364784711448
0.180997901626803,0.149478574291319,2702,2702,0.00295012552962673,0.000948022763838673
0.183187279738667,0.151455911926587,2703,2703,0.00295012552962673,0.00387364784711448
0.18108087615817,0.149530970714632,2704,2704,0.00285347765251656,0.001045793253922
0.183400235217307,0.151572255955687,2705,2705,0.00308970417363065,0.00411297334413048
0.180343263755953,0.148961565168101,2706,2706,0.00402004737583006,0.00020764657674362
0.182543453246504,0.15094526413377,2707,2707,0.0029624137760826,0.00305189766789152
0.180343263755953,0.148961565168101,2708,2708,0.0029624137760826,0.00020764657674362
0.182543453246504,0.15094526413377,2709,2709,0.0029624137760826,0.00305189766789152
0.180343263755953,0.148961565168101,2710,2710,0.0029624137760826,0.00020764657674362
0.182543453246504,0.15094526413377,2711,2711,0.0029624137760826,0.00305189766789152
0.180138121571946,0.148848945844552,2712,2712,0.00319063799800911,0.000198478340050162
0.182332156881857,0.150829626885472,2713,2713,0.00295582278342193,0.00281482298244475
0.180343263755953,0.148961565168101,2714,2714,0.00272861694749815,0.00020764657674362
0.182543453246504,0.15094526413377,2715,2715,0.0029624137760826,0.00305189766789152
0.180343263755953,0.148961565168101,2716,2716,0.0029624137760826,0.00020764657674362
0.182543453246504,0.15094526413377,2717,2717,0.0029624137760826,0.00305189766789152
0.180343263755953,0.148961565168101,2718,2718,0.0029624137760826,0.00020764657674362
0.182543453246504,0.15094526413377,2719,2719,0.0029624137760826,0.00305189766789152
0.181204745783087,0.149591932534949,2720,2720,0.00190358716348246,0.00118381617658896
0.183400235217307,0.151572255955687,2721,2721,0.00295666276509457,0.00411297334413048
0.180997901626803,0.149478574291319,2722,2722,0.00318664550770501,0.000948022763838673
0.183187279738667,0.151455911926587,2723,2723,0.00295012552962673,0.00387364784711448
0.180997901626803,0.149478574291319,2724,2724,0.00295012552962673,0.000948022763838673
0.183187279738667,0.151455911926587,2725,2725,0.00295012552962673,0.00387364784711448
0.180997901626803,0.149478574291319,2726,2726,0.00295012552962673,0.000948022763838673
0.183187279738667,0.151455911926587,2727,2727,0.00295012552962673,0.00387364784711448
0.180138121571946,0.148848945844552,2728,2728,0.00401168763471923,0.000198478340050162
0.182332156881857,0.150829626885472,2729,2729,0.00295582278342193,0.00281482298244475
0.180874032001886,0.149417526014843,2730,2730,0.002029816995303,0.000809944630921815
0.18306341011375,0.151395248537052,2731,2731,0.00295038351601321,0.00373903696394152
0.180874032001886,0.149417526014843,2732,2732,0.00295038351601321,0.000809944630921815
0.18306341011375,0.151395248537052,2733,2733,0.00295038351601321,0.00373903696394152
0.180874032001886,0.149417526014843,2734,2734,0.00295038351601321,0.000809944630921815
0.18306341011375,0.151395248537052,2735,2735,0.00295038351601321,0.00373903696394152
0.181677958287041,0.149855874312667,2736,2736,0.00207102625932948,0.00172549064540626
0.183738969733579,0.151769745232128,2737,2737,0.00281259134591511,0.00450189707863414
0.1808123149646,0.149335443942387,2738,2738,0.00380672180570352,0.000718894293012296
0.183090033535665,0.1513592205102,2739,2739,0.00304691212301917,0.00373739285819166
0.1808123149646,0.149335443942387,2740,2740,0.00304691212301917,0.000718894293012296
0.183090033535665,0.1513592205102,2741,2741,0.00304691212301917,0.00373739285819166
0.180926256775436,0.149389953513028,2742,2742,0.00292573791961191,0.000845144906010966
0.183090033535665,0.1513592205102,2743,2743,0.00292573791961191,0.00373739285819166
0.180138121571946,0.148848945844552,2744,2744,0.00387495330791752,0.000198478340050162
0.182332156881857,0.150829626885472,2745,2745,0.00295582278342193,0.00281482298244475
0.180657613967394,0.14915417452087,2746,2746,0.00236880446606009,0.000515017657665496
0.182832646675384,0.151128864833644,2747,2747,0.00293771494740095,0.00339273040691568
0.180343263755953,0.148961565168101,2748,2748,0.00330063859878843,0.00020764657674362
0.182543453246504,0.15094526413377,2749,2749,0.0029624137760826,0.00305189766789152
0.180343263755953,0.148961565168101,2750,2750,0.0029624137760826,0.00020764657674362
0.182543453246504,0.15094526413377,2751,2751,0.0029624137760826,0.00305189766789152
0.181084474612867,0.149421339227044,2752,2752,0.00210973120912335,0.0010031076486485
0.182801549370586,0.151021633370391,2753,2753,0.0023471870545033,0.0033030222128804
0.180879899611284,0.149309493757384,2754,2754,0.00257374432526945,0.000772052189046265
0.182585889602764,0.150904323767016,2755,2755,0.00233535534997438,0.00306021484199696
0.180830000459836,0.149271719806842,2756,2756,0.00239761180615793,0.000712518758369613
0.182585889602764,0.150904323767016,2757,2757,0.00239761180615793,0.00306021484199696
0.180830000459836,0.149271719806842,2758,2758,0.00239761180615793,0.000712518758369613
0.182585889602764,0.150904323767016,2759,2759,0.00239761180615793,0.00306021484199696
0.180091793408957,0.148702055531882,2760,2760,0.00332723627105762,0.000350291682242616
0.181852264210627,0.150337390899291,2761,2761,0.00240282733616715,0.00213307963177292
0.18089012698969,0.149249311384027,2762,2762,0.0014524548404171,0.000763558283554946
0.182587269406654,0.150867874671525,2763,2763,0.00234521630113181,0.0030393331698372
0.18089012698969,0.149249311384027,2764,2764,0.00234521630113181,0.000763558283554946
0.182697028712141,0.150921569405086,2765,2765,0.00246197902582286,0.0031594632059992
0.181003488727044,0.149303335629105,2766,2766,0.00234238302479448,0.000887462074894404
0.182697028712141,0.150921569405086,2767,2767,0.00234238302479448,0.0031594632059992
0.18120768008499,0.149395201404816,2768,2768,0.0021325943368216,0.00110986858993661
0.182930914580517,0.15102535146838,2769,2769,0.0023721143219312,0.00340975274698413
0.180392860814539,0.148912989769536,2770,2770,0.00330208856115809,0.000273859389467356
0.182504052621112,0.150804786331002,2771,2771,0.00283478836496009,0.00293490742492787
0.180392860814539,0.148912989769536,2772,2772,0.00283478836496009,0.000273859389467356
0.182504052621112,0.150804786331002,2773,2773,0.00283478836496009,0.00293490742492787
0.180515771805783,0.148973433326339,2774,2774,0.00270316748062266,0.000369218580974027
0.182504052621112,0.150804786331002,2775,2775,0.00270316748062266,0.00293490742492787
0.180141125377981,0.148739486572723,2776,2776,0.00313829384345647,0.000307574283217715
0.182353241254769,0.150726431557867,2777,2777,0.00297345035713121,0.00276734820872454
0.180337694992486,0.148808176282788,2778,2778,0.00278246833508918,0.000301187568240331
0.182566654634186,0.150800060956104,2779,2779,0.00298929182853116,0.00298249145951355
0.180337694992486,0.148808176282788,2780,2780,0.00298929182853116,0.000301187568240331
0.182566654634186,0.150800060956104,2781,2781,0.00298929182853116,0.00298249145951355
0.180337694992486,0.148808176282788,2782,2782,0.00298929182853116,0.000301187568240331
0.182566654634186,0.150800060956104,2783,2783,0.00298929182853116,0.00298249145951355
0.180161213445862,0.148737864040993,2784,2784,0.00316840708040839,0.00030901699894815
0.182478896532581,0.150746954757668,2785,2785,0.00306726268817888,0.00288029226595068
0.179918194227087,0.148583576647479,2786,2786,0.00335222331371405,0.000519745425282113
0.182100286457875,0.150547905209803,2787,2787,0.00293600292990797,0.00245798591360622
0.179399797006536,0.148278424633944,2788,2788,0.00352748995193437,0.00107660879820687
0.180908032712957,0.149815165038625,2789,2789,0.00215321759641369,0.00107660879820683
0.179399797006536,0.148278424633944,2790,2790,0.00215321759641369,0.00107660879820687
0.180908032712957,0.149815165038625,2791,2791,0.00215321759641369,0.00107660879820683
0.179399797006536,0.148278424633944,2792,2792,0.00215321759641369,0.00107660879820687
0.180908032712957,0.149815165038625,2793,2793,0.00215321759641369,0.00107660879820683
0.179399797006536,0.148278424633944,2794,2794,0.00215321759641369,0.00107660879820687
0.180908032712957,0.149815165038625,2795,2795,0.00215321759641369,0.00107660879820683
0.179399797006536,0.148278424633944,2796,2796,0.00215321759641369,0.00107660879820687
0.180908032712957,0.149815165038625,2797,2797,0.00215321759641369,0.00107660879820683
0.179399797006536,0.148278424633944,2798,2798,0.00215321759641369,0.00107660879820687
0.180908032712957,0.149815165038625,2799,2799,0.00215321759641369,0.00107660879820683
0.179399797006536,0.148278424633944,2800,2800,0.00215321759641369,0.00107660879820687
0.180908032712957,0.149815165038625,2801,2801,0.00215321759641369,0.00107660879820683
0.179399797006536,0.148278424633944,2802,2802,0.00215321759641369,0.00107660879820687
0.180908032712957,0.149815165038625,2803,2803,0.00215321759641369,0.00107660879820683
0.179399797006536,0.148278424633944,2804,2804,0.00215321759641369,0.00107660879820687
0.180908032712957,0.149815165038625,2805,2805,0.00215321759641369,0.00107660879820683
0.179399797006536,0.148278424633944,2806,2806,0.00215321759641369,0.00107660879820687
0.180908032712957,0.149815165038625,2807,2807,0.00215321759641369,0.00107660879820683
0.179399797006536,0.148278424633944,2808,2808,0.00215321759641369,0.00107660879820687
0.180908032712957,0.149815165038625,2809,2809,0.00215321759641369,0.00107660879820683
0.179399797006536,0.148278424633944,2810,2810,0.00215321759641369,0.00107660879820687
0.180908032712957,0.149815165038625,2811,2811,0.00215321759641369,0.00107660879820683
0.179399797006536,0.148278424633944,2812,2812,0.00215321759641369,0.00107660879820687
0.180908032712957,0.149815165038625,2813,2813,0.00215321759641369,0.00107660879820683
0.179399797006536,0.148278424633944,2814,2814,0.00215321759641369,0.00107660879820687
0.180908032712957,0.149815165038625,2815,2815,0.00215321759641369,0.00107660879820683
0.179399797006536,0.148278424633944,2816,2816,0.00215321759641369,0.00107660879820687
0.180908032712957,0.149815165038625,2817,2817,0.00215321759641369,0.00107660879820683
0.179399797006536,0.148278424633944,2818,2818,0.00215321759641369,0.00107660879820687
0.180908032712957,0.149815165038625,2819,2819,0.00215321759641369,0.00107660879820683
0.179399797006536,0.148278424633944,2820,2820,0.00215321759641369,0.00107660879820687
0.180908032712957,0.149815165038625,2821,2821,0.00215321759641369,0.00107660879820683
0.179399797006536,0.148278424633944,2822,2822,0.00215321759641369,0.00107660879820687
0.180908032712957,0.149815165038625,2823,2823,0.00215321759641369,0.00107660879820683
0.179399797006536,0.148278424633944,2824,2824,0.00215321759641369,0.00107660879820687
0.180908032712957,0.149815165038625,2825,2825,0.00215321759641369,0.00107660879820683
0.179399797006536,0.148278424633944,2826,2826,0.00215321759641369,0.00107660879820687
0.180908032712957,0.149815165038625,2827,2827,0.00215321759641369,0.00107660879820683
0.179399797006536,0.148278424633944,2828,2828,0.00215321759641369,0.00107660879820687
0.180908032712957,0.149815165038625,2829,2829,0.00215321759641369,0.00107660879820683
0.179399797006536,0.148278424633944,2830,2830,0.00215321759641369,0.00107660879820687
0.180908032712957,0.149815165038625,2831,2831,0.00215321759641369,0.00107660879820683
0.179399797006536,0.148278424633944,2832,2832,0.00215321759641369,0.00107660879820687
0.180908032712957,0.149815165038625,2833,2833,0.00215321759641369,0.00107660879820683
0.179399797006536,0.148278424633944,2834,2834,0.00215321759641369,0.00107660879820687
0.180908032712957,0.149815165038625,2835,2835,0.00215321759641369,0.00107660879820683
0.179399797006536,0.148278424633944,2836,2836,0.00215321759641369,0.00107660879820687
0.180908032712957,0.149815165038625,2837,2837,0.00215321759641369,0.00107660879820683
0.179399797006536,0.148278424633944,2838,2838,0.00215321759641369,0.00107660879820687
0.180908032712957,0.149815165038625,2839,2839,0.00215321759641369,0.00107660879820683
0.179399797006536,0.148278424633944,2840,2840,0.00215321759641369,0.00107660879820687
0.180908032712957,0.149815165038625,2841,2841,0.00215321759641369,0.00107660879820683
0.179399797006536,0.148278424633944,2842,2842,0.00215321759641369,0.00107660879820687
0.180908032712957,0.149815165038625,2843,2843,0.00215321759641369,0.00107660879820683
0.179399797006536,0.148278424633944,2844,2844,0.00215321759641369,0.00107660879820687
0.180908032712957,0.149815165038625,2845,2845,0.00215321759641369,0.00107660879820683
0.179399797006536,0.148278424633944,2846,2846,0.00215321759641369,0.00107660879820687
0.180908032712957,0.149815165038625,2847,2847,0.00215321759641369,0.00107660879820683
0.179399797006536,0.148278424633944,2848,2848,0.00215321759641369,0.00107660879820687
0.180908032712957,0.149815165038625,2849,2849,0.00215321759641369,0.00107660879820683
0.179399797006536,0.148278424633944,2850,2850,0.00215321759641369,0.00107660879820687
0.180908032712957,0.149815165038625,2851,2851,0.00215321759641369,0.00107660879820683
0.179399797006536,0.148278424633944,2852,2852,0.00215321759641369,0.00107660879820687
0.180908032712957,0.149815165038625,2853,2853,0.00215321759641369,0.00107660879820683
0.179399797006536,0.148278424633944,2854,2854,0.00215321759641369,0.00107660879820687
0.180908032712957,0.149815165038625,2855,2855,0.00215321759641369,0.00107660879820683
0.179399797006536,0.148278424633944,2856,2856,0.00215321759641369,0.00107660879820687
0.180908032712957,0.149815165038625,2857,2857,0.00215321759641369,0.00107660879820683
0.179399797006536,0.148278424633944,2858,2858,0.00215321759641369,0.00107660879820687
0.180908032712957,0.149815165038625,2859,2859,0.00215321759641369,0.00107660879820683
0.179399797006536,0.148278424633944,2860,2860,0.00215321759641369,0.00107660879820687
0.180908032712957,0.149815165038625,2861,2861,0.00215321759641369,0.00107660879820683
0.179399797006536,0.148278424633944,2862,2862,0.00215321759641369,0.00107660879820687
0.180908032712957,0.149815165038625,2863,2863,0.00215321759641369,0.00107660879820683
0.179399797006536,0.148278424633944,2864,2864,0.00215321759641369,0.00107660879820687
0.180908032712957,0.149815165038625,2865,2865,0.00215321759641369,0.00107660879820683
0.179399797006536,0.148278424633944,2866,2866,0.00215321759641369,0.00107660879820687
0.180908032712957,0.149815165038625,2867,2867,0.00215321759641369,0.00107660879820683
0.179399797006536,0.148278424633944,2868,2868,0.00215321759641369,0.00107660879820687
0.180908032712957,0.149815165038625,2869,2869,0.00215321759641369,0.00107660879820683
0.179399797006536,0.148278424633944,2870,2870,0.00215321759641369,0.00107660879820687
0.180908032712957,0.149815165038625,2871,2871,0.00215321759641369,0.00107660879820683
0.179399797006536,0.148278424633944,2872,2872,0.00215321759641369,0.00107660879820687
0.180908032712957,0.149815165038625,2873,2873,0.00215321759641369,0.00107660879820683
0.179399797006536,0.148278424633944,2874,2874,0.00215321759641369,0.00107660879820687
0.180908032712957,0.149815165038625,2875,2875,0.00215321759641369,0.00107660879820683
0.179399797006536,0.148278424633944,2876,2876,0.00215321759641369,0.00107660879820687
0.180908032712957,0.149815165038625,2877,2877,0.00215321759641369,0.00107660879820683
0.179399797006536,0.148278424633944,2878,2878,0.00215321759641369,0.00107660879820687
0.180908032712957,0.149815165038625,2879,2879,0.00215321759641369,0.00107660879820683
0.179399797006536,0.148278424633944,2880,2880,0.00215321759641369,0.00107660879820687
0.180908032712957,0.149815165038625,2881,2881,0.00215321759641369,0.00107660879820683
0.179399797006536,0.148278424633944,2882,2882,0.00215321759641369,0.00107660879820687
0.180908032712957,0.149815165038625,2883,2883,0.00215321759641369,0.00107660879820683
0.179399797006536,0.148278424633944,2884,2884,0.00215321759641369,0.00107660879820687
0.180908032712957,0.149815165038625,2885,2885,0.00215321759641369,0.00107660879820683
0.179399797006536,0.148278424633944,2886,2886,0.00215321759641369,0.00107660879820687
0.180908032712957,0.149815165038625,2887,2887,0.00215321759641369,0.00107660879820683
0.179399797006536,0.148278424633944,2888,2888,0.00215321759641369,0.00107660879820687
0.180908032712957,0.149815165038625,2889,2889,0.00215321759641369,0.00107660879820683
0.179399797006536,0.148278424633944,2890,2890,0.00215321759641369,0.00107660879820687
0.180908032712957,0.149815165038625,2891,2891,0.00215321759641369,0.00107660879820683
0.179399797006536,0.148278424633944,2892,2892,0.00215321759641369,0.00107660879820687
0.180908032712957,0.149815165038625,2893,2893,0.00215321759641369,0.00107660879820683
0.179399797006536,0.148278424633944,2894,2894,0.00215321759641369,0.00107660879820687
0.180908032712957,0.149815165038625,2895,2895,0.00215321759641369,0.00107660879820683
0.179399797006536,0.148278424633944,2896,2896,0.00215321759641369,0.00107660879820687
0.180908032712957,0.149815165038625,2897,2897,0.00215321759641369,0.00107660879820683
0.179399797006536,0.148278424633944,2898,2898,0.00215321759641369,0.00107660879820687
0.180908032712957,0.149815165038625,2899,2899,0.00215321759641369,0.00107660879820683
0.179399797006536,0.148278424633944,2900,2900,0.00215321759641369,0.00107660879820687
0.180908032712957,0.149815165038625,2901,2901,0.00215321759641369,0.00107660879820683
0.179399797006536,0.148278424633944,2902,2902,0.00215321759641369,0.00107660879820687
0.180908032712957,0.149815165038625,2903,2903,0.00215321759641369,0.00107660879820683
0.179399797006536,0.148278424633944,2904,2904,0.00215321759641369,0.00107660879820687
0.180908032712957,0.149815165038625,2905,2905,0.00215321759641369,0.00107660879820683
0.179399797006536,0.148278424633944,2906,2906,0.00215321759641369,0.00107660879820687
0.180908032712957,0.149815165038625,2907,2907,0.00215321759641369,0.00107660879820683
0.179399797006536,0.148278424633944,2908,2908,0.00215321759641369,0.00107660879820687
0.180908032712957,0.149815165038625,2909,2909,0.00215321759641369,0.00107660879820683
0.179399797006536,0.148278424633944,2910,2910,0.00215321759641369,0.00107660879820687
0.180908032712957,0.149815165038625,2911,2911,0.00215321759641369,0.00107660879820683
0.179399797006536,0.148278424633944,2912,2912,0.00215321759641369,0.00107660879820687
0.180908032712957,0.149815165038625,2913,2913,0.00215321759641369,0.00107660879820683
0.179399797006536,0.148278424633944,2914,2914,0.00215321759641369,0.00107660879820687
0.180908032712957,0.149815165038625,2915,2915,0.00215321759641369,0.00107660879820683
0.179399797006536,0.148278424633944,2916,2916,0.00215321759641369,0.00107660879820687
0.180908032712957,0.149815165038625,2917,2917,0.00215321759641369,0.00107660879820683
0.179399797006536,0.148278424633944,2918,2918,0.00215321759641369,0.00107660879820687
0.180908032712957,0.149815165038625,2919,2919,0.00215321759641369,0.00107660879820683
0.179399797006536,0.148278424633944,2920,2920,0.00215321759641369,0.00107660879820687
0.180908032712957,0.149815165038625,2921,2921,0.00215321759641369,0.00107660879820683
0.179399797006536,0.148278424633944,2922,2922,0.00215321759641369,0.00107660879820687
0.180908032712957,0.149815165038625,2923,2923,0.00215321759641369,0.00107660879820683
0.179399797006536,0.148278424633944,2924,2924,0.00215321759641369,0.00107660879820687
0.180908032712957,0.149815165038625,2925,2925,0.00215321759641369,0.00107660879820683
0.179399797006536,0.148278424633944,2926,2926,0.00215321759641369,0.00107660879820687
0.180908032712957,0.149815165038625,2927,2927,0.00215321759641369,0.00107660879820683
0.179399797006536,0.148278424633944,2928,2928,0.00215321759641369,0.00107660879820687
0.180908032712957,0.149815165038625,2929,2929,0.00215321759641369,0.00107660879820683
0.179399797006536,0.148278424633944,2930,2930,0.00215321759641369,0.00107660879820687
0.180908032712957,0.149815165038625,2931,2931,0.00215321759641369,0.00107660879820683
0.179399797006536,0.148278424633944,2932,2932,0.00215321759641369,0.00107660879820687
0.180908032712957,0.149815165038625,2933,2933,0.00215321759641369,0.00107660879820683
0.179399797006536,0.148278424633944,2934,2934,0.00215321759641369,0.00107660879820687
0.180908032712957,0.149815165038625,2935,2935,0.00215321759641369,0.00107660879820683
0.179399797006536,0.148278424633944,2936,2936,0.00215321759641369,0.00107660879820687
0.180908032712957,0.149815165038625,2937,2937,0.00215321759641369,0.00107660879820683
0.179399797006536,0.148278424633944,2938,2938,0.00215321759641369,0.00107660879820687
0.180908032712957,0.149815165038625,2939,2939,0.00215321759641369,0.00107660879820683
0.179399797006536,0.148278424633944,2940,2940,0.00215321759641369,0.00107660879820687
0.180908032712957,0.149815165038625,2941,2941,0.00215321759641369,0.00107660879820683
0.179399797006536,0.148278424633944,2942,2942,0.00215321759641369,0.00107660879820687
0.180908032712957,0.149815165038625,2943,2943,0.00215321759641369,0.00107660879820683
0.179399797006536,0.148278424633944,2944,2944,0.00215321759641369,0.00107660879820687
0.180908032712957,0.149815165038625,2945,2945,0.00215321759641369,0.00107660879820683
0.179399797006536,0.148278424633944,2946,2946,0.00215321759641369,0.00107660879820687
0.180908032712957,0.149815165038625,2947,2947,0.00215321759641369,0.00107660879820683
0.179399797006536,0.148278424633944,2948,2948,0.00215321759641369,0.00107660879820687
0.180908032712957,0.149815165038625,2949,2949,0.00215321759641369,0.00107660879820683
0.179399797006536,0.148278424633944,2950,2950,0.00215321759641369,0.00107660879820687
0.180908032712957,0.149815165038625,2951,2951,0.00215321759641369,0.00107660879820683
0.179399797006536,0.148278424633944,2952,2952,0.00215321759641369,0.00107660879820687
0.180908032712957,0.149815165038625,2953,2953,0.00215321759641369,0.00107660879820683
0.179399797006536,0.148278424633944,2954,2954,0.00215321759641369,0.00107660879820687
0.180908032712957,0.149815165038625,2955,2955,0.00215321759641369,0.00107660879820683
0.179399797006536,0.148278424633944,2956,2956,0.00215321759641369,0.00107660879820687
0.180908032712957,0.149815165038625,2957,2957,0.00215321759641369,0.00107660879820683
0.179399797006536,0.148278424633944,2958,2958,0.00215321759641369,0.00107660879820687
0.180908032712957,0.149815165038625,2959,2959,0.00215321759641369,0.00107660879820683
0.179399797006536,0.148278424633944,2960,2960,0.00215321759641369,0.00107660879820687
0.180908032712957,0.149815165038625,2961,2961,0.00215321759641369,0.00107660879820683
0.179399797006536,0.148278424633944,2962,2962,0.00215321759641369,0.00107660879820687
0.180908032712957,0.149815165038625,2963,2963,0.00215321759641369,0.00107660879820683
0.179399797006536,0.148278424633944,2964,2964,0.00215321759641369,0.00107660879820687
0.180908032712957,0.149815165038625,2965,2965,0.00215321759641369,0.00107660879820683
0.179399797006536,0.148278424633944,2966,2966,0.00215321759641369,0.00107660879820687
0.180908032712957,0.149815165038625,2967,2967,0.00215321759641369,0.00107660879820683
0.179399797006536,0.148278424633944,2968,2968,0.00215321759641369,0.00107660879820687
0.180908032712957,0.149815165038625,2969,2969,0.00215321759641369,0.00107660879820683
0.179399797006536,0.148278424633944,2970,2970,0.00215321759641369,0.00107660879820687
0.180908032712957,0.149815165038625,2971,2971,0.00215321759641369,0.00107660879820683
0.179399797006536,0.148278424633944,2972,2972,0.00215321759641369,0.00107660879820687
0.180908032712957,0.149815165038625,2973,2973,0.00215321759641369,0.00107660879820683
0.179399797006536,0.148278424633944,2974,2974,0.00215321759641369,0.00107660879820687
0.180908032712957,0.149815165038625,2975,2975,0.00215321759641369,0.00107660879820683
0.179399797006536,0.148278424633944,2976,2976,0.00215321759641369,0.00107660879820687
0.180908032712957,0.149815165038625,2977,2977,0.00215321759641369,0.00107660879820683
0.179399797006536,0.148278424633944,2978,2978,0.00215321759641369,0.00107660879820687
0.180908032712957,0.149815165038625,2979,2979,0.00215321759641369,0.00107660879820683
0.179399797006536,0.148278424633944,2980,2980,0.00215321759641369,0.00107660879820687
0.180908032712957,0.149815165038625,2981,2981,0.00215321759641369,0.00107660879820683
0.179399797006536,0.148278424633944,2982,2982,0.00215321759641369,0.00107660879820687
0.180908032712957,0.149815165038625,2983,2983,0.00215321759641369,0.00107660879820683
0.179399797006536,0.148278424633944,2984,2984,0.00215321759641369,0.00107660879820687
0.180908032712957,0.149815165038625,2985,2985,0.00215321759641369,0.00107660879820683
0.179399797006536,0.148278424633944,2986,2986,0.00215321759641369,0.00107660879820687
0.180908032712957,0.149815165038625,2987,2987,0.00215321759641369,0.00107660879820683
0.179399797006536,0.148278424633944,2988,2988,0.00215321759641369,0.00107660879820687
0.180908032712957,0.149815165038625,2989,2989,0.00215321759641369,0.00107660879820683
0.179399797006536,0.148278424633944,2990,2990,0.00215321759641369,0.00107660879820687
0.180908032712957,0.149815165038625,2991,2991,0.00215321759641369,0.00107660879820683
0.179399797006536,0.148278424633944,2992,2992,0.00215321759641369,0.00107660879820687
0.180908032712957,0.149815165038625,2993,2993,0.00215321759641369,0.00107660879820683
0.179399797006536,0.148278424633944,2994,2994,0.00215321759641369,0.00107660879820687
0.180908032712957,0.149815165038625,2995,2995,0.00215321759641369,0.00107660879820683
0.179399797006536,0.148278424633944,2996,2996,0.00215321759641369,0.00107660879820687
0.180908032712957,0.149815165038625,2997,2997,0.00215321759641369,0.00107660879820683
0.179399797006536,0.148278424633944,2998,2998,0.00215321759641369,0.00107660879820687
0.180908032712957,0.149815165038625,2999,2999,0.00215321759641369,0.00107660879820683
0.179399797006536,0.148278424633944,3000,3000,0.00215321759641369,0.00107660879820687
0.180908032712957,0.149815165038625,3001,3001,0.00215321759641369,0.00107660879820683
0.179399797006536,0.148278424633944,3002,3002,0.00215321759641369,0.00107660879820687
0.180908032712957,0.149815165038625,3003,3003,0.00215321759641369,0.00107660879820683
0.179399797006536,0.148278424633944,3004,3004,0.00215321759641369,0.00107660879820687
0.180908032712957,0.149815165038625,3005,3005,0.00215321759641369,0.00107660879820683
0.179399797006536,0.148278424633944,3006,3006,0.00215321759641369,0.00107660879820687
0.180908032712957,0.149815165038625,3007,3007,0.00215321759641369,0.00107660879820683
0.179399797006536,0.148278424633944,3008,3008,0.00215321759641369,0.00107660879820687
0.180908032712957,0.149815165038625,3009,3009,0.00215321759641369,0.00107660879820683
0.179399797006536,0.148278424633944,3010,3010,0.00215321759641369,0.00107660879820687
0.180908032712957,0.149815165038625,3011,3011,0.00215321759641369,0.00107660879820683
0.179399797006536,0.148278424633944,3012,3012,0.00215321759641369,0.00107660879820687
0.180908032712957,0.149815165038625,3013,3013,0.00215321759641369,0.00107660879820683
0.179399797006536,0.148278424633944,3014,3014,0.00215321759641369,0.00107660879820687
0.180908032712957,0.149815165038625,3015,3015,0.00215321759641369,0.00107660879820683
0.179399797006536,0.148278424633944,3016,3016,0.00215321759641369,0.00107660879820687
0.180908032712957,0.149815165038625,3017,3017,0.00215321759641369,0.00107660879820683
0.179399797006536,0.148278424633944,3018,3018,0.00215321759641369,0.00107660879820687
0.180908032712957,0.149815165038625,3019,3019,0.00215321759641369,0.00107660879820683
0.179399797006536,0.148278424633944,3020,3020,0.00215321759641369,0.00107660879820687
0.180908032712957,0.149815165038625,3021,3021,0.00215321759641369,0.00107660879820683
0.179399797006536,0.148278424633944,3022,3022,0.00215321759641369,0.00107660879820687
0.180908032712957,0.149815165038625,3023,3023,0.00215321759641369,0.00107660879820683
0.179399797006536,0.148278424633944,3024,3024,0.00215321759641369,0.00107660879820687
0.180908032712957,0.149815165038625,3025,3025,0.00215321759641369,0.00107660879820683
0.179399797006536,0.148278424633944,3026,3026,0.00215321759641369,0.00107660879820687
0.180908032712957,0.149815165038625,3027,3027,0.00215321759641369,0.00107660879820683
0.179399797006536,0.148278424633944,3028,3028,0.00215321759641369,0.00107660879820687
0.180908032712957,0.149815165038625,3029,3029,0.00215321759641369,0.00107660879820683
0.179399797006536,0.148278424633944,3030,3030,0.00215321759641369,0.00107660879820687
0.180908032712957,0.149815165038625,3031,3031,0.00215321759641369,0.00107660879820683
0.179399797006536,0.148278424633944,3032,3032,0.00215321759641369,0.00107660879820687
0.180908032712957,0.149815165038625,3033,3033,0.00215321759641369,0.00107660879820683
0.179399797006536,0.148278424633944,3034,3034,0.00215321759641369,0.00107660879820687
0.180908032712957,0.149815165038625,3035,3035,0.00215321759641369,0.00107660879820683
0.179399797006536,0.148278424633944,3036,3036,0.00215321759641369,0.00107660879820687
0.180908032712957,0.149815165038625,3037,3037,0.00215321759641369,0.00107660879820683
0.179399797006536,0.148278424633944,3038,3038,0.00215321759641369,0.00107660879820687
0.180908032712957,0.149815165038625,3039,3039,0.00215321759641369,0.00107660879820683
0.179399797006536,0.148278424633944,3040,3040,0.00215321759641369,0.00107660879820687
0.180908032712957,0.149815165038625,3041,3041,0.00215321759641369,0.00107660879820683
0.179399797006536,0.148278424633944,3042,3042,0.00215321759641369,0.00107660879820687
0.180908032712957,0.149815165038625,3043,3043,0.00215321759641369,0.00107660879820683
0.179399797006536,0.148278424633944,3044,3044,0.00215321759641369,0.00107660879820687
0.180908032712957,0.149815165038625,3045,3045,0.00215321759641369,0.00107660879820683
0.179399797006536,0.148278424633944,3046,3046,0.00215321759641369,0.00107660879820687
0.180908032712957,0.149815165038625,3047,3047,0.00215321759641369,0.00107660879820683
0.179399797006536,0.148278424633944,3048,3048,0.00215321759641369,0.00107660879820687
0.180908032712957,0.149815165038625,3049,3049,0.00215321759641369,0.00107660879820683
0.179399797006536,0.148278424633944,3050,3050,0.00215321759641369,0.00107660879820687
0.180908032712957,0.149815165038625,3051,3051,0.00215321759641369,0.00107660879820683
0.179399797006536,0.148278424633944,3052,3052,0.00215321759641369,0.00107660879820687
0.180908032712957,0.149815165038625,3053,3053,0.00215321759641369,0.00107660879820683
0.179399797006536,0.148278424633944,3054,3054,0.00215321759641369,0.00107660879820687
0.180908032712957,0.149815165038625,3055,3055,0.00215321759641369,0.00107660879820683
0.179399797006536,0.148278424633944,3056,3056,0.00215321759641369,0.00107660879820687
0.180908032712957,0.149815165038625,3057,3057,0.00215321759641369,0.00107660879820683
0.179399797006536,0.148278424633944,3058,3058,0.00215321759641369,0.00107660879820687
0.180908032712957,0.149815165038625,3059,3059,0.00215321759641369,0.00107660879820683
0.179399797006536,0.148278424633944,3060,3060,0.00215321759641369,0.00107660879820687
0.180908032712957,0.149815165038625,3061,3061,0.00215321759641369,0.00107660879820683
0.179399797006536,0.148278424633944,3062,3062,0.00215321759641369,0.00107660879820687
0.180908032712957,0.149815165038625,3063,3063,0.00215321759641369,0.00107660879820683
0.179399797006536,0.148278424633944,3064,3064,0.00215321759641369,0.00107660879820687
0.180908032712957,0.149815165038625,3065,3065,0.00215321759641369,0.00107660879820683
0.179399797006536,0.148278424633944,3066,3066,0.00215321759641369,0.00107660879820687
0.180908032712957,0.149815165038625,3067,3067,0.00215321759641369,0.00107660879820683
0.179399797006536,0.148278424633944,3068,3068,0.00215321759641369,0.00107660879820687
0.180908032712957,0.149815165038625,3069,3069,0.00215321759641369,0.00107660879820683
0.179399797006536,0.148278424633944,3070,3070,0.00215321759641369,0.00107660879820687
0.180908032712957,0.149815165038625,3071,3071,0.00215321759641369,0.00107660879820683
0.179399797006536,0.148278424633944,3072,3072,0.00215321759641369,0.00107660879820687
0.180908032712957,0.149815165038625,3073,3073,0.00215321759641369,0.00107660879820683
0.179399797006536,0.148278424633944,3074,3074,0.00215321759641369,0.00107660879820687
0.180908032712957,0.149815165038625,3075,3075,0.00215321759641369,0.00107660879820683
0.179399797006536,0.148278424633944,3076,3076,0.00215321759641369,0.00107660879820687
0.180908032712957,0.149815165038625,3077,3077,0.00215321759641369,0.00107660879820683
0.179399797006536,0.148278424633944,3078,3078,0.00215321759641369,0.00107660879820687
0.180908032712957,0.149815165038625,3079,3079,0.00215321759641369,0.00107660879820683
0.179399797006536,0.148278424633944,3080,3080,0.00215321759641369,0.00107660879820687
0.180908032712957,0.149815165038625,3081,3081,0.00215321759641369,0.00107660879820683
0.179399797006536,0.148278424633944,3082,3082,0.00215321759641369,0.00107660879820687
0.180908032712957,0.149815165038625,3083,3083,0.00215321759641369,0.00107660879820683
0.179399797006536,0.148278424633944,3084,3084,0.00215321759641369,0.00107660879820687
0.180908032712957,0.149815165038625,3085,3085,0.00215321759641369,0.00107660879820683
0.179399797006536,0.148278424633944,3086,3086,0.00215321759641369,0.00107660879820687
0.180908032712957,0.149815165038625,3087,3087,0.00215321759641369,0.00107660879820683
0.179399797006536,0.148278424633944,3088,3088,0.00215321759641369,0.00107660879820687
0.180908032712957,0.149815165038625,3089,3089,0.00215321759641369,0.00107660879820683
0.179399797006536,0.148278424633944,3090,3090,0.00215321759641369,0.00107660879820687
0.180908032712957,0.149815165038625,3091,3091,0.00215321759641369,0.00107660879820683
0.179399797006536,0.148278424633944,3092,3092,0.00215321759641369,0.00107660879820687
0.180908032712957,0.149815165038625,3093,3093,0.00215321759641369,0.00107660879820683
0.179399797006536,0.148278424633944,3094,3094,0.00215321759641369,0.00107660879820687
0.180908032712957,0.149815165038625,3095,3095,0.00215321759641369,0.00107660879820683
0.179399797006536,0.148278424633944,3096,3096,0.00215321759641369,0.00107660879820687
0.180908032712957,0.149815165038625,3097,3097,0.00215321759641369,0.00107660879820683
0.179399797006536,0.148278424633944,3098,3098,0.00215321759641369,0.00107660879820687
0.180908032712957,0.149815165038625,3099,3099,0.00215321759641369,0.00107660879820683
0.179399797006536,0.148278424633944,3100,3100,0.00215321759641369,0.00107660879820687
0.180908032712957,0.149815165038625,3101,3101,0.00215321759641369,0.00107660879820683
0.179399797006536,0.148278424633944,3102,3102,0.00215321759641369,0.00107660879820687
0.180908032712957,0.149815165038625,3103,3103,0.00215321759641369,0.00107660879820683
0.179399797006536,0.148278424633944,3104,3104,0.00215321759641369,0.00107660879820687
0.180908032712957,0.149815165038625,3105,3105,0.00215321759641369,0.00107660879820683
0.179399797006536,0.148278424633944,3106,3106,0.00215321759641369,0.00107660879820687
0.180908032712957,0.149815165038625,3107,3107,0.00215321759641369,0.00107660879820683
0.179399797006536,0.148278424633944,3108,3108,0.00215321759641369,0.00107660879820687
0.180908032712957,0.149815165038625,3109,3109,0.00215321759641369,0.00107660879820683
0.179399797006536,0.148278424633944,3110,3110,0.00215321759641369,0.00107660879820687
0.180908032712957,0.149815165038625,3111,3111,0.00215321759641369,0.00107660879820683
0.179399797006536,0.148278424633944,3112,3112,0.00215321759641369,0.00107660879820687
0.180908032712957,0.149815165038625,3113,3113,0.00215321759641369,0.00107660879820683
0.179399797006536,0.148278424633944,3114,3114,0.00215321759641369,0.00107660879820687
0.180908032712957,0.149815165038625,3115,3115,0.00215321759641369,0.00107660879820683
0.179399797006536,0.148278424633944,3116,3116,0.00215321759641369,0.00107660879820687
0.180908032712957,0.149815165038625,3117,3117,0.00215321759641369,0.00107660879820683
0.179399797006536,0.148278424633944,3118,3118,0.00215321759641369,0.00107660879820687
0.180908032712957,0.149815165038625,3119,3119,0.00215321759641369,0.00107660879820683
0.179399797006536,0.148278424633944,3120,3120,0.00215321759641369,0.00107660879820687
0.180908032712957,0.149815165038625,3121,3121,0.00215321759641369,0.00107660879820683
0.179399797006536,0.148278424633944,3122,3122,0.00215321759641369,0.00107660879820687
0.180908032712957,0.149815165038625,3123,3123,0.00215321759641369,0.00107660879820683
0.179399797006536,0.148278424633944,3124,3124,0.00215321759641369,0.00107660879820687
0.180908032712957,0.149815165038625,3125,3125,0.00215321759641369,0.00107660879820683
0.179399797006536,0.148278424633944,3126,3126,0.00215321759641369,0.00107660879820687
0.180908032712957,0.149815165038625,3127,3127,0.00215321759641369,0.00107660879820683
0.179399797006536,0.148278424633944,3128,3128,0.00215321759641369,0.00107660879820687
0.180908032712957,0.149815165038625,3129,3129,0.00215321759641369,0.00107660879820683
0.179399797006536,0.148278424633944,3130,3130,0.00215321759641369,0.00107660879820687
0.180908032712957,0.149815165038625,3131,3131,0.00215321759641369,0.00107660879820683
0.179399797006536,0.148278424633944,3132,3132,0.00215321759641369,0.00107660879820687
0.180908032712957,0.149815165038625,3133,3133,0.00215321759641369,0.00107660879820683
0.179399797006536,0.148278424633944,3134,3134,0.00215321759641369,0.00107660879820687
0.180908032712957,0.149815165038625,3135,3135,0.00215321759641369,0.00107660879820683
0.179399797006536,0.148278424633944,3136,3136,0.00215321759641369,0.00107660879820687
0.180908032712957,0.149815165038625,3137,3137,0.00215321759641369,0.00107660879820683
0.179399797006536,0.148278424633944,3138,3138,0.00215321759641369,0.00107660879820687
0.180908032712957,0.149815165038625,3139,3139,0.00215321759641369,0.00107660879820683
0.179399797006536,0.148278424633944,3140,3140,0.00215321759641369,0.00107660879820687
0.180908032712957,0.149815165038625,3141,3141,0.00215321759641369,0.00107660879820683
0.179399797006536,0.148278424633944,3142,3142,0.00215321759641369,0.00107660879820687
0.180908032712957,0.149815165038625,3143,3143,0.00215321759641369,0.00107660879820683
0.179399797006536,0.148278424633944,3144,3144,0.00215321759641369,0.00107660879820687
0.180908032712957,0.149815165038625,3145,3145,0.00215321759641369,0.00107660879820683
0.179399797006536,0.148278424633944,3146,3146,0.00215321759641369,0.00107660879820687
0.180908032712957,0.149815165038625,3147,3147,0.00215321759641369,0.00107660879820683
0.179399797006536,0.148278424633944,3148,3148,0.00215321759641369,0.00107660879820687
0.180908032712957,0.149815165038625,3149,3149,0.00215321759641369,0.00107660879820683
0.179399797006536,0.148278424633944,3150,3150,0.00215321759641369,0.00107660879820687
0.180908032712957,0.149815165038625,3151,3151,0.00215321759641369,0.00107660879820683
0.179399797006536,0.148278424633944,3152,3152,0.00215321759641369,0.00107660879820687
0.180908032712957,0.149815165038625,3153,3153,0.00215321759641369,0.00107660879820683
0.179399797006536,0.148278424633944,3154,3154,0.00215321759641369,0.00107660879820687
0.180908032712957,0.149815165038625,3155,3155,0.00215321759641369,0.00107660879820683
0.179399797006536,0.148278424633944,3156,3156,0.00215321759641369,0.00107660879820687
0.180908032712957,0.149815165038625,3157,3157,0.00215321759641369,0.00107660879820683
0.179399797006536,0.148278424633944,3158,3158,0.00215321759641369,0.00107660879820687
0.180908032712957,0.149815165038625,3159,3159,0.00215321759641369,0.00107660879820683
0.179399797006536,0.148278424633944,3160,3160,0.00215321759641369,0.00107660879820687
0.180908032712957,0.149815165038625,3161,3161,0.00215321759641369,0.00107660879820683
0.179399797006536,0.148278424633944,3162,3162,0.00215321759641369,0.00107660879820687
0.180908032712957,0.149815165038625,3163,3163,0.00215321759641369,0.00107660879820683
0.179399797006536,0.148278424633944,3164,3164,0.00215321759641369,0.00107660879820687
0.180908032712957,0.149815165038625,3165,3165,0.00215321759641369,0.00107660879820683
0.179399797006536,0.148278424633944,3166,3166,0.00215321759641369,0.00107660879820687
0.180908032712957,0.149815165038625,3167,3167,0.00215321759641369,0.00107660879820683
0.179399797006536,0.148278424633944,3168,3168,0.00215321759641369,0.00107660879820687
0.180908032712957,0.149815165038625,3169,3169,0.00215321759641369,0.00107660879820683
0.179399797006536,0.148278424633944,3170,3170,0.00215321759641369,0.00107660879820687
0.180908032712957,0.149815165038625,3171,3171,0.00215321759641369,0.00107660879820683
0.179399797006536,0.148278424633944,3172,3172,0.00215321759641369,0.00107660879820687
0.180908032712957,0.149815165038625,3173,3173,0.00215321759641369,0.00107660879820683
0.179399797006536,0.148278424633944,3174,3174,0.00215321759641369,0.00107660879820687
0.180908032712957,0.149815165038625,3175,3175,0.00215321759641369,0.00107660879820683
0.179399797006536,0.148278424633944,3176,3176,0.00215321759641369,0.00107660879820687
0.180908032712957,0.149815165038625,3177,3177,0.00215321759641369,0.00107660879820683
0.179399797006536,0.148278424633944,3178,3178,0.00215321759641369,0.00107660879820687
0.180908032712957,0.149815165038625,3179,3179,0.00215321759641369,0.00107660879820683
0.179399797006536,0.148278424633944,3180,3180,0.00215321759641369,0.00107660879820687
0.180908032712957,0.149815165038625,3181,3181,0.00215321759641369,0.00107660879820683
0.179399797006536,0.148278424633944,3182,3182,0.00215321759641369,0.00107660879820687
0.180908032712957,0.149815165038625,3183,3183,0.00215321759641369,0.00107660879820683
0.179399797006536,0.148278424633944,3184,3184,0.00215321759641369,0.00107660879820687
0.180908032712957,0.149815165038625,3185,3185,0.00215321759641369,0.00107660879820683
0.179399797006536,0.148278424633944,3186,3186,0.00215321759641369,0.00107660879820687
0.180908032712957,0.149815165038625,3187,3187,0.00215321759641369,0.00107660879820683
0.179399797006536,0.148278424633944,3188,3188,0.00215321759641369,0.00107660879820687
0.180908032712957,0.149815165038625,3189,3189,0.00215321759641369,0.00107660879820683
0.179399797006536,0.148278424633944,3190,3190,0.00215321759641369,0.00107660879820687
0.180908032712957,0.149815165038625,3191,3191,0.00215321759641369,0.00107660879820683
0.179399797006536,0.148278424633944,3192,3192,0.00215321759641369,0.00107660879820687
0.180908032712957,0.149815165038625,3193,3193,0.00215321759641369,0.00107660879820683
0.179399797006536,0.148278424633944,3194,3194,0.00215321759641369,0.00107660879820687
0.180908032712957,0.149815165038625,3195,3195,0.00215321759641369,0.00107660879820683
0.179399797006536,0.148278424633944,3196,3196,0.00215321759641369,0.00107660879820687
0.180908032712957,0.149815165038625,3197,3197,0.00215321759641369,0.00107660879820683
0.179399797006536,0.148278424633944,3198,3198,0.00215321759641369,0.00107660879820687
0.180908032712957,0.149815165038625,3199,3199,0.00215321759641369,0.00107660879820683
0.179399797006536,0.148278424633944,3200,3200,0.00215321759641369,0.00107660879820687
0.180908032712957,0.149815165038625,3201,3201,0.00215321759641369,0.00107660879820683
0.179399797006536,0.148278424633944,3202,3202,0.00215321759641369,0.00107660879820687
0.180908032712957,0.149815165038625,3203,3203,0.00215321759641369,0.00107660879820683
0.179399797006536,0.148278424633944,3204,3204,0.00215321759641369,0.00107660879820687
0.180908032712957,0.149815165038625,3205,3205,0.00215321759641369,0.00107660879820683
0.179399797006536,0.148278424633944,3206,3206,0.00215321759641369,0.00107660879820687
0.180908032712957,0.149815165038625,3207,3207,0.00215321759641369,0.00107660879820683
0.179399797006536,0.148278424633944,3208,3208,0.00215321759641369,0.00107660879820687
0.180908032712957,0.149815165038625,3209,3209,0.00215321759641369,0.00107660879820683
0.179399797006536,0.148278424633944,3210,3210,0.00215321759641369,0.00107660879820687
0.180908032712957,0.149815165038625,3211,3211,0.00215321759641369,0.00107660879820683
0.179399797006536,0.148278424633944,3212,3212,0.00215321759641369,0.00107660879820687
0.180908032712957,0.149815165038625,3213,3213,0.00215321759641369,0.00107660879820683
0.179399797006536,0.148278424633944,3214,3214,0.00215321759641369,0.00107660879820687
0.180908032712957,0.149815165038625,3215,3215,0.00215321759641369,0.00107660879820683
0.179399797006536,0.148278424633944,3216,3216,0.00215321759641369,0.00107660879820687
0.180908032712957,0.149815165038625,3217,3217,0.00215321759641369,0.00107660879820683
0.179399797006536,0.148278424633944,3218,3218,0.00215321759641369,0.00107660879820687
0.180908032712957,0.149815165038625,3219,3219,0.00215321759641369,0.00107660879820683
0.179399797006536,0.148278424633944,3220,3220,0.00215321759641369,0.00107660879820687
0.180908032712957,0.149815165038625,3221,3221,0.00215321759641369,0.00107660879820683
0.179399797006536,0.148278424633944,3222,3222,0.00215321759641369,0.00107660879820687
0.180908032712957,0.149815165038625,3223,3223,0.00215321759641369,0.00107660879820683
0.179399797006536,0.148278424633944,3224,3224,0.00215321759641369,0.00107660879820687
0.180908032712957,0.149815165038625,3225,3225,0.00215321759641369,0.00107660879820683
0.179399797006536,0.148278424633944,3226,3226,0.00215321759641369,0.00107660879820687
0.180908032712957,0.149815165038625,3227,3227,0.00215321759641369,0.00107660879820683
0.179399797006536,0.148278424633944,3228,3228,0.00215321759641369,0.00107660879820687
0.180908032712957,0.149815165038625,3229,3229,0.00215321759641369,0.00107660879820683
0.179399797006536,0.148278424633944,3230,3230,0.00215321759641369,0.00107660879820687
0.180908032712957,0.149815165038625,3231,3231,0.00215321759641369,0.00107660879820683
0.179399797006536,0.148278424633944,3232,3232,0.00215321759641369,0.00107660879820687
0.180908032712957,0.149815165038625,3233,3233,0.00215321759641369,0.00107660879820683
0.179399797006536,0.148278424633944,3234,3234,0.00215321759641369,0.00107660879820687
0.180908032712957,0.149815165038625,3235,3235,0.00215321759641369,0.00107660879820683
0.179399797006536,0.148278424633944,3236,3236,0.00215321759641369,0.00107660879820687
0.180908032712957,0.149815165038625,3237,3237,0.00215321759641369,0.00107660879820683
0.179399797006536,0.148278424633944,3238,3238,0.00215321759641369,0.00107660879820687
0.180908032712957,0.149815165038625,3239,3239,0.00215321759641369,0.00107660879820683
0.179399797006536,0.148278424633944,3240,3240,0.00215321759641369,0.00107660879820687
0.180908032712957,0.149815165038625,3241,3241,0.00215321759641369,0.00107660879820683
0.179399797006536,0.148278424633944,3242,3242,0.00215321759641369,0.00107660879820687
0.180908032712957,0.149815165038625,3243,3243,0.00215321759641369,0.00107660879820683
0.179399797006536,0.148278424633944,3244,3244,0.00215321759641369,0.00107660879820687
0.180908032712957,0.149815165038625,3245,3245,0.00215321759641369,0.00107660879820683
0.179399797006536,0.148278424633944,3246,3246,0.00215321759641369,0.00107660879820687
0.180908032712957,0.149815165038625,3247,3247,0.00215321759641369,0.00107660879820683
0.179399797006536,0.148278424633944,3248,3248,0.00215321759641369,0.00107660879820687
0.180908032712957,0.149815165038625,3249,3249,0.00215321759641369,0.00107660879820683
0.179399797006536,0.148278424633944,3250,3250,0.00215321759641369,0.00107660879820687
0.180908032712957,0.149815165038625,3251,3251,0.00215321759641369,0.00107660879820683
0.179399797006536,0.148278424633944,3252,3252,0.00215321759641369,0.00107660879820687
0.180908032712957,0.149815165038625,3253,3253,0.00215321759641369,0.00107660879820683
0.179399797006536,0.148278424633944,3254,3254,0.00215321759641369,0.00107660879820687
0.180908032712957,0.149815165038625,3255,3255,0.00215321759641369,0.00107660879820683
0.179399797006536,0.148278424633944,3256,3256,0.00215321759641369,0.00107660879820687
0.180908032712957,0.149815165038625,3257,3257,0.00215321759641369,0.00107660879820683
0.179399797006536,0.148278424633944,3258,3258,0.00215321759641369,0.00107660879820687
0.180908032712957,0.149815165038625,3259,3259,0.00215321759641369,0.00107660879820683
0.179399797006536,0.148278424633944,3260,3260,0.00215321759641369,0.00107660879820687
0.180908032712957,0.149815165038625,3261,3261,0.00215321759641369,0.00107660879820683
0.179399797006536,0.148278424633944,3262,3262,0.00215321759641369,0.00107660879820687
0.180908032712957,0.149815165038625,3263,3263,0.00215321759641369,0.00107660879820683
0.179399797006536,0.148278424633944,3264,3264,0.00215321759641369,0.00107660879820687
0.180908032712957,0.149815165038625,3265,3265,0.00215321759641369,0.00107660879820683
0.179399797006536,0.148278424633944,3266,3266,0.00215321759641369,0.00107660879820687
0.180908032712957,0.149815165038625,3267,3267,0.00215321759641369,0.00107660879820683
0.179399797006536,0.148278424633944,3268,3268,0.00215321759641369,0.00107660879820687
0.180908032712957,0.149815165038625,3269,3269,0.00215321759641369,0.00107660879820683
0.179399797006536,0.148278424633944,3270,3270,0.00215321759641369,0.00107660879820687
0.180908032712957,0.149815165038625,3271,3271,0.00215321759641369,0.00107660879820683
0.179399797006536,0.148278424633944,3272,3272,0.00215321759641369,0.00107660879820687
0.180908032712957,0.149815165038625,3273,3273,0.00215321759641369,0.00107660879820683
0.179399797006536,0.148278424633944,3274,3274,0.00215321759641369,0.00107660879820687
0.180908032712957,0.149815165038625,3275,3275,0.00215321759641369,0.00107660879820683
0.179399797006536,0.148278424633944,3276,3276,0.00215321759641369,0.00107660879820687
0.180908032712957,0.149815165038625,3277,3277,0.00215321759641369,0.00107660879820683
0.179399797006536,0.148278424633944,3278,3278,0.00215321759641369,0.00107660879820687
0.180908032712957,0.149815165038625,3279,3279,0.00215321759641369,0.00107660879820683
0.179399797006536,0.148278424633944,3280,3280,0.00215321759641369,0.00107660879820687
0.180908032712957,0.149815165038625,3281,3281,0.00215321759641369,0.00107660879820683
0.179399797006536,0.148278424633944,3282,3282,0.00215321759641369,0.00107660879820687
0.180908032712957,0.149815165038625,3283,3283,0.00215321759641369,0.00107660879820683
0.179399797006536,0.148278424633944,3284,3284,0.00215321759641369,0.00107660879820687
0.180908032712957,0.149815165038625,3285,3285,0.00215321759641369,0.00107660879820683
0.179399797006536,0.148278424633944,3286,3286,0.00215321759641369,0.00107660879820687
0.180908032712957,0.149815165038625,3287,3287,0.00215321759641369,0.00107660879820683
0.179399797006536,0.148278424633944,3288,3288,0.00215321759641369,0.00107660879820687
0.180908032712957,0.149815165038625,3289,3289,0.00215321759641369,0.00107660879820683
0.179399797006536,0.148278424633944,3290,3290,0.00215321759641369,0.00107660879820687
0.180908032712957,0.149815165038625,3291,3291,0.00215321759641369,0.00107660879820683
0.179399797006536,0.148278424633944,3292,3292,0.00215321759641369,0.00107660879820687
0.180908032712957,0.149815165038625,3293,3293,0.00215321759641369,0.00107660879820683
0.179399797006536,0.148278424633944,3294,3294,0.00215321759641369,0.00107660879820687
0.180908032712957,0.149815165038625,3295,3295,0.00215321759641369,0.00107660879820683
0.179399797006536,0.148278424633944,3296,3296,0.00215321759641369,0.00107660879820687
0.180908032712957,0.149815165038625,3297,3297,0.00215321759641369,0.00107660879820683
0.179399797006536,0.148278424633944,3298,3298,0.00215321759641369,0.00107660879820687
0.180908032712957,0.149815165038625,3299,3299,0.00215321759641369,0.00107660879820683
0.179399797006536,0.148278424633944,3300,3300,0.00215321759641369,0.00107660879820687
0.180908032712957,0.149815165038625,3301,3301,0.00215321759641369,0.00107660879820683
0.179399797006536,0.148278424633944,3302,3302,0.00215321759641369,0.00107660879820687
0.180908032712957,0.149815165038625,3303,3303,0.00215321759641369,0.00107660879820683
0.179399797006536,0.148278424633944,3304,3304,0.00215321759641369,0.00107660879820687
0.180908032712957,0.149815165038625,3305,3305,0.00215321759641369,0.00107660879820683
0.179399797006536,0.148278424633944,3306,3306,0.00215321759641369,0.00107660879820687
0.180908032712957,0.149815165038625,3307,3307,0.00215321759641369,0.00107660879820683
0.179399797006536,0.148278424633944,3308,3308,0.00215321759641369,0.00107660879820687
0.180908032712957,0.149815165038625,3309,3309,0.00215321759641369,0.00107660879820683
0.179399797006536,0.148278424633944,3310,3310,0.00215321759641369,0.00107660879820687
0.180908032712957,0.149815165038625,3311,3311,0.00215321759641369,0.00107660879820683
0.179399797006536,0.148278424633944,3312,3312,0.00215321759641369,0.00107660879820687
0.180908032712957,0.149815165038625,3313,3313,0.00215321759641369,0.00107660879820683
0.179399797006536,0.148278424633944,3314,3314,0.00215321759641369,0.00107660879820687
0.180908032712957,0.149815165038625,3315,3315,0.00215321759641369,0.00107660879820683
0.179399797006536,0.148278424633944,3316,3316,0.00215321759641369,0.00107660879820687
0.180908032712957,0.149815165038625,3317,3317,0.00215321759641369,0.00107660879820683
0.179399797006536,0.148278424633944,3318,3318,0.00215321759641369,0.00107660879820687
0.180908032712957,0.149815165038625,3319,3319,0.00215321759641369,0.00107660879820683
0.179399797006536,0.148278424633944,3320,3320,0.00215321759641369,0.00107660879820687
0.180908032712957,0.149815165038625,3321,3321,0.00215321759641369,0.00107660879820683
0.179399797006536,0.148278424633944,3322,3322,0.00215321759641369,0.00107660879820687
0.180908032712957,0.149815165038625,3323,3323,0.00215321759641369,0.00107660879820683
0.179399797006536,0.148278424633944,3324,3324,0.00215321759641369,0.00107660879820687
0.180908032712957,0.149815165038625,3325,3325,0.00215321759641369,0.00107660879820683
0.179399797006536,0.148278424633944,3326,3326,0.00215321759641369,0.00107660879820687
0.180908032712957,0.149815165038625,3327,3327,0.00215321759641369,0.00107660879820683
0.179399797006536,0.148278424633944,3328,3328,0.00215321759641369,0.00107660879820687
0.180908032712957,0.149815165038625,3329,3329,0.00215321759641369,0.00107660879820683
0.179399797006536,0.148278424633944,3330,3330,0.00215321759641369,0.00107660879820687
0.180908032712957,0.149815165038625,3331,3331,0.00215321759641369,0.00107660879820683
0.179399797006536,0.148278424633944,3332,3332,0.00215321759641369,0.00107660879820687
0.180908032712957,0.149815165038625,3333,3333,0.00215321759641369,0.00107660879820683
0.179399797006536,0.148278424633944,3334,3334,0.00215321759641369,0.00107660879820687
0.180908032712957,0.149815165038625,3335,3335,0.00215321759641369,0.00107660879820683
0.179399797006536,0.148278424633944,3336,3336,0.00215321759641369,0.00107660879820687
0.180908032712957,0.149815165038625,3337,3337,0.00215321759641369,0.00107660879820683
0.179399797006536,0.148278424633944,3338,3338,0.00215321759641369,0.00107660879820687
0.180908032712957,0.149815165038625,3339,3339,0.00215321759641369,0.00107660879820683
0.179399797006536,0.148278424633944,3340,3340,0.00215321759641369,0.00107660879820687
0.180908032712957,0.149815165038625,3341,3341,0.00215321759641369,0.00107660879820683
0.179399797006536,0.148278424633944,3342,3342,0.00215321759641369,0.00107660879820687
0.180908032712957,0.149815165038625,3343,3343,0.00215321759641369,0.00107660879820683
0.179399797006536,0.148278424633944,3344,3344,0.00215321759641369,0.00107660879820687
0.180908032712957,0.149815165038625,3345,3345,0.00215321759641369,0.00107660879820683
0.179399797006536,0.148278424633944,3346,3346,0.00215321759641369,0.00107660879820687
0.180908032712957,0.149815165038625,3347,3347,0.00215321759641369,0.00107660879820683
0.179399797006536,0.148278424633944,3348,3348,0.00215321759641369,0.00107660879820687
0.180908032712957,0.149815165038625,3349,3349,0.00215321759641369,0.00107660879820683
0.179399797006536,0.148278424633944,3350,3350,0.00215321759641369,0.00107660879820687
0.180908032712957,0.149815165038625,3351,3351,0.00215321759641369,0.00107660879820683
0.179399797006536,0.148278424633944,3352,3352,0.00215321759641369,0.00107660879820687
0.180908032712957,0.149815165038625,3353,3353,0.00215321759641369,0.00107660879820683
0.179399797006536,0.148278424633944,3354,3354,0.00215321759641369,0.00107660879820687
0.180908032712957,0.149815165038625,3355,3355,0.00215321759641369,0.00107660879820683
0.179399797006536,0.148278424633944,3356,3356,0.00215321759641369,0.00107660879820687
0.180908032712957,0.149815165038625,3357,3357,0.00215321759641369,0.00107660879820683
0.179399797006536,0.148278424633944,3358,3358,0.00215321759641369,0.00107660879820687
0.180908032712957,0.149815165038625,3359,3359,0.00215321759641369,0.00107660879820683
0.179399797006536,0.148278424633944,3360,3360,0.00215321759641369,0.00107660879820687
0.180908032712957,0.149815165038625,3361,3361,0.00215321759641369,0.00107660879820683
0.179399797006536,0.148278424633944,3362,3362,0.00215321759641369,0.00107660879820687
0.180908032712957,0.149815165038625,3363,3363,0.00215321759641369,0.00107660879820683
0.179399797006536,0.148278424633944,3364,3364,0.00215321759641369,0.00107660879820687
0.180908032712957,0.149815165038625,3365,3365,0.00215321759641369,0.00107660879820683
0.179399797006536,0.148278424633944,3366,3366,0.00215321759641369,0.00107660879820687
0.180908032712957,0.149815165038625,3367,3367,0.00215321759641369,0.00107660879820683
0.179399797006536,0.148278424633944,3368,3368,0.00215321759641369,0.00107660879820687
0.180908032712957,0.149815165038625,3369,3369,0.00215321759641369,0.00107660879820683
0.179399797006536,0.148278424633944,3370,3370,0.00215321759641369,0.00107660879820687
0.180908032712957,0.149815165038625,3371,3371,0.00215321759641369,0.00107660879820683
0.179399797006536,0.148278424633944,3372,3372,0.00215321759641369,0.00107660879820687
0.180908032712957,0.149815165038625,3373,3373,0.00215321759641369,0.00107660879820683
0.179399797006536,0.148278424633944,3374,3374,0.00215321759641369,0.00107660879820687
0.180908032712957,0.149815165038625,3375,3375,0.00215321759641369,0.00107660879820683
0.179399797006536,0.148278424633944,3376,3376,0.00215321759641369,0.00107660879820687
0.180908032712957,0.149815165038625,3377,3377,0.00215321759641369,0.00107660879820683
0.179399797006536,0.148278424633944,3378,3378,0.00215321759641369,0.00107660879820687
0.180908032712957,0.149815165038625,3379,3379,0.00215321759641369,0.00107660879820683
0.179399797006536,0.148278424633944,3380,3380,0.00215321759641369,0.00107660879820687
0.180908032712957,0.149815165038625,3381,3381,0.00215321759641369,0.00107660879820683
0.179399797006536,0.148278424633944,3382,3382,0.00215321759641369,0.00107660879820687
0.180908032712957,0.149815165038625,3383,3383,0.00215321759641369,0.00107660879820683
0.179399797006536,0.148278424633944,3384,3384,0.00215321759641369,0.00107660879820687
0.180908032712957,0.149815165038625,3385,3385,0.00215321759641369,0.00107660879820683
0.179399797006536,0.148278424633944,3386,3386,0.00215321759641369,0.00107660879820687
0.180908032712957,0.149815165038625,3387,3387,0.00215321759641369,0.00107660879820683
0.179399797006536,0.148278424633944,3388,3388,0.00215321759641369,0.00107660879820687
0.180908032712957,0.149815165038625,3389,3389,0.00215321759641369,0.00107660879820683
0.179399797006536,0.148278424633944,3390,3390,0.00215321759641369,0.00107660879820687
0.180908032712957,0.149815165038625,3391,3391,0.00215321759641369,0.00107660879820683
0.179399797006536,0.148278424633944,3392,3392,0.00215321759641369,0.00107660879820687
0.180908032712957,0.149815165038625,3393,3393,0.00215321759641369,0.00107660879820683
0.179399797006536,0.148278424633944,3394,3394,0.00215321759641369,0.00107660879820687
0.180908032712957,0.149815165038625,3395,3395,0.00215321759641369,0.00107660879820683
0.179399797006536,0.148278424633944,3396,3396,0.00215321759641369,0.00107660879820687
0.180908032712957,0.149815165038625,3397,3397,0.00215321759641369,0.00107660879820683
0.179399797006536,0.148278424633944,3398,3398,0.00215321759641369,0.00107660879820687
0.180908032712957,0.149815165038625,3399,3399,0.00215321759641369,0.00107660879820683
0.179399797006536,0.148278424633944,3400,3400,0.00215321759641369,0.00107660879820687
0.180908032712957,0.149815165038625,3401,3401,0.00215321759641369,0.00107660879820683
0.179399797006536,0.148278424633944,3402,3402,0.00215321759641369,0.00107660879820687
0.180908032712957,0.149815165038625,3403,3403,0.00215321759641369,0.00107660879820683
0.179399797006536,0.148278424633944,3404,3404,0.00215321759641369,0.00107660879820687
0.180908032712957,0.149815165038625,3405,3405,0.00215321759641369,0.00107660879820683
0.179399797006536,0.148278424633944,3406,3406,0.00215321759641369,0.00107660879820687
0.180908032712957,0.149815165038625,3407,3407,0.00215321759641369,0.00107660879820683
0.179399797006536,0.148278424633944,3408,3408,0.00215321759641369,0.00107660879820687
0.180908032712957,0.149815165038625,3409,3409,0.00215321759641369,0.00107660879820683
0.179399797006536,0.148278424633944,3410,3410,0.00215321759641369,0.00107660879820687
0.180908032712957,0.149815165038625,3411,3411,0.00215321759641369,0.00107660879820683
0.179399797006536,0.148278424633944,3412,3412,0.00215321759641369,0.00107660879820687
0.180908032712957,0.149815165038625,3413,3413,0.00215321759641369,0.00107660879820683
0.179399797006536,0.148278424633944,3414,3414,0.00215321759641369,0.00107660879820687
0.180908032712957,0.149815165038625,3415,3415,0.00215321759641369,0.00107660879820683
0.179399797006536,0.148278424633944,3416,3416,0.00215321759641369,0.00107660879820687
0.180908032712957,0.149815165038625,3417,3417,0.00215321759641369,0.00107660879820683
0.179399797006536,0.148278424633944,3418,3418,0.00215321759641369,0.00107660879820687
0.180908032712957,0.149815165038625,3419,3419,0.00215321759641369,0.00107660879820683
0.179399797006536,0.148278424633944,3420,3420,0.00215321759641369,0.00107660879820687
0.180908032712957,0.149815165038625,3421,3421,0.00215321759641369,0.00107660879820683
0.179399797006536,0.148278424633944,3422,3422,0.00215321759641369,0.00107660879820687
0.180908032712957,0.149815165038625,3423,3423,0.00215321759641369,0.00107660879820683
0.179399797006536,0.148278424633944,3424,3424,0.00215321759641369,0.00107660879820687
0.180908032712957,0.149815165038625,3425,3425,0.00215321759641369,0.00107660879820683
0.179399797006536,0.148278424633944,3426,3426,0.00215321759641369,0.00107660879820687
0.180908032712957,0.149815165038625,3427,3427,0.00215321759641369,0.00107660879820683
0.179399797006536,0.148278424633944,3428,3428,0.00215321759641369,0.00107660879820687
0.180908032712957,0.149815165038625,3429,3429,0.00215321759641369,0.00107660879820683
0.179399797006536,0.148278424633944,3430,3430,0.00215321759641369,0.00107660879820687
0.180908032712957,0.149815165038625,3431,3431,0.00215321759641369,0.00107660879820683
0.179399797006536,0.148278424633944,3432,3432,0.00215321759641369,0.00107660879820687
0.180908032712957,0.149815165038625,3433,3433,0.00215321759641369,0.00107660879820683
0.179399797006536,0.148278424633944,3434,3434,0.00215321759641369,0.00107660879820687
0.180908032712957,0.149815165038625,3435,3435,0.00215321759641369,0.00107660879820683
0.179399797006536,0.148278424633944,3436,3436,0.00215321759641369,0.00107660879820687
0.180908032712957,0.149815165038625,3437,3437,0.00215321759641369,0.00107660879820683
0.179399797006536,0.148278424633944,3438,3438,0.00215321759641369,0.00107660879820687
0.180908032712957,0.149815165038625,3439,3439,0.00215321759641369,0.00107660879820683
0.179399797006536,0.148278424633944,3440,3440,0.00215321759641369,0.00107660879820687
0.180908032712957,0.149815165038625,3441,3441,0.00215321759641369,0.00107660879820683
0.179399797006536,0.148278424633944,3442,3442,0.00215321759641369,0.00107660879820687
0.180908032712957,0.149815165038625,3443,3443,0.00215321759641369,0.00107660879820683
0.179399797006536,0.148278424633944,3444,3444,0.00215321759641369,0.00107660879820687
0.180908032712957,0.149815165038625,3445,3445,0.00215321759641369,0.00107660879820683
0.179399797006536,0.148278424633944,3446,3446,0.00215321759641369,0.00107660879820687
0.180908032712957,0.149815165038625,3447,3447,0.00215321759641369,0.00107660879820683
0.179399797006536,0.148278424633944,3448,3448,0.00215321759641369,0.00107660879820687
0.180908032712957,0.149815165038625,3449,3449,0.00215321759641369,0.00107660879820683
0.179399797006536,0.148278424633944,3450,3450,0.00215321759641369,0.00107660879820687
0.180908032712957,0.149815165038625,3451,3451,0.00215321759641369,0.00107660879820683
0.179399797006536,0.148278424633944,3452,3452,0.00215321759641369,0.00107660879820687
0.180908032712957,0.149815165038625,3453,3453,0.00215321759641369,0.00107660879820683
0.179399797006536,0.148278424633944,3454,3454,0.00215321759641369,0.00107660879820687
0.180908032712957,0.149815165038625,3455,3455,0.00215321759641369,0.00107660879820683
0.179399797006536,0.148278424633944,3456,3456,0.00215321759641369,0.00107660879820687
0.180908032712957,0.149815165038625,3457,3457,0.00215321759641369,0.00107660879820683
0.179399797006536,0.148278424633944,3458,3458,0.00215321759641369,0.00107660879820687
0.180908032712957,0.149815165038625,3459,3459,0.00215321759641369,0.00107660879820683
0.179399797006536,0.148278424633944,3460,3460,0.00215321759641369,0.00107660879820687
0.180908032712957,0.149815165038625,3461,3461,0.00215321759641369,0.00107660879820683
0.179399797006536,0.148278424633944,3462,3462,0.00215321759641369,0.00107660879820687
0.180908032712957,0.149815165038625,3463,3463,0.00215321759641369,0.00107660879820683
0.179399797006536,0.148278424633944,3464,3464,0.00215321759641369,0.00107660879820687
0.180908032712957,0.149815165038625,3465,3465,0.00215321759641369,0.00107660879820683
0.179399797006536,0.148278424633944,3466,3466,0.00215321759641369,0.00107660879820687
0.180908032712957,0.149815165038625,3467,3467,0.00215321759641369,0.00107660879820683
0.179399797006536,0.148278424633944,3468,3468,0.00215321759641369,0.00107660879820687
0.180908032712957,0.149815165038625,3469,3469,0.00215321759641369,0.00107660879820683
0.179399797006536,0.148278424633944,3470,3470,0.00215321759641369,0.00107660879820687
0.180908032712957,0.149815165038625,3471,3471,0.00215321759641369,0.00107660879820683
0.179399797006536,0.148278424633944,3472,3472,0.00215321759641369,0.00107660879820687
0.180908032712957,0.149815165038625,3473,3473,0.00215321759641369,0.00107660879820683
0.179399797006536,0.148278424633944,3474,3474,0.00215321759641369,0.00107660879820687
0.180908032712957,0.149815165038625,3475,3475,0.00215321759641369,0.00107660879820683
0.179399797006536,0.148278424633944,3476,3476,0.00215321759641369,0.00107660879820687
0.180908032712957,0.149815165038625,3477,3477,0.00215321759641369,0.00107660879820683
0.179399797006536,0.148278424633944,3478,3478,0.00215321759641369,0.00107660879820687
0.180908032712957,0.149815165038625,3479,3479,0.00215321759641369,0.00107660879820683
0.179399797006536,0.148278424633944,3480,3480,0.00215321759641369,0.00107660879820687
0.180908032712957,0.149815165038625,3481,3481,0.00215321759641369,0.00107660879820683
0.179399797006536,0.148278424633944,3482,3482,0.00215321759641369,0.00107660879820687
0.180908032712957,0.149815165038625,3483,3483,0.00215321759641369,0.00107660879820683
0.179399797006536,0.148278424633944,3484,3484,0.00215321759641369,0.00107660879820687
0.180908032712957,0.149815165038625,3485,3485,0.00215321759641369,0.00107660879820683
0.179399797006536,0.148278424633944,3486,3486,0.00215321759641369,0.00107660879820687
0.180908032712957,0.149815165038625,3487,3487,0.00215321759641369,0.00107660879820683
0.179399797006536,0.148278424633944,3488,3488,0.00215321759641369,0.00107660879820687
0.180908032712957,0.149815165038625,3489,3489,0.00215321759641369,0.00107660879820683
0.179399797006536,0.148278424633944,3490,3490,0.00215321759641369,0.00107660879820687
0.180908032712957,0.149815165038625,3491,3491,0.00215321759641369,0.00107660879820683
0.179399797006536,0.148278424633944,3492,3492,0.00215321759641369,0.00107660879820687
0.180908032712957,0.149815165038625,3493,3493,0.00215321759641369,0.00107660879820683
0.179399797006536,0.148278424633944,3494,3494,0.00215321759641369,0.00107660879820687
0.180908032712957,0.149815165038625,3495,3495,0.00215321759641369,0.00107660879820683
0.179399797006536,0.148278424633944,3496,3496,0.00215321759641369,0.00107660879820687
0.180908032712957,0.149815165038625,3497,3497,0.00215321759641369,0.00107660879820683
0.179399797006536,0.148278424633944,3498,3498,0.00215321759641369,0.00107660879820687
0.180908032712957,0.149815165038625,3499,3499,0.00215321759641369,0.00107660879820683
0.179399797006536,0.148278424633944,3500,3500,0.00215321759641369,0.00107660879820687
0.180908032712957,0.149815165038625,3501,3501,0.00215321759641369,0.00107660879820683
0.179399797006536,0.148278424633944,3502,3502,0.00215321759641369,0.00107660879820687
0.180908032712957,0.149815165038625,3503,3503,0.00215321759641369,0.00107660879820683
0.179399797006536,0.148278424633944,3504,3504,0.00215321759641369,0.00107660879820687
0.180908032712957,0.149815165038625,3505,3505,0.00215321759641369,0.00107660879820683
0.179399797006536,0.148278424633944,3506,3506,0.00215321759641369,0.00107660879820687
0.180908032712957,0.149815165038625,3507,3507,0.00215321759641369,0.00107660879820683
0.179399797006536,0.148278424633944,3508,3508,0.00215321759641369,0.00107660879820687
0.180908032712957,0.149815165038625,3509,3509,0.00215321759641369,0.00107660879820683
0.179399797006536,0.148278424633944,3510,3510,0.00215321759641369,0.00107660879820687
0.180908032712957,0.149815165038625,3511,3511,0.00215321759641369,0.00107660879820683
0.179399797006536,0.148278424633944,3512,3512,0.00215321759641369,0.00107660879820687
0.180908032712957,0.149815165038625,3513,3513,0.00215321759641369,0.00107660879820683
0.179399797006536,0.148278424633944,3514,3514,0.00215321759641369,0.00107660879820687
0.180908032712957,0.149815165038625,3515,3515,0.00215321759641369,0.00107660879820683
0.179399797006536,0.148278424633944,3516,3516,0.00215321759641369,0.00107660879820687
0.180908032712957,0.149815165038625,3517,3517,0.00215321759641369,0.00107660879820683
0.179399797006536,0.148278424633944,3518,3518,0.00215321759641369,0.00107660879820687
0.180908032712957,0.149815165038625,3519,3519,0.00215321759641369,0.00107660879820683
0.179399797006536,0.148278424633944,3520,3520,0.00215321759641369,0.00107660879820687
0.180908032712957,0.149815165038625,3521,3521,0.00215321759641369,0.00107660879820683
0.179399797006536,0.148278424633944,3522,3522,0.00215321759641369,0.00107660879820687
0.180908032712957,0.149815165038625,3523,3523,0.00215321759641369,0.00107660879820683
0.179399797006536,0.148278424633944,3524,3524,0.00215321759641369,0.00107660879820687
0.180908032712957,0.149815165038625,3525,3525,0.00215321759641369,0.00107660879820683
0.179399797006536,0.148278424633944,3526,3526,0.00215321759641369,0.00107660879820687
0.180908032712957,0.149815165038625,3527,3527,0.00215321759641369,0.00107660879820683
0.179399797006536,0.148278424633944,3528,3528,0.00215321759641369,0.00107660879820687
0.180908032712957,0.149815165038625,3529,3529,0.00215321759641369,0.00107660879820683
0.179399797006536,0.148278424633944,3530,3530,0.00215321759641369,0.00107660879820687
0.180908032712957,0.149815165038625,3531,3531,0.00215321759641369,0.00107660879820683
0.179399797006536,0.148278424633944,3532,3532,0.00215321759641369,0.00107660879820687
0.180908032712957,0.149815165038625,3533,3533,0.00215321759641369,0.00107660879820683
0.179399797006536,0.148278424633944,3534,3534,0.00215321759641369,0.00107660879820687
0.180908032712957,0.149815165038625,3535,3535,0.00215321759641369,0.00107660879820683
0.179399797006536,0.148278424633944,3536,3536,0.00215321759641369,0.00107660879820687
0.180908032712957,0.149815165038625,3537,3537,0.00215321759641369,0.00107660879820683
0.179399797006536,0.148278424633944,3538,3538,0.00215321759641369,0.00107660879820687
0.180908032712957,0.149815165038625,3539,3539,0.00215321759641369,0.00107660879820683
0.179399797006536,0.148278424633944,3540,3540,0.00215321759641369,0.00107660879820687
0.180908032712957,0.149815165038625,3541,3541,0.00215321759641369,0.00107660879820683
0.179399797006536,0.148278424633944,3542,3542,0.00215321759641369,0.00107660879820687
0.180908032712957,0.149815165038625,3543,3543,0.00215321759641369,0.00107660879820683
0.179399797006536,0.148278424633944,3544,3544,0.00215321759641369,0.00107660879820687
0.180908032712957,0.149815165038625,3545,3545,0.00215321759641369,0.00107660879820683
0.179399797006536,0.148278424633944,3546,3546,0.00215321759641369,0.00107660879820687
0.180908032712957,0.149815165038625,3547,3547,0.00215321759641369,0.00107660879820683
0.179399797006536,0.148278424633944,3548,3548,0.00215321759641369,0.00107660879820687
0.180908032712957,0.149815165038625,3549,3549,0.00215321759641369,0.00107660879820683
0.179399797006536,0.148278424633944,3550,3550,0.00215321759641369,0.00107660879820687
0.180908032712957,0.149815165038625,3551,3551,0.00215321759641369,0.00107660879820683
0.179399797006536,0.148278424633944,3552,3552,0.00215321759641369,0.00107660879820687
0.180908032712957,0.149815165038625,3553,3553,0.00215321759641369,0.00107660879820683
0.179399797006536,0.148278424633944,3554,3554,0.00215321759641369,0.00107660879820687
0.180908032712957,0.149815165038625,3555,3555,0.00215321759641369,0.00107660879820683
0.179399797006536,0.148278424633944,3556,3556,0.00215321759641369,0.00107660879820687
0.180908032712957,0.149815165038625,3557,3557,0.00215321759641369,0.00107660879820683
0.179399797006536,0.148278424633944,3558,3558,0.00215321759641369,0.00107660879820687
0.180908032712957,0.149815165038625,3559,3559,0.00215321759641369,0.00107660879820683
0.179399797006536,0.148278424633944,3560,3560,0.00215321759641369,0.00107660879820687
0.180908032712957,0.149815165038625,3561,3561,0.00215321759641369,0.00107660879820683
0.179399797006536,0.148278424633944,3562,3562,0.00215321759641369,0.00107660879820687
0.180908032712957,0.149815165038625,3563,3563,0.00215321759641369,0.00107660879820683
0.179399797006536,0.148278424633944,3564,3564,0.00215321759641369,0.00107660879820687
0.180908032712957,0.149815165038625,3565,3565,0.00215321759641369,0.00107660879820683
0.179399797006536,0.148278424633944,3566,3566,0.00215321759641369,0.00107660879820687
0.180908032712957,0.149815165038625,3567,3567,0.00215321759641369,0.00107660879820683
0.179399797006536,0.148278424633944,3568,3568,0.00215321759641369,0.00107660879820687
0.180908032712957,0.149815165038625,3569,3569,0.00215321759641369,0.00107660879820683
0.179399797006536,0.148278424633944,3570,3570,0.00215321759641369,0.00107660879820687
0.180908032712957,0.149815165038625,3571,3571,0.00215321759641369,0.00107660879820683
0.179399797006536,0.148278424633944,3572,3572,0.00215321759641369,0.00107660879820687
0.180908032712957,0.149815165038625,3573,3573,0.00215321759641369,0.00107660879820683
0.179399797006536,0.148278424633944,3574,3574,0.00215321759641369,0.00107660879820687
0.180908032712957,0.149815165038625,3575,3575,0.00215321759641369,0.00107660879820683
0.179399797006536,0.148278424633944,3576,3576,0.00215321759641369,0.00107660879820687
0.180908032712957,0.149815165038625,3577,3577,0.00215321759641369,0.00107660879820683
0.179399797006536,0.148278424633944,3578,3578,0.00215321759641369,0.00107660879820687
0.180908032712957,0.149815165038625,3579,3579,0.00215321759641369,0.00107660879820683
0.179399797006536,0.148278424633944,3580,3580,0.00215321759641369,0.00107660879820687
0.180908032712957,0.149815165038625,3581,3581,0.00215321759641369,0.00107660879820683
0.179399797006536,0.148278424633944,3582,3582,0.00215321759641369,0.00107660879820687
0.180908032712957,0.149815165038625,3583,3583,0.00215321759641369,0.00107660879820683
0.179399797006536,0.148278424633944,3584,3584,0.00215321759641369,0.00107660879820687
0.180908032712957,0.149815165038625,3585,3585,0.00215321759641369,0.00107660879820683
0.179399797006536,0.148278424633944,3586,3586,0.00215321759641369,0.00107660879820687
0.180908032712957,0.149815165038625,3587,3587,0.00215321759641369,0.00107660879820683
0.179399797006536,0.148278424633944,3588,3588,0.00215321759641369,0.00107660879820687
0.180908032712957,0.149815165038625,3589,3589,0.00215321759641369,0.00107660879820683
0.179399797006536,0.148278424633944,3590,3590,0.00215321759641369,0.00107660879820687
0.180908032712957,0.149815165038625,3591,3591,0.00215321759641369,0.00107660879820683
0.179399797006536,0.148278424633944,3592,3592,0.00215321759641369,0.00107660879820687
0.180908032712957,0.149815165038625,3593,3593,0.00215321759641369,0.00107660879820683
0.179399797006536,0.148278424633944,3594,3594,0.00215321759641369,0.00107660879820687
0.180908032712957,0.149815165038625,3595,3595,0.00215321759641369,0.00107660879820683
0.179399797006536,0.148278424633944,3596,3596,0.00215321759641369,0.00107660879820687
0.180908032712957,0.149815165038625,3597,3597,0.00215321759641369,0.00107660879820683
0.179399797006536,0.148278424633944,3598,3598,0.00215321759641369,0.00107660879820687
0.180908032712957,0.149815165038625,3599,3599,0.00215321759641369,0.00107660879820683
0.179399797006536,0.148278424633944,3600,3600,0.00215321759641369,0.00107660879820687
0.180908032712957,0.149815165038625,3601,3601,0.00215321759641369,0.00107660879820683
0.179399797006536,0.148278424633944,3602,3602,0.00215321759641369,0.00107660879820687
0.180908032712957,0.149815165038625,3603,3603,0.00215321759641369,0.00107660879820683
0.179399797006536,0.148278424633944,3604,3604,0.00215321759641369,0.00107660879820687
0.180908032712957,0.149815165038625,3605,3605,0.00215321759641369,0.00107660879820683
0.179399797006536,0.148278424633944,3606,3606,0.00215321759641369,0.00107660879820687
0.180908032712957,0.149815165038625,3607,3607,0.00215321759641369,0.00107660879820683
0.179399797006536,0.148278424633944,3608,3608,0.00215321759641369,0.00107660879820687
0.180908032712957,0.149815165038625,3609,3609,0.00215321759641369,0.00107660879820683
0.179399797006536,0.148278424633944,3610,3610,0.00215321759641369,0.00107660879820687
0.180908032712957,0.149815165038625,3611,3611,0.00215321759641369,0.00107660879820683
0.179399797006536,0.148278424633944,3612,3612,0.00215321759641369,0.00107660879820687
0.180908032712957,0.149815165038625,3613,3613,0.00215321759641369,0.00107660879820683
0.179399797006536,0.148278424633944,3614,3614,0.00215321759641369,0.00107660879820687
0.180908032712957,0.149815165038625,3615,3615,0.00215321759641369,0.00107660879820683
0.179399797006536,0.148278424633944,3616,3616,0.00215321759641369,0.00107660879820687
0.180908032712957,0.149815165038625,3617,3617,0.00215321759641369,0.00107660879820683
0.179399797006536,0.148278424633944,3618,3618,0.00215321759641369,0.00107660879820687
0.180908032712957,0.149815165038625,3619,3619,0.00215321759641369,0.00107660879820683
0.179399797006536,0.148278424633944,3620,3620,0.00215321759641369,0.00107660879820687
0.180908032712957,0.149815165038625,3621,3621,0.00215321759641369,0.00107660879820683
0.179399797006536,0.148278424633944,3622,3622,0.00215321759641369,0.00107660879820687
0.180908032712957,0.149815165038625,3623,3623,0.00215321759641369,0.00107660879820683
0.179399797006536,0.148278424633944,3624,3624,0.00215321759641369,0.00107660879820687
0.180908032712957,0.149815165038625,3625,3625,0.00215321759641369,0.00107660879820683
0.179399797006536,0.148278424633944,3626,3626,0.00215321759641369,0.00107660879820687
0.180908032712957,0.149815165038625,3627,3627,0.00215321759641369,0.00107660879820683
0.179399797006536,0.148278424633944,3628,3628,0.00215321759641369,0.00107660879820687
0.180908032712957,0.149815165038625,3629,3629,0.00215321759641369,0.00107660879820683
0.179399797006536,0.148278424633944,3630,3630,0.00215321759641369,0.00107660879820687
0.180908032712957,0.149815165038625,3631,3631,0.00215321759641369,0.00107660879820683
0.179399797006536,0.148278424633944,3632,3632,0.00215321759641369,0.00107660879820687
0.180908032712957,0.149815165038625,3633,3633,0.00215321759641369,0.00107660879820683
0.179399797006536,0.148278424633944,3634,3634,0.00215321759641369,0.00107660879820687
0.180908032712957,0.149815165038625,3635,3635,0.00215321759641369,0.00107660879820683
0.179399797006536,0.148278424633944,3636,3636,0.00215321759641369,0.00107660879820687
0.180908032712957,0.149815165038625,3637,3637,0.00215321759641369,0.00107660879820683
0.179399797006536,0.148278424633944,3638,3638,0.00215321759641369,0.00107660879820687
0.180908032712957,0.149815165038625,3639,3639,0.00215321759641369,0.00107660879820683
0.179399797006536,0.148278424633944,3640,3640,0.00215321759641369,0.00107660879820687
0.180908032712957,0.149815165038625,3641,3641,0.00215321759641369,0.00107660879820683
0.179399797006536,0.148278424633944,3642,3642,0.00215321759641369,0.00107660879820687
0.180908032712957,0.149815165038625,3643,3643,0.00215321759641369,0.00107660879820683
0.179399797006536,0.148278424633944,3644,3644,0.00215321759641369,0.00107660879820687
0.180908032712957,0.149815165038625,3645,3645,0.00215321759641369,0.00107660879820683
0.179399797006536,0.148278424633944,3646,3646,0.00215321759641369,0.00107660879820687
0.180908032712957,0.149815165038625,3647,3647,0.00215321759641369,0.00107660879820683
0.179399797006536,0.148278424633944,3648,3648,0.00215321759641369,0.00107660879820687
0.180908032712957,0.149815165038625,3649,3649,0.00215321759641369,0.00107660879820683
0.179399797006536,0.148278424633944,3650,3650,0.00215321759641369,0.00107660879820687
0.180908032712957,0.149815165038625,3651,3651,0.00215321759641369,0.00107660879820683
0.179399797006536,0.148278424633944,3652,3652,0.00215321759641369,0.00107660879820687
0.180908032712957,0.149815165038625,3653,3653,0.00215321759641369,0.00107660879820683
0.179399797006536,0.148278424633944,3654,3654,0.00215321759641369,0.00107660879820687
0.180908032712957,0.149815165038625,3655,3655,0.00215321759641369,0.00107660879820683
0.179399797006536,0.148278424633944,3656,3656,0.00215321759641369,0.00107660879820687
0.180908032712957,0.149815165038625,3657,3657,0.00215321759641369,0.00107660879820683
0.179399797006536,0.148278424633944,3658,3658,0.00215321759641369,0.00107660879820687
0.180908032712957,0.149815165038625,3659,3659,0.00215321759641369,0.00107660879820683
0.179399797006536,0.148278424633944,3660,3660,0.00215321759641369,0.00107660879820687
0.180908032712957,0.149815165038625,3661,3661,0.00215321759641369,0.00107660879820683
0.179399797006536,0.148278424633944,3662,3662,0.00215321759641369,0.00107660879820687
0.180908032712957,0.149815165038625,3663,3663,0.00215321759641369,0.00107660879820683
0.179399797006536,0.148278424633944,3664,3664,0.00215321759641369,0.00107660879820687
0.180908032712957,0.149815165038625,3665,3665,0.00215321759641369,0.00107660879820683
0.179399797006536,0.148278424633944,3666,3666,0.00215321759641369,0.00107660879820687
0.180908032712957,0.149815165038625,3667,3667,0.00215321759641369,0.00107660879820683
0.179399797006536,0.148278424633944,3668,3668,0.00215321759641369,0.00107660879820687
0.180908032712957,0.149815165038625,3669,3669,0.00215321759641369,0.00107660879820683
0.179399797006536,0.148278424633944,3670,3670,0.00215321759641369,0.00107660879820687
0.180908032712957,0.149815165038625,3671,3671,0.00215321759641369,0.00107660879820683
0.179399797006536,0.148278424633944,3672,3672,0.00215321759641369,0.00107660879820687
0.180908032712957,0.149815165038625,3673,3673,0.00215321759641369,0.00107660879820683
0.179399797006536,0.148278424633944,3674,3674,0.00215321759641369,0.00107660879820687
0.180908032712957,0.149815165038625,3675,3675,0.00215321759641369,0.00107660879820683
0.179399797006536,0.148278424633944,3676,3676,0.00215321759641369,0.00107660879820687
0.180908032712957,0.149815165038625,3677,3677,0.00215321759641369,0.00107660879820683
0.179399797006536,0.148278424633944,3678,3678,0.00215321759641369,0.00107660879820687
0.180908032712957,0.149815165038625,3679,3679,0.00215321759641369,0.00107660879820683
0.179399797006536,0.148278424633944,3680,3680,0.00215321759641369,0.00107660879820687
0.180908032712957,0.149815165038625,3681,3681,0.00215321759641369,0.00107660879820683
0.179399797006536,0.148278424633944,3682,3682,0.00215321759641369,0.00107660879820687
0.180908032712957,0.149815165038625,3683,3683,0.00215321759641369,0.00107660879820683
0.179399797006536,0.148278424633944,3684,3684,0.00215321759641369,0.00107660879820687
0.180908032712957,0.149815165038625,3685,3685,0.00215321759641369,0.00107660879820683
0.179399797006536,0.148278424633944,3686,3686,0.00215321759641369,0.00107660879820687
0.180908032712957,0.149815165038625,3687,3687,0.00215321759641369,0.00107660879820683
0.179399797006536,0.148278424633944,3688,3688,0.00215321759641369,0.00107660879820687
0.180908032712957,0.149815165038625,3689,3689,0.00215321759641369,0.00107660879820683
0.179399797006536,0.148278424633944,3690,3690,0.00215321759641369,0.00107660879820687
0.180908032712957,0.149815165038625,3691,3691,0.00215321759641369,0.00107660879820683
0.179399797006536,0.148278424633944,3692,3692,0.00215321759641369,0.00107660879820687
0.180908032712957,0.149815165038625,3693,3693,0.00215321759641369,0.00107660879820683
0.179399797006536,0.148278424633944,3694,3694,0.00215321759641369,0.00107660879820687
0.180908032712957,0.149815165038625,3695,3695,0.00215321759641369,0.00107660879820683
0.179399797006536,0.148278424633944,3696,3696,0.00215321759641369,0.00107660879820687
0.180908032712957,0.149815165038625,3697,3697,0.00215321759641369,0.00107660879820683
0.179399797006536,0.148278424633944,3698,3698,0.00215321759641369,0.00107660879820687
0.180908032712957,0.149815165038625,3699,3699,0.00215321759641369,0.00107660879820683
0.179399797006536,0.148278424633944,3700,3700,0.00215321759641369,0.00107660879820687
0.180908032712957,0.149815165038625,3701,3701,0.00215321759641369,0.00107660879820683
0.179399797006536,0.148278424633944,3702,3702,0.00215321759641369,0.00107660879820687
0.180908032712957,0.149815165038625,3703,3703,0.00215321759641369,0.00107660879820683
0.179399797006536,0.148278424633944,3704,3704,0.00215321759641369,0.00107660879820687
0.180908032712957,0.149815165038625,3705,3705,0.00215321759641369,0.00107660879820683
0.179399797006536,0.148278424633944,3706,3706,0.00215321759641369,0.00107660879820687
0.180908032712957,0.149815165038625,3707,3707,0.00215321759641369,0.00107660879820683
0.179399797006536,0.148278424633944,3708,3708,0.00215321759641369,0.00107660879820687
0.180908032712957,0.149815165038625,3709,3709,0.00215321759641369,0.00107660879820683
0.179399797006536,0.148278424633944,3710,3710,0.00215321759641369,0.00107660879820687
0.180908032712957,0.149815165038625,3711,3711,0.00215321759641369,0.00107660879820683
0.179399797006536,0.148278424633944,3712,3712,0.00215321759641369,0.00107660879820687
0.180908032712957,0.149815165038625,3713,3713,0.00215321759641369,0.00107660879820683
0.179399797006536,0.148278424633944,3714,3714,0.00215321759641369,0.00107660879820687
0.180908032712957,0.149815165038625,3715,3715,0.00215321759641369,0.00107660879820683
0.179399797006536,0.148278424633944,3716,3716,0.00215321759641369,0.00107660879820687
0.180908032712957,0.149815165038625,3717,3717,0.00215321759641369,0.00107660879820683
0.179399797006536,0.148278424633944,3718,3718,0.00215321759641369,0.00107660879820687
0.180908032712957,0.149815165038625,3719,3719,0.00215321759641369,0.00107660879820683
0.179399797006536,0.148278424633944,3720,3720,0.00215321759641369,0.00107660879820687
0.180908032712957,0.149815165038625,3721,3721,0.00215321759641369,0.00107660879820683
0.179399797006536,0.148278424633944,3722,3722,0.00215321759641369,0.00107660879820687
0.180908032712957,0.149815165038625,3723,3723,0.00215321759641369,0.00107660879820683
0.179399797006536,0.148278424633944,3724,3724,0.00215321759641369,0.00107660879820687
0.180908032712957,0.149815165038625,3725,3725,0.00215321759641369,0.00107660879820683
0.179399797006536,0.148278424633944,3726,3726,0.00215321759641369,0.00107660879820687
0.180908032712957,0.149815165038625,3727,3727,0.00215321759641369,0.00107660879820683
0.179399797006536,0.148278424633944,3728,3728,0.00215321759641369,0.00107660879820687
0.180908032712957,0.149815165038625,3729,3729,0.00215321759641369,0.00107660879820683
0.179399797006536,0.148278424633944,3730,3730,0.00215321759641369,0.00107660879820687
0.180908032712957,0.149815165038625,3731,3731,0.00215321759641369,0.00107660879820683
0.179399797006536,0.148278424633944,3732,3732,0.00215321759641369,0.00107660879820687
0.180908032712957,0.149815165038625,3733,3733,0.00215321759641369,0.00107660879820683
0.179399797006536,0.148278424633944,3734,3734,0.00215321759641369,0.00107660879820687
0.180908032712957,0.149815165038625,3735,3735,0.00215321759641369,0.00107660879820683
0.179399797006536,0.148278424633944,3736,3736,0.00215321759641369,0.00107660879820687
0.180908032712957,0.149815165038625,3737,3737,0.00215321759641369,0.00107660879820683
0.179399797006536,0.148278424633944,3738,3738,0.00215321759641369,0.00107660879820687
0.180908032712957,0.149815165038625,3739,3739,0.00215321759641369,0.00107660879820683
0.179399797006536,0.148278424633944,3740,3740,0.00215321759641369,0.00107660879820687
0.180908032712957,0.149815165038625,3741,3741,0.00215321759641369,0.00107660879820683
0.179399797006536,0.148278424633944,3742,3742,0.00215321759641369,0.00107660879820687
0.180908032712957,0.149815165038625,3743,3743,0.00215321759641369,0.00107660879820683
0.179399797006536,0.148278424633944,3744,3744,0.00215321759641369,0.00107660879820687
0.180908032712957,0.149815165038625,3745,3745,0.00215321759641369,0.00107660879820683
0.179399797006536,0.148278424633944,3746,3746,0.00215321759641369,0.00107660879820687
0.180908032712957,0.149815165038625,3747,3747,0.00215321759641369,0.00107660879820683
0.179399797006536,0.148278424633944,3748,3748,0.00215321759641369,0.00107660879820687
0.180908032712957,0.149815165038625,3749,3749,0.00215321759641369,0.00107660879820683
0.179399797006536,0.148278424633944,3750,3750,0.00215321759641369,0.00107660879820687
0.180908032712957,0.149815165038625,3751,3751,0.00215321759641369,0.00107660879820683
0.179399797006536,0.148278424633944,3752,3752,0.00215321759641369,0.00107660879820687
0.180908032712957,0.149815165038625,3753,3753,0.00215321759641369,0.00107660879820683
0.179399797006536,0.148278424633944,3754,3754,0.00215321759641369,0.00107660879820687
0.180908032712957,0.149815165038625,3755,3755,0.00215321759641369,0.00107660879820683
0.179399797006536,0.148278424633944,3756,3756,0.00215321759641369,0.00107660879820687
0.180908032712957,0.149815165038625,3757,3757,0.00215321759641369,0.00107660879820683
0.179399797006536,0.148278424633944,3758,3758,0.00215321759641369,0.00107660879820687
0.180908032712957,0.149815165038625,3759,3759,0.00215321759641369,0.00107660879820683
0.179399797006536,0.148278424633944,3760,3760,0.00215321759641369,0.00107660879820687
0.180908032712957,0.149815165038625,3761,3761,0.00215321759641369,0.00107660879820683
0.179399797006536,0.148278424633944,3762,3762,0.00215321759641369,0.00107660879820687
0.180908032712957,0.149815165038625,3763,3763,0.00215321759641369,0.00107660879820683
0.179399797006536,0.148278424633944,3764,3764,0.00215321759641369,0.00107660879820687
0.180908032712957,0.149815165038625,3765,3765,0.00215321759641369,0.00107660879820683
0.179399797006536,0.148278424633944,3766,3766,0.00215321759641369,0.00107660879820687
0.180908032712957,0.149815165038625,3767,3767,0.00215321759641369,0.00107660879820683
0.179399797006536,0.148278424633944,3768,3768,0.00215321759641369,0.00107660879820687
0.180908032712957,0.149815165038625,3769,3769,0.00215321759641369,0.00107660879820683
0.179399797006536,0.148278424633944,3770,3770,0.00215321759641369,0.00107660879820687
0.180908032712957,0.149815165038625,3771,3771,0.00215321759641369,0.00107660879820683
0.179399797006536,0.148278424633944,3772,3772,0.00215321759641369,0.00107660879820687
0.180908032712957,0.149815165038625,3773,3773,0.00215321759641369,0.00107660879820683
0.179399797006536,0.148278424633944,3774,3774,0.00215321759641369,0.00107660879820687
0.180908032712957,0.149815165038625,3775,3775,0.00215321759641369,0.00107660879820683
0.179399797006536,0.148278424633944,3776,3776,0.00215321759641369,0.00107660879820687
0.180908032712957,0.149815165038625,3777,3777,0.00215321759641369,0.00107660879820683
0.179399797006536,0.148278424633944,3778,3778,0.00215321759641369,0.00107660879820687
0.180908032712957,0.149815165038625,3779,3779,0.00215321759641369,0.00107660879820683
0.179399797006536,0.148278424633944,3780,3780,0.00215321759641369,0.00107660879820687
0.180908032712957,0.149815165038625,3781,3781,0.00215321759641369,0.00107660879820683
0.179399797006536,0.148278424633944,3782,3782,0.00215321759641369,0.00107660879820687
0.180908032712957,0.149815165038625,3783,3783,0.00215321759641369,0.00107660879820683
0.179399797006536,0.148278424633944,3784,3784,0.00215321759641369,0.00107660879820687
0.180908032712957,0.149815165038625,3785,3785,0.00215321759641369,0.00107660879820683
0.179399797006536,0.148278424633944,3786,3786,0.00215321759641369,0.00107660879820687
0.180908032712957,0.149815165038625,3787,3787,0.00215321759641369,0.00107660879820683
0.179399797006536,0.148278424633944,3788,3788,0.00215321759641369,0.00107660879820687
0.180908032712957,0.149815165038625,3789,3789,0.00215321759641369,0.00107660879820683
0.179399797006536,0.148278424633944,3790,3790,0.00215321759641369,0.00107660879820687
0.180908032712957,0.149815165038625,3791,3791,0.00215321759641369,0.00107660879820683
0.179399797006536,0.148278424633944,3792,3792,0.00215321759641369,0.00107660879820687
0.180908032712957,0.149815165038625,3793,3793,0.00215321759641369,0.00107660879820683
0.179399797006536,0.148278424633944,3794,3794,0.00215321759641369,0.00107660879820687
0.180908032712957,0.149815165038625,3795,3795,0.00215321759641369,0.00107660879820683
0.179399797006536,0.148278424633944,3796,3796,0.00215321759641369,0.00107660879820687
0.180908032712957,0.149815165038625,3797,3797,0.00215321759641369,0.00107660879820683
0.179399797006536,0.148278424633944,3798,3798,0.00215321759641369,0.00107660879820687
0.180908032712957,0.149815165038625,3799,3799,0.00215321759641369,0.00107660879820683
0.179399797006536,0.148278424633944,3800,3800,0.00215321759641369,0.00107660879820687
0.180908032712957,0.149815165038625,3801,3801,0.00215321759641369,0.00107660879820683
0.179399797006536,0.148278424633944,3802,3802,0.00215321759641369,0.00107660879820687
0.180908032712957,0.149815165038625,3803,3803,0.00215321759641369,0.00107660879820683
0.179399797006536,0.148278424633944,3804,3804,0.00215321759641369,0.00107660879820687
0.180908032712957,0.149815165038625,3805,3805,0.00215321759641369,0.00107660879820683
0.179399797006536,0.148278424633944,3806,3806,0.00215321759641369,0.00107660879820687
0.180908032712957,0.149815165038625,3807,3807,0.00215321759641369,0.00107660879820683
0.179399797006536,0.148278424633944,3808,3808,0.00215321759641369,0.00107660879820687
0.180908032712957,0.149815165038625,3809,3809,0.00215321759641369,0.00107660879820683
0.179399797006536,0.148278424633944,3810,3810,0.00215321759641369,0.00107660879820687
0.180908032712957,0.149815165038625,3811,3811,0.00215321759641369,0.00107660879820683
0.179399797006536,0.148278424633944,3812,3812,0.00215321759641369,0.00107660879820687
0.180908032712957,0.149815165038625,3813,3813,0.00215321759641369,0.00107660879820683
0.179399797006536,0.148278424633944,3814,3814,0.00215321759641369,0.00107660879820687
0.180908032712957,0.149815165038625,3815,3815,0.00215321759641369,0.00107660879820683
0.179399797006536,0.148278424633944,3816,3816,0.00215321759641369,0.00107660879820687
0.180908032712957,0.149815165038625,3817,3817,0.00215321759641369,0.00107660879820683
0.179399797006536,0.148278424633944,3818,3818,0.00215321759641369,0.00107660879820687
0.180908032712957,0.149815165038625,3819,3819,0.00215321759641369,0.00107660879820683
0.179399797006536,0.148278424633944,3820,3820,0.00215321759641369,0.00107660879820687
0.180908032712957,0.149815165038625,3821,3821,0.00215321759641369,0.00107660879820683
0.179399797006536,0.148278424633944,3822,3822,0.00215321759641369,0.00107660879820687
0.180908032712957,0.149815165038625,3823,3823,0.00215321759641369,0.00107660879820683
0.179399797006536,0.148278424633944,3824,3824,0.00215321759641369,0.00107660879820687
0.180908032712957,0.149815165038625,3825,3825,0.00215321759641369,0.00107660879820683
0.179399797006536,0.148278424633944,3826,3826,0.00215321759641369,0.00107660879820687
0.180908032712957,0.149815165038625,3827,3827,0.00215321759641369,0.00107660879820683
0.179399797006536,0.148278424633944,3828,3828,0.00215321759641369,0.00107660879820687
0.180908032712957,0.149815165038625,3829,3829,0.00215321759641369,0.00107660879820683
0.179399797006536,0.148278424633944,3830,3830,0.00215321759641369,0.00107660879820687
0.180908032712957,0.149815165038625,3831,3831,0.00215321759641369,0.00107660879820683
0.179399797006536,0.148278424633944,3832,3832,0.00215321759641369,0.00107660879820687
0.180908032712957,0.149815165038625,3833,3833,0.00215321759641369,0.00107660879820683
0.179399797006536,0.148278424633944,3834,3834,0.00215321759641369,0.00107660879820687
0.180908032712957,0.149815165038625,3835,3835,0.00215321759641369,0.00107660879820683
0.179399797006536,0.148278424633944,3836,3836,0.00215321759641369,0.00107660879820687
0.180908032712957,0.149815165038625,3837,3837,0.00215321759641369,0.00107660879820683
0.179399797006536,0.148278424633944,3838,3838,0.00215321759641369,0.00107660879820687
0.180908032712957,0.149815165038625,3839,3839,0.00215321759641369,0.00107660879820683
0.179399797006536,0.148278424633944,3840,3840,0.00215321759641369,0.00107660879820687
0.180908032712957,0.149815165038625,3841,3841,0.00215321759641369,0.00107660879820683
0.179399797006536,0.148278424633944,3842,3842,0.00215321759641369,0.00107660879820687
0.180908032712957,0.149815165038625,3843,3843,0.00215321759641369,0.00107660879820683
0.179399797006536,0.148278424633944,3844,3844,0.00215321759641369,0.00107660879820687
0.180908032712957,0.149815165038625,3845,3845,0.00215321759641369,0.00107660879820683
0.179399797006536,0.148278424633944,3846,3846,0.00215321759641369,0.00107660879820687
0.180908032712957,0.149815165038625,3847,3847,0.00215321759641369,0.00107660879820683
0.179399797006536,0.148278424633944,3848,3848,0.00215321759641369,0.00107660879820687
0.180908032712957,0.149815165038625,3849,3849,0.00215321759641369,0.00107660879820683
0.179399797006536,0.148278424633944,3850,3850,0.00215321759641369,0.00107660879820687
0.180908032712957,0.149815165038625,3851,3851,0.00215321759641369,0.00107660879820683
0.179399797006536,0.148278424633944,3852,3852,0.00215321759641369,0.00107660879820687
0.180908032712957,0.149815165038625,3853,3853,0.00215321759641369,0.00107660879820683
0.179399797006536,0.148278424633944,3854,3854,0.00215321759641369,0.00107660879820687
0.180908032712957,0.149815165038625,3855,3855,0.00215321759641369,0.00107660879820683
0.179399797006536,0.148278424633944,3856,3856,0.00215321759641369,0.00107660879820687
0.180908032712957,0.149815165038625,3857,3857,0.00215321759641369,0.00107660879820683
0.179399797006536,0.148278424633944,3858,3858,0.00215321759641369,0.00107660879820687
0.180908032712957,0.149815165038625,3859,3859,0.00215321759641369,0.00107660879820683
0.179399797006536,0.148278424633944,3860,3860,0.00215321759641369,0.00107660879820687
0.180908032712957,0.149815165038625,3861,3861,0.00215321759641369,0.00107660879820683
0.179399797006536,0.148278424633944,3862,3862,0.00215321759641369,0.00107660879820687
0.180908032712957,0.149815165038625,3863,3863,0.00215321759641369,0.00107660879820683
0.179399797006536,0.148278424633944,3864,3864,0.00215321759641369,0.00107660879820687
0.180908032712957,0.149815165038625,3865,3865,0.00215321759641369,0.00107660879820683
0.179399797006536,0.148278424633944,3866,3866,0.00215321759641369,0.00107660879820687
0.180908032712957,0.149815165038625,3867,3867,0.00215321759641369,0.00107660879820683
0.179399797006536,0.148278424633944,3868,3868,0.00215321759641369,0.00107660879820687
0.180908032712957,0.149815165038625,3869,3869,0.00215321759641369,0.00107660879820683
0.179399797006536,0.148278424633944,3870,3870,0.00215321759641369,0.00107660879820687
0.180908032712957,0.149815165038625,3871,3871,0.00215321759641369,0.00107660879820683
0.179399797006536,0.148278424633944,3872,3872,0.00215321759641369,0.00107660879820687
0.180908032712957,0.149815165038625,3873,3873,0.00215321759641369,0.00107660879820683
0.179399797006536,0.148278424633944,3874,3874,0.00215321759641369,0.00107660879820687
0.180908032712957,0.149815165038625,3875,3875,0.00215321759641369,0.00107660879820683
0.179399797006536,0.148278424633944,3876,3876,0.00215321759641369,0.00107660879820687
0.180908032712957,0.149815165038625,3877,3877,0.00215321759641369,0.00107660879820683
0.179399797006536,0.148278424633944,3878,3878,0.00215321759641369,0.00107660879820687
0.180908032712957,0.149815165038625,3879,3879,0.00215321759641369,0.00107660879820683
0.179399797006536,0.148278424633944,3880,3880,0.00215321759641369,0.00107660879820687
0.180908032712957,0.149815165038625,3881,3881,0.00215321759641369,0.00107660879820683
0.179399797006536,0.148278424633944,3882,3882,0.00215321759641369,0.00107660879820687
0.180908032712957,0.149815165038625,3883,3883,0.00215321759641369,0.00107660879820683
0.179399797006536,0.148278424633944,3884,3884,0.00215321759641369,0.00107660879820687
0.180908032712957,0.149815165038625,3885,3885,0.00215321759641369,0.00107660879820683
0.179399797006536,0.148278424633944,3886,3886,0.00215321759641369,0.00107660879820687
0.180908032712957,0.149815165038625,3887,3887,0.00215321759641369,0.00107660879820683
0.179399797006536,0.148278424633944,3888,3888,0.00215321759641369,0.00107660879820687
0.180908032712957,0.149815165038625,3889,3889,0.00215321759641369,0.00107660879820683
0.179399797006536,0.148278424633944,3890,3890,0.00215321759641369,0.00107660879820687
0.180908032712957,0.149815165038625,3891,3891,0.00215321759641369,0.00107660879820683
0.179399797006536,0.148278424633944,3892,3892,0.00215321759641369,0.00107660879820687
0.180908032712957,0.149815165038625,3893,3893,0.00215321759641369,0.00107660879820683
0.179399797006536,0.148278424633944,3894,3894,0.00215321759641369,0.00107660879820687
0.180908032712957,0.149815165038625,3895,3895,0.00215321759641369,0.00107660879820683
0.179399797006536,0.148278424633944,3896,3896,0.00215321759641369,0.00107660879820687
0.180908032712957,0.149815165038625,3897,3897,0.00215321759641369,0.00107660879820683
0.179399797006536,0.148278424633944,3898,3898,0.00215321759641369,0.00107660879820687
0.180908032712957,0.149815165038625,3899,3899,0.00215321759641369,0.00107660879820683
0.179399797006536,0.148278424633944,3900,3900,0.00215321759641369,0.00107660879820687
0.180908032712957,0.149815165038625,3901,3901,0.00215321759641369,0.00107660879820683
0.179399797006536,0.148278424633944,3902,3902,0.00215321759641369,0.00107660879820687
0.180908032712957,0.149815165038625,3903,3903,0.00215321759641369,0.00107660879820683
0.179399797006536,0.148278424633944,3904,3904,0.00215321759641369,0.00107660879820687
0.180908032712957,0.149815165038625,3905,3905,0.00215321759641369,0.00107660879820683
0.179399797006536,0.148278424633944,3906,3906,0.00215321759641369,0.00107660879820687
0.180908032712957,0.149815165038625,3907,3907,0.00215321759641369,0.00107660879820683
0.179399797006536,0.148278424633944,3908,3908,0.00215321759641369,0.00107660879820687
0.180908032712957,0.149815165038625,3909,3909,0.00215321759641369,0.00107660879820683
0.179399797006536,0.148278424633944,3910,3910,0.00215321759641369,0.00107660879820687
0.180908032712957,0.149815165038625,3911,3911,0.00215321759641369,0.00107660879820683
0.179399797006536,0.148278424633944,3912,3912,0.00215321759641369,0.00107660879820687
0.180908032712957,0.149815165038625,3913,3913,0.00215321759641369,0.00107660879820683
0.179399797006536,0.148278424633944,3914,3914,0.00215321759641369,0.00107660879820687
0.180908032712957,0.149815165038625,3915,3915,0.00215321759641369,0.00107660879820683
0.179399797006536,0.148278424633944,3916,3916,0.00215321759641369,0.00107660879820687
0.180908032712957,0.149815165038625,3917,3917,0.00215321759641369,0.00107660879820683
0.179399797006536,0.148278424633944,3918,3918,0.00215321759641369,0.00107660879820687
0.180908032712957,0.149815165038625,3919,3919,0.00215321759641369,0.00107660879820683
0.179399797006536,0.148278424633944,3920,3920,0.00215321759641369,0.00107660879820687
0.180908032712957,0.149815165038625,3921,3921,0.00215321759641369,0.00107660879820683
0.179399797006536,0.148278424633944,3922,3922,0.00215321759641369,0.00107660879820687
0.180908032712957,0.149815165038625,3923,3923,0.00215321759641369,0.00107660879820683
0.179399797006536,0.148278424633944,3924,3924,0.00215321759641369,0.00107660879820687
0.180908032712957,0.149815165038625,3925,3925,0.00215321759641369,0.00107660879820683
0.179399797006536,0.148278424633944,3926,3926,0.00215321759641369,0.00107660879820687
0.180908032712957,0.149815165038625,3927,3927,0.00215321759641369,0.00107660879820683
0.179399797006536,0.148278424633944,3928,3928,0.00215321759641369,0.00107660879820687
0.180908032712957,0.149815165038625,3929,3929,0.00215321759641369,0.00107660879820683
0.179399797006536,0.148278424633944,3930,3930,0.00215321759641369,0.00107660879820687
0.180908032712957,0.149815165038625,3931,3931,0.00215321759641369,0.00107660879820683
0.179399797006536,0.148278424633944,3932,3932,0.00215321759641369,0.00107660879820687
0.180908032712957,0.149815165038625,3933,3933,0.00215321759641369,0.00107660879820683
0.179399797006536,0.148278424633944,3934,3934,0.00215321759641369,0.00107660879820687
0.180908032712957,0.149815165038625,3935,3935,0.00215321759641369,0.00107660879820683
0.179399797006536,0.148278424633944,3936,3936,0.00215321759641369,0.00107660879820687
0.180908032712957,0.149815165038625,3937,3937,0.00215321759641369,0.00107660879820683
0.179399797006536,0.148278424633944,3938,3938,0.00215321759641369,0.00107660879820687
0.180908032712957,0.149815165038625,3939,3939,0.00215321759641369,0.00107660879820683
0.179399797006536,0.148278424633944,3940,3940,0.00215321759641369,0.00107660879820687
0.180908032712957,0.149815165038625,3941,3941,0.00215321759641369,0.00107660879820683
0.179399797006536,0.148278424633944,3942,3942,0.00215321759641369,0.00107660879820687
0.180908032712957,0.149815165038625,3943,3943,0.00215321759641369,0.00107660879820683
0.179399797006536,0.148278424633944,3944,3944,0.00215321759641369,0.00107660879820687
0.180908032712957,0.149815165038625,3945,3945,0.00215321759641369,0.00107660879820683
0.179399797006536,0.148278424633944,3946,3946,0.00215321759641369,0.00107660879820687
0.180908032712957,0.149815165038625,3947,3947,0.00215321759641369,0.00107660879820683
0.179399797006536,0.148278424633944,3948,3948,0.00215321759641369,0.00107660879820687
0.180908032712957,0.149815165038625,3949,3949,0.00215321759641369,0.00107660879820683
0.179399797006536,0.148278424633944,3950,3950,0.00215321759641369,0.00107660879820687
0.180908032712957,0.149815165038625,3951,3951,0.00215321759641369,0.00107660879820683
0.179399797006536,0.148278424633944,3952,3952,0.00215321759641369,0.00107660879820687
0.180908032712957,0.149815165038625,3953,3953,0.00215321759641369,0.00107660879820683
0.179399797006536,0.148278424633944,3954,3954,0.00215321759641369,0.00107660879820687
0.180908032712957,0.149815165038625,3955,3955,0.00215321759641369,0.00107660879820683
0.179399797006536,0.148278424633944,3956,3956,0.00215321759641369,0.00107660879820687
0.180908032712957,0.149815165038625,3957,3957,0.00215321759641369,0.00107660879820683
0.179399797006536,0.148278424633944,3958,3958,0.00215321759641369,0.00107660879820687
0.180908032712957,0.149815165038625,3959,3959,0.00215321759641369,0.00107660879820683
0.179399797006536,0.148278424633944,3960,3960,0.00215321759641369,0.00107660879820687
0.180908032712957,0.149815165038625,3961,3961,0.00215321759641369,0.00107660879820683
0.179399797006536,0.148278424633944,3962,3962,0.00215321759641369,0.00107660879820687
0.180908032712957,0.149815165038625,3963,3963,0.00215321759641369,0.00107660879820683
0.179399797006536,0.148278424633944,3964,3964,0.00215321759641369,0.00107660879820687
0.180908032712957,0.149815165038625,3965,3965,0.00215321759641369,0.00107660879820683
0.179399797006536,0.148278424633944,3966,3966,0.00215321759641369,0.00107660879820687
0.180908032712957,0.149815165038625,3967,3967,0.00215321759641369,0.00107660879820683
0.179399797006536,0.148278424633944,3968,3968,0.00215321759641369,0.00107660879820687
0.180908032712957,0.149815165038625,3969,3969,0.00215321759641369,0.00107660879820683
0.179399797006536,0.148278424633944,3970,3970,0.00215321759641369,0.00107660879820687
0.180908032712957,0.149815165038625,3971,3971,0.00215321759641369,0.00107660879820683
0.179399797006536,0.148278424633944,3972,3972,0.00215321759641369,0.00107660879820687
0.180908032712957,0.149815165038625,3973,3973,0.00215321759641369,0.00107660879820683
0.179399797006536,0.148278424633944,3974,3974,0.00215321759641369,0.00107660879820687
0.180908032712957,0.149815165038625,3975,3975,0.00215321759641369,0.00107660879820683
0.179399797006536,0.148278424633944,3976,3976,0.00215321759641369,0.00107660879820687
0.180908032712957,0.149815165038625,3977,3977,0.00215321759641369,0.00107660879820683
0.179399797006536,0.148278424633944,3978,3978,0.00215321759641369,0.00107660879820687
0.180908032712957,0.149815165038625,3979,3979,0.00215321759641369,0.00107660879820683
0.179399797006536,0.148278424633944,3980,3980,0.00215321759641369,0.00107660879820687
0.180908032712957,0.149815165038625,3981,3981,0.00215321759641369,0.00107660879820683
0.179399797006536,0.148278424633944,3982,3982,0.00215321759641369,0.00107660879820687
0.180908032712957,0.149815165038625,3983,3983,0.00215321759641369,0.00107660879820683
0.179399797006536,0.148278424633944,3984,3984,0.00215321759641369,0.00107660879820687
0.180908032712957,0.149815165038625,3985,3985,0.00215321759641369,0.00107660879820683
0.179399797006536,0.148278424633944,3986,3986,0.00215321759641369,0.00107660879820687
0.180908032712957,0.149815165038625,3987,3987,0.00215321759641369,0.00107660879820683
0.179399797006536,0.148278424633944,3988,3988,0.00215321759641369,0.00107660879820687
0.180908032712957,0.149815165038625,3989,3989,0.00215321759641369,0.00107660879820683
0.179399797006536,0.148278424633944,3990,3990,0.00215321759641369,0.00107660879820687
0.180908032712957,0.149815165038625,3991,3991,0.00215321759641369,0.00107660879820683
0.179399797006536,0.148278424633944,3992,3992,0.00215321759641369,0.00107660879820687
0.180908032712957,0.149815165038625,3993,3993,0.00215321759641369,0.00107660879820683
0.179399797006536,0.148278424633944,3994,3994,0.00215321759641369,0.00107660879820687
0.180908032712957,0.149815165038625,3995,3995,0.00215321759641369,0.00107660879820683
0.179399797006536,0.148278424633944,3996,3996,0.00215321759641369,0.00107660879820687
0.180908032712957,0.149815165038625,3997,3997,0.00215321759641369,0.00107660879820683
0.179399797006536,0.148278424633944,3998,3998,0.00215321759641369,0.00107660879820687
0.180908032712957,0.149815165038625,3999,3999,0.00215321759641369,0.00107660879820683
0.179399797006536,0.148278424633944,4000,4000,0.00215321759641369,0.00107660879820687
0.180908032712957,0.149815165038625,4001,4001,0.00215321759641369,0.00107660879820683
0.179399797006536,0.148278424633944,4002,4002,0.00215321759641369,0.00107660879820687
0.180908032712957,0.149815165038625,4003,4003,0.00215321759641369,0.00107660879820683
0.179399797006536,0.148278424633944,4004,4004,0.00215321759641369,0.00107660879820687
0.180908032712957,0.149815165038625,4005,4005,0.00215321759641369,0.00107660879820683
0.179399797006536,0.148278424633944,4006,4006,0.00215321759641369,0.00107660879820687
0.180908032712957,0.149815165038625,4007,4007,0.00215321759641369,0.00107660879820683
0.179399797006536,0.148278424633944,4008,4008,0.00215321759641369,0.00107660879820687
0.180908032712957,0.149815165038625,4009,4009,0.00215321759641369,0.00107660879820683
0.179399797006536,0.148278424633944,4010,4010,0.00215321759641369,0.00107660879820687
0.180908032712957,0.149815165038625,4011,4011,0.00215321759641369,0.00107660879820683
0.179399797006536,0.148278424633944,4012,4012,0.00215321759641369,0.00107660879820687
0.180908032712957,0.149815165038625,4013,4013,0.00215321759641369,0.00107660879820683
0.179399797006536,0.148278424633944,4014,4014,0.00215321759641369,0.00107660879820687
0.180908032712957,0.149815165038625,4015,4015,0.00215321759641369,0.00107660879820683
0.179399797006536,0.148278424633944,4016,4016,0.00215321759641369,0.00107660879820687
0.180908032712957,0.149815165038625,4017,4017,0.00215321759641369,0.00107660879820683
0.179399797006536,0.148278424633944,4018,4018,0.00215321759641369,0.00107660879820687
0.180908032712957,0.149815165038625,4019,4019,0.00215321759641369,0.00107660879820683
0.179399797006536,0.148278424633944,4020,4020,0.00215321759641369,0.00107660879820687
0.180908032712957,0.149815165038625,4021,4021,0.00215321759641369,0.00107660879820683
0.179399797006536,0.148278424633944,4022,4022,0.00215321759641369,0.00107660879820687
0.180908032712957,0.149815165038625,4023,4023,0.00215321759641369,0.00107660879820683
0.179399797006536,0.148278424633944,4024,4024,0.00215321759641369,0.00107660879820687
0.180908032712957,0.149815165038625,4025,4025,0.00215321759641369,0.00107660879820683
0.179399797006536,0.148278424633944,4026,4026,0.00215321759641369,0.00107660879820687
0.180908032712957,0.149815165038625,4027,4027,0.00215321759641369,0.00107660879820683
0.179399797006536,0.148278424633944,4028,4028,0.00215321759641369,0.00107660879820687
0.180908032712957,0.149815165038625,4029,4029,0.00215321759641369,0.00107660879820683
0.179399797006536,0.148278424633944,4030,4030,0.00215321759641369,0.00107660879820687
0.180908032712957,0.149815165038625,4031,4031,0.00215321759641369,0.00107660879820683
0.179399797006536,0.148278424633944,4032,4032,0.00215321759641369,0.00107660879820687
0.180908032712957,0.149815165038625,4033,4033,0.00215321759641369,0.00107660879820683
0.179399797006536,0.148278424633944,4034,4034,0.00215321759641369,0.00107660879820687
0.180908032712957,0.149815165038625,4035,4035,0.00215321759641369,0.00107660879820683
0.179399797006536,0.148278424633944,4036,4036,0.00215321759641369,0.00107660879820687
0.180908032712957,0.149815165038625,4037,4037,0.00215321759641369,0.00107660879820683
0.179399797006536,0.148278424633944,4038,4038,0.00215321759641369,0.00107660879820687
0.180908032712957,0.149815165038625,4039,4039,0.00215321759641369,0.00107660879820683
0.179399797006536,0.148278424633944,4040,4040,0.00215321759641369,0.00107660879820687
0.180908032712957,0.149815165038625,4041,4041,0.00215321759641369,0.00107660879820683
0.179399797006536,0.148278424633944,4042,4042,0.00215321759641369,0.00107660879820687
0.180908032712957,0.149815165038625,4043,4043,0.00215321759641369,0.00107660879820683
0.179399797006536,0.148278424633944,4044,4044,0.00215321759641369,0.00107660879820687
0.180908032712957,0.149815165038625,4045,4045,0.00215321759641369,0.00107660879820683
0.179399797006536,0.148278424633944,4046,4046,0.00215321759641369,0.00107660879820687
0.180908032712957,0.149815165038625,4047,4047,0.00215321759641369,0.00107660879820683
0.179399797006536,0.148278424633944,4048,4048,0.00215321759641369,0.00107660879820687
0.180908032712957,0.149815165038625,4049,4049,0.00215321759641369,0.00107660879820683
0.179399797006536,0.148278424633944,4050,4050,0.00215321759641369,0.00107660879820687
0.180908032712957,0.149815165038625,4051,4051,0.00215321759641369,0.00107660879820683
0.179399797006536,0.148278424633944,4052,4052,0.00215321759641369,0.00107660879820687
0.180908032712957,0.149815165038625,4053,4053,0.00215321759641369,0.00107660879820683
0.179399797006536,0.148278424633944,4054,4054,0.00215321759641369,0.00107660879820687
0.180908032712957,0.149815165038625,4055,4055,0.00215321759641369,0.00107660879820683
0.179399797006536,0.148278424633944,4056,4056,0.00215321759641369,0.00107660879820687
0.180908032712957,0.149815165038625,4057,4057,0.00215321759641369,0.00107660879820683
0.179399797006536,0.148278424633944,4058,4058,0.00215321759641369,0.00107660879820687
0.180908032712957,0.149815165038625,4059,4059,0.00215321759641369,0.00107660879820683
0.179399797006536,0.148278424633944,4060,4060,0.00215321759641369,0.00107660879820687
0.180908032712957,0.149815165038625,4061,4061,0.00215321759641369,0.00107660879820683
0.179399797006536,0.148278424633944,4062,4062,0.00215321759641369,0.00107660879820687
0.180908032712957,0.149815165038625,4063,4063,0.00215321759641369,0.00107660879820683
0.179399797006536,0.148278424633944,4064,4064,0.00215321759641369,0.00107660879820687
0.180908032712957,0.149815165038625,4065,4065,0.00215321759641369,0.00107660879820683
0.179399797006536,0.148278424633944,4066,4066,0.00215321759641369,0.00107660879820687
0.180908032712957,0.149815165038625,4067,4067,0.00215321759641369,0.00107660879820683
0.179399797006536,0.148278424633944,4068,4068,0.00215321759641369,0.00107660879820687
0.180908032712957,0.149815165038625,4069,4069,0.00215321759641369,0.00107660879820683
0.179399797006536,0.148278424633944,4070,4070,0.00215321759641369,0.00107660879820687
0.180908032712957,0.149815165038625,4071,4071,0.00215321759641369,0.00107660879820683
0.179399797006536,0.148278424633944,4072,4072,0.00215321759641369,0.00107660879820687
0.180908032712957,0.149815165038625,4073,4073,0.00215321759641369,0.00107660879820683
0.179399797006536,0.148278424633944,4074,4074,0.00215321759641369,0.00107660879820687
0.180908032712957,0.149815165038625,4075,4075,0.00215321759641369,0.00107660879820683
0.179399797006536,0.148278424633944,4076,4076,0.00215321759641369,0.00107660879820687
0.180908032712957,0.149815165038625,4077,4077,0.00215321759641369,0.00107660879820683
0.179399797006536,0.148278424633944,4078,4078,0.00215321759641369,0.00107660879820687
0.180908032712957,0.149815165038625,4079,4079,0.00215321759641369,0.00107660879820683
0.179399797006536,0.148278424633944,4080,4080,0.00215321759641369,0.00107660879820687
0.180908032712957,0.149815165038625,4081,4081,0.00215321759641369,0.00107660879820683
0.179399797006536,0.148278424633944,4082,4082,0.00215321759641369,0.00107660879820687
0.180908032712957,0.149815165038625,4083,4083,0.00215321759641369,0.00107660879820683
0.179399797006536,0.148278424633944,4084,4084,0.00215321759641369,0.00107660879820687
0.180908032712957,0.149815165038625,4085,4085,0.00215321759641369,0.00107660879820683
0.179399797006536,0.148278424633944,4086,4086,0.00215321759641369,0.00107660879820687
0.180908032712957,0.149815165038625,4087,4087,0.00215321759641369,0.00107660879820683
0.179399797006536,0.148278424633944,4088,4088,0.00215321759641369,0.00107660879820687
0.180908032712957,0.149815165038625,4089,4089,0.00215321759641369,0.00107660879820683
0.179399797006536,0.148278424633944,4090,4090,0.00215321759641369,0.00107660879820687
0.180908032712957,0.149815165038625,4091,4091,0.00215321759641369,0.00107660879820683
0.179399797006536,0.148278424633944,4092,4092,0.00215321759641369,0.00107660879820687
0.180908032712957,0.149815165038625,4093,4093,0.00215321759641369,0.00107660879820683
0.179399797006536,0.148278424633944,4094,4094,0.00215321759641369,0.00107660879820687
0.180908032712957,0.149815165038625,4095,4095,0.00215321759641369,0.00107660879820683
0.179399797006536,0.148278424633944,4096,4096,0.00215321759641369,0.00107660879820687
0.180908032712957,0.149815165038625,4097,4097,0.00215321759641369,0.00107660879820683
0.179399797006536,0.148278424633944,4098,4098,0.00215321759641369,0.00107660879820687
0.180908032712957,0.149815165038625,4099,4099,0.00215321759641369,0.00107660879820683
0.179399797006536,0.148278424633944,4100,4100,0.00215321759641369,0.00107660879820687
0.180908032712957,0.149815165038625,4101,4101,0.00215321759641369,0.00107660879820683
0.179399797006536,0.148278424633944,4102,4102,0.00215321759641369,0.00107660879820687
0.180908032712957,0.149815165038625,4103,4103,0.00215321759641369,0.00107660879820683
0.179399797006536,0.148278424633944,4104,4104,0.00215321759641369,0.00107660879820687
0.180908032712957,0.149815165038625,4105,4105,0.00215321759641369,0.00107660879820683
0.179399797006536,0.148278424633944,4106,4106,0.00215321759641369,0.00107660879820687
0.180908032712957,0.149815165038625,4107,4107,0.00215321759641369,0.00107660879820683
0.179399797006536,0.148278424633944,4108,4108,0.00215321759641369,0.00107660879820687
0.180908032712957,0.149815165038625,4109,4109,0.00215321759641369,0.00107660879820683
0.179399797006536,0.148278424633944,4110,4110,0.00215321759641369,0.00107660879820687
0.180908032712957,0.149815165038625,4111,4111,0.00215321759641369,0.00107660879820683
0.179399797006536,0.148278424633944,4112,4112,0.00215321759641369,0.00107660879820687
0.180908032712957,0.149815165038625,4113,4113,0.00215321759641369,0.00107660879820683
0.179399797006536,0.148278424633944,4114,4114,0.00215321759641369,0.00107660879820687
0.180908032712957,0.149815165038625,4115,4115,0.00215321759641369,0.00107660879820683
0.179399797006536,0.148278424633944,4116,4116,0.00215321759641369,0.00107660879820687
0.180908032712957,0.149815165038625,4117,4117,0.00215321759641369,0.00107660879820683
0.179399797006536,0.148278424633944,4118,4118,0.00215321759641369,0.00107660879820687
0.180908032712957,0.149815165038625,4119,4119,0.00215321759641369,0.00107660879820683
0.179399797006536,0.148278424633944,4120,4120,0.00215321759641369,0.00107660879820687
0.180908032712957,0.149815165038625,4121,4121,0.00215321759641369,0.00107660879820683
0.179399797006536,0.148278424633944,4122,4122,0.00215321759641369,0.00107660879820687
0.180908032712957,0.149815165038625,4123,4123,0.00215321759641369,0.00107660879820683
0.179399797006536,0.148278424633944,4124,4124,0.00215321759641369,0.00107660879820687
0.180908032712957,0.149815165038625,4125,4125,0.00215321759641369,0.00107660879820683
0.179399797006536,0.148278424633944,4126,4126,0.00215321759641369,0.00107660879820687
0.180908032712957,0.149815165038625,4127,4127,0.00215321759641369,0.00107660879820683
0.179399797006536,0.148278424633944,4128,4128,0.00215321759641369,0.00107660879820687
0.180908032712957,0.149815165038625,4129,4129,0.00215321759641369,0.00107660879820683
0.179399797006536,0.148278424633944,4130,4130,0.00215321759641369,0.00107660879820687
0.180908032712957,0.149815165038625,4131,4131,0.00215321759641369,0.00107660879820683
0.179399797006536,0.148278424633944,4132,4132,0.00215321759641369,0.00107660879820687
0.180908032712957,0.149815165038625,4133,4133,0.00215321759641369,0.00107660879820683
0.179399797006536,0.148278424633944,4134,4134,0.00215321759641369,0.00107660879820687
0.180908032712957,0.149815165038625,4135,4135,0.00215321759641369,0.00107660879820683
0.179399797006536,0.148278424633944,4136,4136,0.00215321759641369,0.00107660879820687
0.180908032712957,0.149815165038625,4137,4137,0.00215321759641369,0.00107660879820683
0.179399797006536,0.148278424633944,4138,4138,0.00215321759641369,0.00107660879820687
0.180908032712957,0.149815165038625,4139,4139,0.00215321759641369,0.00107660879820683
0.179399797006536,0.148278424633944,4140,4140,0.00215321759641369,0.00107660879820687
0.180908032712957,0.149815165038625,4141,4141,0.00215321759641369,0.00107660879820683
0.179399797006536,0.148278424633944,4142,4142,0.00215321759641369,0.00107660879820687
0.180908032712957,0.149815165038625,4143,4143,0.00215321759641369,0.00107660879820683
0.179399797006536,0.148278424633944,4144,4144,0.00215321759641369,0.00107660879820687
0.180908032712957,0.149815165038625,4145,4145,0.00215321759641369,0.00107660879820683
0.179399797006536,0.148278424633944,4146,4146,0.00215321759641369,0.00107660879820687
0.180908032712957,0.149815165038625,4147,4147,0.00215321759641369,0.00107660879820683
0.179399797006536,0.148278424633944,4148,4148,0.00215321759641369,0.00107660879820687
0.180908032712957,0.149815165038625,4149,4149,0.00215321759641369,0.00107660879820683
0.179399797006536,0.148278424633944,4150,4150,0.00215321759641369,0.00107660879820687
0.180908032712957,0.149815165038625,4151,4151,0.00215321759641369,0.00107660879820683
0.179399797006536,0.148278424633944,4152,4152,0.00215321759641369,0.00107660879820687
0.180908032712957,0.149815165038625,4153,4153,0.00215321759641369,0.00107660879820683
0.179399797006536,0.148278424633944,4154,4154,0.00215321759641369,0.00107660879820687
0.180908032712957,0.149815165038625,4155,4155,0.00215321759641369,0.00107660879820683
0.179399797006536,0.148278424633944,4156,4156,0.00215321759641369,0.00107660879820687
0.180908032712957,0.149815165038625,4157,4157,0.00215321759641369,0.00107660879820683
0.179399797006536,0.148278424633944,4158,4158,0.00215321759641369,0.00107660879820687
0.180908032712957,0.149815165038625,4159,4159,0.00215321759641369,0.00107660879820683
0.179399797006536,0.148278424633944,4160,4160,0.00215321759641369,0.00107660879820687
0.180908032712957,0.149815165038625,4161,4161,0.00215321759641369,0.00107660879820683
0.179399797006536,0.148278424633944,4162,4162,0.00215321759641369,0.00107660879820687
0.180908032712957,0.149815165038625,4163,4163,0.00215321759641369,0.00107660879820683
0.179399797006536,0.148278424633944,4164,4164,0.00215321759641369,0.00107660879820687
0.180908032712957,0.149815165038625,4165,4165,0.00215321759641369,0.00107660879820683
0.179399797006536,0.148278424633944,4166,4166,0.00215321759641369,0.00107660879820687
0.180908032712957,0.149815165038625,4167,4167,0.00215321759641369,0.00107660879820683
0.179399797006536,0.148278424633944,4168,4168,0.00215321759641369,0.00107660879820687
0.180908032712957,0.149815165038625,4169,4169,0.00215321759641369,0.00107660879820683
0.179399797006536,0.148278424633944,4170,4170,0.00215321759641369,0.00107660879820687
0.180908032712957,0.149815165038625,4171,4171,0.00215321759641369,0.00107660879820683
0.179399797006536,0.148278424633944,4172,4172,0.00215321759641369,0.00107660879820687
0.180908032712957,0.149815165038625,4173,4173,0.00215321759641369,0.00107660879820683
0.179399797006536,0.148278424633944,4174,4174,0.00215321759641369,0.00107660879820687
0.180908032712957,0.149815165038625,4175,4175,0.00215321759641369,0.00107660879820683
0.179399797006536,0.148278424633944,4176,4176,0.00215321759641369,0.00107660879820687
0.180908032712957,0.149815165038625,4177,4177,0.00215321759641369,0.00107660879820683
0.179399797006536,0.148278424633944,4178,4178,0.00215321759641369,0.00107660879820687
0.180908032712957,0.149815165038625,4179,4179,0.00215321759641369,0.00107660879820683
0.179399797006536,0.148278424633944,4180,4180,0.00215321759641369,0.00107660879820687
0.180908032712957,0.149815165038625,4181,4181,0.00215321759641369,0.00107660879820683
0.179399797006536,0.148278424633944,4182,4182,0.00215321759641369,0.00107660879820687
0.180908032712957,0.149815165038625,4183,4183,0.00215321759641369,0.00107660879820683
0.179399797006536,0.148278424633944,4184,4184,0.00215321759641369,0.00107660879820687
0.180908032712957,0.149815165038625,4185,4185,0.00215321759641369,0.00107660879820683
0.179399797006536,0.148278424633944,4186,4186,0.00215321759641369,0.00107660879820687
0.180908032712957,0.149815165038625,4187,4187,0.00215321759641369,0.00107660879820683
0.179399797006536,0.148278424633944,4188,4188,0.00215321759641369,0.00107660879820687
0.180908032712957,0.149815165038625,4189,4189,0.00215321759641369,0.00107660879820683
0.179399797006536,0.148278424633944,4190,4190,0.00215321759641369,0.00107660879820687
0.180908032712957,0.149815165038625,4191,4191,0.00215321759641369,0.00107660879820683
0.179399797006536,0.148278424633944,4192,4192,0.00215321759641369,0.00107660879820687
0.180908032712957,0.149815165038625,4193,4193,0.00215321759641369,0.00107660879820683
0.179399797006536,0.148278424633944,4194,4194,0.00215321759641369,0.00107660879820687
0.180908032712957,0.149815165038625,4195,4195,0.00215321759641369,0.00107660879820683
0.179399797006536,0.148278424633944,4196,4196,0.00215321759641369,0.00107660879820687
0.180908032712957,0.149815165038625,4197,4197,0.00215321759641369,0.00107660879820683
0.179399797006536,0.148278424633944,4198,4198,0.00215321759641369,0.00107660879820687
0.180908032712957,0.149815165038625,4199,4199,0.00215321759641369,0.00107660879820683
0.179399797006536,0.148278424633944,4200,4200,0.00215321759641369,0.00107660879820687
0.180908032712957,0.149815165038625,4201,4201,0.00215321759641369,0.00107660879820683
0.179399797006536,0.148278424633944,4202,4202,0.00215321759641369,0.00107660879820687
0.180908032712957,0.149815165038625,4203,4203,0.00215321759641369,0.00107660879820683
0.179399797006536,0.148278424633944,4204,4204,0.00215321759641369,0.00107660879820687
0.180908032712957,0.149815165038625,4205,4205,0.00215321759641369,0.00107660879820683
0.179399797006536,0.148278424633944,4206,4206,0.00215321759641369,0.00107660879820687
0.180908032712957,0.149815165038625,4207,4207,0.00215321759641369,0.00107660879820683
0.179399797006536,0.148278424633944,4208,4208,0.00215321759641369,0.00107660879820687
0.180908032712957,0.149815165038625,4209,4209,0.00215321759641369,0.00107660879820683
0.179399797006536,0.148278424633944,4210,4210,0.00215321759641369,0.00107660879820687
0.180908032712957,0.149815165038625,4211,4211,0.00215321759641369,0.00107660879820683
0.179399797006536,0.148278424633944,4212,4212,0.00215321759641369,0.00107660879820687
0.180908032712957,0.149815165038625,4213,4213,0.00215321759641369,0.00107660879820683
0.179399797006536,0.148278424633944,4214,4214,0.00215321759641369,0.00107660879820687
0.180908032712957,0.149815165038625,4215,4215,0.00215321759641369,0.00107660879820683
0.179399797006536,0.148278424633944,4216,4216,0.00215321759641369,0.00107660879820687
0.180908032712957,0.149815165038625,4217,4217,0.00215321759641369,0.00107660879820683
0.179399797006536,0.148278424633944,4218,4218,0.00215321759641369,0.00107660879820687
0.180908032712957,0.149815165038625,4219,4219,0.00215321759641369,0.00107660879820683
0.179399797006536,0.148278424633944,4220,4220,0.00215321759641369,0.00107660879820687
0.180908032712957,0.149815165038625,4221,4221,0.00215321759641369,0.00107660879820683
0.179399797006536,0.148278424633944,4222,4222,0.00215321759641369,0.00107660879820687
0.180908032712957,0.149815165038625,4223,4223,0.00215321759641369,0.00107660879820683
0.179399797006536,0.148278424633944,4224,4224,0.00215321759641369,0.00107660879820687
0.180908032712957,0.149815165038625,4225,4225,0.00215321759641369,0.00107660879820683
0.179399797006536,0.148278424633944,4226,4226,0.00215321759641369,0.00107660879820687
0.180908032712957,0.149815165038625,4227,4227,0.00215321759641369,0.00107660879820683
0.179399797006536,0.148278424633944,4228,4228,0.00215321759641369,0.00107660879820687
0.180908032712957,0.149815165038625,4229,4229,0.00215321759641369,0.00107660879820683
0.179399797006536,0.148278424633944,4230,4230,0.00215321759641369,0.00107660879820687
0.180908032712957,0.149815165038625,4231,4231,0.00215321759641369,0.00107660879820683
0.179399797006536,0.148278424633944,4232,4232,0.00215321759641369,0.00107660879820687
0.180908032712957,0.149815165038625,4233,4233,0.00215321759641369,0.00107660879820683
0.179399797006536,0.148278424633944,4234,4234,0.00215321759641369,0.00107660879820687
0.180908032712957,0.149815165038625,4235,4235,0.00215321759641369,0.00107660879820683
0.179399797006536,0.148278424633944,4236,4236,0.00215321759641369,0.00107660879820687
0.180908032712957,0.149815165038625,4237,4237,0.00215321759641369,0.00107660879820683
0.179399797006536,0.148278424633944,4238,4238,0.00215321759641369,0.00107660879820687
0.180908032712957,0.149815165038625,4239,4239,0.00215321759641369,0.00107660879820683
0.179399797006536,0.148278424633944,4240,4240,0.00215321759641369,0.00107660879820687
0.180908032712957,0.149815165038625,4241,4241,0.00215321759641369,0.00107660879820683
0.179399797006536,0.148278424633944,4242,4242,0.00215321759641369,0.00107660879820687
0.180908032712957,0.149815165038625,4243,4243,0.00215321759641369,0.00107660879820683
0.179399797006536,0.148278424633944,4244,4244,0.00215321759641369,0.00107660879820687
0.180908032712957,0.149815165038625,4245,4245,0.00215321759641369,0.00107660879820683
0.179399797006536,0.148278424633944,4246,4246,0.00215321759641369,0.00107660879820687
0.180908032712957,0.149815165038625,4247,4247,0.00215321759641369,0.00107660879820683
0.179399797006536,0.148278424633944,4248,4248,0.00215321759641369,0.00107660879820687
0.180908032712957,0.149815165038625,4249,4249,0.00215321759641369,0.00107660879820683
0.179399797006536,0.148278424633944,4250,4250,0.00215321759641369,0.00107660879820687
0.180908032712957,0.149815165038625,4251,4251,0.00215321759641369,0.00107660879820683
0.179399797006536,0.148278424633944,4252,4252,0.00215321759641369,0.00107660879820687
0.180908032712957,0.149815165038625,4253,4253,0.00215321759641369,0.00107660879820683
0.179399797006536,0.148278424633944,4254,4254,0.00215321759641369,0.00107660879820687
0.180908032712957,0.149815165038625,4255,4255,0.00215321759641369,0.00107660879820683
0.179399797006536,0.148278424633944,4256,4256,0.00215321759641369,0.00107660879820687
0.180908032712957,0.149815165038625,4257,4257,0.00215321759641369,0.00107660879820683
0.179399797006536,0.148278424633944,4258,4258,0.00215321759641369,0.00107660879820687
0.180908032712957,0.149815165038625,4259,4259,0.00215321759641369,0.00107660879820683
0.179399797006536,0.148278424633944,4260,4260,0.00215321759641369,0.00107660879820687
0.180908032712957,0.149815165038625,4261,4261,0.00215321759641369,0.00107660879820683
0.179399797006536,0.148278424633944,4262,4262,0.00215321759641369,0.00107660879820687
0.180908032712957,0.149815165038625,4263,4263,0.00215321759641369,0.00107660879820683
0.179399797006536,0.148278424633944,4264,4264,0.00215321759641369,0.00107660879820687
0.180908032712957,0.149815165038625,4265,4265,0.00215321759641369,0.00107660879820683
0.179399797006536,0.148278424633944,4266,4266,0.00215321759641369,0.00107660879820687
0.180908032712957,0.149815165038625,4267,4267,0.00215321759641369,0.00107660879820683
0.179399797006536,0.148278424633944,4268,4268,0.00215321759641369,0.00107660879820687
0.180908032712957,0.149815165038625,4269,4269,0.00215321759641369,0.00107660879820683
0.179399797006536,0.148278424633944,4270,4270,0.00215321759641369,0.00107660879820687
0.180908032712957,0.149815165038625,4271,4271,0.00215321759641369,0.00107660879820683
0.179399797006536,0.148278424633944,4272,4272,0.00215321759641369,0.00107660879820687
0.180908032712957,0.149815165038625,4273,4273,0.00215321759641369,0.00107660879820683
0.179399797006536,0.148278424633944,4274,4274,0.00215321759641369,0.00107660879820687
0.180908032712957,0.149815165038625,4275,4275,0.00215321759641369,0.00107660879820683
0.179399797006536,0.148278424633944,4276,4276,0.00215321759641369,0.00107660879820687
0.180908032712957,0.149815165038625,4277,4277,0.00215321759641369,0.00107660879820683
0.179399797006536,0.148278424633944,4278,4278,0.00215321759641369,0.00107660879820687
0.180908032712957,0.149815165038625,4279,4279,0.00215321759641369,0.00107660879820683
0.179399797006536,0.148278424633944,4280,4280,0.00215321759641369,0.00107660879820687
0.180908032712957,0.149815165038625,4281,4281,0.00215321759641369,0.00107660879820683
0.179399797006536,0.148278424633944,4282,4282,0.00215321759641369,0.00107660879820687
0.180908032712957,0.149815165038625,4283,4283,0.00215321759641369,0.00107660879820683
0.179399797006536,0.148278424633944,4284,4284,0.00215321759641369,0.00107660879820687
0.180908032712957,0.149815165038625,4285,4285,0.00215321759641369,0.00107660879820683
0.179399797006536,0.148278424633944,4286,4286,0.00215321759641369,0.00107660879820687
0.180908032712957,0.149815165038625,4287,4287,0.00215321759641369,0.00107660879820683
0.179399797006536,0.148278424633944,4288,4288,0.00215321759641369,0.00107660879820687
0.180908032712957,0.149815165038625,4289,4289,0.00215321759641369,0.00107660879820683
0.179399797006536,0.148278424633944,4290,4290,0.00215321759641369,0.00107660879820687
0.180908032712957,0.149815165038625,4291,4291,0.00215321759641369,0.00107660879820683
0.179399797006536,0.148278424633944,4292,4292,0.00215321759641369,0.00107660879820687
0.180908032712957,0.149815165038625,4293,4293,0.00215321759641369,0.00107660879820683
0.179399797006536,0.148278424633944,4294,4294,0.00215321759641369,0.00107660879820687
0.180908032712957,0.149815165038625,4295,4295,0.00215321759641369,0.00107660879820683
0.179399797006536,0.148278424633944,4296,4296,0.00215321759641369,0.00107660879820687
0.180908032712957,0.149815165038625,4297,4297,0.00215321759641369,0.00107660879820683
0.179399797006536,0.148278424633944,4298,4298,0.00215321759641369,0.00107660879820687
0.180908032712957,0.149815165038625,4299,4299,0.00215321759641369,0.00107660879820683
0.179399797006536,0.148278424633944,4300,4300,0.00215321759641369,0.00107660879820687
0.180908032712957,0.149815165038625,4301,4301,0.00215321759641369,0.00107660879820683
0.179399797006536,0.148278424633944,4302,4302,0.00215321759641369,0.00107660879820687
0.180908032712957,0.149815165038625,4303,4303,0.00215321759641369,0.00107660879820683
0.179399797006536,0.148278424633944,4304,4304,0.00215321759641369,0.00107660879820687
0.180908032712957,0.149815165038625,4305,4305,0.00215321759641369,0.00107660879820683
0.179399797006536,0.148278424633944,4306,4306,0.00215321759641369,0.00107660879820687
0.180908032712957,0.149815165038625,4307,4307,0.00215321759641369,0.00107660879820683
0.179399797006536,0.148278424633944,4308,4308,0.00215321759641369,0.00107660879820687
0.180908032712957,0.149815165038625,4309,4309,0.00215321759641369,0.00107660879820683
0.179399797006536,0.148278424633944,4310,4310,0.00215321759641369,0.00107660879820687
0.180908032712957,0.149815165038625,4311,4311,0.00215321759641369,0.00107660879820683
0.179399797006536,0.148278424633944,4312,4312,0.00215321759641369,0.00107660879820687
0.180908032712957,0.149815165038625,4313,4313,0.00215321759641369,0.00107660879820683
0.179399797006536,0.148278424633944,4314,4314,0.00215321759641369,0.00107660879820687
0.180908032712957,0.149815165038625,4315,4315,0.00215321759641369,0.00107660879820683
0.179399797006536,0.148278424633944,4316,4316,0.00215321759641369,0.00107660879820687
0.180908032712957,0.149815165038625,4317,4317,0.00215321759641369,0.00107660879820683
0.179399797006536,0.148278424633944,4318,4318,0.00215321759641369,0.00107660879820687
0.180908032712957,0.149815165038625,4319,4319,0.00215321759641369,0.00107660879820683
0.179399797006536,0.148278424633944,4320,4320,0.00215321759641369,0.00107660879820687
0.180908032712957,0.149815165038625,4321,4321,0.00215321759641369,0.00107660879820683
0.179399797006536,0.148278424633944,4322,4322,0.00215321759641369,0.00107660879820687
0.180908032712957,0.149815165038625,4323,4323,0.00215321759641369,0.00107660879820683
0.179399797006536,0.148278424633944,4324,4324,0.00215321759641369,0.00107660879820687
0.180908032712957,0.149815165038625,4325,4325,0.00215321759641369,0.00107660879820683
0.179399797006536,0.148278424633944,4326,4326,0.00215321759641369,0.00107660879820687
0.180908032712957,0.149815165038625,4327,4327,0.00215321759641369,0.00107660879820683
0.179399797006536,0.148278424633944,4328,4328,0.00215321759641369,0.00107660879820687
0.180908032712957,0.149815165038625,4329,4329,0.00215321759641369,0.00107660879820683
0.179399797006536,0.148278424633944,4330,4330,0.00215321759641369,0.00107660879820687
0.180908032712957,0.149815165038625,4331,4331,0.00215321759641369,0.00107660879820683
0.179399797006536,0.148278424633944,4332,4332,0.00215321759641369,0.00107660879820687
0.180908032712957,0.149815165038625,4333,4333,0.00215321759641369,0.00107660879820683
0.179399797006536,0.148278424633944,4334,4334,0.00215321759641369,0.00107660879820687
0.180908032712957,0.149815165038625,4335,4335,0.00215321759641369,0.00107660879820683
0.179399797006536,0.148278424633944,4336,4336,0.00215321759641369,0.00107660879820687
0.180908032712957,0.149815165038625,4337,4337,0.00215321759641369,0.00107660879820683
0.179399797006536,0.148278424633944,4338,4338,0.00215321759641369,0.00107660879820687
0.180908032712957,0.149815165038625,4339,4339,0.00215321759641369,0.00107660879820683
0.179399797006536,0.148278424633944,4340,4340,0.00215321759641369,0.00107660879820687
0.180908032712957,0.149815165038625,4341,4341,0.00215321759641369,0.00107660879820683
0.179399797006536,0.148278424633944,4342,4342,0.00215321759641369,0.00107660879820687
0.180908032712957,0.149815165038625,4343,4343,0.00215321759641369,0.00107660879820683
0.179399797006536,0.148278424633944,4344,4344,0.00215321759641369,0.00107660879820687
0.180908032712957,0.149815165038625,4345,4345,0.00215321759641369,0.00107660879820683
0.179399797006536,0.148278424633944,4346,4346,0.00215321759641369,0.00107660879820687
0.180908032712957,0.149815165038625,4347,4347,0.00215321759641369,0.00107660879820683
0.179399797006536,0.148278424633944,4348,4348,0.00215321759641369,0.00107660879820687
0.180908032712957,0.149815165038625,4349,4349,0.00215321759641369,0.00107660879820683
0.179399797006536,0.148278424633944,4350,4350,0.00215321759641369,0.00107660879820687
0.180908032712957,0.149815165038625,4351,4351,0.00215321759641369,0.00107660879820683
0.179399797006536,0.148278424633944,4352,4352,0.00215321759641369,0.00107660879820687
0.180908032712957,0.149815165038625,4353,4353,0.00215321759641369,0.00107660879820683
0.179399797006536,0.148278424633944,4354,4354,0.00215321759641369,0.00107660879820687
0.180908032712957,0.149815165038625,4355,4355,0.00215321759641369,0.00107660879820683
0.179399797006536,0.148278424633944,4356,4356,0.00215321759641369,0.00107660879820687
0.180908032712957,0.149815165038625,4357,4357,0.00215321759641369,0.00107660879820683
0.179399797006536,0.148278424633944,4358,4358,0.00215321759641369,0.00107660879820687
0.180908032712957,0.149815165038625,4359,4359,0.00215321759641369,0.00107660879820683
0.179399797006536,0.148278424633944,4360,4360,0.00215321759641369,0.00107660879820687
0.180908032712957,0.149815165038625,4361,4361,0.00215321759641369,0.00107660879820683
0.179399797006536,0.148278424633944,4362,4362,0.00215321759641369,0.00107660879820687
0.180908032712957,0.149815165038625,4363,4363,0.00215321759641369,0.00107660879820683
0.179399797006536,0.148278424633944,4364,4364,0.00215321759641369,0.00107660879820687
0.180908032712957,0.149815165038625,4365,4365,0.00215321759641369,0.00107660879820683
0.179399797006536,0.148278424633944,4366,4366,0.00215321759641369,0.00107660879820687
0.180908032712957,0.149815165038625,4367,4367,0.00215321759641369,0.00107660879820683
0.179399797006536,0.148278424633944,4368,4368,0.00215321759641369,0.00107660879820687
0.180908032712957,0.149815165038625,4369,4369,0.00215321759641369,0.00107660879820683
0.179399797006536,0.148278424633944,4370,4370,0.00215321759641369,0.00107660879820687
0.180908032712957,0.149815165038625,4371,4371,0.00215321759641369,0.00107660879820683
0.179399797006536,0.148278424633944,4372,4372,0.00215321759641369,0.00107660879820687
0.180908032712957,0.149815165038625,4373,4373,0.00215321759641369,0.00107660879820683
0.179399797006536,0.148278424633944,4374,4374,0.00215321759641369,0.00107660879820687
0.180908032712957,0.149815165038625,4375,4375,0.00215321759641369,0.00107660879820683
0.179399797006536,0.148278424633944,4376,4376,0.00215321759641369,0.00107660879820687
0.180908032712957,0.149815165038625,4377,4377,0.00215321759641369,0.00107660879820683
0.179399797006536,0.148278424633944,4378,4378,0.00215321759641369,0.00107660879820687
0.180908032712957,0.149815165038625,4379,4379,0.00215321759641369,0.00107660879820683
0.179399797006536,0.148278424633944,4380,4380,0.00215321759641369,0.00107660879820687
0.180908032712957,0.149815165038625,4381,4381,0.00215321759641369,0.00107660879820683
0.179399797006536,0.148278424633944,4382,4382,0.00215321759641369,0.00107660879820687
0.180908032712957,0.149815165038625,4383,4383,0.00215321759641369,0.00107660879820683
0.179399797006536,0.148278424633944,4384,4384,0.00215321759641369,0.00107660879820687
0.180908032712957,0.149815165038625,4385,4385,0.00215321759641369,0.00107660879820683
0.179399797006536,0.148278424633944,4386,4386,0.00215321759641369,0.00107660879820687
0.180908032712957,0.149815165038625,4387,4387,0.00215321759641369,0.00107660879820683
0.179399797006536,0.148278424633944,4388,4388,0.00215321759641369,0.00107660879820687
0.180908032712957,0.149815165038625,4389,4389,0.00215321759641369,0.00107660879820683
0.179399797006536,0.148278424633944,4390,4390,0.00215321759641369,0.00107660879820687
0.180908032712957,0.149815165038625,4391,4391,0.00215321759641369,0.00107660879820683
0.179399797006536,0.148278424633944,4392,4392,0.00215321759641369,0.00107660879820687
0.180908032712957,0.149815165038625,4393,4393,0.00215321759641369,0.00107660879820683
0.179399797006536,0.148278424633944,4394,4394,0.00215321759641369,0.00107660879820687
0.180908032712957,0.149815165038625,4395,4395,0.00215321759641369,0.00107660879820683
0.179399797006536,0.148278424633944,4396,4396,0.00215321759641369,0.00107660879820687
0.180908032712957,0.149815165038625,4397,4397,0.00215321759641369,0.00107660879820683
0.179399797006536,0.148278424633944,4398,4398,0.00215321759641369,0.00107660879820687
0.180908032712957,0.149815165038625,4399,4399,0.00215321759641369,0.00107660879820683
0.179399797006536,0.148278424633944,4400,4400,0.00215321759641369,0.00107660879820687
0.180908032712957,0.149815165038625,4401,4401,0.00215321759641369,0.00107660879820683
0.179399797006536,0.148278424633944,4402,4402,0.00215321759641369,0.00107660879820687
0.180908032712957,0.149815165038625,4403,4403,0.00215321759641369,0.00107660879820683
0.179399797006536,0.148278424633944,4404,4404,0.00215321759641369,0.00107660879820687
0.180908032712957,0.149815165038625,4405,4405,0.00215321759641369,0.00107660879820683
0.179399797006536,0.148278424633944,4406,4406,0.00215321759641369,0.00107660879820687
0.180908032712957,0.149815165038625,4407,4407,0.00215321759641369,0.00107660879820683
0.179399797006536,0.148278424633944,4408,4408,0.00215321759641369,0.00107660879820687
0.180908032712957,0.149815165038625,4409,4409,0.00215321759641369,0.00107660879820683
0.179399797006536,0.148278424633944,4410,4410,0.00215321759641369,0.00107660879820687
0.180908032712957,0.149815165038625,4411,4411,0.00215321759641369,0.00107660879820683
0.179399797006536,0.148278424633944,4412,4412,0.00215321759641369,0.00107660879820687
0.180908032712957,0.149815165038625,4413,4413,0.00215321759641369,0.00107660879820683
0.179399797006536,0.148278424633944,4414,4414,0.00215321759641369,0.00107660879820687
0.180908032712957,0.149815165038625,4415,4415,0.00215321759641369,0.00107660879820683
0.179399797006536,0.148278424633944,4416,4416,0.00215321759641369,0.00107660879820687
0.180908032712957,0.149815165038625,4417,4417,0.00215321759641369,0.00107660879820683
0.179399797006536,0.148278424633944,4418,4418,0.00215321759641369,0.00107660879820687
0.180908032712957,0.149815165038625,4419,4419,0.00215321759641369,0.00107660879820683
0.179399797006536,0.148278424633944,4420,4420,0.00215321759641369,0.00107660879820687
0.180908032712957,0.149815165038625,4421,4421,0.00215321759641369,0.00107660879820683
0.179399797006536,0.148278424633944,4422,4422,0.00215321759641369,0.00107660879820687
0.180908032712957,0.149815165038625,4423,4423,0.00215321759641369,0.00107660879820683
0.179399797006536,0.148278424633944,4424,4424,0.00215321759641369,0.00107660879820687
0.180908032712957,0.149815165038625,4425,4425,0.00215321759641369,0.00107660879820683
0.179399797006536,0.148278424633944,4426,4426,0.00215321759641369,0.00107660879820687
0.180908032712957,0.149815165038625,4427,4427,0.00215321759641369,0.00107660879820683
0.179399797006536,0.148278424633944,4428,4428,0.00215321759641369,0.00107660879820687
0.180908032712957,0.149815165038625,4429,4429,0.00215321759641369,0.00107660879820683
0.179399797006536,0.148278424633944,4430,4430,0.00215321759641369,0.00107660879820687
0.180908032712957,0.149815165038625,4431,4431,0.00215321759641369,0.00107660879820683
0.179399797006536,0.148278424633944,4432,4432,0.00215321759641369,0.00107660879820687
0.180908032712957,0.149815165038625,4433,4433,0.00215321759641369,0.00107660879820683
0.179399797006536,0.148278424633944,4434,4434,0.00215321759641369,0.00107660879820687
0.180908032712957,0.149815165038625,4435,4435,0.00215321759641369,0.00107660879820683
0.179399797006536,0.148278424633944,4436,4436,0.00215321759641369,0.00107660879820687
0.180908032712957,0.149815165038625,4437,4437,0.00215321759641369,0.00107660879820683
0.179399797006536,0.148278424633944,4438,4438,0.00215321759641369,0.00107660879820687
0.180908032712957,0.149815165038625,4439,4439,0.00215321759641369,0.00107660879820683
0.179399797006536,0.148278424633944,4440,4440,0.00215321759641369,0.00107660879820687
0.180908032712957,0.149815165038625,4441,4441,0.00215321759641369,0.00107660879820683
0.179399797006536,0.148278424633944,4442,4442,0.00215321759641369,0.00107660879820687
0.180908032712957,0.149815165038625,4443,4443,0.00215321759641369,0.00107660879820683
0.179399797006536,0.148278424633944,4444,4444,0.00215321759641369,0.00107660879820687
0.180908032712957,0.149815165038625,4445,4445,0.00215321759641369,0.00107660879820683
0.179399797006536,0.148278424633944,4446,4446,0.00215321759641369,0.00107660879820687
0.180908032712957,0.149815165038625,4447,4447,0.00215321759641369,0.00107660879820683
0.179399797006536,0.148278424633944,4448,4448,0.00215321759641369,0.00107660879820687
0.180908032712957,0.149815165038625,4449,4449,0.00215321759641369,0.00107660879820683
0.179399797006536,0.148278424633944,4450,4450,0.00215321759641369,0.00107660879820687
0.180908032712957,0.149815165038625,4451,4451,0.00215321759641369,0.00107660879820683
0.179399797006536,0.148278424633944,4452,4452,0.00215321759641369,0.00107660879820687
0.180908032712957,0.149815165038625,4453,4453,0.00215321759641369,0.00107660879820683
0.179399797006536,0.148278424633944,4454,4454,0.00215321759641369,0.00107660879820687
0.180908032712957,0.149815165038625,4455,4455,0.00215321759641369,0.00107660879820683
0.179399797006536,0.148278424633944,4456,4456,0.00215321759641369,0.00107660879820687
0.180908032712957,0.149815165038625,4457,4457,0.00215321759641369,0.00107660879820683
0.179399797006536,0.148278424633944,4458,4458,0.00215321759641369,0.00107660879820687
0.180908032712957,0.149815165038625,4459,4459,0.00215321759641369,0.00107660879820683
0.179399797006536,0.148278424633944,4460,4460,0.00215321759641369,0.00107660879820687
0.180908032712957,0.149815165038625,4461,4461,0.00215321759641369,0.00107660879820683
0.179399797006536,0.148278424633944,4462,4462,0.00215321759641369,0.00107660879820687
0.180908032712957,0.149815165038625,4463,4463,0.00215321759641369,0.00107660879820683
0.179399797006536,0.148278424633944,4464,4464,0.00215321759641369,0.00107660879820687
0.180908032712957,0.149815165038625,4465,4465,0.00215321759641369,0.00107660879820683
0.179399797006536,0.148278424633944,4466,4466,0.00215321759641369,0.00107660879820687
0.180908032712957,0.149815165038625,4467,4467,0.00215321759641369,0.00107660879820683
0.179399797006536,0.148278424633944,4468,4468,0.00215321759641369,0.00107660879820687
0.180908032712957,0.149815165038625,4469,4469,0.00215321759641369,0.00107660879820683
0.179399797006536,0.148278424633944,4470,4470,0.00215321759641369,0.00107660879820687
0.180908032712957,0.149815165038625,4471,4471,0.00215321759641369,0.00107660879820683
0.179399797006536,0.148278424633944,4472,4472,0.00215321759641369,0.00107660879820687
0.180908032712957,0.149815165038625,4473,4473,0.00215321759641369,0.00107660879820683
0.179399797006536,0.148278424633944,4474,4474,0.00215321759641369,0.00107660879820687
0.180908032712957,0.149815165038625,4475,4475,0.00215321759641369,0.00107660879820683
0.179399797006536,0.148278424633944,4476,4476,0.00215321759641369,0.00107660879820687
0.180908032712957,0.149815165038625,4477,4477,0.00215321759641369,0.00107660879820683
0.179399797006536,0.148278424633944,4478,4478,0.00215321759641369,0.00107660879820687
0.180908032712957,0.149815165038625,4479,4479,0.00215321759641369,0.00107660879820683
0.179399797006536,0.148278424633944,4480,4480,0.00215321759641369,0.00107660879820687
0.180908032712957,0.149815165038625,4481,4481,0.00215321759641369,0.00107660879820683
0.179399797006536,0.148278424633944,4482,4482,0.00215321759641369,0.00107660879820687
0.180908032712957,0.149815165038625,4483,4483,0.00215321759641369,0.00107660879820683
0.179399797006536,0.148278424633944,4484,4484,0.00215321759641369,0.00107660879820687
0.180908032712957,0.149815165038625,4485,4485,0.00215321759641369,0.00107660879820683
0.179399797006536,0.148278424633944,4486,4486,0.00215321759641369,0.00107660879820687
0.180908032712957,0.149815165038625,4487,4487,0.00215321759641369,0.00107660879820683
0.179399797006536,0.148278424633944,4488,4488,0.00215321759641369,0.00107660879820687
0.180908032712957,0.149815165038625,4489,4489,0.00215321759641369,0.00107660879820683
0.179399797006536,0.148278424633944,4490,4490,0.00215321759641369,0.00107660879820687
0.180908032712957,0.149815165038625,4491,4491,0.00215321759641369,0.00107660879820683
0.179399797006536,0.148278424633944,4492,4492,0.00215321759641369,0.00107660879820687
0.180908032712957,0.149815165038625,4493,4493,0.00215321759641369,0.00107660879820683
0.179399797006536,0.148278424633944,4494,4494,0.00215321759641369,0.00107660879820687
0.180908032712957,0.149815165038625,4495,4495,0.00215321759641369,0.00107660879820683
0.179399797006536,0.148278424633944,4496,4496,0.00215321759641369,0.00107660879820687
0.180908032712957,0.149815165038625,4497,4497,0.00215321759641369,0.00107660879820683
0.179399797006536,0.148278424633944,4498,4498,0.00215321759641369,0.00107660879820687
0.180908032712957,0.149815165038625,4499,4499,0.00215321759641369,0.00107660879820683
0.179399797006536,0.148278424633944,4500,4500,0.00215321759641369,0.00107660879820687
0.180908032712957,0.149815165038625,4501,4501,0.00215321759641369,0.00107660879820683
0.179399797006536,0.148278424633944,4502,4502,0.00215321759641369,0.00107660879820687
0.180908032712957,0.149815165038625,4503,4503,0.00215321759641369,0.00107660879820683
0.179399797006536,0.148278424633944,4504,4504,0.00215321759641369,0.00107660879820687
0.180908032712957,0.149815165038625,4505,4505,0.00215321759641369,0.00107660879820683
0.179399797006536,0.148278424633944,4506,4506,0.00215321759641369,0.00107660879820687
0.180908032712957,0.149815165038625,4507,4507,0.00215321759641369,0.00107660879820683
0.179399797006536,0.148278424633944,4508,4508,0.00215321759641369,0.00107660879820687
0.180908032712957,0.149815165038625,4509,4509,0.00215321759641369,0.00107660879820683
0.179399797006536,0.148278424633944,4510,4510,0.00215321759641369,0.00107660879820687
0.180908032712957,0.149815165038625,4511,4511,0.00215321759641369,0.00107660879820683
0.179399797006536,0.148278424633944,4512,4512,0.00215321759641369,0.00107660879820687
0.180908032712957,0.149815165038625,4513,4513,0.00215321759641369,0.00107660879820683
0.179399797006536,0.148278424633944,4514,4514,0.00215321759641369,0.00107660879820687
0.180908032712957,0.149815165038625,4515,4515,0.00215321759641369,0.00107660879820683
0.179399797006536,0.148278424633944,4516,4516,0.00215321759641369,0.00107660879820687
0.180908032712957,0.149815165038625,4517,4517,0.00215321759641369,0.00107660879820683
0.179399797006536,0.148278424633944,4518,4518,0.00215321759641369,0.00107660879820687
0.180908032712957,0.149815165038625,4519,4519,0.00215321759641369,0.00107660879820683
0.179399797006536,0.148278424633944,4520,4520,0.00215321759641369,0.00107660879820687
0.180908032712957,0.149815165038625,4521,4521,0.00215321759641369,0.00107660879820683
0.179399797006536,0.148278424633944,4522,4522,0.00215321759641369,0.00107660879820687
0.180908032712957,0.149815165038625,4523,4523,0.00215321759641369,0.00107660879820683
0.179399797006536,0.148278424633944,4524,4524,0.00215321759641369,0.00107660879820687
0.180908032712957,0.149815165038625,4525,4525,0.00215321759641369,0.00107660879820683
0.179399797006536,0.148278424633944,4526,4526,0.00215321759641369,0.00107660879820687
0.180908032712957,0.149815165038625,4527,4527,0.00215321759641369,0.00107660879820683
0.179399797006536,0.148278424633944,4528,4528,0.00215321759641369,0.00107660879820687
0.180908032712957,0.149815165038625,4529,4529,0.00215321759641369,0.00107660879820683
0.179399797006536,0.148278424633944,4530,4530,0.00215321759641369,0.00107660879820687
0.180908032712957,0.149815165038625,4531,4531,0.00215321759641369,0.00107660879820683
0.179399797006536,0.148278424633944,4532,4532,0.00215321759641369,0.00107660879820687
0.180908032712957,0.149815165038625,4533,4533,0.00215321759641369,0.00107660879820683
0.179399797006536,0.148278424633944,4534,4534,0.00215321759641369,0.00107660879820687
0.180908032712957,0.149815165038625,4535,4535,0.00215321759641369,0.00107660879820683
0.179399797006536,0.148278424633944,4536,4536,0.00215321759641369,0.00107660879820687
0.180908032712957,0.149815165038625,4537,4537,0.00215321759641369,0.00107660879820683
0.179399797006536,0.148278424633944,4538,4538,0.00215321759641369,0.00107660879820687
0.180908032712957,0.149815165038625,4539,4539,0.00215321759641369,0.00107660879820683
0.179399797006536,0.148278424633944,4540,4540,0.00215321759641369,0.00107660879820687
0.180908032712957,0.149815165038625,4541,4541,0.00215321759641369,0.00107660879820683
0.179399797006536,0.148278424633944,4542,4542,0.00215321759641369,0.00107660879820687
0.180908032712957,0.149815165038625,4543,4543,0.00215321759641369,0.00107660879820683
0.179399797006536,0.148278424633944,4544,4544,0.00215321759641369,0.00107660879820687
0.180908032712957,0.149815165038625,4545,4545,0.00215321759641369,0.00107660879820683
0.179399797006536,0.148278424633944,4546,4546,0.00215321759641369,0.00107660879820687
0.180908032712957,0.149815165038625,4547,4547,0.00215321759641369,0.00107660879820683
0.179399797006536,0.148278424633944,4548,4548,0.00215321759641369,0.00107660879820687
0.180908032712957,0.149815165038625,4549,4549,0.00215321759641369,0.00107660879820683
0.179399797006536,0.148278424633944,4550,4550,0.00215321759641369,0.00107660879820687
0.180908032712957,0.149815165038625,4551,4551,0.00215321759641369,0.00107660879820683
0.179399797006536,0.148278424633944,4552,4552,0.00215321759641369,0.00107660879820687
0.180908032712957,0.149815165038625,4553,4553,0.00215321759641369,0.00107660879820683
0.179399797006536,0.148278424633944,4554,4554,0.00215321759641369,0.00107660879820687
0.180908032712957,0.149815165038625,4555,4555,0.00215321759641369,0.00107660879820683
0.179399797006536,0.148278424633944,4556,4556,0.00215321759641369,0.00107660879820687
0.180908032712957,0.149815165038625,4557,4557,0.00215321759641369,0.00107660879820683
0.179399797006536,0.148278424633944,4558,4558,0.00215321759641369,0.00107660879820687
0.180908032712957,0.149815165038625,4559,4559,0.00215321759641369,0.00107660879820683
0.179399797006536,0.148278424633944,4560,4560,0.00215321759641369,0.00107660879820687
0.180908032712957,0.149815165038625,4561,4561,0.00215321759641369,0.00107660879820683
0.179399797006536,0.148278424633944,4562,4562,0.00215321759641369,0.00107660879820687
0.180908032712957,0.149815165038625,4563,4563,0.00215321759641369,0.00107660879820683
0.179399797006536,0.148278424633944,4564,4564,0.00215321759641369,0.00107660879820687
0.180908032712957,0.149815165038625,4565,4565,0.00215321759641369,0.00107660879820683
0.179399797006536,0.148278424633944,4566,4566,0.00215321759641369,0.00107660879820687
0.180908032712957,0.149815165038625,4567,4567,0.00215321759641369,0.00107660879820683
0.179399797006536,0.148278424633944,4568,4568,0.00215321759641369,0.00107660879820687
0.180908032712957,0.149815165038625,4569,4569,0.00215321759641369,0.00107660879820683
0.179399797006536,0.148278424633944,4570,4570,0.00215321759641369,0.00107660879820687
0.180908032712957,0.149815165038625,4571,4571,0.00215321759641369,0.00107660879820683
0.179399797006536,0.148278424633944,4572,4572,0.00215321759641369,0.00107660879820687
0.180908032712957,0.149815165038625,4573,4573,0.00215321759641369,0.00107660879820683
0.179399797006536,0.148278424633944,4574,4574,0.00215321759641369,0.00107660879820687
0.180908032712957,0.149815165038625,4575,4575,0.00215321759641369,0.00107660879820683
0.179399797006536,0.148278424633944,4576,4576,0.00215321759641369,0.00107660879820687
0.180908032712957,0.149815165038625,4577,4577,0.00215321759641369,0.00107660879820683
0.179399797006536,0.148278424633944,4578,4578,0.00215321759641369,0.00107660879820687
0.180908032712957,0.149815165038625,4579,4579,0.00215321759641369,0.00107660879820683
0.179399797006536,0.148278424633944,4580,4580,0.00215321759641369,0.00107660879820687
0.180908032712957,0.149815165038625,4581,4581,0.00215321759641369,0.00107660879820683
0.179399797006536,0.148278424633944,4582,4582,0.00215321759641369,0.00107660879820687
0.180908032712957,0.149815165038625,4583,4583,0.00215321759641369,0.00107660879820683
0.179399797006536,0.148278424633944,4584,4584,0.00215321759641369,0.00107660879820687
0.180908032712957,0.149815165038625,4585,4585,0.00215321759641369,0.00107660879820683
0.179399797006536,0.148278424633944,4586,4586,0.00215321759641369,0.00107660879820687
0.180908032712957,0.149815165038625,4587,4587,0.00215321759641369,0.00107660879820683
0.179399797006536,0.148278424633944,4588,4588,0.00215321759641369,0.00107660879820687
0.180908032712957,0.149815165038625,4589,4589,0.00215321759641369,0.00107660879820683
0.179399797006536,0.148278424633944,4590,4590,0.00215321759641369,0.00107660879820687
0.180908032712957,0.149815165038625,4591,4591,0.00215321759641369,0.00107660879820683
0.179399797006536,0.148278424633944,4592,4592,0.00215321759641369,0.00107660879820687
0.180908032712957,0.149815165038625,4593,4593,0.00215321759641369,0.00107660879820683
0.179399797006536,0.148278424633944,4594,4594,0.00215321759641369,0.00107660879820687
0.180908032712957,0.149815165038625,4595,4595,0.00215321759641369,0.00107660879820683
0.179399797006536,0.148278424633944,4596,4596,0.00215321759641369,0.00107660879820687
0.180908032712957,0.149815165038625,4597,4597,0.00215321759641369,0.00107660879820683
0.179399797006536,0.148278424633944,4598,4598,0.00215321759641369,0.00107660879820687
0.180908032712957,0.149815165038625,4599,4599,0.00215321759641369,0.00107660879820683
0.179399797006536,0.148278424633944,4600,4600,0.00215321759641369,0.00107660879820687
0.180908032712957,0.149815165038625,4601,4601,0.00215321759641369,0.00107660879820683
0.179399797006536,0.148278424633944,4602,4602,0.00215321759641369,0.00107660879820687
0.180908032712957,0.149815165038625,4603,4603,0.00215321759641369,0.00107660879820683
0.179399797006536,0.148278424633944,4604,4604,0.00215321759641369,0.00107660879820687
0.180908032712957,0.149815165038625,4605,4605,0.00215321759641369,0.00107660879820683
0.179399797006536,0.148278424633944,4606,4606,0.00215321759641369,0.00107660879820687
0.180908032712957,0.149815165038625,4607,4607,0.00215321759641369,0.00107660879820683
0.179399797006536,0.148278424633944,4608,4608,0.00215321759641369,0.00107660879820687
0.180908032712957,0.149815165038625,4609,4609,0.00215321759641369,0.00107660879820683
0.179399797006536,0.148278424633944,4610,4610,0.00215321759641369,0.00107660879820687
0.180908032712957,0.149815165038625,4611,4611,0.00215321759641369,0.00107660879820683
0.179399797006536,0.148278424633944,4612,4612,0.00215321759641369,0.00107660879820687
0.180908032712957,0.149815165038625,4613,4613,0.00215321759641369,0.00107660879820683
0.179399797006536,0.148278424633944,4614,4614,0.00215321759641369,0.00107660879820687
0.180908032712957,0.149815165038625,4615,4615,0.00215321759641369,0.00107660879820683
0.179399797006536,0.148278424633944,4616,4616,0.00215321759641369,0.00107660879820687
0.180908032712957,0.149815165038625,4617,4617,0.00215321759641369,0.00107660879820683
0.179399797006536,0.148278424633944,4618,4618,0.00215321759641369,0.00107660879820687
0.180908032712957,0.149815165038625,4619,4619,0.00215321759641369,0.00107660879820683
0.179399797006536,0.148278424633944,4620,4620,0.00215321759641369,0.00107660879820687
0.180908032712957,0.149815165038625,4621,4621,0.00215321759641369,0.00107660879820683
0.179399797006536,0.148278424633944,4622,4622,0.00215321759641369,0.00107660879820687
0.180908032712957,0.149815165038625,4623,4623,0.00215321759641369,0.00107660879820683
0.179399797006536,0.148278424633944,4624,4624,0.00215321759641369,0.00107660879820687
0.180908032712957,0.149815165038625,4625,4625,0.00215321759641369,0.00107660879820683
0.179399797006536,0.148278424633944,4626,4626,0.00215321759641369,0.00107660879820687
0.180908032712957,0.149815165038625,4627,4627,0.00215321759641369,0.00107660879820683
0.179399797006536,0.148278424633944,4628,4628,0.00215321759641369,0.00107660879820687
0.180908032712957,0.149815165038625,4629,4629,0.00215321759641369,0.00107660879820683
0.179399797006536,0.148278424633944,4630,4630,0.00215321759641369,0.00107660879820687
0.180908032712957,0.149815165038625,4631,4631,0.00215321759641369,0.00107660879820683
0.179399797006536,0.148278424633944,4632,4632,0.00215321759641369,0.00107660879820687
0.180908032712957,0.149815165038625,4633,4633,0.00215321759641369,0.00107660879820683
0.179399797006536,0.148278424633944,4634,4634,0.00215321759641369,0.00107660879820687
0.180908032712957,0.149815165038625,4635,4635,0.00215321759641369,0.00107660879820683
0.179399797006536,0.148278424633944,4636,4636,0.00215321759641369,0.00107660879820687
0.180908032712957,0.149815165038625,4637,4637,0.00215321759641369,0.00107660879820683
0.179399797006536,0.148278424633944,4638,4638,0.00215321759641369,0.00107660879820687
0.180908032712957,0.149815165038625,4639,4639,0.00215321759641369,0.00107660879820683
0.179399797006536,0.148278424633944,4640,4640,0.00215321759641369,0.00107660879820687
0.180908032712957,0.149815165038625,4641,4641,0.00215321759641369,0.00107660879820683
0.179399797006536,0.148278424633944,4642,4642,0.00215321759641369,0.00107660879820687
0.180908032712957,0.149815165038625,4643,4643,0.00215321759641369,0.00107660879820683
0.179399797006536,0.148278424633944,4644,4644,0.00215321759641369,0.00107660879820687
0.180908032712957,0.149815165038625,4645,4645,0.00215321759641369,0.00107660879820683
0.179399797006536,0.148278424633944,4646,4646,0.00215321759641369,0.00107660879820687
0.180908032712957,0.149815165038625,4647,4647,0.00215321759641369,0.00107660879820683
0.179399797006536,0.148278424633944,4648,4648,0.00215321759641369,0.00107660879820687
0.180908032712957,0.149815165038625,4649,4649,0.00215321759641369,0.00107660879820683
0.179399797006536,0.148278424633944,4650,4650,0.00215321759641369,0.00107660879820687
0.180908032712957,0.149815165038625,4651,4651,0.00215321759641369,0.00107660879820683
0.179399797006536,0.148278424633944,4652,4652,0.00215321759641369,0.00107660879820687
0.180908032712957,0.149815165038625,4653,4653,0.00215321759641369,0.00107660879820683
0.179399797006536,0.148278424633944,4654,4654,0.00215321759641369,0.00107660879820687
0.180908032712957,0.149815165038625,4655,4655,0.00215321759641369,0.00107660879820683
0.179399797006536,0.148278424633944,4656,4656,0.00215321759641369,0.00107660879820687
0.180908032712957,0.149815165038625,4657,4657,0.00215321759641369,0.00107660879820683
0.179399797006536,0.148278424633944,4658,4658,0.00215321759641369,0.00107660879820687
0.180908032712957,0.149815165038625,4659,4659,0.00215321759641369,0.00107660879820683
0.179399797006536,0.148278424633944,4660,4660,0.00215321759641369,0.00107660879820687
0.180908032712957,0.149815165038625,4661,4661,0.00215321759641369,0.00107660879820683
0.179399797006536,0.148278424633944,4662,4662,0.00215321759641369,0.00107660879820687
0.180908032712957,0.149815165038625,4663,4663,0.00215321759641369,0.00107660879820683
0.179399797006536,0.148278424633944,4664,4664,0.00215321759641369,0.00107660879820687
0.180908032712957,0.149815165038625,4665,4665,0.00215321759641369,0.00107660879820683
0.179399797006536,0.148278424633944,4666,4666,0.00215321759641369,0.00107660879820687
0.180908032712957,0.149815165038625,4667,4667,0.00215321759641369,0.00107660879820683
0.179399797006536,0.148278424633944,4668,4668,0.00215321759641369,0.00107660879820687
0.180908032712957,0.149815165038625,4669,4669,0.00215321759641369,0.00107660879820683
0.179399797006536,0.148278424633944,4670,4670,0.00215321759641369,0.00107660879820687
0.180908032712957,0.149815165038625,4671,4671,0.00215321759641369,0.00107660879820683
0.179399797006536,0.148278424633944,4672,4672,0.00215321759641369,0.00107660879820687
0.180908032712957,0.149815165038625,4673,4673,0.00215321759641369,0.00107660879820683
0.179399797006536,0.148278424633944,4674,4674,0.00215321759641369,0.00107660879820687
0.180908032712957,0.149815165038625,4675,4675,0.00215321759641369,0.00107660879820683
0.179399797006536,0.148278424633944,4676,4676,0.00215321759641369,0.00107660879820687
0.180908032712957,0.149815165038625,4677,4677,0.00215321759641369,0.00107660879820683
0.179399797006536,0.148278424633944,4678,4678,0.00215321759641369,0.00107660879820687
0.180908032712957,0.149815165038625,4679,4679,0.00215321759641369,0.00107660879820683
0.179399797006536,0.148278424633944,4680,4680,0.00215321759641369,0.00107660879820687
0.180908032712957,0.149815165038625,4681,4681,0.00215321759641369,0.00107660879820683
0.179399797006536,0.148278424633944,4682,4682,0.00215321759641369,0.00107660879820687
0.180908032712957,0.149815165038625,4683,4683,0.00215321759641369,0.00107660879820683
0.179399797006536,0.148278424633944,4684,4684,0.00215321759641369,0.00107660879820687
0.180908032712957,0.149815165038625,4685,4685,0.00215321759641369,0.00107660879820683
0.179399797006536,0.148278424633944,4686,4686,0.00215321759641369,0.00107660879820687
0.180908032712957,0.149815165038625,4687,4687,0.00215321759641369,0.00107660879820683
0.179399797006536,0.148278424633944,4688,4688,0.00215321759641369,0.00107660879820687
0.180908032712957,0.149815165038625,4689,4689,0.00215321759641369,0.00107660879820683
0.179399797006536,0.148278424633944,4690,4690,0.00215321759641369,0.00107660879820687
0.180908032712957,0.149815165038625,4691,4691,0.00215321759641369,0.00107660879820683
0.179399797006536,0.148278424633944,4692,4692,0.00215321759641369,0.00107660879820687
0.180908032712957,0.149815165038625,4693,4693,0.00215321759641369,0.00107660879820683
0.179399797006536,0.148278424633944,4694,4694,0.00215321759641369,0.00107660879820687
0.180908032712957,0.149815165038625,4695,4695,0.00215321759641369,0.00107660879820683
0.179399797006536,0.148278424633944,4696,4696,0.00215321759641369,0.00107660879820687
0.180908032712957,0.149815165038625,4697,4697,0.00215321759641369,0.00107660879820683
0.179399797006536,0.148278424633944,4698,4698,0.00215321759641369,0.00107660879820687
0.180908032712957,0.149815165038625,4699,4699,0.00215321759641369,0.00107660879820683
0.179399797006536,0.148278424633944,4700,4700,0.00215321759641369,0.00107660879820687
0.180908032712957,0.149815165038625,4701,4701,0.00215321759641369,0.00107660879820683
0.179399797006536,0.148278424633944,4702,4702,0.00215321759641369,0.00107660879820687
0.180908032712957,0.149815165038625,4703,4703,0.00215321759641369,0.00107660879820683
0.179399797006536,0.148278424633944,4704,4704,0.00215321759641369,0.00107660879820687
0.180908032712957,0.149815165038625,4705,4705,0.00215321759641369,0.00107660879820683
0.179399797006536,0.148278424633944,4706,4706,0.00215321759641369,0.00107660879820687
0.180908032712957,0.149815165038625,4707,4707,0.00215321759641369,0.00107660879820683
0.179399797006536,0.148278424633944,4708,4708,0.00215321759641369,0.00107660879820687
0.180908032712957,0.149815165038625,4709,4709,0.00215321759641369,0.00107660879820683
0.179399797006536,0.148278424633944,4710,4710,0.00215321759641369,0.00107660879820687
0.180908032712957,0.149815165038625,4711,4711,0.00215321759641369,0.00107660879820683
0.179399797006536,0.148278424633944,4712,4712,0.00215321759641369,0.00107660879820687
0.180908032712957,0.149815165038625,4713,4713,0.00215321759641369,0.00107660879820683
0.179399797006536,0.148278424633944,4714,4714,0.00215321759641369,0.00107660879820687
0.180908032712957,0.149815165038625,4715,4715,0.00215321759641369,0.00107660879820683
0.179399797006536,0.148278424633944,4716,4716,0.00215321759641369,0.00107660879820687
0.180908032712957,0.149815165038625,4717,4717,0.00215321759641369,0.00107660879820683
0.179399797006536,0.148278424633944,4718,4718,0.00215321759641369,0.00107660879820687
0.180908032712957,0.149815165038625,4719,4719,0.00215321759641369,0.00107660879820683
0.179399797006536,0.148278424633944,4720,4720,0.00215321759641369,0.00107660879820687
0.180908032712957,0.149815165038625,4721,4721,0.00215321759641369,0.00107660879820683
0.179399797006536,0.148278424633944,4722,4722,0.00215321759641369,0.00107660879820687
0.180908032712957,0.149815165038625,4723,4723,0.00215321759641369,0.00107660879820683
0.179399797006536,0.148278424633944,4724,4724,0.00215321759641369,0.00107660879820687
0.180908032712957,0.149815165038625,4725,4725,0.00215321759641369,0.00107660879820683
0.179399797006536,0.148278424633944,4726,4726,0.00215321759641369,0.00107660879820687
0.180908032712957,0.149815165038625,4727,4727,0.00215321759641369,0.00107660879820683
0.179399797006536,0.148278424633944,4728,4728,0.00215321759641369,0.00107660879820687
0.180908032712957,0.149815165038625,4729,4729,0.00215321759641369,0.00107660879820683
0.179399797006536,0.148278424633944,4730,4730,0.00215321759641369,0.00107660879820687
0.180908032712957,0.149815165038625,4731,4731,0.00215321759641369,0.00107660879820683
0.179399797006536,0.148278424633944,4732,4732,0.00215321759641369,0.00107660879820687
0.180908032712957,0.149815165038625,4733,4733,0.00215321759641369,0.00107660879820683
0.179399797006536,0.148278424633944,4734,4734,0.00215321759641369,0.00107660879820687
0.180908032712957,0.149815165038625,4735,4735,0.00215321759641369,0.00107660879820683
0.179399797006536,0.148278424633944,4736,4736,0.00215321759641369,0.00107660879820687
0.180908032712957,0.149815165038625,4737,4737,0.00215321759641369,0.00107660879820683
0.179399797006536,0.148278424633944,4738,4738,0.00215321759641369,0.00107660879820687
0.180908032712957,0.149815165038625,4739,4739,0.00215321759641369,0.00107660879820683
0.179399797006536,0.148278424633944,4740,4740,0.00215321759641369,0.00107660879820687
0.180908032712957,0.149815165038625,4741,4741,0.00215321759641369,0.00107660879820683
0.179399797006536,0.148278424633944,4742,4742,0.00215321759641369,0.00107660879820687
0.180908032712957,0.149815165038625,4743,4743,0.00215321759641369,0.00107660879820683
0.179399797006536,0.148278424633944,4744,4744,0.00215321759641369,0.00107660879820687
0.180908032712957,0.149815165038625,4745,4745,0.00215321759641369,0.00107660879820683
0.179399797006536,0.148278424633944,4746,4746,0.00215321759641369,0.00107660879820687
0.180908032712957,0.149815165038625,4747,4747,0.00215321759641369,0.00107660879820683
0.179399797006536,0.148278424633944,4748,4748,0.00215321759641369,0.00107660879820687
0.180908032712957,0.149815165038625,4749,4749,0.00215321759641369,0.00107660879820683
0.179399797006536,0.148278424633944,4750,4750,0.00215321759641369,0.00107660879820687
0.180908032712957,0.149815165038625,4751,4751,0.00215321759641369,0.00107660879820683
0.179399797006536,0.148278424633944,4752,4752,0.00215321759641369,0.00107660879820687
0.180908032712957,0.149815165038625,4753,4753,0.00215321759641369,0.00107660879820683
0.179399797006536,0.148278424633944,4754,4754,0.00215321759641369,0.00107660879820687
0.180908032712957,0.149815165038625,4755,4755,0.00215321759641369,0.00107660879820683
0.179399797006536,0.148278424633944,4756,4756,0.00215321759641369,0.00107660879820687
0.180908032712957,0.149815165038625,4757,4757,0.00215321759641369,0.00107660879820683
0.179399797006536,0.148278424633944,4758,4758,0.00215321759641369,0.00107660879820687
0.180908032712957,0.149815165038625,4759,4759,0.00215321759641369,0.00107660879820683
0.179399797006536,0.148278424633944,4760,4760,0.00215321759641369,0.00107660879820687
0.180908032712957,0.149815165038625,4761,4761,0.00215321759641369,0.00107660879820683
0.179399797006536,0.148278424633944,4762,4762,0.00215321759641369,0.00107660879820687
0.180908032712957,0.149815165038625,4763,4763,0.00215321759641369,0.00107660879820683
0.179399797006536,0.148278424633944,4764,4764,0.00215321759641369,0.00107660879820687
0.180908032712957,0.149815165038625,4765,4765,0.00215321759641369,0.00107660879820683
0.179399797006536,0.148278424633944,4766,4766,0.00215321759641369,0.00107660879820687
0.180908032712957,0.149815165038625,4767,4767,0.00215321759641369,0.00107660879820683
0.179399797006536,0.148278424633944,4768,4768,0.00215321759641369,0.00107660879820687
0.180908032712957,0.149815165038625,4769,4769,0.00215321759641369,0.00107660879820683
0.179399797006536,0.148278424633944,4770,4770,0.00215321759641369,0.00107660879820687
0.180908032712957,0.149815165038625,4771,4771,0.00215321759641369,0.00107660879820683
0.179399797006536,0.148278424633944,4772,4772,0.00215321759641369,0.00107660879820687
0.180908032712957,0.149815165038625,4773,4773,0.00215321759641369,0.00107660879820683
0.179399797006536,0.148278424633944,4774,4774,0.00215321759641369,0.00107660879820687
0.180908032712957,0.149815165038625,4775,4775,0.00215321759641369,0.00107660879820683
0.179399797006536,0.148278424633944,4776,4776,0.00215321759641369,0.00107660879820687
0.180908032712957,0.149815165038625,4777,4777,0.00215321759641369,0.00107660879820683
0.179399797006536,0.148278424633944,4778,4778,0.00215321759641369,0.00107660879820687
0.180908032712957,0.149815165038625,4779,4779,0.00215321759641369,0.00107660879820683
0.179399797006536,0.148278424633944,4780,4780,0.00215321759641369,0.00107660879820687
0.180908032712957,0.149815165038625,4781,4781,0.00215321759641369,0.00107660879820683
0.179399797006536,0.148278424633944,4782,4782,0.00215321759641369,0.00107660879820687
0.180908032712957,0.149815165038625,4783,4783,0.00215321759641369,0.00107660879820683
0.179399797006536,0.148278424633944,4784,4784,0.00215321759641369,0.00107660879820687
0.180908032712957,0.149815165038625,4785,4785,0.00215321759641369,0.00107660879820683
0.179399797006536,0.148278424633944,4786,4786,0.00215321759641369,0.00107660879820687
0.180908032712957,0.149815165038625,4787,4787,0.00215321759641369,0.00107660879820683
0.179399797006536,0.148278424633944,4788,4788,0.00215321759641369,0.00107660879820687
0.180908032712957,0.149815165038625,4789,4789,0.00215321759641369,0.00107660879820683
0.179399797006536,0.148278424633944,4790,4790,0.00215321759641369,0.00107660879820687
0.180908032712957,0.149815165038625,4791,4791,0.00215321759641369,0.00107660879820683
0.179399797006536,0.148278424633944,4792,4792,0.00215321759641369,0.00107660879820687
0.180908032712957,0.149815165038625,4793,4793,0.00215321759641369,0.00107660879820683
0.179399797006536,0.148278424633944,4794,4794,0.00215321759641369,0.00107660879820687
0.180908032712957,0.149815165038625,4795,4795,0.00215321759641369,0.00107660879820683
0.179399797006536,0.148278424633944,4796,4796,0.00215321759641369,0.00107660879820687
0.180908032712957,0.149815165038625,4797,4797,0.00215321759641369,0.00107660879820683
0.179399797006536,0.148278424633944,4798,4798,0.00215321759641369,0.00107660879820687
0.180908032712957,0.149815165038625,4799,4799,0.00215321759641369,0.00107660879820683
0.179399797006536,0.148278424633944,4800,4800,0.00215321759641369,0.00107660879820687
0.180908032712957,0.149815165038625,4801,4801,0.00215321759641369,0.00107660879820683
0.179399797006536,0.148278424633944,4802,4802,0.00215321759641369,0.00107660879820687
0.180908032712957,0.149815165038625,4803,4803,0.00215321759641369,0.00107660879820683
0.179399797006536,0.148278424633944,4804,4804,0.00215321759641369,0.00107660879820687
0.180908032712957,0.149815165038625,4805,4805,0.00215321759641369,0.00107660879820683
0.179399797006536,0.148278424633944,4806,4806,0.00215321759641369,0.00107660879820687
0.180908032712957,0.149815165038625,4807,4807,0.00215321759641369,0.00107660879820683
0.179399797006536,0.148278424633944,4808,4808,0.00215321759641369,0.00107660879820687
0.180908032712957,0.149815165038625,4809,4809,0.00215321759641369,0.00107660879820683
0.179399797006536,0.148278424633944,4810,4810,0.00215321759641369,0.00107660879820687
0.180908032712957,0.149815165038625,4811,4811,0.00215321759641369,0.00107660879820683
0.179399797006536,0.148278424633944,4812,4812,0.00215321759641369,0.00107660879820687
0.180908032712957,0.149815165038625,4813,4813,0.00215321759641369,0.00107660879820683
0.179399797006536,0.148278424633944,4814,4814,0.00215321759641369,0.00107660879820687
0.180908032712957,0.149815165038625,4815,4815,0.00215321759641369,0.00107660879820683
0.179399797006536,0.148278424633944,4816,4816,0.00215321759641369,0.00107660879820687
0.180908032712957,0.149815165038625,4817,4817,0.00215321759641369,0.00107660879820683
0.179399797006536,0.148278424633944,4818,4818,0.00215321759641369,0.00107660879820687
0.180908032712957,0.149815165038625,4819,4819,0.00215321759641369,0.00107660879820683
0.179399797006536,0.148278424633944,4820,4820,0.00215321759641369,0.00107660879820687
0.180908032712957,0.149815165038625,4821,4821,0.00215321759641369,0.00107660879820683
0.179399797006536,0.148278424633944,4822,4822,0.00215321759641369,0.00107660879820687
0.180908032712957,0.149815165038625,4823,4823,0.00215321759641369,0.00107660879820683
0.179399797006536,0.148278424633944,4824,4824,0.00215321759641369,0.00107660879820687
0.180908032712957,0.149815165038625,4825,4825,0.00215321759641369,0.00107660879820683
0.179399797006536,0.148278424633944,4826,4826,0.00215321759641369,0.00107660879820687
0.180908032712957,0.149815165038625,4827,4827,0.00215321759641369,0.00107660879820683
0.179399797006536,0.148278424633944,4828,4828,0.00215321759641369,0.00107660879820687
0.180908032712957,0.149815165038625,4829,4829,0.00215321759641369,0.00107660879820683
0.179399797006536,0.148278424633944,4830,4830,0.00215321759641369,0.00107660879820687
0.180908032712957,0.149815165038625,4831,4831,0.00215321759641369,0.00107660879820683
0.179399797006536,0.148278424633944,4832,4832,0.00215321759641369,0.00107660879820687
0.180908032712957,0.149815165038625,4833,4833,0.00215321759641369,0.00107660879820683
0.179399797006536,0.148278424633944,4834,4834,0.00215321759641369,0.00107660879820687
0.180908032712957,0.149815165038625,4835,4835,0.00215321759641369,0.00107660879820683
0.179399797006536,0.148278424633944,4836,4836,0.00215321759641369,0.00107660879820687
0.180908032712957,0.149815165038625,4837,4837,0.00215321759641369,0.00107660879820683
0.179399797006536,0.148278424633944,4838,4838,0.00215321759641369,0.00107660879820687
0.180908032712957,0.149815165038625,4839,4839,0.00215321759641369,0.00107660879820683
0.179399797006536,0.148278424633944,4840,4840,0.00215321759641369,0.00107660879820687
0.180908032712957,0.149815165038625,4841,4841,0.00215321759641369,0.00107660879820683
0.179399797006536,0.148278424633944,4842,4842,0.00215321759641369,0.00107660879820687
0.180908032712957,0.149815165038625,4843,4843,0.00215321759641369,0.00107660879820683
0.179399797006536,0.148278424633944,4844,4844,0.00215321759641369,0.00107660879820687
0.180908032712957,0.149815165038625,4845,4845,0.00215321759641369,0.00107660879820683
0.179399797006536,0.148278424633944,4846,4846,0.00215321759641369,0.00107660879820687
0.180908032712957,0.149815165038625,4847,4847,0.00215321759641369,0.00107660879820683
0.179399797006536,0.148278424633944,4848,4848,0.00215321759641369,0.00107660879820687
0.180908032712957,0.149815165038625,4849,4849,0.00215321759641369,0.00107660879820683
0.179399797006536,0.148278424633944,4850,4850,0.00215321759641369,0.00107660879820687
0.180908032712957,0.149815165038625,4851,4851,0.00215321759641369,0.00107660879820683
0.179399797006536,0.148278424633944,4852,4852,0.00215321759641369,0.00107660879820687
0.180908032712957,0.149815165038625,4853,4853,0.00215321759641369,0.00107660879820683
0.179399797006536,0.148278424633944,4854,4854,0.00215321759641369,0.00107660879820687
0.180908032712957,0.149815165038625,4855,4855,0.00215321759641369,0.00107660879820683
0.179399797006536,0.148278424633944,4856,4856,0.00215321759641369,0.00107660879820687
0.180908032712957,0.149815165038625,4857,4857,0.00215321759641369,0.00107660879820683
0.179399797006536,0.148278424633944,4858,4858,0.00215321759641369,0.00107660879820687
0.180908032712957,0.149815165038625,4859,4859,0.00215321759641369,0.00107660879820683
0.179399797006536,0.148278424633944,4860,4860,0.00215321759641369,0.00107660879820687
0.180908032712957,0.149815165038625,4861,4861,0.00215321759641369,0.00107660879820683
0.179399797006536,0.148278424633944,4862,4862,0.00215321759641369,0.00107660879820687
0.180908032712957,0.149815165038625,4863,4863,0.00215321759641369,0.00107660879820683
0.179399797006536,0.148278424633944,4864,4864,0.00215321759641369,0.00107660879820687
0.180908032712957,0.149815165038625,4865,4865,0.00215321759641369,0.00107660879820683
0.179399797006536,0.148278424633944,4866,4866,0.00215321759641369,0.00107660879820687
0.180908032712957,0.149815165038625,4867,4867,0.00215321759641369,0.00107660879820683
0.179399797006536,0.148278424633944,4868,4868,0.00215321759641369,0.00107660879820687
0.180908032712957,0.149815165038625,4869,4869,0.00215321759641369,0.00107660879820683
0.179399797006536,0.148278424633944,4870,4870,0.00215321759641369,0.00107660879820687
0.180908032712957,0.149815165038625,4871,4871,0.00215321759641369,0.00107660879820683
0.179399797006536,0.148278424633944,4872,4872,0.00215321759641369,0.00107660879820687
0.180908032712957,0.149815165038625,4873,4873,0.00215321759641369,0.00107660879820683
0.179399797006536,0.148278424633944,4874,4874,0.00215321759641369,0.00107660879820687
0.180908032712957,0.149815165038625,4875,4875,0.00215321759641369,0.00107660879820683
0.179399797006536,0.148278424633944,4876,4876,0.00215321759641369,0.00107660879820687
0.180908032712957,0.149815165038625,4877,4877,0.00215321759641369,0.00107660879820683
0.179399797006536,0.148278424633944,4878,4878,0.00215321759641369,0.00107660879820687
0.180908032712957,0.149815165038625,4879,4879,0.00215321759641369,0.00107660879820683
0.179399797006536,0.148278424633944,4880,4880,0.00215321759641369,0.00107660879820687
0.180908032712957,0.149815165038625,4881,4881,0.00215321759641369,0.00107660879820683
0.179399797006536,0.148278424633944,4882,4882,0.00215321759641369,0.00107660879820687
0.180908032712957,0.149815165038625,4883,4883,0.00215321759641369,0.00107660879820683
0.179399797006536,0.148278424633944,4884,4884,0.00215321759641369,0.00107660879820687
0.180908032712957,0.149815165038625,4885,4885,0.00215321759641369,0.00107660879820683
0.179399797006536,0.148278424633944,4886,4886,0.00215321759641369,0.00107660879820687
0.180908032712957,0.149815165038625,4887,4887,0.00215321759641369,0.00107660879820683
0.179399797006536,0.148278424633944,4888,4888,0.00215321759641369,0.00107660879820687
0.180908032712957,0.149815165038625,4889,4889,0.00215321759641369,0.00107660879820683
0.179399797006536,0.148278424633944,4890,4890,0.00215321759641369,0.00107660879820687
0.180908032712957,0.149815165038625,4891,4891,0.00215321759641369,0.00107660879820683
0.179399797006536,0.148278424633944,4892,4892,0.00215321759641369,0.00107660879820687
0.180908032712957,0.149815165038625,4893,4893,0.00215321759641369,0.00107660879820683
0.179399797006536,0.148278424633944,4894,4894,0.00215321759641369,0.00107660879820687
0.180908032712957,0.149815165038625,4895,4895,0.00215321759641369,0.00107660879820683
0.179399797006536,0.148278424633944,4896,4896,0.00215321759641369,0.00107660879820687
0.180908032712957,0.149815165038625,4897,4897,0.00215321759641369,0.00107660879820683
0.179399797006536,0.148278424633944,4898,4898,0.00215321759641369,0.00107660879820687
0.180908032712957,0.149815165038625,4899,4899,0.00215321759641369,0.00107660879820683
0.179399797006536,0.148278424633944,4900,4900,0.00215321759641369,0.00107660879820687
0.180908032712957,0.149815165038625,4901,4901,0.00215321759641369,0.00107660879820683
0.179399797006536,0.148278424633944,4902,4902,0.00215321759641369,0.00107660879820687
0.180908032712957,0.149815165038625,4903,4903,0.00215321759641369,0.00107660879820683
0.179399797006536,0.148278424633944,4904,4904,0.00215321759641369,0.00107660879820687
0.180908032712957,0.149815165038625,4905,4905,0.00215321759641369,0.00107660879820683
0.179399797006536,0.148278424633944,4906,4906,0.00215321759641369,0.00107660879820687
0.180908032712957,0.149815165038625,4907,4907,0.00215321759641369,0.00107660879820683
0.179399797006536,0.148278424633944,4908,4908,0.00215321759641369,0.00107660879820687
0.180908032712957,0.149815165038625,4909,4909,0.00215321759641369,0.00107660879820683
0.179399797006536,0.148278424633944,4910,4910,0.00215321759641369,0.00107660879820687
0.180908032712957,0.149815165038625,4911,4911,0.00215321759641369,0.00107660879820683
0.179399797006536,0.148278424633944,4912,4912,0.00215321759641369,0.00107660879820687
0.180908032712957,0.149815165038625,4913,4913,0.00215321759641369,0.00107660879820683
0.179399797006536,0.148278424633944,4914,4914,0.00215321759641369,0.00107660879820687
0.180908032712957,0.149815165038625,4915,4915,0.00215321759641369,0.00107660879820683
0.179399797006536,0.148278424633944,4916,4916,0.00215321759641369,0.00107660879820687
0.180908032712957,0.149815165038625,4917,4917,0.00215321759641369,0.00107660879820683
0.179399797006536,0.148278424633944,4918,4918,0.00215321759641369,0.00107660879820687
0.180908032712957,0.149815165038625,4919,4919,0.00215321759641369,0.00107660879820683
0.179399797006536,0.148278424633944,4920,4920,0.00215321759641369,0.00107660879820687
0.180908032712957,0.149815165038625,4921,4921,0.00215321759641369,0.00107660879820683
0.179399797006536,0.148278424633944,4922,4922,0.00215321759641369,0.00107660879820687
0.180908032712957,0.149815165038625,4923,4923,0.00215321759641369,0.00107660879820683
0.179399797006536,0.148278424633944,4924,4924,0.00215321759641369,0.00107660879820687
0.180908032712957,0.149815165038625,4925,4925,0.00215321759641369,0.00107660879820683
0.179399797006536,0.148278424633944,4926,4926,0.00215321759641369,0.00107660879820687
0.180908032712957,0.149815165038625,4927,4927,0.00215321759641369,0.00107660879820683
0.179399797006536,0.148278424633944,4928,4928,0.00215321759641369,0.00107660879820687
0.180908032712957,0.149815165038625,4929,4929,0.00215321759641369,0.00107660879820683
0.179399797006536,0.148278424633944,4930,4930,0.00215321759641369,0.00107660879820687
0.180908032712957,0.149815165038625,4931,4931,0.00215321759641369,0.00107660879820683
0.179399797006536,0.148278424633944,4932,4932,0.00215321759641369,0.00107660879820687
0.180908032712957,0.149815165038625,4933,4933,0.00215321759641369,0.00107660879820683
0.179399797006536,0.148278424633944,4934,4934,0.00215321759641369,0.00107660879820687
0.180908032712957,0.149815165038625,4935,4935,0.00215321759641369,0.00107660879820683
0.179399797006536,0.148278424633944,4936,4936,0.00215321759641369,0.00107660879820687
0.180908032712957,0.149815165038625,4937,4937,0.00215321759641369,0.00107660879820683
0.179399797006536,0.148278424633944,4938,4938,0.00215321759641369,0.00107660879820687
0.180908032712957,0.149815165038625,4939,4939,0.00215321759641369,0.00107660879820683
0.179399797006536,0.148278424633944,4940,4940,0.00215321759641369,0.00107660879820687
0.180908032712957,0.149815165038625,4941,4941,0.00215321759641369,0.00107660879820683
0.179399797006536,0.148278424633944,4942,4942,0.00215321759641369,0.00107660879820687
0.180908032712957,0.149815165038625,4943,4943,0.00215321759641369,0.00107660879820683
0.179399797006536,0.148278424633944,4944,4944,0.00215321759641369,0.00107660879820687
0.180908032712957,0.149815165038625,4945,4945,0.00215321759641369,0.00107660879820683
0.179399797006536,0.148278424633944,4946,4946,0.00215321759641369,0.00107660879820687
0.180908032712957,0.149815165038625,4947,4947,0.00215321759641369,0.00107660879820683
0.179399797006536,0.148278424633944,4948,4948,0.00215321759641369,0.00107660879820687
0.180908032712957,0.149815165038625,4949,4949,0.00215321759641369,0.00107660879820683
0.179399797006536,0.148278424633944,4950,4950,0.00215321759641369,0.00107660879820687
0.180908032712957,0.149815165038625,4951,4951,0.00215321759641369,0.00107660879820683
0.179399797006536,0.148278424633944,4952,4952,0.00215321759641369,0.00107660879820687
0.180908032712957,0.149815165038625,4953,4953,0.00215321759641369,0.00107660879820683
0.179399797006536,0.148278424633944,4954,4954,0.00215321759641369,0.00107660879820687
0.180908032712957,0.149815165038625,4955,4955,0.00215321759641369,0.00107660879820683
0.179399797006536,0.148278424633944,4956,4956,0.00215321759641369,0.00107660879820687
0.180908032712957,0.149815165038625,4957,4957,0.00215321759641369,0.00107660879820683
0.179399797006536,0.148278424633944,4958,4958,0.00215321759641369,0.00107660879820687
0.180908032712957,0.149815165038625,4959,4959,0.00215321759641369,0.00107660879820683
0.179399797006536,0.148278424633944,4960,4960,0.00215321759641369,0.00107660879820687
0.180908032712957,0.149815165038625,4961,4961,0.00215321759641369,0.00107660879820683
0.179399797006536,0.148278424633944,4962,4962,0.00215321759641369,0.00107660879820687
0.180908032712957,0.149815165038625,4963,4963,0.00215321759641369,0.00107660879820683
0.179399797006536,0.148278424633944,4964,4964,0.00215321759641369,0.00107660879820687
0.180908032712957,0.149815165038625,4965,4965,0.00215321759641369,0.00107660879820683
0.179399797006536,0.148278424633944,4966,4966,0.00215321759641369,0.00107660879820687
0.180908032712957,0.149815165038625,4967,4967,0.00215321759641369,0.00107660879820683
0.179399797006536,0.148278424633944,4968,4968,0.00215321759641369,0.00107660879820687
0.180908032712957,0.149815165038625,4969,4969,0.00215321759641369,0.00107660879820683
0.179399797006536,0.148278424633944,4970,4970,0.00215321759641369,0.00107660879820687
0.180908032712957,0.149815165038625,4971,4971,0.00215321759641369,0.00107660879820683
0.179399797006536,0.148278424633944,4972,4972,0.00215321759641369,0.00107660879820687
0.180908032712957,0.149815165038625,4973,4973,0.00215321759641369,0.00107660879820683
0.179399797006536,0.148278424633944,4974,4974,0.00215321759641369,0.00107660879820687
0.180908032712957,0.149815165038625,4975,4975,0.00215321759641369,0.00107660879820683
0.179399797006536,0.148278424633944,4976,4976,0.00215321759641369,0.00107660879820687
0.180908032712957,0.149815165038625,4977,4977,0.00215321759641369,0.00107660879820683
0.179399797006536,0.148278424633944,4978,4978,0.00215321759641369,0.00107660879820687
0.180908032712957,0.149815165038625,4979,4979,0.00215321759641369,0.00107660879820683
0.179399797006536,0.148278424633944,4980,4980,0.00215321759641369,0.00107660879820687
0.180908032712957,0.149815165038625,4981,4981,0.00215321759641369,0.00107660879820683
0.179399797006536,0.148278424633944,4982,4982,0.00215321759641369,0.00107660879820687
0.180908032712957,0.149815165038625,4983,4983,0.00215321759641369,0.00107660879820683
0.179399797006536,0.148278424633944,4984,4984,0.00215321759641369,0.00107660879820687
0.180908032712957,0.149815165038625,4985,4985,0.00215321759641369,0.00107660879820683
0.179399797006536,0.148278424633944,4986,4986,0.00215321759641369,0.00107660879820687
0.180908032712957,0.149815165038625,4987,4987,0.00215321759641369,0.00107660879820683
0.179399797006536,0.148278424633944,4988,4988,0.00215321759641369,0.00107660879820687
0.180908032712957,0.149815165038625,4989,4989,0.00215321759641369,0.00107660879820683
0.179399797006536,0.148278424633944,4990,4990,0.00215321759641369,0.00107660879820687
0.180908032712957,0.149815165038625,4991,4991,0.00215321759641369,0.00107660879820683
0.179399797006536,0.148278424633944,4992,4992,0.00215321759641369,0.00107660879820687
0.180908032712957,0.149815165038625,4993,4993,0.00215321759641369,0.00107660879820683
0.179399797006536,0.148278424633944,4994,4994,0.00215321759641369,0.00107660879820687
0.180908032712957,0.149815165038625,4995,4995,0.00215321759641369,0.00107660879820683
0.179399797006536,0.148278424633944,4996,4996,0.00215321759641369,0.00107660879820687
0.180908032712957,0.149815165038625,4997,4997,0.00215321759641369,0.00107660879820683
0.179399797006536,0.148278424633944,4998,4998,0.00215321759641369,0.00107660879820687
0.180908032712957,0.149815165038625,4999,4999,0.00215321759641369,0.00107660879820683
0.179399797006536,0.148278424633944,5000,5000,0.00215321759641369,0.00107660879820687
0.180908032712957,0.149815165038625,5001,5001,0.00215321759641369,0.00107660879820683
0.179399797006536,0.148278424633944,5002,5002,0.00215321759641369,0.00107660879820687
0.180908032712957,0.149815165038625,5003,5003,0.00215321759641369,0.00107660879820683
0.179399797006536,0.148278424633944,5004,5004,0.00215321759641369,0.00107660879820687
0.180908032712957,0.149815165038625,5005,5005,0.00215321759641369,0.00107660879820683
0.179399797006536,0.148278424633944,5006,5006,0.00215321759641369,0.00107660879820687
0.180908032712957,0.149815165038625,5007,5007,0.00215321759641369,0.00107660879820683
0.179399797006536,0.148278424633944,5008,5008,0.00215321759641369,0.00107660879820687
0.180908032712957,0.149815165038625,5009,5009,0.00215321759641369,0.00107660879820683
0.179399797006536,0.148278424633944,5010,5010,0.00215321759641369,0.00107660879820687
0.180908032712957,0.149815165038625,5011,5011,0.00215321759641369,0.00107660879820683
0.179399797006536,0.148278424633944,5012,5012,0.00215321759641369,0.00107660879820687
0.180908032712957,0.149815165038625,5013,5013,0.00215321759641369,0.00107660879820683
0.179399797006536,0.148278424633944,5014,5014,0.00215321759641369,0.00107660879820687
0.180908032712957,0.149815165038625,5015,5015,0.00215321759641369,0.00107660879820683
0.179399797006536,0.148278424633944,5016,5016,0.00215321759641369,0.00107660879820687
0.180908032712957,0.149815165038625,5017,5017,0.00215321759641369,0.00107660879820683
0.179399797006536,0.148278424633944,5018,5018,0.00215321759641369,0.00107660879820687
0.180908032712957,0.149815165038625,5019,5019,0.00215321759641369,0.00107660879820683
0.179399797006536,0.148278424633944,5020,5020,0.00215321759641369,0.00107660879820687
0.180908032712957,0.149815165038625,5021,5021,0.00215321759641369,0.00107660879820683
0.179399797006536,0.148278424633944,5022,5022,0.00215321759641369,0.00107660879820687
0.180908032712957,0.149815165038625,5023,5023,0.00215321759641369,0.00107660879820683
0.179399797006536,0.148278424633944,5024,5024,0.00215321759641369,0.00107660879820687
0.180908032712957,0.149815165038625,5025,5025,0.00215321759641369,0.00107660879820683
0.179399797006536,0.148278424633944,5026,5026,0.00215321759641369,0.00107660879820687
0.180908032712957,0.149815165038625,5027,5027,0.00215321759641369,0.00107660879820683
0.179399797006536,0.148278424633944,5028,5028,0.00215321759641369,0.00107660879820687
0.180908032712957,0.149815165038625,5029,5029,0.00215321759641369,0.00107660879820683
0.179399797006536,0.148278424633944,5030,5030,0.00215321759641369,0.00107660879820687
0.180908032712957,0.149815165038625,5031,5031,0.00215321759641369,0.00107660879820683
0.179399797006536,0.148278424633944,5032,5032,0.00215321759641369,0.00107660879820687
0.180908032712957,0.149815165038625,5033,5033,0.00215321759641369,0.00107660879820683
0.179399797006536,0.148278424633944,5034,5034,0.00215321759641369,0.00107660879820687
0.180908032712957,0.149815165038625,5035,5035,0.00215321759641369,0.00107660879820683
0.179399797006536,0.148278424633944,5036,5036,0.00215321759641369,0.00107660879820687
0.180908032712957,0.149815165038625,5037,5037,0.00215321759641369,0.00107660879820683
0.179399797006536,0.148278424633944,5038,5038,0.00215321759641369,0.00107660879820687
0.180908032712957,0.149815165038625,5039,5039,0.00215321759641369,0.00107660879820683
0.179399797006536,0.148278424633944,5040,5040,0.00215321759641369,0.00107660879820687
0.180908032712957,0.149815165038625,5041,5041,0.00215321759641369,0.00107660879820683
0.179399797006536,0.148278424633944,5042,5042,0.00215321759641369,0.00107660879820687
0.180908032712957,0.149815165038625,5043,5043,0.00215321759641369,0.00107660879820683
0.179399797006536,0.148278424633944,5044,5044,0.00215321759641369,0.00107660879820687
0.180908032712957,0.149815165038625,5045,5045,0.00215321759641369,0.00107660879820683
0.179399797006536,0.148278424633944,5046,5046,0.00215321759641369,0.00107660879820687
0.180908032712957,0.149815165038625,5047,5047,0.00215321759641369,0.00107660879820683
0.179399797006536,0.148278424633944,5048,5048,0.00215321759641369,0.00107660879820687
0.180908032712957,0.149815165038625,5049,5049,0.00215321759641369,0.00107660879820683
0.179399797006536,0.148278424633944,5050,5050,0.00215321759641369,0.00107660879820687
0.180908032712957,0.149815165038625,5051,5051,0.00215321759641369,0.00107660879820683
0.179399797006536,0.148278424633944,5052,5052,0.00215321759641369,0.00107660879820687
0.180908032712957,0.149815165038625,5053,5053,0.00215321759641369,0.00107660879820683
0.179399797006536,0.148278424633944,5054,5054,0.00215321759641369,0.00107660879820687
0.180908032712957,0.149815165038625,5055,5055,0.00215321759641369,0.00107660879820683
0.179399797006536,0.148278424633944,5056,5056,0.00215321759641369,0.00107660879820687
0.180908032712957,0.149815165038625,5057,5057,0.00215321759641369,0.00107660879820683
0.179399797006536,0.148278424633944,5058,5058,0.00215321759641369,0.00107660879820687
0.180908032712957,0.149815165038625,5059,5059,0.00215321759641369,0.00107660879820683
0.179399797006536,0.148278424633944,5060,5060,0.00215321759641369,0.00107660879820687
0.180908032712957,0.149815165038625,5061,5061,0.00215321759641369,0.00107660879820683
0.179399797006536,0.148278424633944,5062,5062,0.00215321759641369,0.00107660879820687
0.180908032712957,0.149815165038625,5063,5063,0.00215321759641369,0.00107660879820683
0.179399797006536,0.148278424633944,5064,5064,0.00215321759641369,0.00107660879820687
0.180908032712957,0.149815165038625,5065,5065,0.00215321759641369,0.00107660879820683
0.179399797006536,0.148278424633944,5066,5066,0.00215321759641369,0.00107660879820687
0.180908032712957,0.149815165038625,5067,5067,0.00215321759641369,0.00107660879820683
0.179399797006536,0.148278424633944,5068,5068,0.00215321759641369,0.00107660879820687
0.180908032712957,0.149815165038625,5069,5069,0.00215321759641369,0.00107660879820683
0.179399797006536,0.148278424633944,5070,5070,0.00215321759641369,0.00107660879820687
0.180908032712957,0.149815165038625,5071,5071,0.00215321759641369,0.00107660879820683
0.179399797006536,0.148278424633944,5072,5072,0.00215321759641369,0.00107660879820687
0.180908032712957,0.149815165038625,5073,5073,0.00215321759641369,0.00107660879820683
0.179399797006536,0.148278424633944,5074,5074,0.00215321759641369,0.00107660879820687
0.180908032712957,0.149815165038625,5075,5075,0.00215321759641369,0.00107660879820683
0.179399797006536,0.148278424633944,5076,5076,0.00215321759641369,0.00107660879820687
0.180908032712957,0.149815165038625,5077,5077,0.00215321759641369,0.00107660879820683
0.179399797006536,0.148278424633944,5078,5078,0.00215321759641369,0.00107660879820687
0.180908032712957,0.149815165038625,5079,5079,0.00215321759641369,0.00107660879820683
0.179399797006536,0.148278424633944,5080,5080,0.00215321759641369,0.00107660879820687
0.180908032712957,0.149815165038625,5081,5081,0.00215321759641369,0.00107660879820683
0.179399797006536,0.148278424633944,5082,5082,0.00215321759641369,0.00107660879820687
0.180908032712957,0.149815165038625,5083,5083,0.00215321759641369,0.00107660879820683
0.179399797006536,0.148278424633944,5084,5084,0.00215321759641369,0.00107660879820687
0.180908032712957,0.149815165038625,5085,5085,0.00215321759641369,0.00107660879820683
0.179399797006536,0.148278424633944,5086,5086,0.00215321759641369,0.00107660879820687
0.180908032712957,0.149815165038625,5087,5087,0.00215321759641369,0.00107660879820683
0.179399797006536,0.148278424633944,5088,5088,0.00215321759641369,0.00107660879820687
0.180908032712957,0.149815165038625,5089,5089,0.00215321759641369,0.00107660879820683
0.179399797006536,0.148278424633944,5090,5090,0.00215321759641369,0.00107660879820687
0.180908032712957,0.149815165038625,5091,5091,0.00215321759641369,0.00107660879820683
0.179399797006536,0.148278424633944,5092,5092,0.00215321759641369,0.00107660879820687
0.180908032712957,0.149815165038625,5093,5093,0.00215321759641369,0.00107660879820683
0.179399797006536,0.148278424633944,5094,5094,0.00215321759641369,0.00107660879820687
0.180908032712957,0.149815165038625,5095,5095,0.00215321759641369,0.00107660879820683
0.179399797006536,0.148278424633944,5096,5096,0.00215321759641369,0.00107660879820687
0.180908032712957,0.149815165038625,5097,5097,0.00215321759641369,0.00107660879820683
0.179399797006536,0.148278424633944,5098,5098,0.00215321759641369,0.00107660879820687
0.180908032712957,0.149815165038625,5099,5099,0.00215321759641369,0.00107660879820683
0.179399797006536,0.148278424633944,5100,5100,0.00215321759641369,0.00107660879820687
0.180908032712957,0.149815165038625,5101,5101,0.00215321759641369,0.00107660879820683
0.179399797006536,0.148278424633944,5102,5102,0.00215321759641369,0.00107660879820687
0.180908032712957,0.149815165038625,5103,5103,0.00215321759641369,0.00107660879820683
0.179399797006536,0.148278424633944,5104,5104,0.00215321759641369,0.00107660879820687
0.180908032712957,0.149815165038625,5105,5105,0.00215321759641369,0.00107660879820683
0.179399797006536,0.148278424633944,5106,5106,0.00215321759641369,0.00107660879820687
0.180908032712957,0.149815165038625,5107,5107,0.00215321759641369,0.00107660879820683
0.179399797006536,0.148278424633944,5108,5108,0.00215321759641369,0.00107660879820687
0.180908032712957,0.149815165038625,5109,5109,0.00215321759641369,0.00107660879820683
0.179399797006536,0.148278424633944,5110,5110,0.00215321759641369,0.00107660879820687
0.180908032712957,0.149815165038625,5111,5111,0.00215321759641369,0.00107660879820683
0.179399797006536,0.148278424633944,5112,5112,0.00215321759641369,0.00107660879820687
0.180908032712957,0.149815165038625,5113,5113,0.00215321759641369,0.00107660879820683
0.179399797006536,0.148278424633944,5114,5114,0.00215321759641369,0.00107660879820687
0.180908032712957,0.149815165038625,5115,5115,0.00215321759641369,0.00107660879820683
0.179399797006536,0.148278424633944,5116,5116,0.00215321759641369,0.00107660879820687
0.180908032712957,0.149815165038625,5117,5117,0.00215321759641369,0.00107660879820683
0.179399797006536,0.148278424633944,5118,5118,0.00215321759641369,0.00107660879820687
0.180908032712957,0.149815165038625,5119,5119,0.00215321759641369,0.00107660879820683
0.179399797006536,0.148278424633944,5120,5120,0.00215321759641369,0.00107660879820687
0.180908032712957,0.149815165038625,5121,5121,0.00215321759641369,0.00107660879820683
0.179399797006536,0.148278424633944,5122,5122,0.00215321759641369,0.00107660879820687
0.180908032712957,0.149815165038625,5123,5123,0.00215321759641369,0.00107660879820683
0.179399797006536,0.148278424633944,5124,5124,0.00215321759641369,0.00107660879820687
0.180908032712957,0.149815165038625,5125,5125,0.00215321759641369,0.00107660879820683
0.179399797006536,0.148278424633944,5126,5126,0.00215321759641369,0.00107660879820687
0.180908032712957,0.149815165038625,5127,5127,0.00215321759641369,0.00107660879820683
0.179399797006536,0.148278424633944,5128,5128,0.00215321759641369,0.00107660879820687
0.180908032712957,0.149815165038625,5129,5129,0.00215321759641369,0.00107660879820683
0.179399797006536,0.148278424633944,5130,5130,0.00215321759641369,0.00107660879820687
0.180908032712957,0.149815165038625,5131,5131,0.00215321759641369,0.00107660879820683
0.179399797006536,0.148278424633944,5132,5132,0.00215321759641369,0.00107660879820687
0.180908032712957,0.149815165038625,5133,5133,0.00215321759641369,0.00107660879820683
0.179399797006536,0.148278424633944,5134,5134,0.00215321759641369,0.00107660879820687
0.180908032712957,0.149815165038625,5135,5135,0.00215321759641369,0.00107660879820683
0.179399797006536,0.148278424633944,5136,5136,0.00215321759641369,0.00107660879820687
0.180908032712957,0.149815165038625,5137,5137,0.00215321759641369,0.00107660879820683
0.179399797006536,0.148278424633944,5138,5138,0.00215321759641369,0.00107660879820687
0.180908032712957,0.149815165038625,5139,5139,0.00215321759641369,0.00107660879820683
0.179399797006536,0.148278424633944,5140,5140,0.00215321759641369,0.00107660879820687
0.180908032712957,0.149815165038625,5141,5141,0.00215321759641369,0.00107660879820683
0.179399797006536,0.148278424633944,5142,5142,0.00215321759641369,0.00107660879820687
0.180908032712957,0.149815165038625,5143,5143,0.00215321759641369,0.00107660879820683
0.179399797006536,0.148278424633944,5144,5144,0.00215321759641369,0.00107660879820687
0.180908032712957,0.149815165038625,5145,5145,0.00215321759641369,0.00107660879820683
0.179399797006536,0.148278424633944,5146,5146,0.00215321759641369,0.00107660879820687
0.180908032712957,0.149815165038625,5147,5147,0.00215321759641369,0.00107660879820683
0.179399797006536,0.148278424633944,5148,5148,0.00215321759641369,0.00107660879820687
0.180908032712957,0.149815165038625,5149,5149,0.00215321759641369,0.00107660879820683
0.179399797006536,0.148278424633944,5150,5150,0.00215321759641369,0.00107660879820687
0.180908032712957,0.149815165038625,5151,5151,0.00215321759641369,0.00107660879820683
0.179399797006536,0.148278424633944,5152,5152,0.00215321759641369,0.00107660879820687
0.180908032712957,0.149815165038625,5153,5153,0.00215321759641369,0.00107660879820683
0.179399797006536,0.148278424633944,5154,5154,0.00215321759641369,0.00107660879820687
0.180908032712957,0.149815165038625,5155,5155,0.00215321759641369,0.00107660879820683
0.179399797006536,0.148278424633944,5156,5156,0.00215321759641369,0.00107660879820687
0.180908032712957,0.149815165038625,5157,5157,0.00215321759641369,0.00107660879820683
0.179399797006536,0.148278424633944,5158,5158,0.00215321759641369,0.00107660879820687
0.180908032712957,0.149815165038625,5159,5159,0.00215321759641369,0.00107660879820683
0.179399797006536,0.148278424633944,5160,5160,0.00215321759641369,0.00107660879820687
0.180908032712957,0.149815165038625,5161,5161,0.00215321759641369,0.00107660879820683
0.179399797006536,0.148278424633944,5162,5162,0.00215321759641369,0.00107660879820687
0.180908032712957,0.149815165038625,5163,5163,0.00215321759641369,0.00107660879820683
0.179399797006536,0.148278424633944,5164,5164,0.00215321759641369,0.00107660879820687
0.180908032712957,0.149815165038625,5165,5165,0.00215321759641369,0.00107660879820683
0.179399797006536,0.148278424633944,5166,5166,0.00215321759641369,0.00107660879820687
0.180908032712957,0.149815165038625,5167,5167,0.00215321759641369,0.00107660879820683
0.179399797006536,0.148278424633944,5168,5168,0.00215321759641369,0.00107660879820687
0.180908032712957,0.149815165038625,5169,5169,0.00215321759641369,0.00107660879820683
0.179399797006536,0.148278424633944,5170,5170,0.00215321759641369,0.00107660879820687
0.180908032712957,0.149815165038625,5171,5171,0.00215321759641369,0.00107660879820683
0.179399797006536,0.148278424633944,5172,5172,0.00215321759641369,0.00107660879820687
0.180908032712957,0.149815165038625,5173,5173,0.00215321759641369,0.00107660879820683
0.179399797006536,0.148278424633944,5174,5174,0.00215321759641369,0.00107660879820687
0.180908032712957,0.149815165038625,5175,5175,0.00215321759641369,0.00107660879820683
0.179399797006536,0.148278424633944,5176,5176,0.00215321759641369,0.00107660879820687
0.180908032712957,0.149815165038625,5177,5177,0.00215321759641369,0.00107660879820683
0.179399797006536,0.148278424633944,5178,5178,0.00215321759641369,0.00107660879820687
0.180908032712957,0.149815165038625,5179,5179,0.00215321759641369,0.00107660879820683
0.179399797006536,0.148278424633944,5180,5180,0.00215321759641369,0.00107660879820687
0.180908032712957,0.149815165038625,5181,5181,0.00215321759641369,0.00107660879820683
0.179399797006536,0.148278424633944,5182,5182,0.00215321759641369,0.00107660879820687
0.180908032712957,0.149815165038625,5183,5183,0.00215321759641369,0.00107660879820683
0.179399797006536,0.148278424633944,5184,5184,0.00215321759641369,0.00107660879820687
0.180908032712957,0.149815165038625,5185,5185,0.00215321759641369,0.00107660879820683
0.179399797006536,0.148278424633944,5186,5186,0.00215321759641369,0.00107660879820687
0.180908032712957,0.149815165038625,5187,5187,0.00215321759641369,0.00107660879820683
0.179399797006536,0.148278424633944,5188,5188,0.00215321759641369,0.00107660879820687
0.180908032712957,0.149815165038625,5189,5189,0.00215321759641369,0.00107660879820683
0.179399797006536,0.148278424633944,5190,5190,0.00215321759641369,0.00107660879820687
0.180908032712957,0.149815165038625,5191,5191,0.00215321759641369,0.00107660879820683
0.179399797006536,0.148278424633944,5192,5192,0.00215321759641369,0.00107660879820687
0.180908032712957,0.149815165038625,5193,5193,0.00215321759641369,0.00107660879820683
0.179399797006536,0.148278424633944,5194,5194,0.00215321759641369,0.00107660879820687
0.180908032712957,0.149815165038625,5195,5195,0.00215321759641369,0.00107660879820683
0.179399797006536,0.148278424633944,5196,5196,0.00215321759641369,0.00107660879820687
0.180908032712957,0.149815165038625,5197,5197,0.00215321759641369,0.00107660879820683
0.179399797006536,0.148278424633944,5198,5198,0.00215321759641369,0.00107660879820687
0.180908032712957,0.149815165038625,5199,5199,0.00215321759641369,0.00107660879820683
0.179399797006536,0.148278424633944,5200,5200,0.00215321759641369,0.00107660879820687
0.180908032712957,0.149815165038625,5201,5201,0.00215321759641369,0.00107660879820683
0.179399797006536,0.148278424633944,5202,5202,0.00215321759641369,0.00107660879820687
0.180908032712957,0.149815165038625,5203,5203,0.00215321759641369,0.00107660879820683
0.179399797006536,0.148278424633944,5204,5204,0.00215321759641369,0.00107660879820687
0.180908032712957,0.149815165038625,5205,5205,0.00215321759641369,0.00107660879820683
0.179399797006536,0.148278424633944,5206,5206,0.00215321759641369,0.00107660879820687
0.180908032712957,0.149815165038625,5207,5207,0.00215321759641369,0.00107660879820683
0.179399797006536,0.148278424633944,5208,5208,0.00215321759641369,0.00107660879820687
0.180908032712957,0.149815165038625,5209,5209,0.00215321759641369,0.00107660879820683
0.179399797006536,0.148278424633944,5210,5210,0.00215321759641369,0.00107660879820687
0.180908032712957,0.149815165038625,5211,5211,0.00215321759641369,0.00107660879820683
0.179399797006536,0.148278424633944,5212,5212,0.00215321759641369,0.00107660879820687
0.180908032712957,0.149815165038625,5213,5213,0.00215321759641369,0.00107660879820683
0.179399797006536,0.148278424633944,5214,5214,0.00215321759641369,0.00107660879820687
0.180908032712957,0.149815165038625,5215,5215,0.00215321759641369,0.00107660879820683
0.179399797006536,0.148278424633944,5216,5216,0.00215321759641369,0.00107660879820687
0.180908032712957,0.149815165038625,5217,5217,0.00215321759641369,0.00107660879820683
0.179399797006536,0.148278424633944,5218,5218,0.00215321759641369,0.00107660879820687
0.180908032712957,0.149815165038625,5219,5219,0.00215321759641369,0.00107660879820683
0.179399797006536,0.148278424633944,5220,5220,0.00215321759641369,0.00107660879820687
0.180908032712957,0.149815165038625,5221,5221,0.00215321759641369,0.00107660879820683
0.179399797006536,0.148278424633944,5222,5222,0.00215321759641369,0.00107660879820687
0.180908032712957,0.149815165038625,5223,5223,0.00215321759641369,0.00107660879820683
0.179399797006536,0.148278424633944,5224,5224,0.00215321759641369,0.00107660879820687
0.180908032712957,0.149815165038625,5225,5225,0.00215321759641369,0.00107660879820683
0.179399797006536,0.148278424633944,5226,5226,0.00215321759641369,0.00107660879820687
0.180908032712957,0.149815165038625,5227,5227,0.00215321759641369,0.00107660879820683
0.179399797006536,0.148278424633944,5228,5228,0.00215321759641369,0.00107660879820687
0.180908032712957,0.149815165038625,5229,5229,0.00215321759641369,0.00107660879820683
0.179399797006536,0.148278424633944,5230,5230,0.00215321759641369,0.00107660879820687
0.180908032712957,0.149815165038625,5231,5231,0.00215321759641369,0.00107660879820683
0.179399797006536,0.148278424633944,5232,5232,0.00215321759641369,0.00107660879820687
0.180908032712957,0.149815165038625,5233,5233,0.00215321759641369,0.00107660879820683
0.179399797006536,0.148278424633944,5234,5234,0.00215321759641369,0.00107660879820687
0.180908032712957,0.149815165038625,5235,5235,0.00215321759641369,0.00107660879820683
0.179399797006536,0.148278424633944,5236,5236,0.00215321759641369,0.00107660879820687
0.180908032712957,0.149815165038625,5237,5237,0.00215321759641369,0.00107660879820683
0.179399797006536,0.148278424633944,5238,5238,0.00215321759641369,0.00107660879820687
0.180908032712957,0.149815165038625,5239,5239,0.00215321759641369,0.00107660879820683
0.179399797006536,0.148278424633944,5240,5240,0.00215321759641369,0.00107660879820687
0.180908032712957,0.149815165038625,5241,5241,0.00215321759641369,0.00107660879820683
0.179399797006536,0.148278424633944,5242,5242,0.00215321759641369,0.00107660879820687
0.180908032712957,0.149815165038625,5243,5243,0.00215321759641369,0.00107660879820683
0.179399797006536,0.148278424633944,5244,5244,0.00215321759641369,0.00107660879820687
0.180908032712957,0.149815165038625,5245,5245,0.00215321759641369,0.00107660879820683
0.179399797006536,0.148278424633944,5246,5246,0.00215321759641369,0.00107660879820687
0.180908032712957,0.149815165038625,5247,5247,0.00215321759641369,0.00107660879820683
0.179399797006536,0.148278424633944,5248,5248,0.00215321759641369,0.00107660879820687
0.180908032712957,0.149815165038625,5249,5249,0.00215321759641369,0.00107660879820683
0.179399797006536,0.148278424633944,5250,5250,0.00215321759641369,0.00107660879820687
0.180908032712957,0.149815165038625,5251,5251,0.00215321759641369,0.00107660879820683
0.179399797006536,0.148278424633944,5252,5252,0.00215321759641369,0.00107660879820687
0.180908032712957,0.149815165038625,5253,5253,0.00215321759641369,0.00107660879820683
0.179399797006536,0.148278424633944,5254,5254,0.00215321759641369,0.00107660879820687
0.180908032712957,0.149815165038625,5255,5255,0.00215321759641369,0.00107660879820683
0.179399797006536,0.148278424633944,5256,5256,0.00215321759641369,0.00107660879820687
0.180908032712957,0.149815165038625,5257,5257,0.00215321759641369,0.00107660879820683
0.179399797006536,0.148278424633944,5258,5258,0.00215321759641369,0.00107660879820687
0.180908032712957,0.149815165038625,5259,5259,0.00215321759641369,0.00107660879820683
0.179399797006536,0.148278424633944,5260,5260,0.00215321759641369,0.00107660879820687
0.180908032712957,0.149815165038625,5261,5261,0.00215321759641369,0.00107660879820683
0.179399797006536,0.148278424633944,5262,5262,0.00215321759641369,0.00107660879820687
0.180908032712957,0.149815165038625,5263,5263,0.00215321759641369,0.00107660879820683
0.179399797006536,0.148278424633944,5264,5264,0.00215321759641369,0.00107660879820687
0.180908032712957,0.149815165038625,5265,5265,0.00215321759641369,0.00107660879820683
0.179399797006536,0.148278424633944,5266,5266,0.00215321759641369,0.00107660879820687
0.180908032712957,0.149815165038625,5267,5267,0.00215321759641369,0.00107660879820683
0.179399797006536,0.148278424633944,5268,5268,0.00215321759641369,0.00107660879820687
0.180908032712957,0.149815165038625,5269,5269,0.00215321759641369,0.00107660879820683
0.179399797006536,0.148278424633944,5270,5270,0.00215321759641369,0.00107660879820687
0.180908032712957,0.149815165038625,5271,5271,0.00215321759641369,0.00107660879820683
0.179399797006536,0.148278424633944,5272,5272,0.00215321759641369,0.00107660879820687
0.180908032712957,0.149815165038625,5273,5273,0.00215321759641369,0.00107660879820683
0.179399797006536,0.148278424633944,5274,5274,0.00215321759641369,0.00107660879820687
0.180908032712957,0.149815165038625,5275,5275,0.00215321759641369,0.00107660879820683
0.179399797006536,0.148278424633944,5276,5276,0.00215321759641369,0.00107660879820687
0.180908032712957,0.149815165038625,5277,5277,0.00215321759641369,0.00107660879820683
0.179399797006536,0.148278424633944,5278,5278,0.00215321759641369,0.00107660879820687
0.180908032712957,0.149815165038625,5279,5279,0.00215321759641369,0.00107660879820683
0.179399797006536,0.148278424633944,5280,5280,0.00215321759641369,0.00107660879820687
0.180908032712957,0.149815165038625,5281,5281,0.00215321759641369,0.00107660879820683
0.179399797006536,0.148278424633944,5282,5282,0.00215321759641369,0.00107660879820687
0.180908032712957,0.149815165038625,5283,5283,0.00215321759641369,0.00107660879820683
0.179399797006536,0.148278424633944,5284,5284,0.00215321759641369,0.00107660879820687
0.180908032712957,0.149815165038625,5285,5285,0.00215321759641369,0.00107660879820683
0.179399797006536,0.148278424633944,5286,5286,0.00215321759641369,0.00107660879820687
0.180908032712957,0.149815165038625,5287,5287,0.00215321759641369,0.00107660879820683
0.179399797006536,0.148278424633944,5288,5288,0.00215321759641369,0.00107660879820687
0.180908032712957,0.149815165038625,5289,5289,0.00215321759641369,0.00107660879820683
0.179399797006536,0.148278424633944,5290,5290,0.00215321759641369,0.00107660879820687
0.180908032712957,0.149815165038625,5291,5291,0.00215321759641369,0.00107660879820683
0.179399797006536,0.148278424633944,5292,5292,0.00215321759641369,0.00107660879820687
0.180908032712957,0.149815165038625,5293,5293,0.00215321759641369,0.00107660879820683
0.179399797006536,0.148278424633944,5294,5294,0.00215321759641369,0.00107660879820687
0.180908032712957,0.149815165038625,5295,5295,0.00215321759641369,0.00107660879820683
0.179399797006536,0.148278424633944,5296,5296,0.00215321759641369,0.00107660879820687
0.180908032712957,0.149815165038625,5297,5297,0.00215321759641369,0.00107660879820683
0.179399797006536,0.148278424633944,5298,5298,0.00215321759641369,0.00107660879820687
0.180908032712957,0.149815165038625,5299,5299,0.00215321759641369,0.00107660879820683
0.179399797006536,0.148278424633944,5300,5300,0.00215321759641369,0.00107660879820687
0.180908032712957,0.149815165038625,5301,5301,0.00215321759641369,0.00107660879820683
0.179399797006536,0.148278424633944,5302,5302,0.00215321759641369,0.00107660879820687
0.180908032712957,0.149815165038625,5303,5303,0.00215321759641369,0.00107660879820683
0.179399797006536,0.148278424633944,5304,5304,0.00215321759641369,0.00107660879820687
0.180908032712957,0.149815165038625,5305,5305,0.00215321759641369,0.00107660879820683
0.179399797006536,0.148278424633944,5306,5306,0.00215321759641369,0.00107660879820687
0.180908032712957,0.149815165038625,5307,5307,0.00215321759641369,0.00107660879820683
0.179399797006536,0.148278424633944,5308,5308,0.00215321759641369,0.00107660879820687
0.180908032712957,0.149815165038625,5309,5309,0.00215321759641369,0.00107660879820683
0.179399797006536,0.148278424633944,5310,5310,0.00215321759641369,0.00107660879820687
0.180908032712957,0.149815165038625,5311,5311,0.00215321759641369,0.00107660879820683
0.179399797006536,0.148278424633944,5312,5312,0.00215321759641369,0.00107660879820687
0.180908032712957,0.149815165038625,5313,5313,0.00215321759641369,0.00107660879820683
0.179399797006536,0.148278424633944,5314,5314,0.00215321759641369,0.00107660879820687
0.180908032712957,0.149815165038625,5315,5315,0.00215321759641369,0.00107660879820683
0.179399797006536,0.148278424633944,5316,5316,0.00215321759641369,0.00107660879820687
0.180908032712957,0.149815165038625,5317,5317,0.00215321759641369,0.00107660879820683
0.179399797006536,0.148278424633944,5318,5318,0.00215321759641369,0.00107660879820687
0.180908032712957,0.149815165038625,5319,5319,0.00215321759641369,0.00107660879820683
0.179399797006536,0.148278424633944,5320,5320,0.00215321759641369,0.00107660879820687
0.180908032712957,0.149815165038625,5321,5321,0.00215321759641369,0.00107660879820683
0.179399797006536,0.148278424633944,5322,5322,0.00215321759641369,0.00107660879820687
0.180908032712957,0.149815165038625,5323,5323,0.00215321759641369,0.00107660879820683
0.179399797006536,0.148278424633944,5324,5324,0.00215321759641369,0.00107660879820687
0.180908032712957,0.149815165038625,5325,5325,0.00215321759641369,0.00107660879820683
0.179399797006536,0.148278424633944,5326,5326,0.00215321759641369,0.00107660879820687
0.180908032712957,0.149815165038625,5327,5327,0.00215321759641369,0.00107660879820683
0.179399797006536,0.148278424633944,5328,5328,0.00215321759641369,0.00107660879820687
0.180908032712957,0.149815165038625,5329,5329,0.00215321759641369,0.00107660879820683
0.179399797006536,0.148278424633944,5330,5330,0.00215321759641369,0.00107660879820687
0.180908032712957,0.149815165038625,5331,5331,0.00215321759641369,0.00107660879820683
0.179399797006536,0.148278424633944,5332,5332,0.00215321759641369,0.00107660879820687
0.180908032712957,0.149815165038625,5333,5333,0.00215321759641369,0.00107660879820683
0.179399797006536,0.148278424633944,5334,5334,0.00215321759641369,0.00107660879820687
0.180908032712957,0.149815165038625,5335,5335,0.00215321759641369,0.00107660879820683
0.179399797006536,0.148278424633944,5336,5336,0.00215321759641369,0.00107660879820687
0.180908032712957,0.149815165038625,5337,5337,0.00215321759641369,0.00107660879820683
0.179399797006536,0.148278424633944,5338,5338,0.00215321759641369,0.00107660879820687
0.180908032712957,0.149815165038625,5339,5339,0.00215321759641369,0.00107660879820683
0.179399797006536,0.148278424633944,5340,5340,0.00215321759641369,0.00107660879820687
0.180908032712957,0.149815165038625,5341,5341,0.00215321759641369,0.00107660879820683
0.179399797006536,0.148278424633944,5342,5342,0.00215321759641369,0.00107660879820687
0.180908032712957,0.149815165038625,5343,5343,0.00215321759641369,0.00107660879820683
0.179399797006536,0.148278424633944,5344,5344,0.00215321759641369,0.00107660879820687
0.180908032712957,0.149815165038625,5345,5345,0.00215321759641369,0.00107660879820683
0.179399797006536,0.148278424633944,5346,5346,0.00215321759641369,0.00107660879820687
0.180908032712957,0.149815165038625,5347,5347,0.00215321759641369,0.00107660879820683
0.179399797006536,0.148278424633944,5348,5348,0.00215321759641369,0.00107660879820687
0.180908032712957,0.149815165038625,5349,5349,0.00215321759641369,0.00107660879820683
0.179399797006536,0.148278424633944,5350,5350,0.00215321759641369,0.00107660879820687
0.180908032712957,0.149815165038625,5351,5351,0.00215321759641369,0.00107660879820683
0.179399797006536,0.148278424633944,5352,5352,0.00215321759641369,0.00107660879820687
0.180908032712957,0.149815165038625,5353,5353,0.00215321759641369,0.00107660879820683
0.179399797006536,0.148278424633944,5354,5354,0.00215321759641369,0.00107660879820687
0.180908032712957,0.149815165038625,5355,5355,0.00215321759641369,0.00107660879820683
0.179399797006536,0.148278424633944,5356,5356,0.00215321759641369,0.00107660879820687
0.180908032712957,0.149815165038625,5357,5357,0.00215321759641369,0.00107660879820683
0.179399797006536,0.148278424633944,5358,5358,0.00215321759641369,0.00107660879820687
0.180908032712957,0.149815165038625,5359,5359,0.00215321759641369,0.00107660879820683
0.179399797006536,0.148278424633944,5360,5360,0.00215321759641369,0.00107660879820687
0.180908032712957,0.149815165038625,5361,5361,0.00215321759641369,0.00107660879820683
0.179399797006536,0.148278424633944,5362,5362,0.00215321759641369,0.00107660879820687
0.180908032712957,0.149815165038625,5363,5363,0.00215321759641369,0.00107660879820683
0.179399797006536,0.148278424633944,5364,5364,0.00215321759641369,0.00107660879820687
0.180908032712957,0.149815165038625,5365,5365,0.00215321759641369,0.00107660879820683
0.179399797006536,0.148278424633944,5366,5366,0.00215321759641369,0.00107660879820687
0.180908032712957,0.149815165038625,5367,5367,0.00215321759641369,0.00107660879820683
0.179399797006536,0.148278424633944,5368,5368,0.00215321759641369,0.00107660879820687
0.180908032712957,0.149815165038625,5369,5369,0.00215321759641369,0.00107660879820683
0.179399797006536,0.148278424633944,5370,5370,0.00215321759641369,0.00107660879820687
0.180908032712957,0.149815165038625,5371,5371,0.00215321759641369,0.00107660879820683
0.179399797006536,0.148278424633944,5372,5372,0.00215321759641369,0.00107660879820687
0.180908032712957,0.149815165038625,5373,5373,0.00215321759641369,0.00107660879820683
0.179399797006536,0.148278424633944,5374,5374,0.00215321759641369,0.00107660879820687
0.180908032712957,0.149815165038625,5375,5375,0.00215321759641369,0.00107660879820683
0.179399797006536,0.148278424633944,5376,5376,0.00215321759641369,0.00107660879820687
0.180908032712957,0.149815165038625,5377,5377,0.00215321759641369,0.00107660879820683
0.179399797006536,0.148278424633944,5378,5378,0.00215321759641369,0.00107660879820687
0.180908032712957,0.149815165038625,5379,5379,0.00215321759641369,0.00107660879820683
0.179399797006536,0.148278424633944,5380,5380,0.00215321759641369,0.00107660879820687
0.180908032712957,0.149815165038625,5381,5381,0.00215321759641369,0.00107660879820683
0.179399797006536,0.148278424633944,5382,5382,0.00215321759641369,0.00107660879820687
0.180908032712957,0.149815165038625,5383,5383,0.00215321759641369,0.00107660879820683
0.179399797006536,0.148278424633944,5384,5384,0.00215321759641369,0.00107660879820687
0.180908032712957,0.149815165038625,5385,5385,0.00215321759641369,0.00107660879820683
0.179399797006536,0.148278424633944,5386,5386,0.00215321759641369,0.00107660879820687
0.180908032712957,0.149815165038625,5387,5387,0.00215321759641369,0.00107660879820683
0.179399797006536,0.148278424633944,5388,5388,0.00215321759641369,0.00107660879820687
0.180908032712957,0.149815165038625,5389,5389,0.00215321759641369,0.00107660879820683
0.179399797006536,0.148278424633944,5390,5390,0.00215321759641369,0.00107660879820687
0.180908032712957,0.149815165038625,5391,5391,0.00215321759641369,0.00107660879820683
0.179399797006536,0.148278424633944,5392,5392,0.00215321759641369,0.00107660879820687
0.180908032712957,0.149815165038625,5393,5393,0.00215321759641369,0.00107660879820683
0.179399797006536,0.148278424633944,5394,5394,0.00215321759641369,0.00107660879820687
0.180908032712957,0.149815165038625,5395,5395,0.00215321759641369,0.00107660879820683
0.179399797006536,0.148278424633944,5396,5396,0.00215321759641369,0.00107660879820687
0.180908032712957,0.149815165038625,5397,5397,0.00215321759641369,0.00107660879820683
0.179399797006536,0.148278424633944,5398,5398,0.00215321759641369,0.00107660879820687
0.180908032712957,0.149815165038625,5399,5399,0.00215321759641369,0.00107660879820683
0.179399797006536,0.148278424633944,5400,5400,0.00215321759641369,0.00107660879820687
0.180908032712957,0.149815165038625,5401,5401,0.00215321759641369,0.00107660879820683
0.179399797006536,0.148278424633944,5402,5402,0.00215321759641369,0.00107660879820687
0.180908032712957,0.149815165038625,5403,5403,0.00215321759641369,0.00107660879820683
0.179399797006536,0.148278424633944,5404,5404,0.00215321759641369,0.00107660879820687
0.180908032712957,0.149815165038625,5405,5405,0.00215321759641369,0.00107660879820683
0.179399797006536,0.148278424633944,5406,5406,0.00215321759641369,0.00107660879820687
0.180908032712957,0.149815165038625,5407,5407,0.00215321759641369,0.00107660879820683
0.179399797006536,0.148278424633944,5408,5408,0.00215321759641369,0.00107660879820687
0.180908032712957,0.149815165038625,5409,5409,0.00215321759641369,0.00107660879820683
0.179399797006536,0.148278424633944,5410,5410,0.00215321759641369,0.00107660879820687
0.180908032712957,0.149815165038625,5411,5411,0.00215321759641369,0.00107660879820683
0.179399797006536,0.148278424633944,5412,5412,0.00215321759641369,0.00107660879820687
0.180908032712957,0.149815165038625,5413,5413,0.00215321759641369,0.00107660879820683
0.179399797006536,0.148278424633944,5414,5414,0.00215321759641369,0.00107660879820687
0.180908032712957,0.149815165038625,5415,5415,0.00215321759641369,0.00107660879820683
0.179399797006536,0.148278424633944,5416,5416,0.00215321759641369,0.00107660879820687
0.180908032712957,0.149815165038625,5417,5417,0.00215321759641369,0.00107660879820683
0.179399797006536,0.148278424633944,5418,5418,0.00215321759641369,0.00107660879820687
0.180908032712957,0.149815165038625,5419,5419,0.00215321759641369,0.00107660879820683
0.179399797006536,0.148278424633944,5420,5420,0.00215321759641369,0.00107660879820687
0.180908032712957,0.149815165038625,5421,5421,0.00215321759641369,0.00107660879820683
0.179399797006536,0.148278424633944,5422,5422,0.00215321759641369,0.00107660879820687
0.180908032712957,0.149815165038625,5423,5423,0.00215321759641369,0.00107660879820683
0.179399797006536,0.148278424633944,5424,5424,0.00215321759641369,0.00107660879820687
0.180908032712957,0.149815165038625,5425,5425,0.00215321759641369,0.00107660879820683
0.179399797006536,0.148278424633944,5426,5426,0.00215321759641369,0.00107660879820687
0.180908032712957,0.149815165038625,5427,5427,0.00215321759641369,0.00107660879820683
0.179399797006536,0.148278424633944,5428,5428,0.00215321759641369,0.00107660879820687
0.180908032712957,0.149815165038625,5429,5429,0.00215321759641369,0.00107660879820683
0.179399797006536,0.148278424633944,5430,5430,0.00215321759641369,0.00107660879820687
0.180908032712957,0.149815165038625,5431,5431,0.00215321759641369,0.00107660879820683
0.179399797006536,0.148278424633944,5432,5432,0.00215321759641369,0.00107660879820687
0.180908032712957,0.149815165038625,5433,5433,0.00215321759641369,0.00107660879820683
0.179399797006536,0.148278424633944,5434,5434,0.00215321759641369,0.00107660879820687
0.180908032712957,0.149815165038625,5435,5435,0.00215321759641369,0.00107660879820683
0.179399797006536,0.148278424633944,5436,5436,0.00215321759641369,0.00107660879820687
0.180908032712957,0.149815165038625,5437,5437,0.00215321759641369,0.00107660879820683
0.179399797006536,0.148278424633944,5438,5438,0.00215321759641369,0.00107660879820687
0.180908032712957,0.149815165038625,5439,5439,0.00215321759641369,0.00107660879820683
0.179399797006536,0.148278424633944,5440,5440,0.00215321759641369,0.00107660879820687
0.180908032712957,0.149815165038625,5441,5441,0.00215321759641369,0.00107660879820683
0.179399797006536,0.148278424633944,5442,5442,0.00215321759641369,0.00107660879820687
0.180908032712957,0.149815165038625,5443,5443,0.00215321759641369,0.00107660879820683
0.179399797006536,0.148278424633944,5444,5444,0.00215321759641369,0.00107660879820687
0.180908032712957,0.149815165038625,5445,5445,0.00215321759641369,0.00107660879820683
0.179399797006536,0.148278424633944,5446,5446,0.00215321759641369,0.00107660879820687
0.180908032712957,0.149815165038625,5447,5447,0.00215321759641369,0.00107660879820683
0.179399797006536,0.148278424633944,5448,5448,0.00215321759641369,0.00107660879820687
0.180908032712957,0.149815165038625,5449,5449,0.00215321759641369,0.00107660879820683
0.179399797006536,0.148278424633944,5450,5450,0.00215321759641369,0.00107660879820687
0.180908032712957,0.149815165038625,5451,5451,0.00215321759641369,0.00107660879820683
0.179399797006536,0.148278424633944,5452,5452,0.00215321759641369,0.00107660879820687
0.180908032712957,0.149815165038625,5453,5453,0.00215321759641369,0.00107660879820683
0.179399797006536,0.148278424633944,5454,5454,0.00215321759641369,0.00107660879820687
0.180908032712957,0.149815165038625,5455,5455,0.00215321759641369,0.00107660879820683
0.179399797006536,0.148278424633944,5456,5456,0.00215321759641369,0.00107660879820687
0.180908032712957,0.149815165038625,5457,5457,0.00215321759641369,0.00107660879820683
0.179399797006536,0.148278424633944,5458,5458,0.00215321759641369,0.00107660879820687
0.180908032712957,0.149815165038625,5459,5459,0.00215321759641369,0.00107660879820683
0.179399797006536,0.148278424633944,5460,5460,0.00215321759641369,0.00107660879820687
0.180908032712957,0.149815165038625,5461,5461,0.00215321759641369,0.00107660879820683
0.179399797006536,0.148278424633944,5462,5462,0.00215321759641369,0.00107660879820687
0.180908032712957,0.149815165038625,5463,5463,0.00215321759641369,0.00107660879820683
0.179399797006536,0.148278424633944,5464,5464,0.00215321759641369,0.00107660879820687
0.180908032712957,0.149815165038625,5465,5465,0.00215321759641369,0.00107660879820683
0.179399797006536,0.148278424633944,5466,5466,0.00215321759641369,0.00107660879820687
0.180908032712957,0.149815165038625,5467,5467,0.00215321759641369,0.00107660879820683
0.179399797006536,0.148278424633944,5468,5468,0.00215321759641369,0.00107660879820687
0.180908032712957,0.149815165038625,5469,5469,0.00215321759641369,0.00107660879820683
0.179399797006536,0.148278424633944,5470,5470,0.00215321759641369,0.00107660879820687
0.180908032712957,0.149815165038625,5471,5471,0.00215321759641369,0.00107660879820683
0.179399797006536,0.148278424633944,5472,5472,0.00215321759641369,0.00107660879820687
0.180908032712957,0.149815165038625,5473,5473,0.00215321759641369,0.00107660879820683
0.179399797006536,0.148278424633944,5474,5474,0.00215321759641369,0.00107660879820687
0.180908032712957,0.149815165038625,5475,5475,0.00215321759641369,0.00107660879820683
0.179399797006536,0.148278424633944,5476,5476,0.00215321759641369,0.00107660879820687
0.180908032712957,0.149815165038625,5477,5477,0.00215321759641369,0.00107660879820683
0.179399797006536,0.148278424633944,5478,5478,0.00215321759641369,0.00107660879820687
0.180908032712957,0.149815165038625,5479,5479,0.00215321759641369,0.00107660879820683
0.179399797006536,0.148278424633944,5480,5480,0.00215321759641369,0.00107660879820687
0.180908032712957,0.149815165038625,5481,5481,0.00215321759641369,0.00107660879820683
0.179399797006536,0.148278424633944,5482,5482,0.00215321759641369,0.00107660879820687
0.180908032712957,0.149815165038625,5483,5483,0.00215321759641369,0.00107660879820683
0.179399797006536,0.148278424633944,5484,5484,0.00215321759641369,0.00107660879820687
0.180908032712957,0.149815165038625,5485,5485,0.00215321759641369,0.00107660879820683
0.179399797006536,0.148278424633944,5486,5486,0.00215321759641369,0.00107660879820687
0.180908032712957,0.149815165038625,5487,5487,0.00215321759641369,0.00107660879820683
0.179399797006536,0.148278424633944,5488,5488,0.00215321759641369,0.00107660879820687
0.180908032712957,0.149815165038625,5489,5489,0.00215321759641369,0.00107660879820683
0.179399797006536,0.148278424633944,5490,5490,0.00215321759641369,0.00107660879820687
0.180908032712957,0.149815165038625,5491,5491,0.00215321759641369,0.00107660879820683
0.179399797006536,0.148278424633944,5492,5492,0.00215321759641369,0.00107660879820687
0.180908032712957,0.149815165038625,5493,5493,0.00215321759641369,0.00107660879820683
0.179399797006536,0.148278424633944,5494,5494,0.00215321759641369,0.00107660879820687
0.180908032712957,0.149815165038625,5495,5495,0.00215321759641369,0.00107660879820683
0.179399797006536,0.148278424633944,5496,5496,0.00215321759641369,0.00107660879820687
0.180908032712957,0.149815165038625,5497,5497,0.00215321759641369,0.00107660879820683
0.179399797006536,0.148278424633944,5498,5498,0.00215321759641369,0.00107660879820687
0.180908032712957,0.149815165038625,5499,5499,0.00215321759641369,0.00107660879820683
0.179399797006536,0.148278424633944,5500,5500,0.00215321759641369,0.00107660879820687
0.180908032712957,0.149815165038625,5501,5501,0.00215321759641369,0.00107660879820683
0.179399797006536,0.148278424633944,5502,5502,0.00215321759641369,0.00107660879820687
0.180908032712957,0.149815165038625,5503,5503,0.00215321759641369,0.00107660879820683
0.179399797006536,0.148278424633944,5504,5504,0.00215321759641369,0.00107660879820687
0.180908032712957,0.149815165038625,5505,5505,0.00215321759641369,0.00107660879820683
0.179399797006536,0.148278424633944,5506,5506,0.00215321759641369,0.00107660879820687
0.180908032712957,0.149815165038625,5507,5507,0.00215321759641369,0.00107660879820683
0.179399797006536,0.148278424633944,5508,5508,0.00215321759641369,0.00107660879820687
0.180908032712957,0.149815165038625,5509,5509,0.00215321759641369,0.00107660879820683
0.179399797006536,0.148278424633944,5510,5510,0.00215321759641369,0.00107660879820687
0.180908032712957,0.149815165038625,5511,5511,0.00215321759641369,0.00107660879820683
0.179399797006536,0.148278424633944,5512,5512,0.00215321759641369,0.00107660879820687
0.180908032712957,0.149815165038625,5513,5513,0.00215321759641369,0.00107660879820683
0.179399797006536,0.148278424633944,5514,5514,0.00215321759641369,0.00107660879820687
0.180908032712957,0.149815165038625,5515,5515,0.00215321759641369,0.00107660879820683
0.179399797006536,0.148278424633944,5516,5516,0.00215321759641369,0.00107660879820687
0.180908032712957,0.149815165038625,5517,5517,0.00215321759641369,0.00107660879820683
0.179399797006536,0.148278424633944,5518,5518,0.00215321759641369,0.00107660879820687
0.180908032712957,0.149815165038625,5519,5519,0.00215321759641369,0.00107660879820683
0.179399797006536,0.148278424633944,5520,5520,0.00215321759641369,0.00107660879820687
0.180908032712957,0.149815165038625,5521,5521,0.00215321759641369,0.00107660879820683
0.179399797006536,0.148278424633944,5522,5522,0.00215321759641369,0.00107660879820687
0.180908032712957,0.149815165038625,5523,5523,0.00215321759641369,0.00107660879820683
0.179399797006536,0.148278424633944,5524,5524,0.00215321759641369,0.00107660879820687
0.180908032712957,0.149815165038625,5525,5525,0.00215321759641369,0.00107660879820683
0.179399797006536,0.148278424633944,5526,5526,0.00215321759641369,0.00107660879820687
0.180908032712957,0.149815165038625,5527,5527,0.00215321759641369,0.00107660879820683
0.179399797006536,0.148278424633944,5528,5528,0.00215321759641369,0.00107660879820687
0.180908032712957,0.149815165038625,5529,5529,0.00215321759641369,0.00107660879820683
0.179399797006536,0.148278424633944,5530,5530,0.00215321759641369,0.00107660879820687
0.180908032712957,0.149815165038625,5531,5531,0.00215321759641369,0.00107660879820683
0.179399797006536,0.148278424633944,5532,5532,0.00215321759641369,0.00107660879820687
0.180908032712957,0.149815165038625,5533,5533,0.00215321759641369,0.00107660879820683
0.179399797006536,0.148278424633944,5534,5534,0.00215321759641369,0.00107660879820687
0.180908032712957,0.149815165038625,5535,5535,0.00215321759641369,0.00107660879820683
0.179399797006536,0.148278424633944,5536,5536,0.00215321759641369,0.00107660879820687
0.180908032712957,0.149815165038625,5537,5537,0.00215321759641369,0.00107660879820683
0.179399797006536,0.148278424633944,5538,5538,0.00215321759641369,0.00107660879820687
0.180908032712957,0.149815165038625,5539,5539,0.00215321759641369,0.00107660879820683
0.179399797006536,0.148278424633944,5540,5540,0.00215321759641369,0.00107660879820687
0.180908032712957,0.149815165038625,5541,5541,0.00215321759641369,0.00107660879820683
0.179399797006536,0.148278424633944,5542,5542,0.00215321759641369,0.00107660879820687
0.180908032712957,0.149815165038625,5543,5543,0.00215321759641369,0.00107660879820683
0.179399797006536,0.148278424633944,5544,5544,0.00215321759641369,0.00107660879820687
0.180908032712957,0.149815165038625,5545,5545,0.00215321759641369,0.00107660879820683
0.179399797006536,0.148278424633944,5546,5546,0.00215321759641369,0.00107660879820687
0.180908032712957,0.149815165038625,5547,5547,0.00215321759641369,0.00107660879820683
0.179399797006536,0.148278424633944,5548,5548,0.00215321759641369,0.00107660879820687
0.180908032712957,0.149815165038625,5549,5549,0.00215321759641369,0.00107660879820683
0.179399797006536,0.148278424633944,5550,5550,0.00215321759641369,0.00107660879820687
0.180908032712957,0.149815165038625,5551,5551,0.00215321759641369,0.00107660879820683
0.179399797006536,0.148278424633944,5552,5552,0.00215321759641369,0.00107660879820687
0.180908032712957,0.149815165038625,5553,5553,0.00215321759641369,0.00107660879820683
0.179399797006536,0.148278424633944,5554,5554,0.00215321759641369,0.00107660879820687
0.180908032712957,0.149815165038625,5555,5555,0.00215321759641369,0.00107660879820683
0.179399797006536,0.148278424633944,5556,5556,0.00215321759641369,0.00107660879820687
0.180908032712957,0.149815165038625,5557,5557,0.00215321759641369,0.00107660879820683
0.179399797006536,0.148278424633944,5558,5558,0.00215321759641369,0.00107660879820687
0.180908032712957,0.149815165038625,5559,5559,0.00215321759641369,0.00107660879820683
0.179399797006536,0.148278424633944,5560,5560,0.00215321759641369,0.00107660879820687
0.180908032712957,0.149815165038625,5561,5561,0.00215321759641369,0.00107660879820683
0.179399797006536,0.148278424633944,5562,5562,0.00215321759641369,0.00107660879820687
0.180908032712957,0.149815165038625,5563,5563,0.00215321759641369,0.00107660879820683
0.179399797006536,0.148278424633944,5564,5564,0.00215321759641369,0.00107660879820687
0.180908032712957,0.149815165038625,5565,5565,0.00215321759641369,0.00107660879820683
0.179399797006536,0.148278424633944,5566,5566,0.00215321759641369,0.00107660879820687
0.180908032712957,0.149815165038625,5567,5567,0.00215321759641369,0.00107660879820683
0.179399797006536,0.148278424633944,5568,5568,0.00215321759641369,0.00107660879820687
0.180908032712957,0.149815165038625,5569,5569,0.00215321759641369,0.00107660879820683
0.179399797006536,0.148278424633944,5570,5570,0.00215321759641369,0.00107660879820687
0.180908032712957,0.149815165038625,5571,5571,0.00215321759641369,0.00107660879820683
0.179399797006536,0.148278424633944,5572,5572,0.00215321759641369,0.00107660879820687
0.180908032712957,0.149815165038625,5573,5573,0.00215321759641369,0.00107660879820683
0.179399797006536,0.148278424633944,5574,5574,0.00215321759641369,0.00107660879820687
0.180908032712957,0.149815165038625,5575,5575,0.00215321759641369,0.00107660879820683
0.179399797006536,0.148278424633944,5576,5576,0.00215321759641369,0.00107660879820687
0.180908032712957,0.149815165038625,5577,5577,0.00215321759641369,0.00107660879820683
0.179399797006536,0.148278424633944,5578,5578,0.00215321759641369,0.00107660879820687
0.180908032712957,0.149815165038625,5579,5579,0.00215321759641369,0.00107660879820683
0.179399797006536,0.148278424633944,5580,5580,0.00215321759641369,0.00107660879820687
0.180908032712957,0.149815165038625,5581,5581,0.00215321759641369,0.00107660879820683
0.179399797006536,0.148278424633944,5582,5582,0.00215321759641369,0.00107660879820687
0.180908032712957,0.149815165038625,5583,5583,0.00215321759641369,0.00107660879820683
0.179399797006536,0.148278424633944,5584,5584,0.00215321759641369,0.00107660879820687
0.180908032712957,0.149815165038625,5585,5585,0.00215321759641369,0.00107660879820683
0.179399797006536,0.148278424633944,5586,5586,0.00215321759641369,0.00107660879820687
0.180908032712957,0.149815165038625,5587,5587,0.00215321759641369,0.00107660879820683
0.179399797006536,0.148278424633944,5588,5588,0.00215321759641369,0.00107660879820687
0.180908032712957,0.149815165038625,5589,5589,0.00215321759641369,0.00107660879820683
0.179399797006536,0.148278424633944,5590,5590,0.00215321759641369,0.00107660879820687
0.180908032712957,0.149815165038625,5591,5591,0.00215321759641369,0.00107660879820683
0.179399797006536,0.148278424633944,5592,5592,0.00215321759641369,0.00107660879820687
0.180908032712957,0.149815165038625,5593,5593,0.00215321759641369,0.00107660879820683
0.179399797006536,0.148278424633944,5594,5594,0.00215321759641369,0.00107660879820687
0.180908032712957,0.149815165038625,5595,5595,0.00215321759641369,0.00107660879820683
0.179399797006536,0.148278424633944,5596,5596,0.00215321759641369,0.00107660879820687
0.180908032712957,0.149815165038625,5597,5597,0.00215321759641369,0.00107660879820683
0.179399797006536,0.148278424633944,5598,5598,0.00215321759641369,0.00107660879820687
0.180908032712957,0.149815165038625,5599,5599,0.00215321759641369,0.00107660879820683
0.179399797006536,0.148278424633944,5600,5600,0.00215321759641369,0.00107660879820687
0.180908032712957,0.149815165038625,5601,5601,0.00215321759641369,0.00107660879820683
0.179399797006536,0.148278424633944,5602,5602,0.00215321759641369,0.00107660879820687
0.180908032712957,0.149815165038625,5603,5603,0.00215321759641369,0.00107660879820683
0.179399797006536,0.148278424633944,5604,5604,0.00215321759641369,0.00107660879820687
0.180908032712957,0.149815165038625,5605,5605,0.00215321759641369,0.00107660879820683
0.179399797006536,0.148278424633944,5606,5606,0.00215321759641369,0.00107660879820687
0.180908032712957,0.149815165038625,5607,5607,0.00215321759641369,0.00107660879820683
0.179399797006536,0.148278424633944,5608,5608,0.00215321759641369,0.00107660879820687
0.180908032712957,0.149815165038625,5609,5609,0.00215321759641369,0.00107660879820683
0.179399797006536,0.148278424633944,5610,5610,0.00215321759641369,0.00107660879820687
0.180908032712957,0.149815165038625,5611,5611,0.00215321759641369,0.00107660879820683
0.179399797006536,0.148278424633944,5612,5612,0.00215321759641369,0.00107660879820687
0.180908032712957,0.149815165038625,5613,5613,0.00215321759641369,0.00107660879820683
0.179399797006536,0.148278424633944,5614,5614,0.00215321759641369,0.00107660879820687
0.180908032712957,0.149815165038625,5615,5615,0.00215321759641369,0.00107660879820683
0.179399797006536,0.148278424633944,5616,5616,0.00215321759641369,0.00107660879820687
0.180908032712957,0.149815165038625,5617,5617,0.00215321759641369,0.00107660879820683
0.179399797006536,0.148278424633944,5618,5618,0.00215321759641369,0.00107660879820687
0.180908032712957,0.149815165038625,5619,5619,0.00215321759641369,0.00107660879820683
0.179399797006536,0.148278424633944,5620,5620,0.00215321759641369,0.00107660879820687
0.180908032712957,0.149815165038625,5621,5621,0.00215321759641369,0.00107660879820683
0.179399797006536,0.148278424633944,5622,5622,0.00215321759641369,0.00107660879820687
0.180908032712957,0.149815165038625,5623,5623,0.00215321759641369,0.00107660879820683
0.179399797006536,0.148278424633944,5624,5624,0.00215321759641369,0.00107660879820687
0.180908032712957,0.149815165038625,5625,5625,0.00215321759641369,0.00107660879820683
0.179399797006536,0.148278424633944,5626,5626,0.00215321759641369,0.00107660879820687
0.180908032712957,0.149815165038625,5627,5627,0.00215321759641369,0.00107660879820683
0.179399797006536,0.148278424633944,5628,5628,0.00215321759641369,0.00107660879820687
0.180908032712957,0.149815165038625,5629,5629,0.00215321759641369,0.00107660879820683
0.179399797006536,0.148278424633944,5630,5630,0.00215321759641369,0.00107660879820687
0.180908032712957,0.149815165038625,5631,5631,0.00215321759641369,0.00107660879820683
0.179399797006536,0.148278424633944,5632,5632,0.00215321759641369,0.00107660879820687
0.180908032712957,0.149815165038625,5633,5633,0.00215321759641369,0.00107660879820683
0.179399797006536,0.148278424633944,5634,5634,0.00215321759641369,0.00107660879820687
0.180908032712957,0.149815165038625,5635,5635,0.00215321759641369,0.00107660879820683
0.179399797006536,0.148278424633944,5636,5636,0.00215321759641369,0.00107660879820687
0.180908032712957,0.149815165038625,5637,5637,0.00215321759641369,0.00107660879820683
0.179399797006536,0.148278424633944,5638,5638,0.00215321759641369,0.00107660879820687
0.180908032712957,0.149815165038625,5639,5639,0.00215321759641369,0.00107660879820683
0.179399797006536,0.148278424633944,5640,5640,0.00215321759641369,0.00107660879820687
0.180908032712957,0.149815165038625,5641,5641,0.00215321759641369,0.00107660879820683
0.179399797006536,0.148278424633944,5642,5642,0.00215321759641369,0.00107660879820687
0.180908032712957,0.149815165038625,5643,5643,0.00215321759641369,0.00107660879820683
0.179399797006536,0.148278424633944,5644,5644,0.00215321759641369,0.00107660879820687
0.180908032712957,0.149815165038625,5645,5645,0.00215321759641369,0.00107660879820683
0.179399797006536,0.148278424633944,5646,5646,0.00215321759641369,0.00107660879820687
0.180908032712957,0.149815165038625,5647,5647,0.00215321759641369,0.00107660879820683
0.179399797006536,0.148278424633944,5648,5648,0.00215321759641369,0.00107660879820687
0.180908032712957,0.149815165038625,5649,5649,0.00215321759641369,0.00107660879820683
0.179399797006536,0.148278424633944,5650,5650,0.00215321759641369,0.00107660879820687
0.180908032712957,0.149815165038625,5651,5651,0.00215321759641369,0.00107660879820683
0.179399797006536,0.148278424633944,5652,5652,0.00215321759641369,0.00107660879820687
0.180908032712957,0.149815165038625,5653,5653,0.00215321759641369,0.00107660879820683
0.179399797006536,0.148278424633944,5654,5654,0.00215321759641369,0.00107660879820687
0.180908032712957,0.149815165038625,5655,5655,0.00215321759641369,0.00107660879820683
0.179399797006536,0.148278424633944,5656,5656,0.00215321759641369,0.00107660879820687
0.180908032712957,0.149815165038625,5657,5657,0.00215321759641369,0.00107660879820683
0.179399797006536,0.148278424633944,5658,5658,0.00215321759641369,0.00107660879820687
0.180908032712957,0.149815165038625,5659,5659,0.00215321759641369,0.00107660879820683
0.179399797006536,0.148278424633944,5660,5660,0.00215321759641369,0.00107660879820687
0.180908032712957,0.149815165038625,5661,5661,0.00215321759641369,0.00107660879820683
0.179399797006536,0.148278424633944,5662,5662,0.00215321759641369,0.00107660879820687
0.180908032712957,0.149815165038625,5663,5663,0.00215321759641369,0.00107660879820683
0.179399797006536,0.148278424633944,5664,5664,0.00215321759641369,0.00107660879820687
0.180908032712957,0.149815165038625,5665,5665,0.00215321759641369,0.00107660879820683
0.179399797006536,0.148278424633944,5666,5666,0.00215321759641369,0.00107660879820687
0.180908032712957,0.149815165038625,5667,5667,0.00215321759641369,0.00107660879820683
0.179399797006536,0.148278424633944,5668,5668,0.00215321759641369,0.00107660879820687
0.180908032712957,0.149815165038625,5669,5669,0.00215321759641369,0.00107660879820683
0.179399797006536,0.148278424633944,5670,5670,0.00215321759641369,0.00107660879820687
0.180908032712957,0.149815165038625,5671,5671,0.00215321759641369,0.00107660879820683
0.179399797006536,0.148278424633944,5672,5672,0.00215321759641369,0.00107660879820687
0.180908032712957,0.149815165038625,5673,5673,0.00215321759641369,0.00107660879820683
0.179399797006536,0.148278424633944,5674,5674,0.00215321759641369,0.00107660879820687
0.180908032712957,0.149815165038625,5675,5675,0.00215321759641369,0.00107660879820683
0.179399797006536,0.148278424633944,5676,5676,0.00215321759641369,0.00107660879820687
0.180908032712957,0.149815165038625,5677,5677,0.00215321759641369,0.00107660879820683
0.179399797006536,0.148278424633944,5678,5678,0.00215321759641369,0.00107660879820687
0.180908032712957,0.149815165038625,5679,5679,0.00215321759641369,0.00107660879820683
0.179399797006536,0.148278424633944,5680,5680,0.00215321759641369,0.00107660879820687
0.180908032712957,0.149815165038625,5681,5681,0.00215321759641369,0.00107660879820683
0.179399797006536,0.148278424633944,5682,5682,0.00215321759641369,0.00107660879820687
0.180908032712957,0.149815165038625,5683,5683,0.00215321759641369,0.00107660879820683
0.179399797006536,0.148278424633944,5684,5684,0.00215321759641369,0.00107660879820687
0.180908032712957,0.149815165038625,5685,5685,0.00215321759641369,0.00107660879820683
0.179399797006536,0.148278424633944,5686,5686,0.00215321759641369,0.00107660879820687
0.180908032712957,0.149815165038625,5687,5687,0.00215321759641369,0.00107660879820683
0.179399797006536,0.148278424633944,5688,5688,0.00215321759641369,0.00107660879820687
0.180908032712957,0.149815165038625,5689,5689,0.00215321759641369,0.00107660879820683
0.179399797006536,0.148278424633944,5690,5690,0.00215321759641369,0.00107660879820687
0.180908032712957,0.149815165038625,5691,5691,0.00215321759641369,0.00107660879820683
0.179399797006536,0.148278424633944,5692,5692,0.00215321759641369,0.00107660879820687
0.180908032712957,0.149815165038625,5693,5693,0.00215321759641369,0.00107660879820683
0.179399797006536,0.148278424633944,5694,5694,0.00215321759641369,0.00107660879820687
0.180908032712957,0.149815165038625,5695,5695,0.00215321759641369,0.00107660879820683
0.179399797006536,0.148278424633944,5696,5696,0.00215321759641369,0.00107660879820687
0.180908032712957,0.149815165038625,5697,5697,0.00215321759641369,0.00107660879820683
0.179399797006536,0.148278424633944,5698,5698,0.00215321759641369,0.00107660879820687
0.180908032712957,0.149815165038625,5699,5699,0.00215321759641369,0.00107660879820683
0.179399797006536,0.148278424633944,5700,5700,0.00215321759641369,0.00107660879820687
0.180908032712957,0.149815165038625,5701,5701,0.00215321759641369,0.00107660879820683
0.179399797006536,0.148278424633944,5702,5702,0.00215321759641369,0.00107660879820687
0.180908032712957,0.149815165038625,5703,5703,0.00215321759641369,0.00107660879820683
0.179399797006536,0.148278424633944,5704,5704,0.00215321759641369,0.00107660879820687
0.180908032712957,0.149815165038625,5705,5705,0.00215321759641369,0.00107660879820683
0.179399797006536,0.148278424633944,5706,5706,0.00215321759641369,0.00107660879820687
0.180908032712957,0.149815165038625,5707,5707,0.00215321759641369,0.00107660879820683
0.179399797006536,0.148278424633944,5708,5708,0.00215321759641369,0.00107660879820687
0.180908032712957,0.149815165038625,5709,5709,0.00215321759641369,0.00107660879820683
0.179399797006536,0.148278424633944,5710,5710,0.00215321759641369,0.00107660879820687
0.180908032712957,0.149815165038625,5711,5711,0.00215321759641369,0.00107660879820683
0.179399797006536,0.148278424633944,5712,5712,0.00215321759641369,0.00107660879820687
0.180908032712957,0.149815165038625,5713,5713,0.00215321759641369,0.00107660879820683
0.179399797006536,0.148278424633944,5714,5714,0.00215321759641369,0.00107660879820687
0.180908032712957,0.149815165038625,5715,5715,0.00215321759641369,0.00107660879820683
0.179399797006536,0.148278424633944,5716,5716,0.00215321759641369,0.00107660879820687
0.180908032712957,0.149815165038625,5717,5717,0.00215321759641369,0.00107660879820683
0.179399797006536,0.148278424633944,5718,5718,0.00215321759641369,0.00107660879820687
0.180908032712957,0.149815165038625,5719,5719,0.00215321759641369,0.00107660879820683
0.179399797006536,0.148278424633944,5720,5720,0.00215321759641369,0.00107660879820687
0.180908032712957,0.149815165038625,5721,5721,0.00215321759641369,0.00107660879820683
0.179399797006536,0.148278424633944,5722,5722,0.00215321759641369,0.00107660879820687
0.180908032712957,0.149815165038625,5723,5723,0.00215321759641369,0.00107660879820683
0.179399797006536,0.148278424633944,5724,5724,0.00215321759641369,0.00107660879820687
0.180908032712957,0.149815165038625,5725,5725,0.00215321759641369,0.00107660879820683
0.179399797006536,0.148278424633944,5726,5726,0.00215321759641369,0.00107660879820687
0.180908032712957,0.149815165038625,5727,5727,0.00215321759641369,0.00107660879820683
0.179399797006536,0.148278424633944,5728,5728,0.00215321759641369,0.00107660879820687
0.180908032712957,0.149815165038625,5729,5729,0.00215321759641369,0.00107660879820683
0.179399797006536,0.148278424633944,5730,5730,0.00215321759641369,0.00107660879820687
0.180908032712957,0.149815165038625,5731,5731,0.00215321759641369,0.00107660879820683
0.179399797006536,0.148278424633944,5732,5732,0.00215321759641369,0.00107660879820687
0.180908032712957,0.149815165038625,5733,5733,0.00215321759641369,0.00107660879820683
0.179399797006536,0.148278424633944,5734,5734,0.00215321759641369,0.00107660879820687
0.180908032712957,0.149815165038625,5735,5735,0.00215321759641369,0.00107660879820683
0.179399797006536,0.148278424633944,5736,5736,0.00215321759641369,0.00107660879820687
0.180908032712957,0.149815165038625,5737,5737,0.00215321759641369,0.00107660879820683
0.179399797006536,0.148278424633944,5738,5738,0.00215321759641369,0.00107660879820687
0.180908032712957,0.149815165038625,5739,5739,0.00215321759641369,0.00107660879820683
0.179399797006536,0.148278424633944,5740,5740,0.00215321759641369,0.00107660879820687
0.180908032712957,0.149815165038625,5741,5741,0.00215321759641369,0.00107660879820683
0.179399797006536,0.148278424633944,5742,5742,0.00215321759641369,0.00107660879820687
0.180908032712957,0.149815165038625,5743,5743,0.00215321759641369,0.00107660879820683
0.179399797006536,0.148278424633944,5744,5744,0.00215321759641369,0.00107660879820687
0.180908032712957,0.149815165038625,5745,5745,0.00215321759641369,0.00107660879820683
0.179399797006536,0.148278424633944,5746,5746,0.00215321759641369,0.00107660879820687
0.180908032712957,0.149815165038625,5747,5747,0.00215321759641369,0.00107660879820683
0.179399797006536,0.148278424633944,5748,5748,0.00215321759641369,0.00107660879820687
0.180908032712957,0.149815165038625,5749,5749,0.00215321759641369,0.00107660879820683
0.179399797006536,0.148278424633944,5750,5750,0.00215321759641369,0.00107660879820687
0.180908032712957,0.149815165038625,5751,5751,0.00215321759641369,0.00107660879820683
0.179399797006536,0.148278424633944,5752,5752,0.00215321759641369,0.00107660879820687
0.180908032712957,0.149815165038625,5753,5753,0.00215321759641369,0.00107660879820683
0.179399797006536,0.148278424633944,5754,5754,0.00215321759641369,0.00107660879820687
0.180908032712957,0.149815165038625,5755,5755,0.00215321759641369,0.00107660879820683
0.179399797006536,0.148278424633944,5756,5756,0.00215321759641369,0.00107660879820687
0.180908032712957,0.149815165038625,5757,5757,0.00215321759641369,0.00107660879820683
0.179399797006536,0.148278424633944,5758,5758,0.00215321759641369,0.00107660879820687
0.180908032712957,0.149815165038625,5759,5759,0.00215321759641369,0.00107660879820683
0.179399797006536,0.148278424633944,5760,5760,0.00215321759641369,0.00107660879820687
0.180908032712957,0.149815165038625,5761,5761,0.00215321759641369,0.00107660879820683
0.179399797006536,0.148278424633944,5762,5762,0.00215321759641369,0.00107660879820687
0.180908032712957,0.149815165038625,5763,5763,0.00215321759641369,0.00107660879820683
0.179399797006536,0.148278424633944,5764,5764,0.00215321759641369,0.00107660879820687
0.180908032712957,0.149815165038625,5765,5765,0.00215321759641369,0.00107660879820683
0.179399797006536,0.148278424633944,5766,5766,0.00215321759641369,0.00107660879820687
0.180908032712957,0.149815165038625,5767,5767,0.00215321759641369,0.00107660879820683
0.179399797006536,0.148278424633944,5768,5768,0.00215321759641369,0.00107660879820687
0.180908032712957,0.149815165038625,5769,5769,0.00215321759641369,0.00107660879820683
0.179399797006536,0.148278424633944,5770,5770,0.00215321759641369,0.00107660879820687
0.180908032712957,0.149815165038625,5771,5771,0.00215321759641369,0.00107660879820683
0.179399797006536,0.148278424633944,5772,5772,0.00215321759641369,0.00107660879820687
0.180908032712957,0.149815165038625,5773,5773,0.00215321759641369,0.00107660879820683
0.179399797006536,0.148278424633944,5774,5774,0.00215321759641369,0.00107660879820687
0.180908032712957,0.149815165038625,5775,5775,0.00215321759641369,0.00107660879820683
0.179399797006536,0.148278424633944,5776,5776,0.00215321759641369,0.00107660879820687
0.180908032712957,0.149815165038625,5777,5777,0.00215321759641369,0.00107660879820683
0.179399797006536,0.148278424633944,5778,5778,0.00215321759641369,0.00107660879820687
0.180908032712957,0.149815165038625,5779,5779,0.00215321759641369,0.00107660879820683
0.179399797006536,0.148278424633944,5780,5780,0.00215321759641369,0.00107660879820687
0.180908032712957,0.149815165038625,5781,5781,0.00215321759641369,0.00107660879820683
0.179399797006536,0.148278424633944,5782,5782,0.00215321759641369,0.00107660879820687
0.180908032712957,0.149815165038625,5783,5783,0.00215321759641369,0.00107660879820683
0.179399797006536,0.148278424633944,5784,5784,0.00215321759641369,0.00107660879820687
0.180908032712957,0.149815165038625,5785,5785,0.00215321759641369,0.00107660879820683
0.179399797006536,0.148278424633944,5786,5786,0.00215321759641369,0.00107660879820687
0.180908032712957,0.149815165038625,5787,5787,0.00215321759641369,0.00107660879820683
0.179399797006536,0.148278424633944,5788,5788,0.00215321759641369,0.00107660879820687
0.180908032712957,0.149815165038625,5789,5789,0.00215321759641369,0.00107660879820683
0.179399797006536,0.148278424633944,5790,5790,0.00215321759641369,0.00107660879820687
0.180908032712957,0.149815165038625,5791,5791,0.00215321759641369,0.00107660879820683
0.179399797006536,0.148278424633944,5792,5792,0.00215321759641369,0.00107660879820687
0.180908032712957,0.149815165038625,5793,5793,0.00215321759641369,0.00107660879820683
0.179399797006536,0.148278424633944,5794,5794,0.00215321759641369,0.00107660879820687
0.180908032712957,0.149815165038625,5795,5795,0.00215321759641369,0.00107660879820683
0.179399797006536,0.148278424633944,5796,5796,0.00215321759641369,0.00107660879820687
0.180908032712957,0.149815165038625,5797,5797,0.00215321759641369,0.00107660879820683
0.179399797006536,0.148278424633944,5798,5798,0.00215321759641369,0.00107660879820687
0.180908032712957,0.149815165038625,5799,5799,0.00215321759641369,0.00107660879820683
0.179399797006536,0.148278424633944,5800,5800,0.00215321759641369,0.00107660879820687
0.180908032712957,0.149815165038625,5801,5801,0.00215321759641369,0.00107660879820683
0.179399797006536,0.148278424633944,5802,5802,0.00215321759641369,0.00107660879820687
0.180908032712957,0.149815165038625,5803,5803,0.00215321759641369,0.00107660879820683
0.179399797006536,0.148278424633944,5804,5804,0.00215321759641369,0.00107660879820687
0.180908032712957,0.149815165038625,5805,5805,0.00215321759641369,0.00107660879820683
0.179399797006536,0.148278424633944,5806,5806,0.00215321759641369,0.00107660879820687
0.180908032712957,0.149815165038625,5807,5807,0.00215321759641369,0.00107660879820683
0.179399797006536,0.148278424633944,5808,5808,0.00215321759641369,0.00107660879820687
0.180908032712957,0.149815165038625,5809,5809,0.00215321759641369,0.00107660879820683
0.179399797006536,0.148278424633944,5810,5810,0.00215321759641369,0.00107660879820687
0.180908032712957,0.149815165038625,5811,5811,0.00215321759641369,0.00107660879820683
0.179399797006536,0.148278424633944,5812,5812,0.00215321759641369,0.00107660879820687
0.180908032712957,0.149815165038625,5813,5813,0.00215321759641369,0.00107660879820683
0.179399797006536,0.148278424633944,5814,5814,0.00215321759641369,0.00107660879820687
0.180908032712957,0.149815165038625,5815,5815,0.00215321759641369,0.00107660879820683
0.179399797006536,0.148278424633944,5816,5816,0.00215321759641369,0.00107660879820687
0.180908032712957,0.149815165038625,5817,5817,0.00215321759641369,0.00107660879820683
0.179399797006536,0.148278424633944,5818,5818,0.00215321759641369,0.00107660879820687
0.180908032712957,0.149815165038625,5819,5819,0.00215321759641369,0.00107660879820683
0.179399797006536,0.148278424633944,5820,5820,0.00215321759641369,0.00107660879820687
0.180908032712957,0.149815165038625,5821,5821,0.00215321759641369,0.00107660879820683
0.179399797006536,0.148278424633944,5822,5822,0.00215321759641369,0.00107660879820687
0.180908032712957,0.149815165038625,5823,5823,0.00215321759641369,0.00107660879820683
0.179399797006536,0.148278424633944,5824,5824,0.00215321759641369,0.00107660879820687
0.180908032712957,0.149815165038625,5825,5825,0.00215321759641369,0.00107660879820683
0.179399797006536,0.148278424633944,5826,5826,0.00215321759641369,0.00107660879820687
0.180908032712957,0.149815165038625,5827,5827,0.00215321759641369,0.00107660879820683
0.179399797006536,0.148278424633944,5828,5828,0.00215321759641369,0.00107660879820687
0.180908032712957,0.149815165038625,5829,5829,0.00215321759641369,0.00107660879820683
0.179399797006536,0.148278424633944,5830,5830,0.00215321759641369,0.00107660879820687
0.180908032712957,0.149815165038625,5831,5831,0.00215321759641369,0.00107660879820683
0.179399797006536,0.148278424633944,5832,5832,0.00215321759641369,0.00107660879820687
0.180908032712957,0.149815165038625,5833,5833,0.00215321759641369,0.00107660879820683
0.179399797006536,0.148278424633944,5834,5834,0.00215321759641369,0.00107660879820687
0.180908032712957,0.149815165038625,5835,5835,0.00215321759641369,0.00107660879820683
0.179399797006536,0.148278424633944,5836,5836,0.00215321759641369,0.00107660879820687
0.180908032712957,0.149815165038625,5837,5837,0.00215321759641369,0.00107660879820683
0.179399797006536,0.148278424633944,5838,5838,0.00215321759641369,0.00107660879820687
0.180908032712957,0.149815165038625,5839,5839,0.00215321759641369,0.00107660879820683
0.179399797006536,0.148278424633944,5840,5840,0.00215321759641369,0.00107660879820687
0.180908032712957,0.149815165038625,5841,5841,0.00215321759641369,0.00107660879820683
0.179399797006536,0.148278424633944,5842,5842,0.00215321759641369,0.00107660879820687
0.180908032712957,0.149815165038625,5843,5843,0.00215321759641369,0.00107660879820683
0.179399797006536,0.148278424633944,5844,5844,0.00215321759641369,0.00107660879820687
0.180908032712957,0.149815165038625,5845,5845,0.00215321759641369,0.00107660879820683
0.179399797006536,0.148278424633944,5846,5846,0.00215321759641369,0.00107660879820687
0.180908032712957,0.149815165038625,5847,5847,0.00215321759641369,0.00107660879820683
0.179399797006536,0.148278424633944,5848,5848,0.00215321759641369,0.00107660879820687
0.180908032712957,0.149815165038625,5849,5849,0.00215321759641369,0.00107660879820683
0.179399797006536,0.148278424633944,5850,5850,0.00215321759641369,0.00107660879820687
0.180908032712957,0.149815165038625,5851,5851,0.00215321759641369,0.00107660879820683
0.179399797006536,0.148278424633944,5852,5852,0.00215321759641369,0.00107660879820687
0.180908032712957,0.149815165038625,5853,5853,0.00215321759641369,0.00107660879820683
0.179399797006536,0.148278424633944,5854,5854,0.00215321759641369,0.00107660879820687
0.180908032712957,0.149815165038625,5855,5855,0.00215321759641369,0.00107660879820683
0.179399797006536,0.148278424633944,5856,5856,0.00215321759641369,0.00107660879820687
0.180908032712957,0.149815165038625,5857,5857,0.00215321759641369,0.00107660879820683
0.179399797006536,0.148278424633944,5858,5858,0.00215321759641369,0.00107660879820687
0.180908032712957,0.149815165038625,5859,5859,0.00215321759641369,0.00107660879820683
0.179399797006536,0.148278424633944,5860,5860,0.00215321759641369,0.00107660879820687
0.180908032712957,0.149815165038625,5861,5861,0.00215321759641369,0.00107660879820683
0.179399797006536,0.148278424633944,5862,5862,0.00215321759641369,0.00107660879820687
0.180908032712957,0.149815165038625,5863,5863,0.00215321759641369,0.00107660879820683
0.179399797006536,0.148278424633944,5864,5864,0.00215321759641369,0.00107660879820687
0.180908032712957,0.149815165038625,5865,5865,0.00215321759641369,0.00107660879820683
0.179399797006536,0.148278424633944,5866,5866,0.00215321759641369,0.00107660879820687
0.180908032712957,0.149815165038625,5867,5867,0.00215321759641369,0.00107660879820683
0.179399797006536,0.148278424633944,5868,5868,0.00215321759641369,0.00107660879820687
0.180908032712957,0.149815165038625,5869,5869,0.00215321759641369,0.00107660879820683
0.179399797006536,0.148278424633944,5870,5870,0.00215321759641369,0.00107660879820687
0.180908032712957,0.149815165038625,5871,5871,0.00215321759641369,0.00107660879820683
0.179399797006536,0.148278424633944,5872,5872,0.00215321759641369,0.00107660879820687
0.180908032712957,0.149815165038625,5873,5873,0.00215321759641369,0.00107660879820683
0.179399797006536,0.148278424633944,5874,5874,0.00215321759641369,0.00107660879820687
0.180908032712957,0.149815165038625,5875,5875,0.00215321759641369,0.00107660879820683
0.179399797006536,0.148278424633944,5876,5876,0.00215321759641369,0.00107660879820687
0.180908032712957,0.149815165038625,5877,5877,0.00215321759641369,0.00107660879820683
0.179399797006536,0.148278424633944,5878,5878,0.00215321759641369,0.00107660879820687
0.180908032712957,0.149815165038625,5879,5879,0.00215321759641369,0.00107660879820683
0.179399797006536,0.148278424633944,5880,5880,0.00215321759641369,0.00107660879820687
0.180908032712957,0.149815165038625,5881,5881,0.00215321759641369,0.00107660879820683
0.179399797006536,0.148278424633944,5882,5882,0.00215321759641369,0.00107660879820687
0.180908032712957,0.149815165038625,5883,5883,0.00215321759641369,0.00107660879820683
0.179399797006536,0.148278424633944,5884,5884,0.00215321759641369,0.00107660879820687
0.180908032712957,0.149815165038625,5885,5885,0.00215321759641369,0.00107660879820683
0.179399797006536,0.148278424633944,5886,5886,0.00215321759641369,0.00107660879820687
0.180908032712957,0.149815165038625,5887,5887,0.00215321759641369,0.00107660879820683
0.179399797006536,0.148278424633944,5888,5888,0.00215321759641369,0.00107660879820687
0.180908032712957,0.149815165038625,5889,5889,0.00215321759641369,0.00107660879820683
0.179399797006536,0.148278424633944,5890,5890,0.00215321759641369,0.00107660879820687
0.180908032712957,0.149815165038625,5891,5891,0.00215321759641369,0.00107660879820683
0.179399797006536,0.148278424633944,5892,5892,0.00215321759641369,0.00107660879820687
0.180908032712957,0.149815165038625,5893,5893,0.00215321759641369,0.00107660879820683
0.179399797006536,0.148278424633944,5894,5894,0.00215321759641369,0.00107660879820687
0.180908032712957,0.149815165038625,5895,5895,0.00215321759641369,0.00107660879820683
0.179399797006536,0.148278424633944,5896,5896,0.00215321759641369,0.00107660879820687
0.180908032712957,0.149815165038625,5897,5897,0.00215321759641369,0.00107660879820683
0.179399797006536,0.148278424633944,5898,5898,0.00215321759641369,0.00107660879820687
0.180908032712957,0.149815165038625,5899,5899,0.00215321759641369,0.00107660879820683
0.179399797006536,0.148278424633944,5900,5900,0.00215321759641369,0.00107660879820687
0.180908032712957,0.149815165038625,5901,5901,0.00215321759641369,0.00107660879820683
0.179399797006536,0.148278424633944,5902,5902,0.00215321759641369,0.00107660879820687
0.180908032712957,0.149815165038625,5903,5903,0.00215321759641369,0.00107660879820683
0.179399797006536,0.148278424633944,5904,5904,0.00215321759641369,0.00107660879820687
0.180908032712957,0.149815165038625,5905,5905,0.00215321759641369,0.00107660879820683
0.179399797006536,0.148278424633944,5906,5906,0.00215321759641369,0.00107660879820687
0.180908032712957,0.149815165038625,5907,5907,0.00215321759641369,0.00107660879820683
0.179399797006536,0.148278424633944,5908,5908,0.00215321759641369,0.00107660879820687
0.180908032712957,0.149815165038625,5909,5909,0.00215321759641369,0.00107660879820683
0.179399797006536,0.148278424633944,5910,5910,0.00215321759641369,0.00107660879820687
0.180908032712957,0.149815165038625,5911,5911,0.00215321759641369,0.00107660879820683
0.179399797006536,0.148278424633944,5912,5912,0.00215321759641369,0.00107660879820687
0.180908032712957,0.149815165038625,5913,5913,0.00215321759641369,0.00107660879820683
0.179399797006536,0.148278424633944,5914,5914,0.00215321759641369,0.00107660879820687
0.180908032712957,0.149815165038625,5915,5915,0.00215321759641369,0.00107660879820683
0.179399797006536,0.148278424633944,5916,5916,0.00215321759641369,0.00107660879820687
0.180908032712957,0.149815165038625,5917,5917,0.00215321759641369,0.00107660879820683
0.179399797006536,0.148278424633944,5918,5918,0.00215321759641369,0.00107660879820687
0.180908032712957,0.149815165038625,5919,5919,0.00215321759641369,0.00107660879820683
0.179399797006536,0.148278424633944,5920,5920,0.00215321759641369,0.00107660879820687
0.180908032712957,0.149815165038625,5921,5921,0.00215321759641369,0.00107660879820683
0.179399797006536,0.148278424633944,5922,5922,0.00215321759641369,0.00107660879820687
0.180908032712957,0.149815165038625,5923,5923,0.00215321759641369,0.00107660879820683
0.179399797006536,0.148278424633944,5924,5924,0.00215321759641369,0.00107660879820687
0.180908032712957,0.149815165038625,5925,5925,0.00215321759641369,0.00107660879820683
0.179399797006536,0.148278424633944,5926,5926,0.00215321759641369,0.00107660879820687
0.180908032712957,0.149815165038625,5927,5927,0.00215321759641369,0.00107660879820683
0.179399797006536,0.148278424633944,5928,5928,0.00215321759641369,0.00107660879820687
0.180908032712957,0.149815165038625,5929,5929,0.00215321759641369,0.00107660879820683
0.179399797006536,0.148278424633944,5930,5930,0.00215321759641369,0.00107660879820687
0.180908032712957,0.149815165038625,5931,5931,0.00215321759641369,0.00107660879820683
0.179399797006536,0.148278424633944,5932,5932,0.00215321759641369,0.00107660879820687
0.180908032712957,0.149815165038625,5933,5933,0.00215321759641369,0.00107660879820683
0.179399797006536,0.148278424633944,5934,5934,0.00215321759641369,0.00107660879820687
0.180908032712957,0.149815165038625,5935,5935,0.00215321759641369,0.00107660879820683
0.179399797006536,0.148278424633944,5936,5936,0.00215321759641369,0.00107660879820687
0.180908032712957,0.149815165038625,5937,5937,0.00215321759641369,0.00107660879820683
0.179399797006536,0.148278424633944,5938,5938,0.00215321759641369,0.00107660879820687
0.180908032712957,0.149815165038625,5939,5939,0.00215321759641369,0.00107660879820683
0.179399797006536,0.148278424633944,5940,5940,0.00215321759641369,0.00107660879820687
0.180908032712957,0.149815165038625,5941,5941,0.00215321759641369,0.00107660879820683
0.179399797006536,0.148278424633944,5942,5942,0.00215321759641369,0.00107660879820687
0.180908032712957,0.149815165038625,5943,5943,0.00215321759641369,0.00107660879820683
0.179399797006536,0.148278424633944,5944,5944,0.00215321759641369,0.00107660879820687
0.180908032712957,0.149815165038625,5945,5945,0.00215321759641369,0.00107660879820683
0.179399797006536,0.148278424633944,5946,5946,0.00215321759641369,0.00107660879820687
0.180908032712957,0.149815165038625,5947,5947,0.00215321759641369,0.00107660879820683
0.179399797006536,0.148278424633944,5948,5948,0.00215321759641369,0.00107660879820687
0.180908032712957,0.149815165038625,5949,5949,0.00215321759641369,0.00107660879820683
0.179399797006536,0.148278424633944,5950,5950,0.00215321759641369,0.00107660879820687
0.180908032712957,0.149815165038625,5951,5951,0.00215321759641369,0.00107660879820683
0.179399797006536,0.148278424633944,5952,5952,0.00215321759641369,0.00107660879820687
0.180908032712957,0.149815165038625,5953,5953,0.00215321759641369,0.00107660879820683
0.179399797006536,0.148278424633944,5954,5954,0.00215321759641369,0.00107660879820687
0.180908032712957,0.149815165038625,5955,5955,0.00215321759641369,0.00107660879820683
0.179399797006536,0.148278424633944,5956,5956,0.00215321759641369,0.00107660879820687
0.180908032712957,0.149815165038625,5957,5957,0.00215321759641369,0.00107660879820683
0.179399797006536,0.148278424633944,5958,5958,0.00215321759641369,0.00107660879820687
0.180908032712957,0.149815165038625,5959,5959,0.00215321759641369,0.00107660879820683
0.179399797006536,0.148278424633944,5960,5960,0.00215321759641369,0.00107660879820687
0.180908032712957,0.149815165038625,5961,5961,0.00215321759641369,0.00107660879820683
0.179399797006536,0.148278424633944,5962,5962,0.00215321759641369,0.00107660879820687
0.180908032712957,0.149815165038625,5963,5963,0.00215321759641369,0.00107660879820683
0.179399797006536,0.148278424633944,5964,5964,0.00215321759641369,0.00107660879820687
0.180908032712957,0.149815165038625,5965,5965,0.00215321759641369,0.00107660879820683
0.179399797006536,0.148278424633944,5966,5966,0.00215321759641369,0.00107660879820687
0.180908032712957,0.149815165038625,5967,5967,0.00215321759641369,0.00107660879820683
0.179399797006536,0.148278424633944,5968,5968,0.00215321759641369,0.00107660879820687
0.180908032712957,0.149815165038625,5969,5969,0.00215321759641369,0.00107660879820683
0.179399797006536,0.148278424633944,5970,5970,0.00215321759641369,0.00107660879820687
0.180908032712957,0.149815165038625,5971,5971,0.00215321759641369,0.00107660879820683
0.179399797006536,0.148278424633944,5972,5972,0.00215321759641369,0.00107660879820687
0.180908032712957,0.149815165038625,5973,5973,0.00215321759641369,0.00107660879820683
0.179399797006536,0.148278424633944,5974,5974,0.00215321759641369,0.00107660879820687
0.180908032712957,0.149815165038625,5975,5975,0.00215321759641369,0.00107660879820683
0.179399797006536,0.148278424633944,5976,5976,0.00215321759641369,0.00107660879820687
0.180908032712957,0.149815165038625,5977,5977,0.00215321759641369,0.00107660879820683
0.179399797006536,0.148278424633944,5978,5978,0.00215321759641369,0.00107660879820687
0.180908032712957,0.149815165038625,5979,5979,0.00215321759641369,0.00107660879820683
0.179399797006536,0.148278424633944,5980,5980,0.00215321759641369,0.00107660879820687
0.180908032712957,0.149815165038625,5981,5981,0.00215321759641369,0.00107660879820683
0.179399797006536,0.148278424633944,5982,5982,0.00215321759641369,0.00107660879820687
0.180908032712957,0.149815165038625,5983,5983,0.00215321759641369,0.00107660879820683
0.179399797006536,0.148278424633944,5984,5984,0.00215321759641369,0.00107660879820687
0.180908032712957,0.149815165038625,5985,5985,0.00215321759641369,0.00107660879820683
0.179399797006536,0.148278424633944,5986,5986,0.00215321759641369,0.00107660879820687
0.180908032712957,0.149815165038625,5987,5987,0.00215321759641369,0.00107660879820683
0.179399797006536,0.148278424633944,5988,5988,0.00215321759641369,0.00107660879820687
0.180908032712957,0.149815165038625,5989,5989,0.00215321759641369,0.00107660879820683
0.179399797006536,0.148278424633944,5990,5990,0.00215321759641369,0.00107660879820687
0.180908032712957,0.149815165038625,5991,5991,0.00215321759641369,0.00107660879820683
0.179399797006536,0.148278424633944,5992,5992,0.00215321759641369,0.00107660879820687
0.180908032712957,0.149815165038625,5993,5993,0.00215321759641369,0.00107660879820683
0.179399797006536,0.148278424633944,5994,5994,0.00215321759641369,0.00107660879820687
0.180908032712957,0.149815165038625,5995,5995,0.00215321759641369,0.00107660879820683
0.179399797006536,0.148278424633944,5996,5996,0.00215321759641369,0.00107660879820687
0.180908032712957,0.149815165038625,5997,5997,0.00215321759641369,0.00107660879820683
0.179399797006536,0.148278424633944,5998,5998,0.00215321759641369,0.00107660879820687
0.180908032712957,0.149815165038625,5999,5999,0.00215321759641369,0.00107660879820683
0.179399797006536,0.148278424633944,6000,6000,0.00215321759641369,0.00107660879820687
0.180908032712957,0.149815165038625,6001,6001,0.00215321759641369,0.00107660879820683
0.179399797006536,0.148278424633944,6002,6002,0.00215321759641369,0.00107660879820687
0.180908032712957,0.149815165038625,6003,6003,0.00215321759641369,0.00107660879820683
0.179399797006536,0.148278424633944,6004,6004,0.00215321759641369,0.00107660879820687
0.180908032712957,0.149815165038625,6005,6005,0.00215321759641369,0.00107660879820683
0.179399797006536,0.148278424633944,6006,6006,0.00215321759641369,0.00107660879820687
0.180908032712957,0.149815165038625,6007,6007,0.00215321759641369,0.00107660879820683
0.179399797006536,0.148278424633944,6008,6008,0.00215321759641369,0.00107660879820687
0.180908032712957,0.149815165038625,6009,6009,0.00215321759641369,0.00107660879820683
0.179399797006536,0.148278424633944,6010,6010,0.00215321759641369,0.00107660879820687
0.180908032712957,0.149815165038625,6011,6011,0.00215321759641369,0.00107660879820683
0.179399797006536,0.148278424633944,6012,6012,0.00215321759641369,0.00107660879820687
0.180908032712957,0.149815165038625,6013,6013,0.00215321759641369,0.00107660879820683
0.179399797006536,0.148278424633944,6014,6014,0.00215321759641369,0.00107660879820687
0.180908032712957,0.149815165038625,6015,6015,0.00215321759641369,0.00107660879820683
0.179399797006536,0.148278424633944,6016,6016,0.00215321759641369,0.00107660879820687
0.180908032712957,0.149815165038625,6017,6017,0.00215321759641369,0.00107660879820683
0.179399797006536,0.148278424633944,6018,6018,0.00215321759641369,0.00107660879820687
0.180908032712957,0.149815165038625,6019,6019,0.00215321759641369,0.00107660879820683
0.179399797006536,0.148278424633944,6020,6020,0.00215321759641369,0.00107660879820687
0.180908032712957,0.149815165038625,6021,6021,0.00215321759641369,0.00107660879820683
0.179399797006536,0.148278424633944,6022,6022,0.00215321759641369,0.00107660879820687
0.180908032712957,0.149815165038625,6023,6023,0.00215321759641369,0.00107660879820683
0.179399797006536,0.148278424633944,6024,6024,0.00215321759641369,0.00107660879820687
0.180908032712957,0.149815165038625,6025,6025,0.00215321759641369,0.00107660879820683
0.179399797006536,0.148278424633944,6026,6026,0.00215321759641369,0.00107660879820687
0.180908032712957,0.149815165038625,6027,6027,0.00215321759641369,0.00107660879820683
0.179399797006536,0.148278424633944,6028,6028,0.00215321759641369,0.00107660879820687
0.180908032712957,0.149815165038625,6029,6029,0.00215321759641369,0.00107660879820683
0.179399797006536,0.148278424633944,6030,6030,0.00215321759641369,0.00107660879820687
0.180908032712957,0.149815165038625,6031,6031,0.00215321759641369,0.00107660879820683
0.179399797006536,0.148278424633944,6032,6032,0.00215321759641369,0.00107660879820687
0.180908032712957,0.149815165038625,6033,6033,0.00215321759641369,0.00107660879820683
0.179399797006536,0.148278424633944,6034,6034,0.00215321759641369,0.00107660879820687
0.180908032712957,0.149815165038625,6035,6035,0.00215321759641369,0.00107660879820683
0.179399797006536,0.148278424633944,6036,6036,0.00215321759641369,0.00107660879820687
0.180908032712957,0.149815165038625,6037,6037,0.00215321759641369,0.00107660879820683
0.179399797006536,0.148278424633944,6038,6038,0.00215321759641369,0.00107660879820687
0.180908032712957,0.149815165038625,6039,6039,0.00215321759641369,0.00107660879820683
0.179399797006536,0.148278424633944,6040,6040,0.00215321759641369,0.00107660879820687
0.180908032712957,0.149815165038625,6041,6041,0.00215321759641369,0.00107660879820683
0.179399797006536,0.148278424633944,6042,6042,0.00215321759641369,0.00107660879820687
0.180908032712957,0.149815165038625,6043,6043,0.00215321759641369,0.00107660879820683
0.179399797006536,0.148278424633944,6044,6044,0.00215321759641369,0.00107660879820687
0.180908032712957,0.149815165038625,6045,6045,0.00215321759641369,0.00107660879820683
0.179399797006536,0.148278424633944,6046,6046,0.00215321759641369,0.00107660879820687
0.180908032712957,0.149815165038625,6047,6047,0.00215321759641369,0.00107660879820683
0.179399797006536,0.148278424633944,6048,6048,0.00215321759641369,0.00107660879820687
0.180908032712957,0.149815165038625,6049,6049,0.00215321759641369,0.00107660879820683
0.179399797006536,0.148278424633944,6050,6050,0.00215321759641369,0.00107660879820687
0.180908032712957,0.149815165038625,6051,6051,0.00215321759641369,0.00107660879820683
0.179399797006536,0.148278424633944,6052,6052,0.00215321759641369,0.00107660879820687
0.180908032712957,0.149815165038625,6053,6053,0.00215321759641369,0.00107660879820683
0.179399797006536,0.148278424633944,6054,6054,0.00215321759641369,0.00107660879820687
0.180908032712957,0.149815165038625,6055,6055,0.00215321759641369,0.00107660879820683
0.179399797006536,0.148278424633944,6056,6056,0.00215321759641369,0.00107660879820687
0.180908032712957,0.149815165038625,6057,6057,0.00215321759641369,0.00107660879820683
0.179399797006536,0.148278424633944,6058,6058,0.00215321759641369,0.00107660879820687
0.180908032712957,0.149815165038625,6059,6059,0.00215321759641369,0.00107660879820683
0.179399797006536,0.148278424633944,6060,6060,0.00215321759641369,0.00107660879820687
0.180908032712957,0.149815165038625,6061,6061,0.00215321759641369,0.00107660879820683
0.179399797006536,0.148278424633944,6062,6062,0.00215321759641369,0.00107660879820687
0.180908032712957,0.149815165038625,6063,6063,0.00215321759641369,0.00107660879820683
0.179399797006536,0.148278424633944,6064,6064,0.00215321759641369,0.00107660879820687
0.180908032712957,0.149815165038625,6065,6065,0.00215321759641369,0.00107660879820683
0.179399797006536,0.148278424633944,6066,6066,0.00215321759641369,0.00107660879820687
0.180908032712957,0.149815165038625,6067,6067,0.00215321759641369,0.00107660879820683
0.179399797006536,0.148278424633944,6068,6068,0.00215321759641369,0.00107660879820687
0.180908032712957,0.149815165038625,6069,6069,0.00215321759641369,0.00107660879820683
0.179399797006536,0.148278424633944,6070,6070,0.00215321759641369,0.00107660879820687
0.180908032712957,0.149815165038625,6071,6071,0.00215321759641369,0.00107660879820683
0.179399797006536,0.148278424633944,6072,6072,0.00215321759641369,0.00107660879820687
0.180908032712957,0.149815165038625,6073,6073,0.00215321759641369,0.00107660879820683
0.179399797006536,0.148278424633944,6074,6074,0.00215321759641369,0.00107660879820687
0.180908032712957,0.149815165038625,6075,6075,0.00215321759641369,0.00107660879820683
0.179399797006536,0.148278424633944,6076,6076,0.00215321759641369,0.00107660879820687
0.180908032712957,0.149815165038625,6077,6077,0.00215321759641369,0.00107660879820683
0.179399797006536,0.148278424633944,6078,6078,0.00215321759641369,0.00107660879820687
0.180908032712957,0.149815165038625,6079,6079,0.00215321759641369,0.00107660879820683
0.179399797006536,0.148278424633944,6080,6080,0.00215321759641369,0.00107660879820687
0.180908032712957,0.149815165038625,6081,6081,0.00215321759641369,0.00107660879820683
0.179399797006536,0.148278424633944,6082,6082,0.00215321759641369,0.00107660879820687
0.180908032712957,0.149815165038625,6083,6083,0.00215321759641369,0.00107660879820683
0.179399797006536,0.148278424633944,6084,6084,0.00215321759641369,0.00107660879820687
0.180908032712957,0.149815165038625,6085,6085,0.00215321759641369,0.00107660879820683
0.179399797006536,0.148278424633944,6086,6086,0.00215321759641369,0.00107660879820687
0.180908032712957,0.149815165038625,6087,6087,0.00215321759641369,0.00107660879820683
0.179399797006536,0.148278424633944,6088,6088,0.00215321759641369,0.00107660879820687
0.180908032712957,0.149815165038625,6089,6089,0.00215321759641369,0.00107660879820683
0.179399797006536,0.148278424633944,6090,6090,0.00215321759641369,0.00107660879820687
0.180908032712957,0.149815165038625,6091,6091,0.00215321759641369,0.00107660879820683
0.179399797006536,0.148278424633944,6092,6092,0.00215321759641369,0.00107660879820687
0.180908032712957,0.149815165038625,6093,6093,0.00215321759641369,0.00107660879820683
0.179399797006536,0.148278424633944,6094,6094,0.00215321759641369,0.00107660879820687
0.180908032712957,0.149815165038625,6095,6095,0.00215321759641369,0.00107660879820683
0.179399797006536,0.148278424633944,6096,6096,0.00215321759641369,0.00107660879820687
0.180908032712957,0.149815165038625,6097,6097,0.00215321759641369,0.00107660879820683
0.179399797006536,0.148278424633944,6098,6098,0.00215321759641369,0.00107660879820687
0.180908032712957,0.149815165038625,6099,6099,0.00215321759641369,0.00107660879820683
0.179399797006536,0.148278424633944,6100,6100,0.00215321759641369,0.00107660879820687
0.180908032712957,0.149815165038625,6101,6101,0.00215321759641369,0.00107660879820683
0.179399797006536,0.148278424633944,6102,6102,0.00215321759641369,0.00107660879820687
0.180908032712957,0.149815165038625,6103,6103,0.00215321759641369,0.00107660879820683
0.179399797006536,0.148278424633944,6104,6104,0.00215321759641369,0.00107660879820687
0.180908032712957,0.149815165038625,6105,6105,0.00215321759641369,0.00107660879820683
0.179399797006536,0.148278424633944,6106,6106,0.00215321759641369,0.00107660879820687
0.180908032712957,0.149815165038625,6107,6107,0.00215321759641369,0.00107660879820683
0.179399797006536,0.148278424633944,6108,6108,0.00215321759641369,0.00107660879820687
0.180908032712957,0.149815165038625,6109,6109,0.00215321759641369,0.00107660879820683
0.179399797006536,0.148278424633944,6110,6110,0.00215321759641369,0.00107660879820687
0.180908032712957,0.149815165038625,6111,6111,0.00215321759641369,0.00107660879820683
0.179399797006536,0.148278424633944,6112,6112,0.00215321759641369,0.00107660879820687
0.180908032712957,0.149815165038625,6113,6113,0.00215321759641369,0.00107660879820683
0.179399797006536,0.148278424633944,6114,6114,0.00215321759641369,0.00107660879820687
0.180908032712957,0.149815165038625,6115,6115,0.00215321759641369,0.00107660879820683
0.179399797006536,0.148278424633944,6116,6116,0.00215321759641369,0.00107660879820687
0.180908032712957,0.149815165038625,6117,6117,0.00215321759641369,0.00107660879820683
0.179399797006536,0.148278424633944,6118,6118,0.00215321759641369,0.00107660879820687
0.180908032712957,0.149815165038625,6119,6119,0.00215321759641369,0.00107660879820683
0.179399797006536,0.148278424633944,6120,6120,0.00215321759641369,0.00107660879820687
0.180908032712957,0.149815165038625,6121,6121,0.00215321759641369,0.00107660879820683
0.179399797006536,0.148278424633944,6122,6122,0.00215321759641369,0.00107660879820687
0.180908032712957,0.149815165038625,6123,6123,0.00215321759641369,0.00107660879820683
0.179399797006536,0.148278424633944,6124,6124,0.00215321759641369,0.00107660879820687
0.180908032712957,0.149815165038625,6125,6125,0.00215321759641369,0.00107660879820683
0.179399797006536,0.148278424633944,6126,6126,0.00215321759641369,0.00107660879820687
0.180908032712957,0.149815165038625,6127,6127,0.00215321759641369,0.00107660879820683
0.179399797006536,0.148278424633944,6128,6128,0.00215321759641369,0.00107660879820687
0.180908032712957,0.149815165038625,6129,6129,0.00215321759641369,0.00107660879820683
0.179399797006536,0.148278424633944,6130,6130,0.00215321759641369,0.00107660879820687
0.180908032712957,0.149815165038625,6131,6131,0.00215321759641369,0.00107660879820683
0.179399797006536,0.148278424633944,6132,6132,0.00215321759641369,0.00107660879820687
0.180908032712957,0.149815165038625,6133,6133,0.00215321759641369,0.00107660879820683
0.179399797006536,0.148278424633944,6134,6134,0.00215321759641369,0.00107660879820687
0.180908032712957,0.149815165038625,6135,6135,0.00215321759641369,0.00107660879820683
0.179399797006536,0.148278424633944,6136,6136,0.00215321759641369,0.00107660879820687
0.180908032712957,0.149815165038625,6137,6137,0.00215321759641369,0.00107660879820683
0.179399797006536,0.148278424633944,6138,6138,0.00215321759641369,0.00107660879820687
0.180908032712957,0.149815165038625,6139,6139,0.00215321759641369,0.00107660879820683
0.179399797006536,0.148278424633944,6140,6140,0.00215321759641369,0.00107660879820687
0.180908032712957,0.149815165038625,6141,6141,0.00215321759641369,0.00107660879820683
0.179399797006536,0.148278424633944,6142,6142,0.00215321759641369,0.00107660879820687
0.180908032712957,0.149815165038625,6143,6143,0.00215321759641369,0.00107660879820683
0.179399797006536,0.148278424633944,6144,6144,0.00215321759641369,0.00107660879820687
0.180908032712957,0.149815165038625,6145,6145,0.00215321759641369,0.00107660879820683
0.179399797006536,0.148278424633944,6146,6146,0.00215321759641369,0.00107660879820687
0.180908032712957,0.149815165038625,6147,6147,0.00215321759641369,0.00107660879820683
0.179399797006536,0.148278424633944,6148,6148,0.00215321759641369,0.00107660879820687
0.180908032712957,0.149815165038625,6149,6149,0.00215321759641369,0.00107660879820683
0.179399797006536,0.148278424633944,6150,6150,0.00215321759641369,0.00107660879820687
0.180908032712957,0.149815165038625,6151,6151,0.00215321759641369,0.00107660879820683
0.179399797006536,0.148278424633944,6152,6152,0.00215321759641369,0.00107660879820687
0.180908032712957,0.149815165038625,6153,6153,0.00215321759641369,0.00107660879820683
0.179399797006536,0.148278424633944,6154,6154,0.00215321759641369,0.00107660879820687
0.180908032712957,0.149815165038625,6155,6155,0.00215321759641369,0.00107660879820683
0.179399797006536,0.148278424633944,6156,6156,0.00215321759641369,0.00107660879820687
0.180908032712957,0.149815165038625,6157,6157,0.00215321759641369,0.00107660879820683
0.179399797006536,0.148278424633944,6158,6158,0.00215321759641369,0.00107660879820687
0.180908032712957,0.149815165038625,6159,6159,0.00215321759641369,0.00107660879820683
0.179399797006536,0.148278424633944,6160,6160,0.00215321759641369,0.00107660879820687
0.180908032712957,0.149815165038625,6161,6161,0.00215321759641369,0.00107660879820683
0.179399797006536,0.148278424633944,6162,6162,0.00215321759641369,0.00107660879820687
0.180908032712957,0.149815165038625,6163,6163,0.00215321759641369,0.00107660879820683
0.179399797006536,0.148278424633944,6164,6164,0.00215321759641369,0.00107660879820687
0.180908032712957,0.149815165038625,6165,6165,0.00215321759641369,0.00107660879820683
0.179399797006536,0.148278424633944,6166,6166,0.00215321759641369,0.00107660879820687
0.180908032712957,0.149815165038625,6167,6167,0.00215321759641369,0.00107660879820683
0.179399797006536,0.148278424633944,6168,6168,0.00215321759641369,0.00107660879820687
0.180908032712957,0.149815165038625,6169,6169,0.00215321759641369,0.00107660879820683
0.179399797006536,0.148278424633944,6170,6170,0.00215321759641369,0.00107660879820687
0.180908032712957,0.149815165038625,6171,6171,0.00215321759641369,0.00107660879820683
0.179399797006536,0.148278424633944,6172,6172,0.00215321759641369,0.00107660879820687
0.180908032712957,0.149815165038625,6173,6173,0.00215321759641369,0.00107660879820683
0.179399797006536,0.148278424633944,6174,6174,0.00215321759641369,0.00107660879820687
0.180908032712957,0.149815165038625,6175,6175,0.00215321759641369,0.00107660879820683
0.179399797006536,0.148278424633944,6176,6176,0.00215321759641369,0.00107660879820687
0.180908032712957,0.149815165038625,6177,6177,0.00215321759641369,0.00107660879820683
0.179399797006536,0.148278424633944,6178,6178,0.00215321759641369,0.00107660879820687
0.180908032712957,0.149815165038625,6179,6179,0.00215321759641369,0.00107660879820683
0.179399797006536,0.148278424633944,6180,6180,0.00215321759641369,0.00107660879820687
0.180908032712957,0.149815165038625,6181,6181,0.00215321759641369,0.00107660879820683
0.179399797006536,0.148278424633944,6182,6182,0.00215321759641369,0.00107660879820687
0.180908032712957,0.149815165038625,6183,6183,0.00215321759641369,0.00107660879820683
0.179399797006536,0.148278424633944,6184,6184,0.00215321759641369,0.00107660879820687
0.180908032712957,0.149815165038625,6185,6185,0.00215321759641369,0.00107660879820683
0.179399797006536,0.148278424633944,6186,6186,0.00215321759641369,0.00107660879820687
0.180908032712957,0.149815165038625,6187,6187,0.00215321759641369,0.00107660879820683
0.179399797006536,0.148278424633944,6188,6188,0.00215321759641369,0.00107660879820687
0.180908032712957,0.149815165038625,6189,6189,0.00215321759641369,0.00107660879820683
0.179399797006536,0.148278424633944,6190,6190,0.00215321759641369,0.00107660879820687
0.180908032712957,0.149815165038625,6191,6191,0.00215321759641369,0.00107660879820683
0.179399797006536,0.148278424633944,6192,6192,0.00215321759641369,0.00107660879820687
0.180908032712957,0.149815165038625,6193,6193,0.00215321759641369,0.00107660879820683
0.179399797006536,0.148278424633944,6194,6194,0.00215321759641369,0.00107660879820687
0.180908032712957,0.149815165038625,6195,6195,0.00215321759641369,0.00107660879820683
0.179399797006536,0.148278424633944,6196,6196,0.00215321759641369,0.00107660879820687
0.180908032712957,0.149815165038625,6197,6197,0.00215321759641369,0.00107660879820683
0.179399797006536,0.148278424633944,6198,6198,0.00215321759641369,0.00107660879820687
0.180908032712957,0.149815165038625,6199,6199,0.00215321759641369,0.00107660879820683
0.179399797006536,0.148278424633944,6200,6200,0.00215321759641369,0.00107660879820687
0.180908032712957,0.149815165038625,6201,6201,0.00215321759641369,0.00107660879820683
0.179399797006536,0.148278424633944,6202,6202,0.00215321759641369,0.00107660879820687
0.180908032712957,0.149815165038625,6203,6203,0.00215321759641369,0.00107660879820683
0.179399797006536,0.148278424633944,6204,6204,0.00215321759641369,0.00107660879820687
0.180908032712957,0.149815165038625,6205,6205,0.00215321759641369,0.00107660879820683
0.179399797006536,0.148278424633944,6206,6206,0.00215321759641369,0.00107660879820687
0.180908032712957,0.149815165038625,6207,6207,0.00215321759641369,0.00107660879820683
0.179399797006536,0.148278424633944,6208,6208,0.00215321759641369,0.00107660879820687
0.180908032712957,0.149815165038625,6209,6209,0.00215321759641369,0.00107660879820683
0.179399797006536,0.148278424633944,6210,6210,0.00215321759641369,0.00107660879820687
0.180908032712957,0.149815165038625,6211,6211,0.00215321759641369,0.00107660879820683
0.179399797006536,0.148278424633944,6212,6212,0.00215321759641369,0.00107660879820687
0.180908032712957,0.149815165038625,6213,6213,0.00215321759641369,0.00107660879820683
0.179399797006536,0.148278424633944,6214,6214,0.00215321759641369,0.00107660879820687
0.180908032712957,0.149815165038625,6215,6215,0.00215321759641369,0.00107660879820683
0.179399797006536,0.148278424633944,6216,6216,0.00215321759641369,0.00107660879820687
0.180908032712957,0.149815165038625,6217,6217,0.00215321759641369,0.00107660879820683
0.179399797006536,0.148278424633944,6218,6218,0.00215321759641369,0.00107660879820687
0.180908032712957,0.149815165038625,6219,6219,0.00215321759641369,0.00107660879820683
0.179399797006536,0.148278424633944,6220,6220,0.00215321759641369,0.00107660879820687
0.180908032712957,0.149815165038625,6221,6221,0.00215321759641369,0.00107660879820683
0.179399797006536,0.148278424633944,6222,6222,0.00215321759641369,0.00107660879820687
0.180908032712957,0.149815165038625,6223,6223,0.00215321759641369,0.00107660879820683
0.179399797006536,0.148278424633944,6224,6224,0.00215321759641369,0.00107660879820687
0.180908032712957,0.149815165038625,6225,6225,0.00215321759641369,0.00107660879820683
0.179399797006536,0.148278424633944,6226,6226,0.00215321759641369,0.00107660879820687
0.180908032712957,0.149815165038625,6227,6227,0.00215321759641369,0.00107660879820683
0.179399797006536,0.148278424633944,6228,6228,0.00215321759641369,0.00107660879820687
0.180908032712957,0.149815165038625,6229,6229,0.00215321759641369,0.00107660879820683
0.179399797006536,0.148278424633944,6230,6230,0.00215321759641369,0.00107660879820687
0.180908032712957,0.149815165038625,6231,6231,0.00215321759641369,0.00107660879820683
0.179399797006536,0.148278424633944,6232,6232,0.00215321759641369,0.00107660879820687
0.180908032712957,0.149815165038625,6233,6233,0.00215321759641369,0.00107660879820683
0.179399797006536,0.148278424633944,6234,6234,0.00215321759641369,0.00107660879820687
0.180908032712957,0.149815165038625,6235,6235,0.00215321759641369,0.00107660879820683
0.179399797006536,0.148278424633944,6236,6236,0.00215321759641369,0.00107660879820687
0.180908032712957,0.149815165038625,6237,6237,0.00215321759641369,0.00107660879820683
0.179399797006536,0.148278424633944,6238,6238,0.00215321759641369,0.00107660879820687
0.180908032712957,0.149815165038625,6239,6239,0.00215321759641369,0.00107660879820683
0.179399797006536,0.148278424633944,6240,6240,0.00215321759641369,0.00107660879820687
0.180908032712957,0.149815165038625,6241,6241,0.00215321759641369,0.00107660879820683
0.179399797006536,0.148278424633944,6242,6242,0.00215321759641369,0.00107660879820687
0.180908032712957,0.149815165038625,6243,6243,0.00215321759641369,0.00107660879820683
0.179399797006536,0.148278424633944,6244,6244,0.00215321759641369,0.00107660879820687
0.180908032712957,0.149815165038625,6245,6245,0.00215321759641369,0.00107660879820683
0.179399797006536,0.148278424633944,6246,6246,0.00215321759641369,0.00107660879820687
0.180908032712957,0.149815165038625,6247,6247,0.00215321759641369,0.00107660879820683
0.179399797006536,0.148278424633944,6248,6248,0.00215321759641369,0.00107660879820687
0.180908032712957,0.149815165038625,6249,6249,0.00215321759641369,0.00107660879820683
0.179399797006536,0.148278424633944,6250,6250,0.00215321759641369,0.00107660879820687
0.180908032712957,0.149815165038625,6251,6251,0.00215321759641369,0.00107660879820683
0.179399797006536,0.148278424633944,6252,6252,0.00215321759641369,0.00107660879820687
0.180908032712957,0.149815165038625,6253,6253,0.00215321759641369,0.00107660879820683
0.179399797006536,0.148278424633944,6254,6254,0.00215321759641369,0.00107660879820687
0.180908032712957,0.149815165038625,6255,6255,0.00215321759641369,0.00107660879820683
0.179399797006536,0.148278424633944,6256,6256,0.00215321759641369,0.00107660879820687
0.180908032712957,0.149815165038625,6257,6257,0.00215321759641369,0.00107660879820683
0.179399797006536,0.148278424633944,6258,6258,0.00215321759641369,0.00107660879820687
0.180908032712957,0.149815165038625,6259,6259,0.00215321759641369,0.00107660879820683
0.179399797006536,0.148278424633944,6260,6260,0.00215321759641369,0.00107660879820687
0.180908032712957,0.149815165038625,6261,6261,0.00215321759641369,0.00107660879820683
0.179399797006536,0.148278424633944,6262,6262,0.00215321759641369,0.00107660879820687
0.180908032712957,0.149815165038625,6263,6263,0.00215321759641369,0.00107660879820683
0.179399797006536,0.148278424633944,6264,6264,0.00215321759641369,0.00107660879820687
0.180908032712957,0.149815165038625,6265,6265,0.00215321759641369,0.00107660879820683
0.179399797006536,0.148278424633944,6266,6266,0.00215321759641369,0.00107660879820687
0.180908032712957,0.149815165038625,6267,6267,0.00215321759641369,0.00107660879820683
0.179399797006536,0.148278424633944,6268,6268,0.00215321759641369,0.00107660879820687
0.180908032712957,0.149815165038625,6269,6269,0.00215321759641369,0.00107660879820683
0.179399797006536,0.148278424633944,6270,6270,0.00215321759641369,0.00107660879820687
0.180908032712957,0.149815165038625,6271,6271,0.00215321759641369,0.00107660879820683
0.179399797006536,0.148278424633944,6272,6272,0.00215321759641369,0.00107660879820687
0.180908032712957,0.149815165038625,6273,6273,0.00215321759641369,0.00107660879820683
0.179399797006536,0.148278424633944,6274,6274,0.00215321759641369,0.00107660879820687
0.180908032712957,0.149815165038625,6275,6275,0.00215321759641369,0.00107660879820683
0.179399797006536,0.148278424633944,6276,6276,0.00215321759641369,0.00107660879820687
0.180908032712957,0.149815165038625,6277,6277,0.00215321759641369,0.00107660879820683
0.179399797006536,0.148278424633944,6278,6278,0.00215321759641369,0.00107660879820687
0.180908032712957,0.149815165038625,6279,6279,0.00215321759641369,0.00107660879820683
0.179399797006536,0.148278424633944,6280,6280,0.00215321759641369,0.00107660879820687
0.180908032712957,0.149815165038625,6281,6281,0.00215321759641369,0.00107660879820683
0.179399797006536,0.148278424633944,6282,6282,0.00215321759641369,0.00107660879820687
0.180908032712957,0.149815165038625,6283,6283,0.00215321759641369,0.00107660879820683
0.179399797006536,0.148278424633944,6284,6284,0.00215321759641369,0.00107660879820687
0.180908032712957,0.149815165038625,6285,6285,0.00215321759641369,0.00107660879820683
0.179399797006536,0.148278424633944,6286,6286,0.00215321759641369,0.00107660879820687
0.180908032712957,0.149815165038625,6287,6287,0.00215321759641369,0.00107660879820683
0.179399797006536,0.148278424633944,6288,6288,0.00215321759641369,0.00107660879820687
0.180908032712957,0.149815165038625,6289,6289,0.00215321759641369,0.00107660879820683
0.179399797006536,0.148278424633944,6290,6290,0.00215321759641369,0.00107660879820687
0.180908032712957,0.149815165038625,6291,6291,0.00215321759641369,0.00107660879820683
0.179399797006536,0.148278424633944,6292,6292,0.00215321759641369,0.00107660879820687
0.180908032712957,0.149815165038625,6293,6293,0.00215321759641369,0.00107660879820683
0.179399797006536,0.148278424633944,6294,6294,0.00215321759641369,0.00107660879820687
0.180908032712957,0.149815165038625,6295,6295,0.00215321759641369,0.00107660879820683
0.179399797006536,0.148278424633944,6296,6296,0.00215321759641369,0.00107660879820687
0.180908032712957,0.149815165038625,6297,6297,0.00215321759641369,0.00107660879820683
0.179399797006536,0.148278424633944,6298,6298,0.00215321759641369,0.00107660879820687
0.180908032712957,0.149815165038625,6299,6299,0.00215321759641369,0.00107660879820683
0.179399797006536,0.148278424633944,6300,6300,0.00215321759641369,0.00107660879820687
0.180908032712957,0.149815165038625,6301,6301,0.00215321759641369,0.00107660879820683
0.179399797006536,0.148278424633944,6302,6302,0.00215321759641369,0.00107660879820687
0.180908032712957,0.149815165038625,6303,6303,0.00215321759641369,0.00107660879820683
0.179399797006536,0.148278424633944,6304,6304,0.00215321759641369,0.00107660879820687
0.180908032712957,0.149815165038625,6305,6305,0.00215321759641369,0.00107660879820683
0.179399797006536,0.148278424633944,6306,6306,0.00215321759641369,0.00107660879820687
0.180908032712957,0.149815165038625,6307,6307,0.00215321759641369,0.00107660879820683
0.179399797006536,0.148278424633944,6308,6308,0.00215321759641369,0.00107660879820687
0.180908032712957,0.149815165038625,6309,6309,0.00215321759641369,0.00107660879820683
0.179399797006536,0.148278424633944,6310,6310,0.00215321759641369,0.00107660879820687
0.180908032712957,0.149815165038625,6311,6311,0.00215321759641369,0.00107660879820683
0.179399797006536,0.148278424633944,6312,6312,0.00215321759641369,0.00107660879820687
0.180908032712957,0.149815165038625,6313,6313,0.00215321759641369,0.00107660879820683
0.179399797006536,0.148278424633944,6314,6314,0.00215321759641369,0.00107660879820687
0.180908032712957,0.149815165038625,6315,6315,0.00215321759641369,0.00107660879820683
0.179399797006536,0.148278424633944,6316,6316,0.00215321759641369,0.00107660879820687
0.180908032712957,0.149815165038625,6317,6317,0.00215321759641369,0.00107660879820683
0.179399797006536,0.148278424633944,6318,6318,0.00215321759641369,0.00107660879820687
0.180908032712957,0.149815165038625,6319,6319,0.00215321759641369,0.00107660879820683
0.179399797006536,0.148278424633944,6320,6320,0.00215321759641369,0.00107660879820687
0.180908032712957,0.149815165038625,6321,6321,0.00215321759641369,0.00107660879820683
0.179399797006536,0.148278424633944,6322,6322,0.00215321759641369,0.00107660879820687
0.180908032712957,0.149815165038625,6323,6323,0.00215321759641369,0.00107660879820683
0.179399797006536,0.148278424633944,6324,6324,0.00215321759641369,0.00107660879820687
0.180908032712957,0.149815165038625,6325,6325,0.00215321759641369,0.00107660879820683
0.179399797006536,0.148278424633944,6326,6326,0.00215321759641369,0.00107660879820687
0.180908032712957,0.149815165038625,6327,6327,0.00215321759641369,0.00107660879820683
0.179399797006536,0.148278424633944,6328,6328,0.00215321759641369,0.00107660879820687
0.180908032712957,0.149815165038625,6329,6329,0.00215321759641369,0.00107660879820683
0.179399797006536,0.148278424633944,6330,6330,0.00215321759641369,0.00107660879820687
0.180908032712957,0.149815165038625,6331,6331,0.00215321759641369,0.00107660879820683
0.179399797006536,0.148278424633944,6332,6332,0.00215321759641369,0.00107660879820687
0.180908032712957,0.149815165038625,6333,6333,0.00215321759641369,0.00107660879820683
0.179399797006536,0.148278424633944,6334,6334,0.00215321759641369,0.00107660879820687
0.180908032712957,0.149815165038625,6335,6335,0.00215321759641369,0.00107660879820683
0.179399797006536,0.148278424633944,6336,6336,0.00215321759641369,0.00107660879820687
0.180908032712957,0.149815165038625,6337,6337,0.00215321759641369,0.00107660879820683
0.179399797006536,0.148278424633944,6338,6338,0.00215321759641369,0.00107660879820687
0.180908032712957,0.149815165038625,6339,6339,0.00215321759641369,0.00107660879820683
0.179399797006536,0.148278424633944,6340,6340,0.00215321759641369,0.00107660879820687
0.180908032712957,0.149815165038625,6341,6341,0.00215321759641369,0.00107660879820683
0.179399797006536,0.148278424633944,6342,6342,0.00215321759641369,0.00107660879820687
0.180908032712957,0.149815165038625,6343,6343,0.00215321759641369,0.00107660879820683
0.179399797006536,0.148278424633944,6344,6344,0.00215321759641369,0.00107660879820687
0.180908032712957,0.149815165038625,6345,6345,0.00215321759641369,0.00107660879820683
0.179399797006536,0.148278424633944,6346,6346,0.00215321759641369,0.00107660879820687
0.180908032712957,0.149815165038625,6347,6347,0.00215321759641369,0.00107660879820683
0.179399797006536,0.148278424633944,6348,6348,0.00215321759641369,0.00107660879820687
0.180908032712957,0.149815165038625,6349,6349,0.00215321759641369,0.00107660879820683
0.179399797006536,0.148278424633944,6350,6350,0.00215321759641369,0.00107660879820687
0.180908032712957,0.149815165038625,6351,6351,0.00215321759641369,0.00107660879820683
0.179399797006536,0.148278424633944,6352,6352,0.00215321759641369,0.00107660879820687
0.180908032712957,0.149815165038625,6353,6353,0.00215321759641369,0.00107660879820683
0.179399797006536,0.148278424633944,6354,6354,0.00215321759641369,0.00107660879820687
0.180908032712957,0.149815165038625,6355,6355,0.00215321759641369,0.00107660879820683
0.179399797006536,0.148278424633944,6356,6356,0.00215321759641369,0.00107660879820687
0.180908032712957,0.149815165038625,6357,6357,0.00215321759641369,0.00107660879820683
0.179399797006536,0.148278424633944,6358,6358,0.00215321759641369,0.00107660879820687
0.180908032712957,0.149815165038625,6359,6359,0.00215321759641369,0.00107660879820683
0.179399797006536,0.148278424633944,6360,6360,0.00215321759641369,0.00107660879820687
0.180908032712957,0.149815165038625,6361,6361,0.00215321759641369,0.00107660879820683
0.179399797006536,0.148278424633944,6362,6362,0.00215321759641369,0.00107660879820687
0.180908032712957,0.149815165038625,6363,6363,0.00215321759641369,0.00107660879820683
0.179399797006536,0.148278424633944,6364,6364,0.00215321759641369,0.00107660879820687
0.180908032712957,0.149815165038625,6365,6365,0.00215321759641369,0.00107660879820683
0.179399797006536,0.148278424633944,6366,6366,0.00215321759641369,0.00107660879820687
0.180908032712957,0.149815165038625,6367,6367,0.00215321759641369,0.00107660879820683
0.179399797006536,0.148278424633944,6368,6368,0.00215321759641369,0.00107660879820687
0.180908032712957,0.149815165038625,6369,6369,0.00215321759641369,0.00107660879820683
0.179399797006536,0.148278424633944,6370,6370,0.00215321759641369,0.00107660879820687
0.180908032712957,0.149815165038625,6371,6371,0.00215321759641369,0.00107660879820683
0.179399797006536,0.148278424633944,6372,6372,0.00215321759641369,0.00107660879820687
0.180908032712957,0.149815165038625,6373,6373,0.00215321759641369,0.00107660879820683
0.179399797006536,0.148278424633944,6374,6374,0.00215321759641369,0.00107660879820687
0.180908032712957,0.149815165038625,6375,6375,0.00215321759641369,0.00107660879820683
0.179399797006536,0.148278424633944,6376,6376,0.00215321759641369,0.00107660879820687
0.180908032712957,0.149815165038625,6377,6377,0.00215321759641369,0.00107660879820683
0.179399797006536,0.148278424633944,6378,6378,0.00215321759641369,0.00107660879820687
0.180908032712957,0.149815165038625,6379,6379,0.00215321759641369,0.00107660879820683
0.179399797006536,0.148278424633944,6380,6380,0.00215321759641369,0.00107660879820687
0.180908032712957,0.149815165038625,6381,6381,0.00215321759641369,0.00107660879820683
0.179399797006536,0.148278424633944,6382,6382,0.00215321759641369,0.00107660879820687
0.180908032712957,0.149815165038625,6383,6383,0.00215321759641369,0.00107660879820683
0.179399797006536,0.148278424633944,6384,6384,0.00215321759641369,0.00107660879820687
0.180908032712957,0.149815165038625,6385,6385,0.00215321759641369,0.00107660879820683
0.179399797006536,0.148278424633944,6386,6386,0.00215321759641369,0.00107660879820687
0.180908032712957,0.149815165038625,6387,6387,0.00215321759641369,0.00107660879820683
0.179399797006536,0.148278424633944,6388,6388,0.00215321759641369,0.00107660879820687
0.180908032712957,0.149815165038625,6389,6389,0.00215321759641369,0.00107660879820683
0.179399797006536,0.148278424633944,6390,6390,0.00215321759641369,0.00107660879820687
0.180908032712957,0.149815165038625,6391,6391,0.00215321759641369,0.00107660879820683
0.179399797006536,0.148278424633944,6392,6392,0.00215321759641369,0.00107660879820687
0.180908032712957,0.149815165038625,6393,6393,0.00215321759641369,0.00107660879820683
0.179399797006536,0.148278424633944,6394,6394,0.00215321759641369,0.00107660879820687
0.180908032712957,0.149815165038625,6395,6395,0.00215321759641369,0.00107660879820683
0.179399797006536,0.148278424633944,6396,6396,0.00215321759641369,0.00107660879820687
0.180908032712957,0.149815165038625,6397,6397,0.00215321759641369,0.00107660879820683
0.179399797006536,0.148278424633944,6398,6398,0.00215321759641369,0.00107660879820687
0.180908032712957,0.149815165038625,6399,6399,0.00215321759641369,0.00107660879820683
0.179399797006536,0.148278424633944,6400,6400,0.00215321759641369,0.00107660879820687
0.180908032712957,0.149815165038625,6401,6401,0.00215321759641369,0.00107660879820683
0.179399797006536,0.148278424633944,6402,6402,0.00215321759641369,0.00107660879820687
0.180908032712957,0.149815165038625,6403,6403,0.00215321759641369,0.00107660879820683
0.179399797006536,0.148278424633944,6404,6404,0.00215321759641369,0.00107660879820687
0.180908032712957,0.149815165038625,6405,6405,0.00215321759641369,0.00107660879820683
0.179399797006536,0.148278424633944,6406,6406,0.00215321759641369,0.00107660879820687
0.180908032712957,0.149815165038625,6407,6407,0.00215321759641369,0.00107660879820683
0.179399797006536,0.148278424633944,6408,6408,0.00215321759641369,0.00107660879820687
0.180908032712957,0.149815165038625,6409,6409,0.00215321759641369,0.00107660879820683
0.179399797006536,0.148278424633944,6410,6410,0.00215321759641369,0.00107660879820687
0.180908032712957,0.149815165038625,6411,6411,0.00215321759641369,0.00107660879820683
0.179399797006536,0.148278424633944,6412,6412,0.00215321759641369,0.00107660879820687
0.180908032712957,0.149815165038625,6413,6413,0.00215321759641369,0.00107660879820683
0.179399797006536,0.148278424633944,6414,6414,0.00215321759641369,0.00107660879820687
0.180908032712957,0.149815165038625,6415,6415,0.00215321759641369,0.00107660879820683
0.179399797006536,0.148278424633944,6416,6416,0.00215321759641369,0.00107660879820687
0.180908032712957,0.149815165038625,6417,6417,0.00215321759641369,0.00107660879820683
0.179399797006536,0.148278424633944,6418,6418,0.00215321759641369,0.00107660879820687
0.180908032712957,0.149815165038625,6419,6419,0.00215321759641369,0.00107660879820683
0.179399797006536,0.148278424633944,6420,6420,0.00215321759641369,0.00107660879820687
0.180908032712957,0.149815165038625,6421,6421,0.00215321759641369,0.00107660879820683
0.179399797006536,0.148278424633944,6422,6422,0.00215321759641369,0.00107660879820687
0.180908032712957,0.149815165038625,6423,6423,0.00215321759641369,0.00107660879820683
0.179399797006536,0.148278424633944,6424,6424,0.00215321759641369,0.00107660879820687
0.180908032712957,0.149815165038625,6425,6425,0.00215321759641369,0.00107660879820683
0.179399797006536,0.148278424633944,6426,6426,0.00215321759641369,0.00107660879820687
0.180908032712957,0.149815165038625,6427,6427,0.00215321759641369,0.00107660879820683
0.179399797006536,0.148278424633944,6428,6428,0.00215321759641369,0.00107660879820687
0.180908032712957,0.149815165038625,6429,6429,0.00215321759641369,0.00107660879820683
0.179399797006536,0.148278424633944,6430,6430,0.00215321759641369,0.00107660879820687
0.180908032712957,0.149815165038625,6431,6431,0.00215321759641369,0.00107660879820683
0.179399797006536,0.148278424633944,6432,6432,0.00215321759641369,0.00107660879820687
0.180908032712957,0.149815165038625,6433,6433,0.00215321759641369,0.00107660879820683
0.179399797006536,0.148278424633944,6434,6434,0.00215321759641369,0.00107660879820687
0.180908032712957,0.149815165038625,6435,6435,0.00215321759641369,0.00107660879820683
0.179399797006536,0.148278424633944,6436,6436,0.00215321759641369,0.00107660879820687
0.180908032712957,0.149815165038625,6437,6437,0.00215321759641369,0.00107660879820683
0.179399797006536,0.148278424633944,6438,6438,0.00215321759641369,0.00107660879820687
0.180908032712957,0.149815165038625,6439,6439,0.00215321759641369,0.00107660879820683
0.179399797006536,0.148278424633944,6440,6440,0.00215321759641369,0.00107660879820687
0.180908032712957,0.149815165038625,6441,6441,0.00215321759641369,0.00107660879820683
0.179399797006536,0.148278424633944,6442,6442,0.00215321759641369,0.00107660879820687
0.180908032712957,0.149815165038625,6443,6443,0.00215321759641369,0.00107660879820683
0.179399797006536,0.148278424633944,6444,6444,0.00215321759641369,0.00107660879820687
0.180908032712957,0.149815165038625,6445,6445,0.00215321759641369,0.00107660879820683
0.179399797006536,0.148278424633944,6446,6446,0.00215321759641369,0.00107660879820687
0.180908032712957,0.149815165038625,6447,6447,0.00215321759641369,0.00107660879820683
0.179399797006536,0.148278424633944,6448,6448,0.00215321759641369,0.00107660879820687
0.180908032712957,0.149815165038625,6449,6449,0.00215321759641369,0.00107660879820683
0.179399797006536,0.148278424633944,6450,6450,0.00215321759641369,0.00107660879820687
0.180908032712957,0.149815165038625,6451,6451,0.00215321759641369,0.00107660879820683
0.179399797006536,0.148278424633944,6452,6452,0.00215321759641369,0.00107660879820687
0.180908032712957,0.149815165038625,6453,6453,0.00215321759641369,0.00107660879820683
0.179399797006536,0.148278424633944,6454,6454,0.00215321759641369,0.00107660879820687
0.180908032712957,0.149815165038625,6455,6455,0.00215321759641369,0.00107660879820683
0.179399797006536,0.148278424633944,6456,6456,0.00215321759641369,0.00107660879820687
0.180908032712957,0.149815165038625,6457,6457,0.00215321759641369,0.00107660879820683
0.179399797006536,0.148278424633944,6458,6458,0.00215321759641369,0.00107660879820687
0.180908032712957,0.149815165038625,6459,6459,0.00215321759641369,0.00107660879820683
0.179399797006536,0.148278424633944,6460,6460,0.00215321759641369,0.00107660879820687
0.180908032712957,0.149815165038625,6461,6461,0.00215321759641369,0.00107660879820683
0.179399797006536,0.148278424633944,6462,6462,0.00215321759641369,0.00107660879820687
0.180908032712957,0.149815165038625,6463,6463,0.00215321759641369,0.00107660879820683
0.179399797006536,0.148278424633944,6464,6464,0.00215321759641369,0.00107660879820687
0.180908032712957,0.149815165038625,6465,6465,0.00215321759641369,0.00107660879820683
0.179399797006536,0.148278424633944,6466,6466,0.00215321759641369,0.00107660879820687
0.180908032712957,0.149815165038625,6467,6467,0.00215321759641369,0.00107660879820683
0.179399797006536,0.148278424633944,6468,6468,0.00215321759641369,0.00107660879820687
0.180908032712957,0.149815165038625,6469,6469,0.00215321759641369,0.00107660879820683
0.179399797006536,0.148278424633944,6470,6470,0.00215321759641369,0.00107660879820687
0.180908032712957,0.149815165038625,6471,6471,0.00215321759641369,0.00107660879820683
0.179399797006536,0.148278424633944,6472,6472,0.00215321759641369,0.00107660879820687
0.180908032712957,0.149815165038625,6473,6473,0.00215321759641369,0.00107660879820683
0.179399797006536,0.148278424633944,6474,6474,0.00215321759641369,0.00107660879820687
0.180908032712957,0.149815165038625,6475,6475,0.00215321759641369,0.00107660879820683
0.179399797006536,0.148278424633944,6476,6476,0.00215321759641369,0.00107660879820687
0.180908032712957,0.149815165038625,6477,6477,0.00215321759641369,0.00107660879820683
0.179399797006536,0.148278424633944,6478,6478,0.00215321759641369,0.00107660879820687
0.180908032712957,0.149815165038625,6479,6479,0.00215321759641369,0.00107660879820683
0.179399797006536,0.148278424633944,6480,6480,0.00215321759641369,0.00107660879820687
0.180908032712957,0.149815165038625,6481,6481,0.00215321759641369,0.00107660879820683
0.179399797006536,0.148278424633944,6482,6482,0.00215321759641369,0.00107660879820687
0.180908032712957,0.149815165038625,6483,6483,0.00215321759641369,0.00107660879820683
0.179399797006536,0.148278424633944,6484,6484,0.00215321759641369,0.00107660879820687
0.180908032712957,0.149815165038625,6485,6485,0.00215321759641369,0.00107660879820683
0.179399797006536,0.148278424633944,6486,6486,0.00215321759641369,0.00107660879820687
0.180908032712957,0.149815165038625,6487,6487,0.00215321759641369,0.00107660879820683
0.179399797006536,0.148278424633944,6488,6488,0.00215321759641369,0.00107660879820687
0.180908032712957,0.149815165038625,6489,6489,0.00215321759641369,0.00107660879820683
0.179399797006536,0.148278424633944,6490,6490,0.00215321759641369,0.00107660879820687
0.180908032712957,0.149815165038625,6491,6491,0.00215321759641369,0.00107660879820683
0.179399797006536,0.148278424633944,6492,6492,0.00215321759641369,0.00107660879820687
0.180908032712957,0.149815165038625,6493,6493,0.00215321759641369,0.00107660879820683
0.179399797006536,0.148278424633944,6494,6494,0.00215321759641369,0.00107660879820687
0.180908032712957,0.149815165038625,6495,6495,0.00215321759641369,0.00107660879820683
0.179399797006536,0.148278424633944,6496,6496,0.00215321759641369,0.00107660879820687
0.180908032712957,0.149815165038625,6497,6497,0.00215321759641369,0.00107660879820683
0.179399797006536,0.148278424633944,6498,6498,0.00215321759641369,0.00107660879820687
0.180908032712957,0.149815165038625,6499,6499,0.00215321759641369,0.00107660879820683
0.179399797006536,0.148278424633944,6500,6500,0.00215321759641369,0.00107660879820687
0.180908032712957,0.149815165038625,6501,6501,0.00215321759641369,0.00107660879820683
0.179399797006536,0.148278424633944,6502,6502,0.00215321759641369,0.00107660879820687
0.180908032712957,0.149815165038625,6503,6503,0.00215321759641369,0.00107660879820683
0.179399797006536,0.148278424633944,6504,6504,0.00215321759641369,0.00107660879820687
0.180908032712957,0.149815165038625,6505,6505,0.00215321759641369,0.00107660879820683
0.179399797006536,0.148278424633944,6506,6506,0.00215321759641369,0.00107660879820687
0.180908032712957,0.149815165038625,6507,6507,0.00215321759641369,0.00107660879820683
0.179399797006536,0.148278424633944,6508,6508,0.00215321759641369,0.00107660879820687
0.180908032712957,0.149815165038625,6509,6509,0.00215321759641369,0.00107660879820683
0.179399797006536,0.148278424633944,6510,6510,0.00215321759641369,0.00107660879820687
0.180908032712957,0.149815165038625,6511,6511,0.00215321759641369,0.00107660879820683
0.179399797006536,0.148278424633944,6512,6512,0.00215321759641369,0.00107660879820687
0.180908032712957,0.149815165038625,6513,6513,0.00215321759641369,0.00107660879820683
0.179399797006536,0.148278424633944,6514,6514,0.00215321759641369,0.00107660879820687
0.180908032712957,0.149815165038625,6515,6515,0.00215321759641369,0.00107660879820683
0.179399797006536,0.148278424633944,6516,6516,0.00215321759641369,0.00107660879820687
0.180908032712957,0.149815165038625,6517,6517,0.00215321759641369,0.00107660879820683
0.179399797006536,0.148278424633944,6518,6518,0.00215321759641369,0.00107660879820687
0.180908032712957,0.149815165038625,6519,6519,0.00215321759641369,0.00107660879820683
0.179399797006536,0.148278424633944,6520,6520,0.00215321759641369,0.00107660879820687
0.180908032712957,0.149815165038625,6521,6521,0.00215321759641369,0.00107660879820683
0.179399797006536,0.148278424633944,6522,6522,0.00215321759641369,0.00107660879820687
0.180908032712957,0.149815165038625,6523,6523,0.00215321759641369,0.00107660879820683
0.179399797006536,0.148278424633944,6524,6524,0.00215321759641369,0.00107660879820687
0.180908032712957,0.149815165038625,6525,6525,0.00215321759641369,0.00107660879820683
0.179399797006536,0.148278424633944,6526,6526,0.00215321759641369,0.00107660879820687
0.180908032712957,0.149815165038625,6527,6527,0.00215321759641369,0.00107660879820683
0.179399797006536,0.148278424633944,6528,6528,0.00215321759641369,0.00107660879820687
0.180908032712957,0.149815165038625,6529,6529,0.00215321759641369,0.00107660879820683
0.179399797006536,0.148278424633944,6530,6530,0.00215321759641369,0.00107660879820687
0.180908032712957,0.149815165038625,6531,6531,0.00215321759641369,0.00107660879820683
0.179399797006536,0.148278424633944,6532,6532,0.00215321759641369,0.00107660879820687
0.180908032712957,0.149815165038625,6533,6533,0.00215321759641369,0.00107660879820683
0.179399797006536,0.148278424633944,6534,6534,0.00215321759641369,0.00107660879820687
0.180908032712957,0.149815165038625,6535,6535,0.00215321759641369,0.00107660879820683
0.179399797006536,0.148278424633944,6536,6536,0.00215321759641369,0.00107660879820687
0.180908032712957,0.149815165038625,6537,6537,0.00215321759641369,0.00107660879820683
0.179399797006536,0.148278424633944,6538,6538,0.00215321759641369,0.00107660879820687
0.180908032712957,0.149815165038625,6539,6539,0.00215321759641369,0.00107660879820683
0.179399797006536,0.148278424633944,6540,6540,0.00215321759641369,0.00107660879820687
0.180908032712957,0.149815165038625,6541,6541,0.00215321759641369,0.00107660879820683
0.179399797006536,0.148278424633944,6542,6542,0.00215321759641369,0.00107660879820687
0.180908032712957,0.149815165038625,6543,6543,0.00215321759641369,0.00107660879820683
0.179399797006536,0.148278424633944,6544,6544,0.00215321759641369,0.00107660879820687
0.180908032712957,0.149815165038625,6545,6545,0.00215321759641369,0.00107660879820683
0.179399797006536,0.148278424633944,6546,6546,0.00215321759641369,0.00107660879820687
0.180908032712957,0.149815165038625,6547,6547,0.00215321759641369,0.00107660879820683
0.179399797006536,0.148278424633944,6548,6548,0.00215321759641369,0.00107660879820687
0.180908032712957,0.149815165038625,6549,6549,0.00215321759641369,0.00107660879820683
0.179399797006536,0.148278424633944,6550,6550,0.00215321759641369,0.00107660879820687
0.180908032712957,0.149815165038625,6551,6551,0.00215321759641369,0.00107660879820683
0.179399797006536,0.148278424633944,6552,6552,0.00215321759641369,0.00107660879820687
0.180908032712957,0.149815165038625,6553,6553,0.00215321759641369,0.00107660879820683
0.179399797006536,0.148278424633944,6554,6554,0.00215321759641369,0.00107660879820687
0.180908032712957,0.149815165038625,6555,6555,0.00215321759641369,0.00107660879820683
0.179399797006536,0.148278424633944,6556,6556,0.00215321759641369,0.00107660879820687
0.180908032712957,0.149815165038625,6557,6557,0.00215321759641369,0.00107660879820683
0.179399797006536,0.148278424633944,6558,6558,0.00215321759641369,0.00107660879820687
0.180908032712957,0.149815165038625,6559,6559,0.00215321759641369,0.00107660879820683
0.179399797006536,0.148278424633944,6560,6560,0.00215321759641369,0.00107660879820687
0.180908032712957,0.149815165038625,6561,6561,0.00215321759641369,0.00107660879820683
0.179399797006536,0.148278424633944,6562,6562,0.00215321759641369,0.00107660879820687
0.180908032712957,0.149815165038625,6563,6563,0.00215321759641369,0.00107660879820683
0.179399797006536,0.148278424633944,6564,6564,0.00215321759641369,0.00107660879820687
0.180908032712957,0.149815165038625,6565,6565,0.00215321759641369,0.00107660879820683
0.179399797006536,0.148278424633944,6566,6566,0.00215321759641369,0.00107660879820687
0.180908032712957,0.149815165038625,6567,6567,0.00215321759641369,0.00107660879820683
0.179399797006536,0.148278424633944,6568,6568,0.00215321759641369,0.00107660879820687
0.180908032712957,0.149815165038625,6569,6569,0.00215321759641369,0.00107660879820683
0.179399797006536,0.148278424633944,6570,6570,0.00215321759641369,0.00107660879820687
0.180908032712957,0.149815165038625,6571,6571,0.00215321759641369,0.00107660879820683
0.179399797006536,0.148278424633944,6572,6572,0.00215321759641369,0.00107660879820687
0.180908032712957,0.149815165038625,6573,6573,0.00215321759641369,0.00107660879820683
0.179399797006536,0.148278424633944,6574,6574,0.00215321759641369,0.00107660879820687
0.180908032712957,0.149815165038625,6575,6575,0.00215321759641369,0.00107660879820683
0.179399797006536,0.148278424633944,6576,6576,0.00215321759641369,0.00107660879820687
0.180908032712957,0.149815165038625,6577,6577,0.00215321759641369,0.00107660879820683
0.179399797006536,0.148278424633944,6578,6578,0.00215321759641369,0.00107660879820687
0.180908032712957,0.149815165038625,6579,6579,0.00215321759641369,0.00107660879820683
0.179399797006536,0.148278424633944,6580,6580,0.00215321759641369,0.00107660879820687
0.180908032712957,0.149815165038625,6581,6581,0.00215321759641369,0.00107660879820683
0.179399797006536,0.148278424633944,6582,6582,0.00215321759641369,0.00107660879820687
0.180908032712957,0.149815165038625,6583,6583,0.00215321759641369,0.00107660879820683
0.179399797006536,0.148278424633944,6584,6584,0.00215321759641369,0.00107660879820687
0.180908032712957,0.149815165038625,6585,6585,0.00215321759641369,0.00107660879820683
0.179399797006536,0.148278424633944,6586,6586,0.00215321759641369,0.00107660879820687
0.180908032712957,0.149815165038625,6587,6587,0.00215321759641369,0.00107660879820683
0.179399797006536,0.148278424633944,6588,6588,0.00215321759641369,0.00107660879820687
0.180908032712957,0.149815165038625,6589,6589,0.00215321759641369,0.00107660879820683
0.179399797006536,0.148278424633944,6590,6590,0.00215321759641369,0.00107660879820687
0.180908032712957,0.149815165038625,6591,6591,0.00215321759641369,0.00107660879820683
0.179399797006536,0.148278424633944,6592,6592,0.00215321759641369,0.00107660879820687
0.180908032712957,0.149815165038625,6593,6593,0.00215321759641369,0.00107660879820683
0.179399797006536,0.148278424633944,6594,6594,0.00215321759641369,0.00107660879820687
0.180908032712957,0.149815165038625,6595,6595,0.00215321759641369,0.00107660879820683
0.179399797006536,0.148278424633944,6596,6596,0.00215321759641369,0.00107660879820687
0.180908032712957,0.149815165038625,6597,6597,0.00215321759641369,0.00107660879820683
0.179399797006536,0.148278424633944,6598,6598,0.00215321759641369,0.00107660879820687
0.180908032712957,0.149815165038625,6599,6599,0.00215321759641369,0.00107660879820683
0.179399797006536,0.148278424633944,6600,6600,0.00215321759641369,0.00107660879820687
0.180908032712957,0.149815165038625,6601,6601,0.00215321759641369,0.00107660879820683
0.179399797006536,0.148278424633944,6602,6602,0.00215321759641369,0.00107660879820687
0.180908032712957,0.149815165038625,6603,6603,0.00215321759641369,0.00107660879820683
0.179399797006536,0.148278424633944,6604,6604,0.00215321759641369,0.00107660879820687
0.180908032712957,0.149815165038625,6605,6605,0.00215321759641369,0.00107660879820683
0.179399797006536,0.148278424633944,6606,6606,0.00215321759641369,0.00107660879820687
0.180908032712957,0.149815165038625,6607,6607,0.00215321759641369,0.00107660879820683
0.179399797006536,0.148278424633944,6608,6608,0.00215321759641369,0.00107660879820687
0.180908032712957,0.149815165038625,6609,6609,0.00215321759641369,0.00107660879820683
0.179399797006536,0.148278424633944,6610,6610,0.00215321759641369,0.00107660879820687
0.180908032712957,0.149815165038625,6611,6611,0.00215321759641369,0.00107660879820683
0.179399797006536,0.148278424633944,6612,6612,0.00215321759641369,0.00107660879820687
0.180908032712957,0.149815165038625,6613,6613,0.00215321759641369,0.00107660879820683
0.179399797006536,0.148278424633944,6614,6614,0.00215321759641369,0.00107660879820687
0.180908032712957,0.149815165038625,6615,6615,0.00215321759641369,0.00107660879820683
0.179399797006536,0.148278424633944,6616,6616,0.00215321759641369,0.00107660879820687
0.180908032712957,0.149815165038625,6617,6617,0.00215321759641369,0.00107660879820683
0.179399797006536,0.148278424633944,6618,6618,0.00215321759641369,0.00107660879820687
0.180908032712957,0.149815165038625,6619,6619,0.00215321759641369,0.00107660879820683
0.179399797006536,0.148278424633944,6620,6620,0.00215321759641369,0.00107660879820687
0.180908032712957,0.149815165038625,6621,6621,0.00215321759641369,0.00107660879820683
0.179399797006536,0.148278424633944,6622,6622,0.00215321759641369,0.00107660879820687
0.180908032712957,0.149815165038625,6623,6623,0.00215321759641369,0.00107660879820683
0.179399797006536,0.148278424633944,6624,6624,0.00215321759641369,0.00107660879820687
0.180908032712957,0.149815165038625,6625,6625,0.00215321759641369,0.00107660879820683
0.179399797006536,0.148278424633944,6626,6626,0.00215321759641369,0.00107660879820687
0.180908032712957,0.149815165038625,6627,6627,0.00215321759641369,0.00107660879820683
0.179399797006536,0.148278424633944,6628,6628,0.00215321759641369,0.00107660879820687
0.180908032712957,0.149815165038625,6629,6629,0.00215321759641369,0.00107660879820683
0.179399797006536,0.148278424633944,6630,6630,0.00215321759641369,0.00107660879820687
0.180908032712957,0.149815165038625,6631,6631,0.00215321759641369,0.00107660879820683
0.179399797006536,0.148278424633944,6632,6632,0.00215321759641369,0.00107660879820687
0.180908032712957,0.149815165038625,6633,6633,0.00215321759641369,0.00107660879820683
0.179399797006536,0.148278424633944,6634,6634,0.00215321759641369,0.00107660879820687
0.180908032712957,0.149815165038625,6635,6635,0.00215321759641369,0.00107660879820683
0.179399797006536,0.148278424633944,6636,6636,0.00215321759641369,0.00107660879820687
0.180908032712957,0.149815165038625,6637,6637,0.00215321759641369,0.00107660879820683
0.179399797006536,0.148278424633944,6638,6638,0.00215321759641369,0.00107660879820687
0.180908032712957,0.149815165038625,6639,6639,0.00215321759641369,0.00107660879820683
0.179399797006536,0.148278424633944,6640,6640,0.00215321759641369,0.00107660879820687
0.180908032712957,0.149815165038625,6641,6641,0.00215321759641369,0.00107660879820683
0.179399797006536,0.148278424633944,6642,6642,0.00215321759641369,0.00107660879820687
0.180908032712957,0.149815165038625,6643,6643,0.00215321759641369,0.00107660879820683
0.179399797006536,0.148278424633944,6644,6644,0.00215321759641369,0.00107660879820687
0.180908032712957,0.149815165038625,6645,6645,0.00215321759641369,0.00107660879820683
0.179399797006536,0.148278424633944,6646,6646,0.00215321759641369,0.00107660879820687
0.180908032712957,0.149815165038625,6647,6647,0.00215321759641369,0.00107660879820683
0.179399797006536,0.148278424633944,6648,6648,0.00215321759641369,0.00107660879820687
0.180908032712957,0.149815165038625,6649,6649,0.00215321759641369,0.00107660879820683
0.179399797006536,0.148278424633944,6650,6650,0.00215321759641369,0.00107660879820687
0.180908032712957,0.149815165038625,6651,6651,0.00215321759641369,0.00107660879820683
0.179399797006536,0.148278424633944,6652,6652,0.00215321759641369,0.00107660879820687
0.180908032712957,0.149815165038625,6653,6653,0.00215321759641369,0.00107660879820683
0.179399797006536,0.148278424633944,6654,6654,0.00215321759641369,0.00107660879820687
0.180908032712957,0.149815165038625,6655,6655,0.00215321759641369,0.00107660879820683
0.179399797006536,0.148278424633944,6656,6656,0.00215321759641369,0.00107660879820687
0.180908032712957,0.149815165038625,6657,6657,0.00215321759641369,0.00107660879820683
0.179399797006536,0.148278424633944,6658,6658,0.00215321759641369,0.00107660879820687
0.180908032712957,0.149815165038625,6659,6659,0.00215321759641369,0.00107660879820683
0.179399797006536,0.148278424633944,6660,6660,0.00215321759641369,0.00107660879820687
0.180908032712957,0.149815165038625,6661,6661,0.00215321759641369,0.00107660879820683
0.179399797006536,0.148278424633944,6662,6662,0.00215321759641369,0.00107660879820687
0.180908032712957,0.149815165038625,6663,6663,0.00215321759641369,0.00107660879820683
0.179399797006536,0.148278424633944,6664,6664,0.00215321759641369,0.00107660879820687
0.180908032712957,0.149815165038625,6665,6665,0.00215321759641369,0.00107660879820683
0.179399797006536,0.148278424633944,6666,6666,0.00215321759641369,0.00107660879820687
0.180908032712957,0.149815165038625,6667,6667,0.00215321759641369,0.00107660879820683
0.179399797006536,0.148278424633944,6668,6668,0.00215321759641369,0.00107660879820687
0.180908032712957,0.149815165038625,6669,6669,0.00215321759641369,0.00107660879820683
0.179399797006536,0.148278424633944,6670,6670,0.00215321759641369,0.00107660879820687
0.180908032712957,0.149815165038625,6671,6671,0.00215321759641369,0.00107660879820683
0.179399797006536,0.148278424633944,6672,6672,0.00215321759641369,0.00107660879820687
0.180908032712957,0.149815165038625,6673,6673,0.00215321759641369,0.00107660879820683
0.179399797006536,0.148278424633944,6674,6674,0.00215321759641369,0.00107660879820687
0.180908032712957,0.149815165038625,6675,6675,0.00215321759641369,0.00107660879820683
0.179399797006536,0.148278424633944,6676,6676,0.00215321759641369,0.00107660879820687
0.180908032712957,0.149815165038625,6677,6677,0.00215321759641369,0.00107660879820683
0.179399797006536,0.148278424633944,6678,6678,0.00215321759641369,0.00107660879820687
0.180908032712957,0.149815165038625,6679,6679,0.00215321759641369,0.00107660879820683
0.179399797006536,0.148278424633944,6680,6680,0.00215321759641369,0.00107660879820687
0.180908032712957,0.149815165038625,6681,6681,0.00215321759641369,0.00107660879820683
0.179399797006536,0.148278424633944,6682,6682,0.00215321759641369,0.00107660879820687
0.180908032712957,0.149815165038625,6683,6683,0.00215321759641369,0.00107660879820683
0.179399797006536,0.148278424633944,6684,6684,0.00215321759641369,0.00107660879820687
0.180908032712957,0.149815165038625,6685,6685,0.00215321759641369,0.00107660879820683
0.179399797006536,0.148278424633944,6686,6686,0.00215321759641369,0.00107660879820687
0.180908032712957,0.149815165038625,6687,6687,0.00215321759641369,0.00107660879820683
0.179399797006536,0.148278424633944,6688,6688,0.00215321759641369,0.00107660879820687
0.180908032712957,0.149815165038625,6689,6689,0.00215321759641369,0.00107660879820683
0.179399797006536,0.148278424633944,6690,6690,0.00215321759641369,0.00107660879820687
0.180908032712957,0.149815165038625,6691,6691,0.00215321759641369,0.00107660879820683
0.179399797006536,0.148278424633944,6692,6692,0.00215321759641369,0.00107660879820687
0.180908032712957,0.149815165038625,6693,6693,0.00215321759641369,0.00107660879820683
0.179399797006536,0.148278424633944,6694,6694,0.00215321759641369,0.00107660879820687
0.180908032712957,0.149815165038625,6695,6695,0.00215321759641369,0.00107660879820683
0.179399797006536,0.148278424633944,6696,6696,0.00215321759641369,0.00107660879820687
0.180908032712957,0.149815165038625,6697,6697,0.00215321759641369,0.00107660879820683
0.179399797006536,0.148278424633944,6698,6698,0.00215321759641369,0.00107660879820687
0.180908032712957,0.149815165038625,6699,6699,0.00215321759641369,0.00107660879820683
0.179399797006536,0.148278424633944,6700,6700,0.00215321759641369,0.00107660879820687
0.180908032712957,0.149815165038625,6701,6701,0.00215321759641369,0.00107660879820683
0.179399797006536,0.148278424633944,6702,6702,0.00215321759641369,0.00107660879820687
0.180908032712957,0.149815165038625,6703,6703,0.00215321759641369,0.00107660879820683
0.179399797006536,0.148278424633944,6704,6704,0.00215321759641369,0.00107660879820687
0.180908032712957,0.149815165038625,6705,6705,0.00215321759641369,0.00107660879820683
0.179399797006536,0.148278424633944,6706,6706,0.00215321759641369,0.00107660879820687
0.180908032712957,0.149815165038625,6707,6707,0.00215321759641369,0.00107660879820683
0.179399797006536,0.148278424633944,6708,6708,0.00215321759641369,0.00107660879820687
0.180908032712957,0.149815165038625,6709,6709,0.00215321759641369,0.00107660879820683
0.179399797006536,0.148278424633944,6710,6710,0.00215321759641369,0.00107660879820687
0.180908032712957,0.149815165038625,6711,6711,0.00215321759641369,0.00107660879820683
0.179399797006536,0.148278424633944,6712,6712,0.00215321759641369,0.00107660879820687
0.180908032712957,0.149815165038625,6713,6713,0.00215321759641369,0.00107660879820683
0.179399797006536,0.148278424633944,6714,6714,0.00215321759641369,0.00107660879820687
0.180908032712957,0.149815165038625,6715,6715,0.00215321759641369,0.00107660879820683
0.179399797006536,0.148278424633944,6716,6716,0.00215321759641369,0.00107660879820687
0.180908032712957,0.149815165038625,6717,6717,0.00215321759641369,0.00107660879820683
0.179399797006536,0.148278424633944,6718,6718,0.00215321759641369,0.00107660879820687
0.180908032712957,0.149815165038625,6719,6719,0.00215321759641369,0.00107660879820683
0.179399797006536,0.148278424633944,6720,6720,0.00215321759641369,0.00107660879820687
0.180908032712957,0.149815165038625,6721,6721,0.00215321759641369,0.00107660879820683
0.179399797006536,0.148278424633944,6722,6722,0.00215321759641369,0.00107660879820687
0.180908032712957,0.149815165038625,6723,6723,0.00215321759641369,0.00107660879820683
0.179399797006536,0.148278424633944,6724,6724,0.00215321759641369,0.00107660879820687
0.180908032712957,0.149815165038625,6725,6725,0.00215321759641369,0.00107660879820683
0.179399797006536,0.148278424633944,6726,6726,0.00215321759641369,0.00107660879820687
0.180908032712957,0.149815165038625,6727,6727,0.00215321759641369,0.00107660879820683
0.179399797006536,0.148278424633944,6728,6728,0.00215321759641369,0.00107660879820687
0.180908032712957,0.149815165038625,6729,6729,0.00215321759641369,0.00107660879820683
0.179399797006536,0.148278424633944,6730,6730,0.00215321759641369,0.00107660879820687
0.180908032712957,0.149815165038625,6731,6731,0.00215321759641369,0.00107660879820683
0.179399797006536,0.148278424633944,6732,6732,0.00215321759641369,0.00107660879820687
0.180908032712957,0.149815165038625,6733,6733,0.00215321759641369,0.00107660879820683
0.179399797006536,0.148278424633944,6734,6734,0.00215321759641369,0.00107660879820687
0.180908032712957,0.149815165038625,6735,6735,0.00215321759641369,0.00107660879820683
0.179399797006536,0.148278424633944,6736,6736,0.00215321759641369,0.00107660879820687
0.180908032712957,0.149815165038625,6737,6737,0.00215321759641369,0.00107660879820683
0.179399797006536,0.148278424633944,6738,6738,0.00215321759641369,0.00107660879820687
0.180908032712957,0.149815165038625,6739,6739,0.00215321759641369,0.00107660879820683
0.179399797006536,0.148278424633944,6740,6740,0.00215321759641369,0.00107660879820687
0.180908032712957,0.149815165038625,6741,6741,0.00215321759641369,0.00107660879820683
0.179399797006536,0.148278424633944,6742,6742,0.00215321759641369,0.00107660879820687
0.180908032712957,0.149815165038625,6743,6743,0.00215321759641369,0.00107660879820683
0.179399797006536,0.148278424633944,6744,6744,0.00215321759641369,0.00107660879820687
0.180908032712957,0.149815165038625,6745,6745,0.00215321759641369,0.00107660879820683
0.179399797006536,0.148278424633944,6746,6746,0.00215321759641369,0.00107660879820687
0.180908032712957,0.149815165038625,6747,6747,0.00215321759641369,0.00107660879820683
0.179399797006536,0.148278424633944,6748,6748,0.00215321759641369,0.00107660879820687
0.180908032712957,0.149815165038625,6749,6749,0.00215321759641369,0.00107660879820683
0.179399797006536,0.148278424633944,6750,6750,0.00215321759641369,0.00107660879820687
0.180908032712957,0.149815165038625,6751,6751,0.00215321759641369,0.00107660879820683
0.179399797006536,0.148278424633944,6752,6752,0.00215321759641369,0.00107660879820687
0.180908032712957,0.149815165038625,6753,6753,0.00215321759641369,0.00107660879820683
0.179399797006536,0.148278424633944,6754,6754,0.00215321759641369,0.00107660879820687
0.180908032712957,0.149815165038625,6755,6755,0.00215321759641369,0.00107660879820683
0.179399797006536,0.148278424633944,6756,6756,0.00215321759641369,0.00107660879820687
0.180908032712957,0.149815165038625,6757,6757,0.00215321759641369,0.00107660879820683
0.179399797006536,0.148278424633944,6758,6758,0.00215321759641369,0.00107660879820687
0.180908032712957,0.149815165038625,6759,6759,0.00215321759641369,0.00107660879820683
0.179399797006536,0.148278424633944,6760,6760,0.00215321759641369,0.00107660879820687
0.180908032712957,0.149815165038625,6761,6761,0.00215321759641369,0.00107660879820683
0.179399797006536,0.148278424633944,6762,6762,0.00215321759641369,0.00107660879820687
0.180908032712957,0.149815165038625,6763,6763,0.00215321759641369,0.00107660879820683
0.179399797006536,0.148278424633944,6764,6764,0.00215321759641369,0.00107660879820687
0.180908032712957,0.149815165038625,6765,6765,0.00215321759641369,0.00107660879820683
0.179399797006536,0.148278424633944,6766,6766,0.00215321759641369,0.00107660879820687
0.180908032712957,0.149815165038625,6767,6767,0.00215321759641369,0.00107660879820683
0.179399797006536,0.148278424633944,6768,6768,0.00215321759641369,0.00107660879820687
0.180908032712957,0.149815165038625,6769,6769,0.00215321759641369,0.00107660879820683
0.179399797006536,0.148278424633944,6770,6770,0.00215321759641369,0.00107660879820687
0.180908032712957,0.149815165038625,6771,6771,0.00215321759641369,0.00107660879820683
0.179399797006536,0.148278424633944,6772,6772,0.00215321759641369,0.00107660879820687
0.180908032712957,0.149815165038625,6773,6773,0.00215321759641369,0.00107660879820683
0.179399797006536,0.148278424633944,6774,6774,0.00215321759641369,0.00107660879820687
0.180908032712957,0.149815165038625,6775,6775,0.00215321759641369,0.00107660879820683
0.179399797006536,0.148278424633944,6776,6776,0.00215321759641369,0.00107660879820687
0.180908032712957,0.149815165038625,6777,6777,0.00215321759641369,0.00107660879820683
0.179399797006536,0.148278424633944,6778,6778,0.00215321759641369,0.00107660879820687
0.180908032712957,0.149815165038625,6779,6779,0.00215321759641369,0.00107660879820683
0.179399797006536,0.148278424633944,6780,6780,0.00215321759641369,0.00107660879820687
0.180908032712957,0.149815165038625,6781,6781,0.00215321759641369,0.00107660879820683
0.179399797006536,0.148278424633944,6782,6782,0.00215321759641369,0.00107660879820687
0.180908032712957,0.149815165038625,6783,6783,0.00215321759641369,0.00107660879820683
0.179399797006536,0.148278424633944,6784,6784,0.00215321759641369,0.00107660879820687
0.180908032712957,0.149815165038625,6785,6785,0.00215321759641369,0.00107660879820683
0.179399797006536,0.148278424633944,6786,6786,0.00215321759641369,0.00107660879820687
0.180908032712957,0.149815165038625,6787,6787,0.00215321759641369,0.00107660879820683
0.179399797006536,0.148278424633944,6788,6788,0.00215321759641369,0.00107660879820687
0.180908032712957,0.149815165038625,6789,6789,0.00215321759641369,0.00107660879820683
0.179399797006536,0.148278424633944,6790,6790,0.00215321759641369,0.00107660879820687
0.180908032712957,0.149815165038625,6791,6791,0.00215321759641369,0.00107660879820683
0.179399797006536,0.148278424633944,6792,6792,0.00215321759641369,0.00107660879820687
0.180908032712957,0.149815165038625,6793,6793,0.00215321759641369,0.00107660879820683
0.179399797006536,0.148278424633944,6794,6794,0.00215321759641369,0.00107660879820687
0.180908032712957,0.149815165038625,6795,6795,0.00215321759641369,0.00107660879820683
0.179399797006536,0.148278424633944,6796,6796,0.00215321759641369,0.00107660879820687
0.180908032712957,0.149815165038625,6797,6797,0.00215321759641369,0.00107660879820683
0.179399797006536,0.148278424633944,6798,6798,0.00215321759641369,0.00107660879820687
0.180908032712957,0.149815165038625,6799,6799,0.00215321759641369,0.00107660879820683
0.179399797006536,0.148278424633944,6800,6800,0.00215321759641369,0.00107660879820687
0.180908032712957,0.149815165038625,6801,6801,0.00215321759641369,0.00107660879820683
0.179399797006536,0.148278424633944,6802,6802,0.00215321759641369,0.00107660879820687
0.180908032712957,0.149815165038625,6803,6803,0.00215321759641369,0.00107660879820683
0.179399797006536,0.148278424633944,6804,6804,0.00215321759641369,0.00107660879820687
0.180908032712957,0.149815165038625,6805,6805,0.00215321759641369,0.00107660879820683
0.179399797006536,0.148278424633944,6806,6806,0.00215321759641369,0.00107660879820687
0.180908032712957,0.149815165038625,6807,6807,0.00215321759641369,0.00107660879820683
0.179399797006536,0.148278424633944,6808,6808,0.00215321759641369,0.00107660879820687
0.180908032712957,0.149815165038625,6809,6809,0.00215321759641369,0.00107660879820683
0.179399797006536,0.148278424633944,6810,6810,0.00215321759641369,0.00107660879820687
0.180908032712957,0.149815165038625,6811,6811,0.00215321759641369,0.00107660879820683
0.179399797006536,0.148278424633944,6812,6812,0.00215321759641369,0.00107660879820687
0.180908032712957,0.149815165038625,6813,6813,0.00215321759641369,0.00107660879820683
0.179399797006536,0.148278424633944,6814,6814,0.00215321759641369,0.00107660879820687
0.180908032712957,0.149815165038625,6815,6815,0.00215321759641369,0.00107660879820683
0.179399797006536,0.148278424633944,6816,6816,0.00215321759641369,0.00107660879820687
0.180908032712957,0.149815165038625,6817,6817,0.00215321759641369,0.00107660879820683
0.179399797006536,0.148278424633944,6818,6818,0.00215321759641369,0.00107660879820687
0.180908032712957,0.149815165038625,6819,6819,0.00215321759641369,0.00107660879820683
0.179399797006536,0.148278424633944,6820,6820,0.00215321759641369,0.00107660879820687
0.180908032712957,0.149815165038625,6821,6821,0.00215321759641369,0.00107660879820683
0.179399797006536,0.148278424633944,6822,6822,0.00215321759641369,0.00107660879820687
0.180908032712957,0.149815165038625,6823,6823,0.00215321759641369,0.00107660879820683
0.179399797006536,0.148278424633944,6824,6824,0.00215321759641369,0.00107660879820687
0.180908032712957,0.149815165038625,6825,6825,0.00215321759641369,0.00107660879820683
0.179399797006536,0.148278424633944,6826,6826,0.00215321759641369,0.00107660879820687
0.180908032712957,0.149815165038625,6827,6827,0.00215321759641369,0.00107660879820683
0.179399797006536,0.148278424633944,6828,6828,0.00215321759641369,0.00107660879820687
0.180908032712957,0.149815165038625,6829,6829,0.00215321759641369,0.00107660879820683
0.179399797006536,0.148278424633944,6830,6830,0.00215321759641369,0.00107660879820687
0.180908032712957,0.149815165038625,6831,6831,0.00215321759641369,0.00107660879820683
0.179399797006536,0.148278424633944,6832,6832,0.00215321759641369,0.00107660879820687
0.180908032712957,0.149815165038625,6833,6833,0.00215321759641369,0.00107660879820683
0.179399797006536,0.148278424633944,6834,6834,0.00215321759641369,0.00107660879820687
0.180908032712957,0.149815165038625,6835,6835,0.00215321759641369,0.00107660879820683
0.179399797006536,0.148278424633944,6836,6836,0.00215321759641369,0.00107660879820687
0.180908032712957,0.149815165038625,6837,6837,0.00215321759641369,0.00107660879820683
0.179399797006536,0.148278424633944,6838,6838,0.00215321759641369,0.00107660879820687
0.180908032712957,0.149815165038625,6839,6839,0.00215321759641369,0.00107660879820683
0.179399797006536,0.148278424633944,6840,6840,0.00215321759641369,0.00107660879820687
0.180908032712957,0.149815165038625,6841,6841,0.00215321759641369,0.00107660879820683
0.179399797006536,0.148278424633944,6842,6842,0.00215321759641369,0.00107660879820687
0.180908032712957,0.149815165038625,6843,6843,0.00215321759641369,0.00107660879820683
0.179399797006536,0.148278424633944,6844,6844,0.00215321759641369,0.00107660879820687
0.180908032712957,0.149815165038625,6845,6845,0.00215321759641369,0.00107660879820683
0.179399797006536,0.148278424633944,6846,6846,0.00215321759641369,0.00107660879820687
0.180908032712957,0.149815165038625,6847,6847,0.00215321759641369,0.00107660879820683
0.179399797006536,0.148278424633944,6848,6848,0.00215321759641369,0.00107660879820687
0.180908032712957,0.149815165038625,6849,6849,0.00215321759641369,0.00107660879820683
0.179399797006536,0.148278424633944,6850,6850,0.00215321759641369,0.00107660879820687
0.180908032712957,0.149815165038625,6851,6851,0.00215321759641369,0.00107660879820683
0.179399797006536,0.148278424633944,6852,6852,0.00215321759641369,0.00107660879820687
0.180908032712957,0.149815165038625,6853,6853,0.00215321759641369,0.00107660879820683
0.179399797006536,0.148278424633944,6854,6854,0.00215321759641369,0.00107660879820687
0.180908032712957,0.149815165038625,6855,6855,0.00215321759641369,0.00107660879820683
0.179399797006536,0.148278424633944,6856,6856,0.00215321759641369,0.00107660879820687
0.180908032712957,0.149815165038625,6857,6857,0.00215321759641369,0.00107660879820683
0.179399797006536,0.148278424633944,6858,6858,0.00215321759641369,0.00107660879820687
0.180908032712957,0.149815165038625,6859,6859,0.00215321759641369,0.00107660879820683
0.179399797006536,0.148278424633944,6860,6860,0.00215321759641369,0.00107660879820687
0.180908032712957,0.149815165038625,6861,6861,0.00215321759641369,0.00107660879820683
0.179399797006536,0.148278424633944,6862,6862,0.00215321759641369,0.00107660879820687
0.180908032712957,0.149815165038625,6863,6863,0.00215321759641369,0.00107660879820683
0.179399797006536,0.148278424633944,6864,6864,0.00215321759641369,0.00107660879820687
0.180908032712957,0.149815165038625,6865,6865,0.00215321759641369,0.00107660879820683
0.179399797006536,0.148278424633944,6866,6866,0.00215321759641369,0.00107660879820687
0.180908032712957,0.149815165038625,6867,6867,0.00215321759641369,0.00107660879820683
0.179399797006536,0.148278424633944,6868,6868,0.00215321759641369,0.00107660879820687
0.180908032712957,0.149815165038625,6869,6869,0.00215321759641369,0.00107660879820683
0.179399797006536,0.148278424633944,6870,6870,0.00215321759641369,0.00107660879820687
0.180908032712957,0.149815165038625,6871,6871,0.00215321759641369,0.00107660879820683
0.179399797006536,0.148278424633944,6872,6872,0.00215321759641369,0.00107660879820687
0.180908032712957,0.149815165038625,6873,6873,0.00215321759641369,0.00107660879820683
0.179399797006536,0.148278424633944,6874,6874,0.00215321759641369,0.00107660879820687
0.180908032712957,0.149815165038625,6875,6875,0.00215321759641369,0.00107660879820683
0.179399797006536,0.148278424633944,6876,6876,0.00215321759641369,0.00107660879820687
0.180908032712957,0.149815165038625,6877,6877,0.00215321759641369,0.00107660879820683
0.179399797006536,0.148278424633944,6878,6878,0.00215321759641369,0.00107660879820687
0.180908032712957,0.149815165038625,6879,6879,0.00215321759641369,0.00107660879820683
0.179399797006536,0.148278424633944,6880,6880,0.00215321759641369,0.00107660879820687
0.180908032712957,0.149815165038625,6881,6881,0.00215321759641369,0.00107660879820683
0.179399797006536,0.148278424633944,6882,6882,0.00215321759641369,0.00107660879820687
0.180908032712957,0.149815165038625,6883,6883,0.00215321759641369,0.00107660879820683
0.179399797006536,0.148278424633944,6884,6884,0.00215321759641369,0.00107660879820687
0.180908032712957,0.149815165038625,6885,6885,0.00215321759641369,0.00107660879820683
0.179399797006536,0.148278424633944,6886,6886,0.00215321759641369,0.00107660879820687
0.180908032712957,0.149815165038625,6887,6887,0.00215321759641369,0.00107660879820683
0.179399797006536,0.148278424633944,6888,6888,0.00215321759641369,0.00107660879820687
0.180908032712957,0.149815165038625,6889,6889,0.00215321759641369,0.00107660879820683
0.179399797006536,0.148278424633944,6890,6890,0.00215321759641369,0.00107660879820687
0.180908032712957,0.149815165038625,6891,6891,0.00215321759641369,0.00107660879820683
0.179399797006536,0.148278424633944,6892,6892,0.00215321759641369,0.00107660879820687
0.180908032712957,0.149815165038625,6893,6893,0.00215321759641369,0.00107660879820683
0.179399797006536,0.148278424633944,6894,6894,0.00215321759641369,0.00107660879820687
0.180908032712957,0.149815165038625,6895,6895,0.00215321759641369,0.00107660879820683
0.179399797006536,0.148278424633944,6896,6896,0.00215321759641369,0.00107660879820687
0.180908032712957,0.149815165038625,6897,6897,0.00215321759641369,0.00107660879820683
0.179399797006536,0.148278424633944,6898,6898,0.00215321759641369,0.00107660879820687
0.180908032712957,0.149815165038625,6899,6899,0.00215321759641369,0.00107660879820683
0.179399797006536,0.148278424633944,6900,6900,0.00215321759641369,0.00107660879820687
0.180908032712957,0.149815165038625,6901,6901,0.00215321759641369,0.00107660879820683
0.179399797006536,0.148278424633944,6902,6902,0.00215321759641369,0.00107660879820687
0.180908032712957,0.149815165038625,6903,6903,0.00215321759641369,0.00107660879820683
0.179399797006536,0.148278424633944,6904,6904,0.00215321759641369,0.00107660879820687
0.180908032712957,0.149815165038625,6905,6905,0.00215321759641369,0.00107660879820683
0.179399797006536,0.148278424633944,6906,6906,0.00215321759641369,0.00107660879820687
0.180908032712957,0.149815165038625,6907,6907,0.00215321759641369,0.00107660879820683
0.179399797006536,0.148278424633944,6908,6908,0.00215321759641369,0.00107660879820687
0.180908032712957,0.149815165038625,6909,6909,0.00215321759641369,0.00107660879820683
0.179399797006536,0.148278424633944,6910,6910,0.00215321759641369,0.00107660879820687
0.180908032712957,0.149815165038625,6911,6911,0.00215321759641369,0.00107660879820683
0.179399797006536,0.148278424633944,6912,6912,0.00215321759641369,0.00107660879820687
0.180908032712957,0.149815165038625,6913,6913,0.00215321759641369,0.00107660879820683
0.179399797006536,0.148278424633944,6914,6914,0.00215321759641369,0.00107660879820687
0.180908032712957,0.149815165038625,6915,6915,0.00215321759641369,0.00107660879820683
0.179399797006536,0.148278424633944,6916,6916,0.00215321759641369,0.00107660879820687
0.180908032712957,0.149815165038625,6917,6917,0.00215321759641369,0.00107660879820683
0.179399797006536,0.148278424633944,6918,6918,0.00215321759641369,0.00107660879820687
0.180908032712957,0.149815165038625,6919,6919,0.00215321759641369,0.00107660879820683
0.179399797006536,0.148278424633944,6920,6920,0.00215321759641369,0.00107660879820687
0.180908032712957,0.149815165038625,6921,6921,0.00215321759641369,0.00107660879820683
0.179399797006536,0.148278424633944,6922,6922,0.00215321759641369,0.00107660879820687
0.180908032712957,0.149815165038625,6923,6923,0.00215321759641369,0.00107660879820683
0.179399797006536,0.148278424633944,6924,6924,0.00215321759641369,0.00107660879820687
0.180908032712957,0.149815165038625,6925,6925,0.00215321759641369,0.00107660879820683
0.179399797006536,0.148278424633944,6926,6926,0.00215321759641369,0.00107660879820687
0.180908032712957,0.149815165038625,6927,6927,0.00215321759641369,0.00107660879820683
0.179399797006536,0.148278424633944,6928,6928,0.00215321759641369,0.00107660879820687
0.180908032712957,0.149815165038625,6929,6929,0.00215321759641369,0.00107660879820683
0.179399797006536,0.148278424633944,6930,6930,0.00215321759641369,0.00107660879820687
0.180908032712957,0.149815165038625,6931,6931,0.00215321759641369,0.00107660879820683
0.179399797006536,0.148278424633944,6932,6932,0.00215321759641369,0.00107660879820687
0.180908032712957,0.149815165038625,6933,6933,0.00215321759641369,0.00107660879820683
0.179399797006536,0.148278424633944,6934,6934,0.00215321759641369,0.00107660879820687
0.180908032712957,0.149815165038625,6935,6935,0.00215321759641369,0.00107660879820683
0.179399797006536,0.148278424633944,6936,6936,0.00215321759641369,0.00107660879820687
0.180908032712957,0.149815165038625,6937,6937,0.00215321759641369,0.00107660879820683
0.179399797006536,0.148278424633944,6938,6938,0.00215321759641369,0.00107660879820687
0.180908032712957,0.149815165038625,6939,6939,0.00215321759641369,0.00107660879820683
0.179399797006536,0.148278424633944,6940,6940,0.00215321759641369,0.00107660879820687
0.180908032712957,0.149815165038625,6941,6941,0.00215321759641369,0.00107660879820683
0.179399797006536,0.148278424633944,6942,6942,0.00215321759641369,0.00107660879820687
0.180908032712957,0.149815165038625,6943,6943,0.00215321759641369,0.00107660879820683
0.179399797006536,0.148278424633944,6944,6944,0.00215321759641369,0.00107660879820687
0.180908032712957,0.149815165038625,6945,6945,0.00215321759641369,0.00107660879820683
0.179399797006536,0.148278424633944,6946,6946,0.00215321759641369,0.00107660879820687
0.180908032712957,0.149815165038625,6947,6947,0.00215321759641369,0.00107660879820683
0.179399797006536,0.148278424633944,6948,6948,0.00215321759641369,0.00107660879820687
0.180908032712957,0.149815165038625,6949,6949,0.00215321759641369,0.00107660879820683
0.179399797006536,0.148278424633944,6950,6950,0.00215321759641369,0.00107660879820687
0.180908032712957,0.149815165038625,6951,6951,0.00215321759641369,0.00107660879820683
0.179399797006536,0.148278424633944,6952,6952,0.00215321759641369,0.00107660879820687
0.180908032712957,0.149815165038625,6953,6953,0.00215321759641369,0.00107660879820683
0.179399797006536,0.148278424633944,6954,6954,0.00215321759641369,0.00107660879820687
0.180908032712957,0.149815165038625,6955,6955,0.00215321759641369,0.00107660879820683
0.179399797006536,0.148278424633944,6956,6956,0.00215321759641369,0.00107660879820687
0.180908032712957,0.149815165038625,6957,6957,0.00215321759641369,0.00107660879820683
0.179399797006536,0.148278424633944,6958,6958,0.00215321759641369,0.00107660879820687
0.180908032712957,0.149815165038625,6959,6959,0.00215321759641369,0.00107660879820683
0.179399797006536,0.148278424633944,6960,6960,0.00215321759641369,0.00107660879820687
0.180908032712957,0.149815165038625,6961,6961,0.00215321759641369,0.00107660879820683
0.179399797006536,0.148278424633944,6962,6962,0.00215321759641369,0.00107660879820687
0.180908032712957,0.149815165038625,6963,6963,0.00215321759641369,0.00107660879820683
0.179399797006536,0.148278424633944,6964,6964,0.00215321759641369,0.00107660879820687
0.180908032712957,0.149815165038625,6965,6965,0.00215321759641369,0.00107660879820683
0.179399797006536,0.148278424633944,6966,6966,0.00215321759641369,0.00107660879820687
0.180908032712957,0.149815165038625,6967,6967,0.00215321759641369,0.00107660879820683
0.179399797006536,0.148278424633944,6968,6968,0.00215321759641369,0.00107660879820687
0.180908032712957,0.149815165038625,6969,6969,0.00215321759641369,0.00107660879820683
0.179399797006536,0.148278424633944,6970,6970,0.00215321759641369,0.00107660879820687
0.180908032712957,0.149815165038625,6971,6971,0.00215321759641369,0.00107660879820683
0.179399797006536,0.148278424633944,6972,6972,0.00215321759641369,0.00107660879820687
0.180908032712957,0.149815165038625,6973,6973,0.00215321759641369,0.00107660879820683
0.179399797006536,0.148278424633944,6974,6974,0.00215321759641369,0.00107660879820687
0.180908032712957,0.149815165038625,6975,6975,0.00215321759641369,0.00107660879820683
0.179399797006536,0.148278424633944,6976,6976,0.00215321759641369,0.00107660879820687
0.180908032712957,0.149815165038625,6977,6977,0.00215321759641369,0.00107660879820683
0.179399797006536,0.148278424633944,6978,6978,0.00215321759641369,0.00107660879820687
0.180908032712957,0.149815165038625,6979,6979,0.00215321759641369,0.00107660879820683
0.179399797006536,0.148278424633944,6980,6980,0.00215321759641369,0.00107660879820687
0.180908032712957,0.149815165038625,6981,6981,0.00215321759641369,0.00107660879820683
0.179399797006536,0.148278424633944,6982,6982,0.00215321759641369,0.00107660879820687
0.180908032712957,0.149815165038625,6983,6983,0.00215321759641369,0.00107660879820683
0.179399797006536,0.148278424633944,6984,6984,0.00215321759641369,0.00107660879820687
0.180908032712957,0.149815165038625,6985,6985,0.00215321759641369,0.00107660879820683
0.179399797006536,0.148278424633944,6986,6986,0.00215321759641369,0.00107660879820687
0.180908032712957,0.149815165038625,6987,6987,0.00215321759641369,0.00107660879820683
0.179399797006536,0.148278424633944,6988,6988,0.00215321759641369,0.00107660879820687
0.180908032712957,0.149815165038625,6989,6989,0.00215321759641369,0.00107660879820683
0.179399797006536,0.148278424633944,6990,6990,0.00215321759641369,0.00107660879820687
0.180908032712957,0.149815165038625,6991,6991,0.00215321759641369,0.00107660879820683
0.179399797006536,0.148278424633944,6992,6992,0.00215321759641369,0.00107660879820687
0.180908032712957,0.149815165038625,6993,6993,0.00215321759641369,0.00107660879820683
0.179399797006536,0.148278424633944,6994,6994,0.00215321759641369,0.00107660879820687
0.180908032712957,0.149815165038625,6995,6995,0.00215321759641369,0.00107660879820683
0.179399797006536,0.148278424633944,6996,6996,0.00215321759641369,0.00107660879820687
0.180908032712957,0.149815165038625,6997,6997,0.00215321759641369,0.00107660879820683
0.179399797006536,0.148278424633944,6998,6998,0.00215321759641369,0.00107660879820687
0.180908032712957,0.149815165038625,6999,6999,0.00215321759641369,0.00107660879820683
0.179399797006536,0.148278424633944,7000,7000,0.00215321759641369,0.00107660879820687
0.180908032712957,0.149815165038625,7001,7001,0.00215321759641369,0.00107660879820683
0.179399797006536,0.148278424633944,7002,7002,0.00215321759641369,0.00107660879820687
0.180908032712957,0.149815165038625,7003,7003,0.00215321759641369,0.00107660879820683
0.179399797006536,0.148278424633944,7004,7004,0.00215321759641369,0.00107660879820687
0.180908032712957,0.149815165038625,7005,7005,0.00215321759641369,0.00107660879820683
0.179399797006536,0.148278424633944,7006,7006,0.00215321759641369,0.00107660879820687
0.180908032712957,0.149815165038625,7007,7007,0.00215321759641369,0.00107660879820683
0.179399797006536,0.148278424633944,7008,7008,0.00215321759641369,0.00107660879820687
0.180908032712957,0.149815165038625,7009,7009,0.00215321759641369,0.00107660879820683
0.179399797006536,0.148278424633944,7010,7010,0.00215321759641369,0.00107660879820687
0.180908032712957,0.149815165038625,7011,7011,0.00215321759641369,0.00107660879820683
0.179399797006536,0.148278424633944,7012,7012,0.00215321759641369,0.00107660879820687
0.180908032712957,0.149815165038625,7013,7013,0.00215321759641369,0.00107660879820683
0.179399797006536,0.148278424633944,7014,7014,0.00215321759641369,0.00107660879820687
0.180908032712957,0.149815165038625,7015,7015,0.00215321759641369,0.00107660879820683
0.179399797006536,0.148278424633944,7016,7016,0.00215321759641369,0.00107660879820687
0.180908032712957,0.149815165038625,7017,7017,0.00215321759641369,0.00107660879820683
0.179399797006536,0.148278424633944,7018,7018,0.00215321759641369,0.00107660879820687
0.180908032712957,0.149815165038625,7019,7019,0.00215321759641369,0.00107660879820683
0.179399797006536,0.148278424633944,7020,7020,0.00215321759641369,0.00107660879820687
0.180908032712957,0.149815165038625,7021,7021,0.00215321759641369,0.00107660879820683
0.179399797006536,0.148278424633944,7022,7022,0.00215321759641369,0.00107660879820687
0.180908032712957,0.149815165038625,7023,7023,0.00215321759641369,0.00107660879820683
0.179399797006536,0.148278424633944,7024,7024,0.00215321759641369,0.00107660879820687
0.180908032712957,0.149815165038625,7025,7025,0.00215321759641369,0.00107660879820683
0.179399797006536,0.148278424633944,7026,7026,0.00215321759641369,0.00107660879820687
0.180908032712957,0.149815165038625,7027,7027,0.00215321759641369,0.00107660879820683
0.179399797006536,0.148278424633944,7028,7028,0.00215321759641369,0.00107660879820687
0.180908032712957,0.149815165038625,7029,7029,0.00215321759641369,0.00107660879820683
0.179399797006536,0.148278424633944,7030,7030,0.00215321759641369,0.00107660879820687
0.180908032712957,0.149815165038625,7031,7031,0.00215321759641369,0.00107660879820683
0.179399797006536,0.148278424633944,7032,7032,0.00215321759641369,0.00107660879820687
0.180908032712957,0.149815165038625,7033,7033,0.00215321759641369,0.00107660879820683
0.179399797006536,0.148278424633944,7034,7034,0.00215321759641369,0.00107660879820687
0.180908032712957,0.149815165038625,7035,7035,0.00215321759641369,0.00107660879820683
0.179399797006536,0.148278424633944,7036,7036,0.00215321759641369,0.00107660879820687
0.180908032712957,0.149815165038625,7037,7037,0.00215321759641369,0.00107660879820683
0.179399797006536,0.148278424633944,7038,7038,0.00215321759641369,0.00107660879820687
0.180908032712957,0.149815165038625,7039,7039,0.00215321759641369,0.00107660879820683
0.179399797006536,0.148278424633944,7040,7040,0.00215321759641369,0.00107660879820687
0.180908032712957,0.149815165038625,7041,7041,0.00215321759641369,0.00107660879820683
0.179399797006536,0.148278424633944,7042,7042,0.00215321759641369,0.00107660879820687
0.180908032712957,0.149815165038625,7043,7043,0.00215321759641369,0.00107660879820683
0.179399797006536,0.148278424633944,7044,7044,0.00215321759641369,0.00107660879820687
0.180908032712957,0.149815165038625,7045,7045,0.00215321759641369,0.00107660879820683
0.179399797006536,0.148278424633944,7046,7046,0.00215321759641369,0.00107660879820687
0.180908032712957,0.149815165038625,7047,7047,0.00215321759641369,0.00107660879820683
0.179399797006536,0.148278424633944,7048,7048,0.00215321759641369,0.00107660879820687
0.180908032712957,0.149815165038625,7049,7049,0.00215321759641369,0.00107660879820683
0.179399797006536,0.148278424633944,7050,7050,0.00215321759641369,0.00107660879820687
0.180908032712957,0.149815165038625,7051,7051,0.00215321759641369,0.00107660879820683
0.179399797006536,0.148278424633944,7052,7052,0.00215321759641369,0.00107660879820687
0.180908032712957,0.149815165038625,7053,7053,0.00215321759641369,0.00107660879820683
0.179399797006536,0.148278424633944,7054,7054,0.00215321759641369,0.00107660879820687
0.180908032712957,0.149815165038625,7055,7055,0.00215321759641369,0.00107660879820683
0.179399797006536,0.148278424633944,7056,7056,0.00215321759641369,0.00107660879820687
0.180908032712957,0.149815165038625,7057,7057,0.00215321759641369,0.00107660879820683
0.179399797006536,0.148278424633944,7058,7058,0.00215321759641369,0.00107660879820687
0.180908032712957,0.149815165038625,7059,7059,0.00215321759641369,0.00107660879820683
0.179399797006536,0.148278424633944,7060,7060,0.00215321759641369,0.00107660879820687
0.180908032712957,0.149815165038625,7061,7061,0.00215321759641369,0.00107660879820683
0.179399797006536,0.148278424633944,7062,7062,0.00215321759641369,0.00107660879820687
0.180908032712957,0.149815165038625,7063,7063,0.00215321759641369,0.00107660879820683
0.179399797006536,0.148278424633944,7064,7064,0.00215321759641369,0.00107660879820687
0.180908032712957,0.149815165038625,7065,7065,0.00215321759641369,0.00107660879820683
0.179399797006536,0.148278424633944,7066,7066,0.00215321759641369,0.00107660879820687
0.180908032712957,0.149815165038625,7067,7067,0.00215321759641369,0.00107660879820683
0.179399797006536,0.148278424633944,7068,7068,0.00215321759641369,0.00107660879820687
0.180908032712957,0.149815165038625,7069,7069,0.00215321759641369,0.00107660879820683
0.179399797006536,0.148278424633944,7070,7070,0.00215321759641369,0.00107660879820687
0.180908032712957,0.149815165038625,7071,7071,0.00215321759641369,0.00107660879820683
0.179399797006536,0.148278424633944,7072,7072,0.00215321759641369,0.00107660879820687
0.180908032712957,0.149815165038625,7073,7073,0.00215321759641369,0.00107660879820683
0.179399797006536,0.148278424633944,7074,7074,0.00215321759641369,0.00107660879820687
0.180908032712957,0.149815165038625,7075,7075,0.00215321759641369,0.00107660879820683
0.179399797006536,0.148278424633944,7076,7076,0.00215321759641369,0.00107660879820687
0.180908032712957,0.149815165038625,7077,7077,0.00215321759641369,0.00107660879820683
0.179399797006536,0.148278424633944,7078,7078,0.00215321759641369,0.00107660879820687
0.180908032712957,0.149815165038625,7079,7079,0.00215321759641369,0.00107660879820683
0.179399797006536,0.148278424633944,7080,7080,0.00215321759641369,0.00107660879820687
0.180908032712957,0.149815165038625,7081,7081,0.00215321759641369,0.00107660879820683
0.179399797006536,0.148278424633944,7082,7082,0.00215321759641369,0.00107660879820687
0.180908032712957,0.149815165038625,7083,7083,0.00215321759641369,0.00107660879820683
0.179399797006536,0.148278424633944,7084,7084,0.00215321759641369,0.00107660879820687
0.180908032712957,0.149815165038625,7085,7085,0.00215321759641369,0.00107660879820683
0.179399797006536,0.148278424633944,7086,7086,0.00215321759641369,0.00107660879820687
0.180908032712957,0.149815165038625,7087,7087,0.00215321759641369,0.00107660879820683
0.179399797006536,0.148278424633944,7088,7088,0.00215321759641369,0.00107660879820687
0.180908032712957,0.149815165038625,7089,7089,0.00215321759641369,0.00107660879820683
0.179399797006536,0.148278424633944,7090,7090,0.00215321759641369,0.00107660879820687
0.180908032712957,0.149815165038625,7091,7091,0.00215321759641369,0.00107660879820683
0.179399797006536,0.148278424633944,7092,7092,0.00215321759641369,0.00107660879820687
0.180908032712957,0.149815165038625,7093,7093,0.00215321759641369,0.00107660879820683
0.179399797006536,0.148278424633944,7094,7094,0.00215321759641369,0.00107660879820687
0.180908032712957,0.149815165038625,7095,7095,0.00215321759641369,0.00107660879820683
0.179399797006536,0.148278424633944,7096,7096,0.00215321759641369,0.00107660879820687
0.180908032712957,0.149815165038625,7097,7097,0.00215321759641369,0.00107660879820683
0.179399797006536,0.148278424633944,7098,7098,0.00215321759641369,0.00107660879820687
0.180908032712957,0.149815165038625,7099,7099,0.00215321759641369,0.00107660879820683
0.179399797006536,0.148278424633944,7100,7100,0.00215321759641369,0.00107660879820687
0.180908032712957,0.149815165038625,7101,7101,0.00215321759641369,0.00107660879820683
0.179399797006536,0.148278424633944,7102,7102,0.00215321759641369,0.00107660879820687
0.180908032712957,0.149815165038625,7103,7103,0.00215321759641369,0.00107660879820683
0.179399797006536,0.148278424633944,7104,7104,0.00215321759641369,0.00107660879820687
0.180908032712957,0.149815165038625,7105,7105,0.00215321759641369,0.00107660879820683
0.179399797006536,0.148278424633944,7106,7106,0.00215321759641369,0.00107660879820687
0.180908032712957,0.149815165038625,7107,7107,0.00215321759641369,0.00107660879820683
0.179399797006536,0.148278424633944,7108,7108,0.00215321759641369,0.00107660879820687
0.180908032712957,0.149815165038625,7109,7109,0.00215321759641369,0.00107660879820683
0.179399797006536,0.148278424633944,7110,7110,0.00215321759641369,0.00107660879820687
0.180908032712957,0.149815165038625,7111,7111,0.00215321759641369,0.00107660879820683
0.179399797006536,0.148278424633944,7112,7112,0.00215321759641369,0.00107660879820687
0.180908032712957,0.149815165038625,7113,7113,0.00215321759641369,0.00107660879820683
0.179399797006536,0.148278424633944,7114,7114,0.00215321759641369,0.00107660879820687
0.180908032712957,0.149815165038625,7115,7115,0.00215321759641369,0.00107660879820683
0.179399797006536,0.148278424633944,7116,7116,0.00215321759641369,0.00107660879820687
0.180908032712957,0.149815165038625,7117,7117,0.00215321759641369,0.00107660879820683
0.179399797006536,0.148278424633944,7118,7118,0.00215321759641369,0.00107660879820687
0.180908032712957,0.149815165038625,7119,7119,0.00215321759641369,0.00107660879820683
0.179399797006536,0.148278424633944,7120,7120,0.00215321759641369,0.00107660879820687
0.180908032712957,0.149815165038625,7121,7121,0.00215321759641369,0.00107660879820683
0.179399797006536,0.148278424633944,7122,7122,0.00215321759641369,0.00107660879820687
0.180908032712957,0.149815165038625,7123,7123,0.00215321759641369,0.00107660879820683
0.179399797006536,0.148278424633944,7124,7124,0.00215321759641369,0.00107660879820687
0.180908032712957,0.149815165038625,7125,7125,0.00215321759641369,0.00107660879820683
0.179399797006536,0.148278424633944,7126,7126,0.00215321759641369,0.00107660879820687
0.180908032712957,0.149815165038625,7127,7127,0.00215321759641369,0.00107660879820683
0.179399797006536,0.148278424633944,7128,7128,0.00215321759641369,0.00107660879820687
0.180908032712957,0.149815165038625,7129,7129,0.00215321759641369,0.00107660879820683
0.179399797006536,0.148278424633944,7130,7130,0.00215321759641369,0.00107660879820687
0.180908032712957,0.149815165038625,7131,7131,0.00215321759641369,0.00107660879820683
0.179399797006536,0.148278424633944,7132,7132,0.00215321759641369,0.00107660879820687
0.180908032712957,0.149815165038625,7133,7133,0.00215321759641369,0.00107660879820683
0.179399797006536,0.148278424633944,7134,7134,0.00215321759641369,0.00107660879820687
0.180908032712957,0.149815165038625,7135,7135,0.00215321759641369,0.00107660879820683
0.179399797006536,0.148278424633944,7136,7136,0.00215321759641369,0.00107660879820687
0.180908032712957,0.149815165038625,7137,7137,0.00215321759641369,0.00107660879820683
0.179399797006536,0.148278424633944,7138,7138,0.00215321759641369,0.00107660879820687
0.180908032712957,0.149815165038625,7139,7139,0.00215321759641369,0.00107660879820683
0.179399797006536,0.148278424633944,7140,7140,0.00215321759641369,0.00107660879820687
0.180908032712957,0.149815165038625,7141,7141,0.00215321759641369,0.00107660879820683
0.179399797006536,0.148278424633944,7142,7142,0.00215321759641369,0.00107660879820687
0.180908032712957,0.149815165038625,7143,7143,0.00215321759641369,0.00107660879820683
0.179399797006536,0.148278424633944,7144,7144,0.00215321759641369,0.00107660879820687
0.180908032712957,0.149815165038625,7145,7145,0.00215321759641369,0.00107660879820683
0.179399797006536,0.148278424633944,7146,7146,0.00215321759641369,0.00107660879820687
0.180908032712957,0.149815165038625,7147,7147,0.00215321759641369,0.00107660879820683
0.179399797006536,0.148278424633944,7148,7148,0.00215321759641369,0.00107660879820687
0.180908032712957,0.149815165038625,7149,7149,0.00215321759641369,0.00107660879820683
0.179399797006536,0.148278424633944,7150,7150,0.00215321759641369,0.00107660879820687
0.180908032712957,0.149815165038625,7151,7151,0.00215321759641369,0.00107660879820683
0.179399797006536,0.148278424633944,7152,7152,0.00215321759641369,0.00107660879820687
0.180908032712957,0.149815165038625,7153,7153,0.00215321759641369,0.00107660879820683
0.179399797006536,0.148278424633944,7154,7154,0.00215321759641369,0.00107660879820687
0.180908032712957,0.149815165038625,7155,7155,0.00215321759641369,0.00107660879820683
0.179399797006536,0.148278424633944,7156,7156,0.00215321759641369,0.00107660879820687
0.180908032712957,0.149815165038625,7157,7157,0.00215321759641369,0.00107660879820683
0.179399797006536,0.148278424633944,7158,7158,0.00215321759641369,0.00107660879820687
0.180908032712957,0.149815165038625,7159,7159,0.00215321759641369,0.00107660879820683
0.179399797006536,0.148278424633944,7160,7160,0.00215321759641369,0.00107660879820687
0.180908032712957,0.149815165038625,7161,7161,0.00215321759641369,0.00107660879820683
0.179399797006536,0.148278424633944,7162,7162,0.00215321759641369,0.00107660879820687
0.180908032712957,0.149815165038625,7163,7163,0.00215321759641369,0.00107660879820683
0.179399797006536,0.148278424633944,7164,7164,0.00215321759641369,0.00107660879820687
0.180908032712957,0.149815165038625,7165,7165,0.00215321759641369,0.00107660879820683
0.179399797006536,0.148278424633944,7166,7166,0.00215321759641369,0.00107660879820687
0.180908032712957,0.149815165038625,7167,7167,0.00215321759641369,0.00107660879820683
0.179399797006536,0.148278424633944,7168,7168,0.00215321759641369,0.00107660879820687
0.180908032712957,0.149815165038625,7169,7169,0.00215321759641369,0.00107660879820683
0.179399797006536,0.148278424633944,7170,7170,0.00215321759641369,0.00107660879820687
0.180908032712957,0.149815165038625,7171,7171,0.00215321759641369,0.00107660879820683
0.179399797006536,0.148278424633944,7172,7172,0.00215321759641369,0.00107660879820687
0.180908032712957,0.149815165038625,7173,7173,0.00215321759641369,0.00107660879820683
0.179399797006536,0.148278424633944,7174,7174,0.00215321759641369,0.00107660879820687
0.180908032712957,0.149815165038625,7175,7175,0.00215321759641369,0.00107660879820683
0.179399797006536,0.148278424633944,7176,7176,0.00215321759641369,0.00107660879820687
0.180908032712957,0.149815165038625,7177,7177,0.00215321759641369,0.00107660879820683
0.179399797006536,0.148278424633944,7178,7178,0.00215321759641369,0.00107660879820687
0.180908032712957,0.149815165038625,7179,7179,0.00215321759641369,0.00107660879820683
0.179399797006536,0.148278424633944,7180,7180,0.00215321759641369,0.00107660879820687
0.180908032712957,0.149815165038625,7181,7181,0.00215321759641369,0.00107660879820683
0.179399797006536,0.148278424633944,7182,7182,0.00215321759641369,0.00107660879820687
0.180908032712957,0.149815165038625,7183,7183,0.00215321759641369,0.00107660879820683
0.179399797006536,0.148278424633944,7184,7184,0.00215321759641369,0.00107660879820687
0.180908032712957,0.149815165038625,7185,7185,0.00215321759641369,0.00107660879820683
0.179399797006536,0.148278424633944,7186,7186,0.00215321759641369,0.00107660879820687
0.180908032712957,0.149815165038625,7187,7187,0.00215321759641369,0.00107660879820683
0.179399797006536,0.148278424633944,7188,7188,0.00215321759641369,0.00107660879820687
0.180908032712957,0.149815165038625,7189,7189,0.00215321759641369,0.00107660879820683
0.179399797006536,0.148278424633944,7190,7190,0.00215321759641369,0.00107660879820687
0.180908032712957,0.149815165038625,7191,7191,0.00215321759641369,0.00107660879820683
0.179399797006536,0.148278424633944,7192,7192,0.00215321759641369,0.00107660879820687
0.180908032712957,0.149815165038625,7193,7193,0.00215321759641369,0.00107660879820683
0.179399797006536,0.148278424633944,7194,7194,0.00215321759641369,0.00107660879820687
0.180908032712957,0.149815165038625,7195,7195,0.00215321759641369,0.00107660879820683
0.179399797006536,0.148278424633944,7196,7196,0.00215321759641369,0.00107660879820687
0.180908032712957,0.149815165038625,7197,7197,0.00215321759641369,0.00107660879820683
0.179399797006536,0.148278424633944,7198,7198,0.00215321759641369,0.00107660879820687
0.180908032712957,0.149815165038625,7199,7199,0.00215321759641369,0.00107660879820683
0.179399797006536,0.148278424633944,7200,7200,0.00215321759641369,0.00107660879820687
0.180908032712957,0.149815165038625,7201,7201,0.00215321759641369,0.00107660879820683
0.179399797006536,0.148278424633944,7202,7202,0.00215321759641369,0.00107660879820687
0.180908032712957,0.149815165038625,7203,7203,0.00215321759641369,0.00107660879820683
0.179399797006536,0.148278424633944,7204,7204,0.00215321759641369,0.00107660879820687
0.180908032712957,0.149815165038625,7205,7205,0.00215321759641369,0.00107660879820683
0.179399797006536,0.148278424633944,7206,7206,0.00215321759641369,0.00107660879820687
0.180908032712957,0.149815165038625,7207,7207,0.00215321759641369,0.00107660879820683
0.179399797006536,0.148278424633944,7208,7208,0.00215321759641369,0.00107660879820687
0.180908032712957,0.149815165038625,7209,7209,0.00215321759641369,0.00107660879820683
0.179399797006536,0.148278424633944,7210,7210,0.00215321759641369,0.00107660879820687
0.180908032712957,0.149815165038625,7211,7211,0.00215321759641369,0.00107660879820683
0.179399797006536,0.148278424633944,7212,7212,0.00215321759641369,0.00107660879820687
0.180908032712957,0.149815165038625,7213,7213,0.00215321759641369,0.00107660879820683
0.179399797006536,0.148278424633944,7214,7214,0.00215321759641369,0.00107660879820687
0.180908032712957,0.149815165038625,7215,7215,0.00215321759641369,0.00107660879820683
0.179399797006536,0.148278424633944,7216,7216,0.00215321759641369,0.00107660879820687
0.180908032712957,0.149815165038625,7217,7217,0.00215321759641369,0.00107660879820683
0.179399797006536,0.148278424633944,7218,7218,0.00215321759641369,0.00107660879820687
0.180908032712957,0.149815165038625,7219,7219,0.00215321759641369,0.00107660879820683
0.179399797006536,0.148278424633944,7220,7220,0.00215321759641369,0.00107660879820687
0.180908032712957,0.149815165038625,7221,7221,0.00215321759641369,0.00107660879820683
0.179399797006536,0.148278424633944,7222,7222,0.00215321759641369,0.00107660879820687
0.180908032712957,0.149815165038625,7223,7223,0.00215321759641369,0.00107660879820683
0.179399797006536,0.148278424633944,7224,7224,0.00215321759641369,0.00107660879820687
0.180908032712957,0.149815165038625,7225,7225,0.00215321759641369,0.00107660879820683
0.179399797006536,0.148278424633944,7226,7226,0.00215321759641369,0.00107660879820687
0.180908032712957,0.149815165038625,7227,7227,0.00215321759641369,0.00107660879820683
0.179399797006536,0.148278424633944,7228,7228,0.00215321759641369,0.00107660879820687
0.180908032712957,0.149815165038625,7229,7229,0.00215321759641369,0.00107660879820683
0.179399797006536,0.148278424633944,7230,7230,0.00215321759641369,0.00107660879820687
0.180908032712957,0.149815165038625,7231,7231,0.00215321759641369,0.00107660879820683
0.179399797006536,0.148278424633944,7232,7232,0.00215321759641369,0.00107660879820687
0.180908032712957,0.149815165038625,7233,7233,0.00215321759641369,0.00107660879820683
0.179399797006536,0.148278424633944,7234,7234,0.00215321759641369,0.00107660879820687
0.180908032712957,0.149815165038625,7235,7235,0.00215321759641369,0.00107660879820683
0.179399797006536,0.148278424633944,7236,7236,0.00215321759641369,0.00107660879820687
0.180908032712957,0.149815165038625,7237,7237,0.00215321759641369,0.00107660879820683
0.179399797006536,0.148278424633944,7238,7238,0.00215321759641369,0.00107660879820687
0.180908032712957,0.149815165038625,7239,7239,0.00215321759641369,0.00107660879820683
0.179399797006536,0.148278424633944,7240,7240,0.00215321759641369,0.00107660879820687
0.180908032712957,0.149815165038625,7241,7241,0.00215321759641369,0.00107660879820683
0.179399797006536,0.148278424633944,7242,7242,0.00215321759641369,0.00107660879820687
0.180908032712957,0.149815165038625,7243,7243,0.00215321759641369,0.00107660879820683
0.179399797006536,0.148278424633944,7244,7244,0.00215321759641369,0.00107660879820687
0.180908032712957,0.149815165038625,7245,7245,0.00215321759641369,0.00107660879820683
0.179399797006536,0.148278424633944,7246,7246,0.00215321759641369,0.00107660879820687
0.180908032712957,0.149815165038625,7247,7247,0.00215321759641369,0.00107660879820683
0.179399797006536,0.148278424633944,7248,7248,0.00215321759641369,0.00107660879820687
0.180908032712957,0.149815165038625,7249,7249,0.00215321759641369,0.00107660879820683
0.179399797006536,0.148278424633944,7250,7250,0.00215321759641369,0.00107660879820687
0.180908032712957,0.149815165038625,7251,7251,0.00215321759641369,0.00107660879820683
0.179399797006536,0.148278424633944,7252,7252,0.00215321759641369,0.00107660879820687
0.180908032712957,0.149815165038625,7253,7253,0.00215321759641369,0.00107660879820683
0.179399797006536,0.148278424633944,7254,7254,0.00215321759641369,0.00107660879820687
0.180908032712957,0.149815165038625,7255,7255,0.00215321759641369,0.00107660879820683
0.179399797006536,0.148278424633944,7256,7256,0.00215321759641369,0.00107660879820687
0.180908032712957,0.149815165038625,7257,7257,0.00215321759641369,0.00107660879820683
0.179399797006536,0.148278424633944,7258,7258,0.00215321759641369,0.00107660879820687
0.180908032712957,0.149815165038625,7259,7259,0.00215321759641369,0.00107660879820683
0.179399797006536,0.148278424633944,7260,7260,0.00215321759641369,0.00107660879820687
0.180908032712957,0.149815165038625,7261,7261,0.00215321759641369,0.00107660879820683
0.179399797006536,0.148278424633944,7262,7262,0.00215321759641369,0.00107660879820687
0.180908032712957,0.149815165038625,7263,7263,0.00215321759641369,0.00107660879820683
0.179399797006536,0.148278424633944,7264,7264,0.00215321759641369,0.00107660879820687
0.180908032712957,0.149815165038625,7265,7265,0.00215321759641369,0.00107660879820683
0.179399797006536,0.148278424633944,7266,7266,0.00215321759641369,0.00107660879820687
0.180908032712957,0.149815165038625,7267,7267,0.00215321759641369,0.00107660879820683
0.179399797006536,0.148278424633944,7268,7268,0.00215321759641369,0.00107660879820687
0.180908032712957,0.149815165038625,7269,7269,0.00215321759641369,0.00107660879820683
0.179399797006536,0.148278424633944,7270,7270,0.00215321759641369,0.00107660879820687
0.180908032712957,0.149815165038625,7271,7271,0.00215321759641369,0.00107660879820683
0.179399797006536,0.148278424633944,7272,7272,0.00215321759641369,0.00107660879820687
0.180908032712957,0.149815165038625,7273,7273,0.00215321759641369,0.00107660879820683
0.179399797006536,0.148278424633944,7274,7274,0.00215321759641369,0.00107660879820687
0.180908032712957,0.149815165038625,7275,7275,0.00215321759641369,0.00107660879820683
0.179399797006536,0.148278424633944,7276,7276,0.00215321759641369,0.00107660879820687
0.180908032712957,0.149815165038625,7277,7277,0.00215321759641369,0.00107660879820683
0.179399797006536,0.148278424633944,7278,7278,0.00215321759641369,0.00107660879820687
0.180908032712957,0.149815165038625,7279,7279,0.00215321759641369,0.00107660879820683
0.179399797006536,0.148278424633944,7280,7280,0.00215321759641369,0.00107660879820687
0.180908032712957,0.149815165038625,7281,7281,0.00215321759641369,0.00107660879820683
0.179399797006536,0.148278424633944,7282,7282,0.00215321759641369,0.00107660879820687
0.180908032712957,0.149815165038625,7283,7283,0.00215321759641369,0.00107660879820683
0.179399797006536,0.148278424633944,7284,7284,0.00215321759641369,0.00107660879820687
0.180908032712957,0.149815165038625,7285,7285,0.00215321759641369,0.00107660879820683
0.179399797006536,0.148278424633944,7286,7286,0.00215321759641369,0.00107660879820687
0.180908032712957,0.149815165038625,7287,7287,0.00215321759641369,0.00107660879820683
0.179399797006536,0.148278424633944,7288,7288,0.00215321759641369,0.00107660879820687
0.180908032712957,0.149815165038625,7289,7289,0.00215321759641369,0.00107660879820683
0.179399797006536,0.148278424633944,7290,7290,0.00215321759641369,0.00107660879820687
0.180908032712957,0.149815165038625,7291,7291,0.00215321759641369,0.00107660879820683
0.179399797006536,0.148278424633944,7292,7292,0.00215321759641369,0.00107660879820687
0.180908032712957,0.149815165038625,7293,7293,0.00215321759641369,0.00107660879820683
0.179399797006536,0.148278424633944,7294,7294,0.00215321759641369,0.00107660879820687
0.180908032712957,0.149815165038625,7295,7295,0.00215321759641369,0.00107660879820683
0.179399797006536,0.148278424633944,7296,7296,0.00215321759641369,0.00107660879820687
0.180908032712957,0.149815165038625,7297,7297,0.00215321759641369,0.00107660879820683
0.179399797006536,0.148278424633944,7298,7298,0.00215321759641369,0.00107660879820687
0.180908032712957,0.149815165038625,7299,7299,0.00215321759641369,0.00107660879820683
0.179399797006536,0.148278424633944,7300,7300,0.00215321759641369,0.00107660879820687
0.180908032712957,0.149815165038625,7301,7301,0.00215321759641369,0.00107660879820683
0.179399797006536,0.148278424633944,7302,7302,0.00215321759641369,0.00107660879820687
0.180908032712957,0.149815165038625,7303,7303,0.00215321759641369,0.00107660879820683
0.179399797006536,0.148278424633944,7304,7304,0.00215321759641369,0.00107660879820687
0.180908032712957,0.149815165038625,7305,7305,0.00215321759641369,0.00107660879820683
0.179399797006536,0.148278424633944,7306,7306,0.00215321759641369,0.00107660879820687
0.180908032712957,0.149815165038625,7307,7307,0.00215321759641369,0.00107660879820683
0.179399797006536,0.148278424633944,7308,7308,0.00215321759641369,0.00107660879820687
0.180908032712957,0.149815165038625,7309,7309,0.00215321759641369,0.00107660879820683
0.179399797006536,0.148278424633944,7310,7310,0.00215321759641369,0.00107660879820687
0.180908032712957,0.149815165038625,7311,7311,0.00215321759641369,0.00107660879820683
0.179399797006536,0.148278424633944,7312,7312,0.00215321759641369,0.00107660879820687
0.180908032712957,0.149815165038625,7313,7313,0.00215321759641369,0.00107660879820683
0.179399797006536,0.148278424633944,7314,7314,0.00215321759641369,0.00107660879820687
0.180908032712957,0.149815165038625,7315,7315,0.00215321759641369,0.00107660879820683
0.179399797006536,0.148278424633944,7316,7316,0.00215321759641369,0.00107660879820687
0.180908032712957,0.149815165038625,7317,7317,0.00215321759641369,0.00107660879820683
0.179399797006536,0.148278424633944,7318,7318,0.00215321759641369,0.00107660879820687
0.180908032712957,0.149815165038625,7319,7319,0.00215321759641369,0.00107660879820683
0.179399797006536,0.148278424633944,7320,7320,0.00215321759641369,0.00107660879820687
0.180908032712957,0.149815165038625,7321,7321,0.00215321759641369,0.00107660879820683
0.179399797006536,0.148278424633944,7322,7322,0.00215321759641369,0.00107660879820687
0.180908032712957,0.149815165038625,7323,7323,0.00215321759641369,0.00107660879820683
0.179399797006536,0.148278424633944,7324,7324,0.00215321759641369,0.00107660879820687
0.180908032712957,0.149815165038625,7325,7325,0.00215321759641369,0.00107660879820683
0.179399797006536,0.148278424633944,7326,7326,0.00215321759641369,0.00107660879820687
0.180908032712957,0.149815165038625,7327,7327,0.00215321759641369,0.00107660879820683
0.179399797006536,0.148278424633944,7328,7328,0.00215321759641369,0.00107660879820687
0.180908032712957,0.149815165038625,7329,7329,0.00215321759641369,0.00107660879820683
0.179399797006536,0.148278424633944,7330,7330,0.00215321759641369,0.00107660879820687
0.180908032712957,0.149815165038625,7331,7331,0.00215321759641369,0.00107660879820683
0.179399797006536,0.148278424633944,7332,7332,0.00215321759641369,0.00107660879820687
0.180908032712957,0.149815165038625,7333,7333,0.00215321759641369,0.00107660879820683
0.179399797006536,0.148278424633944,7334,7334,0.00215321759641369,0.00107660879820687
0.180908032712957,0.149815165038625,7335,7335,0.00215321759641369,0.00107660879820683
0.179399797006536,0.148278424633944,7336,7336,0.00215321759641369,0.00107660879820687
0.180908032712957,0.149815165038625,7337,7337,0.00215321759641369,0.00107660879820683
0.179399797006536,0.148278424633944,7338,7338,0.00215321759641369,0.00107660879820687
0.180908032712957,0.149815165038625,7339,7339,0.00215321759641369,0.00107660879820683
0.179399797006536,0.148278424633944,7340,7340,0.00215321759641369,0.00107660879820687
0.180908032712957,0.149815165038625,7341,7341,0.00215321759641369,0.00107660879820683
0.179399797006536,0.148278424633944,7342,7342,0.00215321759641369,0.00107660879820687
0.180908032712957,0.149815165038625,7343,7343,0.00215321759641369,0.00107660879820683
0.179399797006536,0.148278424633944,7344,7344,0.00215321759641369,0.00107660879820687
0.180908032712957,0.149815165038625,7345,7345,0.00215321759641369,0.00107660879820683
0.179399797006536,0.148278424633944,7346,7346,0.00215321759641369,0.00107660879820687
0.180908032712957,0.149815165038625,7347,7347,0.00215321759641369,0.00107660879820683
0.179399797006536,0.148278424633944,7348,7348,0.00215321759641369,0.00107660879820687
0.180908032712957,0.149815165038625,7349,7349,0.00215321759641369,0.00107660879820683
0.179399797006536,0.148278424633944,7350,7350,0.00215321759641369,0.00107660879820687
0.180908032712957,0.149815165038625,7351,7351,0.00215321759641369,0.00107660879820683
0.179399797006536,0.148278424633944,7352,7352,0.00215321759641369,0.00107660879820687
0.180908032712957,0.149815165038625,7353,7353,0.00215321759641369,0.00107660879820683
0.179399797006536,0.148278424633944,7354,7354,0.00215321759641369,0.00107660879820687
0.180908032712957,0.149815165038625,7355,7355,0.00215321759641369,0.00107660879820683
0.179399797006536,0.148278424633944,7356,7356,0.00215321759641369,0.00107660879820687
0.180908032712957,0.149815165038625,7357,7357,0.00215321759641369,0.00107660879820683
0.179399797006536,0.148278424633944,7358,7358,0.00215321759641369,0.00107660879820687
0.180908032712957,0.149815165038625,7359,7359,0.00215321759641369,0.00107660879820683
0.179399797006536,0.148278424633944,7360,7360,0.00215321759641369,0.00107660879820687
0.180908032712957,0.149815165038625,7361,7361,0.00215321759641369,0.00107660879820683
0.179399797006536,0.148278424633944,7362,7362,0.00215321759641369,0.00107660879820687
0.180908032712957,0.149815165038625,7363,7363,0.00215321759641369,0.00107660879820683
0.179399797006536,0.148278424633944,7364,7364,0.00215321759641369,0.00107660879820687
0.180908032712957,0.149815165038625,7365,7365,0.00215321759641369,0.00107660879820683
0.179399797006536,0.148278424633944,7366,7366,0.00215321759641369,0.00107660879820687
0.180908032712957,0.149815165038625,7367,7367,0.00215321759641369,0.00107660879820683
0.179399797006536,0.148278424633944,7368,7368,0.00215321759641369,0.00107660879820687
0.180908032712957,0.149815165038625,7369,7369,0.00215321759641369,0.00107660879820683
0.179399797006536,0.148278424633944,7370,7370,0.00215321759641369,0.00107660879820687
0.180908032712957,0.149815165038625,7371,7371,0.00215321759641369,0.00107660879820683
0.179399797006536,0.148278424633944,7372,7372,0.00215321759641369,0.00107660879820687
0.180908032712957,0.149815165038625,7373,7373,0.00215321759641369,0.00107660879820683
0.179399797006536,0.148278424633944,7374,7374,0.00215321759641369,0.00107660879820687
0.180908032712957,0.149815165038625,7375,7375,0.00215321759641369,0.00107660879820683
0.179399797006536,0.148278424633944,7376,7376,0.00215321759641369,0.00107660879820687
0.180908032712957,0.149815165038625,7377,7377,0.00215321759641369,0.00107660879820683
0.179399797006536,0.148278424633944,7378,7378,0.00215321759641369,0.00107660879820687
0.180908032712957,0.149815165038625,7379,7379,0.00215321759641369,0.00107660879820683
0.179399797006536,0.148278424633944,7380,7380,0.00215321759641369,0.00107660879820687
0.180908032712957,0.149815165038625,7381,7381,0.00215321759641369,0.00107660879820683
0.179399797006536,0.148278424633944,7382,7382,0.00215321759641369,0.00107660879820687
0.180908032712957,0.149815165038625,7383,7383,0.00215321759641369,0.00107660879820683
0.179399797006536,0.148278424633944,7384,7384,0.00215321759641369,0.00107660879820687
0.180908032712957,0.149815165038625,7385,7385,0.00215321759641369,0.00107660879820683
0.179399797006536,0.148278424633944,7386,7386,0.00215321759641369,0.00107660879820687
0.180908032712957,0.149815165038625,7387,7387,0.00215321759641369,0.00107660879820683
0.179399797006536,0.148278424633944,7388,7388,0.00215321759641369,0.00107660879820687
0.180908032712957,0.149815165038625,7389,7389,0.00215321759641369,0.00107660879820683
0.179399797006536,0.148278424633944,7390,7390,0.00215321759641369,0.00107660879820687
0.180908032712957,0.149815165038625,7391,7391,0.00215321759641369,0.00107660879820683
0.179399797006536,0.148278424633944,7392,7392,0.00215321759641369,0.00107660879820687
0.180908032712957,0.149815165038625,7393,7393,0.00215321759641369,0.00107660879820683
0.179399797006536,0.148278424633944,7394,7394,0.00215321759641369,0.00107660879820687
0.180908032712957,0.149815165038625,7395,7395,0.00215321759641369,0.00107660879820683
0.179399797006536,0.148278424633944,7396,7396,0.00215321759641369,0.00107660879820687
0.180908032712957,0.149815165038625,7397,7397,0.00215321759641369,0.00107660879820683
0.179399797006536,0.148278424633944,7398,7398,0.00215321759641369,0.00107660879820687
0.180908032712957,0.149815165038625,7399,7399,0.00215321759641369,0.00107660879820683
0.179399797006536,0.148278424633944,7400,7400,0.00215321759641369,0.00107660879820687
0.180908032712957,0.149815165038625,7401,7401,0.00215321759641369,0.00107660879820683
0.179399797006536,0.148278424633944,7402,7402,0.00215321759641369,0.00107660879820687
0.180908032712957,0.149815165038625,7403,7403,0.00215321759641369,0.00107660879820683
0.179399797006536,0.148278424633944,7404,7404,0.00215321759641369,0.00107660879820687
0.180908032712957,0.149815165038625,7405,7405,0.00215321759641369,0.00107660879820683
0.179399797006536,0.148278424633944,7406,7406,0.00215321759641369,0.00107660879820687
0.180908032712957,0.149815165038625,7407,7407,0.00215321759641369,0.00107660879820683
0.179399797006536,0.148278424633944,7408,7408,0.00215321759641369,0.00107660879820687
0.180908032712957,0.149815165038625,7409,7409,0.00215321759641369,0.00107660879820683
0.179399797006536,0.148278424633944,7410,7410,0.00215321759641369,0.00107660879820687
0.180908032712957,0.149815165038625,7411,7411,0.00215321759641369,0.00107660879820683
0.179399797006536,0.148278424633944,7412,7412,0.00215321759641369,0.00107660879820687
0.180908032712957,0.149815165038625,7413,7413,0.00215321759641369,0.00107660879820683
0.179399797006536,0.148278424633944,7414,7414,0.00215321759641369,0.00107660879820687
0.180908032712957,0.149815165038625,7415,7415,0.00215321759641369,0.00107660879820683
0.179399797006536,0.148278424633944,7416,7416,0.00215321759641369,0.00107660879820687
0.180908032712957,0.149815165038625,7417,7417,0.00215321759641369,0.00107660879820683
0.179399797006536,0.148278424633944,7418,7418,0.00215321759641369,0.00107660879820687
0.180908032712957,0.149815165038625,7419,7419,0.00215321759641369,0.00107660879820683
0.179399797006536,0.148278424633944,7420,7420,0.00215321759641369,0.00107660879820687
0.180908032712957,0.149815165038625,7421,7421,0.00215321759641369,0.00107660879820683
0.179399797006536,0.148278424633944,7422,7422,0.00215321759641369,0.00107660879820687
0.180908032712957,0.149815165038625,7423,7423,0.00215321759641369,0.00107660879820683
0.179399797006536,0.148278424633944,7424,7424,0.00215321759641369,0.00107660879820687
0.180908032712957,0.149815165038625,7425,7425,0.00215321759641369,0.00107660879820683
0.179399797006536,0.148278424633944,7426,7426,0.00215321759641369,0.00107660879820687
0.180908032712957,0.149815165038625,7427,7427,0.00215321759641369,0.00107660879820683
0.179399797006536,0.148278424633944,7428,7428,0.00215321759641369,0.00107660879820687
0.180908032712957,0.149815165038625,7429,7429,0.00215321759641369,0.00107660879820683
0.179399797006536,0.148278424633944,7430,7430,0.00215321759641369,0.00107660879820687
0.180908032712957,0.149815165038625,7431,7431,0.00215321759641369,0.00107660879820683
0.179399797006536,0.148278424633944,7432,7432,0.00215321759641369,0.00107660879820687
0.180908032712957,0.149815165038625,7433,7433,0.00215321759641369,0.00107660879820683
0.179399797006536,0.148278424633944,7434,7434,0.00215321759641369,0.00107660879820687
0.180908032712957,0.149815165038625,7435,7435,0.00215321759641369,0.00107660879820683
0.179399797006536,0.148278424633944,7436,7436,0.00215321759641369,0.00107660879820687
0.180908032712957,0.149815165038625,7437,7437,0.00215321759641369,0.00107660879820683
0.179399797006536,0.148278424633944,7438,7438,0.00215321759641369,0.00107660879820687
0.180908032712957,0.149815165038625,7439,7439,0.00215321759641369,0.00107660879820683
0.179399797006536,0.148278424633944,7440,7440,0.00215321759641369,0.00107660879820687
0.180908032712957,0.149815165038625,7441,7441,0.00215321759641369,0.00107660879820683
0.179399797006536,0.148278424633944,7442,7442,0.00215321759641369,0.00107660879820687
0.180908032712957,0.149815165038625,7443,7443,0.00215321759641369,0.00107660879820683
0.179399797006536,0.148278424633944,7444,7444,0.00215321759641369,0.00107660879820687
0.180908032712957,0.149815165038625,7445,7445,0.00215321759641369,0.00107660879820683
0.179399797006536,0.148278424633944,7446,7446,0.00215321759641369,0.00107660879820687
0.180908032712957,0.149815165038625,7447,7447,0.00215321759641369,0.00107660879820683
0.179399797006536,0.148278424633944,7448,7448,0.00215321759641369,0.00107660879820687
0.180908032712957,0.149815165038625,7449,7449,0.00215321759641369,0.00107660879820683
0.179399797006536,0.148278424633944,7450,7450,0.00215321759641369,0.00107660879820687
0.180908032712957,0.149815165038625,7451,7451,0.00215321759641369,0.00107660879820683
0.179399797006536,0.148278424633944,7452,7452,0.00215321759641369,0.00107660879820687
0.180908032712957,0.149815165038625,7453,7453,0.00215321759641369,0.00107660879820683
0.179399797006536,0.148278424633944,7454,7454,0.00215321759641369,0.00107660879820687
0.180908032712957,0.149815165038625,7455,7455,0.00215321759641369,0.00107660879820683
0.179399797006536,0.148278424633944,7456,7456,0.00215321759641369,0.00107660879820687
0.180908032712957,0.149815165038625,7457,7457,0.00215321759641369,0.00107660879820683
0.179399797006536,0.148278424633944,7458,7458,0.00215321759641369,0.00107660879820687
0.180908032712957,0.149815165038625,7459,7459,0.00215321759641369,0.00107660879820683
0.179399797006536,0.148278424633944,7460,7460,0.00215321759641369,0.00107660879820687
0.180908032712957,0.149815165038625,7461,7461,0.00215321759641369,0.00107660879820683
0.179399797006536,0.148278424633944,7462,7462,0.00215321759641369,0.00107660879820687
0.180908032712957,0.149815165038625,7463,7463,0.00215321759641369,0.00107660879820683
0.179399797006536,0.148278424633944,7464,7464,0.00215321759641369,0.00107660879820687
0.180908032712957,0.149815165038625,7465,7465,0.00215321759641369,0.00107660879820683
0.179399797006536,0.148278424633944,7466,7466,0.00215321759641369,0.00107660879820687
0.180908032712957,0.149815165038625,7467,7467,0.00215321759641369,0.00107660879820683
0.179399797006536,0.148278424633944,7468,7468,0.00215321759641369,0.00107660879820687
0.180908032712957,0.149815165038625,7469,7469,0.00215321759641369,0.00107660879820683
0.179399797006536,0.148278424633944,7470,7470,0.00215321759641369,0.00107660879820687
0.180908032712957,0.149815165038625,7471,7471,0.00215321759641369,0.00107660879820683
0.179399797006536,0.148278424633944,7472,7472,0.00215321759641369,0.00107660879820687
0.180908032712957,0.149815165038625,7473,7473,0.00215321759641369,0.00107660879820683
0.179399797006536,0.148278424633944,7474,7474,0.00215321759641369,0.00107660879820687
0.180908032712957,0.149815165038625,7475,7475,0.00215321759641369,0.00107660879820683
0.179399797006536,0.148278424633944,7476,7476,0.00215321759641369,0.00107660879820687
0.180908032712957,0.149815165038625,7477,7477,0.00215321759641369,0.00107660879820683
0.179399797006536,0.148278424633944,7478,7478,0.00215321759641369,0.00107660879820687
0.180908032712957,0.149815165038625,7479,7479,0.00215321759641369,0.00107660879820683
0.179399797006536,0.148278424633944,7480,7480,0.00215321759641369,0.00107660879820687
0.180908032712957,0.149815165038625,7481,7481,0.00215321759641369,0.00107660879820683
0.179399797006536,0.148278424633944,7482,7482,0.00215321759641369,0.00107660879820687
0.180908032712957,0.149815165038625,7483,7483,0.00215321759641369,0.00107660879820683
0.179399797006536,0.148278424633944,7484,7484,0.00215321759641369,0.00107660879820687
0.180908032712957,0.149815165038625,7485,7485,0.00215321759641369,0.00107660879820683
0.179399797006536,0.148278424633944,7486,7486,0.00215321759641369,0.00107660879820687
0.180908032712957,0.149815165038625,7487,7487,0.00215321759641369,0.00107660879820683
0.179399797006536,0.148278424633944,7488,7488,0.00215321759641369,0.00107660879820687
0.180908032712957,0.149815165038625,7489,7489,0.00215321759641369,0.00107660879820683
0.179399797006536,0.148278424633944,7490,7490,0.00215321759641369,0.00107660879820687
0.180908032712957,0.149815165038625,7491,7491,0.00215321759641369,0.00107660879820683
0.179399797006536,0.148278424633944,7492,7492,0.00215321759641369,0.00107660879820687
0.180908032712957,0.149815165038625,7493,7493,0.00215321759641369,0.00107660879820683
0.179399797006536,0.148278424633944,7494,7494,0.00215321759641369,0.00107660879820687
0.180908032712957,0.149815165038625,7495,7495,0.00215321759641369,0.00107660879820683
0.179399797006536,0.148278424633944,7496,7496,0.00215321759641369,0.00107660879820687
0.180908032712957,0.149815165038625,7497,7497,0.00215321759641369,0.00107660879820683
0.179399797006536,0.148278424633944,7498,7498,0.00215321759641369,0.00107660879820687
0.180908032712957,0.149815165038625,7499,7499,0.00215321759641369,0.00107660879820683
0.179399797006536,0.148278424633944,7500,7500,0.00215321759641369,0.00107660879820687
0.180908032712957,0.149815165038625,7501,7501,0.00215321759641369,0.00107660879820683
0.179399797006536,0.148278424633944,7502,7502,0.00215321759641369,0.00107660879820687
0.180908032712957,0.149815165038625,7503,7503,0.00215321759641369,0.00107660879820683
0.179399797006536,0.148278424633944,7504,7504,0.00215321759641369,0.00107660879820687
0.180908032712957,0.149815165038625,7505,7505,0.00215321759641369,0.00107660879820683
0.179399797006536,0.148278424633944,7506,7506,0.00215321759641369,0.00107660879820687
0.180908032712957,0.149815165038625,7507,7507,0.00215321759641369,0.00107660879820683
0.179399797006536,0.148278424633944,7508,7508,0.00215321759641369,0.00107660879820687
0.180908032712957,0.149815165038625,7509,7509,0.00215321759641369,0.00107660879820683
0.179399797006536,0.148278424633944,7510,7510,0.00215321759641369,0.00107660879820687
0.180908032712957,0.149815165038625,7511,7511,0.00215321759641369,0.00107660879820683
0.179399797006536,0.148278424633944,7512,7512,0.00215321759641369,0.00107660879820687
0.180908032712957,0.149815165038625,7513,7513,0.00215321759641369,0.00107660879820683
0.179399797006536,0.148278424633944,7514,7514,0.00215321759641369,0.00107660879820687
0.180908032712957,0.149815165038625,7515,7515,0.00215321759641369,0.00107660879820683
0.179399797006536,0.148278424633944,7516,7516,0.00215321759641369,0.00107660879820687
0.180908032712957,0.149815165038625,7517,7517,0.00215321759641369,0.00107660879820683
0.179399797006536,0.148278424633944,7518,7518,0.00215321759641369,0.00107660879820687
0.180908032712957,0.149815165038625,7519,7519,0.00215321759641369,0.00107660879820683
0.179399797006536,0.148278424633944,7520,7520,0.00215321759641369,0.00107660879820687
0.180908032712957,0.149815165038625,7521,7521,0.00215321759641369,0.00107660879820683
0.179399797006536,0.148278424633944,7522,7522,0.00215321759641369,0.00107660879820687
0.180908032712957,0.149815165038625,7523,7523,0.00215321759641369,0.00107660879820683
0.179399797006536,0.148278424633944,7524,7524,0.00215321759641369,0.00107660879820687
0.180908032712957,0.149815165038625,7525,7525,0.00215321759641369,0.00107660879820683
0.179399797006536,0.148278424633944,7526,7526,0.00215321759641369,0.00107660879820687
0.180908032712957,0.149815165038625,7527,7527,0.00215321759641369,0.00107660879820683
0.179399797006536,0.148278424633944,7528,7528,0.00215321759641369,0.00107660879820687
0.180908032712957,0.149815165038625,7529,7529,0.00215321759641369,0.00107660879820683
0.179399797006536,0.148278424633944,7530,7530,0.00215321759641369,0.00107660879820687
0.180908032712957,0.149815165038625,7531,7531,0.00215321759641369,0.00107660879820683
0.179399797006536,0.148278424633944,7532,7532,0.00215321759641369,0.00107660879820687
0.180908032712957,0.149815165038625,7533,7533,0.00215321759641369,0.00107660879820683
0.179399797006536,0.148278424633944,7534,7534,0.00215321759641369,0.00107660879820687
0.180908032712957,0.149815165038625,7535,7535,0.00215321759641369,0.00107660879820683
0.179399797006536,0.148278424633944,7536,7536,0.00215321759641369,0.00107660879820687
0.180908032712957,0.149815165038625,7537,7537,0.00215321759641369,0.00107660879820683
0.179399797006536,0.148278424633944,7538,7538,0.00215321759641369,0.00107660879820687
0.180908032712957,0.149815165038625,7539,7539,0.00215321759641369,0.00107660879820683
0.179399797006536,0.148278424633944,7540,7540,0.00215321759641369,0.00107660879820687
0.180908032712957,0.149815165038625,7541,7541,0.00215321759641369,0.00107660879820683
0.179399797006536,0.148278424633944,7542,7542,0.00215321759641369,0.00107660879820687
0.180908032712957,0.149815165038625,7543,7543,0.00215321759641369,0.00107660879820683
0.179399797006536,0.148278424633944,7544,7544,0.00215321759641369,0.00107660879820687
0.180908032712957,0.149815165038625,7545,7545,0.00215321759641369,0.00107660879820683
0.179399797006536,0.148278424633944,7546,7546,0.00215321759641369,0.00107660879820687
0.180908032712957,0.149815165038625,7547,7547,0.00215321759641369,0.00107660879820683
0.179399797006536,0.148278424633944,7548,7548,0.00215321759641369,0.00107660879820687
0.180908032712957,0.149815165038625,7549,7549,0.00215321759641369,0.00107660879820683
0.179399797006536,0.148278424633944,7550,7550,0.00215321759641369,0.00107660879820687
0.180908032712957,0.149815165038625,7551,7551,0.00215321759641369,0.00107660879820683
0.179399797006536,0.148278424633944,7552,7552,0.00215321759641369,0.00107660879820687
0.180908032712957,0.149815165038625,7553,7553,0.00215321759641369,0.00107660879820683
0.179399797006536,0.148278424633944,7554,7554,0.00215321759641369,0.00107660879820687
0.180908032712957,0.149815165038625,7555,7555,0.00215321759641369,0.00107660879820683
0.179399797006536,0.148278424633944,7556,7556,0.00215321759641369,0.00107660879820687
0.180908032712957,0.149815165038625,7557,7557,0.00215321759641369,0.00107660879820683
0.179399797006536,0.148278424633944,7558,7558,0.00215321759641369,0.00107660879820687
0.180908032712957,0.149815165038625,7559,7559,0.00215321759641369,0.00107660879820683
0.179399797006536,0.148278424633944,7560,7560,0.00215321759641369,0.00107660879820687
0.180908032712957,0.149815165038625,7561,7561,0.00215321759641369,0.00107660879820683
0.179399797006536,0.148278424633944,7562,7562,0.00215321759641369,0.00107660879820687
0.180908032712957,0.149815165038625,7563,7563,0.00215321759641369,0.00107660879820683
0.179399797006536,0.148278424633944,7564,7564,0.00215321759641369,0.00107660879820687
0.180908032712957,0.149815165038625,7565,7565,0.00215321759641369,0.00107660879820683
0.179399797006536,0.148278424633944,7566,7566,0.00215321759641369,0.00107660879820687
0.180908032712957,0.149815165038625,7567,7567,0.00215321759641369,0.00107660879820683
0.179399797006536,0.148278424633944,7568,7568,0.00215321759641369,0.00107660879820687
0.180908032712957,0.149815165038625,7569,7569,0.00215321759641369,0.00107660879820683
0.179399797006536,0.148278424633944,7570,7570,0.00215321759641369,0.00107660879820687
0.180908032712957,0.149815165038625,7571,7571,0.00215321759641369,0.00107660879820683
0.179399797006536,0.148278424633944,7572,7572,0.00215321759641369,0.00107660879820687
0.180908032712957,0.149815165038625,7573,7573,0.00215321759641369,0.00107660879820683
0.179399797006536,0.148278424633944,7574,7574,0.00215321759641369,0.00107660879820687
0.180908032712957,0.149815165038625,7575,7575,0.00215321759641369,0.00107660879820683
0.179399797006536,0.148278424633944,7576,7576,0.00215321759641369,0.00107660879820687
0.180908032712957,0.149815165038625,7577,7577,0.00215321759641369,0.00107660879820683
0.179399797006536,0.148278424633944,7578,7578,0.00215321759641369,0.00107660879820687
0.180908032712957,0.149815165038625,7579,7579,0.00215321759641369,0.00107660879820683
0.179399797006536,0.148278424633944,7580,7580,0.00215321759641369,0.00107660879820687
0.180908032712957,0.149815165038625,7581,7581,0.00215321759641369,0.00107660879820683
0.179399797006536,0.148278424633944,7582,7582,0.00215321759641369,0.00107660879820687
0.180908032712957,0.149815165038625,7583,7583,0.00215321759641369,0.00107660879820683
0.179399797006536,0.148278424633944,7584,7584,0.00215321759641369,0.00107660879820687
0.180908032712957,0.149815165038625,7585,7585,0.00215321759641369,0.00107660879820683
0.179399797006536,0.148278424633944,7586,7586,0.00215321759641369,0.00107660879820687
0.180908032712957,0.149815165038625,7587,7587,0.00215321759641369,0.00107660879820683
0.179399797006536,0.148278424633944,7588,7588,0.00215321759641369,0.00107660879820687
0.180908032712957,0.149815165038625,7589,7589,0.00215321759641369,0.00107660879820683
0.179399797006536,0.148278424633944,7590,7590,0.00215321759641369,0.00107660879820687
0.180908032712957,0.149815165038625,7591,7591,0.00215321759641369,0.00107660879820683
0.179399797006536,0.148278424633944,7592,7592,0.00215321759641369,0.00107660879820687
0.180908032712957,0.149815165038625,7593,7593,0.00215321759641369,0.00107660879820683
0.179399797006536,0.148278424633944,7594,7594,0.00215321759641369,0.00107660879820687
0.180908032712957,0.149815165038625,7595,7595,0.00215321759641369,0.00107660879820683
0.179399797006536,0.148278424633944,7596,7596,0.00215321759641369,0.00107660879820687
0.180908032712957,0.149815165038625,7597,7597,0.00215321759641369,0.00107660879820683
0.179399797006536,0.148278424633944,7598,7598,0.00215321759641369,0.00107660879820687
0.180908032712957,0.149815165038625,7599,7599,0.00215321759641369,0.00107660879820683
0.179399797006536,0.148278424633944,7600,7600,0.00215321759641369,0.00107660879820687
0.180908032712957,0.149815165038625,7601,7601,0.00215321759641369,0.00107660879820683
0.179399797006536,0.148278424633944,7602,7602,0.00215321759641369,0.00107660879820687
0.180908032712957,0.149815165038625,7603,7603,0.00215321759641369,0.00107660879820683
0.179399797006536,0.148278424633944,7604,7604,0.00215321759641369,0.00107660879820687
0.180908032712957,0.149815165038625,7605,7605,0.00215321759641369,0.00107660879820683
0.179399797006536,0.148278424633944,7606,7606,0.00215321759641369,0.00107660879820687
0.180908032712957,0.149815165038625,7607,7607,0.00215321759641369,0.00107660879820683
0.179399797006536,0.148278424633944,7608,7608,0.00215321759641369,0.00107660879820687
0.180908032712957,0.149815165038625,7609,7609,0.00215321759641369,0.00107660879820683
0.179399797006536,0.148278424633944,7610,7610,0.00215321759641369,0.00107660879820687
0.180908032712957,0.149815165038625,7611,7611,0.00215321759641369,0.00107660879820683
0.179399797006536,0.148278424633944,7612,7612,0.00215321759641369,0.00107660879820687
0.180908032712957,0.149815165038625,7613,7613,0.00215321759641369,0.00107660879820683
0.179399797006536,0.148278424633944,7614,7614,0.00215321759641369,0.00107660879820687
0.180908032712957,0.149815165038625,7615,7615,0.00215321759641369,0.00107660879820683
0.179399797006536,0.148278424633944,7616,7616,0.00215321759641369,0.00107660879820687
0.180908032712957,0.149815165038625,7617,7617,0.00215321759641369,0.00107660879820683
0.179399797006536,0.148278424633944,7618,7618,0.00215321759641369,0.00107660879820687
0.180908032712957,0.149815165038625,7619,7619,0.00215321759641369,0.00107660879820683
0.179399797006536,0.148278424633944,7620,7620,0.00215321759641369,0.00107660879820687
0.180908032712957,0.149815165038625,7621,7621,0.00215321759641369,0.00107660879820683
0.179399797006536,0.148278424633944,7622,7622,0.00215321759641369,0.00107660879820687
0.180908032712957,0.149815165038625,7623,7623,0.00215321759641369,0.00107660879820683
0.179399797006536,0.148278424633944,7624,7624,0.00215321759641369,0.00107660879820687
0.180908032712957,0.149815165038625,7625,7625,0.00215321759641369,0.00107660879820683
0.179399797006536,0.148278424633944,7626,7626,0.00215321759641369,0.00107660879820687
0.180908032712957,0.149815165038625,7627,7627,0.00215321759641369,0.00107660879820683
0.179399797006536,0.148278424633944,7628,7628,0.00215321759641369,0.00107660879820687
0.180908032712957,0.149815165038625,7629,7629,0.00215321759641369,0.00107660879820683
0.179399797006536,0.148278424633944,7630,7630,0.00215321759641369,0.00107660879820687
0.180908032712957,0.149815165038625,7631,7631,0.00215321759641369,0.00107660879820683
0.179399797006536,0.148278424633944,7632,7632,0.00215321759641369,0.00107660879820687
0.180908032712957,0.149815165038625,7633,7633,0.00215321759641369,0.00107660879820683
0.179399797006536,0.148278424633944,7634,7634,0.00215321759641369,0.00107660879820687
0.180908032712957,0.149815165038625,7635,7635,0.00215321759641369,0.00107660879820683
0.179399797006536,0.148278424633944,7636,7636,0.00215321759641369,0.00107660879820687
0.180908032712957,0.149815165038625,7637,7637,0.00215321759641369,0.00107660879820683
0.179399797006536,0.148278424633944,7638,7638,0.00215321759641369,0.00107660879820687
0.180908032712957,0.149815165038625,7639,7639,0.00215321759641369,0.00107660879820683
0.179399797006536,0.148278424633944,7640,7640,0.00215321759641369,0.00107660879820687
0.180908032712957,0.149815165038625,7641,7641,0.00215321759641369,0.00107660879820683
0.179399797006536,0.148278424633944,7642,7642,0.00215321759641369,0.00107660879820687
0.180908032712957,0.149815165038625,7643,7643,0.00215321759641369,0.00107660879820683
0.179399797006536,0.148278424633944,7644,7644,0.00215321759641369,0.00107660879820687
0.180908032712957,0.149815165038625,7645,7645,0.00215321759641369,0.00107660879820683
0.179399797006536,0.148278424633944,7646,7646,0.00215321759641369,0.00107660879820687
0.180908032712957,0.149815165038625,7647,7647,0.00215321759641369,0.00107660879820683
0.179399797006536,0.148278424633944,7648,7648,0.00215321759641369,0.00107660879820687
0.180908032712957,0.149815165038625,7649,7649,0.00215321759641369,0.00107660879820683
0.179399797006536,0.148278424633944,7650,7650,0.00215321759641369,0.00107660879820687
0.180908032712957,0.149815165038625,7651,7651,0.00215321759641369,0.00107660879820683
0.179399797006536,0.148278424633944,7652,7652,0.00215321759641369,0.00107660879820687
0.180908032712957,0.149815165038625,7653,7653,0.00215321759641369,0.00107660879820683
0.179399797006536,0.148278424633944,7654,7654,0.00215321759641369,0.00107660879820687
0.180908032712957,0.149815165038625,7655,7655,0.00215321759641369,0.00107660879820683
0.179399797006536,0.148278424633944,7656,7656,0.00215321759641369,0.00107660879820687
0.180908032712957,0.149815165038625,7657,7657,0.00215321759641369,0.00107660879820683
0.179399797006536,0.148278424633944,7658,7658,0.00215321759641369,0.00107660879820687
0.180908032712957,0.149815165038625,7659,7659,0.00215321759641369,0.00107660879820683
0.179399797006536,0.148278424633944,7660,7660,0.00215321759641369,0.00107660879820687
0.180908032712957,0.149815165038625,7661,7661,0.00215321759641369,0.00107660879820683
0.179399797006536,0.148278424633944,7662,7662,0.00215321759641369,0.00107660879820687
0.180908032712957,0.149815165038625,7663,7663,0.00215321759641369,0.00107660879820683
0.179399797006536,0.148278424633944,7664,7664,0.00215321759641369,0.00107660879820687
0.180908032712957,0.149815165038625,7665,7665,0.00215321759641369,0.00107660879820683
0.179399797006536,0.148278424633944,7666,7666,0.00215321759641369,0.00107660879820687
0.180908032712957,0.149815165038625,7667,7667,0.00215321759641369,0.00107660879820683
0.179399797006536,0.148278424633944,7668,7668,0.00215321759641369,0.00107660879820687
0.180908032712957,0.149815165038625,7669,7669,0.00215321759641369,0.00107660879820683
0.179399797006536,0.148278424633944,7670,7670,0.00215321759641369,0.00107660879820687
0.180908032712957,0.149815165038625,7671,7671,0.00215321759641369,0.00107660879820683
0.179399797006536,0.148278424633944,7672,7672,0.00215321759641369,0.00107660879820687
0.180908032712957,0.149815165038625,7673,7673,0.00215321759641369,0.00107660879820683
0.179399797006536,0.148278424633944,7674,7674,0.00215321759641369,0.00107660879820687
0.180908032712957,0.149815165038625,7675,7675,0.00215321759641369,0.00107660879820683
0.179399797006536,0.148278424633944,7676,7676,0.00215321759641369,0.00107660879820687
0.180908032712957,0.149815165038625,7677,7677,0.00215321759641369,0.00107660879820683
0.179399797006536,0.148278424633944,7678,7678,0.00215321759641369,0.00107660879820687
0.180908032712957,0.149815165038625,7679,7679,0.00215321759641369,0.00107660879820683
0.179399797006536,0.148278424633944,7680,7680,0.00215321759641369,0.00107660879820687
0.180908032712957,0.149815165038625,7681,7681,0.00215321759641369,0.00107660879820683
0.179399797006536,0.148278424633944,7682,7682,0.00215321759641369,0.00107660879820687
0.180908032712957,0.149815165038625,7683,7683,0.00215321759641369,0.00107660879820683
0.179399797006536,0.148278424633944,7684,7684,0.00215321759641369,0.00107660879820687
0.180908032712957,0.149815165038625,7685,7685,0.00215321759641369,0.00107660879820683
0.179399797006536,0.148278424633944,7686,7686,0.00215321759641369,0.00107660879820687
0.180908032712957,0.149815165038625,7687,7687,0.00215321759641369,0.00107660879820683
0.179399797006536,0.148278424633944,7688,7688,0.00215321759641369,0.00107660879820687
0.180908032712957,0.149815165038625,7689,7689,0.00215321759641369,0.00107660879820683
0.179399797006536,0.148278424633944,7690,7690,0.00215321759641369,0.00107660879820687
0.180908032712957,0.149815165038625,7691,7691,0.00215321759641369,0.00107660879820683
0.179399797006536,0.148278424633944,7692,7692,0.00215321759641369,0.00107660879820687
0.180908032712957,0.149815165038625,7693,7693,0.00215321759641369,0.00107660879820683
0.179399797006536,0.148278424633944,7694,7694,0.00215321759641369,0.00107660879820687
0.180908032712957,0.149815165038625,7695,7695,0.00215321759641369,0.00107660879820683
0.179399797006536,0.148278424633944,7696,7696,0.00215321759641369,0.00107660879820687
0.180908032712957,0.149815165038625,7697,7697,0.00215321759641369,0.00107660879820683
0.179399797006536,0.148278424633944,7698,7698,0.00215321759641369,0.00107660879820687
0.180908032712957,0.149815165038625,7699,7699,0.00215321759641369,0.00107660879820683
0.179399797006536,0.148278424633944,7700,7700,0.00215321759641369,0.00107660879820687
0.180908032712957,0.149815165038625,7701,7701,0.00215321759641369,0.00107660879820683
0.179399797006536,0.148278424633944,7702,7702,0.00215321759641369,0.00107660879820687
0.180908032712957,0.149815165038625,7703,7703,0.00215321759641369,0.00107660879820683
0.179399797006536,0.148278424633944,7704,7704,0.00215321759641369,0.00107660879820687
0.180908032712957,0.149815165038625,7705,7705,0.00215321759641369,0.00107660879820683
0.179399797006536,0.148278424633944,7706,7706,0.00215321759641369,0.00107660879820687
0.180908032712957,0.149815165038625,7707,7707,0.00215321759641369,0.00107660879820683
0.179399797006536,0.148278424633944,7708,7708,0.00215321759641369,0.00107660879820687
0.180908032712957,0.149815165038625,7709,7709,0.00215321759641369,0.00107660879820683
0.179399797006536,0.148278424633944,7710,7710,0.00215321759641369,0.00107660879820687
0.180908032712957,0.149815165038625,7711,7711,0.00215321759641369,0.00107660879820683
0.179399797006536,0.148278424633944,7712,7712,0.00215321759641369,0.00107660879820687
0.180908032712957,0.149815165038625,7713,7713,0.00215321759641369,0.00107660879820683
0.179399797006536,0.148278424633944,7714,7714,0.00215321759641369,0.00107660879820687
0.180908032712957,0.149815165038625,7715,7715,0.00215321759641369,0.00107660879820683
0.179399797006536,0.148278424633944,7716,7716,0.00215321759641369,0.00107660879820687
0.180908032712957,0.149815165038625,7717,7717,0.00215321759641369,0.00107660879820683
0.179399797006536,0.148278424633944,7718,7718,0.00215321759641369,0.00107660879820687
0.180908032712957,0.149815165038625,7719,7719,0.00215321759641369,0.00107660879820683
0.179399797006536,0.148278424633944,7720,7720,0.00215321759641369,0.00107660879820687
0.180908032712957,0.149815165038625,7721,7721,0.00215321759641369,0.00107660879820683
0.179399797006536,0.148278424633944,7722,7722,0.00215321759641369,0.00107660879820687
0.180908032712957,0.149815165038625,7723,7723,0.00215321759641369,0.00107660879820683
0.179399797006536,0.148278424633944,7724,7724,0.00215321759641369,0.00107660879820687
0.180908032712957,0.149815165038625,7725,7725,0.00215321759641369,0.00107660879820683
0.179399797006536,0.148278424633944,7726,7726,0.00215321759641369,0.00107660879820687
0.180908032712957,0.149815165038625,7727,7727,0.00215321759641369,0.00107660879820683
0.179399797006536,0.148278424633944,7728,7728,0.00215321759641369,0.00107660879820687
0.180908032712957,0.149815165038625,7729,7729,0.00215321759641369,0.00107660879820683
0.179399797006536,0.148278424633944,7730,7730,0.00215321759641369,0.00107660879820687
0.180908032712957,0.149815165038625,7731,7731,0.00215321759641369,0.00107660879820683
0.179399797006536,0.148278424633944,7732,7732,0.00215321759641369,0.00107660879820687
0.180908032712957,0.149815165038625,7733,7733,0.00215321759641369,0.00107660879820683
0.179399797006536,0.148278424633944,7734,7734,0.00215321759641369,0.00107660879820687
0.180908032712957,0.149815165038625,7735,7735,0.00215321759641369,0.00107660879820683
0.179399797006536,0.148278424633944,7736,7736,0.00215321759641369,0.00107660879820687
0.180908032712957,0.149815165038625,7737,7737,0.00215321759641369,0.00107660879820683
0.179399797006536,0.148278424633944,7738,7738,0.00215321759641369,0.00107660879820687
0.180908032712957,0.149815165038625,7739,7739,0.00215321759641369,0.00107660879820683
0.179399797006536,0.148278424633944,7740,7740,0.00215321759641369,0.00107660879820687
0.180908032712957,0.149815165038625,7741,7741,0.00215321759641369,0.00107660879820683
0.179399797006536,0.148278424633944,7742,7742,0.00215321759641369,0.00107660879820687
0.180908032712957,0.149815165038625,7743,7743,0.00215321759641369,0.00107660879820683
0.179399797006536,0.148278424633944,7744,7744,0.00215321759641369,0.00107660879820687
0.180908032712957,0.149815165038625,7745,7745,0.00215321759641369,0.00107660879820683
0.179399797006536,0.148278424633944,7746,7746,0.00215321759641369,0.00107660879820687
0.180908032712957,0.149815165038625,7747,7747,0.00215321759641369,0.00107660879820683
0.179399797006536,0.148278424633944,7748,7748,0.00215321759641369,0.00107660879820687
0.180908032712957,0.149815165038625,7749,7749,0.00215321759641369,0.00107660879820683
0.179399797006536,0.148278424633944,7750,7750,0.00215321759641369,0.00107660879820687
0.180908032712957,0.149815165038625,7751,7751,0.00215321759641369,0.00107660879820683
0.179399797006536,0.148278424633944,7752,7752,0.00215321759641369,0.00107660879820687
0.180908032712957,0.149815165038625,7753,7753,0.00215321759641369,0.00107660879820683
0.179399797006536,0.148278424633944,7754,7754,0.00215321759641369,0.00107660879820687
0.180908032712957,0.149815165038625,7755,7755,0.00215321759641369,0.00107660879820683
0.179399797006536,0.148278424633944,7756,7756,0.00215321759641369,0.00107660879820687
0.180908032712957,0.149815165038625,7757,7757,0.00215321759641369,0.00107660879820683
0.179399797006536,0.148278424633944,7758,7758,0.00215321759641369,0.00107660879820687
0.180908032712957,0.149815165038625,7759,7759,0.00215321759641369,0.00107660879820683
0.179399797006536,0.148278424633944,7760,7760,0.00215321759641369,0.00107660879820687
0.180908032712957,0.149815165038625,7761,7761,0.00215321759641369,0.00107660879820683
0.179399797006536,0.148278424633944,7762,7762,0.00215321759641369,0.00107660879820687
0.180908032712957,0.149815165038625,7763,7763,0.00215321759641369,0.00107660879820683
0.179399797006536,0.148278424633944,7764,7764,0.00215321759641369,0.00107660879820687
0.180908032712957,0.149815165038625,7765,7765,0.00215321759641369,0.00107660879820683
0.179399797006536,0.148278424633944,7766,7766,0.00215321759641369,0.00107660879820687
0.180908032712957,0.149815165038625,7767,7767,0.00215321759641369,0.00107660879820683
0.179399797006536,0.148278424633944,7768,7768,0.00215321759641369,0.00107660879820687
0.180908032712957,0.149815165038625,7769,7769,0.00215321759641369,0.00107660879820683
0.179399797006536,0.148278424633944,7770,7770,0.00215321759641369,0.00107660879820687
0.180908032712957,0.149815165038625,7771,7771,0.00215321759641369,0.00107660879820683
0.179399797006536,0.148278424633944,7772,7772,0.00215321759641369,0.00107660879820687
0.180908032712957,0.149815165038625,7773,7773,0.00215321759641369,0.00107660879820683
0.179399797006536,0.148278424633944,7774,7774,0.00215321759641369,0.00107660879820687
0.180908032712957,0.149815165038625,7775,7775,0.00215321759641369,0.00107660879820683
0.179399797006536,0.148278424633944,7776,7776,0.00215321759641369,0.00107660879820687
0.180908032712957,0.149815165038625,7777,7777,0.00215321759641369,0.00107660879820683
0.179399797006536,0.148278424633944,7778,7778,0.00215321759641369,0.00107660879820687
0.180908032712957,0.149815165038625,7779,7779,0.00215321759641369,0.00107660879820683
0.179399797006536,0.148278424633944,7780,7780,0.00215321759641369,0.00107660879820687
0.180908032712957,0.149815165038625,7781,7781,0.00215321759641369,0.00107660879820683
0.179399797006536,0.148278424633944,7782,7782,0.00215321759641369,0.00107660879820687
0.180908032712957,0.149815165038625,7783,7783,0.00215321759641369,0.00107660879820683
0.179399797006536,0.148278424633944,7784,7784,0.00215321759641369,0.00107660879820687
0.180908032712957,0.149815165038625,7785,7785,0.00215321759641369,0.00107660879820683
0.179399797006536,0.148278424633944,7786,7786,0.00215321759641369,0.00107660879820687
0.180908032712957,0.149815165038625,7787,7787,0.00215321759641369,0.00107660879820683
0.179399797006536,0.148278424633944,7788,7788,0.00215321759641369,0.00107660879820687
0.180908032712957,0.149815165038625,7789,7789,0.00215321759641369,0.00107660879820683
0.179399797006536,0.148278424633944,7790,7790,0.00215321759641369,0.00107660879820687
0.180908032712957,0.149815165038625,7791,7791,0.00215321759641369,0.00107660879820683
0.179399797006536,0.148278424633944,7792,7792,0.00215321759641369,0.00107660879820687
0.180908032712957,0.149815165038625,7793,7793,0.00215321759641369,0.00107660879820683
0.179399797006536,0.148278424633944,7794,7794,0.00215321759641369,0.00107660879820687
0.180908032712957,0.149815165038625,7795,7795,0.00215321759641369,0.00107660879820683
0.179399797006536,0.148278424633944,7796,7796,0.00215321759641369,0.00107660879820687
0.180908032712957,0.149815165038625,7797,7797,0.00215321759641369,0.00107660879820683
0.179399797006536,0.148278424633944,7798,7798,0.00215321759641369,0.00107660879820687
0.180908032712957,0.149815165038625,7799,7799,0.00215321759641369,0.00107660879820683
0.179399797006536,0.148278424633944,7800,7800,0.00215321759641369,0.00107660879820687
0.180908032712957,0.149815165038625,7801,7801,0.00215321759641369,0.00107660879820683
0.179399797006536,0.148278424633944,7802,7802,0.00215321759641369,0.00107660879820687
0.180908032712957,0.149815165038625,7803,7803,0.00215321759641369,0.00107660879820683
0.179399797006536,0.148278424633944,7804,7804,0.00215321759641369,0.00107660879820687
0.180908032712957,0.149815165038625,7805,7805,0.00215321759641369,0.00107660879820683
0.179399797006536,0.148278424633944,7806,7806,0.00215321759641369,0.00107660879820687
0.180908032712957,0.149815165038625,7807,7807,0.00215321759641369,0.00107660879820683
0.179399797006536,0.148278424633944,7808,7808,0.00215321759641369,0.00107660879820687
0.180908032712957,0.149815165038625,7809,7809,0.00215321759641369,0.00107660879820683
0.179399797006536,0.148278424633944,7810,7810,0.00215321759641369,0.00107660879820687
0.180908032712957,0.149815165038625,7811,7811,0.00215321759641369,0.00107660879820683
0.179399797006536,0.148278424633944,7812,7812,0.00215321759641369,0.00107660879820687
0.180908032712957,0.149815165038625,7813,7813,0.00215321759641369,0.00107660879820683
0.179399797006536,0.148278424633944,7814,7814,0.00215321759641369,0.00107660879820687
0.180908032712957,0.149815165038625,7815,7815,0.00215321759641369,0.00107660879820683
0.179399797006536,0.148278424633944,7816,7816,0.00215321759641369,0.00107660879820687
0.180908032712957,0.149815165038625,7817,7817,0.00215321759641369,0.00107660879820683
0.179399797006536,0.148278424633944,7818,7818,0.00215321759641369,0.00107660879820687
0.180908032712957,0.149815165038625,7819,7819,0.00215321759641369,0.00107660879820683
0.179399797006536,0.148278424633944,7820,7820,0.00215321759641369,0.00107660879820687
0.180908032712957,0.149815165038625,7821,7821,0.00215321759641369,0.00107660879820683
0.179399797006536,0.148278424633944,7822,7822,0.00215321759641369,0.00107660879820687
0.180908032712957,0.149815165038625,7823,7823,0.00215321759641369,0.00107660879820683
0.179399797006536,0.148278424633944,7824,7824,0.00215321759641369,0.00107660879820687
0.180908032712957,0.149815165038625,7825,7825,0.00215321759641369,0.00107660879820683
0.179399797006536,0.148278424633944,7826,7826,0.00215321759641369,0.00107660879820687
0.180908032712957,0.149815165038625,7827,7827,0.00215321759641369,0.00107660879820683
0.179399797006536,0.148278424633944,7828,7828,0.00215321759641369,0.00107660879820687
0.180908032712957,0.149815165038625,7829,7829,0.00215321759641369,0.00107660879820683
0.179399797006536,0.148278424633944,7830,7830,0.00215321759641369,0.00107660879820687
0.180908032712957,0.149815165038625,7831,7831,0.00215321759641369,0.00107660879820683
0.179399797006536,0.148278424633944,7832,7832,0.00215321759641369,0.00107660879820687
0.180908032712957,0.149815165038625,7833,7833,0.00215321759641369,0.00107660879820683
0.179399797006536,0.148278424633944,7834,7834,0.00215321759641369,0.00107660879820687
0.180908032712957,0.149815165038625,7835,7835,0.00215321759641369,0.00107660879820683
0.179399797006536,0.148278424633944,7836,7836,0.00215321759641369,0.00107660879820687
0.180908032712957,0.149815165038625,7837,7837,0.00215321759641369,0.00107660879820683
0.179399797006536,0.148278424633944,7838,7838,0.00215321759641369,0.00107660879820687
0.180908032712957,0.149815165038625,7839,7839,0.00215321759641369,0.00107660879820683
0.179399797006536,0.148278424633944,7840,7840,0.00215321759641369,0.00107660879820687
0.180908032712957,0.149815165038625,7841,7841,0.00215321759641369,0.00107660879820683
0.179399797006536,0.148278424633944,7842,7842,0.00215321759641369,0.00107660879820687
0.180908032712957,0.149815165038625,7843,7843,0.00215321759641369,0.00107660879820683
0.179399797006536,0.148278424633944,7844,7844,0.00215321759641369,0.00107660879820687
0.180908032712957,0.149815165038625,7845,7845,0.00215321759641369,0.00107660879820683
0.179399797006536,0.148278424633944,7846,7846,0.00215321759641369,0.00107660879820687
0.180908032712957,0.149815165038625,7847,7847,0.00215321759641369,0.00107660879820683
0.179399797006536,0.148278424633944,7848,7848,0.00215321759641369,0.00107660879820687
0.180908032712957,0.149815165038625,7849,7849,0.00215321759641369,0.00107660879820683
0.179399797006536,0.148278424633944,7850,7850,0.00215321759641369,0.00107660879820687
0.180908032712957,0.149815165038625,7851,7851,0.00215321759641369,0.00107660879820683
0.179399797006536,0.148278424633944,7852,7852,0.00215321759641369,0.00107660879820687
0.180908032712957,0.149815165038625,7853,7853,0.00215321759641369,0.00107660879820683
0.179399797006536,0.148278424633944,7854,7854,0.00215321759641369,0.00107660879820687
0.180908032712957,0.149815165038625,7855,7855,0.00215321759641369,0.00107660879820683
0.179399797006536,0.148278424633944,7856,7856,0.00215321759641369,0.00107660879820687
0.180908032712957,0.149815165038625,7857,7857,0.00215321759641369,0.00107660879820683
0.179399797006536,0.148278424633944,7858,7858,0.00215321759641369,0.00107660879820687
0.180908032712957,0.149815165038625,7859,7859,0.00215321759641369,0.00107660879820683
0.179399797006536,0.148278424633944,7860,7860,0.00215321759641369,0.00107660879820687
0.180908032712957,0.149815165038625,7861,7861,0.00215321759641369,0.00107660879820683
0.179399797006536,0.148278424633944,7862,7862,0.00215321759641369,0.00107660879820687
0.180908032712957,0.149815165038625,7863,7863,0.00215321759641369,0.00107660879820683
0.179399797006536,0.148278424633944,7864,7864,0.00215321759641369,0.00107660879820687
0.180908032712957,0.149815165038625,7865,7865,0.00215321759641369,0.00107660879820683
0.179399797006536,0.148278424633944,7866,7866,0.00215321759641369,0.00107660879820687
0.180908032712957,0.149815165038625,7867,7867,0.00215321759641369,0.00107660879820683
0.179399797006536,0.148278424633944,7868,7868,0.00215321759641369,0.00107660879820687
0.180908032712957,0.149815165038625,7869,7869,0.00215321759641369,0.00107660879820683
0.179399797006536,0.148278424633944,7870,7870,0.00215321759641369,0.00107660879820687
0.180908032712957,0.149815165038625,7871,7871,0.00215321759641369,0.00107660879820683
0.179399797006536,0.148278424633944,7872,7872,0.00215321759641369,0.00107660879820687
0.180908032712957,0.149815165038625,7873,7873,0.00215321759641369,0.00107660879820683
0.179399797006536,0.148278424633944,7874,7874,0.00215321759641369,0.00107660879820687
0.180908032712957,0.149815165038625,7875,7875,0.00215321759641369,0.00107660879820683
0.179399797006536,0.148278424633944,7876,7876,0.00215321759641369,0.00107660879820687
0.180908032712957,0.149815165038625,7877,7877,0.00215321759641369,0.00107660879820683
0.179399797006536,0.148278424633944,7878,7878,0.00215321759641369,0.00107660879820687
0.180908032712957,0.149815165038625,7879,7879,0.00215321759641369,0.00107660879820683
0.179399797006536,0.148278424633944,7880,7880,0.00215321759641369,0.00107660879820687
0.180908032712957,0.149815165038625,7881,7881,0.00215321759641369,0.00107660879820683
0.179399797006536,0.148278424633944,7882,7882,0.00215321759641369,0.00107660879820687
0.180908032712957,0.149815165038625,7883,7883,0.00215321759641369,0.00107660879820683
0.179399797006536,0.148278424633944,7884,7884,0.00215321759641369,0.00107660879820687
0.180908032712957,0.149815165038625,7885,7885,0.00215321759641369,0.00107660879820683
0.179399797006536,0.148278424633944,7886,7886,0.00215321759641369,0.00107660879820687
0.180908032712957,0.149815165038625,7887,7887,0.00215321759641369,0.00107660879820683
0.179399797006536,0.148278424633944,7888,7888,0.00215321759641369,0.00107660879820687
0.180908032712957,0.149815165038625,7889,7889,0.00215321759641369,0.00107660879820683
0.179399797006536,0.148278424633944,7890,7890,0.00215321759641369,0.00107660879820687
0.180908032712957,0.149815165038625,7891,7891,0.00215321759641369,0.00107660879820683
0.179399797006536,0.148278424633944,7892,7892,0.00215321759641369,0.00107660879820687
0.180908032712957,0.149815165038625,7893,7893,0.00215321759641369,0.00107660879820683
0.179399797006536,0.148278424633944,7894,7894,0.00215321759641369,0.00107660879820687
0.180908032712957,0.149815165038625,7895,7895,0.00215321759641369,0.00107660879820683
0.179399797006536,0.148278424633944,7896,7896,0.00215321759641369,0.00107660879820687
0.180908032712957,0.149815165038625,7897,7897,0.00215321759641369,0.00107660879820683
0.179399797006536,0.148278424633944,7898,7898,0.00215321759641369,0.00107660879820687
0.180908032712957,0.149815165038625,7899,7899,0.00215321759641369,0.00107660879820683
0.179399797006536,0.148278424633944,7900,7900,0.00215321759641369,0.00107660879820687
0.180908032712957,0.149815165038625,7901,7901,0.00215321759641369,0.00107660879820683
0.179399797006536,0.148278424633944,7902,7902,0.00215321759641369,0.00107660879820687
0.180908032712957,0.149815165038625,7903,7903,0.00215321759641369,0.00107660879820683
0.179399797006536,0.148278424633944,7904,7904,0.00215321759641369,0.00107660879820687
0.180908032712957,0.149815165038625,7905,7905,0.00215321759641369,0.00107660879820683
0.179399797006536,0.148278424633944,7906,7906,0.00215321759641369,0.00107660879820687
0.180908032712957,0.149815165038625,7907,7907,0.00215321759641369,0.00107660879820683
0.179399797006536,0.148278424633944,7908,7908,0.00215321759641369,0.00107660879820687
0.180908032712957,0.149815165038625,7909,7909,0.00215321759641369,0.00107660879820683
0.179399797006536,0.148278424633944,7910,7910,0.00215321759641369,0.00107660879820687
0.180908032712957,0.149815165038625,7911,7911,0.00215321759641369,0.00107660879820683
0.179399797006536,0.148278424633944,7912,7912,0.00215321759641369,0.00107660879820687
0.180908032712957,0.149815165038625,7913,7913,0.00215321759641369,0.00107660879820683
0.179399797006536,0.148278424633944,7914,7914,0.00215321759641369,0.00107660879820687
0.180908032712957,0.149815165038625,7915,7915,0.00215321759641369,0.00107660879820683
0.179399797006536,0.148278424633944,7916,7916,0.00215321759641369,0.00107660879820687
0.180908032712957,0.149815165038625,7917,7917,0.00215321759641369,0.00107660879820683
0.179399797006536,0.148278424633944,7918,7918,0.00215321759641369,0.00107660879820687
0.180908032712957,0.149815165038625,7919,7919,0.00215321759641369,0.00107660879820683
0.179399797006536,0.148278424633944,7920,7920,0.00215321759641369,0.00107660879820687
0.180908032712957,0.149815165038625,7921,7921,0.00215321759641369,0.00107660879820683
0.179399797006536,0.148278424633944,7922,7922,0.00215321759641369,0.00107660879820687
0.180908032712957,0.149815165038625,7923,7923,0.00215321759641369,0.00107660879820683
0.179399797006536,0.148278424633944,7924,7924,0.00215321759641369,0.00107660879820687
0.180908032712957,0.149815165038625,7925,7925,0.00215321759641369,0.00107660879820683
0.179399797006536,0.148278424633944,7926,7926,0.00215321759641369,0.00107660879820687
0.180908032712957,0.149815165038625,7927,7927,0.00215321759641369,0.00107660879820683
0.179399797006536,0.148278424633944,7928,7928,0.00215321759641369,0.00107660879820687
0.180908032712957,0.149815165038625,7929,7929,0.00215321759641369,0.00107660879820683
0.179399797006536,0.148278424633944,7930,7930,0.00215321759641369,0.00107660879820687
0.180908032712957,0.149815165038625,7931,7931,0.00215321759641369,0.00107660879820683
0.179399797006536,0.148278424633944,7932,7932,0.00215321759641369,0.00107660879820687
0.180908032712957,0.149815165038625,7933,7933,0.00215321759641369,0.00107660879820683
0.179399797006536,0.148278424633944,7934,7934,0.00215321759641369,0.00107660879820687
0.180908032712957,0.149815165038625,7935,7935,0.00215321759641369,0.00107660879820683
0.179399797006536,0.148278424633944,7936,7936,0.00215321759641369,0.00107660879820687
0.180908032712957,0.149815165038625,7937,7937,0.00215321759641369,0.00107660879820683
0.179399797006536,0.148278424633944,7938,7938,0.00215321759641369,0.00107660879820687
0.180908032712957,0.149815165038625,7939,7939,0.00215321759641369,0.00107660879820683
0.179399797006536,0.148278424633944,7940,7940,0.00215321759641369,0.00107660879820687
0.180908032712957,0.149815165038625,7941,7941,0.00215321759641369,0.00107660879820683
0.179399797006536,0.148278424633944,7942,7942,0.00215321759641369,0.00107660879820687
0.180908032712957,0.149815165038625,7943,7943,0.00215321759641369,0.00107660879820683
0.179399797006536,0.148278424633944,7944,7944,0.00215321759641369,0.00107660879820687
0.180908032712957,0.149815165038625,7945,7945,0.00215321759641369,0.00107660879820683
0.179399797006536,0.148278424633944,7946,7946,0.00215321759641369,0.00107660879820687
0.180908032712957,0.149815165038625,7947,7947,0.00215321759641369,0.00107660879820683
0.179399797006536,0.148278424633944,7948,7948,0.00215321759641369,0.00107660879820687
0.180908032712957,0.149815165038625,7949,7949,0.00215321759641369,0.00107660879820683
0.179399797006536,0.148278424633944,7950,7950,0.00215321759641369,0.00107660879820687
0.180908032712957,0.149815165038625,7951,7951,0.00215321759641369,0.00107660879820683
0.179399797006536,0.148278424633944,7952,7952,0.00215321759641369,0.00107660879820687
0.180908032712957,0.149815165038625,7953,7953,0.00215321759641369,0.00107660879820683
0.179399797006536,0.148278424633944,7954,7954,0.00215321759641369,0.00107660879820687
0.180908032712957,0.149815165038625,7955,7955,0.00215321759641369,0.00107660879820683
0.179399797006536,0.148278424633944,7956,7956,0.00215321759641369,0.00107660879820687
0.180908032712957,0.149815165038625,7957,7957,0.00215321759641369,0.00107660879820683
0.179399797006536,0.148278424633944,7958,7958,0.00215321759641369,0.00107660879820687
0.180908032712957,0.149815165038625,7959,7959,0.00215321759641369,0.00107660879820683
0.179399797006536,0.148278424633944,7960,7960,0.00215321759641369,0.00107660879820687
0.180908032712957,0.149815165038625,7961,7961,0.00215321759641369,0.00107660879820683
0.179399797006536,0.148278424633944,7962,7962,0.00215321759641369,0.00107660879820687
0.180908032712957,0.149815165038625,7963,7963,0.00215321759641369,0.00107660879820683
0.179399797006536,0.148278424633944,7964,7964,0.00215321759641369,0.00107660879820687
0.180908032712957,0.149815165038625,7965,7965,0.00215321759641369,0.00107660879820683
0.179399797006536,0.148278424633944,7966,7966,0.00215321759641369,0.00107660879820687
0.180908032712957,0.149815165038625,7967,7967,0.00215321759641369,0.00107660879820683
0.179399797006536,0.148278424633944,7968,7968,0.00215321759641369,0.00107660879820687
0.180908032712957,0.149815165038625,7969,7969,0.00215321759641369,0.00107660879820683
0.179399797006536,0.148278424633944,7970,7970,0.00215321759641369,0.00107660879820687
0.180908032712957,0.149815165038625,7971,7971,0.00215321759641369,0.00107660879820683
0.179399797006536,0.148278424633944,7972,7972,0.00215321759641369,0.00107660879820687
0.180908032712957,0.149815165038625,7973,7973,0.00215321759641369,0.00107660879820683
0.179399797006536,0.148278424633944,7974,7974,0.00215321759641369,0.00107660879820687
0.180908032712957,0.149815165038625,7975,7975,0.00215321759641369,0.00107660879820683
0.179399797006536,0.148278424633944,7976,7976,0.00215321759641369,0.00107660879820687
0.180908032712957,0.149815165038625,7977,7977,0.00215321759641369,0.00107660879820683
0.179399797006536,0.148278424633944,7978,7978,0.00215321759641369,0.00107660879820687
0.180908032712957,0.149815165038625,7979,7979,0.00215321759641369,0.00107660879820683
0.179399797006536,0.148278424633944,7980,7980,0.00215321759641369,0.00107660879820687
0.180908032712957,0.149815165038625,7981,7981,0.00215321759641369,0.00107660879820683
0.179399797006536,0.148278424633944,7982,7982,0.00215321759641369,0.00107660879820687
0.180908032712957,0.149815165038625,7983,7983,0.00215321759641369,0.00107660879820683
0.179399797006536,0.148278424633944,7984,7984,0.00215321759641369,0.00107660879820687
0.180908032712957,0.149815165038625,7985,7985,0.00215321759641369,0.00107660879820683
0.179399797006536,0.148278424633944,7986,7986,0.00215321759641369,0.00107660879820687
0.180908032712957,0.149815165038625,7987,7987,0.00215321759641369,0.00107660879820683
0.179399797006536,0.148278424633944,7988,7988,0.00215321759641369,0.00107660879820687
0.180908032712957,0.149815165038625,7989,7989,0.00215321759641369,0.00107660879820683
0.179399797006536,0.148278424633944,7990,7990,0.00215321759641369,0.00107660879820687
0.180908032712957,0.149815165038625,7991,7991,0.00215321759641369,0.00107660879820683
0.179399797006536,0.148278424633944,7992,7992,0.00215321759641369,0.00107660879820687
0.180908032712957,0.149815165038625,7993,7993,0.00215321759641369,0.00107660879820683
0.179399797006536,0.148278424633944,7994,7994,0.00215321759641369,0.00107660879820687
0.180908032712957,0.149815165038625,7995,7995,0.00215321759641369,0.00107660879820683
0.179399797006536,0.148278424633944,7996,7996,0.00215321759641369,0.00107660879820687
0.180908032712957,0.149815165038625,7997,7997,0.00215321759641369,0.00107660879820683
0.179399797006536,0.148278424633944,7998,7998,0.00215321759641369,0.00107660879820687
0.180908032712957,0.149815165038625,7999,7999,0.00215321759641369,0.00107660879820683
0.179399797006536,0.148278424633944,8000,8000,0.00215321759641369,0.00107660879820687
0.180908032712957,0.149815165038625,8001,8001,0.00215321759641369,0.00107660879820683
0.179399797006536,0.148278424633944,8002,8002,0.00215321759641369,0.00107660879820687
0.180908032712957,0.149815165038625,8003,8003,0.00215321759641369,0.00107660879820683
0.179399797006536,0.148278424633944,8004,8004,0.00215321759641369,0.00107660879820687
0.180908032712957,0.149815165038625,8005,8005,0.00215321759641369,0.00107660879820683
0.179399797006536,0.148278424633944,8006,8006,0.00215321759641369,0.00107660879820687
0.180908032712957,0.149815165038625,8007,8007,0.00215321759641369,0.00107660879820683
0.179399797006536,0.148278424633944,8008,8008,0.00215321759641369,0.00107660879820687
0.180908032712957,0.149815165038625,8009,8009,0.00215321759641369,0.00107660879820683
0.179399797006536,0.148278424633944,8010,8010,0.00215321759641369,0.00107660879820687
0.180908032712957,0.149815165038625,8011,8011,0.00215321759641369,0.00107660879820683
0.179399797006536,0.148278424633944,8012,8012,0.00215321759641369,0.00107660879820687
0.180908032712957,0.149815165038625,8013,8013,0.00215321759641369,0.00107660879820683
0.179399797006536,0.148278424633944,8014,8014,0.00215321759641369,0.00107660879820687
0.180908032712957,0.149815165038625,8015,8015,0.00215321759641369,0.00107660879820683
0.179399797006536,0.148278424633944,8016,8016,0.00215321759641369,0.00107660879820687
0.180908032712957,0.149815165038625,8017,8017,0.00215321759641369,0.00107660879820683
0.179399797006536,0.148278424633944,8018,8018,0.00215321759641369,0.00107660879820687
0.180908032712957,0.149815165038625,8019,8019,0.00215321759641369,0.00107660879820683
0.179399797006536,0.148278424633944,8020,8020,0.00215321759641369,0.00107660879820687
0.180908032712957,0.149815165038625,8021,8021,0.00215321759641369,0.00107660879820683
0.179399797006536,0.148278424633944,8022,8022,0.00215321759641369,0.00107660879820687
0.180908032712957,0.149815165038625,8023,8023,0.00215321759641369,0.00107660879820683
0.179399797006536,0.148278424633944,8024,8024,0.00215321759641369,0.00107660879820687
0.180908032712957,0.149815165038625,8025,8025,0.00215321759641369,0.00107660879820683
0.179399797006536,0.148278424633944,8026,8026,0.00215321759641369,0.00107660879820687
0.180908032712957,0.149815165038625,8027,8027,0.00215321759641369,0.00107660879820683
0.179399797006536,0.148278424633944,8028,8028,0.00215321759641369,0.00107660879820687
0.180908032712957,0.149815165038625,8029,8029,0.00215321759641369,0.00107660879820683
0.179399797006536,0.148278424633944,8030,8030,0.00215321759641369,0.00107660879820687
0.180908032712957,0.149815165038625,8031,8031,0.00215321759641369,0.00107660879820683
0.179399797006536,0.148278424633944,8032,8032,0.00215321759641369,0.00107660879820687
0.180908032712957,0.149815165038625,8033,8033,0.00215321759641369,0.00107660879820683
0.179399797006536,0.148278424633944,8034,8034,0.00215321759641369,0.00107660879820687
0.180908032712957,0.149815165038625,8035,8035,0.00215321759641369,0.00107660879820683
0.179399797006536,0.148278424633944,8036,8036,0.00215321759641369,0.00107660879820687
0.180908032712957,0.149815165038625,8037,8037,0.00215321759641369,0.00107660879820683
0.179399797006536,0.148278424633944,8038,8038,0.00215321759641369,0.00107660879820687
0.180908032712957,0.149815165038625,8039,8039,0.00215321759641369,0.00107660879820683
0.179399797006536,0.148278424633944,8040,8040,0.00215321759641369,0.00107660879820687
0.180908032712957,0.149815165038625,8041,8041,0.00215321759641369,0.00107660879820683
0.179399797006536,0.148278424633944,8042,8042,0.00215321759641369,0.00107660879820687
0.180908032712957,0.149815165038625,8043,8043,0.00215321759641369,0.00107660879820683
0.179399797006536,0.148278424633944,8044,8044,0.00215321759641369,0.00107660879820687
0.180908032712957,0.149815165038625,8045,8045,0.00215321759641369,0.00107660879820683
0.179399797006536,0.148278424633944,8046,8046,0.00215321759641369,0.00107660879820687
0.180908032712957,0.149815165038625,8047,8047,0.00215321759641369,0.00107660879820683
0.179399797006536,0.148278424633944,8048,8048,0.00215321759641369,0.00107660879820687
0.180908032712957,0.149815165038625,8049,8049,0.00215321759641369,0.00107660879820683
0.179399797006536,0.148278424633944,8050,8050,0.00215321759641369,0.00107660879820687
0.180908032712957,0.149815165038625,8051,8051,0.00215321759641369,0.00107660879820683
0.179399797006536,0.148278424633944,8052,8052,0.00215321759641369,0.00107660879820687
0.180908032712957,0.149815165038625,8053,8053,0.00215321759641369,0.00107660879820683
0.179399797006536,0.148278424633944,8054,8054,0.00215321759641369,0.00107660879820687
0.180908032712957,0.149815165038625,8055,8055,0.00215321759641369,0.00107660879820683
0.179399797006536,0.148278424633944,8056,8056,0.00215321759641369,0.00107660879820687
0.180908032712957,0.149815165038625,8057,8057,0.00215321759641369,0.00107660879820683
0.179399797006536,0.148278424633944,8058,8058,0.00215321759641369,0.00107660879820687
0.180908032712957,0.149815165038625,8059,8059,0.00215321759641369,0.00107660879820683
0.179399797006536,0.148278424633944,8060,8060,0.00215321759641369,0.00107660879820687
0.180908032712957,0.149815165038625,8061,8061,0.00215321759641369,0.00107660879820683
0.179399797006536,0.148278424633944,8062,8062,0.00215321759641369,0.00107660879820687
0.180908032712957,0.149815165038625,8063,8063,0.00215321759641369,0.00107660879820683
0.179399797006536,0.148278424633944,8064,8064,0.00215321759641369,0.00107660879820687
0.180908032712957,0.149815165038625,8065,8065,0.00215321759641369,0.00107660879820683
0.179399797006536,0.148278424633944,8066,8066,0.00215321759641369,0.00107660879820687
0.180908032712957,0.149815165038625,8067,8067,0.00215321759641369,0.00107660879820683
0.179399797006536,0.148278424633944,8068,8068,0.00215321759641369,0.00107660879820687
0.180908032712957,0.149815165038625,8069,8069,0.00215321759641369,0.00107660879820683
0.179399797006536,0.148278424633944,8070,8070,0.00215321759641369,0.00107660879820687
0.180908032712957,0.149815165038625,8071,8071,0.00215321759641369,0.00107660879820683
0.179399797006536,0.148278424633944,8072,8072,0.00215321759641369,0.00107660879820687
0.180908032712957,0.149815165038625,8073,8073,0.00215321759641369,0.00107660879820683
0.179399797006536,0.148278424633944,8074,8074,0.00215321759641369,0.00107660879820687
0.180908032712957,0.149815165038625,8075,8075,0.00215321759641369,0.00107660879820683
0.179399797006536,0.148278424633944,8076,8076,0.00215321759641369,0.00107660879820687
0.180908032712957,0.149815165038625,8077,8077,0.00215321759641369,0.00107660879820683
0.179399797006536,0.148278424633944,8078,8078,0.00215321759641369,0.00107660879820687
0.180908032712957,0.149815165038625,8079,8079,0.00215321759641369,0.00107660879820683
0.179399797006536,0.148278424633944,8080,8080,0.00215321759641369,0.00107660879820687
0.180908032712957,0.149815165038625,8081,8081,0.00215321759641369,0.00107660879820683
0.179399797006536,0.148278424633944,8082,8082,0.00215321759641369,0.00107660879820687
0.180908032712957,0.149815165038625,8083,8083,0.00215321759641369,0.00107660879820683
0.179399797006536,0.148278424633944,8084,8084,0.00215321759641369,0.00107660879820687
0.180908032712957,0.149815165038625,8085,8085,0.00215321759641369,0.00107660879820683
0.179399797006536,0.148278424633944,8086,8086,0.00215321759641369,0.00107660879820687
0.180908032712957,0.149815165038625,8087,8087,0.00215321759641369,0.00107660879820683
0.179399797006536,0.148278424633944,8088,8088,0.00215321759641369,0.00107660879820687
0.180908032712957,0.149815165038625,8089,8089,0.00215321759641369,0.00107660879820683
0.179399797006536,0.148278424633944,8090,8090,0.00215321759641369,0.00107660879820687
0.180908032712957,0.149815165038625,8091,8091,0.00215321759641369,0.00107660879820683
0.179399797006536,0.148278424633944,8092,8092,0.00215321759641369,0.00107660879820687
0.180908032712957,0.149815165038625,8093,8093,0.00215321759641369,0.00107660879820683
0.179399797006536,0.148278424633944,8094,8094,0.00215321759641369,0.00107660879820687
0.180908032712957,0.149815165038625,8095,8095,0.00215321759641369,0.00107660879820683
0.179399797006536,0.148278424633944,8096,8096,0.00215321759641369,0.00107660879820687
0.180908032712957,0.149815165038625,8097,8097,0.00215321759641369,0.00107660879820683
0.179399797006536,0.148278424633944,8098,8098,0.00215321759641369,0.00107660879820687
0.180908032712957,0.149815165038625,8099,8099,0.00215321759641369,0.00107660879820683
0.179399797006536,0.148278424633944,8100,8100,0.00215321759641369,0.00107660879820687
0.180908032712957,0.149815165038625,8101,8101,0.00215321759641369,0.00107660879820683
0.179399797006536,0.148278424633944,8102,8102,0.00215321759641369,0.00107660879820687
0.180908032712957,0.149815165038625,8103,8103,0.00215321759641369,0.00107660879820683
0.179399797006536,0.148278424633944,8104,8104,0.00215321759641369,0.00107660879820687
0.180908032712957,0.149815165038625,8105,8105,0.00215321759641369,0.00107660879820683
0.179399797006536,0.148278424633944,8106,8106,0.00215321759641369,0.00107660879820687
0.180908032712957,0.149815165038625,8107,8107,0.00215321759641369,0.00107660879820683
0.179399797006536,0.148278424633944,8108,8108,0.00215321759641369,0.00107660879820687
0.180908032712957,0.149815165038625,8109,8109,0.00215321759641369,0.00107660879820683
0.179399797006536,0.148278424633944,8110,8110,0.00215321759641369,0.00107660879820687
0.180908032712957,0.149815165038625,8111,8111,0.00215321759641369,0.00107660879820683
0.179399797006536,0.148278424633944,8112,8112,0.00215321759641369,0.00107660879820687
0.180908032712957,0.149815165038625,8113,8113,0.00215321759641369,0.00107660879820683
0.179399797006536,0.148278424633944,8114,8114,0.00215321759641369,0.00107660879820687
0.180908032712957,0.149815165038625,8115,8115,0.00215321759641369,0.00107660879820683
0.179399797006536,0.148278424633944,8116,8116,0.00215321759641369,0.00107660879820687
0.180908032712957,0.149815165038625,8117,8117,0.00215321759641369,0.00107660879820683
0.179399797006536,0.148278424633944,8118,8118,0.00215321759641369,0.00107660879820687
0.180908032712957,0.149815165038625,8119,8119,0.00215321759641369,0.00107660879820683
0.179399797006536,0.148278424633944,8120,8120,0.00215321759641369,0.00107660879820687
0.180908032712957,0.149815165038625,8121,8121,0.00215321759641369,0.00107660879820683
0.179399797006536,0.148278424633944,8122,8122,0.00215321759641369,0.00107660879820687
0.180908032712957,0.149815165038625,8123,8123,0.00215321759641369,0.00107660879820683
0.179399797006536,0.148278424633944,8124,8124,0.00215321759641369,0.00107660879820687
0.180908032712957,0.149815165038625,8125,8125,0.00215321759641369,0.00107660879820683
0.179399797006536,0.148278424633944,8126,8126,0.00215321759641369,0.00107660879820687
0.180908032712957,0.149815165038625,8127,8127,0.00215321759641369,0.00107660879820683
0.179399797006536,0.148278424633944,8128,8128,0.00215321759641369,0.00107660879820687
0.180908032712957,0.149815165038625,8129,8129,0.00215321759641369,0.00107660879820683
0.179399797006536,0.148278424633944,8130,8130,0.00215321759641369,0.00107660879820687
0.180908032712957,0.149815165038625,8131,8131,0.00215321759641369,0.00107660879820683
0.179399797006536,0.148278424633944,8132,8132,0.00215321759641369,0.00107660879820687
0.180908032712957,0.149815165038625,8133,8133,0.00215321759641369,0.00107660879820683
0.179399797006536,0.148278424633944,8134,8134,0.00215321759641369,0.00107660879820687
0.180908032712957,0.149815165038625,8135,8135,0.00215321759641369,0.00107660879820683
0.179399797006536,0.148278424633944,8136,8136,0.00215321759641369,0.00107660879820687
0.180908032712957,0.149815165038625,8137,8137,0.00215321759641369,0.00107660879820683
0.179399797006536,0.148278424633944,8138,8138,0.00215321759641369,0.00107660879820687
0.180908032712957,0.149815165038625,8139,8139,0.00215321759641369,0.00107660879820683
0.179399797006536,0.148278424633944,8140,8140,0.00215321759641369,0.00107660879820687
0.180908032712957,0.149815165038625,8141,8141,0.00215321759641369,0.00107660879820683
0.179399797006536,0.148278424633944,8142,8142,0.00215321759641369,0.00107660879820687
0.180908032712957,0.149815165038625,8143,8143,0.00215321759641369,0.00107660879820683
0.179399797006536,0.148278424633944,8144,8144,0.00215321759641369,0.00107660879820687
0.180908032712957,0.149815165038625,8145,8145,0.00215321759641369,0.00107660879820683
0.179399797006536,0.148278424633944,8146,8146,0.00215321759641369,0.00107660879820687
0.180908032712957,0.149815165038625,8147,8147,0.00215321759641369,0.00107660879820683
0.179399797006536,0.148278424633944,8148,8148,0.00215321759641369,0.00107660879820687
0.180908032712957,0.149815165038625,8149,8149,0.00215321759641369,0.00107660879820683
0.179399797006536,0.148278424633944,8150,8150,0.00215321759641369,0.00107660879820687
0.180908032712957,0.149815165038625,8151,8151,0.00215321759641369,0.00107660879820683
0.179399797006536,0.148278424633944,8152,8152,0.00215321759641369,0.00107660879820687
0.180908032712957,0.149815165038625,8153,8153,0.00215321759641369,0.00107660879820683
0.179399797006536,0.148278424633944,8154,8154,0.00215321759641369,0.00107660879820687
0.180908032712957,0.149815165038625,8155,8155,0.00215321759641369,0.00107660879820683
0.179399797006536,0.148278424633944,8156,8156,0.00215321759641369,0.00107660879820687
0.180908032712957,0.149815165038625,8157,8157,0.00215321759641369,0.00107660879820683
0.179399797006536,0.148278424633944,8158,8158,0.00215321759641369,0.00107660879820687
0.180908032712957,0.149815165038625,8159,8159,0.00215321759641369,0.00107660879820683
0.179399797006536,0.148278424633944,8160,8160,0.00215321759641369,0.00107660879820687
0.180908032712957,0.149815165038625,8161,8161,0.00215321759641369,0.00107660879820683
0.179399797006536,0.148278424633944,8162,8162,0.00215321759641369,0.00107660879820687
0.180908032712957,0.149815165038625,8163,8163,0.00215321759641369,0.00107660879820683
0.179399797006536,0.148278424633944,8164,8164,0.00215321759641369,0.00107660879820687
0.180908032712957,0.149815165038625,8165,8165,0.00215321759641369,0.00107660879820683
0.179399797006536,0.148278424633944,8166,8166,0.00215321759641369,0.00107660879820687
0.180908032712957,0.149815165038625,8167,8167,0.00215321759641369,0.00107660879820683
0.179399797006536,0.148278424633944,8168,8168,0.00215321759641369,0.00107660879820687
0.180908032712957,0.149815165038625,8169,8169,0.00215321759641369,0.00107660879820683
0.179399797006536,0.148278424633944,8170,8170,0.00215321759641369,0.00107660879820687
0.180908032712957,0.149815165038625,8171,8171,0.00215321759641369,0.00107660879820683
0.179399797006536,0.148278424633944,8172,8172,0.00215321759641369,0.00107660879820687
0.180908032712957,0.149815165038625,8173,8173,0.00215321759641369,0.00107660879820683
0.179399797006536,0.148278424633944,8174,8174,0.00215321759641369,0.00107660879820687
0.180908032712957,0.149815165038625,8175,8175,0.00215321759641369,0.00107660879820683
0.179399797006536,0.148278424633944,8176,8176,0.00215321759641369,0.00107660879820687
0.180908032712957,0.149815165038625,8177,8177,0.00215321759641369,0.00107660879820683
0.179399797006536,0.148278424633944,8178,8178,0.00215321759641369,0.00107660879820687
0.180908032712957,0.149815165038625,8179,8179,0.00215321759641369,0.00107660879820683
0.179399797006536,0.148278424633944,8180,8180,0.00215321759641369,0.00107660879820687
0.180908032712957,0.149815165038625,8181,8181,0.00215321759641369,0.00107660879820683
0.179399797006536,0.148278424633944,8182,8182,0.00215321759641369,0.00107660879820687
0.180908032712957,0.149815165038625,8183,8183,0.00215321759641369,0.00107660879820683
0.179399797006536,0.148278424633944,8184,8184,0.00215321759641369,0.00107660879820687
0.180908032712957,0.149815165038625,8185,8185,0.00215321759641369,0.00107660879820683
0.179399797006536,0.148278424633944,8186,8186,0.00215321759641369,0.00107660879820687
0.180908032712957,0.149815165038625,8187,8187,0.00215321759641369,0.00107660879820683
0.179399797006536,0.148278424633944,8188,8188,0.00215321759641369,0.00107660879820687
0.180908032712957,0.149815165038625,8189,8189,0.00215321759641369,0.00107660879820683
0.179399797006536,0.148278424633944,8190,8190,0.00215321759641369,0.00107660879820687
0.180908032712957,0.149815165038625,8191,8191,0.00215321759641369,0.00107660879820683
0.179399797006536,0.148278424633944,8192,8192,0.00215321759641369,0.00107660879820687
0.180908032712957,0.149815165038625,8193,8193,0.00215321759641369,0.00107660879820683
0.179399797006536,0.148278424633944,8194,8194,0.00215321759641369,0.00107660879820687
0.180908032712957,0.149815165038625,8195,8195,0.00215321759641369,0.00107660879820683
0.179399797006536,0.148278424633944,8196,8196,0.00215321759641369,0.00107660879820687
0.180908032712957,0.149815165038625,8197,8197,0.00215321759641369,0.00107660879820683
0.179399797006536,0.148278424633944,8198,8198,0.00215321759641369,0.00107660879820687
0.180908032712957,0.149815165038625,8199,8199,0.00215321759641369,0.00107660879820683
0.179399797006536,0.148278424633944,8200,8200,0.00215321759641369,0.00107660879820687
0.180908032712957,0.149815165038625,8201,8201,0.00215321759641369,0.00107660879820683
0.179399797006536,0.148278424633944,8202,8202,0.00215321759641369,0.00107660879820687
0.180908032712957,0.149815165038625,8203,8203,0.00215321759641369,0.00107660879820683
0.179399797006536,0.148278424633944,8204,8204,0.00215321759641369,0.00107660879820687
0.180908032712957,0.149815165038625,8205,8205,0.00215321759641369,0.00107660879820683
0.179399797006536,0.148278424633944,8206,8206,0.00215321759641369,0.00107660879820687
0.180908032712957,0.149815165038625,8207,8207,0.00215321759641369,0.00107660879820683
0.179399797006536,0.148278424633944,8208,8208,0.00215321759641369,0.00107660879820687
0.180908032712957,0.149815165038625,8209,8209,0.00215321759641369,0.00107660879820683
0.179399797006536,0.148278424633944,8210,8210,0.00215321759641369,0.00107660879820687
0.180908032712957,0.149815165038625,8211,8211,0.00215321759641369,0.00107660879820683
0.179399797006536,0.148278424633944,8212,8212,0.00215321759641369,0.00107660879820687
0.180908032712957,0.149815165038625,8213,8213,0.00215321759641369,0.00107660879820683
0.179399797006536,0.148278424633944,8214,8214,0.00215321759641369,0.00107660879820687
0.180908032712957,0.149815165038625,8215,8215,0.00215321759641369,0.00107660879820683
0.179399797006536,0.148278424633944,8216,8216,0.00215321759641369,0.00107660879820687
0.180908032712957,0.149815165038625,8217,8217,0.00215321759641369,0.00107660879820683
0.179399797006536,0.148278424633944,8218,8218,0.00215321759641369,0.00107660879820687
0.180908032712957,0.149815165038625,8219,8219,0.00215321759641369,0.00107660879820683
0.179399797006536,0.148278424633944,8220,8220,0.00215321759641369,0.00107660879820687
0.180908032712957,0.149815165038625,8221,8221,0.00215321759641369,0.00107660879820683
0.179399797006536,0.148278424633944,8222,8222,0.00215321759641369,0.00107660879820687
0.180908032712957,0.149815165038625,8223,8223,0.00215321759641369,0.00107660879820683
0.179399797006536,0.148278424633944,8224,8224,0.00215321759641369,0.00107660879820687
0.180908032712957,0.149815165038625,8225,8225,0.00215321759641369,0.00107660879820683
0.179399797006536,0.148278424633944,8226,8226,0.00215321759641369,0.00107660879820687
0.180908032712957,0.149815165038625,8227,8227,0.00215321759641369,0.00107660879820683
0.179399797006536,0.148278424633944,8228,8228,0.00215321759641369,0.00107660879820687
0.180908032712957,0.149815165038625,8229,8229,0.00215321759641369,0.00107660879820683
0.179399797006536,0.148278424633944,8230,8230,0.00215321759641369,0.00107660879820687
0.180908032712957,0.149815165038625,8231,8231,0.00215321759641369,0.00107660879820683
0.179399797006536,0.148278424633944,8232,8232,0.00215321759641369,0.00107660879820687
0.180908032712957,0.149815165038625,8233,8233,0.00215321759641369,0.00107660879820683
0.179399797006536,0.148278424633944,8234,8234,0.00215321759641369,0.00107660879820687
0.180908032712957,0.149815165038625,8235,8235,0.00215321759641369,0.00107660879820683
0.179399797006536,0.148278424633944,8236,8236,0.00215321759641369,0.00107660879820687
0.180908032712957,0.149815165038625,8237,8237,0.00215321759641369,0.00107660879820683
0.179399797006536,0.148278424633944,8238,8238,0.00215321759641369,0.00107660879820687
0.180908032712957,0.149815165038625,8239,8239,0.00215321759641369,0.00107660879820683
0.179399797006536,0.148278424633944,8240,8240,0.00215321759641369,0.00107660879820687
0.180908032712957,0.149815165038625,8241,8241,0.00215321759641369,0.00107660879820683
0.179399797006536,0.148278424633944,8242,8242,0.00215321759641369,0.00107660879820687
0.180908032712957,0.149815165038625,8243,8243,0.00215321759641369,0.00107660879820683
0.179399797006536,0.148278424633944,8244,8244,0.00215321759641369,0.00107660879820687
0.180908032712957,0.149815165038625,8245,8245,0.00215321759641369,0.00107660879820683
0.179399797006536,0.148278424633944,8246,8246,0.00215321759641369,0.00107660879820687
0.180908032712957,0.149815165038625,8247,8247,0.00215321759641369,0.00107660879820683
0.179399797006536,0.148278424633944,8248,8248,0.00215321759641369,0.00107660879820687
0.180908032712957,0.149815165038625,8249,8249,0.00215321759641369,0.00107660879820683
0.179399797006536,0.148278424633944,8250,8250,0.00215321759641369,0.00107660879820687
0.180908032712957,0.149815165038625,8251,8251,0.00215321759641369,0.00107660879820683
0.179399797006536,0.148278424633944,8252,8252,0.00215321759641369,0.00107660879820687
0.180908032712957,0.149815165038625,8253,8253,0.00215321759641369,0.00107660879820683
0.179399797006536,0.148278424633944,8254,8254,0.00215321759641369,0.00107660879820687
0.180908032712957,0.149815165038625,8255,8255,0.00215321759641369,0.00107660879820683
0.179399797006536,0.148278424633944,8256,8256,0.00215321759641369,0.00107660879820687
0.180908032712957,0.149815165038625,8257,8257,0.00215321759641369,0.00107660879820683
0.179399797006536,0.148278424633944,8258,8258,0.00215321759641369,0.00107660879820687
0.180908032712957,0.149815165038625,8259,8259,0.00215321759641369,0.00107660879820683
0.179399797006536,0.148278424633944,8260,8260,0.00215321759641369,0.00107660879820687
0.180908032712957,0.149815165038625,8261,8261,0.00215321759641369,0.00107660879820683
0.179399797006536,0.148278424633944,8262,8262,0.00215321759641369,0.00107660879820687
0.180908032712957,0.149815165038625,8263,8263,0.00215321759641369,0.00107660879820683
0.179399797006536,0.148278424633944,8264,8264,0.00215321759641369,0.00107660879820687
0.180908032712957,0.149815165038625,8265,8265,0.00215321759641369,0.00107660879820683
0.179399797006536,0.148278424633944,8266,8266,0.00215321759641369,0.00107660879820687
0.180908032712957,0.149815165038625,8267,8267,0.00215321759641369,0.00107660879820683
0.179399797006536,0.148278424633944,8268,8268,0.00215321759641369,0.00107660879820687
0.180908032712957,0.149815165038625,8269,8269,0.00215321759641369,0.00107660879820683
0.179399797006536,0.148278424633944,8270,8270,0.00215321759641369,0.00107660879820687
0.180908032712957,0.149815165038625,8271,8271,0.00215321759641369,0.00107660879820683
0.179399797006536,0.148278424633944,8272,8272,0.00215321759641369,0.00107660879820687
0.180908032712957,0.149815165038625,8273,8273,0.00215321759641369,0.00107660879820683
0.179399797006536,0.148278424633944,8274,8274,0.00215321759641369,0.00107660879820687
0.180908032712957,0.149815165038625,8275,8275,0.00215321759641369,0.00107660879820683
0.179399797006536,0.148278424633944,8276,8276,0.00215321759641369,0.00107660879820687
0.180908032712957,0.149815165038625,8277,8277,0.00215321759641369,0.00107660879820683
0.179399797006536,0.148278424633944,8278,8278,0.00215321759641369,0.00107660879820687
0.180908032712957,0.149815165038625,8279,8279,0.00215321759641369,0.00107660879820683
0.179399797006536,0.148278424633944,8280,8280,0.00215321759641369,0.00107660879820687
0.180908032712957,0.149815165038625,8281,8281,0.00215321759641369,0.00107660879820683
0.179399797006536,0.148278424633944,8282,8282,0.00215321759641369,0.00107660879820687
0.180908032712957,0.149815165038625,8283,8283,0.00215321759641369,0.00107660879820683
0.179399797006536,0.148278424633944,8284,8284,0.00215321759641369,0.00107660879820687
0.180908032712957,0.149815165038625,8285,8285,0.00215321759641369,0.00107660879820683
0.179399797006536,0.148278424633944,8286,8286,0.00215321759641369,0.00107660879820687
0.180908032712957,0.149815165038625,8287,8287,0.00215321759641369,0.00107660879820683
0.179399797006536,0.148278424633944,8288,8288,0.00215321759641369,0.00107660879820687
0.180908032712957,0.149815165038625,8289,8289,0.00215321759641369,0.00107660879820683
0.179399797006536,0.148278424633944,8290,8290,0.00215321759641369,0.00107660879820687
0.180908032712957,0.149815165038625,8291,8291,0.00215321759641369,0.00107660879820683
0.179399797006536,0.148278424633944,8292,8292,0.00215321759641369,0.00107660879820687
0.180908032712957,0.149815165038625,8293,8293,0.00215321759641369,0.00107660879820683
0.179399797006536,0.148278424633944,8294,8294,0.00215321759641369,0.00107660879820687
0.180908032712957,0.149815165038625,8295,8295,0.00215321759641369,0.00107660879820683
0.179399797006536,0.148278424633944,8296,8296,0.00215321759641369,0.00107660879820687
0.180908032712957,0.149815165038625,8297,8297,0.00215321759641369,0.00107660879820683
0.179399797006536,0.148278424633944,8298,8298,0.00215321759641369,0.00107660879820687
0.180908032712957,0.149815165038625,8299,8299,0.00215321759641369,0.00107660879820683
0.179399797006536,0.148278424633944,8300,8300,0.00215321759641369,0.00107660879820687
0.180908032712957,0.149815165038625,8301,8301,0.00215321759641369,0.00107660879820683
0.179399797006536,0.148278424633944,8302,8302,0.00215321759641369,0.00107660879820687
0.180908032712957,0.149815165038625,8303,8303,0.00215321759641369,0.00107660879820683
0.179399797006536,0.148278424633944,8304,8304,0.00215321759641369,0.00107660879820687
0.180908032712957,0.149815165038625,8305,8305,0.00215321759641369,0.00107660879820683
0.179399797006536,0.148278424633944,8306,8306,0.00215321759641369,0.00107660879820687
0.180908032712957,0.149815165038625,8307,8307,0.00215321759641369,0.00107660879820683
0.179399797006536,0.148278424633944,8308,8308,0.00215321759641369,0.00107660879820687
0.180908032712957,0.149815165038625,8309,8309,0.00215321759641369,0.00107660879820683
0.179399797006536,0.148278424633944,8310,8310,0.00215321759641369,0.00107660879820687
0.180908032712957,0.149815165038625,8311,8311,0.00215321759641369,0.00107660879820683
0.179399797006536,0.148278424633944,8312,8312,0.00215321759641369,0.00107660879820687
0.180908032712957,0.149815165038625,8313,8313,0.00215321759641369,0.00107660879820683
0.179399797006536,0.148278424633944,8314,8314,0.00215321759641369,0.00107660879820687
0.180908032712957,0.149815165038625,8315,8315,0.00215321759641369,0.00107660879820683
0.179399797006536,0.148278424633944,8316,8316,0.00215321759641369,0.00107660879820687
0.180908032712957,0.149815165038625,8317,8317,0.00215321759641369,0.00107660879820683
0.179399797006536,0.148278424633944,8318,8318,0.00215321759641369,0.00107660879820687
0.180908032712957,0.149815165038625,8319,8319,0.00215321759641369,0.00107660879820683
0.179399797006536,0.148278424633944,8320,8320,0.00215321759641369,0.00107660879820687
0.180908032712957,0.149815165038625,8321,8321,0.00215321759641369,0.00107660879820683
0.179399797006536,0.148278424633944,8322,8322,0.00215321759641369,0.00107660879820687
0.180908032712957,0.149815165038625,8323,8323,0.00215321759641369,0.00107660879820683
0.179399797006536,0.148278424633944,8324,8324,0.00215321759641369,0.00107660879820687
0.180908032712957,0.149815165038625,8325,8325,0.00215321759641369,0.00107660879820683
0.179399797006536,0.148278424633944,8326,8326,0.00215321759641369,0.00107660879820687
0.180908032712957,0.149815165038625,8327,8327,0.00215321759641369,0.00107660879820683
0.179399797006536,0.148278424633944,8328,8328,0.00215321759641369,0.00107660879820687
0.180908032712957,0.149815165038625,8329,8329,0.00215321759641369,0.00107660879820683
0.179399797006536,0.148278424633944,8330,8330,0.00215321759641369,0.00107660879820687
0.180908032712957,0.149815165038625,8331,8331,0.00215321759641369,0.00107660879820683
0.179399797006536,0.148278424633944,8332,8332,0.00215321759641369,0.00107660879820687
0.180908032712957,0.149815165038625,8333,8333,0.00215321759641369,0.00107660879820683
0.179399797006536,0.148278424633944,8334,8334,0.00215321759641369,0.00107660879820687
0.180908032712957,0.149815165038625,8335,8335,0.00215321759641369,0.00107660879820683
0.179399797006536,0.148278424633944,8336,8336,0.00215321759641369,0.00107660879820687
0.180908032712957,0.149815165038625,8337,8337,0.00215321759641369,0.00107660879820683
0.179399797006536,0.148278424633944,8338,8338,0.00215321759641369,0.00107660879820687
0.180908032712957,0.149815165038625,8339,8339,0.00215321759641369,0.00107660879820683
0.179399797006536,0.148278424633944,8340,8340,0.00215321759641369,0.00107660879820687
0.180908032712957,0.149815165038625,8341,8341,0.00215321759641369,0.00107660879820683
0.179399797006536,0.148278424633944,8342,8342,0.00215321759641369,0.00107660879820687
0.180908032712957,0.149815165038625,8343,8343,0.00215321759641369,0.00107660879820683
0.179399797006536,0.148278424633944,8344,8344,0.00215321759641369,0.00107660879820687
0.180908032712957,0.149815165038625,8345,8345,0.00215321759641369,0.00107660879820683
0.179399797006536,0.148278424633944,8346,8346,0.00215321759641369,0.00107660879820687
0.180908032712957,0.149815165038625,8347,8347,0.00215321759641369,0.00107660879820683
0.179399797006536,0.148278424633944,8348,8348,0.00215321759641369,0.00107660879820687
0.180908032712957,0.149815165038625,8349,8349,0.00215321759641369,0.00107660879820683
0.179399797006536,0.148278424633944,8350,8350,0.00215321759641369,0.00107660879820687
0.180908032712957,0.149815165038625,8351,8351,0.00215321759641369,0.00107660879820683
0.179399797006536,0.148278424633944,8352,8352,0.00215321759641369,0.00107660879820687
0.180908032712957,0.149815165038625,8353,8353,0.00215321759641369,0.00107660879820683
0.179399797006536,0.148278424633944,8354,8354,0.00215321759641369,0.00107660879820687
0.180908032712957,0.149815165038625,8355,8355,0.00215321759641369,0.00107660879820683
0.179399797006536,0.148278424633944,8356,8356,0.00215321759641369,0.00107660879820687
0.180908032712957,0.149815165038625,8357,8357,0.00215321759641369,0.00107660879820683
0.179399797006536,0.148278424633944,8358,8358,0.00215321759641369,0.00107660879820687
0.180908032712957,0.149815165038625,8359,8359,0.00215321759641369,0.00107660879820683
0.179399797006536,0.148278424633944,8360,8360,0.00215321759641369,0.00107660879820687
0.180908032712957,0.149815165038625,8361,8361,0.00215321759641369,0.00107660879820683
0.179399797006536,0.148278424633944,8362,8362,0.00215321759641369,0.00107660879820687
0.180908032712957,0.149815165038625,8363,8363,0.00215321759641369,0.00107660879820683
0.179399797006536,0.148278424633944,8364,8364,0.00215321759641369,0.00107660879820687
0.180908032712957,0.149815165038625,8365,8365,0.00215321759641369,0.00107660879820683
0.179399797006536,0.148278424633944,8366,8366,0.00215321759641369,0.00107660879820687
0.180908032712957,0.149815165038625,8367,8367,0.00215321759641369,0.00107660879820683
0.179399797006536,0.148278424633944,8368,8368,0.00215321759641369,0.00107660879820687
0.180908032712957,0.149815165038625,8369,8369,0.00215321759641369,0.00107660879820683
0.179399797006536,0.148278424633944,8370,8370,0.00215321759641369,0.00107660879820687
0.180908032712957,0.149815165038625,8371,8371,0.00215321759641369,0.00107660879820683
0.179399797006536,0.148278424633944,8372,8372,0.00215321759641369,0.00107660879820687
0.180908032712957,0.149815165038625,8373,8373,0.00215321759641369,0.00107660879820683
0.179399797006536,0.148278424633944,8374,8374,0.00215321759641369,0.00107660879820687
0.180908032712957,0.149815165038625,8375,8375,0.00215321759641369,0.00107660879820683
0.179399797006536,0.148278424633944,8376,8376,0.00215321759641369,0.00107660879820687
0.180908032712957,0.149815165038625,8377,8377,0.00215321759641369,0.00107660879820683
0.179399797006536,0.148278424633944,8378,8378,0.00215321759641369,0.00107660879820687
0.180908032712957,0.149815165038625,8379,8379,0.00215321759641369,0.00107660879820683
0.179399797006536,0.148278424633944,8380,8380,0.00215321759641369,0.00107660879820687
0.180908032712957,0.149815165038625,8381,8381,0.00215321759641369,0.00107660879820683
0.179399797006536,0.148278424633944,8382,8382,0.00215321759641369,0.00107660879820687
0.180908032712957,0.149815165038625,8383,8383,0.00215321759641369,0.00107660879820683
0.179399797006536,0.148278424633944,8384,8384,0.00215321759641369,0.00107660879820687
0.180908032712957,0.149815165038625,8385,8385,0.00215321759641369,0.00107660879820683
0.179399797006536,0.148278424633944,8386,8386,0.00215321759641369,0.00107660879820687
0.180908032712957,0.149815165038625,8387,8387,0.00215321759641369,0.00107660879820683
0.179399797006536,0.148278424633944,8388,8388,0.00215321759641369,0.00107660879820687
0.180908032712957,0.149815165038625,8389,8389,0.00215321759641369,0.00107660879820683
0.179399797006536,0.148278424633944,8390,8390,0.00215321759641369,0.00107660879820687
0.180908032712957,0.149815165038625,8391,8391,0.00215321759641369,0.00107660879820683
0.179399797006536,0.148278424633944,8392,8392,0.00215321759641369,0.00107660879820687
0.180908032712957,0.149815165038625,8393,8393,0.00215321759641369,0.00107660879820683
0.179399797006536,0.148278424633944,8394,8394,0.00215321759641369,0.00107660879820687
0.180908032712957,0.149815165038625,8395,8395,0.00215321759641369,0.00107660879820683
0.179399797006536,0.148278424633944,8396,8396,0.00215321759641369,0.00107660879820687
0.180908032712957,0.149815165038625,8397,8397,0.00215321759641369,0.00107660879820683
0.179399797006536,0.148278424633944,8398,8398,0.00215321759641369,0.00107660879820687
0.180908032712957,0.149815165038625,8399,8399,0.00215321759641369,0.00107660879820683
0.179399797006536,0.148278424633944,8400,8400,0.00215321759641369,0.00107660879820687
0.180908032712957,0.149815165038625,8401,8401,0.00215321759641369,0.00107660879820683
0.179399797006536,0.148278424633944,8402,8402,0.00215321759641369,0.00107660879820687
0.180908032712957,0.149815165038625,8403,8403,0.00215321759641369,0.00107660879820683
0.179399797006536,0.148278424633944,8404,8404,0.00215321759641369,0.00107660879820687
0.180908032712957,0.149815165038625,8405,8405,0.00215321759641369,0.00107660879820683
0.179399797006536,0.148278424633944,8406,8406,0.00215321759641369,0.00107660879820687
0.180908032712957,0.149815165038625,8407,8407,0.00215321759641369,0.00107660879820683
0.179399797006536,0.148278424633944,8408,8408,0.00215321759641369,0.00107660879820687
0.180908032712957,0.149815165038625,8409,8409,0.00215321759641369,0.00107660879820683
0.179399797006536,0.148278424633944,8410,8410,0.00215321759641369,0.00107660879820687
0.180908032712957,0.149815165038625,8411,8411,0.00215321759641369,0.00107660879820683
0.179399797006536,0.148278424633944,8412,8412,0.00215321759641369,0.00107660879820687
0.180908032712957,0.149815165038625,8413,8413,0.00215321759641369,0.00107660879820683
0.179399797006536,0.148278424633944,8414,8414,0.00215321759641369,0.00107660879820687
0.180908032712957,0.149815165038625,8415,8415,0.00215321759641369,0.00107660879820683
0.179399797006536,0.148278424633944,8416,8416,0.00215321759641369,0.00107660879820687
0.180908032712957,0.149815165038625,8417,8417,0.00215321759641369,0.00107660879820683
0.179399797006536,0.148278424633944,8418,8418,0.00215321759641369,0.00107660879820687
0.180908032712957,0.149815165038625,8419,8419,0.00215321759641369,0.00107660879820683
0.179399797006536,0.148278424633944,8420,8420,0.00215321759641369,0.00107660879820687
0.180908032712957,0.149815165038625,8421,8421,0.00215321759641369,0.00107660879820683
0.179399797006536,0.148278424633944,8422,8422,0.00215321759641369,0.00107660879820687
0.180908032712957,0.149815165038625,8423,8423,0.00215321759641369,0.00107660879820683
0.179399797006536,0.148278424633944,8424,8424,0.00215321759641369,0.00107660879820687
0.180908032712957,0.149815165038625,8425,8425,0.00215321759641369,0.00107660879820683
0.179399797006536,0.148278424633944,8426,8426,0.00215321759641369,0.00107660879820687
0.180908032712957,0.149815165038625,8427,8427,0.00215321759641369,0.00107660879820683
0.179399797006536,0.148278424633944,8428,8428,0.00215321759641369,0.00107660879820687
0.180908032712957,0.149815165038625,8429,8429,0.00215321759641369,0.00107660879820683
0.179399797006536,0.148278424633944,8430,8430,0.00215321759641369,0.00107660879820687
0.180908032712957,0.149815165038625,8431,8431,0.00215321759641369,0.00107660879820683
0.179399797006536,0.148278424633944,8432,8432,0.00215321759641369,0.00107660879820687
0.180908032712957,0.149815165038625,8433,8433,0.00215321759641369,0.00107660879820683
0.179399797006536,0.148278424633944,8434,8434,0.00215321759641369,0.00107660879820687
0.180908032712957,0.149815165038625,8435,8435,0.00215321759641369,0.00107660879820683
0.179399797006536,0.148278424633944,8436,8436,0.00215321759641369,0.00107660879820687
0.180908032712957,0.149815165038625,8437,8437,0.00215321759641369,0.00107660879820683
0.179399797006536,0.148278424633944,8438,8438,0.00215321759641369,0.00107660879820687
0.180908032712957,0.149815165038625,8439,8439,0.00215321759641369,0.00107660879820683
0.179399797006536,0.148278424633944,8440,8440,0.00215321759641369,0.00107660879820687
0.180908032712957,0.149815165038625,8441,8441,0.00215321759641369,0.00107660879820683
0.179399797006536,0.148278424633944,8442,8442,0.00215321759641369,0.00107660879820687
0.180908032712957,0.149815165038625,8443,8443,0.00215321759641369,0.00107660879820683
0.179399797006536,0.148278424633944,8444,8444,0.00215321759641369,0.00107660879820687
0.180908032712957,0.149815165038625,8445,8445,0.00215321759641369,0.00107660879820683
0.179399797006536,0.148278424633944,8446,8446,0.00215321759641369,0.00107660879820687
0.180908032712957,0.149815165038625,8447,8447,0.00215321759641369,0.00107660879820683
0.179399797006536,0.148278424633944,8448,8448,0.00215321759641369,0.00107660879820687
0.180908032712957,0.149815165038625,8449,8449,0.00215321759641369,0.00107660879820683
0.179399797006536,0.148278424633944,8450,8450,0.00215321759641369,0.00107660879820687
0.180908032712957,0.149815165038625,8451,8451,0.00215321759641369,0.00107660879820683
0.179399797006536,0.148278424633944,8452,8452,0.00215321759641369,0.00107660879820687
0.180908032712957,0.149815165038625,8453,8453,0.00215321759641369,0.00107660879820683
0.179399797006536,0.148278424633944,8454,8454,0.00215321759641369,0.00107660879820687
0.180908032712957,0.149815165038625,8455,8455,0.00215321759641369,0.00107660879820683
0.179399797006536,0.148278424633944,8456,8456,0.00215321759641369,0.00107660879820687
0.180908032712957,0.149815165038625,8457,8457,0.00215321759641369,0.00107660879820683
0.179399797006536,0.148278424633944,8458,8458,0.00215321759641369,0.00107660879820687
0.180908032712957,0.149815165038625,8459,8459,0.00215321759641369,0.00107660879820683
0.179399797006536,0.148278424633944,8460,8460,0.00215321759641369,0.00107660879820687
0.180908032712957,0.149815165038625,8461,8461,0.00215321759641369,0.00107660879820683
0.179399797006536,0.148278424633944,8462,8462,0.00215321759641369,0.00107660879820687
0.180908032712957,0.149815165038625,8463,8463,0.00215321759641369,0.00107660879820683
0.179399797006536,0.148278424633944,8464,8464,0.00215321759641369,0.00107660879820687
0.180908032712957,0.149815165038625,8465,8465,0.00215321759641369,0.00107660879820683
0.179399797006536,0.148278424633944,8466,8466,0.00215321759641369,0.00107660879820687
0.180908032712957,0.149815165038625,8467,8467,0.00215321759641369,0.00107660879820683
0.179399797006536,0.148278424633944,8468,8468,0.00215321759641369,0.00107660879820687
0.180908032712957,0.149815165038625,8469,8469,0.00215321759641369,0.00107660879820683
0.179399797006536,0.148278424633944,8470,8470,0.00215321759641369,0.00107660879820687
0.180908032712957,0.149815165038625,8471,8471,0.00215321759641369,0.00107660879820683
0.179399797006536,0.148278424633944,8472,8472,0.00215321759641369,0.00107660879820687
0.180908032712957,0.149815165038625,8473,8473,0.00215321759641369,0.00107660879820683
0.179399797006536,0.148278424633944,8474,8474,0.00215321759641369,0.00107660879820687
0.180908032712957,0.149815165038625,8475,8475,0.00215321759641369,0.00107660879820683
0.179399797006536,0.148278424633944,8476,8476,0.00215321759641369,0.00107660879820687
0.180908032712957,0.149815165038625,8477,8477,0.00215321759641369,0.00107660879820683
0.179399797006536,0.148278424633944,8478,8478,0.00215321759641369,0.00107660879820687
0.180908032712957,0.149815165038625,8479,8479,0.00215321759641369,0.00107660879820683
0.179399797006536,0.148278424633944,8480,8480,0.00215321759641369,0.00107660879820687
0.180908032712957,0.149815165038625,8481,8481,0.00215321759641369,0.00107660879820683
0.179399797006536,0.148278424633944,8482,8482,0.00215321759641369,0.00107660879820687
0.180908032712957,0.149815165038625,8483,8483,0.00215321759641369,0.00107660879820683
0.179399797006536,0.148278424633944,8484,8484,0.00215321759641369,0.00107660879820687
0.180908032712957,0.149815165038625,8485,8485,0.00215321759641369,0.00107660879820683
0.179399797006536,0.148278424633944,8486,8486,0.00215321759641369,0.00107660879820687
0.180908032712957,0.149815165038625,8487,8487,0.00215321759641369,0.00107660879820683
0.179399797006536,0.148278424633944,8488,8488,0.00215321759641369,0.00107660879820687
0.180908032712957,0.149815165038625,8489,8489,0.00215321759641369,0.00107660879820683
0.179399797006536,0.148278424633944,8490,8490,0.00215321759641369,0.00107660879820687
0.180908032712957,0.149815165038625,8491,8491,0.00215321759641369,0.00107660879820683
0.179399797006536,0.148278424633944,8492,8492,0.00215321759641369,0.00107660879820687
0.180908032712957,0.149815165038625,8493,8493,0.00215321759641369,0.00107660879820683
0.179399797006536,0.148278424633944,8494,8494,0.00215321759641369,0.00107660879820687
0.180908032712957,0.149815165038625,8495,8495,0.00215321759641369,0.00107660879820683
0.179399797006536,0.148278424633944,8496,8496,0.00215321759641369,0.00107660879820687
0.180908032712957,0.149815165038625,8497,8497,0.00215321759641369,0.00107660879820683
0.179399797006536,0.148278424633944,8498,8498,0.00215321759641369,0.00107660879820687
0.180908032712957,0.149815165038625,8499,8499,0.00215321759641369,0.00107660879820683
0.179399797006536,0.148278424633944,8500,8500,0.00215321759641369,0.00107660879820687
0.180908032712957,0.149815165038625,8501,8501,0.00215321759641369,0.00107660879820683
0.179399797006536,0.148278424633944,8502,8502,0.00215321759641369,0.00107660879820687
0.180908032712957,0.149815165038625,8503,8503,0.00215321759641369,0.00107660879820683
0.179399797006536,0.148278424633944,8504,8504,0.00215321759641369,0.00107660879820687
0.180908032712957,0.149815165038625,8505,8505,0.00215321759641369,0.00107660879820683
0.179399797006536,0.148278424633944,8506,8506,0.00215321759641369,0.00107660879820687
0.180908032712957,0.149815165038625,8507,8507,0.00215321759641369,0.00107660879820683
0.179399797006536,0.148278424633944,8508,8508,0.00215321759641369,0.00107660879820687
0.180908032712957,0.149815165038625,8509,8509,0.00215321759641369,0.00107660879820683
0.179399797006536,0.148278424633944,8510,8510,0.00215321759641369,0.00107660879820687
0.180908032712957,0.149815165038625,8511,8511,0.00215321759641369,0.00107660879820683
0.179399797006536,0.148278424633944,8512,8512,0.00215321759641369,0.00107660879820687
0.180908032712957,0.149815165038625,8513,8513,0.00215321759641369,0.00107660879820683
0.179399797006536,0.148278424633944,8514,8514,0.00215321759641369,0.00107660879820687
0.180908032712957,0.149815165038625,8515,8515,0.00215321759641369,0.00107660879820683
0.179399797006536,0.148278424633944,8516,8516,0.00215321759641369,0.00107660879820687
0.180908032712957,0.149815165038625,8517,8517,0.00215321759641369,0.00107660879820683
0.179399797006536,0.148278424633944,8518,8518,0.00215321759641369,0.00107660879820687
0.180908032712957,0.149815165038625,8519,8519,0.00215321759641369,0.00107660879820683
0.179399797006536,0.148278424633944,8520,8520,0.00215321759641369,0.00107660879820687
0.180908032712957,0.149815165038625,8521,8521,0.00215321759641369,0.00107660879820683
0.179399797006536,0.148278424633944,8522,8522,0.00215321759641369,0.00107660879820687
0.180908032712957,0.149815165038625,8523,8523,0.00215321759641369,0.00107660879820683
0.179399797006536,0.148278424633944,8524,8524,0.00215321759641369,0.00107660879820687
0.180908032712957,0.149815165038625,8525,8525,0.00215321759641369,0.00107660879820683
0.179399797006536,0.148278424633944,8526,8526,0.00215321759641369,0.00107660879820687
0.180908032712957,0.149815165038625,8527,8527,0.00215321759641369,0.00107660879820683
0.179399797006536,0.148278424633944,8528,8528,0.00215321759641369,0.00107660879820687
0.180908032712957,0.149815165038625,8529,8529,0.00215321759641369,0.00107660879820683
0.179399797006536,0.148278424633944,8530,8530,0.00215321759641369,0.00107660879820687
0.180908032712957,0.149815165038625,8531,8531,0.00215321759641369,0.00107660879820683
0.179399797006536,0.148278424633944,8532,8532,0.00215321759641369,0.00107660879820687
0.180908032712957,0.149815165038625,8533,8533,0.00215321759641369,0.00107660879820683
0.179399797006536,0.148278424633944,8534,8534,0.00215321759641369,0.00107660879820687
0.180908032712957,0.149815165038625,8535,8535,0.00215321759641369,0.00107660879820683
0.179399797006536,0.148278424633944,8536,8536,0.00215321759641369,0.00107660879820687
0.180908032712957,0.149815165038625,8537,8537,0.00215321759641369,0.00107660879820683
0.179399797006536,0.148278424633944,8538,8538,0.00215321759641369,0.00107660879820687
0.180908032712957,0.149815165038625,8539,8539,0.00215321759641369,0.00107660879820683
0.179399797006536,0.148278424633944,8540,8540,0.00215321759641369,0.00107660879820687
0.180908032712957,0.149815165038625,8541,8541,0.00215321759641369,0.00107660879820683
0.179399797006536,0.148278424633944,8542,8542,0.00215321759641369,0.00107660879820687
0.180908032712957,0.149815165038625,8543,8543,0.00215321759641369,0.00107660879820683
0.179399797006536,0.148278424633944,8544,8544,0.00215321759641369,0.00107660879820687
0.180908032712957,0.149815165038625,8545,8545,0.00215321759641369,0.00107660879820683
0.179399797006536,0.148278424633944,8546,8546,0.00215321759641369,0.00107660879820687
0.180908032712957,0.149815165038625,8547,8547,0.00215321759641369,0.00107660879820683
0.179399797006536,0.148278424633944,8548,8548,0.00215321759641369,0.00107660879820687
0.180908032712957,0.149815165038625,8549,8549,0.00215321759641369,0.00107660879820683
0.179399797006536,0.148278424633944,8550,8550,0.00215321759641369,0.00107660879820687
0.180908032712957,0.149815165038625,8551,8551,0.00215321759641369,0.00107660879820683
0.179399797006536,0.148278424633944,8552,8552,0.00215321759641369,0.00107660879820687
0.180908032712957,0.149815165038625,8553,8553,0.00215321759641369,0.00107660879820683
0.179399797006536,0.148278424633944,8554,8554,0.00215321759641369,0.00107660879820687
0.180908032712957,0.149815165038625,8555,8555,0.00215321759641369,0.00107660879820683
0.179399797006536,0.148278424633944,8556,8556,0.00215321759641369,0.00107660879820687
0.180908032712957,0.149815165038625,8557,8557,0.00215321759641369,0.00107660879820683
0.179399797006536,0.148278424633944,8558,8558,0.00215321759641369,0.00107660879820687
0.180908032712957,0.149815165038625,8559,8559,0.00215321759641369,0.00107660879820683
0.179399797006536,0.148278424633944,8560,8560,0.00215321759641369,0.00107660879820687
0.180908032712957,0.149815165038625,8561,8561,0.00215321759641369,0.00107660879820683
0.179399797006536,0.148278424633944,8562,8562,0.00215321759641369,0.00107660879820687
0.180908032712957,0.149815165038625,8563,8563,0.00215321759641369,0.00107660879820683
0.179399797006536,0.148278424633944,8564,8564,0.00215321759641369,0.00107660879820687
0.180908032712957,0.149815165038625,8565,8565,0.00215321759641369,0.00107660879820683
0.179399797006536,0.148278424633944,8566,8566,0.00215321759641369,0.00107660879820687
0.180908032712957,0.149815165038625,8567,8567,0.00215321759641369,0.00107660879820683
0.179399797006536,0.148278424633944,8568,8568,0.00215321759641369,0.00107660879820687
0.180908032712957,0.149815165038625,8569,8569,0.00215321759641369,0.00107660879820683
0.179399797006536,0.148278424633944,8570,8570,0.00215321759641369,0.00107660879820687
0.180908032712957,0.149815165038625,8571,8571,0.00215321759641369,0.00107660879820683
0.179399797006536,0.148278424633944,8572,8572,0.00215321759641369,0.00107660879820687
0.180908032712957,0.149815165038625,8573,8573,0.00215321759641369,0.00107660879820683
0.179399797006536,0.148278424633944,8574,8574,0.00215321759641369,0.00107660879820687
0.180908032712957,0.149815165038625,8575,8575,0.00215321759641369,0.00107660879820683
0.179399797006536,0.148278424633944,8576,8576,0.00215321759641369,0.00107660879820687
0.180908032712957,0.149815165038625,8577,8577,0.00215321759641369,0.00107660879820683
0.179399797006536,0.148278424633944,8578,8578,0.00215321759641369,0.00107660879820687
0.180908032712957,0.149815165038625,8579,8579,0.00215321759641369,0.00107660879820683
0.179399797006536,0.148278424633944,8580,8580,0.00215321759641369,0.00107660879820687
0.180908032712957,0.149815165038625,8581,8581,0.00215321759641369,0.00107660879820683
0.179399797006536,0.148278424633944,8582,8582,0.00215321759641369,0.00107660879820687
0.180908032712957,0.149815165038625,8583,8583,0.00215321759641369,0.00107660879820683
0.179399797006536,0.148278424633944,8584,8584,0.00215321759641369,0.00107660879820687
0.180908032712957,0.149815165038625,8585,8585,0.00215321759641369,0.00107660879820683
0.179399797006536,0.148278424633944,8586,8586,0.00215321759641369,0.00107660879820687
0.180908032712957,0.149815165038625,8587,8587,0.00215321759641369,0.00107660879820683
0.179399797006536,0.148278424633944,8588,8588,0.00215321759641369,0.00107660879820687
0.180908032712957,0.149815165038625,8589,8589,0.00215321759641369,0.00107660879820683
0.179399797006536,0.148278424633944,8590,8590,0.00215321759641369,0.00107660879820687
0.180908032712957,0.149815165038625,8591,8591,0.00215321759641369,0.00107660879820683
0.179399797006536,0.148278424633944,8592,8592,0.00215321759641369,0.00107660879820687
0.180908032712957,0.149815165038625,8593,8593,0.00215321759641369,0.00107660879820683
0.179399797006536,0.148278424633944,8594,8594,0.00215321759641369,0.00107660879820687
0.180908032712957,0.149815165038625,8595,8595,0.00215321759641369,0.00107660879820683
0.179399797006536,0.148278424633944,8596,8596,0.00215321759641369,0.00107660879820687
0.180908032712957,0.149815165038625,8597,8597,0.00215321759641369,0.00107660879820683
0.179399797006536,0.148278424633944,8598,8598,0.00215321759641369,0.00107660879820687
0.180908032712957,0.149815165038625,8599,8599,0.00215321759641369,0.00107660879820683
0.179399797006536,0.148278424633944,8600,8600,0.00215321759641369,0.00107660879820687
0.180908032712957,0.149815165038625,8601,8601,0.00215321759641369,0.00107660879820683
0.179399797006536,0.148278424633944,8602,8602,0.00215321759641369,0.00107660879820687
0.180908032712957,0.149815165038625,8603,8603,0.00215321759641369,0.00107660879820683
0.179399797006536,0.148278424633944,8604,8604,0.00215321759641369,0.00107660879820687
0.180908032712957,0.149815165038625,8605,8605,0.00215321759641369,0.00107660879820683
0.179399797006536,0.148278424633944,8606,8606,0.00215321759641369,0.00107660879820687
0.180908032712957,0.149815165038625,8607,8607,0.00215321759641369,0.00107660879820683
0.179399797006536,0.148278424633944,8608,8608,0.00215321759641369,0.00107660879820687
0.180908032712957,0.149815165038625,8609,8609,0.00215321759641369,0.00107660879820683
0.179399797006536,0.148278424633944,8610,8610,0.00215321759641369,0.00107660879820687
0.180908032712957,0.149815165038625,8611,8611,0.00215321759641369,0.00107660879820683
0.179399797006536,0.148278424633944,8612,8612,0.00215321759641369,0.00107660879820687
0.180908032712957,0.149815165038625,8613,8613,0.00215321759641369,0.00107660879820683
0.179399797006536,0.148278424633944,8614,8614,0.00215321759641369,0.00107660879820687
0.180908032712957,0.149815165038625,8615,8615,0.00215321759641369,0.00107660879820683
0.179399797006536,0.148278424633944,8616,8616,0.00215321759641369,0.00107660879820687
0.180908032712957,0.149815165038625,8617,8617,0.00215321759641369,0.00107660879820683
0.179399797006536,0.148278424633944,8618,8618,0.00215321759641369,0.00107660879820687
0.180908032712957,0.149815165038625,8619,8619,0.00215321759641369,0.00107660879820683
0.179399797006536,0.148278424633944,8620,8620,0.00215321759641369,0.00107660879820687
0.180908032712957,0.149815165038625,8621,8621,0.00215321759641369,0.00107660879820683
0.179399797006536,0.148278424633944,8622,8622,0.00215321759641369,0.00107660879820687
0.180908032712957,0.149815165038625,8623,8623,0.00215321759641369,0.00107660879820683
0.179399797006536,0.148278424633944,8624,8624,0.00215321759641369,0.00107660879820687
0.180908032712957,0.149815165038625,8625,8625,0.00215321759641369,0.00107660879820683
0.179399797006536,0.148278424633944,8626,8626,0.00215321759641369,0.00107660879820687
0.180908032712957,0.149815165038625,8627,8627,0.00215321759641369,0.00107660879820683
0.179399797006536,0.148278424633944,8628,8628,0.00215321759641369,0.00107660879820687
0.180908032712957,0.149815165038625,8629,8629,0.00215321759641369,0.00107660879820683
0.179399797006536,0.148278424633944,8630,8630,0.00215321759641369,0.00107660879820687
0.180908032712957,0.149815165038625,8631,8631,0.00215321759641369,0.00107660879820683
0.179399797006536,0.148278424633944,8632,8632,0.00215321759641369,0.00107660879820687
0.180908032712957,0.149815165038625,8633,8633,0.00215321759641369,0.00107660879820683
0.179399797006536,0.148278424633944,8634,8634,0.00215321759641369,0.00107660879820687
0.180908032712957,0.149815165038625,8635,8635,0.00215321759641369,0.00107660879820683
0.179399797006536,0.148278424633944,8636,8636,0.00215321759641369,0.00107660879820687
0.180908032712957,0.149815165038625,8637,8637,0.00215321759641369,0.00107660879820683
0.179399797006536,0.148278424633944,8638,8638,0.00215321759641369,0.00107660879820687
0.180908032712957,0.149815165038625,8639,8639,0.00215321759641369,0.00107660879820683
0.179399797006536,0.148278424633944,8640,8640,0.00215321759641369,0.00107660879820687
0.180908032712957,0.149815165038625,8641,8641,0.00215321759641369,0.00107660879820683
0.179399797006536,0.148278424633944,8642,8642,0.00215321759641369,0.00107660879820687
0.180908032712957,0.149815165038625,8643,8643,0.00215321759641369,0.00107660879820683
0.179399797006536,0.148278424633944,8644,8644,0.00215321759641369,0.00107660879820687
0.180908032712957,0.149815165038625,8645,8645,0.00215321759641369,0.00107660879820683
0.179399797006536,0.148278424633944,8646,8646,0.00215321759641369,0.00107660879820687
0.180908032712957,0.149815165038625,8647,8647,0.00215321759641369,0.00107660879820683
0.179399797006536,0.148278424633944,8648,8648,0.00215321759641369,0.00107660879820687
0.180908032712957,0.149815165038625,8649,8649,0.00215321759641369,0.00107660879820683
0.179399797006536,0.148278424633944,8650,8650,0.00215321759641369,0.00107660879820687
0.180908032712957,0.149815165038625,8651,8651,0.00215321759641369,0.00107660879820683
0.179399797006536,0.148278424633944,8652,8652,0.00215321759641369,0.00107660879820687
0.180908032712957,0.149815165038625,8653,8653,0.00215321759641369,0.00107660879820683
0.179399797006536,0.148278424633944,8654,8654,0.00215321759641369,0.00107660879820687
0.180908032712957,0.149815165038625,8655,8655,0.00215321759641369,0.00107660879820683
0.179399797006536,0.148278424633944,8656,8656,0.00215321759641369,0.00107660879820687
0.180908032712957,0.149815165038625,8657,8657,0.00215321759641369,0.00107660879820683
0.179399797006536,0.148278424633944,8658,8658,0.00215321759641369,0.00107660879820687
0.180908032712957,0.149815165038625,8659,8659,0.00215321759641369,0.00107660879820683
0.179399797006536,0.148278424633944,8660,8660,0.00215321759641369,0.00107660879820687
0.180908032712957,0.149815165038625,8661,8661,0.00215321759641369,0.00107660879820683
0.179399797006536,0.148278424633944,8662,8662,0.00215321759641369,0.00107660879820687
0.180908032712957,0.149815165038625,8663,8663,0.00215321759641369,0.00107660879820683
0.179399797006536,0.148278424633944,8664,8664,0.00215321759641369,0.00107660879820687
0.180908032712957,0.149815165038625,8665,8665,0.00215321759641369,0.00107660879820683
0.179399797006536,0.148278424633944,8666,8666,0.00215321759641369,0.00107660879820687
0.180908032712957,0.149815165038625,8667,8667,0.00215321759641369,0.00107660879820683
0.179399797006536,0.148278424633944,8668,8668,0.00215321759641369,0.00107660879820687
0.180908032712957,0.149815165038625,8669,8669,0.00215321759641369,0.00107660879820683
0.179399797006536,0.148278424633944,8670,8670,0.00215321759641369,0.00107660879820687
0.180908032712957,0.149815165038625,8671,8671,0.00215321759641369,0.00107660879820683
0.179399797006536,0.148278424633944,8672,8672,0.00215321759641369,0.00107660879820687
0.180908032712957,0.149815165038625,8673,8673,0.00215321759641369,0.00107660879820683
0.179399797006536,0.148278424633944,8674,8674,0.00215321759641369,0.00107660879820687
0.180908032712957,0.149815165038625,8675,8675,0.00215321759641369,0.00107660879820683
0.179399797006536,0.148278424633944,8676,8676,0.00215321759641369,0.00107660879820687
0.180908032712957,0.149815165038625,8677,8677,0.00215321759641369,0.00107660879820683
0.179399797006536,0.148278424633944,8678,8678,0.00215321759641369,0.00107660879820687
0.180908032712957,0.149815165038625,8679,8679,0.00215321759641369,0.00107660879820683
0.179399797006536,0.148278424633944,8680,8680,0.00215321759641369,0.00107660879820687
0.180908032712957,0.149815165038625,8681,8681,0.00215321759641369,0.00107660879820683
0.179399797006536,0.148278424633944,8682,8682,0.00215321759641369,0.00107660879820687
0.180908032712957,0.149815165038625,8683,8683,0.00215321759641369,0.00107660879820683
0.179399797006536,0.148278424633944,8684,8684,0.00215321759641369,0.00107660879820687
0.180908032712957,0.149815165038625,8685,8685,0.00215321759641369,0.00107660879820683
0.179399797006536,0.148278424633944,8686,8686,0.00215321759641369,0.00107660879820687
0.180908032712957,0.149815165038625,8687,8687,0.00215321759641369,0.00107660879820683
0.179399797006536,0.148278424633944,8688,8688,0.00215321759641369,0.00107660879820687
0.180908032712957,0.149815165038625,8689,8689,0.00215321759641369,0.00107660879820683
0.179399797006536,0.148278424633944,8690,8690,0.00215321759641369,0.00107660879820687
0.180908032712957,0.149815165038625,8691,8691,0.00215321759641369,0.00107660879820683
0.179399797006536,0.148278424633944,8692,8692,0.00215321759641369,0.00107660879820687
0.180908032712957,0.149815165038625,8693,8693,0.00215321759641369,0.00107660879820683
0.179399797006536,0.148278424633944,8694,8694,0.00215321759641369,0.00107660879820687
0.180908032712957,0.149815165038625,8695,8695,0.00215321759641369,0.00107660879820683
0.179399797006536,0.148278424633944,8696,8696,0.00215321759641369,0.00107660879820687
0.180908032712957,0.149815165038625,8697,8697,0.00215321759641369,0.00107660879820683
0.179399797006536,0.148278424633944,8698,8698,0.00215321759641369,0.00107660879820687
0.180908032712957,0.149815165038625,8699,8699,0.00215321759641369,0.00107660879820683
0.179399797006536,0.148278424633944,8700,8700,0.00215321759641369,0.00107660879820687
0.180908032712957,0.149815165038625,8701,8701,0.00215321759641369,0.00107660879820683
0.179399797006536,0.148278424633944,8702,8702,0.00215321759641369,0.00107660879820687
0.180908032712957,0.149815165038625,8703,8703,0.00215321759641369,0.00107660879820683
0.179399797006536,0.148278424633944,8704,8704,0.00215321759641369,0.00107660879820687
0.180908032712957,0.149815165038625,8705,8705,0.00215321759641369,0.00107660879820683
0.179399797006536,0.148278424633944,8706,8706,0.00215321759641369,0.00107660879820687
0.180908032712957,0.149815165038625,8707,8707,0.00215321759641369,0.00107660879820683
0.179399797006536,0.148278424633944,8708,8708,0.00215321759641369,0.00107660879820687
0.180908032712957,0.149815165038625,8709,8709,0.00215321759641369,0.00107660879820683
0.179399797006536,0.148278424633944,8710,8710,0.00215321759641369,0.00107660879820687
0.180908032712957,0.149815165038625,8711,8711,0.00215321759641369,0.00107660879820683
0.179399797006536,0.148278424633944,8712,8712,0.00215321759641369,0.00107660879820687
0.180908032712957,0.149815165038625,8713,8713,0.00215321759641369,0.00107660879820683
0.179399797006536,0.148278424633944,8714,8714,0.00215321759641369,0.00107660879820687
0.180908032712957,0.149815165038625,8715,8715,0.00215321759641369,0.00107660879820683
0.179399797006536,0.148278424633944,8716,8716,0.00215321759641369,0.00107660879820687
0.180908032712957,0.149815165038625,8717,8717,0.00215321759641369,0.00107660879820683
0.179399797006536,0.148278424633944,8718,8718,0.00215321759641369,0.00107660879820687
0.180908032712957,0.149815165038625,8719,8719,0.00215321759641369,0.00107660879820683
0.179399797006536,0.148278424633944,8720,8720,0.00215321759641369,0.00107660879820687
0.180908032712957,0.149815165038625,8721,8721,0.00215321759641369,0.00107660879820683
0.179399797006536,0.148278424633944,8722,8722,0.00215321759641369,0.00107660879820687
0.180908032712957,0.149815165038625,8723,8723,0.00215321759641369,0.00107660879820683
0.179399797006536,0.148278424633944,8724,8724,0.00215321759641369,0.00107660879820687
0.180908032712957,0.149815165038625,8725,8725,0.00215321759641369,0.00107660879820683
0.179399797006536,0.148278424633944,8726,8726,0.00215321759641369,0.00107660879820687
0.180908032712957,0.149815165038625,8727,8727,0.00215321759641369,0.00107660879820683
0.179399797006536,0.148278424633944,8728,8728,0.00215321759641369,0.00107660879820687
0.180908032712957,0.149815165038625,8729,8729,0.00215321759641369,0.00107660879820683
0.179399797006536,0.148278424633944,8730,8730,0.00215321759641369,0.00107660879820687
0.180908032712957,0.149815165038625,8731,8731,0.00215321759641369,0.00107660879820683
0.179399797006536,0.148278424633944,8732,8732,0.00215321759641369,0.00107660879820687
0.180908032712957,0.149815165038625,8733,8733,0.00215321759641369,0.00107660879820683
0.179399797006536,0.148278424633944,8734,8734,0.00215321759641369,0.00107660879820687
0.180908032712957,0.149815165038625,8735,8735,0.00215321759641369,0.00107660879820683
0.179399797006536,0.148278424633944,8736,8736,0.00215321759641369,0.00107660879820687
0.180908032712957,0.149815165038625,8737,8737,0.00215321759641369,0.00107660879820683
0.179399797006536,0.148278424633944,8738,8738,0.00215321759641369,0.00107660879820687
0.180908032712957,0.149815165038625,8739,8739,0.00215321759641369,0.00107660879820683
0.179399797006536,0.148278424633944,8740,8740,0.00215321759641369,0.00107660879820687
0.180908032712957,0.149815165038625,8741,8741,0.00215321759641369,0.00107660879820683
0.179399797006536,0.148278424633944,8742,8742,0.00215321759641369,0.00107660879820687
0.180908032712957,0.149815165038625,8743,8743,0.00215321759641369,0.00107660879820683
0.179399797006536,0.148278424633944,8744,8744,0.00215321759641369,0.00107660879820687
0.180908032712957,0.149815165038625,8745,8745,0.00215321759641369,0.00107660879820683
0.179399797006536,0.148278424633944,8746,8746,0.00215321759641369,0.00107660879820687
0.180908032712957,0.149815165038625,8747,8747,0.00215321759641369,0.00107660879820683
0.179399797006536,0.148278424633944,8748,8748,0.00215321759641369,0.00107660879820687
0.180908032712957,0.149815165038625,8749,8749,0.00215321759641369,0.00107660879820683
0.179399797006536,0.148278424633944,8750,8750,0.00215321759641369,0.00107660879820687
0.180908032712957,0.149815165038625,8751,8751,0.00215321759641369,0.00107660879820683
0.179399797006536,0.148278424633944,8752,8752,0.00215321759641369,0.00107660879820687
0.180908032712957,0.149815165038625,8753,8753,0.00215321759641369,0.00107660879820683
0.179399797006536,0.148278424633944,8754,8754,0.00215321759641369,0.00107660879820687
0.180908032712957,0.149815165038625,8755,8755,0.00215321759641369,0.00107660879820683
0.179399797006536,0.148278424633944,8756,8756,0.00215321759641369,0.00107660879820687
0.180908032712957,0.149815165038625,8757,8757,0.00215321759641369,0.00107660879820683
0.179399797006536,0.148278424633944,8758,8758,0.00215321759641369,0.00107660879820687
0.180908032712957,0.149815165038625,8759,8759,0.00215321759641369,0.00107660879820683
0.179399797006536,0.148278424633944,8760,8760,0.00215321759641369,0.00107660879820687
0.180908032712957,0.149815165038625,8761,8761,0.00215321759641369,0.00107660879820683
0.179399797006536,0.148278424633944,8762,8762,0.00215321759641369,0.00107660879820687
0.180908032712957,0.149815165038625,8763,8763,0.00215321759641369,0.00107660879820683
0.179399797006536,0.148278424633944,8764,8764,0.00215321759641369,0.00107660879820687
0.180908032712957,0.149815165038625,8765,8765,0.00215321759641369,0.00107660879820683
0.179399797006536,0.148278424633944,8766,8766,0.00215321759641369,0.00107660879820687
0.180908032712957,0.149815165038625,8767,8767,0.00215321759641369,0.00107660879820683
0.179399797006536,0.148278424633944,8768,8768,0.00215321759641369,0.00107660879820687
0.180908032712957,0.149815165038625,8769,8769,0.00215321759641369,0.00107660879820683
0.179399797006536,0.148278424633944,8770,8770,0.00215321759641369,0.00107660879820687
0.180908032712957,0.149815165038625,8771,8771,0.00215321759641369,0.00107660879820683
0.179399797006536,0.148278424633944,8772,8772,0.00215321759641369,0.00107660879820687
0.180908032712957,0.149815165038625,8773,8773,0.00215321759641369,0.00107660879820683
0.179399797006536,0.148278424633944,8774,8774,0.00215321759641369,0.00107660879820687
0.180908032712957,0.149815165038625,8775,8775,0.00215321759641369,0.00107660879820683
0.179399797006536,0.148278424633944,8776,8776,0.00215321759641369,0.00107660879820687
0.180908032712957,0.149815165038625,8777,8777,0.00215321759641369,0.00107660879820683
0.179399797006536,0.148278424633944,8778,8778,0.00215321759641369,0.00107660879820687
0.180908032712957,0.149815165038625,8779,8779,0.00215321759641369,0.00107660879820683
0.179399797006536,0.148278424633944,8780,8780,0.00215321759641369,0.00107660879820687
0.180908032712957,0.149815165038625,8781,8781,0.00215321759641369,0.00107660879820683
0.179399797006536,0.148278424633944,8782,8782,0.00215321759641369,0.00107660879820687
0.180908032712957,0.149815165038625,8783,8783,0.00215321759641369,0.00107660879820683
0.179399797006536,0.148278424633944,8784,8784,0.00215321759641369,0.00107660879820687
0.180908032712957,0.149815165038625,8785,8785,0.00215321759641369,0.00107660879820683
0.179399797006536,0.148278424633944,8786,8786,0.00215321759641369,0.00107660879820687
0.180908032712957,0.149815165038625,8787,8787,0.00215321759641369,0.00107660879820683
0.179399797006536,0.148278424633944,8788,8788,0.00215321759641369,0.00107660879820687
0.180908032712957,0.149815165038625,8789,8789,0.00215321759641369,0.00107660879820683
0.179399797006536,0.148278424633944,8790,8790,0.00215321759641369,0.00107660879820687
0.180908032712957,0.149815165038625,8791,8791,0.00215321759641369,0.00107660879820683
0.179399797006536,0.148278424633944,8792,8792,0.00215321759641369,0.00107660879820687
0.180908032712957,0.149815165038625,8793,8793,0.00215321759641369,0.00107660879820683
0.179399797006536,0.148278424633944,8794,8794,0.00215321759641369,0.00107660879820687
0.180908032712957,0.149815165038625,8795,8795,0.00215321759641369,0.00107660879820683
0.179399797006536,0.148278424633944,8796,8796,0.00215321759641369,0.00107660879820687
0.180908032712957,0.149815165038625,8797,8797,0.00215321759641369,0.00107660879820683
0.179399797006536,0.148278424633944,8798,8798,0.00215321759641369,0.00107660879820687
0.180908032712957,0.149815165038625,8799,8799,0.00215321759641369,0.00107660879820683
0.179399797006536,0.148278424633944,8800,8800,0.00215321759641369,0.00107660879820687
0.180908032712957,0.149815165038625,8801,8801,0.00215321759641369,0.00107660879820683
0.179399797006536,0.148278424633944,8802,8802,0.00215321759641369,0.00107660879820687
0.180908032712957,0.149815165038625,8803,8803,0.00215321759641369,0.00107660879820683
0.179399797006536,0.148278424633944,8804,8804,0.00215321759641369,0.00107660879820687
0.180908032712957,0.149815165038625,8805,8805,0.00215321759641369,0.00107660879820683
0.179399797006536,0.148278424633944,8806,8806,0.00215321759641369,0.00107660879820687
0.180908032712957,0.149815165038625,8807,8807,0.00215321759641369,0.00107660879820683
0.179399797006536,0.148278424633944,8808,8808,0.00215321759641369,0.00107660879820687
0.180908032712957,0.149815165038625,8809,8809,0.00215321759641369,0.00107660879820683
0.179399797006536,0.148278424633944,8810,8810,0.00215321759641369,0.00107660879820687
0.180908032712957,0.149815165038625,8811,8811,0.00215321759641369,0.00107660879820683
0.179399797006536,0.148278424633944,8812,8812,0.00215321759641369,0.00107660879820687
0.180908032712957,0.149815165038625,8813,8813,0.00215321759641369,0.00107660879820683
0.179399797006536,0.148278424633944,8814,8814,0.00215321759641369,0.00107660879820687
0.180908032712957,0.149815165038625,8815,8815,0.00215321759641369,0.00107660879820683
0.179399797006536,0.148278424633944,8816,8816,0.00215321759641369,0.00107660879820687
0.180908032712957,0.149815165038625,8817,8817,0.00215321759641369,0.00107660879820683
0.179399797006536,0.148278424633944,8818,8818,0.00215321759641369,0.00107660879820687
0.180908032712957,0.149815165038625,8819,8819,0.00215321759641369,0.00107660879820683
0.179399797006536,0.148278424633944,8820,8820,0.00215321759641369,0.00107660879820687
0.180908032712957,0.149815165038625,8821,8821,0.00215321759641369,0.00107660879820683
0.179399797006536,0.148278424633944,8822,8822,0.00215321759641369,0.00107660879820687
0.180908032712957,0.149815165038625,8823,8823,0.00215321759641369,0.00107660879820683
0.179399797006536,0.148278424633944,8824,8824,0.00215321759641369,0.00107660879820687
0.180908032712957,0.149815165038625,8825,8825,0.00215321759641369,0.00107660879820683
0.179399797006536,0.148278424633944,8826,8826,0.00215321759641369,0.00107660879820687
0.180908032712957,0.149815165038625,8827,8827,0.00215321759641369,0.00107660879820683
0.179399797006536,0.148278424633944,8828,8828,0.00215321759641369,0.00107660879820687
0.180908032712957,0.149815165038625,8829,8829,0.00215321759641369,0.00107660879820683
0.179399797006536,0.148278424633944,8830,8830,0.00215321759641369,0.00107660879820687
0.180908032712957,0.149815165038625,8831,8831,0.00215321759641369,0.00107660879820683
0.179399797006536,0.148278424633944,8832,8832,0.00215321759641369,0.00107660879820687
0.180908032712957,0.149815165038625,8833,8833,0.00215321759641369,0.00107660879820683
0.179399797006536,0.148278424633944,8834,8834,0.00215321759641369,0.00107660879820687
0.180908032712957,0.149815165038625,8835,8835,0.00215321759641369,0.00107660879820683
0.179399797006536,0.148278424633944,8836,8836,0.00215321759641369,0.00107660879820687
0.180908032712957,0.149815165038625,8837,8837,0.00215321759641369,0.00107660879820683
0.179399797006536,0.148278424633944,8838,8838,0.00215321759641369,0.00107660879820687
0.180908032712957,0.149815165038625,8839,8839,0.00215321759641369,0.00107660879820683
0.179399797006536,0.148278424633944,8840,8840,0.00215321759641369,0.00107660879820687
0.180908032712957,0.149815165038625,8841,8841,0.00215321759641369,0.00107660879820683
0.179399797006536,0.148278424633944,8842,8842,0.00215321759641369,0.00107660879820687
0.180908032712957,0.149815165038625,8843,8843,0.00215321759641369,0.00107660879820683
0.179399797006536,0.148278424633944,8844,8844,0.00215321759641369,0.00107660879820687
0.180908032712957,0.149815165038625,8845,8845,0.00215321759641369,0.00107660879820683
0.179399797006536,0.148278424633944,8846,8846,0.00215321759641369,0.00107660879820687
0.180908032712957,0.149815165038625,8847,8847,0.00215321759641369,0.00107660879820683
0.179399797006536,0.148278424633944,8848,8848,0.00215321759641369,0.00107660879820687
0.180908032712957,0.149815165038625,8849,8849,0.00215321759641369,0.00107660879820683
0.179399797006536,0.148278424633944,8850,8850,0.00215321759641369,0.00107660879820687
0.180908032712957,0.149815165038625,8851,8851,0.00215321759641369,0.00107660879820683
0.179399797006536,0.148278424633944,8852,8852,0.00215321759641369,0.00107660879820687
0.180908032712957,0.149815165038625,8853,8853,0.00215321759641369,0.00107660879820683
0.179399797006536,0.148278424633944,8854,8854,0.00215321759641369,0.00107660879820687
0.180908032712957,0.149815165038625,8855,8855,0.00215321759641369,0.00107660879820683
0.179399797006536,0.148278424633944,8856,8856,0.00215321759641369,0.00107660879820687
0.180908032712957,0.149815165038625,8857,8857,0.00215321759641369,0.00107660879820683
0.179399797006536,0.148278424633944,8858,8858,0.00215321759641369,0.00107660879820687
0.180908032712957,0.149815165038625,8859,8859,0.00215321759641369,0.00107660879820683
0.179399797006536,0.148278424633944,8860,8860,0.00215321759641369,0.00107660879820687
0.180908032712957,0.149815165038625,8861,8861,0.00215321759641369,0.00107660879820683
0.179399797006536,0.148278424633944,8862,8862,0.00215321759641369,0.00107660879820687
0.180908032712957,0.149815165038625,8863,8863,0.00215321759641369,0.00107660879820683
0.179399797006536,0.148278424633944,8864,8864,0.00215321759641369,0.00107660879820687
0.180908032712957,0.149815165038625,8865,8865,0.00215321759641369,0.00107660879820683
0.179399797006536,0.148278424633944,8866,8866,0.00215321759641369,0.00107660879820687
0.180908032712957,0.149815165038625,8867,8867,0.00215321759641369,0.00107660879820683
0.179399797006536,0.148278424633944,8868,8868,0.00215321759641369,0.00107660879820687
0.180908032712957,0.149815165038625,8869,8869,0.00215321759641369,0.00107660879820683
0.179399797006536,0.148278424633944,8870,8870,0.00215321759641369,0.00107660879820687
0.180908032712957,0.149815165038625,8871,8871,0.00215321759641369,0.00107660879820683
0.179399797006536,0.148278424633944,8872,8872,0.00215321759641369,0.00107660879820687
0.180908032712957,0.149815165038625,8873,8873,0.00215321759641369,0.00107660879820683
0.179399797006536,0.148278424633944,8874,8874,0.00215321759641369,0.00107660879820687
0.180908032712957,0.149815165038625,8875,8875,0.00215321759641369,0.00107660879820683
0.179399797006536,0.148278424633944,8876,8876,0.00215321759641369,0.00107660879820687
0.180908032712957,0.149815165038625,8877,8877,0.00215321759641369,0.00107660879820683
0.179399797006536,0.148278424633944,8878,8878,0.00215321759641369,0.00107660879820687
0.180908032712957,0.149815165038625,8879,8879,0.00215321759641369,0.00107660879820683
0.179399797006536,0.148278424633944,8880,8880,0.00215321759641369,0.00107660879820687
0.180908032712957,0.149815165038625,8881,8881,0.00215321759641369,0.00107660879820683
0.179399797006536,0.148278424633944,8882,8882,0.00215321759641369,0.00107660879820687
0.180908032712957,0.149815165038625,8883,8883,0.00215321759641369,0.00107660879820683
0.179399797006536,0.148278424633944,8884,8884,0.00215321759641369,0.00107660879820687
0.180908032712957,0.149815165038625,8885,8885,0.00215321759641369,0.00107660879820683
0.179399797006536,0.148278424633944,8886,8886,0.00215321759641369,0.00107660879820687
0.180908032712957,0.149815165038625,8887,8887,0.00215321759641369,0.00107660879820683
0.179399797006536,0.148278424633944,8888,8888,0.00215321759641369,0.00107660879820687
0.180908032712957,0.149815165038625,8889,8889,0.00215321759641369,0.00107660879820683
0.179399797006536,0.148278424633944,8890,8890,0.00215321759641369,0.00107660879820687
0.180908032712957,0.149815165038625,8891,8891,0.00215321759641369,0.00107660879820683
0.179399797006536,0.148278424633944,8892,8892,0.00215321759641369,0.00107660879820687
0.180908032712957,0.149815165038625,8893,8893,0.00215321759641369,0.00107660879820683
0.179399797006536,0.148278424633944,8894,8894,0.00215321759641369,0.00107660879820687
0.180908032712957,0.149815165038625,8895,8895,0.00215321759641369,0.00107660879820683
0.179399797006536,0.148278424633944,8896,8896,0.00215321759641369,0.00107660879820687
0.180908032712957,0.149815165038625,8897,8897,0.00215321759641369,0.00107660879820683
0.179399797006536,0.148278424633944,8898,8898,0.00215321759641369,0.00107660879820687
0.180908032712957,0.149815165038625,8899,8899,0.00215321759641369,0.00107660879820683
0.179399797006536,0.148278424633944,8900,8900,0.00215321759641369,0.00107660879820687
0.180908032712957,0.149815165038625,8901,8901,0.00215321759641369,0.00107660879820683
0.179399797006536,0.148278424633944,8902,8902,0.00215321759641369,0.00107660879820687
0.180908032712957,0.149815165038625,8903,8903,0.00215321759641369,0.00107660879820683
0.179399797006536,0.148278424633944,8904,8904,0.00215321759641369,0.00107660879820687
0.180908032712957,0.149815165038625,8905,8905,0.00215321759641369,0.00107660879820683
0.179399797006536,0.148278424633944,8906,8906,0.00215321759641369,0.00107660879820687
0.180908032712957,0.149815165038625,8907,8907,0.00215321759641369,0.00107660879820683
0.179399797006536,0.148278424633944,8908,8908,0.00215321759641369,0.00107660879820687
0.180908032712957,0.149815165038625,8909,8909,0.00215321759641369,0.00107660879820683
0.179399797006536,0.148278424633944,8910,8910,0.00215321759641369,0.00107660879820687
0.180908032712957,0.149815165038625,8911,8911,0.00215321759641369,0.00107660879820683
0.179399797006536,0.148278424633944,8912,8912,0.00215321759641369,0.00107660879820687
0.180908032712957,0.149815165038625,8913,8913,0.00215321759641369,0.00107660879820683
0.179399797006536,0.148278424633944,8914,8914,0.00215321759641369,0.00107660879820687
0.180908032712957,0.149815165038625,8915,8915,0.00215321759641369,0.00107660879820683
0.179399797006536,0.148278424633944,8916,8916,0.00215321759641369,0.00107660879820687
0.180908032712957,0.149815165038625,8917,8917,0.00215321759641369,0.00107660879820683
0.179399797006536,0.148278424633944,8918,8918,0.00215321759641369,0.00107660879820687
0.180908032712957,0.149815165038625,8919,8919,0.00215321759641369,0.00107660879820683
0.179399797006536,0.148278424633944,8920,8920,0.00215321759641369,0.00107660879820687
0.180908032712957,0.149815165038625,8921,8921,0.00215321759641369,0.00107660879820683
0.179399797006536,0.148278424633944,8922,8922,0.00215321759641369,0.00107660879820687
0.180908032712957,0.149815165038625,8923,8923,0.00215321759641369,0.00107660879820683
0.179399797006536,0.148278424633944,8924,8924,0.00215321759641369,0.00107660879820687
0.180908032712957,0.149815165038625,8925,8925,0.00215321759641369,0.00107660879820683
0.179399797006536,0.148278424633944,8926,8926,0.00215321759641369,0.00107660879820687
0.180908032712957,0.149815165038625,8927,8927,0.00215321759641369,0.00107660879820683
0.179399797006536,0.148278424633944,8928,8928,0.00215321759641369,0.00107660879820687
0.180908032712957,0.149815165038625,8929,8929,0.00215321759641369,0.00107660879820683
0.179399797006536,0.148278424633944,8930,8930,0.00215321759641369,0.00107660879820687
0.180908032712957,0.149815165038625,8931,8931,0.00215321759641369,0.00107660879820683
0.179399797006536,0.148278424633944,8932,8932,0.00215321759641369,0.00107660879820687
0.180908032712957,0.149815165038625,8933,8933,0.00215321759641369,0.00107660879820683
0.179399797006536,0.148278424633944,8934,8934,0.00215321759641369,0.00107660879820687
0.180908032712957,0.149815165038625,8935,8935,0.00215321759641369,0.00107660879820683
0.179399797006536,0.148278424633944,8936,8936,0.00215321759641369,0.00107660879820687
0.180908032712957,0.149815165038625,8937,8937,0.00215321759641369,0.00107660879820683
0.179399797006536,0.148278424633944,8938,8938,0.00215321759641369,0.00107660879820687
0.180908032712957,0.149815165038625,8939,8939,0.00215321759641369,0.00107660879820683
0.179399797006536,0.148278424633944,8940,8940,0.00215321759641369,0.00107660879820687
0.180908032712957,0.149815165038625,8941,8941,0.00215321759641369,0.00107660879820683
0.179399797006536,0.148278424633944,8942,8942,0.00215321759641369,0.00107660879820687
0.180908032712957,0.149815165038625,8943,8943,0.00215321759641369,0.00107660879820683
0.179399797006536,0.148278424633944,8944,8944,0.00215321759641369,0.00107660879820687
0.180908032712957,0.149815165038625,8945,8945,0.00215321759641369,0.00107660879820683
0.179399797006536,0.148278424633944,8946,8946,0.00215321759641369,0.00107660879820687
0.180908032712957,0.149815165038625,8947,8947,0.00215321759641369,0.00107660879820683
0.179399797006536,0.148278424633944,8948,8948,0.00215321759641369,0.00107660879820687
0.180908032712957,0.149815165038625,8949,8949,0.00215321759641369,0.00107660879820683
0.179399797006536,0.148278424633944,8950,8950,0.00215321759641369,0.00107660879820687
0.180908032712957,0.149815165038625,8951,8951,0.00215321759641369,0.00107660879820683
0.179399797006536,0.148278424633944,8952,8952,0.00215321759641369,0.00107660879820687
0.180908032712957,0.149815165038625,8953,8953,0.00215321759641369,0.00107660879820683
0.179399797006536,0.148278424633944,8954,8954,0.00215321759641369,0.00107660879820687
0.180908032712957,0.149815165038625,8955,8955,0.00215321759641369,0.00107660879820683
0.179399797006536,0.148278424633944,8956,8956,0.00215321759641369,0.00107660879820687
0.180908032712957,0.149815165038625,8957,8957,0.00215321759641369,0.00107660879820683
0.179399797006536,0.148278424633944,8958,8958,0.00215321759641369,0.00107660879820687
0.180908032712957,0.149815165038625,8959,8959,0.00215321759641369,0.00107660879820683
0.179399797006536,0.148278424633944,8960,8960,0.00215321759641369,0.00107660879820687
0.180908032712957,0.149815165038625,8961,8961,0.00215321759641369,0.00107660879820683
0.179399797006536,0.148278424633944,8962,8962,0.00215321759641369,0.00107660879820687
0.180908032712957,0.149815165038625,8963,8963,0.00215321759641369,0.00107660879820683
0.179399797006536,0.148278424633944,8964,8964,0.00215321759641369,0.00107660879820687
0.180908032712957,0.149815165038625,8965,8965,0.00215321759641369,0.00107660879820683
0.179399797006536,0.148278424633944,8966,8966,0.00215321759641369,0.00107660879820687
0.180908032712957,0.149815165038625,8967,8967,0.00215321759641369,0.00107660879820683
0.179399797006536,0.148278424633944,8968,8968,0.00215321759641369,0.00107660879820687
0.180908032712957,0.149815165038625,8969,8969,0.00215321759641369,0.00107660879820683
0.179399797006536,0.148278424633944,8970,8970,0.00215321759641369,0.00107660879820687
0.180908032712957,0.149815165038625,8971,8971,0.00215321759641369,0.00107660879820683
0.179399797006536,0.148278424633944,8972,8972,0.00215321759641369,0.00107660879820687
0.180908032712957,0.149815165038625,8973,8973,0.00215321759641369,0.00107660879820683
0.179399797006536,0.148278424633944,8974,8974,0.00215321759641369,0.00107660879820687
0.180908032712957,0.149815165038625,8975,8975,0.00215321759641369,0.00107660879820683
0.179399797006536,0.148278424633944,8976,8976,0.00215321759641369,0.00107660879820687
0.180908032712957,0.149815165038625,8977,8977,0.00215321759641369,0.00107660879820683
0.179399797006536,0.148278424633944,8978,8978,0.00215321759641369,0.00107660879820687
0.180908032712957,0.149815165038625,8979,8979,0.00215321759641369,0.00107660879820683
0.179399797006536,0.148278424633944,8980,8980,0.00215321759641369,0.00107660879820687
0.180908032712957,0.149815165038625,8981,8981,0.00215321759641369,0.00107660879820683
0.179399797006536,0.148278424633944,8982,8982,0.00215321759641369,0.00107660879820687
0.180908032712957,0.149815165038625,8983,8983,0.00215321759641369,0.00107660879820683
0.179399797006536,0.148278424633944,8984,8984,0.00215321759641369,0.00107660879820687
0.180908032712957,0.149815165038625,8985,8985,0.00215321759641369,0.00107660879820683
0.179399797006536,0.148278424633944,8986,8986,0.00215321759641369,0.00107660879820687
0.180908032712957,0.149815165038625,8987,8987,0.00215321759641369,0.00107660879820683
0.179399797006536,0.148278424633944,8988,8988,0.00215321759641369,0.00107660879820687
0.180908032712957,0.149815165038625,8989,8989,0.00215321759641369,0.00107660879820683
0.179399797006536,0.148278424633944,8990,8990,0.00215321759641369,0.00107660879820687
0.180908032712957,0.149815165038625,8991,8991,0.00215321759641369,0.00107660879820683
0.179399797006536,0.148278424633944,8992,8992,0.00215321759641369,0.00107660879820687
0.180908032712957,0.149815165038625,8993,8993,0.00215321759641369,0.00107660879820683
0.179399797006536,0.148278424633944,8994,8994,0.00215321759641369,0.00107660879820687
0.180908032712957,0.149815165038625,8995,8995,0.00215321759641369,0.00107660879820683
0.179399797006536,0.148278424633944,8996,8996,0.00215321759641369,0.00107660879820687
0.180908032712957,0.149815165038625,8997,8997,0.00215321759641369,0.00107660879820683
0.179399797006536,0.148278424633944,8998,8998,0.00215321759641369,0.00107660879820687
0.180908032712957,0.149815165038625,8999,8999,0.00215321759641369,0.00107660879820683
0.179399797006536,0.148278424633944,9000,9000,0.00215321759641369,0.00107660879820687
0.180908032712957,0.149815165038625,9001,9001,0.00215321759641369,0.00107660879820683
0.179399797006536,0.148278424633944,9002,9002,0.00215321759641369,0.00107660879820687
0.180908032712957,0.149815165038625,9003,9003,0.00215321759641369,0.00107660879820683
0.179399797006536,0.148278424633944,9004,9004,0.00215321759641369,0.00107660879820687
0.180908032712957,0.149815165038625,9005,9005,0.00215321759641369,0.00107660879820683
0.179399797006536,0.148278424633944,9006,9006,0.00215321759641369,0.00107660879820687
0.180908032712957,0.149815165038625,9007,9007,0.00215321759641369,0.00107660879820683
0.179399797006536,0.148278424633944,9008,9008,0.00215321759641369,0.00107660879820687
0.180908032712957,0.149815165038625,9009,9009,0.00215321759641369,0.00107660879820683
0.179399797006536,0.148278424633944,9010,9010,0.00215321759641369,0.00107660879820687
0.180908032712957,0.149815165038625,9011,9011,0.00215321759641369,0.00107660879820683
0.179399797006536,0.148278424633944,9012,9012,0.00215321759641369,0.00107660879820687
0.180908032712957,0.149815165038625,9013,9013,0.00215321759641369,0.00107660879820683
0.179399797006536,0.148278424633944,9014,9014,0.00215321759641369,0.00107660879820687
0.180908032712957,0.149815165038625,9015,9015,0.00215321759641369,0.00107660879820683
0.179399797006536,0.148278424633944,9016,9016,0.00215321759641369,0.00107660879820687
0.180908032712957,0.149815165038625,9017,9017,0.00215321759641369,0.00107660879820683
0.179399797006536,0.148278424633944,9018,9018,0.00215321759641369,0.00107660879820687
0.180908032712957,0.149815165038625,9019,9019,0.00215321759641369,0.00107660879820683
0.179399797006536,0.148278424633944,9020,9020,0.00215321759641369,0.00107660879820687
0.180908032712957,0.149815165038625,9021,9021,0.00215321759641369,0.00107660879820683
0.179399797006536,0.148278424633944,9022,9022,0.00215321759641369,0.00107660879820687
0.180908032712957,0.149815165038625,9023,9023,0.00215321759641369,0.00107660879820683
0.179399797006536,0.148278424633944,9024,9024,0.00215321759641369,0.00107660879820687
0.180908032712957,0.149815165038625,9025,9025,0.00215321759641369,0.00107660879820683
0.179399797006536,0.148278424633944,9026,9026,0.00215321759641369,0.00107660879820687
0.180908032712957,0.149815165038625,9027,9027,0.00215321759641369,0.00107660879820683
0.179399797006536,0.148278424633944,9028,9028,0.00215321759641369,0.00107660879820687
0.180908032712957,0.149815165038625,9029,9029,0.00215321759641369,0.00107660879820683
0.179399797006536,0.148278424633944,9030,9030,0.00215321759641369,0.00107660879820687
0.180908032712957,0.149815165038625,9031,9031,0.00215321759641369,0.00107660879820683
0.179399797006536,0.148278424633944,9032,9032,0.00215321759641369,0.00107660879820687
0.180908032712957,0.149815165038625,9033,9033,0.00215321759641369,0.00107660879820683
0.179399797006536,0.148278424633944,9034,9034,0.00215321759641369,0.00107660879820687
0.180908032712957,0.149815165038625,9035,9035,0.00215321759641369,0.00107660879820683
0.179399797006536,0.148278424633944,9036,9036,0.00215321759641369,0.00107660879820687
0.180908032712957,0.149815165038625,9037,9037,0.00215321759641369,0.00107660879820683
0.179399797006536,0.148278424633944,9038,9038,0.00215321759641369,0.00107660879820687
0.180908032712957,0.149815165038625,9039,9039,0.00215321759641369,0.00107660879820683
0.179399797006536,0.148278424633944,9040,9040,0.00215321759641369,0.00107660879820687
0.180908032712957,0.149815165038625,9041,9041,0.00215321759641369,0.00107660879820683
0.179399797006536,0.148278424633944,9042,9042,0.00215321759641369,0.00107660879820687
0.180908032712957,0.149815165038625,9043,9043,0.00215321759641369,0.00107660879820683
0.179399797006536,0.148278424633944,9044,9044,0.00215321759641369,0.00107660879820687
0.180908032712957,0.149815165038625,9045,9045,0.00215321759641369,0.00107660879820683
0.179399797006536,0.148278424633944,9046,9046,0.00215321759641369,0.00107660879820687
0.180908032712957,0.149815165038625,9047,9047,0.00215321759641369,0.00107660879820683
0.179399797006536,0.148278424633944,9048,9048,0.00215321759641369,0.00107660879820687
0.180908032712957,0.149815165038625,9049,9049,0.00215321759641369,0.00107660879820683
0.179399797006536,0.148278424633944,9050,9050,0.00215321759641369,0.00107660879820687
0.180908032712957,0.149815165038625,9051,9051,0.00215321759641369,0.00107660879820683
0.179399797006536,0.148278424633944,9052,9052,0.00215321759641369,0.00107660879820687
0.180908032712957,0.149815165038625,9053,9053,0.00215321759641369,0.00107660879820683
0.179399797006536,0.148278424633944,9054,9054,0.00215321759641369,0.00107660879820687
0.180908032712957,0.149815165038625,9055,9055,0.00215321759641369,0.00107660879820683
0.179399797006536,0.148278424633944,9056,9056,0.00215321759641369,0.00107660879820687
0.180908032712957,0.149815165038625,9057,9057,0.00215321759641369,0.00107660879820683
0.179399797006536,0.148278424633944,9058,9058,0.00215321759641369,0.00107660879820687
0.180908032712957,0.149815165038625,9059,9059,0.00215321759641369,0.00107660879820683
0.179399797006536,0.148278424633944,9060,9060,0.00215321759641369,0.00107660879820687
0.180908032712957,0.149815165038625,9061,9061,0.00215321759641369,0.00107660879820683
0.179399797006536,0.148278424633944,9062,9062,0.00215321759641369,0.00107660879820687
0.180908032712957,0.149815165038625,9063,9063,0.00215321759641369,0.00107660879820683
0.179399797006536,0.148278424633944,9064,9064,0.00215321759641369,0.00107660879820687
0.180908032712957,0.149815165038625,9065,9065,0.00215321759641369,0.00107660879820683
0.179399797006536,0.148278424633944,9066,9066,0.00215321759641369,0.00107660879820687
0.180908032712957,0.149815165038625,9067,9067,0.00215321759641369,0.00107660879820683
0.179399797006536,0.148278424633944,9068,9068,0.00215321759641369,0.00107660879820687
0.180908032712957,0.149815165038625,9069,9069,0.00215321759641369,0.00107660879820683
0.179399797006536,0.148278424633944,9070,9070,0.00215321759641369,0.00107660879820687
0.180908032712957,0.149815165038625,9071,9071,0.00215321759641369,0.00107660879820683
0.179399797006536,0.148278424633944,9072,9072,0.00215321759641369,0.00107660879820687
0.180908032712957,0.149815165038625,9073,9073,0.00215321759641369,0.00107660879820683
0.179399797006536,0.148278424633944,9074,9074,0.00215321759641369,0.00107660879820687
0.180908032712957,0.149815165038625,9075,9075,0.00215321759641369,0.00107660879820683
0.179399797006536,0.148278424633944,9076,9076,0.00215321759641369,0.00107660879820687
0.180908032712957,0.149815165038625,9077,9077,0.00215321759641369,0.00107660879820683
0.179399797006536,0.148278424633944,9078,9078,0.00215321759641369,0.00107660879820687
0.180908032712957,0.149815165038625,9079,9079,0.00215321759641369,0.00107660879820683
0.179399797006536,0.148278424633944,9080,9080,0.00215321759641369,0.00107660879820687
0.180908032712957,0.149815165038625,9081,9081,0.00215321759641369,0.00107660879820683
0.179399797006536,0.148278424633944,9082,9082,0.00215321759641369,0.00107660879820687
0.180908032712957,0.149815165038625,9083,9083,0.00215321759641369,0.00107660879820683
0.179399797006536,0.148278424633944,9084,9084,0.00215321759641369,0.00107660879820687
0.180908032712957,0.149815165038625,9085,9085,0.00215321759641369,0.00107660879820683
0.179399797006536,0.148278424633944,9086,9086,0.00215321759641369,0.00107660879820687
0.180908032712957,0.149815165038625,9087,9087,0.00215321759641369,0.00107660879820683
0.179399797006536,0.148278424633944,9088,9088,0.00215321759641369,0.00107660879820687
0.180908032712957,0.149815165038625,9089,9089,0.00215321759641369,0.00107660879820683
0.179399797006536,0.148278424633944,9090,9090,0.00215321759641369,0.00107660879820687
0.180908032712957,0.149815165038625,9091,9091,0.00215321759641369,0.00107660879820683
0.179399797006536,0.148278424633944,9092,9092,0.00215321759641369,0.00107660879820687
0.180908032712957,0.149815165038625,9093,9093,0.00215321759641369,0.00107660879820683
0.179399797006536,0.148278424633944,9094,9094,0.00215321759641369,0.00107660879820687
0.180908032712957,0.149815165038625,9095,9095,0.00215321759641369,0.00107660879820683
0.179399797006536,0.148278424633944,9096,9096,0.00215321759641369,0.00107660879820687
0.180908032712957,0.149815165038625,9097,9097,0.00215321759641369,0.00107660879820683
0.179399797006536,0.148278424633944,9098,9098,0.00215321759641369,0.00107660879820687
0.180908032712957,0.149815165038625,9099,9099,0.00215321759641369,0.00107660879820683
0.179399797006536,0.148278424633944,9100,9100,0.00215321759641369,0.00107660879820687
0.180908032712957,0.149815165038625,9101,9101,0.00215321759641369,0.00107660879820683
0.179399797006536,0.148278424633944,9102,9102,0.00215321759641369,0.00107660879820687
0.180908032712957,0.149815165038625,9103,9103,0.00215321759641369,0.00107660879820683
0.179399797006536,0.148278424633944,9104,9104,0.00215321759641369,0.00107660879820687
0.180908032712957,0.149815165038625,9105,9105,0.00215321759641369,0.00107660879820683
0.179399797006536,0.148278424633944,9106,9106,0.00215321759641369,0.00107660879820687
0.180908032712957,0.149815165038625,9107,9107,0.00215321759641369,0.00107660879820683
0.179399797006536,0.148278424633944,9108,9108,0.00215321759641369,0.00107660879820687
0.180908032712957,0.149815165038625,9109,9109,0.00215321759641369,0.00107660879820683
0.179399797006536,0.148278424633944,9110,9110,0.00215321759641369,0.00107660879820687
0.180908032712957,0.149815165038625,9111,9111,0.00215321759641369,0.00107660879820683
0.179399797006536,0.148278424633944,9112,9112,0.00215321759641369,0.00107660879820687
0.180908032712957,0.149815165038625,9113,9113,0.00215321759641369,0.00107660879820683
0.179399797006536,0.148278424633944,9114,9114,0.00215321759641369,0.00107660879820687
0.180908032712957,0.149815165038625,9115,9115,0.00215321759641369,0.00107660879820683
0.179399797006536,0.148278424633944,9116,9116,0.00215321759641369,0.00107660879820687
0.180908032712957,0.149815165038625,9117,9117,0.00215321759641369,0.00107660879820683
0.179399797006536,0.148278424633944,9118,9118,0.00215321759641369,0.00107660879820687
0.180908032712957,0.149815165038625,9119,9119,0.00215321759641369,0.00107660879820683
0.179399797006536,0.148278424633944,9120,9120,0.00215321759641369,0.00107660879820687
0.180908032712957,0.149815165038625,9121,9121,0.00215321759641369,0.00107660879820683
0.179399797006536,0.148278424633944,9122,9122,0.00215321759641369,0.00107660879820687
0.180908032712957,0.149815165038625,9123,9123,0.00215321759641369,0.00107660879820683
0.179399797006536,0.148278424633944,9124,9124,0.00215321759641369,0.00107660879820687
0.180908032712957,0.149815165038625,9125,9125,0.00215321759641369,0.00107660879820683
0.179399797006536,0.148278424633944,9126,9126,0.00215321759641369,0.00107660879820687
0.180908032712957,0.149815165038625,9127,9127,0.00215321759641369,0.00107660879820683
0.179399797006536,0.148278424633944,9128,9128,0.00215321759641369,0.00107660879820687
0.180908032712957,0.149815165038625,9129,9129,0.00215321759641369,0.00107660879820683
0.179399797006536,0.148278424633944,9130,9130,0.00215321759641369,0.00107660879820687
0.180908032712957,0.149815165038625,9131,9131,0.00215321759641369,0.00107660879820683
0.179399797006536,0.148278424633944,9132,9132,0.00215321759641369,0.00107660879820687
0.180908032712957,0.149815165038625,9133,9133,0.00215321759641369,0.00107660879820683
0.179399797006536,0.148278424633944,9134,9134,0.00215321759641369,0.00107660879820687
0.180908032712957,0.149815165038625,9135,9135,0.00215321759641369,0.00107660879820683
0.179399797006536,0.148278424633944,9136,9136,0.00215321759641369,0.00107660879820687
0.180908032712957,0.149815165038625,9137,9137,0.00215321759641369,0.00107660879820683
0.179399797006536,0.148278424633944,9138,9138,0.00215321759641369,0.00107660879820687
0.180908032712957,0.149815165038625,9139,9139,0.00215321759641369,0.00107660879820683
0.179399797006536,0.148278424633944,9140,9140,0.00215321759641369,0.00107660879820687
0.180908032712957,0.149815165038625,9141,9141,0.00215321759641369,0.00107660879820683
0.179399797006536,0.148278424633944,9142,9142,0.00215321759641369,0.00107660879820687
0.180908032712957,0.149815165038625,9143,9143,0.00215321759641369,0.00107660879820683
0.179399797006536,0.148278424633944,9144,9144,0.00215321759641369,0.00107660879820687
0.180908032712957,0.149815165038625,9145,9145,0.00215321759641369,0.00107660879820683
0.179399797006536,0.148278424633944,9146,9146,0.00215321759641369,0.00107660879820687
0.180908032712957,0.149815165038625,9147,9147,0.00215321759641369,0.00107660879820683
0.179399797006536,0.148278424633944,9148,9148,0.00215321759641369,0.00107660879820687
0.180908032712957,0.149815165038625,9149,9149,0.00215321759641369,0.00107660879820683
0.179399797006536,0.148278424633944,9150,9150,0.00215321759641369,0.00107660879820687
0.180908032712957,0.149815165038625,9151,9151,0.00215321759641369,0.00107660879820683
0.179399797006536,0.148278424633944,9152,9152,0.00215321759641369,0.00107660879820687
0.180908032712957,0.149815165038625,9153,9153,0.00215321759641369,0.00107660879820683
0.179399797006536,0.148278424633944,9154,9154,0.00215321759641369,0.00107660879820687
0.180908032712957,0.149815165038625,9155,9155,0.00215321759641369,0.00107660879820683
0.179399797006536,0.148278424633944,9156,9156,0.00215321759641369,0.00107660879820687
0.180908032712957,0.149815165038625,9157,9157,0.00215321759641369,0.00107660879820683
0.179399797006536,0.148278424633944,9158,9158,0.00215321759641369,0.00107660879820687
0.180908032712957,0.149815165038625,9159,9159,0.00215321759641369,0.00107660879820683
0.179399797006536,0.148278424633944,9160,9160,0.00215321759641369,0.00107660879820687
0.180908032712957,0.149815165038625,9161,9161,0.00215321759641369,0.00107660879820683
0.179399797006536,0.148278424633944,9162,9162,0.00215321759641369,0.00107660879820687
0.180908032712957,0.149815165038625,9163,9163,0.00215321759641369,0.00107660879820683
0.179399797006536,0.148278424633944,9164,9164,0.00215321759641369,0.00107660879820687
0.180908032712957,0.149815165038625,9165,9165,0.00215321759641369,0.00107660879820683
0.179399797006536,0.148278424633944,9166,9166,0.00215321759641369,0.00107660879820687
0.180908032712957,0.149815165038625,9167,9167,0.00215321759641369,0.00107660879820683
0.179399797006536,0.148278424633944,9168,9168,0.00215321759641369,0.00107660879820687
0.180908032712957,0.149815165038625,9169,9169,0.00215321759641369,0.00107660879820683
0.179399797006536,0.148278424633944,9170,9170,0.00215321759641369,0.00107660879820687
0.180908032712957,0.149815165038625,9171,9171,0.00215321759641369,0.00107660879820683
0.179399797006536,0.148278424633944,9172,9172,0.00215321759641369,0.00107660879820687
0.180908032712957,0.149815165038625,9173,9173,0.00215321759641369,0.00107660879820683
0.179399797006536,0.148278424633944,9174,9174,0.00215321759641369,0.00107660879820687
0.180908032712957,0.149815165038625,9175,9175,0.00215321759641369,0.00107660879820683
0.179399797006536,0.148278424633944,9176,9176,0.00215321759641369,0.00107660879820687
0.180908032712957,0.149815165038625,9177,9177,0.00215321759641369,0.00107660879820683
0.179399797006536,0.148278424633944,9178,9178,0.00215321759641369,0.00107660879820687
0.180908032712957,0.149815165038625,9179,9179,0.00215321759641369,0.00107660879820683
0.179399797006536,0.148278424633944,9180,9180,0.00215321759641369,0.00107660879820687
0.180908032712957,0.149815165038625,9181,9181,0.00215321759641369,0.00107660879820683
0.179399797006536,0.148278424633944,9182,9182,0.00215321759641369,0.00107660879820687
0.180908032712957,0.149815165038625,9183,9183,0.00215321759641369,0.00107660879820683
0.179399797006536,0.148278424633944,9184,9184,0.00215321759641369,0.00107660879820687
0.180908032712957,0.149815165038625,9185,9185,0.00215321759641369,0.00107660879820683
0.179399797006536,0.148278424633944,9186,9186,0.00215321759641369,0.00107660879820687
0.180908032712957,0.149815165038625,9187,9187,0.00215321759641369,0.00107660879820683
0.179399797006536,0.148278424633944,9188,9188,0.00215321759641369,0.00107660879820687
0.180908032712957,0.149815165038625,9189,9189,0.00215321759641369,0.00107660879820683
0.179399797006536,0.148278424633944,9190,9190,0.00215321759641369,0.00107660879820687
0.180908032712957,0.149815165038625,9191,9191,0.00215321759641369,0.00107660879820683
0.179399797006536,0.148278424633944,9192,9192,0.00215321759641369,0.00107660879820687
0.180908032712957,0.149815165038625,9193,9193,0.00215321759641369,0.00107660879820683
0.179399797006536,0.148278424633944,9194,9194,0.00215321759641369,0.00107660879820687
0.180908032712957,0.149815165038625,9195,9195,0.00215321759641369,0.00107660879820683
0.179399797006536,0.148278424633944,9196,9196,0.00215321759641369,0.00107660879820687
0.180908032712957,0.149815165038625,9197,9197,0.00215321759641369,0.00107660879820683
0.179399797006536,0.148278424633944,9198,9198,0.00215321759641369,0.00107660879820687
0.180908032712957,0.149815165038625,9199,9199,0.00215321759641369,0.00107660879820683
0.179399797006536,0.148278424633944,9200,9200,0.00215321759641369,0.00107660879820687
0.180908032712957,0.149815165038625,9201,9201,0.00215321759641369,0.00107660879820683
0.179399797006536,0.148278424633944,9202,9202,0.00215321759641369,0.00107660879820687
0.180908032712957,0.149815165038625,9203,9203,0.00215321759641369,0.00107660879820683
0.179399797006536,0.148278424633944,9204,9204,0.00215321759641369,0.00107660879820687
0.180908032712957,0.149815165038625,9205,9205,0.00215321759641369,0.00107660879820683
0.179399797006536,0.148278424633944,9206,9206,0.00215321759641369,0.00107660879820687
0.180908032712957,0.149815165038625,9207,9207,0.00215321759641369,0.00107660879820683
0.179399797006536,0.148278424633944,9208,9208,0.00215321759641369,0.00107660879820687
0.180908032712957,0.149815165038625,9209,9209,0.00215321759641369,0.00107660879820683
0.179399797006536,0.148278424633944,9210,9210,0.00215321759641369,0.00107660879820687
0.180908032712957,0.149815165038625,9211,9211,0.00215321759641369,0.00107660879820683
0.179399797006536,0.148278424633944,9212,9212,0.00215321759641369,0.00107660879820687
0.180908032712957,0.149815165038625,9213,9213,0.00215321759641369,0.00107660879820683
0.179399797006536,0.148278424633944,9214,9214,0.00215321759641369,0.00107660879820687
0.180908032712957,0.149815165038625,9215,9215,0.00215321759641369,0.00107660879820683
0.179399797006536,0.148278424633944,9216,9216,0.00215321759641369,0.00107660879820687
0.180908032712957,0.149815165038625,9217,9217,0.00215321759641369,0.00107660879820683
0.179399797006536,0.148278424633944,9218,9218,0.00215321759641369,0.00107660879820687
0.180908032712957,0.149815165038625,9219,9219,0.00215321759641369,0.00107660879820683
0.179399797006536,0.148278424633944,9220,9220,0.00215321759641369,0.00107660879820687
0.180908032712957,0.149815165038625,9221,9221,0.00215321759641369,0.00107660879820683
0.179399797006536,0.148278424633944,9222,9222,0.00215321759641369,0.00107660879820687
0.180908032712957,0.149815165038625,9223,9223,0.00215321759641369,0.00107660879820683
0.179399797006536,0.148278424633944,9224,9224,0.00215321759641369,0.00107660879820687
0.180908032712957,0.149815165038625,9225,9225,0.00215321759641369,0.00107660879820683
0.179399797006536,0.148278424633944,9226,9226,0.00215321759641369,0.00107660879820687
0.180908032712957,0.149815165038625,9227,9227,0.00215321759641369,0.00107660879820683
0.179399797006536,0.148278424633944,9228,9228,0.00215321759641369,0.00107660879820687
0.180908032712957,0.149815165038625,9229,9229,0.00215321759641369,0.00107660879820683
0.179399797006536,0.148278424633944,9230,9230,0.00215321759641369,0.00107660879820687
0.180908032712957,0.149815165038625,9231,9231,0.00215321759641369,0.00107660879820683
0.179399797006536,0.148278424633944,9232,9232,0.00215321759641369,0.00107660879820687
0.180908032712957,0.149815165038625,9233,9233,0.00215321759641369,0.00107660879820683
0.179399797006536,0.148278424633944,9234,9234,0.00215321759641369,0.00107660879820687
0.180908032712957,0.149815165038625,9235,9235,0.00215321759641369,0.00107660879820683
0.179399797006536,0.148278424633944,9236,9236,0.00215321759641369,0.00107660879820687
0.180908032712957,0.149815165038625,9237,9237,0.00215321759641369,0.00107660879820683
0.179399797006536,0.148278424633944,9238,9238,0.00215321759641369,0.00107660879820687
0.180908032712957,0.149815165038625,9239,9239,0.00215321759641369,0.00107660879820683
0.179399797006536,0.148278424633944,9240,9240,0.00215321759641369,0.00107660879820687
0.180908032712957,0.149815165038625,9241,9241,0.00215321759641369,0.00107660879820683
0.179399797006536,0.148278424633944,9242,9242,0.00215321759641369,0.00107660879820687
0.180908032712957,0.149815165038625,9243,9243,0.00215321759641369,0.00107660879820683
0.179399797006536,0.148278424633944,9244,9244,0.00215321759641369,0.00107660879820687
0.180908032712957,0.149815165038625,9245,9245,0.00215321759641369,0.00107660879820683
0.179399797006536,0.148278424633944,9246,9246,0.00215321759641369,0.00107660879820687
0.180908032712957,0.149815165038625,9247,9247,0.00215321759641369,0.00107660879820683
0.179399797006536,0.148278424633944,9248,9248,0.00215321759641369,0.00107660879820687
0.180908032712957,0.149815165038625,9249,9249,0.00215321759641369,0.00107660879820683
0.179399797006536,0.148278424633944,9250,9250,0.00215321759641369,0.00107660879820687
0.180908032712957,0.149815165038625,9251,9251,0.00215321759641369,0.00107660879820683
0.179399797006536,0.148278424633944,9252,9252,0.00215321759641369,0.00107660879820687
0.180908032712957,0.149815165038625,9253,9253,0.00215321759641369,0.00107660879820683
0.179399797006536,0.148278424633944,9254,9254,0.00215321759641369,0.00107660879820687
0.180908032712957,0.149815165038625,9255,9255,0.00215321759641369,0.00107660879820683
0.179399797006536,0.148278424633944,9256,9256,0.00215321759641369,0.00107660879820687
0.180908032712957,0.149815165038625,9257,9257,0.00215321759641369,0.00107660879820683
0.179399797006536,0.148278424633944,9258,9258,0.00215321759641369,0.00107660879820687
0.180908032712957,0.149815165038625,9259,9259,0.00215321759641369,0.00107660879820683
0.179399797006536,0.148278424633944,9260,9260,0.00215321759641369,0.00107660879820687
0.180908032712957,0.149815165038625,9261,9261,0.00215321759641369,0.00107660879820683
0.179399797006536,0.148278424633944,9262,9262,0.00215321759641369,0.00107660879820687
0.180908032712957,0.149815165038625,9263,9263,0.00215321759641369,0.00107660879820683
0.179399797006536,0.148278424633944,9264,9264,0.00215321759641369,0.00107660879820687
0.180908032712957,0.149815165038625,9265,9265,0.00215321759641369,0.00107660879820683
0.179399797006536,0.148278424633944,9266,9266,0.00215321759641369,0.00107660879820687
0.180908032712957,0.149815165038625,9267,9267,0.00215321759641369,0.00107660879820683
0.179399797006536,0.148278424633944,9268,9268,0.00215321759641369,0.00107660879820687
0.180908032712957,0.149815165038625,9269,9269,0.00215321759641369,0.00107660879820683
0.179399797006536,0.148278424633944,9270,9270,0.00215321759641369,0.00107660879820687
0.180908032712957,0.149815165038625,9271,9271,0.00215321759641369,0.00107660879820683
0.179399797006536,0.148278424633944,9272,9272,0.00215321759641369,0.00107660879820687
0.180908032712957,0.149815165038625,9273,9273,0.00215321759641369,0.00107660879820683
0.179399797006536,0.148278424633944,9274,9274,0.00215321759641369,0.00107660879820687
0.180908032712957,0.149815165038625,9275,9275,0.00215321759641369,0.00107660879820683
0.179399797006536,0.148278424633944,9276,9276,0.00215321759641369,0.00107660879820687
0.180908032712957,0.149815165038625,9277,9277,0.00215321759641369,0.00107660879820683
0.179399797006536,0.148278424633944,9278,9278,0.00215321759641369,0.00107660879820687
0.180908032712957,0.149815165038625,9279,9279,0.00215321759641369,0.00107660879820683
0.179399797006536,0.148278424633944,9280,9280,0.00215321759641369,0.00107660879820687
0.180908032712957,0.149815165038625,9281,9281,0.00215321759641369,0.00107660879820683
0.179399797006536,0.148278424633944,9282,9282,0.00215321759641369,0.00107660879820687
0.180908032712957,0.149815165038625,9283,9283,0.00215321759641369,0.00107660879820683
0.179399797006536,0.148278424633944,9284,9284,0.00215321759641369,0.00107660879820687
0.180908032712957,0.149815165038625,9285,9285,0.00215321759641369,0.00107660879820683
0.179399797006536,0.148278424633944,9286,9286,0.00215321759641369,0.00107660879820687
0.180908032712957,0.149815165038625,9287,9287,0.00215321759641369,0.00107660879820683
0.179399797006536,0.148278424633944,9288,9288,0.00215321759641369,0.00107660879820687
0.180908032712957,0.149815165038625,9289,9289,0.00215321759641369,0.00107660879820683
0.179399797006536,0.148278424633944,9290,9290,0.00215321759641369,0.00107660879820687
0.180908032712957,0.149815165038625,9291,9291,0.00215321759641369,0.00107660879820683
0.179399797006536,0.148278424633944,9292,9292,0.00215321759641369,0.00107660879820687
0.180908032712957,0.149815165038625,9293,9293,0.00215321759641369,0.00107660879820683
0.179399797006536,0.148278424633944,9294,9294,0.00215321759641369,0.00107660879820687
0.180908032712957,0.149815165038625,9295,9295,0.00215321759641369,0.00107660879820683
0.179399797006536,0.148278424633944,9296,9296,0.00215321759641369,0.00107660879820687
0.180908032712957,0.149815165038625,9297,9297,0.00215321759641369,0.00107660879820683
0.179399797006536,0.148278424633944,9298,9298,0.00215321759641369,0.00107660879820687
0.180908032712957,0.149815165038625,9299,9299,0.00215321759641369,0.00107660879820683
0.179399797006536,0.148278424633944,9300,9300,0.00215321759641369,0.00107660879820687
0.180908032712957,0.149815165038625,9301,9301,0.00215321759641369,0.00107660879820683
0.179399797006536,0.148278424633944,9302,9302,0.00215321759641369,0.00107660879820687
0.180908032712957,0.149815165038625,9303,9303,0.00215321759641369,0.00107660879820683
0.179399797006536,0.148278424633944,9304,9304,0.00215321759641369,0.00107660879820687
0.180908032712957,0.149815165038625,9305,9305,0.00215321759641369,0.00107660879820683
0.179399797006536,0.148278424633944,9306,9306,0.00215321759641369,0.00107660879820687
0.180908032712957,0.149815165038625,9307,9307,0.00215321759641369,0.00107660879820683
0.179399797006536,0.148278424633944,9308,9308,0.00215321759641369,0.00107660879820687
0.180908032712957,0.149815165038625,9309,9309,0.00215321759641369,0.00107660879820683
0.179399797006536,0.148278424633944,9310,9310,0.00215321759641369,0.00107660879820687
0.180908032712957,0.149815165038625,9311,9311,0.00215321759641369,0.00107660879820683
0.179399797006536,0.148278424633944,9312,9312,0.00215321759641369,0.00107660879820687
0.180908032712957,0.149815165038625,9313,9313,0.00215321759641369,0.00107660879820683
0.179399797006536,0.148278424633944,9314,9314,0.00215321759641369,0.00107660879820687
0.180908032712957,0.149815165038625,9315,9315,0.00215321759641369,0.00107660879820683
0.179399797006536,0.148278424633944,9316,9316,0.00215321759641369,0.00107660879820687
0.180908032712957,0.149815165038625,9317,9317,0.00215321759641369,0.00107660879820683
0.179399797006536,0.148278424633944,9318,9318,0.00215321759641369,0.00107660879820687
0.180908032712957,0.149815165038625,9319,9319,0.00215321759641369,0.00107660879820683
0.179399797006536,0.148278424633944,9320,9320,0.00215321759641369,0.00107660879820687
0.180908032712957,0.149815165038625,9321,9321,0.00215321759641369,0.00107660879820683
0.179399797006536,0.148278424633944,9322,9322,0.00215321759641369,0.00107660879820687
0.180908032712957,0.149815165038625,9323,9323,0.00215321759641369,0.00107660879820683
0.179399797006536,0.148278424633944,9324,9324,0.00215321759641369,0.00107660879820687
0.180908032712957,0.149815165038625,9325,9325,0.00215321759641369,0.00107660879820683
0.179399797006536,0.148278424633944,9326,9326,0.00215321759641369,0.00107660879820687
0.180908032712957,0.149815165038625,9327,9327,0.00215321759641369,0.00107660879820683
0.179399797006536,0.148278424633944,9328,9328,0.00215321759641369,0.00107660879820687
0.180908032712957,0.149815165038625,9329,9329,0.00215321759641369,0.00107660879820683
0.179399797006536,0.148278424633944,9330,9330,0.00215321759641369,0.00107660879820687
0.180908032712957,0.149815165038625,9331,9331,0.00215321759641369,0.00107660879820683
0.179399797006536,0.148278424633944,9332,9332,0.00215321759641369,0.00107660879820687
0.180908032712957,0.149815165038625,9333,9333,0.00215321759641369,0.00107660879820683
0.179399797006536,0.148278424633944,9334,9334,0.00215321759641369,0.00107660879820687
0.180908032712957,0.149815165038625,9335,9335,0.00215321759641369,0.00107660879820683
0.179399797006536,0.148278424633944,9336,9336,0.00215321759641369,0.00107660879820687
0.180908032712957,0.149815165038625,9337,9337,0.00215321759641369,0.00107660879820683
0.179399797006536,0.148278424633944,9338,9338,0.00215321759641369,0.00107660879820687
0.180908032712957,0.149815165038625,9339,9339,0.00215321759641369,0.00107660879820683
0.179399797006536,0.148278424633944,9340,9340,0.00215321759641369,0.00107660879820687
0.180908032712957,0.149815165038625,9341,9341,0.00215321759641369,0.00107660879820683
0.179399797006536,0.148278424633944,9342,9342,0.00215321759641369,0.00107660879820687
0.180908032712957,0.149815165038625,9343,9343,0.00215321759641369,0.00107660879820683
0.179399797006536,0.148278424633944,9344,9344,0.00215321759641369,0.00107660879820687
0.180908032712957,0.149815165038625,9345,9345,0.00215321759641369,0.00107660879820683
0.179399797006536,0.148278424633944,9346,9346,0.00215321759641369,0.00107660879820687
0.180908032712957,0.149815165038625,9347,9347,0.00215321759641369,0.00107660879820683
0.179399797006536,0.148278424633944,9348,9348,0.00215321759641369,0.00107660879820687
0.180908032712957,0.149815165038625,9349,9349,0.00215321759641369,0.00107660879820683
0.179399797006536,0.148278424633944,9350,9350,0.00215321759641369,0.00107660879820687
0.180908032712957,0.149815165038625,9351,9351,0.00215321759641369,0.00107660879820683
0.179399797006536,0.148278424633944,9352,9352,0.00215321759641369,0.00107660879820687
0.180908032712957,0.149815165038625,9353,9353,0.00215321759641369,0.00107660879820683
0.179399797006536,0.148278424633944,9354,9354,0.00215321759641369,0.00107660879820687
0.180908032712957,0.149815165038625,9355,9355,0.00215321759641369,0.00107660879820683
0.179399797006536,0.148278424633944,9356,9356,0.00215321759641369,0.00107660879820687
0.180908032712957,0.149815165038625,9357,9357,0.00215321759641369,0.00107660879820683
0.179399797006536,0.148278424633944,9358,9358,0.00215321759641369,0.00107660879820687
0.180908032712957,0.149815165038625,9359,9359,0.00215321759641369,0.00107660879820683
0.179399797006536,0.148278424633944,9360,9360,0.00215321759641369,0.00107660879820687
0.180908032712957,0.149815165038625,9361,9361,0.00215321759641369,0.00107660879820683
0.179399797006536,0.148278424633944,9362,9362,0.00215321759641369,0.00107660879820687
0.180908032712957,0.149815165038625,9363,9363,0.00215321759641369,0.00107660879820683
0.179399797006536,0.148278424633944,9364,9364,0.00215321759641369,0.00107660879820687
0.180908032712957,0.149815165038625,9365,9365,0.00215321759641369,0.00107660879820683
0.179399797006536,0.148278424633944,9366,9366,0.00215321759641369,0.00107660879820687
0.180908032712957,0.149815165038625,9367,9367,0.00215321759641369,0.00107660879820683
0.179399797006536,0.148278424633944,9368,9368,0.00215321759641369,0.00107660879820687
0.180908032712957,0.149815165038625,9369,9369,0.00215321759641369,0.00107660879820683
0.179399797006536,0.148278424633944,9370,9370,0.00215321759641369,0.00107660879820687
0.180908032712957,0.149815165038625,9371,9371,0.00215321759641369,0.00107660879820683
0.179399797006536,0.148278424633944,9372,9372,0.00215321759641369,0.00107660879820687
0.180908032712957,0.149815165038625,9373,9373,0.00215321759641369,0.00107660879820683
0.179399797006536,0.148278424633944,9374,9374,0.00215321759641369,0.00107660879820687
0.180908032712957,0.149815165038625,9375,9375,0.00215321759641369,0.00107660879820683
0.179399797006536,0.148278424633944,9376,9376,0.00215321759641369,0.00107660879820687
0.180908032712957,0.149815165038625,9377,9377,0.00215321759641369,0.00107660879820683
0.179399797006536,0.148278424633944,9378,9378,0.00215321759641369,0.00107660879820687
0.180908032712957,0.149815165038625,9379,9379,0.00215321759641369,0.00107660879820683
0.179399797006536,0.148278424633944,9380,9380,0.00215321759641369,0.00107660879820687
0.180908032712957,0.149815165038625,9381,9381,0.00215321759641369,0.00107660879820683
0.179399797006536,0.148278424633944,9382,9382,0.00215321759641369,0.00107660879820687
0.180908032712957,0.149815165038625,9383,9383,0.00215321759641369,0.00107660879820683
0.179399797006536,0.148278424633944,9384,9384,0.00215321759641369,0.00107660879820687
0.180908032712957,0.149815165038625,9385,9385,0.00215321759641369,0.00107660879820683
0.179399797006536,0.148278424633944,9386,9386,0.00215321759641369,0.00107660879820687
0.180908032712957,0.149815165038625,9387,9387,0.00215321759641369,0.00107660879820683
0.179399797006536,0.148278424633944,9388,9388,0.00215321759641369,0.00107660879820687
0.180908032712957,0.149815165038625,9389,9389,0.00215321759641369,0.00107660879820683
0.179399797006536,0.148278424633944,9390,9390,0.00215321759641369,0.00107660879820687
0.180908032712957,0.149815165038625,9391,9391,0.00215321759641369,0.00107660879820683
0.179399797006536,0.148278424633944,9392,9392,0.00215321759641369,0.00107660879820687
0.180908032712957,0.149815165038625,9393,9393,0.00215321759641369,0.00107660879820683
0.179399797006536,0.148278424633944,9394,9394,0.00215321759641369,0.00107660879820687
0.180908032712957,0.149815165038625,9395,9395,0.00215321759641369,0.00107660879820683
0.179399797006536,0.148278424633944,9396,9396,0.00215321759641369,0.00107660879820687
0.180908032712957,0.149815165038625,9397,9397,0.00215321759641369,0.00107660879820683
0.179399797006536,0.148278424633944,9398,9398,0.00215321759641369,0.00107660879820687
0.180908032712957,0.149815165038625,9399,9399,0.00215321759641369,0.00107660879820683
0.179399797006536,0.148278424633944,9400,9400,0.00215321759641369,0.00107660879820687
0.180908032712957,0.149815165038625,9401,9401,0.00215321759641369,0.00107660879820683
0.179399797006536,0.148278424633944,9402,9402,0.00215321759641369,0.00107660879820687
0.180908032712957,0.149815165038625,9403,9403,0.00215321759641369,0.00107660879820683
0.179399797006536,0.148278424633944,9404,9404,0.00215321759641369,0.00107660879820687
0.180908032712957,0.149815165038625,9405,9405,0.00215321759641369,0.00107660879820683
0.179399797006536,0.148278424633944,9406,9406,0.00215321759641369,0.00107660879820687
0.180908032712957,0.149815165038625,9407,9407,0.00215321759641369,0.00107660879820683
0.179399797006536,0.148278424633944,9408,9408,0.00215321759641369,0.00107660879820687
0.180908032712957,0.149815165038625,9409,9409,0.00215321759641369,0.00107660879820683
0.179399797006536,0.148278424633944,9410,9410,0.00215321759641369,0.00107660879820687
0.180908032712957,0.149815165038625,9411,9411,0.00215321759641369,0.00107660879820683
0.179399797006536,0.148278424633944,9412,9412,0.00215321759641369,0.00107660879820687
0.180908032712957,0.149815165038625,9413,9413,0.00215321759641369,0.00107660879820683
0.179399797006536,0.148278424633944,9414,9414,0.00215321759641369,0.00107660879820687
0.180908032712957,0.149815165038625,9415,9415,0.00215321759641369,0.00107660879820683
0.179399797006536,0.148278424633944,9416,9416,0.00215321759641369,0.00107660879820687
0.180908032712957,0.149815165038625,9417,9417,0.00215321759641369,0.00107660879820683
0.179399797006536,0.148278424633944,9418,9418,0.00215321759641369,0.00107660879820687
0.180908032712957,0.149815165038625,9419,9419,0.00215321759641369,0.00107660879820683
0.179399797006536,0.148278424633944,9420,9420,0.00215321759641369,0.00107660879820687
0.180908032712957,0.149815165038625,9421,9421,0.00215321759641369,0.00107660879820683
0.179399797006536,0.148278424633944,9422,9422,0.00215321759641369,0.00107660879820687
0.180908032712957,0.149815165038625,9423,9423,0.00215321759641369,0.00107660879820683
0.179399797006536,0.148278424633944,9424,9424,0.00215321759641369,0.00107660879820687
0.180908032712957,0.149815165038625,9425,9425,0.00215321759641369,0.00107660879820683
0.179399797006536,0.148278424633944,9426,9426,0.00215321759641369,0.00107660879820687
0.180908032712957,0.149815165038625,9427,9427,0.00215321759641369,0.00107660879820683
0.179399797006536,0.148278424633944,9428,9428,0.00215321759641369,0.00107660879820687
0.180908032712957,0.149815165038625,9429,9429,0.00215321759641369,0.00107660879820683
0.179399797006536,0.148278424633944,9430,9430,0.00215321759641369,0.00107660879820687
0.180908032712957,0.149815165038625,9431,9431,0.00215321759641369,0.00107660879820683
0.179399797006536,0.148278424633944,9432,9432,0.00215321759641369,0.00107660879820687
0.180908032712957,0.149815165038625,9433,9433,0.00215321759641369,0.00107660879820683
0.179399797006536,0.148278424633944,9434,9434,0.00215321759641369,0.00107660879820687
0.180908032712957,0.149815165038625,9435,9435,0.00215321759641369,0.00107660879820683
0.179399797006536,0.148278424633944,9436,9436,0.00215321759641369,0.00107660879820687
0.180908032712957,0.149815165038625,9437,9437,0.00215321759641369,0.00107660879820683
0.179399797006536,0.148278424633944,9438,9438,0.00215321759641369,0.00107660879820687
0.180908032712957,0.149815165038625,9439,9439,0.00215321759641369,0.00107660879820683
0.179399797006536,0.148278424633944,9440,9440,0.00215321759641369,0.00107660879820687
0.180908032712957,0.149815165038625,9441,9441,0.00215321759641369,0.00107660879820683
0.179399797006536,0.148278424633944,9442,9442,0.00215321759641369,0.00107660879820687
0.180908032712957,0.149815165038625,9443,9443,0.00215321759641369,0.00107660879820683
0.179399797006536,0.148278424633944,9444,9444,0.00215321759641369,0.00107660879820687
0.180908032712957,0.149815165038625,9445,9445,0.00215321759641369,0.00107660879820683
0.179399797006536,0.148278424633944,9446,9446,0.00215321759641369,0.00107660879820687
0.180908032712957,0.149815165038625,9447,9447,0.00215321759641369,0.00107660879820683
0.179399797006536,0.148278424633944,9448,9448,0.00215321759641369,0.00107660879820687
0.180908032712957,0.149815165038625,9449,9449,0.00215321759641369,0.00107660879820683
0.179399797006536,0.148278424633944,9450,9450,0.00215321759641369,0.00107660879820687
0.180908032712957,0.149815165038625,9451,9451,0.00215321759641369,0.00107660879820683
0.179399797006536,0.148278424633944,9452,9452,0.00215321759641369,0.00107660879820687
0.180908032712957,0.149815165038625,9453,9453,0.00215321759641369,0.00107660879820683
0.179399797006536,0.148278424633944,9454,9454,0.00215321759641369,0.00107660879820687
0.180908032712957,0.149815165038625,9455,9455,0.00215321759641369,0.00107660879820683
0.179399797006536,0.148278424633944,9456,9456,0.00215321759641369,0.00107660879820687
0.180908032712957,0.149815165038625,9457,9457,0.00215321759641369,0.00107660879820683
0.179399797006536,0.148278424633944,9458,9458,0.00215321759641369,0.00107660879820687
0.180908032712957,0.149815165038625,9459,9459,0.00215321759641369,0.00107660879820683
0.179399797006536,0.148278424633944,9460,9460,0.00215321759641369,0.00107660879820687
0.180908032712957,0.149815165038625,9461,9461,0.00215321759641369,0.00107660879820683
0.179399797006536,0.148278424633944,9462,9462,0.00215321759641369,0.00107660879820687
0.180908032712957,0.149815165038625,9463,9463,0.00215321759641369,0.00107660879820683
0.179399797006536,0.148278424633944,9464,9464,0.00215321759641369,0.00107660879820687
0.180908032712957,0.149815165038625,9465,9465,0.00215321759641369,0.00107660879820683
0.179399797006536,0.148278424633944,9466,9466,0.00215321759641369,0.00107660879820687
0.180908032712957,0.149815165038625,9467,9467,0.00215321759641369,0.00107660879820683
0.179399797006536,0.148278424633944,9468,9468,0.00215321759641369,0.00107660879820687
0.180908032712957,0.149815165038625,9469,9469,0.00215321759641369,0.00107660879820683
0.179399797006536,0.148278424633944,9470,9470,0.00215321759641369,0.00107660879820687
0.180908032712957,0.149815165038625,9471,9471,0.00215321759641369,0.00107660879820683
0.179399797006536,0.148278424633944,9472,9472,0.00215321759641369,0.00107660879820687
0.180908032712957,0.149815165038625,9473,9473,0.00215321759641369,0.00107660879820683
0.179399797006536,0.148278424633944,9474,9474,0.00215321759641369,0.00107660879820687
0.180908032712957,0.149815165038625,9475,9475,0.00215321759641369,0.00107660879820683
0.179399797006536,0.148278424633944,9476,9476,0.00215321759641369,0.00107660879820687
0.180908032712957,0.149815165038625,9477,9477,0.00215321759641369,0.00107660879820683
0.179399797006536,0.148278424633944,9478,9478,0.00215321759641369,0.00107660879820687
0.180908032712957,0.149815165038625,9479,9479,0.00215321759641369,0.00107660879820683
0.179399797006536,0.148278424633944,9480,9480,0.00215321759641369,0.00107660879820687
0.180908032712957,0.149815165038625,9481,9481,0.00215321759641369,0.00107660879820683
0.179399797006536,0.148278424633944,9482,9482,0.00215321759641369,0.00107660879820687
0.180908032712957,0.149815165038625,9483,9483,0.00215321759641369,0.00107660879820683
0.179399797006536,0.148278424633944,9484,9484,0.00215321759641369,0.00107660879820687
0.180908032712957,0.149815165038625,9485,9485,0.00215321759641369,0.00107660879820683
0.179399797006536,0.148278424633944,9486,9486,0.00215321759641369,0.00107660879820687
0.180908032712957,0.149815165038625,9487,9487,0.00215321759641369,0.00107660879820683
0.179399797006536,0.148278424633944,9488,9488,0.00215321759641369,0.00107660879820687
0.180908032712957,0.149815165038625,9489,9489,0.00215321759641369,0.00107660879820683
0.179399797006536,0.148278424633944,9490,9490,0.00215321759641369,0.00107660879820687
0.180908032712957,0.149815165038625,9491,9491,0.00215321759641369,0.00107660879820683
0.179399797006536,0.148278424633944,9492,9492,0.00215321759641369,0.00107660879820687
0.180908032712957,0.149815165038625,9493,9493,0.00215321759641369,0.00107660879820683
0.179399797006536,0.148278424633944,9494,9494,0.00215321759641369,0.00107660879820687
0.180908032712957,0.149815165038625,9495,9495,0.00215321759641369,0.00107660879820683
0.179399797006536,0.148278424633944,9496,9496,0.00215321759641369,0.00107660879820687
0.180908032712957,0.149815165038625,9497,9497,0.00215321759641369,0.00107660879820683
0.179399797006536,0.148278424633944,9498,9498,0.00215321759641369,0.00107660879820687
0.180908032712957,0.149815165038625,9499,9499,0.00215321759641369,0.00107660879820683
0.179399797006536,0.148278424633944,9500,9500,0.00215321759641369,0.00107660879820687
0.180908032712957,0.149815165038625,9501,9501,0.00215321759641369,0.00107660879820683
0.179399797006536,0.148278424633944,9502,9502,0.00215321759641369,0.00107660879820687
0.180908032712957,0.149815165038625,9503,9503,0.00215321759641369,0.00107660879820683
0.179399797006536,0.148278424633944,9504,9504,0.00215321759641369,0.00107660879820687
0.180908032712957,0.149815165038625,9505,9505,0.00215321759641369,0.00107660879820683
0.179399797006536,0.148278424633944,9506,9506,0.00215321759641369,0.00107660879820687
0.180908032712957,0.149815165038625,9507,9507,0.00215321759641369,0.00107660879820683
0.179399797006536,0.148278424633944,9508,9508,0.00215321759641369,0.00107660879820687
0.180908032712957,0.149815165038625,9509,9509,0.00215321759641369,0.00107660879820683
0.179399797006536,0.148278424633944,9510,9510,0.00215321759641369,0.00107660879820687
0.180908032712957,0.149815165038625,9511,9511,0.00215321759641369,0.00107660879820683
0.179399797006536,0.148278424633944,9512,9512,0.00215321759641369,0.00107660879820687
0.180908032712957,0.149815165038625,9513,9513,0.00215321759641369,0.00107660879820683
0.179399797006536,0.148278424633944,9514,9514,0.00215321759641369,0.00107660879820687
0.180908032712957,0.149815165038625,9515,9515,0.00215321759641369,0.00107660879820683
0.179399797006536,0.148278424633944,9516,9516,0.00215321759641369,0.00107660879820687
0.180908032712957,0.149815165038625,9517,9517,0.00215321759641369,0.00107660879820683
0.179399797006536,0.148278424633944,9518,9518,0.00215321759641369,0.00107660879820687
0.180908032712957,0.149815165038625,9519,9519,0.00215321759641369,0.00107660879820683
0.179399797006536,0.148278424633944,9520,9520,0.00215321759641369,0.00107660879820687
0.180908032712957,0.149815165038625,9521,9521,0.00215321759641369,0.00107660879820683
0.179399797006536,0.148278424633944,9522,9522,0.00215321759641369,0.00107660879820687
0.180908032712957,0.149815165038625,9523,9523,0.00215321759641369,0.00107660879820683
0.179399797006536,0.148278424633944,9524,9524,0.00215321759641369,0.00107660879820687
0.180908032712957,0.149815165038625,9525,9525,0.00215321759641369,0.00107660879820683
0.179399797006536,0.148278424633944,9526,9526,0.00215321759641369,0.00107660879820687
0.180908032712957,0.149815165038625,9527,9527,0.00215321759641369,0.00107660879820683
0.179399797006536,0.148278424633944,9528,9528,0.00215321759641369,0.00107660879820687
0.180908032712957,0.149815165038625,9529,9529,0.00215321759641369,0.00107660879820683
0.179399797006536,0.148278424633944,9530,9530,0.00215321759641369,0.00107660879820687
0.180908032712957,0.149815165038625,9531,9531,0.00215321759641369,0.00107660879820683
0.179399797006536,0.148278424633944,9532,9532,0.00215321759641369,0.00107660879820687
0.180908032712957,0.149815165038625,9533,9533,0.00215321759641369,0.00107660879820683
0.179399797006536,0.148278424633944,9534,9534,0.00215321759641369,0.00107660879820687
0.180908032712957,0.149815165038625,9535,9535,0.00215321759641369,0.00107660879820683
0.179399797006536,0.148278424633944,9536,9536,0.00215321759641369,0.00107660879820687
0.180908032712957,0.149815165038625,9537,9537,0.00215321759641369,0.00107660879820683
0.179399797006536,0.148278424633944,9538,9538,0.00215321759641369,0.00107660879820687
0.180908032712957,0.149815165038625,9539,9539,0.00215321759641369,0.00107660879820683
0.179399797006536,0.148278424633944,9540,9540,0.00215321759641369,0.00107660879820687
0.180908032712957,0.149815165038625,9541,9541,0.00215321759641369,0.00107660879820683
0.179399797006536,0.148278424633944,9542,9542,0.00215321759641369,0.00107660879820687
0.180908032712957,0.149815165038625,9543,9543,0.00215321759641369,0.00107660879820683
0.179399797006536,0.148278424633944,9544,9544,0.00215321759641369,0.00107660879820687
0.180908032712957,0.149815165038625,9545,9545,0.00215321759641369,0.00107660879820683
0.179399797006536,0.148278424633944,9546,9546,0.00215321759641369,0.00107660879820687
0.180908032712957,0.149815165038625,9547,9547,0.00215321759641369,0.00107660879820683
0.179399797006536,0.148278424633944,9548,9548,0.00215321759641369,0.00107660879820687
0.180908032712957,0.149815165038625,9549,9549,0.00215321759641369,0.00107660879820683
0.179399797006536,0.148278424633944,9550,9550,0.00215321759641369,0.00107660879820687
0.180908032712957,0.149815165038625,9551,9551,0.00215321759641369,0.00107660879820683
0.179399797006536,0.148278424633944,9552,9552,0.00215321759641369,0.00107660879820687
0.180908032712957,0.149815165038625,9553,9553,0.00215321759641369,0.00107660879820683
0.179399797006536,0.148278424633944,9554,9554,0.00215321759641369,0.00107660879820687
0.180908032712957,0.149815165038625,9555,9555,0.00215321759641369,0.00107660879820683
0.179399797006536,0.148278424633944,9556,9556,0.00215321759641369,0.00107660879820687
0.180908032712957,0.149815165038625,9557,9557,0.00215321759641369,0.00107660879820683
0.179399797006536,0.148278424633944,9558,9558,0.00215321759641369,0.00107660879820687
0.180908032712957,0.149815165038625,9559,9559,0.00215321759641369,0.00107660879820683
0.179399797006536,0.148278424633944,9560,9560,0.00215321759641369,0.00107660879820687
0.180908032712957,0.149815165038625,9561,9561,0.00215321759641369,0.00107660879820683
0.179399797006536,0.148278424633944,9562,9562,0.00215321759641369,0.00107660879820687
0.180908032712957,0.149815165038625,9563,9563,0.00215321759641369,0.00107660879820683
0.179399797006536,0.148278424633944,9564,9564,0.00215321759641369,0.00107660879820687
0.180908032712957,0.149815165038625,9565,9565,0.00215321759641369,0.00107660879820683
0.179399797006536,0.148278424633944,9566,9566,0.00215321759641369,0.00107660879820687
0.180908032712957,0.149815165038625,9567,9567,0.00215321759641369,0.00107660879820683
0.179399797006536,0.148278424633944,9568,9568,0.00215321759641369,0.00107660879820687
0.180908032712957,0.149815165038625,9569,9569,0.00215321759641369,0.00107660879820683
0.179399797006536,0.148278424633944,9570,9570,0.00215321759641369,0.00107660879820687
0.180908032712957,0.149815165038625,9571,9571,0.00215321759641369,0.00107660879820683
0.179399797006536,0.148278424633944,9572,9572,0.00215321759641369,0.00107660879820687
0.180908032712957,0.149815165038625,9573,9573,0.00215321759641369,0.00107660879820683
0.179399797006536,0.148278424633944,9574,9574,0.00215321759641369,0.00107660879820687
0.180908032712957,0.149815165038625,9575,9575,0.00215321759641369,0.00107660879820683
0.179399797006536,0.148278424633944,9576,9576,0.00215321759641369,0.00107660879820687
0.180908032712957,0.149815165038625,9577,9577,0.00215321759641369,0.00107660879820683
0.179399797006536,0.148278424633944,9578,9578,0.00215321759641369,0.00107660879820687
0.180908032712957,0.149815165038625,9579,9579,0.00215321759641369,0.00107660879820683
0.179399797006536,0.148278424633944,9580,9580,0.00215321759641369,0.00107660879820687
0.180908032712957,0.149815165038625,9581,9581,0.00215321759641369,0.00107660879820683
0.179399797006536,0.148278424633944,9582,9582,0.00215321759641369,0.00107660879820687
0.180908032712957,0.149815165038625,9583,9583,0.00215321759641369,0.00107660879820683
0.179399797006536,0.148278424633944,9584,9584,0.00215321759641369,0.00107660879820687
0.180908032712957,0.149815165038625,9585,9585,0.00215321759641369,0.00107660879820683
0.179399797006536,0.148278424633944,9586,9586,0.00215321759641369,0.00107660879820687
0.180908032712957,0.149815165038625,9587,9587,0.00215321759641369,0.00107660879820683
0.179399797006536,0.148278424633944,9588,9588,0.00215321759641369,0.00107660879820687
0.180908032712957,0.149815165038625,9589,9589,0.00215321759641369,0.00107660879820683
0.179399797006536,0.148278424633944,9590,9590,0.00215321759641369,0.00107660879820687
0.180908032712957,0.149815165038625,9591,9591,0.00215321759641369,0.00107660879820683
0.179399797006536,0.148278424633944,9592,9592,0.00215321759641369,0.00107660879820687
0.180908032712957,0.149815165038625,9593,9593,0.00215321759641369,0.00107660879820683
0.179399797006536,0.148278424633944,9594,9594,0.00215321759641369,0.00107660879820687
0.180908032712957,0.149815165038625,9595,9595,0.00215321759641369,0.00107660879820683
0.179399797006536,0.148278424633944,9596,9596,0.00215321759641369,0.00107660879820687
0.180908032712957,0.149815165038625,9597,9597,0.00215321759641369,0.00107660879820683
0.179399797006536,0.148278424633944,9598,9598,0.00215321759641369,0.00107660879820687
0.180908032712957,0.149815165038625,9599,9599,0.00215321759641369,0.00107660879820683
0.179399797006536,0.148278424633944,9600,9600,0.00215321759641369,0.00107660879820687
0.180908032712957,0.149815165038625,9601,9601,0.00215321759641369,0.00107660879820683
0.179399797006536,0.148278424633944,9602,9602,0.00215321759641369,0.00107660879820687
0.180908032712957,0.149815165038625,9603,9603,0.00215321759641369,0.00107660879820683
0.179399797006536,0.148278424633944,9604,9604,0.00215321759641369,0.00107660879820687
0.180908032712957,0.149815165038625,9605,9605,0.00215321759641369,0.00107660879820683
0.179399797006536,0.148278424633944,9606,9606,0.00215321759641369,0.00107660879820687
0.180908032712957,0.149815165038625,9607,9607,0.00215321759641369,0.00107660879820683
0.179399797006536,0.148278424633944,9608,9608,0.00215321759641369,0.00107660879820687
0.180908032712957,0.149815165038625,9609,9609,0.00215321759641369,0.00107660879820683
0.179399797006536,0.148278424633944,9610,9610,0.00215321759641369,0.00107660879820687
0.180908032712957,0.149815165038625,9611,9611,0.00215321759641369,0.00107660879820683
0.179399797006536,0.148278424633944,9612,9612,0.00215321759641369,0.00107660879820687
0.180908032712957,0.149815165038625,9613,9613,0.00215321759641369,0.00107660879820683
0.179399797006536,0.148278424633944,9614,9614,0.00215321759641369,0.00107660879820687
0.180908032712957,0.149815165038625,9615,9615,0.00215321759641369,0.00107660879820683
0.179399797006536,0.148278424633944,9616,9616,0.00215321759641369,0.00107660879820687
0.180908032712957,0.149815165038625,9617,9617,0.00215321759641369,0.00107660879820683
0.179399797006536,0.148278424633944,9618,9618,0.00215321759641369,0.00107660879820687
0.180908032712957,0.149815165038625,9619,9619,0.00215321759641369,0.00107660879820683
0.179399797006536,0.148278424633944,9620,9620,0.00215321759641369,0.00107660879820687
0.180908032712957,0.149815165038625,9621,9621,0.00215321759641369,0.00107660879820683
0.179399797006536,0.148278424633944,9622,9622,0.00215321759641369,0.00107660879820687
0.180908032712957,0.149815165038625,9623,9623,0.00215321759641369,0.00107660879820683
0.179399797006536,0.148278424633944,9624,9624,0.00215321759641369,0.00107660879820687
0.180908032712957,0.149815165038625,9625,9625,0.00215321759641369,0.00107660879820683
0.179399797006536,0.148278424633944,9626,9626,0.00215321759641369,0.00107660879820687
0.180908032712957,0.149815165038625,9627,9627,0.00215321759641369,0.00107660879820683
0.179399797006536,0.148278424633944,9628,9628,0.00215321759641369,0.00107660879820687
0.180908032712957,0.149815165038625,9629,9629,0.00215321759641369,0.00107660879820683
0.179399797006536,0.148278424633944,9630,9630,0.00215321759641369,0.00107660879820687
0.180908032712957,0.149815165038625,9631,9631,0.00215321759641369,0.00107660879820683
0.179399797006536,0.148278424633944,9632,9632,0.00215321759641369,0.00107660879820687
0.180908032712957,0.149815165038625,9633,9633,0.00215321759641369,0.00107660879820683
0.179399797006536,0.148278424633944,9634,9634,0.00215321759641369,0.00107660879820687
0.180908032712957,0.149815165038625,9635,9635,0.00215321759641369,0.00107660879820683
0.179399797006536,0.148278424633944,9636,9636,0.00215321759641369,0.00107660879820687
0.180908032712957,0.149815165038625,9637,9637,0.00215321759641369,0.00107660879820683
0.179399797006536,0.148278424633944,9638,9638,0.00215321759641369,0.00107660879820687
0.180908032712957,0.149815165038625,9639,9639,0.00215321759641369,0.00107660879820683
0.179399797006536,0.148278424633944,9640,9640,0.00215321759641369,0.00107660879820687
0.180908032712957,0.149815165038625,9641,9641,0.00215321759641369,0.00107660879820683
0.179399797006536,0.148278424633944,9642,9642,0.00215321759641369,0.00107660879820687
0.180908032712957,0.149815165038625,9643,9643,0.00215321759641369,0.00107660879820683
0.179399797006536,0.148278424633944,9644,9644,0.00215321759641369,0.00107660879820687
0.180908032712957,0.149815165038625,9645,9645,0.00215321759641369,0.00107660879820683
0.179399797006536,0.148278424633944,9646,9646,0.00215321759641369,0.00107660879820687
0.180908032712957,0.149815165038625,9647,9647,0.00215321759641369,0.00107660879820683
0.179399797006536,0.148278424633944,9648,9648,0.00215321759641369,0.00107660879820687
0.180908032712957,0.149815165038625,9649,9649,0.00215321759641369,0.00107660879820683
0.179399797006536,0.148278424633944,9650,9650,0.00215321759641369,0.00107660879820687
0.180908032712957,0.149815165038625,9651,9651,0.00215321759641369,0.00107660879820683
0.179399797006536,0.148278424633944,9652,9652,0.00215321759641369,0.00107660879820687
0.180908032712957,0.149815165038625,9653,9653,0.00215321759641369,0.00107660879820683
0.179399797006536,0.148278424633944,9654,9654,0.00215321759641369,0.00107660879820687
0.180908032712957,0.149815165038625,9655,9655,0.00215321759641369,0.00107660879820683
0.179399797006536,0.148278424633944,9656,9656,0.00215321759641369,0.00107660879820687
0.180908032712957,0.149815165038625,9657,9657,0.00215321759641369,0.00107660879820683
0.179399797006536,0.148278424633944,9658,9658,0.00215321759641369,0.00107660879820687
0.180908032712957,0.149815165038625,9659,9659,0.00215321759641369,0.00107660879820683
0.179399797006536,0.148278424633944,9660,9660,0.00215321759641369,0.00107660879820687
0.180908032712957,0.149815165038625,9661,9661,0.00215321759641369,0.00107660879820683
0.179399797006536,0.148278424633944,9662,9662,0.00215321759641369,0.00107660879820687
0.180908032712957,0.149815165038625,9663,9663,0.00215321759641369,0.00107660879820683
0.179399797006536,0.148278424633944,9664,9664,0.00215321759641369,0.00107660879820687
0.180908032712957,0.149815165038625,9665,9665,0.00215321759641369,0.00107660879820683
0.179399797006536,0.148278424633944,9666,9666,0.00215321759641369,0.00107660879820687
0.180908032712957,0.149815165038625,9667,9667,0.00215321759641369,0.00107660879820683
0.179399797006536,0.148278424633944,9668,9668,0.00215321759641369,0.00107660879820687
0.180908032712957,0.149815165038625,9669,9669,0.00215321759641369,0.00107660879820683
0.179399797006536,0.148278424633944,9670,9670,0.00215321759641369,0.00107660879820687
0.180908032712957,0.149815165038625,9671,9671,0.00215321759641369,0.00107660879820683
0.179399797006536,0.148278424633944,9672,9672,0.00215321759641369,0.00107660879820687
0.180908032712957,0.149815165038625,9673,9673,0.00215321759641369,0.00107660879820683
0.179399797006536,0.148278424633944,9674,9674,0.00215321759641369,0.00107660879820687
0.180908032712957,0.149815165038625,9675,9675,0.00215321759641369,0.00107660879820683
0.179399797006536,0.148278424633944,9676,9676,0.00215321759641369,0.00107660879820687
0.180908032712957,0.149815165038625,9677,9677,0.00215321759641369,0.00107660879820683
0.179399797006536,0.148278424633944,9678,9678,0.00215321759641369,0.00107660879820687
0.180908032712957,0.149815165038625,9679,9679,0.00215321759641369,0.00107660879820683
0.179399797006536,0.148278424633944,9680,9680,0.00215321759641369,0.00107660879820687
0.180908032712957,0.149815165038625,9681,9681,0.00215321759641369,0.00107660879820683
0.179399797006536,0.148278424633944,9682,9682,0.00215321759641369,0.00107660879820687
0.180908032712957,0.149815165038625,9683,9683,0.00215321759641369,0.00107660879820683
0.179399797006536,0.148278424633944,9684,9684,0.00215321759641369,0.00107660879820687
0.180908032712957,0.149815165038625,9685,9685,0.00215321759641369,0.00107660879820683
0.179399797006536,0.148278424633944,9686,9686,0.00215321759641369,0.00107660879820687
0.180908032712957,0.149815165038625,9687,9687,0.00215321759641369,0.00107660879820683
0.179399797006536,0.148278424633944,9688,9688,0.00215321759641369,0.00107660879820687
0.180908032712957,0.149815165038625,9689,9689,0.00215321759641369,0.00107660879820683
0.179399797006536,0.148278424633944,9690,9690,0.00215321759641369,0.00107660879820687
0.180908032712957,0.149815165038625,9691,9691,0.00215321759641369,0.00107660879820683
0.179399797006536,0.148278424633944,9692,9692,0.00215321759641369,0.00107660879820687
0.180908032712957,0.149815165038625,9693,9693,0.00215321759641369,0.00107660879820683
0.179399797006536,0.148278424633944,9694,9694,0.00215321759641369,0.00107660879820687
0.180908032712957,0.149815165038625,9695,9695,0.00215321759641369,0.00107660879820683
0.179399797006536,0.148278424633944,9696,9696,0.00215321759641369,0.00107660879820687
0.180908032712957,0.149815165038625,9697,9697,0.00215321759641369,0.00107660879820683
0.179399797006536,0.148278424633944,9698,9698,0.00215321759641369,0.00107660879820687
0.180908032712957,0.149815165038625,9699,9699,0.00215321759641369,0.00107660879820683
0.179399797006536,0.148278424633944,9700,9700,0.00215321759641369,0.00107660879820687
0.180908032712957,0.149815165038625,9701,9701,0.00215321759641369,0.00107660879820683
0.179399797006536,0.148278424633944,9702,9702,0.00215321759641369,0.00107660879820687
0.180908032712957,0.149815165038625,9703,9703,0.00215321759641369,0.00107660879820683
0.179399797006536,0.148278424633944,9704,9704,0.00215321759641369,0.00107660879820687
0.180908032712957,0.149815165038625,9705,9705,0.00215321759641369,0.00107660879820683
0.179399797006536,0.148278424633944,9706,9706,0.00215321759641369,0.00107660879820687
0.180908032712957,0.149815165038625,9707,9707,0.00215321759641369,0.00107660879820683
0.179399797006536,0.148278424633944,9708,9708,0.00215321759641369,0.00107660879820687
0.180908032712957,0.149815165038625,9709,9709,0.00215321759641369,0.00107660879820683
0.179399797006536,0.148278424633944,9710,9710,0.00215321759641369,0.00107660879820687
0.180908032712957,0.149815165038625,9711,9711,0.00215321759641369,0.00107660879820683
0.179399797006536,0.148278424633944,9712,9712,0.00215321759641369,0.00107660879820687
0.180908032712957,0.149815165038625,9713,9713,0.00215321759641369,0.00107660879820683
0.179399797006536,0.148278424633944,9714,9714,0.00215321759641369,0.00107660879820687
0.180908032712957,0.149815165038625,9715,9715,0.00215321759641369,0.00107660879820683
0.179399797006536,0.148278424633944,9716,9716,0.00215321759641369,0.00107660879820687
0.180908032712957,0.149815165038625,9717,9717,0.00215321759641369,0.00107660879820683
0.179399797006536,0.148278424633944,9718,9718,0.00215321759641369,0.00107660879820687
0.180908032712957,0.149815165038625,9719,9719,0.00215321759641369,0.00107660879820683
0.179399797006536,0.148278424633944,9720,9720,0.00215321759641369,0.00107660879820687
0.180908032712957,0.149815165038625,9721,9721,0.00215321759641369,0.00107660879820683
0.179399797006536,0.148278424633944,9722,9722,0.00215321759641369,0.00107660879820687
0.180908032712957,0.149815165038625,9723,9723,0.00215321759641369,0.00107660879820683
0.179399797006536,0.148278424633944,9724,9724,0.00215321759641369,0.00107660879820687
0.180908032712957,0.149815165038625,9725,9725,0.00215321759641369,0.00107660879820683
0.179399797006536,0.148278424633944,9726,9726,0.00215321759641369,0.00107660879820687
0.180908032712957,0.149815165038625,9727,9727,0.00215321759641369,0.00107660879820683
0.179399797006536,0.148278424633944,9728,9728,0.00215321759641369,0.00107660879820687
0.180908032712957,0.149815165038625,9729,9729,0.00215321759641369,0.00107660879820683
0.179399797006536,0.148278424633944,9730,9730,0.00215321759641369,0.00107660879820687
0.180908032712957,0.149815165038625,9731,9731,0.00215321759641369,0.00107660879820683
0.179399797006536,0.148278424633944,9732,9732,0.00215321759641369,0.00107660879820687
0.180908032712957,0.149815165038625,9733,9733,0.00215321759641369,0.00107660879820683
0.179399797006536,0.148278424633944,9734,9734,0.00215321759641369,0.00107660879820687
0.180908032712957,0.149815165038625,9735,9735,0.00215321759641369,0.00107660879820683
0.179399797006536,0.148278424633944,9736,9736,0.00215321759641369,0.00107660879820687
0.180908032712957,0.149815165038625,9737,9737,0.00215321759641369,0.00107660879820683
0.179399797006536,0.148278424633944,9738,9738,0.00215321759641369,0.00107660879820687
0.180908032712957,0.149815165038625,9739,9739,0.00215321759641369,0.00107660879820683
0.179399797006536,0.148278424633944,9740,9740,0.00215321759641369,0.00107660879820687
0.180908032712957,0.149815165038625,9741,9741,0.00215321759641369,0.00107660879820683
0.179399797006536,0.148278424633944,9742,9742,0.00215321759641369,0.00107660879820687
0.180908032712957,0.149815165038625,9743,9743,0.00215321759641369,0.00107660879820683
0.179399797006536,0.148278424633944,9744,9744,0.00215321759641369,0.00107660879820687
0.180908032712957,0.149815165038625,9745,9745,0.00215321759641369,0.00107660879820683
0.179399797006536,0.148278424633944,9746,9746,0.00215321759641369,0.00107660879820687
0.180908032712957,0.149815165038625,9747,9747,0.00215321759641369,0.00107660879820683
0.179399797006536,0.148278424633944,9748,9748,0.00215321759641369,0.00107660879820687
0.180908032712957,0.149815165038625,9749,9749,0.00215321759641369,0.00107660879820683
0.179399797006536,0.148278424633944,9750,9750,0.00215321759641369,0.00107660879820687
0.180908032712957,0.149815165038625,9751,9751,0.00215321759641369,0.00107660879820683
0.179399797006536,0.148278424633944,9752,9752,0.00215321759641369,0.00107660879820687
0.180908032712957,0.149815165038625,9753,9753,0.00215321759641369,0.00107660879820683
0.179399797006536,0.148278424633944,9754,9754,0.00215321759641369,0.00107660879820687
0.180908032712957,0.149815165038625,9755,9755,0.00215321759641369,0.00107660879820683
0.179399797006536,0.148278424633944,9756,9756,0.00215321759641369,0.00107660879820687
0.180908032712957,0.149815165038625,9757,9757,0.00215321759641369,0.00107660879820683
0.179399797006536,0.148278424633944,9758,9758,0.00215321759641369,0.00107660879820687
0.180908032712957,0.149815165038625,9759,9759,0.00215321759641369,0.00107660879820683
0.179399797006536,0.148278424633944,9760,9760,0.00215321759641369,0.00107660879820687
0.180908032712957,0.149815165038625,9761,9761,0.00215321759641369,0.00107660879820683
0.179399797006536,0.148278424633944,9762,9762,0.00215321759641369,0.00107660879820687
0.180908032712957,0.149815165038625,9763,9763,0.00215321759641369,0.00107660879820683
0.179399797006536,0.148278424633944,9764,9764,0.00215321759641369,0.00107660879820687
0.180908032712957,0.149815165038625,9765,9765,0.00215321759641369,0.00107660879820683
0.179399797006536,0.148278424633944,9766,9766,0.00215321759641369,0.00107660879820687
0.180908032712957,0.149815165038625,9767,9767,0.00215321759641369,0.00107660879820683
0.179399797006536,0.148278424633944,9768,9768,0.00215321759641369,0.00107660879820687
0.180908032712957,0.149815165038625,9769,9769,0.00215321759641369,0.00107660879820683
0.179399797006536,0.148278424633944,9770,9770,0.00215321759641369,0.00107660879820687
0.180908032712957,0.149815165038625,9771,9771,0.00215321759641369,0.00107660879820683
0.179399797006536,0.148278424633944,9772,9772,0.00215321759641369,0.00107660879820687
0.180908032712957,0.149815165038625,9773,9773,0.00215321759641369,0.00107660879820683
0.179399797006536,0.148278424633944,9774,9774,0.00215321759641369,0.00107660879820687
0.180908032712957,0.149815165038625,9775,9775,0.00215321759641369,0.00107660879820683
0.179399797006536,0.148278424633944,9776,9776,0.00215321759641369,0.00107660879820687
0.180908032712957,0.149815165038625,9777,9777,0.00215321759641369,0.00107660879820683
0.179399797006536,0.148278424633944,9778,9778,0.00215321759641369,0.00107660879820687
0.180908032712957,0.149815165038625,9779,9779,0.00215321759641369,0.00107660879820683
0.179399797006536,0.148278424633944,9780,9780,0.00215321759641369,0.00107660879820687
0.180908032712957,0.149815165038625,9781,9781,0.00215321759641369,0.00107660879820683
0.179399797006536,0.148278424633944,9782,9782,0.00215321759641369,0.00107660879820687
0.180908032712957,0.149815165038625,9783,9783,0.00215321759641369,0.00107660879820683
0.179399797006536,0.148278424633944,9784,9784,0.00215321759641369,0.00107660879820687
0.180908032712957,0.149815165038625,9785,9785,0.00215321759641369,0.00107660879820683
0.179399797006536,0.148278424633944,9786,9786,0.00215321759641369,0.00107660879820687
0.180908032712957,0.149815165038625,9787,9787,0.00215321759641369,0.00107660879820683
0.179399797006536,0.148278424633944,9788,9788,0.00215321759641369,0.00107660879820687
0.180908032712957,0.149815165038625,9789,9789,0.00215321759641369,0.00107660879820683
0.179399797006536,0.148278424633944,9790,9790,0.00215321759641369,0.00107660879820687
0.180908032712957,0.149815165038625,9791,9791,0.00215321759641369,0.00107660879820683
0.179399797006536,0.148278424633944,9792,9792,0.00215321759641369,0.00107660879820687
0.180908032712957,0.149815165038625,9793,9793,0.00215321759641369,0.00107660879820683
0.179399797006536,0.148278424633944,9794,9794,0.00215321759641369,0.00107660879820687
0.180908032712957,0.149815165038625,9795,9795,0.00215321759641369,0.00107660879820683
0.179399797006536,0.148278424633944,9796,9796,0.00215321759641369,0.00107660879820687
0.180908032712957,0.149815165038625,9797,9797,0.00215321759641369,0.00107660879820683
0.179399797006536,0.148278424633944,9798,9798,0.00215321759641369,0.00107660879820687
0.180908032712957,0.149815165038625,9799,9799,0.00215321759641369,0.00107660879820683
0.179399797006536,0.148278424633944,9800,9800,0.00215321759641369,0.00107660879820687
0.180908032712957,0.149815165038625,9801,9801,0.00215321759641369,0.00107660879820683
0.179399797006536,0.148278424633944,9802,9802,0.00215321759641369,0.00107660879820687
0.180908032712957,0.149815165038625,9803,9803,0.00215321759641369,0.00107660879820683
0.179399797006536,0.148278424633944,9804,9804,0.00215321759641369,0.00107660879820687
0.180908032712957,0.149815165038625,9805,9805,0.00215321759641369,0.00107660879820683
0.179399797006536,0.148278424633944,9806,9806,0.00215321759641369,0.00107660879820687
0.180908032712957,0.149815165038625,9807,9807,0.00215321759641369,0.00107660879820683
0.179399797006536,0.148278424633944,9808,9808,0.00215321759641369,0.00107660879820687
0.180908032712957,0.149815165038625,9809,9809,0.00215321759641369,0.00107660879820683
0.179399797006536,0.148278424633944,9810,9810,0.00215321759641369,0.00107660879820687
0.180908032712957,0.149815165038625,9811,9811,0.00215321759641369,0.00107660879820683
0.179399797006536,0.148278424633944,9812,9812,0.00215321759641369,0.00107660879820687
0.180908032712957,0.149815165038625,9813,9813,0.00215321759641369,0.00107660879820683
0.179399797006536,0.148278424633944,9814,9814,0.00215321759641369,0.00107660879820687
0.180908032712957,0.149815165038625,9815,9815,0.00215321759641369,0.00107660879820683
0.179399797006536,0.148278424633944,9816,9816,0.00215321759641369,0.00107660879820687
0.180908032712957,0.149815165038625,9817,9817,0.00215321759641369,0.00107660879820683
0.179399797006536,0.148278424633944,9818,9818,0.00215321759641369,0.00107660879820687
0.180908032712957,0.149815165038625,9819,9819,0.00215321759641369,0.00107660879820683
0.179399797006536,0.148278424633944,9820,9820,0.00215321759641369,0.00107660879820687
0.180908032712957,0.149815165038625,9821,9821,0.00215321759641369,0.00107660879820683
0.179399797006536,0.148278424633944,9822,9822,0.00215321759641369,0.00107660879820687
0.180908032712957,0.149815165038625,9823,9823,0.00215321759641369,0.00107660879820683
0.179399797006536,0.148278424633944,9824,9824,0.00215321759641369,0.00107660879820687
0.180908032712957,0.149815165038625,9825,9825,0.00215321759641369,0.00107660879820683
0.179399797006536,0.148278424633944,9826,9826,0.00215321759641369,0.00107660879820687
0.180908032712957,0.149815165038625,9827,9827,0.00215321759641369,0.00107660879820683
0.179399797006536,0.148278424633944,9828,9828,0.00215321759641369,0.00107660879820687
0.180908032712957,0.149815165038625,9829,9829,0.00215321759641369,0.00107660879820683
0.179399797006536,0.148278424633944,9830,9830,0.00215321759641369,0.00107660879820687
0.180908032712957,0.149815165038625,9831,9831,0.00215321759641369,0.00107660879820683
0.179399797006536,0.148278424633944,9832,9832,0.00215321759641369,0.00107660879820687
0.180908032712957,0.149815165038625,9833,9833,0.00215321759641369,0.00107660879820683
0.179399797006536,0.148278424633944,9834,9834,0.00215321759641369,0.00107660879820687
0.180908032712957,0.149815165038625,9835,9835,0.00215321759641369,0.00107660879820683
0.179399797006536,0.148278424633944,9836,9836,0.00215321759641369,0.00107660879820687
0.180908032712957,0.149815165038625,9837,9837,0.00215321759641369,0.00107660879820683
0.179399797006536,0.148278424633944,9838,9838,0.00215321759641369,0.00107660879820687
0.180908032712957,0.149815165038625,9839,9839,0.00215321759641369,0.00107660879820683
0.179399797006536,0.148278424633944,9840,9840,0.00215321759641369,0.00107660879820687
0.180908032712957,0.149815165038625,9841,9841,0.00215321759641369,0.00107660879820683
0.179399797006536,0.148278424633944,9842,9842,0.00215321759641369,0.00107660879820687
0.180908032712957,0.149815165038625,9843,9843,0.00215321759641369,0.00107660879820683
0.179399797006536,0.148278424633944,9844,9844,0.00215321759641369,0.00107660879820687
0.180908032712957,0.149815165038625,9845,9845,0.00215321759641369,0.00107660879820683
0.179399797006536,0.148278424633944,9846,9846,0.00215321759641369,0.00107660879820687
0.180908032712957,0.149815165038625,9847,9847,0.00215321759641369,0.00107660879820683
0.179399797006536,0.148278424633944,9848,9848,0.00215321759641369,0.00107660879820687
0.180908032712957,0.149815165038625,9849,9849,0.00215321759641369,0.00107660879820683
0.179399797006536,0.148278424633944,9850,9850,0.00215321759641369,0.00107660879820687
0.180908032712957,0.149815165038625,9851,9851,0.00215321759641369,0.00107660879820683
0.179399797006536,0.148278424633944,9852,9852,0.00215321759641369,0.00107660879820687
0.180908032712957,0.149815165038625,9853,9853,0.00215321759641369,0.00107660879820683
0.179399797006536,0.148278424633944,9854,9854,0.00215321759641369,0.00107660879820687
0.180908032712957,0.149815165038625,9855,9855,0.00215321759641369,0.00107660879820683
0.179399797006536,0.148278424633944,9856,9856,0.00215321759641369,0.00107660879820687
0.180908032712957,0.149815165038625,9857,9857,0.00215321759641369,0.00107660879820683
0.179399797006536,0.148278424633944,9858,9858,0.00215321759641369,0.00107660879820687
0.180908032712957,0.149815165038625,9859,9859,0.00215321759641369,0.00107660879820683
0.179399797006536,0.148278424633944,9860,9860,0.00215321759641369,0.00107660879820687
0.180908032712957,0.149815165038625,9861,9861,0.00215321759641369,0.00107660879820683
0.179399797006536,0.148278424633944,9862,9862,0.00215321759641369,0.00107660879820687
0.180908032712957,0.149815165038625,9863,9863,0.00215321759641369,0.00107660879820683
0.179399797006536,0.148278424633944,9864,9864,0.00215321759641369,0.00107660879820687
0.180908032712957,0.149815165038625,9865,9865,0.00215321759641369,0.00107660879820683
0.179399797006536,0.148278424633944,9866,9866,0.00215321759641369,0.00107660879820687
0.180908032712957,0.149815165038625,9867,9867,0.00215321759641369,0.00107660879820683
0.179399797006536,0.148278424633944,9868,9868,0.00215321759641369,0.00107660879820687
0.180908032712957,0.149815165038625,9869,9869,0.00215321759641369,0.00107660879820683
0.179399797006536,0.148278424633944,9870,9870,0.00215321759641369,0.00107660879820687
0.180908032712957,0.149815165038625,9871,9871,0.00215321759641369,0.00107660879820683
0.179399797006536,0.148278424633944,9872,9872,0.00215321759641369,0.00107660879820687
0.180908032712957,0.149815165038625,9873,9873,0.00215321759641369,0.00107660879820683
0.179399797006536,0.148278424633944,9874,9874,0.00215321759641369,0.00107660879820687
0.180908032712957,0.149815165038625,9875,9875,0.00215321759641369,0.00107660879820683
0.179399797006536,0.148278424633944,9876,9876,0.00215321759641369,0.00107660879820687
0.180908032712957,0.149815165038625,9877,9877,0.00215321759641369,0.00107660879820683
0.179399797006536,0.148278424633944,9878,9878,0.00215321759641369,0.00107660879820687
0.180908032712957,0.149815165038625,9879,9879,0.00215321759641369,0.00107660879820683
0.179399797006536,0.148278424633944,9880,9880,0.00215321759641369,0.00107660879820687
0.180908032712957,0.149815165038625,9881,9881,0.00215321759641369,0.00107660879820683
0.179399797006536,0.148278424633944,9882,9882,0.00215321759641369,0.00107660879820687
0.180908032712957,0.149815165038625,9883,9883,0.00215321759641369,0.00107660879820683
0.179399797006536,0.148278424633944,9884,9884,0.00215321759641369,0.00107660879820687
0.180908032712957,0.149815165038625,9885,9885,0.00215321759641369,0.00107660879820683
0.179399797006536,0.148278424633944,9886,9886,0.00215321759641369,0.00107660879820687
0.180908032712957,0.149815165038625,9887,9887,0.00215321759641369,0.00107660879820683
0.179399797006536,0.148278424633944,9888,9888,0.00215321759641369,0.00107660879820687
0.180908032712957,0.149815165038625,9889,9889,0.00215321759641369,0.00107660879820683
0.179399797006536,0.148278424633944,9890,9890,0.00215321759641369,0.00107660879820687
0.180908032712957,0.149815165038625,9891,9891,0.00215321759641369,0.00107660879820683
0.179399797006536,0.148278424633944,9892,9892,0.00215321759641369,0.00107660879820687
0.180908032712957,0.149815165038625,9893,9893,0.00215321759641369,0.00107660879820683
0.179399797006536,0.148278424633944,9894,9894,0.00215321759641369,0.00107660879820687
0.180908032712957,0.149815165038625,9895,9895,0.00215321759641369,0.00107660879820683
0.179399797006536,0.148278424633944,9896,9896,0.00215321759641369,0.00107660879820687
0.180908032712957,0.149815165038625,9897,9897,0.00215321759641369,0.00107660879820683
0.179399797006536,0.148278424633944,9898,9898,0.00215321759641369,0.00107660879820687
0.180908032712957,0.149815165038625,9899,9899,0.00215321759641369,0.00107660879820683
0.179399797006536,0.148278424633944,9900,9900,0.00215321759641369,0.00107660879820687
0.180908032712957,0.149815165038625,9901,9901,0.00215321759641369,0.00107660879820683
0.179399797006536,0.148278424633944,9902,9902,0.00215321759641369,0.00107660879820687
0.180908032712957,0.149815165038625,9903,9903,0.00215321759641369,0.00107660879820683
0.179399797006536,0.148278424633944,9904,9904,0.00215321759641369,0.00107660879820687
0.180908032712957,0.149815165038625,9905,9905,0.00215321759641369,0.00107660879820683
0.179399797006536,0.148278424633944,9906,9906,0.00215321759641369,0.00107660879820687
0.180908032712957,0.149815165038625,9907,9907,0.00215321759641369,0.00107660879820683
0.179399797006536,0.148278424633944,9908,9908,0.00215321759641369,0.00107660879820687
0.180908032712957,0.149815165038625,9909,9909,0.00215321759641369,0.00107660879820683
0.179399797006536,0.148278424633944,9910,9910,0.00215321759641369,0.00107660879820687
0.180908032712957,0.149815165038625,9911,9911,0.00215321759641369,0.00107660879820683
0.179399797006536,0.148278424633944,9912,9912,0.00215321759641369,0.00107660879820687
0.180908032712957,0.149815165038625,9913,9913,0.00215321759641369,0.00107660879820683
0.179399797006536,0.148278424633944,9914,9914,0.00215321759641369,0.00107660879820687
0.180908032712957,0.149815165038625,9915,9915,0.00215321759641369,0.00107660879820683
0.179399797006536,0.148278424633944,9916,9916,0.00215321759641369,0.00107660879820687
0.180908032712957,0.149815165038625,9917,9917,0.00215321759641369,0.00107660879820683
0.179399797006536,0.148278424633944,9918,9918,0.00215321759641369,0.00107660879820687
0.180908032712957,0.149815165038625,9919,9919,0.00215321759641369,0.00107660879820683
0.179399797006536,0.148278424633944,9920,9920,0.00215321759641369,0.00107660879820687
0.180908032712957,0.149815165038625,9921,9921,0.00215321759641369,0.00107660879820683
0.179399797006536,0.148278424633944,9922,9922,0.00215321759641369,0.00107660879820687
0.180908032712957,0.149815165038625,9923,9923,0.00215321759641369,0.00107660879820683
0.179399797006536,0.148278424633944,9924,9924,0.00215321759641369,0.00107660879820687
0.180908032712957,0.149815165038625,9925,9925,0.00215321759641369,0.00107660879820683
0.179399797006536,0.148278424633944,9926,9926,0.00215321759641369,0.00107660879820687
0.180908032712957,0.149815165038625,9927,9927,0.00215321759641369,0.00107660879820683
0.179399797006536,0.148278424633944,9928,9928,0.00215321759641369,0.00107660879820687
0.180908032712957,0.149815165038625,9929,9929,0.00215321759641369,0.00107660879820683
0.179399797006536,0.148278424633944,9930,9930,0.00215321759641369,0.00107660879820687
0.180908032712957,0.149815165038625,9931,9931,0.00215321759641369,0.00107660879820683
0.179399797006536,0.148278424633944,9932,9932,0.00215321759641369,0.00107660879820687
0.180908032712957,0.149815165038625,9933,9933,0.00215321759641369,0.00107660879820683
0.179399797006536,0.148278424633944,9934,9934,0.00215321759641369,0.00107660879820687
0.180908032712957,0.149815165038625,9935,9935,0.00215321759641369,0.00107660879820683
0.179399797006536,0.148278424633944,9936,9936,0.00215321759641369,0.00107660879820687
0.180908032712957,0.149815165038625,9937,9937,0.00215321759641369,0.00107660879820683
0.179399797006536,0.148278424633944,9938,9938,0.00215321759641369,0.00107660879820687
0.180908032712957,0.149815165038625,9939,9939,0.00215321759641369,0.00107660879820683
0.179399797006536,0.148278424633944,9940,9940,0.00215321759641369,0.00107660879820687
0.180908032712957,0.149815165038625,9941,9941,0.00215321759641369,0.00107660879820683
0.179399797006536,0.148278424633944,9942,9942,0.00215321759641369,0.00107660879820687
0.180908032712957,0.149815165038625,9943,9943,0.00215321759641369,0.00107660879820683
0.179399797006536,0.148278424633944,9944,9944,0.00215321759641369,0.00107660879820687
0.180908032712957,0.149815165038625,9945,9945,0.00215321759641369,0.00107660879820683
0.179399797006536,0.148278424633944,9946,9946,0.00215321759641369,0.00107660879820687
0.180908032712957,0.149815165038625,9947,9947,0.00215321759641369,0.00107660879820683
0.179399797006536,0.148278424633944,9948,9948,0.00215321759641369,0.00107660879820687
0.180908032712957,0.149815165038625,9949,9949,0.00215321759641369,0.00107660879820683
0.179399797006536,0.148278424633944,9950,9950,0.00215321759641369,0.00107660879820687
0.180908032712957,0.149815165038625,9951,9951,0.00215321759641369,0.00107660879820683
0.179399797006536,0.148278424633944,9952,9952,0.00215321759641369,0.00107660879820687
0.180908032712957,0.149815165038625,9953,9953,0.00215321759641369,0.00107660879820683
0.179399797006536,0.148278424633944,9954,9954,0.00215321759641369,0.00107660879820687
0.180908032712957,0.149815165038625,9955,9955,0.00215321759641369,0.00107660879820683
0.179399797006536,0.148278424633944,9956,9956,0.00215321759641369,0.00107660879820687
0.180908032712957,0.149815165038625,9957,9957,0.00215321759641369,0.00107660879820683
0.179399797006536,0.148278424633944,9958,9958,0.00215321759641369,0.00107660879820687
0.180908032712957,0.149815165038625,9959,9959,0.00215321759641369,0.00107660879820683
0.179399797006536,0.148278424633944,9960,9960,0.00215321759641369,0.00107660879820687
0.180908032712957,0.149815165038625,9961,9961,0.00215321759641369,0.00107660879820683
0.179399797006536,0.148278424633944,9962,9962,0.00215321759641369,0.00107660879820687
0.180908032712957,0.149815165038625,9963,9963,0.00215321759641369,0.00107660879820683
0.179399797006536,0.148278424633944,9964,9964,0.00215321759641369,0.00107660879820687
0.180908032712957,0.149815165038625,9965,9965,0.00215321759641369,0.00107660879820683
0.179399797006536,0.148278424633944,9966,9966,0.00215321759641369,0.00107660879820687
0.180908032712957,0.149815165038625,9967,9967,0.00215321759641369,0.00107660879820683
0.179399797006536,0.148278424633944,9968,9968,0.00215321759641369,0.00107660879820687
0.180908032712957,0.149815165038625,9969,9969,0.00215321759641369,0.00107660879820683
0.179399797006536,0.148278424633944,9970,9970,0.00215321759641369,0.00107660879820687
0.180908032712957,0.149815165038625,9971,9971,0.00215321759641369,0.00107660879820683
0.179399797006536,0.148278424633944,9972,9972,0.00215321759641369,0.00107660879820687
0.180908032712957,0.149815165038625,9973,9973,0.00215321759641369,0.00107660879820683
0.179399797006536,0.148278424633944,9974,9974,0.00215321759641369,0.00107660879820687
0.180908032712957,0.149815165038625,9975,9975,0.00215321759641369,0.00107660879820683
0.179399797006536,0.148278424633944,9976,9976,0.00215321759641369,0.00107660879820687
0.180908032712957,0.149815165038625,9977,9977,0.00215321759641369,0.00107660879820683
0.179399797006536,0.148278424633944,9978,9978,0.00215321759641369,0.00107660879820687
0.180908032712957,0.149815165038625,9979,9979,0.00215321759641369,0.00107660879820683
0.179399797006536,0.148278424633944,9980,9980,0.00215321759641369,0.00107660879820687
0.180908032712957,0.149815165038625,9981,9981,0.00215321759641369,0.00107660879820683
0.179399797006536,0.148278424633944,9982,9982,0.00215321759641369,0.00107660879820687
0.180908032712957,0.149815165038625,9983,9983,0.00215321759641369,0.00107660879820683
0.179399797006536,0.148278424633944,9984,9984,0.00215321759641369,0.00107660879820687
0.180908032712957,0.149815165038625,9985,9985,0.00215321759641369,0.00107660879820683
0.179399797006536,0.148278424633944,9986,9986,0.00215321759641369,0.00107660879820687
0.180908032712957,0.149815165038625,9987,9987,0.00215321759641369,0.00107660879820683
0.179399797006536,0.148278424633944,9988,9988,0.00215321759641369,0.00107660879820687
0.180908032712957,0.149815165038625,9989,9989,0.00215321759641369,0.00107660879820683
0.179399797006536,0.148278424633944,9990,9990,0.00215321759641369,0.00107660879820687
0.180908032712957,0.149815165038625,9991,9991,0.00215321759641369,0.00107660879820683
0.179399797006536,0.148278424633944,9992,9992,0.00215321759641369,0.00107660879820687
0.180908032712957,0.149815165038625,9993,9993,0.00215321759641369,0.00107660879820683
0.179399797006536,0.148278424633944,9994,9994,0.00215321759641369,0.00107660879820687
0.180908032712957,0.149815165038625,9995,9995,0.00215321759641369,0.00107660879820683
0.179399797006536,0.148278424633944,9996,9996,0.00215321759641369,0.00107660879820687
0.180908032712957,0.149815165038625,9997,9997,0.00215321759641369,0.00107660879820683
0.179399797006536,0.148278424633944,9998,9998,0.00215321759641369,0.00107660879820687
0.180908032712957,0.149815165038625,9999,9999,0.00215321759641369,0.00107660879820683
0.179399797006536,0.148278424633944,10000,10000,0.00215321759641369,0.00107660879820687
