"H","C","epoch","t","velocity","dist_to_limit"
0.996839018402555,0.0056088386803279,1,1,NA,0.859122545836159
0.317005094743563,0.249384121677545,2,2,0.722219185814081,0.211365390943843
0.0959508140428006,0.0875078050005018,3,3,0.273987110859357,0.0626267702448835
0.0686069249032286,0.0641626086438488,4,4,0.0359539492435517,0.0985347483164532
0.0599313095250846,0.0562537003406215,5,5,0.0117395541967464,0.110246486043203
0.0635407544203221,0.059493863807021,6,6,0.0048504383039831,0.105404410459627
0.0589454791549171,0.0551872542277077,7,7,0.00629789177689464,0.111682569773917
0.0586902946553512,0.0550950016617907,8,8,0.000271347866652713,0.111939383700875
0.0610312237325828,0.0569711726977617,9,9,0.00299999445013572,0.108939389443156
0.0637226067392923,0.0594211901491431,10,10,0.00363952304579572,0.105307387464031
0.063031209290102,0.0585829163303892,11,11,0.00108661558425931,0.10637081062651
0.0683617146368722,0.0633063508965852,12,12,0.00712215707163782,0.0992581520559409
0.0703884885359093,0.0648045559858253,13,13,0.00252040292954185,0.096739338389925
0.0703115501630932,0.0652614358578514,14,14,0.000463312778449045,0.09651575274489
0.0682817205903688,0.0630477156048854,15,15,0.00300345891476775,0.0994818265315316
0.0729941269597667,0.0673086151582514,16,16,0.00635311252806184,0.0931417404257875
0.0700617170038374,0.0645855631378607,17,17,0.00400175467206418,0.0971313854370645
0.0741747916608875,0.0682826901118096,18,18,0.00553047294505351,0.0916114619029557
0.0704308756880807,0.0648035350179468,19,19,0.00511091253873409,0.0967068210126732
0.0746638610368792,0.0686497920679215,20,20,0.00571942814078668,0.0910001327548885
0.0732332875393744,0.0671296175011535,21,21,0.00208745568700549,0.0930655747090796
0.0797868487236759,0.0727013083651562,22,22,0.00860191276870411,0.0844686872712663
0.0785152910689026,0.0711047705299281,23,23,0.00204102717491151,0.0864574413221525
0.0802207998084633,0.0728216523278527,24,24,0.00242000891914941,0.0840537717891618
0.0779203099449215,0.0707655895433317,25,25,0.00308539264699829,0.0871340629739506
0.0803306720818275,0.0728281112783701,26,26,0.00317235583416108,0.0839637145159309
0.0764400697986621,0.06948974547953,27,27,0.00512654584809662,0.0890868438770974
0.0810274342739446,0.0734666211982972,28,28,0.00607119867172899,0.0830209943285136
0.0805249271123343,0.0727619821564013,29,29,0.000865464977242622,0.083852962912936
0.0818825055672987,0.0743245034036475,30,30,0.00206990142506329,0.0818180535167923
0.0789946746354842,0.0716109001794696,31,31,0.00396272758955408,0.0857670457834443
0.0815021122043151,0.0740238236306887,32,32,0.00347986246036069,0.082302932297273
0.0827309965411066,0.0747406363968176,33,33,0.00142266554569118,0.080894627499585
0.0864682584282133,0.0779052470387658,34,34,0.00489713047895934,0.076000020591323
0.0845830395471059,0.0760256018981517,35,35,0.00266216379742456,0.0786453633260579
0.0861138173818136,0.0775924155683127,36,36,0.00219047617111802,0.0764720945708862
0.084418520090645,0.075777842985962,37,37,0.0024832854370899,0.0789285321831191
0.0848483441124147,0.0764297322101741,38,38,0.000780838171668236,0.0781860893216441
0.0840947194380901,0.0755108263714398,39,39,0.00118841831448818,0.0793481807931524
0.0851184584895383,0.0766990281204377,40,40,0.00156839569043712,0.0778070888097675
0.0846323558754769,0.0760337323213534,41,41,0.000823962530505193,0.07860174474303
0.085332290908246,0.077029690643379,42,42,0.00121730934002398,0.0774341364797133
0.0860530423340203,0.0770851585531827,43,43,0.000722882636929208,0.076835511185378
0.0885920699937238,0.0795152420555937,44,44,0.00351453656766143,0.0733355393466544
0.0861702583244575,0.0771552828453704,45,45,0.00338150546876861,0.076700172533898
0.0879426891339964,0.0790101553264652,46,46,0.00256555313640653,0.0741581884196466
0.0863698133196226,0.0774522105525456,47,47,0.0022138496439517,0.0763589312127493
0.0889398168263815,0.0798593624753164,48,48,0.00352126375099219,0.0728492801060826
0.0868173691560578,0.0779193416225219,49,49,0.00287549387454395,0.0757178026710138
0.0880909310817568,0.0793052744037204,50,50,0.00188222465518617,0.0738588386707724
0.088463665201344,0.0793454525054375,51,51,0.000374893323176141,0.0735416554901478
0.0904854365527776,0.0813357028965236,52,52,0.00283701533599942,0.0707213773656718
0.0895598759982589,0.0800508007120854,53,53,0.00158355169276382,0.0722446512873521
0.0913336744070586,0.0821779195490244,54,54,0.00276965617749224,0.0695340863245271
0.0912571598539199,0.081576363916668,55,55,0.000606402222672108,0.069966678022408
0.0896424357257692,0.0805977857864213,56,56,0.00188810729754141,0.071840213060725
0.08770696296137,0.0787053431547739,57,57,0.00270691594546407,0.074532311046144
0.088414940355994,0.0795821274442835,58,58,0.00112693508314779,0.0734329812336668
0.0849202799730424,0.0764685623578628,59,59,0.00468048488295277,0.078105613282971
0.0866916448477557,0.0783691320460717,60,60,0.00259805670821608,0.075537308580294
0.0885390873574971,0.0795175463443652,61,61,0.00217529290609898,0.0733756368159663
0.090761714622502,0.081643975198325,62,62,0.00307599928967743,0.070313660833738
0.088204329143025,0.0792870698531436,63,63,0.00347781875559731,0.0737811612283149
0.0901342381771904,0.0812192015150514,64,64,0.00273087561765454,0.071069526226415
0.0870659059121772,0.0784029836798359,65,65,0.00416482241925238,0.075222496274337
0.0896969902732914,0.0808030464170411,66,66,0.00356130679074698,0.0716704161474948
0.0843623151771698,0.0763829131010092,67,67,0.00692793886467502,0.0785961916789732
0.0829712807601007,0.0753906499757375,68,68,0.00170867283563734,0.0803029029367469
0.0818036761029202,0.0741269501109436,69,69,0.0017205342146408,0.0820024852819721
0.082209729521142,0.0746956734218223,70,70,0.000698802964208384,0.0813312101526388
0.0801381963970554,0.0727856822430543,71,71,0.00281767914907986,0.0841408399023254
0.0819425158281899,0.0746040395356428,72,72,0.00256163850944647,0.0815978079159381
0.0796898180583711,0.0724186042014857,73,73,0.00313859440545106,0.0847202440820163
0.0804692007104395,0.0733230012602721,74,74,0.00119388917336855,0.0835478899399685
0.078178878388124,0.0711620407581996,75,75,0.00314886116423292,0.086684900221723
0.0806467938406236,0.0734975870167444,76,76,0.0033978497622009,0.0833003329220283
0.0819689576856527,0.074319561338357,77,77,0.00155684264410149,0.0817533237864958
0.0857821473208707,0.0777518438874963,78,78,0.0051303975178596,0.0766338340286435
0.0809140221452601,0.073588152207353,79,79,0.00640585444204821,0.0830344617536957
0.0824642017051847,0.0752771901862143,80,80,0.00229257627180516,0.0807718020164176
0.081562139375843,0.0743179106781796,81,81,0.00131678913291106,0.0820736736676428
0.0810340228492403,0.0741033547001185,82,82,0.000570036256208894,0.0826215389569989
0.0822517188935378,0.0747873169604121,83,83,0.00139663453695074,0.0812414958520489
0.0861613539470265,0.0781532099438017,84,84,0.00515892254517355,0.0760877656024539
0.0844224404389567,0.076348593959153,85,85,0.00250608440412475,0.078570277168275
0.0850965657283089,0.0771364623385043,86,86,0.0010369095857044,0.0775531112550452
0.0822878441471343,0.0746161371466145,87,87,0.00377371911957283,0.0813192208240694
0.0852464373090348,0.0773893191869474,88,88,0.00405509705512324,0.0772790827835258
0.0826749987713714,0.0749745183731022,89,89,0.00352754293007587,0.0807932494207038
0.0864661109007744,0.0781200149207282,90,90,0.00492612217761938,0.0758686116945879
0.0843233591514461,0.0761390246115726,91,91,0.00291816854623199,0.0787780300311736
0.0867524535604742,0.0784108288776497,92,92,0.00332589751365517,0.0754637351443576
0.0835054045976841,0.0755740854440205,93,93,0.00431166328404652,0.0797699949536312
0.0877656433435217,0.0791725297359073,94,94,0.00557659712489159,0.0741964721346036
0.0839131935803685,0.0758853136544437,95,95,0.00506430239459025,0.0792570874209454
0.0889101870551074,0.0800670880378518,96,96,0.00651591749336287,0.0727438235662503
0.086792697832265,0.0782449842659037,97,97,0.00279353230956821,0.0755348067437911
0.0893935732305759,0.0805784807544103,98,98,0.00349424651382975,0.0720477432503847
0.0887017374268841,0.0795850717772268,99,99,0.00121057762048476,0.0732062209585844
0.0927749292414335,0.0832418293903198,100,100,0.00547382570046087,0.0677434493757162
0.0909433040127236,0.081301600845135,101,101,0.00266820872234474,0.0703833287224139
0.0934608053747301,0.0834997237101101,102,102,0.00334208875364358,0.0670450586600984
0.0936638167158727,0.0831977217191194,103,103,0.000363893950478509,0.0670740147636498
0.0951405539353241,0.0848357867546988,104,104,0.00220545003935719,0.0648987658498322
0.0930364897395245,0.0826460812362882,105,105,0.00303675754669411,0.0679084720619209
0.0942310388722233,0.0841485230714743,106,106,0.00191944760244941,0.0660384825077959
0.0926671947189664,0.0825471464746766,107,107,0.00223830640003715,0.0682588140547788
0.0929912353068545,0.0834498899420752,108,108,0.000959139234172852,0.0674448405347183
0.0921190108057531,0.0824618732961838,109,109,0.00131793492740725,0.0687413018303053
0.0950849434439053,0.0850773873064347,110,110,0.00395444938668777,0.0647930059259321
0.0919304335950997,0.0823814767811019,111,111,0.00414956213916746,0.0689391380610907
0.0945075428747471,0.0847953783091907,112,112,0.00353106397939128,0.065421496130046
0.0925498695458029,0.0827568626998022,113,113,0.00282631044872645,0.0682203575934707
0.0922601460520121,0.0829866176745985,114,114,0.000369766211677095,0.06830606378398
0.0915494157402275,0.0818103505950563,115,115,0.00137431503611959,0.069592297638199
0.0974086295782665,0.0868209176303002,116,116,0.00770948563877909,0.0618886426599887
0.0940588409813727,0.0838170820696504,117,117,0.00449934569902159,0.0663791940174154
0.0970766580287028,0.0864967123023624,118,118,0.00403579458288207,0.0623500121453263
0.0961790802297684,0.0853655364151611,119,119,0.0014440238200686,0.0637558865581577
0.10185341567259,0.0899411365349196,120,120,0.00728932089934249,0.0564667314769051
0.0986105443903819,0.0869362173895252,121,121,0.0044210579303291,0.0608759883580413
0.1012215173593,0.0895827605673862,122,122,0.00371771040247916,0.0571845224612929
0.102703733357794,0.0902229440596891,123,123,0.00161455850622075,0.0556265347344303
0.103127220025987,0.0912496660510138,124,124,0.00111063000391993,0.0546558730190663
0.103707539172685,0.0906861205491579,125,125,0.000808921408225897,0.0545546063473702
0.103320594398225,0.0910512811538918,126,126,0.0005320418458461,0.0546274192022399
0.0980505185465303,0.086727033011502,127,127,0.00681709773140905,0.0614438449593829
0.101314389107616,0.0901009394950268,128,128,0.00469426202923246,0.056791198728777
0.0985110344199628,0.0873833455099975,129,129,0.00390437121342928,0.060674856773689
0.101927294844786,0.0903751129058489,130,130,0.00454109099678626,0.0561396742750067
0.0990921713440022,0.0876378086141078,131,131,0.00394090853107265,0.06006157709943
0.0988281861404335,0.0881130435387267,132,132,0.00054363261609357,0.0599742388167095
0.0987917231122816,0.0875401871904132,133,133,0.000574015634129522,0.0603574814954104
0.0989619268054841,0.0881983493020577,134,134,0.000679813696820075,0.0598163428630707
0.0978021694473883,0.0870098075286345,135,135,0.00166062297853231,0.0614625931156537
0.09981634504723,0.0889622090375296,136,136,0.00280513368646377,0.0586727486383494
0.0964216999466922,0.0860120202841061,137,137,0.00449746918159882,0.0631644500705834
0.101148364725274,0.0898154269958567,138,138,0.00606689892317904,0.0570979523582703
0.100160747256546,0.088634118378202,139,139,0.0015397656687564,0.0586050884344212
0.103306989561929,0.0910313625951579,140,140,0.00395545452254312,0.0546504685836364
0.0999383951280838,0.0881392358306926,141,141,0.00443980018485823,0.0590874480226249
0.102225719579401,0.0902911834758663,142,142,0.00314049865676829,0.0559574916268372
0.10057555947107,0.0887365914242478,143,143,0.00226710935556338,0.0582167525585954
0.101271320579028,0.0898249416971997,144,144,0.00129173907426423,0.0569953995329728
0.0996836620721482,0.0880753295089388,145,145,0.00236258382788381,0.0593263383318643
0.103680084942853,0.0913997411158783,146,146,0.0051983755437488,0.0541291653197218
0.104311519408995,0.091342122094197,147,147,0.000634057912727127,0.0536723871737375
0.104409853524541,0.0918496186133035,148,148,0.000516935503893385,0.0532780219686981
0.0992942033992067,0.0877526916360105,149,149,0.0065539825192099,0.0598319926294938
0.107431136939671,0.0941323723817584,150,150,0.0103397298736286,0.0494927183313324
0.103478268284427,0.0907164469878478,151,151,0.00522433889620309,0.054713751697024
0.109213198483818,0.0953737395231577,152,152,0.00738781416599998,0.0473259825156018
0.10064119927103,0.0886982069068648,153,153,0.010864709209879,0.0581894649403434
0.10789225365357,0.0943978391932089,154,154,0.00922299289049288,0.048966919468402
0.10672553351539,0.0930996373813833,155,155,0.00174544086839456,0.0506903484543735
0.109450030976972,0.0954949814121168,156,156,0.00362774853645283,0.0470655316860423
0.107549526817453,0.0935695320735842,157,157,0.00270541516510916,0.0497547867332237
0.110669319699175,0.0965379631963731,158,158,0.00430635471780798,0.0454616724953706
0.109932301944325,0.0952383522588571,159,159,0.00149404945027803,0.0468543279511743
0.113257186661791,0.0982207320676411,160,160,0.00446648046097645,0.0423919860304157
0.110888506855556,0.0959148288305427,161,161,0.00330572741818285,0.0456863567256938
0.116585381658564,0.100471587831081,162,162,0.00729509664844328,0.0383925810764735
0.113616572795061,0.0977586847922142,163,163,0.00402165003031201,0.0424105512279749
0.114799393682662,0.0995515914046727,164,164,0.00214792443375997,0.0403556598528472
0.107388924984182,0.0939777928757012,165,165,0.00927266285231597,0.0496223833636874
0.113320110186764,0.0986693178136587,166,166,0.00756236498397226,0.0420602988902536
0.110145594087904,0.0961238651859617,167,167,0.00406901481218361,0.0461292999939685
0.115348427017969,0.100287719559286,168,168,0.00666386927696054,0.039465476089028
0.113905862817189,0.0985736976455976,169,169,0.00224028181128541,0.0416666763194505
0.115896893002585,0.100765944861218,170,170,0.00296144374478956,0.0387383387835752
0.112369434669544,0.0980959061793863,171,171,0.00442403309818306,0.0431605519297645
0.117112872742905,0.101843785398606,172,172,0.00604539522261958,0.0371153011301328
0.114498521658203,0.0995267636177288,173,173,0.00349333959516388,0.0406048025349582
0.115781440380526,0.100692219168278,174,174,0.00173325332493338,0.038874499964838
0.112724205673258,0.0984017271659581,175,175,0.00382008346348849,0.0426924747721957
0.114808858292496,0.100066464607493,176,176,0.00266779446212509,0.040024681291915
0.113718237699565,0.0985476037228768,177,177,0.00186986407648846,0.041828189071993
0.11757838456514,0.101834122230059,178,178,0.00506970785369932,0.0367594667711293
0.112198965519555,0.0978662676022745,179,179,0.00668446105645276,0.0434372068231537
0.114312194144161,0.0999138494770808,180,180,0.00294250348409152,0.0405082971202319
0.112159225963444,0.0976085807477258,181,181,0.00315428849373735,0.0436299265927446
0.112472045487643,0.0986327099706896,182,182,0.00107083925966916,0.042746434915288
0.109520959664192,0.0958437733572638,183,183,0.00406042792955146,0.0467917310247615
0.112110119200521,0.0982442394627356,184,184,0.00353072012882352,0.0432711735415818
0.108042597425804,0.0947983966861403,185,185,0.00533090666104803,0.0485993099262075
0.112380734536342,0.0981631086822487,186,186,0.00549005650304046,0.0431097549006716
0.108794393792922,0.09517068258681,187,187,0.00467080869492351,0.0477796057430839
0.111964970547554,0.09816016399236,188,188,0.0043577007734745,0.0434371924897989
0.108581926208497,0.0950545523061125,189,189,0.00459236463554253,0.0480180212289484
0.111423079858554,0.0976591788923184,190,190,0.00385437851239374,0.0441729735991872
0.105740880678782,0.0931379926242303,191,191,0.00726144013191287,0.0514343914501778
0.10958220542339,0.0964348245591361,192,192,0.00506210199428633,0.0463766607968538
0.108138932975977,0.0948728665659041,193,193,0.00212667537016869,0.04847755918878
0.113303833518182,0.0990776130122639,194,194,0.00666003680838454,0.0418179744223123
0.113157776213382,0.0984269116620673,195,195,0.000666892032815653,0.0423389146670292
0.116439601655659,0.101153626191463,196,196,0.00426677282713726,0.0380725210198819
0.113391665914173,0.0985768706393004,197,197,0.00399118797600804,0.0420627856756066
0.115739074212995,0.101003795517933,198,198,0.00337643156126424,0.0387130506026888
0.115913686543832,0.100467285572529,199,199,0.000564209524553917,0.038913397461487
0.118615084001872,0.103037890077042,200,200,0.00372901538544993,0.0351963312589073
0.115149547806926,0.0999854795461779,201,201,0.00461813286593287,0.039810199109755
0.116273044677375,0.101158128238998,202,202,0.00162399204883584,0.0381994384402682
0.111666321543596,0.0972194319498521,203,203,0.0060609592053917,0.0442578842532988
0.116235579581812,0.101497846537717,204,204,0.00625962861561698,0.0380170934316126
0.112303150314519,0.0980606348774527,205,205,0.00522287506453263,0.0432343424184901
0.112389438016967,0.0983810263164995,206,206,0.00033180753729855,0.0429672576319278
0.108949913142272,0.0956301239397854,207,207,0.00440429282063049,0.047371511670878
0.11281973486858,0.0988330749761978,208,208,0.00502338685898894,0.0423493370436784
0.109012776679559,0.0957182475533814,209,209,0.00491884951252637,0.0472675053280961
0.114580629071579,0.100114067533193,210,210,0.00709395612858069,0.0401735609399235
0.109615311118742,0.0963941288429355,211,211,0.00620421842233487,0.0463757767265783
0.112478332272498,0.0988443002776203,212,212,0.0037683192786976,0.0426109419638508
0.107339625903274,0.0948055937391106,213,213,0.00653585906008588,0.0491467733528633
0.112208352727183,0.0985502290442658,214,214,0.00614221413290554,0.0430047712331404
0.109976408969348,0.0963369732584741,215,215,0.00314325851807969,0.0461281069545542
0.112928352919863,0.0989575213752073,216,216,0.003947308642493,0.0421869871914791
0.107485171979529,0.0946998440174862,217,217,0.0069105741607821,0.0490975220633119
0.112283373674445,0.0983141225029398,218,218,0.0060071414562591,0.0430919388049232
0.108862493665699,0.0954048550775092,219,219,0.00449068558094543,0.0475801539811599
0.112702981379343,0.0986423808560395,220,220,0.00502303882578045,0.042559197138873
0.109334915875601,0.0959025872475133,221,221,0.00434169716295542,0.0469005652279647
0.111014644402461,0.0971756506688733,222,222,0.00210764759833131,0.0447934826984428
0.103849951984107,0.0917493406520416,223,223,0.00898763916990354,0.053778960307864
0.109211418198732,0.0961160008081009,224,224,0.00691469745463067,0.0468651885899774
0.107809396965192,0.0947691764422994,225,225,0.00194411918657611,0.0488001004537889
0.11428348908103,0.0996217277819621,226,226,0.00809080485665181,0.0407127553222914
0.108934297316303,0.0954430970649835,227,227,0.00678784260311798,0.047500174256107
0.113827490759973,0.0993469792848544,228,228,0.00625968357537361,0.0412404907085524
0.109699366469289,0.0958109426522863,229,229,0.00543552805403478,0.0466731131882803
0.113674770464998,0.0993027113569594,230,230,0.00529115163419368,0.0413875183533676
0.110608705153842,0.0967812643058103,231,231,0.0039696916409238,0.045356735319281
0.11135152992267,0.0977762246498015,232,232,0.00124166610781635,0.0441566604775116
0.108126413593077,0.0950344222825209,233,233,0.00423306692135102,0.048386904219224
0.111911766207219,0.0980378658818892,234,234,0.0048321390571858,0.0435547680750532
0.109150575632025,0.0957410469039578,235,235,0.00359159446623987,0.0471453848980798
0.113654258836326,0.0993747018130952,236,236,0.0057867616508198,0.0413588070849312
0.112725086517895,0.0983067764739785,237,237,0.00141556551500283,0.0427511642271376
0.118204846780942,0.102792480321687,238,238,0.00708161786245324,0.035669931914845
0.116296825810827,0.100805127556763,239,239,0.00275501634017831,0.0384029592778468
0.119073985825011,0.103466798802269,240,240,0.0038467013873621,0.0345700056563542
0.114842408551822,0.100094177831468,241,241,0.00541117532812058,0.0399811706243995
0.121886658690181,0.105534504746414,242,242,0.00890048408533234,0.0310823624872555
0.117345565675744,0.101639749497956,243,243,0.00598252824574685,0.0370627382608457
0.121091744064826,0.104887886276519,244,244,0.00495825020093572,0.0321070546248391
0.114113690499127,0.0996440710780792,245,245,0.00872873584209907,0.0408315155635815
0.118079682653855,0.10268784458048,246,246,0.00499936505021195,0.0358330336187179
0.115211984520412,0.100150422260341,247,247,0.00382912582912747,0.0396578844626388
0.120099762755416,0.103717298907115,248,248,0.00605086647414065,0.0336155987034144
0.116428671709471,0.1004810743735,249,249,0.00489387971854539,0.0385069728556522
0.118599613416875,0.102680955292222,250,250,0.00309070606067694,0.0354328483069419
0.116013821273947,0.100674370484002,251,251,0.00327302667251744,0.0387050097463354
0.12171012893181,0.104792860379756,252,252,0.00702921616927971,0.0316892234584248
0.118168268365002,0.101872217234502,253,253,0.00459074423777193,0.0362799220329729
0.122023152685284,0.104813226475097,254,254,0.0048486769820259,0.0314361823461377
0.119579040505757,0.102778878741544,255,255,0.00317997720858545,0.0346161065849984
0.125224222528859,0.106917149596623,256,256,0.00699952610852696,0.0276363072837038
0.122106015641569,0.104617051953667,257,257,0.00387474687677471,0.0314998843076025
0.128182046981626,0.109101366046545,258,258,0.00755163755280473,0.023973168648968
0.122131036571748,0.104550462845254,259,259,0.00757135700703409,0.0315241627637351
0.124449701483254,0.106740915218107,260,260,0.00318971606410097,0.0283385645503029
0.118743636774801,0.102761170796895,261,261,0.00695683405833572,0.0352705456781885
0.122520582772901,0.105650951403362,262,262,0.00475564433342915,0.0305176602415787
0.11851222439722,0.102534839192019,263,263,0.00507711455273351,0.0355929553346452
0.120785161043341,0.104683490070291,264,264,0.00312776942787998,0.0324739944673971
0.114665253123631,0.0999603045971317,265,265,0.00773057267992388,0.0402031362145118
0.120964364898563,0.104742037485722,266,266,0.0079084624656699,0.0322978184388308
0.116836883948814,0.101515750647202,267,267,0.00523880003005884,0.0375359427686956
0.122480512725519,0.10616575556965,268,268,0.00731252976390811,0.0302239438529334
0.117798048569518,0.102170791263068,269,269,0.00615509629356897,0.0363766469491919
0.121577144778674,0.104900128998354,270,270,0.00466163626115511,0.0317232223345684
0.118624156990922,0.102522135154828,271,271,0.00379143661353562,0.0355144501995776
0.124912391588611,0.106913651242815,272,272,0.00766989621224572,0.0278744654820184
0.120697862708866,0.103905877639834,273,273,0.00517773654457186,0.0330347043751906
0.127455377798401,0.108842899530149,274,274,0.00836888256165294,0.0246890435978111
0.120599036483619,0.104322492753383,275,275,0.00821239877576677,0.032845909584703
0.126178902175859,0.108192489779209,276,276,0.00679056537582409,0.0260808968670462
0.118565924478624,0.102950969499409,277,277,0.00924288722543734,0.0352890977092479
0.123402030846209,0.106317054524359,278,278,0.00589223668854075,0.0294138721018905
0.121293664942917,0.104819789208851,279,279,0.00258592540634595,0.031993324282148
0.122054789294859,0.105329674610961,280,280,0.000916129577299683,0.0310814575911484
0.116422562683241,0.101368933408998,281,281,0.00688545187141251,0.0379509450011081
0.121489692668206,0.104975240363099,282,282,0.0062194257075491,0.0317431684806274
0.117390844971569,0.101997324176028,283,283,0.00506641266158283,0.0368024418198448
0.123297213929475,0.106374692919988,284,284,0.00735163596674391,0.0294580856291647
0.119580479821567,0.103696317947181,285,285,0.00458124490983073,0.0340314363787651
0.122390629141125,0.105582032762978,286,286,0.00338420737614165,0.0306617781189235
0.113718714004586,0.0994049637141469,287,287,0.0106469852150443,0.0412895028494812
0.119386084456308,0.10336115518683,288,288,0.00691162345658266,0.0343934899643853
0.115894940089592,0.100679205303042,289,289,0.00440237937579227,0.0387943359277039
0.122888290060967,0.105720037026326,290,290,0.00862072666801296,0.0301905826664086
0.115208424684673,0.100569472211624,291,291,0.00924708873691786,0.0393987043399282
0.119988158034491,0.103589243120356,292,292,0.0056537480697836,0.0337831491595184
0.114376695941988,0.0997525325158304,293,293,0.00679770954649267,0.0405582625100075
0.119248421347535,0.102958133115069,294,294,0.0058317736263414,0.0347553825093105
0.114649273258711,0.100140528840861,295,295,0.00539361261020533,0.0401033361320855
0.117872856880987,0.102168260341222,296,296,0.00380830492573282,0.0363201475219834
0.11461186601227,0.100126346673444,297,297,0.00384752815097126,0.0401414554960481
0.120098645116164,0.104039071952602,298,298,0.00673900319372954,0.0334129997798456
0.116529059233681,0.101514743140379,299,299,0.0043719765924173,0.0377767388351396
0.122072594112457,0.105397001738759,300,300,0.00676777000029565,0.031024970890159
0.116767008804016,0.101835997105328,301,301,0.00638983485423985,0.037390538385462
0.118681971798019,0.10312616916442,302,302,0.00230903166077474,0.0350889189784373
0.113882376578742,0.0997001536105806,303,303,0.00589692265881554,0.0409780166345888
0.118775136672102,0.103453945108874,304,304,0.00616685105575239,0.0348117963202236
0.112679337313418,0.0989577683518106,305,305,0.00757458746415193,0.0423826954547424
0.119858996184027,0.104271029181457,306,306,0.00893186666616623,0.0334548600153113
0.113269111529138,0.0994056165711642,307,307,0.00819138691755776,0.0416422313789156
0.118640313354869,0.103074442962615,308,308,0.00650462113757175,0.0351537773529284
0.111395082896905,0.0979461661382264,309,309,0.00887651888842602,0.0440175100202966
0.1182698074219,0.103203775643683,310,310,0.0086547267436031,0.0353634383902469
0.110844109528285,0.0980215653036195,311,311,0.00905518046291162,0.0444067779891552
0.116748216223693,0.102155300940458,312,312,0.00720737443081952,0.037207771867922
0.11226925581032,0.098973941927874,313,313,0.00549382667650824,0.0426965611932108
0.117467895734131,0.102965571052975,314,314,0.00655430851652515,0.0361422822929297
0.116668192952023,0.102017816482034,315,315,0.00124006583149834,0.0373555364676735
0.120050624047541,0.104632126693635,316,316,0.0042749804676051,0.0330806761406618
0.114717016110017,0.100439257676063,317,317,0.00678435879282179,0.0398650347538801
0.11836851552127,0.103278206486438,318,318,0.00462526521383508,0.0352398391317095
0.115304568902113,0.10083197901086,319,319,0.00392068842772725,0.0391604393775038
0.120934856292875,0.104919111188272,320,320,0.00695735478024582,0.0322096787697593
0.120150289338958,0.104491871773649,321,321,0.00089335257462325,0.033089406268955
0.12045757128756,0.104938516685582,322,322,0.000542138241864332,0.0325713934123581
0.117108097421126,0.102472519222596,323,323,0.00415934113404731,0.0367288862934171
0.121016963613735,0.105157304302907,324,324,0.00474207821942937,0.0319968889716484
0.116056392541069,0.10170369657207,325,325,0.00604439175810702,0.0380310190291021
0.120531348008812,0.104891483680465,326,326,0.00549428913388642,0.0325425707843378
0.117124165656762,0.102820173904784,327,327,0.00398738206934795,0.0365032796336005
0.121307652493563,0.105908190508908,328,328,0.0051997508268215,0.0313046933492101
0.114925954841639,0.101087874292947,329,329,0.00799759422216639,0.039301842699441
0.115656145824507,0.101253191032158,330,330,0.00074867115326156,0.0386237579197068
0.11232838876548,0.098763327010796,331,331,0.00415612678930532,0.042778967557768
0.118481302687183,0.103296360986032,332,332,0.00764243068326629,0.0351400199685062
0.116455724030346,0.101883222867505,333,333,0.00246980327902184,0.0376057910523922
0.117586364847834,0.102922367140404,334,334,0.00153563324985784,0.0360751341095638
0.113855689010245,0.100025543223979,335,335,0.00472329662502126,0.0407984294168012
0.118455727293666,0.103568795065157,336,336,0.00580646069640925,0.0349920402142635
0.116016032240959,0.10170208476673,337,337,0.00307192436242438,0.0380638605616378
0.120034432674105,0.104432265106141,338,338,0.00485812996191055,0.033217212411315
0.113228878105736,0.099518710355264,339,339,0.00839396171500176,0.0416043705421658
0.116216178029767,0.101619826075444,340,340,0.00365221139937241,0.0379568356084306
0.113511400717819,0.0999010649507445,341,341,0.00320467784824156,0.0411467833194656
0.116595679546996,0.101909824632731,342,342,0.00368074603254404,0.0374792597331133
0.114595376375907,0.10052572135009,343,343,0.00243247912083251,0.0399075137844643
0.114588840106937,0.100267030524263,344,344,0.000258773387695552,0.0400722693905891
0.108921023438788,0.0962534172316747,345,345,0.00694501529488516,0.0470095133708271
0.112820784248479,0.099055052331312,346,346,0.00480180107921223,0.0422113469924028
0.110770122991653,0.0973926507184445,347,347,0.00263984672144275,0.044850827491974
0.115269922441578,0.100755820160845,348,348,0.00561774899651477,0.039234808723779
0.11249530735117,0.0987187498445167,349,349,0.00344211335861941,0.04267497569387
0.11551499870783,0.100781705656527,350,350,0.00365709209233084,0.0390266457676695
0.111548967648159,0.0981916556847907,351,351,0.00473685140387122,0.043745151346597
0.113396521744928,0.0992885059819026,352,352,0.00214861274192418,0.0416144217584229
0.110887816425327,0.0976021489606867,353,353,0.00302281365346874,0.0446290303030955
0.11781817068035,0.102638203612345,354,354,0.00856689305142784,0.0360684768647346
0.114149125789491,0.100142917279226,355,355,0.00443715497761604,0.0404948293041543
0.115024565754245,0.100557669527743,356,356,0.000968717997942589,0.0395501683157806
0.112965776113418,0.0990916258345923,357,357,0.00252742930571838,0.0420746678729939
0.116811293406521,0.101810143506096,358,358,0.00470938866328052,0.0373719369928627
0.11350674955051,0.0995535753343673,359,359,0.00400151346492294,0.0413639128820871
0.118258904602088,0.102654141219816,360,360,0.00567419478377755,0.0357143944595826
0.114316766811346,0.0997058610432156,361,361,0.00492268284179853,0.0406342153298736
0.11928166990918,0.103312154742684,362,362,0.00613641727864958,0.0345054166101416
0.115224807401779,0.100666655085507,363,363,0.00484322225796836,0.0393254954093206
0.118735713664254,0.103007836333911,364,364,0.00421990431429055,0.0351212119045957
0.117596961971867,0.102594762593418,365,365,0.0012113568144855,0.03626886523485
0.121477798149406,0.10513364898651,366,366,0.00463754607027567,0.0316523641318837
0.116620874352131,0.10175940533261,367,367,0.00591398588165618,0.0375526409559191
0.118582553981897,0.103187897220665,368,368,0.00242668004567542,0.0351280665428184
0.11592614931059,0.101361696541365,369,369,0.00322358413862884,0.0383443756370564
0.115569889737507,0.101163215690755,370,370,0.000407818012686804,0.0387471489865989
0.112524232154137,0.0987967809943936,371,371,0.00385694740530385,0.0426040628890139
0.117476491470133,0.101999558595515,372,372,0.00589768231554589,0.036734352992489
0.112750091053739,0.0986028122023332,373,373,0.00582037343781993,0.0425468840658603
0.117337022745871,0.101886052501791,374,374,0.00564088727172186,0.0369141712830171
0.115505846439917,0.100779815500442,375,375,0.00213938471683847,0.0390349861531316
0.119279690096476,0.103427435810611,376,376,0.00460996629607717,0.0344343804795857
0.115472201745679,0.101181748611267,377,377,0.00442041610470651,0.0388126635384731
0.119039370930388,0.103687071120295,378,378,0.00435905228995707,0.0344599218823495
0.118826070278215,0.10357422638773,379,379,0.000241311213757144,0.0346972405037114
0.121857524345001,0.105986780118099,380,380,0.00387429080748325,0.0308229856507484
0.121551885819819,0.105376781842963,381,381,0.000682284987190118,0.0314420021690386
0.123440084256651,0.106701248895035,382,382,0.00230640549532902,0.0291408766920769
0.117986285134038,0.10327962800032,383,383,0.00643827728643047,0.0355401382807109
0.124126760975109,0.107207269555655,384,384,0.00728915713522277,0.0282888599046939
0.121889021465651,0.105977685767943,385,385,0.00255330264622042,0.0308038932752944
0.125620378319498,0.10856421087129,386,386,0.00454016916876418,0.0262740709885808
0.12006765449254,0.104802863199211,387,387,0.00670674870624516,0.0329620323599742
0.122850524937047,0.106961383155554,388,388,0.00352187113802328,0.0294401735660701
0.118196200600892,0.103505685622693,389,389,0.00579694578763193,0.0352357419236061
0.123922454585849,0.107616725706121,390,390,0.00704915847940578,0.0281922714983839
0.121939995543492,0.106095859053974,391,391,0.00249863547325993,0.0306907076283325
0.126356435421711,0.109193945250594,392,392,0.00539472698842264,0.0253057955591406
0.119063891636233,0.104142615487959,393,393,0.00887114013157284,0.0341597316851613
0.123789097649879,0.10729088050849,394,394,0.00567795249283532,0.0284992524020446
0.120726701742882,0.104961889881669,395,395,0.00384739730610383,0.0323457168370332
0.124575132037037,0.107703565548296,396,396,0.00472516678964333,0.0276279875943211
0.124748260800738,0.108017371170243,397,397,0.000358395782880158,0.0272964199498743
0.125799566710658,0.108837995131642,398,398,0.00133366705074961,0.0259628537303589
0.124358244984786,0.10763532824022,399,399,0.00187718298766865,0.0278396870929752
0.127196686098798,0.109466249701542,400,400,0.00337772428644569,0.0244826671250182
0.122997683649,0.106621912373192,401,401,0.00507167392592027,0.0295351273732579
0.126345414703877,0.109010281289015,402,402,0.00411237270852917,0.0254299673583791
0.122397598685563,0.106252449318832,403,403,0.00481569190150502,0.0302346484620469
0.125818498158199,0.108243136647238,404,404,0.00395795265779677,0.0263242920675426
0.121751183522218,0.105622599240592,405,405,0.00483841551002994,0.0311327462892625
0.125251049965938,0.108140012456927,406,406,0.00431119872258953,0.0268280904955797
0.124301292405393,0.107432983518457,407,407,0.0011840309724184,0.028011073826457
0.127085435476811,0.109508576441356,408,408,0.00347268464213373,0.0245416365146119
0.12401981446778,0.107124839240025,409,409,0.00388332785327546,0.0284238388859708
0.126575864331641,0.108574518529459,410,410,0.00293853040630212,0.0255310621098517
0.126032790074311,0.108184561683533,411,411,0.000668577587613628,0.0261975704357698
0.129990986678938,0.111239141638676,412,412,0.00499977790139129,0.02120355041404
0.127418342440408,0.10957513454421,413,413,0.00306388935643507,0.0242425339139239
0.132928124173186,0.113284986111461,414,414,0.00664234095736507,0.0176465866676732
0.128428172726852,0.110267848468776,415,415,0.00541781160379939,0.0230234212082635
0.133653438078008,0.113777431433689,416,416,0.00629448731650072,0.0167782712288334
0.131293444113372,0.112248112777477,417,417,0.00281218546069696,0.0195583699014036
0.137108379454718,0.115966139134947,418,418,0.00690197022732492,0.0127694635012427
0.132773136899685,0.112968732619662,419,419,0.00527055725980143,0.01797363495302
0.130511306016389,0.111632326950312,420,420,0.00262713894906654,0.0205527352138042
0.1259683371971,0.108372705920342,421,421,0.00559139472332722,0.0261262392915955
0.132584257443193,0.112602139519989,422,422,0.00785229324952195,0.0183606742420438
0.13380537406998,0.113920136471751,423,423,0.00179673085938644,0.0165698525196866
0.139012013008538,0.117288318545853,424,424,0.00620110792687933,0.0105007668075064
0.136183977236671,0.115442425934669,425,425,0.00337714463104306,0.0137941380973412
0.13790579146826,0.116689848493939,426,426,0.00212619549653316,0.0116944966469402
0.135215764887431,0.11509993983252,427,427,0.00312474839902738,0.014732847787979
0.140868527607574,0.118458694197448,428,428,0.00657532944073251,0.00840764195234714
0.14148216915433,0.119124259348525,429,429,0.000905280574316315,0.00750551830026623
0.143053058211085,0.120388791804038,430,430,0.00201661467803747,0.00556521146282057
0.138851187110135,0.117668059761985,431,431,0.00500580698725557,0.0103341129291247
0.144821483432256,0.121741663445407,432,432,0.0072276334400355,0.00355226963304829
0.135428876517882,0.115824672652785,433,433,0.0111009839513405,0.0140908810704506
0.137303221291864,0.116765482978951,434,434,0.00209721062403733,0.0120703131824309
0.134002689102931,0.11462664924742,435,435,0.00393295340187401,0.0159532410557214
0.135823100633831,0.115666610991408,436,436,0.00209652535658229,0.0139022262342051
0.129744092868503,0.111720030974301,437,437,0.00724774649407319,0.0210835579310065
0.13496505799162,0.115033291047587,438,438,0.00618354017776476,0.0149630155141524
0.129120666819609,0.111600771817448,439,439,0.00677783862575357,0.0216437117297999
0.133632573473941,0.114792269619761,440,440,0.00552656854472759,0.0161287981627419
0.132158133636058,0.113534663241372,441,441,0.00193792327982799,0.0180665190896667
0.136092492459277,0.116130151719232,442,442,0.00471335759183869,0.0133912172727795
0.139245803758594,0.118183496264038,443,443,0.00376292385919311,0.0096898547535345
0.143732111630518,0.121001358295393,444,444,0.00529785850598529,0.00468886928291097
0.134959011845213,0.11524731518243,445,445,0.0104917249291407,0.0148248319665039
0.137963975332767,0.117466606245903,446,446,0.00373564698358173,0.0111085549475568
0.132290692746824,0.113603721750949,447,447,0.00686352765866972,0.0179204323741968
0.137800887181095,0.117346893159979,448,448,0.00666134933034252,0.0113094191510077
0.132935889858964,0.114251158550065,449,449,0.00576643492284122,0.0170105473069142
0.138226975566619,0.117637580425991,450,450,0.00628199340078434,0.0107999321895205
0.13272005134404,0.114070580619174,451,451,0.00656122717295002,0.017291955247902
0.13800822384736,0.117571485799364,452,452,0.00634201115621473,0.0110046059568221
0.136214247451217,0.116366401280581,453,453,0.00216115247202247,0.0131431890616507
0.142334365671307,0.120572092065267,454,454,0.00742587920749262,0.00584220557817602
0.137888916998512,0.117319820563479,455,455,0.00550811073089487,0.0112638833290039
0.140481718144032,0.119049061613663,456,456,0.00311655136165787,0.00820966032199203
0.138150455495452,0.117471645295603,457,457,0.00281478734137149,0.0109698545820904
0.14279262122316,0.120571942381348,458,458,0.00558225265133967,0.00556109416811096
0.138981133913057,0.118473470746167,459,459,0.00435097905289546,0.00967791003234547
0.140414700889908,0.119119863999946,460,460,0.00157255795303264,0.0082038679745815
0.136003345140769,0.11626121179873,461,461,0.00525661031016844,0.013371017231069
0.13973173192312,0.118393325753634,462,462,0.0042949712357016,0.00920100571511502
0.134594854210022,0.11466324360279,463,463,0.00634830886861785,0.0154858217238396
0.135159108686189,0.114939275287618,464,464,0.000628153329135148,0.0148835008975523
0.133210413147384,0.113574356844196,465,465,0.00237916301672499,0.0172432451915828
0.137125180238028,0.116344838758908,466,466,0.00479593279912615,0.0124902644175714
0.130678795228238,0.112118897921182,467,467,0.00770807729971632,0.0201095388960676
0.130916624456442,0.112008155983777,468,468,0.000262348086495608,0.0200003358572836
0.127057840842264,0.109296000601771,469,469,0.00471656631430077,0.0246982024449315
0.132153198199588,0.112761510064773,470,470,0.00616217676125916,0.018573406542691
0.130543774254887,0.11184311443283,471,471,0.00185302346734995,0.0203908201899649
0.134257991204723,0.114346950841588,472,472,0.00447935311314808,0.015947836918833
0.128669535714051,0.110773712027606,473,473,0.0066331644328305,0.0225145215881922
0.131131649817167,0.112087728864087,474,474,0.002790814594938,0.0197856950245127
0.127831087720893,0.110439841248575,475,475,0.0036890708511385,0.0233758579493208
0.132514655165919,0.11367072096023,476,476,0.0056898495343274,0.0177056856599601
0.129394894826827,0.111608435222658,477,477,0.00373977633512523,0.021424919742977
0.130941404473042,0.112622381573344,478,478,0.00184926452621202,0.0195855752757412
0.127696399882276,0.110404898156157,479,479,0.00393030374139118,0.0235028437910869
0.131642546653884,0.113052989289355,480,480,0.00475231112121256,0.0187709206102207
0.132788677944107,0.114052013218693,481,481,0.00152041630674514,0.0172509110200261
0.135109522811917,0.115681066713577,482,482,0.00283551339084004,0.0144264599964045
0.131165647033743,0.112784026501754,483,483,0.00489356701625568,0.0193097214189811
0.134170159998953,0.114843842614266,484,484,0.00364279296357619,0.0156845553198372
0.128744970854016,0.111196850890164,485,485,0.00653706554151101,0.0221893135113026
0.133969764868468,0.114536422598875,486,486,0.00620090410271539,0.0160372628693456
0.132694390892521,0.113761220141718,487,487,0.00149248706128562,0.0175099527729824
0.134915920869142,0.115117054930982,488,488,0.00260259167231523,0.0149435746738375
0.130220200219364,0.112230301312931,489,489,0.00551209024527722,0.0203921678872478
0.13278834627708,0.114004468546481,490,490,0.00312138487635892,0.017281571018287
0.130006903285658,0.112349311408459,491,491,0.00323666035692222,0.02048419643287
0.132186649807006,0.113596902698095,492,492,0.00251152920016937,0.0180048571453656
0.131022463653472,0.112746177196768,493,493,0.00144189572392999,0.0194443641239333
0.137494399555188,0.117197019648189,494,494,0.00785467713170221,0.0116360889949695
0.132665394809416,0.11444417290545,495,495,0.00555854765417154,0.017099536095972
0.137454115069187,0.117536788501067,496,496,0.0057005361983405,0.0114392274274127
0.136164430194539,0.116226090266535,497,497,0.00183880856477748,0.0132736303641669
0.140340916067254,0.119010681981699,498,498,0.00501965987544495,0.00833388150397685
0.133170934078829,0.114392047381055,499,499,0.00852879987387534,0.016739611251817
0.13657613136666,0.116656554641265,500,500,0.00408942070476939,0.0126799001284049
0.135975848674749,0.11635314655892,501,501,0.000672603727792335,0.0133314220882224
0.138503144504259,0.117776308063901,502,502,0.00290045046141403,0.0105044737454379
0.134592806527976,0.115461471214344,503,503,0.00454414048295515,0.0149626458619786
0.139021093969655,0.117835628389305,504,504,0.00502457480365788,0.01009552471627
0.132238126668582,0.11348184175181,505,505,0.00806003123395011,0.0180389140427541
0.137029194606493,0.116162556448557,506,506,0.00549004219210007,0.012686440787775
0.137630287123117,0.117109859466844,507,507,0.00112191587117597,0.0115960530774028
0.140002519518508,0.118471178893416,508,508,0.00273508265303024,0.00895933343841394
0.13636581307163,0.116391788566648,509,509,0.00418921208723382,0.0130130617181401
0.139841528595742,0.11873089506729,510,510,0.00418951281486283,0.00888181137652858
0.134255272207799,0.115058421355772,511,511,0.00668530654447621,0.0154804883952183
0.136799440465989,0.116468217622633,512,512,0.00290866251738374,0.0126411052721707
0.135425105080382,0.115907501637018,513,513,0.00148431808203475,0.0140395312735905
0.138937936847897,0.118357012286463,514,514,0.00428253306450855,0.00978905646184112
0.13268055484156,0.114146171904057,515,515,0.00754228123973947,0.0172745484565703
0.137210170350881,0.11723449201783,516,516,0.00548225663275754,0.0118220710155796
0.132716843410384,0.114285001306826,517,517,0.00537489371508883,0.0171588539433799
0.137068598844395,0.116985100322207,518,518,0.00512135822319732,0.0120937320859272
0.132269587456112,0.113821882548364,519,519,0.00574773494427392,0.0177979840945137
0.135446950110745,0.115701309730746,520,520,0.00369159585720505,0.0141585725190402
0.128015815920181,0.110715300024435,521,521,0.00894885736558593,0.0230595955350958
0.131703618746204,0.113191493171486,522,522,0.0044420065494242,0.0186354561413809
0.130707828299066,0.112610610524379,523,523,0.00115283271306839,0.0197738814837227
0.135247010696191,0.115657622752879,524,524,0.00546703396321911,0.01433773373056
0.13163058180089,0.113171947737803,525,525,0.00438829559571141,0.0187042175513445
0.134376461677609,0.11517075790643,526,526,0.00339633602394935,0.0153154052327755
0.126919338557443,0.109833596332473,527,527,0.00917027692579883,0.0244665821893582
0.133337331195559,0.114345428062411,528,528,0.00784520586487016,0.0166418084408341
0.13456704732294,0.11526601242996,529,529,0.00153612412640238,0.0151084980956703
0.138965078098448,0.118354746962468,530,530,0.00537428653075182,0.0097708771204975
0.134177651253183,0.115202563664436,531,531,0.00573199052190033,0.0154473009025004
0.13719955566088,0.117026684910654,532,532,0.00352977684424455,0.0119686745274454
0.131509574901283,0.113125956787463,533,533,0.00689866370651842,0.0188268867605568
0.137699521245425,0.117337240992532,534,534,0.00748667819524929,0.0113902294721123
0.131148687030551,0.112504788730182,535,535,0.00814039457143613,0.0195015477250199
0.135205274760182,0.115278401491828,536,536,0.00491414608653055,0.0146204568270415
0.128745167236718,0.110974181891075,537,537,0.00776268610638183,0.0223290547812277
0.132457629640993,0.113755452897928,538,538,0.00463873318015908,0.0176950589608604
0.130924023027404,0.112641510813742,539,539,0.00189547255642586,0.0195868540763682
0.133143488568884,0.114193545358838,540,540,0.00270829070060643,0.0168879127248409
0.128535312581473,0.11106901167262,541,541,0.00556758445712928,0.0224328904569272
0.136619356676537,0.116529337218492,542,542,0.00975535360701238,0.0127325764826044
0.136640937645759,0.116539289646981,543,543,2.37652911907357e-05,0.0127098968937643
0.141090269204051,0.119568802938561,544,544,0.00538279686589318,0.00741537462754423
0.136416997913583,0.116748971000714,545,545,0.00545810559736774,0.0127388326726754
0.1432782933126,0.121021907930239,546,546,0.00808302941701099,0.00491323298419823
0.13493202928654,0.115858450442196,547,547,0.00981434747823386,0.0144479407944073
0.142375128600126,0.120836859742912,548,548,0.00895456791572636,0.00561403096833547
0.137249716499331,0.117513215906111,549,549,0.00610871979688732,0.0116091571311114
0.144478303244564,0.122241159036584,550,550,0.00863747142272224,0.00324232460607216
0.139178483263292,0.118918358218734,551,551,0.00625532549984307,0.00923224172499807
0.144162680246789,0.122425077793202,552,552,0.00609420230581917,0.00325662323726926
0.136344931812617,0.116724198445283,553,553,0.00967559899538705,0.0128096125182442
0.139920292647697,0.119441106465255,554,554,0.00449052271901784,0.00833143885852894
0.137419627787574,0.11782060223517,555,555,0.00297982528051151,0.0112807503444408
0.141071584999888,0.120005763662739,556,556,0.00425578687731237,0.007110358121739
0.13582734338516,0.116490098782881,557,557,0.00631363363374094,0.0133557434403099
0.142370733414224,0.120949313714193,558,558,0.00791836794270703,0.00553266114469479
0.13987824878981,0.119534859748447,559,559,0.00286586106155807,0.00829966581331726
0.144867206021342,0.122827595556418,560,560,0.0059776084983168,0.00254118291127366
0.142530893954424,0.121191617495032,561,561,0.00285215327276821,0.00524549105629958
0.144216495452209,0.122554851662633,562,562,0.00216786987733364,0.00311999090635108
0.137880529350384,0.118052407144503,563,563,0.00777280342491167,0.0107793076202292
0.142638335159093,0.121313758243737,564,564,0.00576828632315193,0.00508284444881262
0.139101302379404,0.118872739911977,565,565,0.00429757738506113,0.00932020531009173
0.14347515141272,0.121866575374913,566,566,0.00530034019147591,0.0041179060515468
0.138408327228747,0.118338471068841,567,567,0.0061741580240398,0.0101932302891881
0.142945392323128,0.121343278026642,568,568,0.00544185855423471,0.00485858200520267
0.136557311858026,0.117052968297548,569,569,0.00769508476887527,0.0124347881897968
0.141045474108274,0.120220351709525,570,570,0.00549326115008329,0.00697789936845713
0.136819396149289,0.117410876723004,571,571,0.00507473000417776,0.0120041495189917
0.142151572572509,0.120884741167996,572,572,0.00636394842770722,0.00572825709055132
0.140224124577941,0.119626060453199,573,573,0.00230202800016969,0.00798277859202393
0.14348219109027,0.121908839596319,574,574,0.0039782003487796,0.0040806580451306
0.138464258706819,0.118824118418735,575,575,0.0058902589203129,0.00983597114716592
0.140626577788638,0.119737803084828,576,576,0.00234743338151501,0.00761466666680809
0.13980676050601,0.119438718679745,577,577,0.000872669386571418,0.00841708634101685
0.142512183549873,0.121217230000297,578,578,0.00323765599834126,0.00523924295630546
0.13399365570793,0.115708956429037,579,579,0.010144278896491,0.0152738098084096
0.138861501190247,0.118822187177632,580,580,0.00577824586995973,0.00953370405587413
0.134798137368431,0.115957242729462,581,581,0.00497180372093912,0.0144890022007035
0.138681260974184,0.118511787523127,582,582,0.00464804776657868,0.00987394939259822
0.135245204007038,0.116345544029689,583,583,0.00406190821589203,0.0138972255066261
0.139878241474738,0.119617466201502,584,584,0.00567190540079014,0.00824480915668601
0.134089021751906,0.115581452501699,585,585,0.00705722832167285,0.0152774293324155
0.138295300757004,0.118393136574917,586,586,0.00505948123786522,0.0102426558356439
0.135067977216907,0.116272538335916,587,587,0.0038616776307348,0.0140811132904152
0.138585781690143,0.118582345517011,588,588,0.0042083437984267,0.00989914222417462
0.135327584573196,0.11647656758859,589,589,0.00387945216966355,0.0137509385393697
0.13947579270313,0.119233314914061,590,590,0.00498069136824857,0.00880076249390881
0.133144717819375,0.11487862016379,591,591,0.00768413141166576,0.0164540782695713
0.136447606020079,0.117215891527566,592,592,0.00404622143416275,0.0124151422097802
0.13405107426874,0.115506725970115,593,593,0.00294357118785207,0.0153536219457927
0.137916419873663,0.117994043519773,594,594,0.00459648183269903,0.0107902736121547
0.132554506340787,0.114286523191595,595,595,0.0065188820911175,0.0172844673021632
0.138077173839719,0.118127529083795,596,596,0.0067270485777693,0.0105813759239095
0.134244772896548,0.115889518147093,597,597,0.00443801644228685,0.014964724680964
0.135618605347675,0.116552181114426,598,598,0.0015252992532752,0.0134770524179891
0.132503175325938,0.114390441243584,599,599,0.0037919682869882,0.017260121608085
0.137533091990306,0.118007354110569,600,600,0.00619533052692495,0.0110740256538113
0.132506536422312,0.114720135591527,601,601,0.00600600253663449,0.0170554193550932
0.136457034234607,0.1170972309436,602,602,0.00461053307956815,0.0124832922431349
0.132000695401112,0.114313134349908,603,603,0.00525453610149634,0.0177044663293305
0.139241248087494,0.119103953075005,604,604,0.00868202437574451,0.00906228785596988
0.135769032295156,0.116976696019407,605,605,0.00407203942627708,0.0130942632393349
0.138414633455424,0.118819984713092,606,606,0.00322442532980337,0.00987697233219965
0.13384043865164,0.115549582897186,607,607,0.00562305843295715,0.015492588483362
0.138917286271923,0.119023878837234,608,608,0.00615183826499168,0.00936010611242677
0.134763891720513,0.116381893361693,609,609,0.0049224763638491,0.0142528825861819
0.139819466143338,0.119831562447776,610,610,0.00612037985326086,0.00814974699288304
0.133366088695688,0.115487855704675,611,611,0.00777906605910407,0.0159065898036588
0.135565417525186,0.116480213082833,612,612,0.0024128448906313,0.0135637740290709
0.13452264698339,0.116181671558254,613,613,0.00108466466925691,0.0145661789974546
0.137958196084519,0.118261247530599,614,614,0.00401592254046563,0.0105849435287904
0.134493699575999,0.11593462985871,615,615,0.00417323445886949,0.0147409345771034
0.136616608316165,0.116803374753726,616,616,0.00229378708944167,0.0125524718535693
0.134814158502511,0.116036997210035,617,617,0.00195861172012599,0.0144264786380218
0.13773875126557,0.118093550474625,618,618,0.00357528378731466,0.0108608413494279
0.134394077516804,0.115854714238974,619,619,0.00402482672617685,0.0148686456156728
0.140696497556279,0.120185152474579,620,620,0.00764677668474493,0.00725652914532955
0.137502040952287,0.117981161615925,621,621,0.00388099583867536,0.0111146467927263
0.141209588829206,0.120631154459989,622,622,0.00455723307866005,0.00657688787755355
0.139263172083769,0.119373609217713,623,623,0.00231731702261182,0.00887026225313237
0.14409182775989,0.122656823195582,624,624,0.00583912747446123,0.00311570432485029
0.142520549908653,0.12163523103927,625,625,0.00187418372088436,0.00493397082605671
0.147335321156456,0.12479321390041,626,626,0.00575802725939421,0.00130251387427616
0.142434853522368,0.121779318388456,627,627,0.00575309909437677,0.00489789905846342
0.144284415957383,0.122730774964653,628,628,0.00207994009947618,0.00293839412233182
0.14239233737868,0.121437571698021,629,629,0.00229179755581025,0.00516388387763066
0.143769879793835,0.122226865353302,630,630,0.00158764214475999,0.00365243402465911
0.138740310591159,0.11895756073129,631,631,0.00599874312469,0.00953825628494447
0.143640146659351,0.122195637398267,632,632,0.00587311961366173,0.00375905994147279
0.13820999433891,0.118235313848495,633,633,0.00672091636922125,0.0104104238608538
0.137967806324355,0.118329055149781,634,634,0.000259696873221481,0.0105340670720478
0.137588086189231,0.118287230942877,635,635,0.000382016551083944,0.0108546705262436
0.142061989632964,0.121285108652756,636,636,0.00538545102913717,0.00550732453497642
0.142045925729916,0.121798399165063,637,637,0.000513541818166504,0.00518047340740931
0.146833339462559,0.12435789775536,638,638,0.00542866127891934,0.00104941799092697
0.146069610297239,0.124009632674101,639,639,0.000839387160245263,0.00106046500917217
0.147972148878455,0.12501901021875,640,640,0.00215371680604808,0.0019102596214471
0.146975849702496,0.12464130964759,641,641,0.00106549038919636,0.00100891799154953
0.14737421310717,0.124951376282602,642,642,0.000504811569133886,0.00131700110493749
0.145067200262252,0.123190520461737,643,643,0.00290222698776218,0.002126849172633
0.145349345154673,0.123295829213327,644,644,0.000301157223855855,0.00191223379677837
0.144481407386004,0.122870285517362,645,645,0.000966645440405814,0.0027090869286904
0.149362057620716,0.125859447344041,646,646,0.00572327136694311,0.00339259721382487
0.145875309083034,0.123781185499153,647,647,0.00405913631958102,0.00130242150081365
0.149388928066042,0.125786025380654,648,648,0.00404535552309209,0.00340253307537307
0.142313752076831,0.121105079637733,649,649,0.00848347619354703,0.00545663200706755
0.146664516864504,0.123850696686355,650,650,0.00514466395553116,0.0013598601328114
0.14405186254147,0.122264190416739,651,651,0.0030566263682693,0.00345194678280038
0.146985402911753,0.124003115084458,652,652,0.00341020792681054,0.00141068037446658
0.143566579869686,0.121884206100324,653,653,0.00402220415643077,0.00404718822276837
0.143948871333074,0.122392602309316,654,654,0.000636092342585726,0.00341124411895877
0.143019573425063,0.121778938608646,655,655,0.00111363267703238,0.00448234469449577
0.148594657680849,0.12480427229757,656,656,0.00634304409479004,0.00254599865966083
0.149175319692638,0.125263556746328,657,657,0.000740344903950262,0.00311875525419552
0.148232147471421,0.12491295370384,658,658,0.00100622876736615,0.00217525747838435
0.14645078654477,0.12365131453151,659,659,0.00218288344905491,0.00147091467208431
0.149332102546256,0.125435157721988,660,660,0.00338881667084962,0.00328985054438242
0.145058708506377,0.122962420659983,661,661,0.00493723862071522,0.00233451186886042
0.148465449414438,0.125079306415051,662,662,0.00401087134107633,0.00240289526057529
0.140093266301694,0.120148501559732,663,663,0.0097162897545596,0.00773656821120606
0.148287015867918,0.125076384369448,664,664,0.00956146228044114,0.00222445292860844
0.141024724394422,0.120293911303813,665,665,0.00869556933556075,0.00694201992156291
0.144751684727794,0.12238866105155,666,666,0.00427530230886328,0.00298469467392417
0.146154741366115,0.123772974708377,667,667,0.00197101299610551,0.0013003701895259
0.149141089386076,0.125801368712534,668,668,0.00361007710893102,0.00316418416964555
0.145532463169126,0.12343309368981,669,669,0.00431635375715687,0.0017206745355611
0.148435859579777,0.125343902822989,670,670,0.003475759235163,0.00238903254659308
0.147909262159345,0.124665087144677,671,671,0.00085912488517594,0.00189057651817147
0.148829603137539,0.125244952213031,672,672,0.0010877826132281,0.0027725519301468
0.149237795875062,0.125263580794332,673,673,0.000408617590183914,0.00318111491689352
0.152068484765847,0.127173186645061,674,674,0.00341458549483769,0.00636349518039856
0.143846043506591,0.121649234887209,675,675,0.00990568439255936,0.00407616738303273
0.148642006751069,0.125427888853046,676,676,0.0061056931822622,0.00260413429821862
0.148063475995523,0.124653801520017,677,677,0.000966389690687839,0.00204374663104521
0.151944757858527,0.127195634729352,678,678,0.00463953283899987,0.00625444792196137
0.149394773555458,0.125991031354137,679,679,0.00282019312059964,0.00345712739041169
0.149520052938251,0.125996725513742,680,680,0.000125408720615998,0.00357950522133522
0.146353130270662,0.124085190733548,681,681,0.0036991031883932,0.00102684948421432
0.14898336092011,0.125408436960875,682,682,0.00294433249607324,0.0029403227436107
0.149471895025473,0.125730959724881,683,683,0.000585394316170978,0.00347278760639077
0.150763780436556,0.126075073048309,684,684,0.00133693002611509,0.00480743010756972
0.144318033095866,0.121959018094916,685,685,0.007647847223851,0.00356680339692165
0.145950400161846,0.123098298788362,686,686,0.00199062370541449,0.00197496361133974
0.145987283885264,0.123140333845309,687,687,5.59227598180631e-05,0.00193120858667765
0.148524438150434,0.124810839982121,688,688,0.00303771995391216,0.00247547731430592
0.148049740715581,0.124764776703956,689,689,0.000476927122578837,0.0020104841662721
0.14826036232241,0.125214139160861,690,690,0.000496274197333463,0.00220250708637161
0.14596512137876,0.123595837654875,691,691,0.00280838579146195,0.00147745401404867
0.147267473693254,0.124415250073237,692,692,0.00153868718797338,0.00137134355991432
0.14681283223776,0.124068912871493,693,693,0.000571531548005291,0.00125108546799088
0.149504886388865,0.125689541751927,694,694,0.00314222747753495,0.00349760904154369
0.147785060741427,0.124673204146094,695,695,0.00199768425598612,0.00176761811087698
0.146789181491553,0.12402877381401,696,696,0.00118619810033569,0.00126975126307453
0.1464980026388,0.123685178658672,697,697,0.000450380677940297,0.00145173549464158
0.150721544438191,0.12653096736334,698,698,0.00509282030733611,0.00488264617606476
0.148680807245006,0.125851913673491,699,699,0.00215074921953883,0.00273247674183857
0.148121480644682,0.125112881914834,700,700,0.00092683018192793,0.00205935372229661
0.145250494086307,0.123587732327667,701,701,0.00325094525970611,0.00169020950090991
0.148529053692451,0.125674784943766,702,702,0.00388648191986111,0.00253952897559523
0.147038781403229,0.124818709090742,703,703,0.00171865568458506,0.00100805232842859
0.151315389580067,0.127117260782952,704,704,0.00485517428935022,0.00563764721185303
0.1539537070002,0.129261611683124,705,705,0.00339984699544565,0.00893526713424359
0.154210528342329,0.129199283811674,706,706,0.000264276304901653,0.00913452600536935
0.151393927477279,0.126950887163251,707,707,0.00360396003330259,0.00565338919034709
0.154242409135552,0.128651175019092,708,708,0.00331735234038214,0.00892939077175326
0.151507872866045,0.126910397941571,709,709,0.00324160352956298,0.00574787732477627
0.153130279476168,0.128023855542283,710,710,0.00196773754275184,0.00766011187984564
0.150459987626254,0.12627233483452,711,711,0.00319347512178149,0.00455880417395578
0.153516128398005,0.128347687706016,712,712,0.00369419625331237,0.00814237398442781
0.148994028689645,0.125418729311161,713,713,0.00538778090229607,0.00295211776059029
0.149044505336611,0.125571980729362,714,714,0.00016135020628917,0.00302387782879226
0.149172131382062,0.125901346353195,715,715,0.000353228143896036,0.00321875339595782
0.151010908736461,0.127085415619838,716,716,0.00218703502195562,0.00534299897874054
0.150751155253294,0.126866642157345,717,717,0.000339608156422331,0.00502100288156807
0.151555876954672,0.127434358598903,718,718,0.000984824336967345,0.00598048833022506
0.152748787538555,0.128372687752878,719,719,0.0015177276640889,0.00745739466304318
0.15898913291566,0.131806701204729,720,720,0.00712280554367844,0.0145766292976333
0.156469250284685,0.130381650470372,721,721,0.00289492280888094,0.0116838262726636
0.159616627778422,0.13245429985478,722,722,0.00376853559871271,0.0154349997640151
0.153746256984164,0.128862568369773,723,723,0.00688199014257227,0.0085686654570266
0.158288957804322,0.131172820027988,724,724,0.00509640986045494,0.0136648460530925
0.156752715436225,0.130383273120761,725,725,0.00172725937028789,0.0119377238405806
0.156274981492946,0.130062876995978,726,726,0.000575224649452065,0.0113675585954526
0.154372627502612,0.128421279037016,727,727,0.00251272651982026,0.00896033466544803
0.15566913468141,0.12941593443533,728,728,0.0016340961495799,0.0105438393754403
0.155890551684852,0.130057868095856,729,729,0.000679046621322046,0.0110212192410502
0.158614413794773,0.13139997395871,730,730,0.00303655609876959,0.0140576087791979
0.155545683518568,0.12984061850994,731,731,0.00344219333037973,0.0106154367781414
0.158326172278522,0.131939040886187,732,732,0.00348346009211639,0.0140562653688836
0.157594461022142,0.131489842492105,733,733,0.000858592196539474,0.0131984048387344
0.159639936246868,0.132480475886527,734,734,0.00227273478811507,0.0154679951576228
0.158399926724703,0.131624725128556,735,735,0.00150662967408263,0.0139704606755442
0.160442876702098,0.132838729169893,736,736,0.0023764364966313,0.0163445759994837
0.16265693783246,0.133823442634843,737,737,0.00242316472758913,0.0187615148060493
0.16400062256444,0.135094635510422,738,738,0.00184970808126055,0.0205490994687662
0.161934189179319,0.133702173743231,739,739,0.00249180591303373,0.0180671352394697
0.164429455982935,0.135399893172731,740,740,0.00301804699806515,0.0210724367060101
0.162456669132453,0.133966375389653,741,741,0.00243861870570998,0.0186523617015368
0.165309883078295,0.135732812553752,742,742,0.00335576072976928,0.0220034764192759
0.164407772371699,0.135077404407535,743,743,0.00111506213507722,0.0208972016335565
0.164348350607959,0.135538839006519,744,744,0.000465244919526338,0.0210704707421866
0.158356885065399,0.131481151841789,745,745,0.00723619267809254,0.0138654985988321
0.1637749227772,0.135070929686929,746,746,0.00649935670847086,0.0203407099664522
0.160948432907297,0.133513144362045,747,747,0.00322734257603514,0.0171135703431995
0.164502239098573,0.135737383523278,748,748,0.00419246685037768,0.0213028827230674
0.159656338666176,0.132972536706131,749,749,0.00557916919648378,0.0157238483477678
0.156350802486256,0.130494657687731,750,750,0.00413115648052495,0.0116307262658815
0.155531901886986,0.130057057101668,751,751,0.000928489345338835,0.0107022524646285
0.159903299345122,0.132830120779568,752,752,0.00517677485493467,0.015867704858549
0.158293674177039,0.132060930476631,753,753,0.00178396942346515,0.0140880067043207
0.164739436668271,0.135992322782676,754,754,0.00755007944046973,0.021636099217171
0.160492956958755,0.133803587650417,755,755,0.00477735820328729,0.0168674321771706
0.162841582871936,0.135240688644448,756,756,0.00275341659527034,0.0196208207061468
0.16319157637807,0.135112246621368,757,757,0.00037281739180088,0.0198556797717672
0.1666278626203,0.137444814785673,758,758,0.00415318400503347,0.024001362134478
0.164361745973789,0.136158244623061,759,759,0.00260586788592842,0.0213964317755313
0.165968336327503,0.137401725503906,760,760,0.00203159475921577,0.0234160004838154
0.162573619862752,0.134557471604642,761,761,0.00442875604651392,0.0190427259686382
0.16427272110117,0.135915025427295,762,762,0.00217483272915224,0.0211948696321006
0.165482313322669,0.136319772561494,763,763,0.00127551306733982,0.0224428622894459
0.164508156625002,0.136280764263606,764,764,0.000974937392305197,0.0215851607622713
0.164684574626622,0.136055239092107,765,765,0.00028633007923573,0.0216206575039083
0.164909134006589,0.136423176148926,766,766,0.000431050568855982,0.0220019504739191
0.162143392200785,0.134922901275229,767,767,0.00314645076761316,0.0188592412571129
0.166346717324694,0.137234265272669,768,768,0.0047969100081136,0.0236519364417913
0.165239699220336,0.136920790549133,769,769,0.00115054573384605,0.0225433291172059
0.16780000185358,0.138290538993679,770,770,0.0029036804877836,0.025442023258732
0.165662900728106,0.136566840191451,771,771,0.00274560353680322,0.0227233033683263
0.170688258313837,0.139214876115251,772,772,0.00568034445418594,0.0283989409935491
0.167916366027952,0.13766157004473,773,773,0.00317744340520331,0.0252216986482983
0.16854820851785,0.138297002155497,774,774,0.000896102058603755,0.0260874581823282
0.165572085446412,0.136363704848314,775,775,0.00354893603975963,0.0225425643976939
0.170603947277753,0.139325518210714,776,776,0.00583883309261341,0.0283812752765879
0.169950878476365,0.138957766115443,777,777,0.000749493470900546,0.0276318507316097
0.16961515176527,0.1388181196733,778,778,0.000363611816840135,0.0272714643850112
0.169923861034761,0.139020384032762,779,779,0.000369069484214507,0.0276400481297644
0.17309369865257,0.140775863546089,780,780,0.0036234760720869,0.031262655503619
0.171687508689914,0.140719686704672,781,781,0.00140731163875897,0.0300257848133509
0.17472139655597,0.142055305980573,782,782,0.00331486869030379,0.0333140559772587
0.17214343985623,0.140871523260205,783,783,0.00283675911468877,0.0304942201465874
0.173970454479794,0.141859441447194,784,784,0.00207700861310101,0.0325688925055196
0.173069512130917,0.141659382691335,785,785,0.000922887112162055,0.0316951096113433
0.177068073906572,0.143550625636396,786,786,0.00442326758753877,0.0360953173154438
0.173213628067634,0.14175890811661,787,787,0.004250529895909,0.0318700019596856
0.179983780421052,0.14541872542563,788,788,0.00769605260012531,0.0395564911216185
0.180321808575075,0.145442363502566,789,789,0.000338853643323617,0.0398588191572624
0.183554321391683,0.147429803344464,790,790,0.00379460883816753,0.0436530498654655
0.182982863329647,0.146828496645899,791,791,0.000829538463487553,0.0428548347554732
0.187061799059929,0.148727427996812,792,792,0.00449929516338412,0.0473350505579658
0.180769129231282,0.145300827827528,793,793,0.00716514356398398,0.0401724844862471
0.182527481370296,0.14671723414317,794,794,0.00225787712149387,0.0424062395365912
0.17960697410924,0.14560715912702,795,795,0.00312436060712649,0.0393319052734921
0.181878972466909,0.14667822680637,796,796,0.00251180463233138,0.0418297358822383
0.175454884592114,0.143604854886372,797,797,0.00712141277990028,0.0347483256641789
0.181579111087259,0.146622350476722,798,798,0.00682725638903534,0.0415442554862176
0.180587669271341,0.14607301499455,799,799,0.00113345769498706,0.0404117045667743
0.182109312681701,0.146923174709845,800,800,0.00174303477010782,0.0421535943683137
0.179760206826106,0.145476990477461,801,801,0.00275857701628719,0.0393950863328483
0.182619864114022,0.147196659977372,802,802,0.00333690020726676,0.0427319717239793
0.17891834544939,0.144797818057758,803,803,0.00441085966450064,0.0383234357671994
0.181063921928408,0.146287251596857,804,804,0.0026118787672301,0.0409299782058296
0.178471597231745,0.144869780980976,805,805,0.00295455077462109,0.0379785901172624
0.181070141221782,0.146000377695458,806,806,0.00283384540844269,0.0407873449703757
0.179350732171032,0.14531646339049,807,807,0.00185043407349205,0.0389617489997337
0.183639277000505,0.147467072415452,808,808,0.00479757604761533,0.0437451059029657
0.178903318784204,0.145011281498207,809,809,0.00533481107967036,0.0384209109746888
0.18378141681573,0.146929326262299,810,810,0.00524163487112934,0.0435951620919882
0.179010861802149,0.144654061838341,811,811,0.00528535933844899,0.0383291321984919
0.185218099343424,0.147978084038192,812,812,0.00704123011120254,0.0453644380458277
0.181942293691273,0.146577353290564,813,813,0.00356271656155917,0.0418320150730715
0.182520265443004,0.146349968953059,814,814,0.000621091766763521,0.0422137102683679
0.18188769445502,0.146624438454363,815,815,0.000689550260666703,0.0418094489302832
0.183789906528977,0.147437558585223,816,816,0.00206871339762692,0.0438595044560369
0.179242520112427,0.144653505104697,817,817,0.00533194870604158,0.0385281679447421
0.179984996011312,0.145664877953929,818,818,0.00125464955289865,0.0396847173961508
0.178010514098491,0.1446582668097,819,819,0.00221626821926917,0.0374749022174128
0.178134662539675,0.144776004437998,820,820,0.00017109934121915,0.0376422990834685
0.175532448302926,0.143188854871405,821,821,0.00304804243419884,0.0345942744440379
0.178424948308175,0.144857305064714,822,822,0.00333920384641607,0.0379322805511177
0.175307802672833,0.143048271267658,823,823,0.00360405330021927,0.0343292745172029
0.178428239137907,0.145173999216733,824,824,0.00377569106867086,0.038101236364252
0.174576056375615,0.142375916897092,825,825,0.0047611528752592,0.0333543248270501
0.175211241581702,0.143173619309407,826,826,0.00101970063481675,0.0343130191884271
0.175556101892152,0.143079528032165,827,827,0.000357465805603798,0.03455732534277
0.174088585283461,0.141975300865332,828,828,0.00183655183230871,0.0327298657366175
0.174738265494982,0.142717626605368,829,829,0.000986474470811332,0.0336709296759366
0.175530199630658,0.143083441332408,830,830,0.000872341727632477,0.0345372621328507
0.173153800060833,0.141785246970553,831,831,0.00270787435391946,0.0318328704392177
0.173681342783224,0.141854326060505,832,832,0.000532046280521099,0.032318842986705
0.174472940828406,0.142245504371009,833,833,0.000882976747000489,0.0331985611210579
0.175458593820404,0.14301976540725,834,834,0.00125339218637868,0.0344429603156957
0.172834626754574,0.141877917991538,835,835,0.00286164614921673,0.0316108609565609
0.177274393320795,0.143785262439544,836,836,0.00483213100048779,0.0363928023545925
0.174834546651843,0.142658996711594,837,837,0.00268725254822648,0.033722347522745
0.173532886389415,0.141746818073279,838,838,0.00158946195518572,0.0321361472608105
0.173284442853169,0.141555387510967,839,839,0.000313639683218245,0.0318244530133772
0.17615039204723,0.142698757883183,840,840,0.00308560538484703,0.0348718712695162
0.173736537229263,0.141173177958175,841,841,0.0028555365852692,0.0320180933886864
0.173631756796002,0.141635474005438,842,842,0.000474021702571657,0.0321632153706727
0.172890788243246,0.141184217369633,843,843,0.000867563800265469,0.0312956674123604
0.172744711160265,0.141280155117282,844,844,0.000174764314423937,0.0312202382334815
0.170087316415847,0.139124354717194,845,845,0.00342187407609918,0.0278336333757939
0.17288839193989,0.141372078719131,846,846,0.00359141856099653,0.031390762473069
0.170600292761063,0.139708021536593,847,847,0.00282921970848904,0.0285721760483715
0.173059230204737,0.141762027482731,848,848,0.00320395283652508,0.0317402088904225
0.170451642704093,0.139787511681235,849,849,0.0032708141530629,0.0284856057954313
0.171476472440179,0.14043612116963,850,850,0.00121283562629181,0.0296981773317802
0.17012318382768,0.139789217716255,851,851,0.00149995804831647,0.0282057836092264
0.172236802292154,0.141156796070517,852,852,0.00251746967576853,0.0307225154192685
0.169012111587592,0.139244227463131,853,853,0.00374920642510532,0.0269738389840204
0.171107485970629,0.140694942511729,854,854,0.00254856193907852,0.0295192179297118
0.165328033312855,0.136935066537026,855,855,0.00689483432495675,0.0226260037135354
0.17138894602942,0.140836837465144,856,856,0.00720822303576407,0.0298331367273144
0.164496358714751,0.136230383192322,857,857,0.00829018581564573,0.0215489440746373
0.168482171472376,0.138716539093979,858,858,0.00469762434707076,0.0262462272745283
0.162924642281347,0.135514858348071,859,859,0.00641380466711093,0.0198348917614134
0.166411459627902,0.137787796146884,860,860,0.00416222794252129,0.0239962013770358
0.16465754373363,0.136977174038998,861,861,0.00193218248775151,0.0220805797360748
0.163259924958578,0.13586788466979,862,862,0.00178433773289034,0.020306197596377
0.160653989698831,0.134677744446004,863,863,0.00286484420697939,0.017470455026662
0.165701564594601,0.137449838213264,864,864,0.0057586904920199,0.0232152662788607
0.161183162002057,0.134838644861782,865,865,0.00521864855179289,0.0180015892543505
0.162908388382988,0.135652751599345,866,866,0.00190766240346834,0.0198940843374046
0.159775933209687,0.133644779886107,867,867,0.0037207829571079,0.0161734923302471
0.160731227995134,0.134266426122254,868,868,0.00113975092455246,0.0173130690035875
0.157875408117809,0.132384238193122,869,869,0.00342028340525938,0.0138938868876115
0.161642655431467,0.135039203470597,870,870,0.00460879517302116,0.0184965547898706
0.160882150627012,0.134605948715535,871,871,0.000875258384926134,0.0176225087416007
0.162080973009367,0.135130259375184,872,872,0.00130846351582942,0.0189155094480572
0.157839558221701,0.132404032012326,873,873,0.00504201497766802,0.0138738726542888
0.160688329290368,0.134090116097685,874,874,0.00331034381063006,0.0171835366886165
0.158743235218977,0.133061359630475,875,875,0.00220039333197289,0.0149886578220968
0.160840912141967,0.134297611984202,876,876,0.00243486516163475,0.0174225942921394
0.159080514218861,0.133369723266146,877,877,0.00198996942709416,0.0154386202439065
0.161982531486994,0.134785415682399,878,878,0.00322891456095909,0.0186502807291383
0.160006055009548,0.133655486829083,879,879,0.00227666389250887,0.0163746764665252
0.163285172277766,0.135635808183609,880,880,0.0038307026412819,0.0202052640691422
0.159314465195954,0.133297457660638,881,881,0.00460807963232398,0.0155981573513082
0.161448686902967,0.13471163256206,882,882,0.00256023298676105,0.018157427693508
0.157294142650756,0.132158114367851,883,883,0.00487654520247046,0.013281132986803
0.159560924742063,0.133543537297631,884,884,0.00265663278302298,0.0159375375914758
0.159495362764854,0.133970352942074,885,885,0.000431821684491156,0.0161138086795375
0.163353054848726,0.135809692713722,886,886,0.00427375233366807,0.0203543657257446
0.160858299094182,0.13425945051984,887,887,0.00293718524007662,0.0174171805515286
0.161863567939079,0.134625408327104,888,888,0.00106980865916242,0.0184655323251124
0.160232464038222,0.133791256804885,889,889,0.00183202311596039,0.0166386558156873
0.162572233154505,0.13507218392103,890,890,0.00266745080449262,0.0193031373474708
0.161967726706658,0.134799498388192,891,891,0.000663163211666223,0.0186449897387531
0.165856031997179,0.136857428124375,892,892,0.00439931731423826,0.0230374211366019
0.164121893613078,0.136144000193302,893,893,0.00187515741953783,0.0211842142939308
0.165597860186724,0.136957672308156,894,894,0.00168539005485719,0.0228679355138077
0.162664062767055,0.1355383085447,895,895,0.00325910429300282,0.0196263452286601
0.16590454293502,0.137450801733388,896,896,0.00376275722253707,0.0233877366611326
0.165321465255548,0.137149697101028,897,897,0.000656234394044305,0.0227337251697635
0.166606670480973,0.137655294335949,898,898,0.00138107966295165,0.0240924832605288
0.164844024175563,0.137089178275659,899,899,0.00185132638713275,0.0222980225524254
0.166483431588768,0.138219943944778,900,900,0.00199155408285313,0.0242884866113992
0.160750154050244,0.135164604718669,901,901,0.00649658134100849,0.0178220260799608
0.167989261137305,0.139325092833692,902,902,0.00834951093017942,0.026153111746987
0.162645050673331,0.136112997524523,903,903,0.00623523389765292,0.0199229705466938
0.164815804429749,0.137711950072186,904,904,0.00269607513261087,0.0226163824055284
0.159554873018085,0.1345621296714,905,905,0.00613178341719869,0.0164967058663521
0.163180622667008,0.136835237287179,906,906,0.00427937831344394,0.0207712956250941
0.158109950121048,0.133674032841112,907,907,0.00597536054294542,0.014804304252427
0.161764309715016,0.135698215554862,908,908,0.00417751836628744,0.0189605368262789
0.156525504887619,0.13212292023813,909,909,0.00634253991878656,0.0126180665078249
0.160467156111701,0.134717608849165,910,910,0.00471900660738475,0.0173368673354599
0.157822395418886,0.1325225150977,911,911,0.00343703297918062,0.0139223677193147
0.157952715175653,0.133063132483417,912,912,0.000556102865253053,0.0143270543409071
0.153584319828169,0.130112972163191,913,913,0.0052712734540103,0.00905579983536519
0.157683461884804,0.132734737905919,914,914,0.00486586284334219,0.0139209249725048
0.15296661689259,0.129262763309906,915,915,0.00585689630059599,0.00807740542058293
0.158690956683968,0.133454192376418,916,916,0.00709479694330633,0.0151581508771856
0.152831096745965,0.129588032293073,917,917,0.00702033847353906,0.00813786660820281
0.156795529690875,0.131984637517919,918,918,0.00463254197805518,0.0127674416902447
0.1510667054188,0.128078184373488,919,919,0.0069339601751059,0.00583867094831021
0.156899802637617,0.131862151124681,920,920,0.00695294380376485,0.0127897567427921
0.151503365001055,0.128360607642902,921,921,0.00643291115437616,0.00635844628810233
0.157019457133154,0.131811229426685,922,922,0.00650646317937148,0.0128645445448654
0.152715876305808,0.129193310784994,923,923,0.00503729152938426,0.00782735833858394
0.154943818906346,0.130695091593038,924,924,0.00268683341997641,0.0105127240922198
0.148975693458152,0.126597950931396,925,925,0.00723913551238422,0.00328948084023969
0.152914582598588,0.12949867323448,926,926,0.00489173154826129,0.00815858682969925
0.146986466771069,0.125447493296924,927,927,0.0071801543264019,0.000998011439197937
0.152609975030715,0.129473839101824,928,928,0.00691630722907456,0.00789060403912196
0.14898480756771,0.126958079712381,929,929,0.00441258251372142,0.0034790840319627
0.155124372632879,0.13128811315827,930,930,0.00751288551968944,0.0109900063531931
0.150218093102637,0.127831298427725,931,931,0.00600176198380003,0.00498925997495873
0.155770812904808,0.131564563690595,932,932,0.00669103629674656,0.0116802540952557
0.154320536911491,0.130830898576733,933,933,0.00162528919152602,0.0100688173268882
0.158752195750108,0.134056130473095,934,934,0.00548103282668607,0.0155491401311421
0.151243932440096,0.128625982114993,935,935,0.00926609567851961,0.00628418470171962
0.158185511364377,0.133207055207481,936,936,0.00831695549108779,0.0146005520235227
0.150750735529949,0.128010103003615,937,937,0.00907106410061445,0.00553377330131191
0.158080866793238,0.133107498888027,938,938,0.00892828478149447,0.0144582020319897
0.15172889491005,0.128679450752299,939,939,0.00774307155443682,0.00671824491713453
0.156732074348898,0.132109283446827,940,940,0.00606593412507598,0.0127823608066161
0.151472025432575,0.128594458407422,941,941,0.00632630300094272,0.00645627375461065
0.154033456682039,0.130332297327153,942,942,0.00309532133334528,0.00955123004116599
0.149592500981984,0.127296524492695,943,943,0.00537940556495627,0.00417342542126751
0.15516760969006,0.131160375222183,944,944,0.00678315410164224,0.0109541534755791
0.150573740424848,0.12803807759326,945,945,0.00555449163375384,0.00539997082900764
0.155943286017235,0.13180882327516,946,946,0.00656129124992156,0.0119599017172257
0.15196201877228,0.129160558938748,947,947,0.00478160986188372,0.00717882566280837
0.157799876982225,0.133072585179836,948,948,0.00702741330721213,0.0142057914534731
0.151376897729357,0.128839245102684,949,949,0.00769258283618638,0.00651526726101464
0.155712586720562,0.131943159444487,950,950,0.00533221185529064,0.0118474505821901
0.150132387472007,0.127897768114169,951,951,0.00689230111566388,0.00495572911287392
0.156094786821404,0.132140728694415,952,952,0.00731798609504082,0.0122735280033773
0.149988069727815,0.127874726443621,953,953,0.0074492126338904,0.00482447994961938
0.154022616288993,0.130684553447139,954,954,0.00491657337421232,0.00974087689344631
0.149556979910343,0.127368699472642,955,955,0.00556208556627086,0.00418265047368924
0.155272278943276,0.131058568818877,956,956,0.00680292428505128,0.0109854799767008
0.149649682000788,0.12728208780603,957,957,0.00677313850574974,0.0042143045203828
0.155248714796047,0.131112131090361,958,958,0.00678368629892531,0.0109950748726039
0.150877553432765,0.128283491838567,959,959,0.00520655852561307,0.00578879083900954
0.157217186793708,0.132604938336807,960,960,0.00767240842163232,0.0134610404254612
0.153009903918083,0.129658159147856,961,961,0.00513660751702576,0.00832561977609959
0.159394250586757,0.133757227845998,962,962,0.00758697875164426,0.015912268637209
0.153687160632234,0.130022896036482,963,963,0.00682027197497196,0.00909201827982451
0.15873288114303,0.133641161284873,964,964,0.00620895634392586,0.0152970673088606
0.153333892034735,0.130098427030739,965,965,0.00645755754034697,0.0088406123988405
0.159898225104585,0.134416716337005,966,966,0.00785735904643126,0.0166968564941592
0.153313919224616,0.130148245007087,967,967,0.0078468421301398,0.0088526750561352
0.159398367187397,0.134138353273793,968,968,0.00727608899009878,0.0161269066878433
0.150855076609807,0.128295336470839,969,969,0.0103502975441648,0.00577671337378174
0.156809594961897,0.132279872391722,970,970,0.00716469226904988,0.0129413945570006
0.151774132227971,0.128674448793662,971,971,0.00619313848272465,0.00675377204307535
0.157566666447884,0.132659838208084,972,972,0.0070311294593012,0.0137821880486267
0.152784347166792,0.129242713005594,973,973,0.00587769702824175,0.00791158495098791
0.155398639058383,0.131198190091899,974,974,0.00326472245826481,0.0111676296962792
0.151818546314182,0.1286943555516,975,975,0.00436878146194853,0.00680195971662429
0.156689362091488,0.13210569424454,976,976,0.00594660222432892,0.0127447486302343
0.152460778014599,0.129415060923061,977,977,0.00501202862780844,0.00773407720129322
0.157432918007855,0.133058041353403,978,978,0.00616388534354687,0.0138957687119443
0.154894099223789,0.131067055121384,979,979,0.00322639535618544,0.0106751886974933
0.161458857041444,0.135407225948035,980,980,0.00786976035270314,0.0185446029926585
0.156376599930965,0.131950250464585,981,981,0.00614654511332904,0.0123982256049156
0.162586948967579,0.136249816262609,982,982,0.00755345624254971,0.019950981620149
0.156235046832283,0.131834295641734,983,983,0.00773585697190378,0.0122161342691501
0.162222509489428,0.135821779816745,984,984,0.00719372915230144,0.0194098622924676
0.156162331214937,0.131833634258317,985,985,0.00725472712883288,0.0121552820371171
0.162681634761388,0.136160909922181,986,986,0.00782474494164741,0.0199799871116352
0.157819854046714,0.132818814075177,987,987,0.00589970476957451,0.0140810742288642
0.162177862485259,0.135696535171655,988,988,0.00522240521786088,0.0193034779537039
0.155186534855395,0.131217555674377,989,989,0.00830300664609705,0.0110017374601732
0.163575301202737,0.13643848371499,990,990,0.0098807636564971,0.0208790904987522
0.157095282547208,0.132057345730945,991,991,0.00782208487624884,0.0130591985265565
0.164195047063257,0.136830289705157,992,992,0.00855497810425672,0.0216122493441221
0.158073406292397,0.133040108735884,993,993,0.00719999704911754,0.0144146311629133
0.167185991044089,0.138816792737494,994,994,0.0107893131807007,0.0252026011334221
0.160649252731885,0.134541781440315,995,995,0.00781054859489704,0.0173920813496894
0.168062995535698,0.139286358882486,996,996,0.00880196554559498,0.0261939188978878
0.160860674723527,0.134338595423825,997,997,0.00873806547951474,0.0174610804604002
0.169897023707743,0.140290906303731,998,998,0.0108206103236182,0.0282799366972154
0.161179943747093,0.134896785549515,999,999,0.0102510497877745,0.0180305070746494
0.167214606951914,0.138555152466057,1000,1000,0.0070569687891945,0.0250849739834406
0.158667850308308,0.133009850713216,1001,1001,0.0101881019162102,0.0148974190083187
0.165079857013853,0.137436702003994,1002,1002,0.0077917162642529,0.0226845897835857
0.158505156728761,0.133109533177658,1003,1003,0.00787090044978385,0.0148138724216321
0.164632534226679,0.137339567529422,1004,1004,0.00744566623070804,0.0222572227534156
0.159925888811072,0.133973180885863,1005,1005,0.00578662856093175,0.0164759480000563
0.164902068471348,0.137108461412731,1006,1006,0.005881525991909,0.0223573118940896
0.160108333052752,0.133984783151015,1007,1007,0.00572164881360417,0.0166359682647694
0.166371423349355,0.13823645421258,1008,1008,0.00756987495796016,0.0242033676780773
0.162407935307838,0.135615072838612,1009,1009,0.00475193410760692,0.0194516811337172
0.169297261029996,0.140159463184354,1010,1010,0.00825313834371288,0.0277045201294224
0.161567778644804,0.135203447547298,1011,1011,0.00918188373579907,0.0185228693615547
0.167468587265176,0.139409095593826,1012,1012,0.007246172635642,0.0257648020603387
0.159641674113433,0.134570873941926,1013,1013,0.00920157368268373,0.0165727852386505
0.167113087820004,0.139241264871087,1014,1014,0.00881104841695527,0.0253761081025191
0.1601425298075,0.134468130117617,1015,1015,0.00844816514874446,0.0169283391876403
0.167451094038421,0.13912774294637,1016,1016,0.00866758921681105,0.0255946659829822
0.158276931773561,0.133165730336853,1017,1017,0.01094124524988,0.0146536764546636
0.163651066517212,0.136507224626717,1018,1018,0.00632826266301488,0.0209800750782989
0.158385076312388,0.132946538248825,1019,1019,0.00635681841167474,0.0146247324486353
0.163946181226009,0.136639983448974,1020,1020,0.0066758838595949,0.0212999126767194
0.158221009985391,0.132579466206562,1021,1021,0.00701893054605317,0.0142905067566422
0.165294821506053,0.137502485674021,1022,1022,0.00861829043992069,0.0229007483996163
0.158786395670072,0.13332246223922,1023,1023,0.0077351278449649,0.0151656716924888
0.166651538375556,0.138353753035487,1024,1024,0.00933672088338473,0.0245022786908714
0.160949683289434,0.134846873275632,1025,1025,0.00669397916587858,0.0178104431037874
0.168101875922986,0.139583438993625,1026,1026,0.00857839811784811,0.0263887983106864
0.162405819468738,0.135580625029062,1027,1027,0.00696186604042933,0.0194312484811753
0.16798708538191,0.139421418661566,1028,1028,0.00677511807432273,0.0262039190989215
0.159543022397585,0.134031334900262,1029,1029,0.0100177443886892,0.0161872399437584
0.167831158650583,0.13967084199311,1030,1030,0.0100248313102287,0.0262117108573577
0.161873128324155,0.135576824858282,1031,1031,0.0072290456957268,0.018983295328784
0.167565199320192,0.139206469819339,1032,1032,0.0067508514105448,0.0257332598788563
0.158901743730372,0.133508560624407,1033,1033,0.0103692638094746,0.0153639963740905
0.165138975577567,0.137624785742548,1034,1034,0.00747304291027975,0.0228370303771208
0.158776364788719,0.133277489388889,1035,1035,0.00770595883955367,0.0151328183731181
0.164879816268692,0.137493390394455,1036,1036,0.00741794724011416,0.0225483362620247
0.159677914321448,0.133579555588388,1037,1037,0.00650983000991042,0.0160558033405382
0.164827142127506,0.137329541164677,1038,1038,0.0063700030471779,0.0224143619897576
0.160123736812759,0.133795790277148,1039,1039,0.00588297687313933,0.0165485491169353
0.164593267595501,0.137057796310202,1040,1040,0.00553329818259931,0.0220701645154906
0.159556272414492,0.133715399979766,1041,1041,0.00604507515943483,0.0160256547302674
0.168226306358936,0.139505606212987,1042,1042,0.0104257362723708,0.0264502496494477
0.160986352859665,0.134959702541302,1043,1043,0.00854881084501454,0.0179031836470535
0.167439791724933,0.139697761697306,1044,1044,0.00800600260764042,0.0259027945548508
0.161185554548206,0.135147741701949,1045,1045,0.00773422036283575,0.0181731665995177
0.168385474702163,0.140122775633756,1046,1046,0.00875156059488702,0.026923889144602
0.161049866842114,0.135222971809937,1047,1047,0.00882152028781408,0.0181024953344546
0.167473294176937,0.139569155922977,1048,1048,0.00775562602696818,0.0258581205050018
0.156860803542086,0.13264175673959,1049,1049,0.0126733506587953,0.0131883350506522
0.163656047608624,0.137205479394778,1050,1050,0.00818553030641848,0.0213728436124894
0.159496356816786,0.134449979970179,1051,1051,0.00498956957689452,0.0163844196535158
0.163976539120297,0.137472205013346,1052,1052,0.00540424626421146,0.0217881405253797
0.15886873942707,0.133913361685321,1053,1053,0.00622535007365512,0.0155628293807802
0.163886059233489,0.137242957659411,1054,1054,0.00602160339034056,0.0215836926815497
0.158726759515212,0.133683588602963,1055,1055,0.00626797269162937,0.0153158178506366
0.166110697724992,0.138629445860886,1056,1056,0.00888729697386126,0.0242029730810251
0.161568963404116,0.135723657135006,1057,1057,0.0053917491374206,0.0188134793297671
0.167232072961046,0.139084936739126,1058,1058,0.00658551519859043,0.025388267843676
0.160547324929549,0.134639806288702,1059,1059,0.00802776687291624,0.017360525351682
0.16582234756262,0.138473107185354,1060,1060,0.0065207407204773,0.0238765580539713
0.161079047362321,0.135394838376147,1061,1061,0.00565461189224362,0.0182234817840914
0.1666656039818,0.139234980877765,1062,1062,0.00677910829647883,0.0250025900466613
0.162170469739155,0.136236485929138,1063,1063,0.00540344369974818,0.019599824520772
0.166278684678667,0.139153555687616,1064,1064,0.00503852418522127,0.024638093749147
0.160128726022037,0.134945238834069,1065,1065,0.00745197438388746,0.0171864937133421
0.164910525609489,0.138184369563575,1066,1066,0.00577560171561285,0.0229614916552019
0.159830046908823,0.134900991632661,1067,1067,0.00604911848661693,0.0169171600310122
0.164227189859311,0.137779338396814,1068,1068,0.00525544919314558,0.0221693197737968
0.158483637735108,0.134172474701595,1069,1069,0.00678217197653679,0.0153992392459447
0.163505633684046,0.137276702722625,1070,1070,0.00590395417645575,0.0212899549460009
0.157630866901732,0.133242649106273,1071,1071,0.00712646289025453,0.0141639128789767
0.162237140874474,0.136510506398005,1072,1072,0.00564771203152976,0.0198116169926511
0.158735948980435,0.134234645780211,1073,1073,0.00417586951789874,0.0156398163941866
0.166263047618107,0.139195126482796,1074,1074,0.00901463158991896,0.0246490632300435
0.159893881007757,0.134887971928043,1075,1075,0.00768881419133749,0.0169616103382263
0.166655808297285,0.139336116521069,1076,1076,0.00809380324626932,0.0250519728900392
0.160609655062336,0.135560546591285,1077,1077,0.00712817629097176,0.0179350951267036
0.164532634177026,0.13832571355057,1078,1078,0.00479957429852019,0.0227344490186061
0.158983119180193,0.134609692402199,1079,1079,0.00667876709245209,0.0160606617343958
0.163944163591851,0.137944417148381,1080,1080,0.0059776542880337,0.0220340651024643
0.15722981862196,0.133252322939569,1081,1081,0.0081913476570753,0.0138440092448542
0.163019529222301,0.137015059698347,1082,1082,0.00690499360981347,0.0207417713214806
0.158051273544177,0.133592779779228,1083,1083,0.0060328736376637,0.0147093669347776
0.163989030533095,0.137202158363031,1084,1084,0.00694871008322136,0.0216459091424589
0.15891629098384,0.133783459073367,1085,1085,0.00611720453865408,0.0155287207563033
0.161770166198006,0.135786756447761,1086,1086,0.00348680428304854,0.0190151464542964
0.156343349706986,0.132076423273972,1087,1087,0.00657395691252402,0.0124411944010857
0.162316554393189,0.136358309106834,1088,1088,0.00734940273144306,0.0197892948767028
0.15936874632889,0.134496064784891,1089,1089,0.00348676444552201,0.0163065500446525
0.167330183201482,0.13951172196887,1090,1090,0.00940963835986616,0.0257074401211761
0.159977642077424,0.13437827262082,1091,1091,0.00896728293241405,0.0167413181633686
0.16535583402734,0.137911235798865,1092,1092,0.00643480982372916,0.023175965824849
0.159158255020625,0.134189909444834,1093,1093,0.00722898716126037,0.0159583304039423
0.163038417714899,0.136996850560104,1094,1094,0.00478900626003198,0.020746742704499
0.16039227785232,0.135071910405572,1095,1095,0.0032722241321248,0.0174750450059746
0.165927736986038,0.138685827735925,1096,1096,0.00661072660845136,0.0240834699588012
0.158905564180515,0.134096703988457,1097,1097,0.00838874053003175,0.015697849982268
0.163921297837866,0.137465277647517,1098,1098,0.00604192623407405,0.0217387938465348
0.159952376717184,0.134894953054564,1099,1099,0.00472852020988953,0.0170133747445653
0.164089614498999,0.137650785527282,1100,1100,0.00497105110423999,0.0219829151751208
0.157990697080582,0.133708891833526,1101,1101,0.00726190881032989,0.0147278422899303
0.161689749355591,0.135996814872271,1102,1102,0.0043494343959265,0.0190683595136321
0.157236747731123,0.132928833546413,1103,1103,0.00540756256397678,0.0136609773529382
0.164006765586816,0.137389532454049,1104,1104,0.00810746424666734,0.0217661006162599
0.161498214086469,0.135499556345847,1105,1105,0.00314083433492875,0.018628825654175
0.166097702025269,0.138579953192732,1106,1106,0.00553571441039548,0.024164504269174
0.161498231766479,0.135376907593222,1107,1107,0.00560487535758226,0.0185604527922812
0.166182899866414,0.138503898430943,1108,1108,0.00563242282732277,0.024192875562966
0.160913381405469,0.134754499424425,1109,1109,0.00646728828183178,0.0177294848426061
0.167525579992822,0.139489528926789,1110,1110,0.00813275319598754,0.0258569408061576
0.159948772498461,0.134404987932904,1111,1111,0.00912472295059376,0.0167322197994555
0.165817635415223,0.138367583154722,1112,1112,0.00708136376891603,0.0238135733559443
0.160889769568922,0.134919392731035,1113,1113,0.00601447246208251,0.0178004175256112
0.164889456065903,0.137676674943998,1114,1114,0.00485799313256555,0.022657845152527
0.16025614174713,0.134827600779275,1115,1115,0.00543919343033862,0.0172240165991235
0.164227666517222,0.137436137761402,1116,1116,0.00475157596872563,0.0219747625184951
0.158387250878491,0.133523990219111,1117,1117,0.00702960548151724,0.0149454476722614
0.161462055407011,0.136155674540218,1118,1118,0.00404724415554177,0.0189745783809386
0.156291324733795,0.132727991233737,1119,1119,0.00620366573442431,0.0127777570851904
0.161831636729018,0.136439812932608,1120,1120,0.00666878379681214,0.019440533992532
0.156749738130251,0.133038667126411,1121,1121,0.00611502135426843,0.0133309412079352
0.163039385735795,0.137302663467904,1122,1122,0.00759877172983805,0.0209248284463009
0.15785168147835,0.133734798639754,1123,1123,0.00629618415348991,0.0146308083285164
0.161626147035929,0.13624146794591,1124,1124,0.00453100223524225,0.0191578941110054
0.157501398915066,0.133195446382102,1125,1125,0.00512755247927739,0.0140309812481101
0.164547621906153,0.13794726819756,1126,1126,0.00849876867587227,0.0225281867034668
0.158569308621405,0.134095460794482,1127,1127,0.00711172623214672,0.0154232313281598
0.163222751090754,0.137130847122348,1128,1128,0.00555590649443866,0.0209746034690793
0.156908464179002,0.132888615402368,1129,1129,0.00760701972982402,0.0133702267793632
0.162363231929313,0.136528282719312,1130,1130,0.00655756581269775,0.019924910472519
0.157697096813654,0.133517890774295,1131,1131,0.0055529520599597,0.0143780309141797
0.163464746856688,0.136962590731921,1132,1132,0.00671801643470594,0.0210776573668575
0.158181076744747,0.133185866710655,1133,1133,0.00649467583368292,0.0145850692823842
0.162244587399917,0.135755629252396,1134,1134,0.00480788917983921,0.0193917175640439
0.159193827626714,0.133720591742566,1135,1135,0.0036672214086704,0.0157245454250997
0.164273394595966,0.137475290492232,1136,1136,0.00631662594237301,0.0220345967015314
0.160251373626262,0.134811947945076,1137,1137,0.00482390362717115,0.0172112229766582
0.165873646101213,0.138563753306214,1138,1138,0.0067591413101417,0.0239699402140859
0.160525728134822,0.134832534740368,1139,1139,0.00652090626840768,0.017449599477811
0.163939388959907,0.137310941943626,1140,1140,0.00421848106477626,0.0216660893707776
0.157394046425825,0.133060316107341,1141,1141,0.00780444289418226,0.0138652904371103
0.163009844323951,0.137035485190013,1142,1142,0.00688034557768964,0.0207456284583702
0.155044855768111,0.131568164120735,1143,1143,0.00966088206993788,0.0110863246690408
0.161574330374775,0.136161537114047,1144,1144,0.00798330220490022,0.0190692212243461
0.154806981610082,0.131289738281937,1145,1145,0.0083385510230218,0.0107307465302671
0.159904410434009,0.134653850780453,1146,1146,0.00610745720555383,0.0168358327812404
0.154939691651541,0.131059911949787,1147,1147,0.0061290153293619,0.010708940659075
0.159053777627151,0.133701648809495,1148,1148,0.0048892204951958,0.0155972915789108
0.155364483181323,0.131090584384291,1149,1149,0.00451979545340022,0.0110802569940379
0.160281042147906,0.134348901757462,1150,1150,0.00589823568333732,0.0169782665489995
0.156402425877448,0.131719263456833,1151,1151,0.00468600701723721,0.0122932622440859
0.162687751880431,0.135944508897442,1152,1152,0.00757350790566417,0.0198657981717103
0.158227784130032,0.133084029650779,1153,1153,0.00529845768645817,0.0145676308581456
0.163329588001656,0.136601022686982,1154,1154,0.0061965831521268,0.0207632515647646
0.157721902387354,0.132855702553469,1155,1155,0.00674340869674631,0.0140198428867251
0.165023364094355,0.137884304736748,1156,1156,0.00886556162780894,0.0228848452491627
0.15727423710339,0.132873690120418,1157,1157,0.00922795903520774,0.0136600825893844
0.164447336360339,0.137605014186588,1158,1158,0.0085929494569184,0.0222513883157625
0.159647224296102,0.134513658140183,1159,1159,0.00570942711967446,0.0165446080727262
0.163116433830668,0.136970697667785,1160,1160,0.0042511713720953,0.0207956496184202
0.154863509342943,0.131241609819311,1161,1161,0.0100465521536316,0.0107491558001206
0.161768722588789,0.135835967932982,1162,1162,0.0082939795301932,0.0190417340325011
0.155257941369754,0.131502316297103,1163,1163,0.00782117693082672,0.0112217893699859
0.160530972217035,0.135314992522329,1164,1164,0.00650702346044557,0.0177283094767911
0.153671216120903,0.130539655377642,1165,1165,0.00835823537260416,0.00937058076801205
0.157700068077946,0.133177556328553,1166,1166,0.00481561725208622,0.0141831795438082
0.153129244276293,0.130042655871532,1167,1167,0.00554256538988873,0.00864085793528631
0.158488558378281,0.133723506935894,1168,1168,0.00650160843190239,0.0151422269223642
0.154277325237458,0.130892254391838,1169,1169,0.00507449263814526,0.0100687612593019
0.16064170326201,0.135302799421445,1170,1170,0.00774326901880534,0.0178117863919801
0.156123990213466,0.132110299704447,1171,1171,0.00553188807117552,0.0122799394168439
0.162291122508701,0.136397406373697,1172,1172,0.00751084578063301,0.0197907631621012
0.157310809026686,0.132935323473009,1173,1173,0.00606543818618011,0.0137253409011405
0.162424501706818,0.13643283737895,1174,1174,0.00619535764496919,0.0199204701642324
0.157151733418489,0.132688230136437,1175,1175,0.00646716080077505,0.01345383965199
0.162457891061102,0.136398372217103,1176,1176,0.0064746013921308,0.0199282920459338
0.156421597497689,0.132279027885703,1177,1177,0.00730792978238918,0.0126205555737296
0.161581109976968,0.135318350177392,1178,1178,0.00598815906740834,0.0185971014493348
0.156165972809292,0.131689647713692,1179,1179,0.00651852683624191,0.0120788021754257
0.158478244283858,0.133317744237645,1180,1180,0.00282794937426434,0.0149054681238219
0.153612779188102,0.130274016698942,1181,1181,0.00573907901390864,0.00916987712468669
0.158222406855838,0.133392677620104,1182,1182,0.00556549307576132,0.0147352404803664
0.150612361832769,0.128102016431076,1183,1183,0.00926843466126966,0.00546747304171036
0.159355263711421,0.134154303410167,1184,1184,0.0106333678078495,0.0161002755859074
0.154758776213611,0.131080972103448,1185,1185,0.00552929133238496,0.0105714172062262
0.161238536978992,0.135358948475663,1186,1186,0.00776455931896965,0.0183349624401921
0.153270946790102,0.130201174876046,1187,1187,0.00949131823947534,0.00884809931968914
0.159070595809404,0.134056425133432,1188,1188,0.00696411396332401,0.0158102241334746
0.155588109413214,0.131550757121999,1189,1189,0.00429023119227411,0.0115210726336343
0.161563521481765,0.135745355859985,1190,1190,0.00730069914197891,0.0188212931041001
0.156666947192392,0.132361653103539,1191,1191,0.00595196472732511,0.0128693394020991
0.160841915392433,0.135079280122721,1192,1192,0.00498155157423272,0.0178497393559827
0.15662738822799,0.131980231695692,1193,1193,0.00523128477268232,0.0126240096305597
0.160912399992399,0.134951688260748,1194,1194,0.00521448750493538,0.0178371435117489
0.154892154105161,0.130913772298002,1195,1195,0.00724900861256175,0.0105882164740622
0.158749323559612,0.133649997388102,1196,1196,0.00472913141539171,0.0153156373587873
0.152148683150802,0.129159291382545,1197,1197,0.00798341369557955,0.00733228793950144
0.156794296645561,0.132320862411935,1198,1198,0.00561936438723841,0.0129515961996903
0.152639154745119,0.12954980994877,1199,1199,0.00499439044993634,0.00795735341144508
0.15793868514244,0.133195427702326,1200,1200,0.00643238301387343,0.0143896988676312
0.150890255828121,0.128491064335709,1201,1201,0.0084741601639408,0.0059168999369278
0.158330932094193,0.133358382867187,1202,1202,0.00889125710928169,0.0148056989230731
0.151467440042343,0.128479303484676,1203,1203,0.00842098205476338,0.00639026159185356
0.157373262505803,0.132637211291414,1204,1204,0.00722266822574868,0.0136085739181061
0.151273512283398,0.128533374358419,1205,1205,0.00735176375765349,0.00625686398361937
0.155577768668906,0.131313359817701,1206,1206,0.00512395766824865,0.0113805792248452
0.148495541622477,0.12643434540565,1207,1207,0.00860015822936794,0.00278936862087233
0.15386266415672,0.130163447340025,1208,1208,0.00653545756122275,0.00931578703311686
0.147898122689612,0.126216713107858,1209,1209,0.00715209521834036,0.00216426136083419
0.153140534530785,0.129775170377132,1210,1210,0.00633604766788505,0.00849914607535555
0.146114043264784,0.124966304411013,1211,1211,0.00851450359042061,0.000115833922985091
0.151095405677303,0.128219409439095,1212,1212,0.0059495095435336,0.00593697966950498
0.14682706106962,0.125198033676175,1213,1213,0.00522948154129064,0.000775124056210247
0.152989299599899,0.129348084424095,1214,1214,0.00742940811332661,0.00814130991803413
0.14870076855415,0.126560012077206,1215,1215,0.00511515844738363,0.00302985084564146
0.155117587678079,0.130994117619976,1216,1216,0.00779979869186627,0.0108207023751253
0.150080833796689,0.127602146278995,1217,1217,0.00607242614115064,0.00474950704122213
0.155551871663138,0.131396333759123,1218,1218,0.00665793616449382,0.011404752019244
0.151138937811037,0.128242995108688,1219,1219,0.00542379293735895,0.0059863943462227
0.157558000800769,0.132912010618375,1220,1220,0.0079375106611487,0.0139154895954657
0.151210931927901,0.128427803086902,1221,1221,0.00777131909409523,0.00614653996349902
0.159280690152471,0.133798582495541,1222,1222,0.00969362002862057,0.0158399970105851
0.154251486612157,0.13044276612876,1223,1223,0.00604602280325367,0.00979408707088648
0.157906507436975,0.132648125604751,1224,1224,0.00426881571963426,0.0140607848447397
0.151318177175246,0.128091400059461,1225,1225,0.0080106081749587,0.00606216101017019
0.157345018207481,0.132179930596437,1226,1226,0.00728278070379819,0.0133358033547892
0.151183887194468,0.127932694133363,1227,1227,0.00748321808667685,0.00586706592942383
0.157698094137612,0.132492626789279,1228,1228,0.00795159593569734,0.0138014369929415
0.151468460772296,0.128337860095673,1229,1229,0.00748801830557108,0.00631680761586638
0.15789049017333,0.132621965908181,1230,1230,0.00771984612803336,0.0140332005405711
0.152569805288709,0.129128821485861,1231,1231,0.00636488378500496,0.00766925778853857
0.157497239171464,0.132617543235502,1232,1232,0.00603744847724097,0.0137009453251482
0.152177298044554,0.128982989750495,1233,1233,0.00644296147972091,0.00725953049981503
0.158664263636437,0.13361815992907,1234,1234,0.00797279908028724,0.0152273570384796
0.152993146269848,0.129632654556986,1235,1235,0.00693150959434797,0.00829758998830067
0.159014299522363,0.133833625182153,1236,1236,0.00734182815678717,0.0156380009048396
0.15247418071309,0.129393888711044,1237,1237,0.00790470834201343,0.00773331096948322
0.158810106462946,0.13379120639868,1238,1238,0.00771235100042037,0.015445315870699
0.150505364568709,0.128321701865483,1239,1239,0.00994405439288097,0.00550558702150932
0.155732369312508,0.13183925828895,1240,1240,0.00630037949523464,0.0118036788222136
0.149248857533108,0.12748077033773,1241,1241,0.00781231989965469,0.0039954813812098
0.154216628044078,0.13083368118715,1242,1242,0.00599339261302179,0.00998537910305966
0.148792134862452,0.127174950819775,1243,1243,0.0065430447177644,0.0034468854174125
0.152957644535612,0.130036137261601,1244,1244,0.00505349964797437,0.00849728238226417
0.1471559599998,0.126080178452678,1245,1245,0.00702204767507108,0.0014885590038486
0.152575890890714,0.129722655348687,1246,1246,0.0065301829071044,0.00800436347201818
0.146983138118533,0.125975281781243,1247,1247,0.00673213875560516,0.0012910626322231
0.153556444066341,0.130464920678754,1248,1248,0.00796022666219562,0.0092337688611856
0.148519192759393,0.127117765246524,1249,1249,0.00604792114836534,0.00319812823500725
0.155009800485236,0.131461982103867,1250,1250,0.00781026304002623,0.0109958803465676
0.15005401393796,0.128243370595816,1251,1251,0.00590925378892495,0.00509915864111821
0.156753559118323,0.132628344817708,1252,1252,0.00800699097978605,0.0130929240724012
0.150283592400681,0.128376688012684,1253,1253,0.00774190253846555,0.00536196869014401
0.156644893415759,0.132671900899323,1254,1254,0.00767561100799041,0.0130297082142667
0.151439216723307,0.12917240992934,1255,1255,0.00627259969034607,0.0067629481055259
0.156129012645378,0.132242172757109,1256,1256,0.00560514313906625,0.0123601062054244
0.149063573938364,0.127349951226397,1257,1257,0.00859384987232881,0.00376879980656776
0.154471149554965,0.131028835898914,1258,1258,0.00654034146531643,0.0103058729785117
0.148175726350134,0.126718589862128,1259,1259,0.00762958545568256,0.00268011664858151
0.153117532739666,0.130171710248673,1260,1260,0.00602872215279451,0.00870627140017547
0.147497478207544,0.126318801071723,1261,1261,0.00681395054794535,0.00190217628755111
0.151865233619589,0.129250221814448,1262,1262,0.00526027707543256,0.00715153942771111
0.146822653420521,0.125930965025369,1263,1263,0.00603697612185711,0.00114841487763106
0.152641276694012,0.129911208633428,1264,1264,0.00704973162455873,0.00816798251072846
0.147174762310269,0.126144924426226,1265,1265,0.00663834890895987,0.00154669656737146
0.153186937656407,0.130251262920107,1266,1266,0.00728067773074994,0.00880916016639033
0.148255253301572,0.126931342715439,1267,1267,0.00594502991927651,0.00287613834771668
0.154193694712145,0.130991845298303,1268,1268,0.00719393964474684,0.0100589527196088
0.148781992165013,0.127313026270287,1269,1269,0.0065437171316863,0.00352506454731495
0.154627429453549,0.131393376080959,1270,1270,0.00712870196260536,0.0106461697425539
0.149036739483519,0.127448921660084,1271,1271,0.0068421148060639,0.003808488876176
0.153962709152691,0.130869614507852,1272,1272,0.00599719240481608,0.00980034872379047
0.147619138877429,0.126573551907624,1273,1273,0.00766139920003372,0.00216410388578537
0.152273540071776,0.129589564825621,1274,1274,0.00554615041262547,0.00768127073764651
0.146822653420521,0.125930965025369,1275,1275,0.0065648699745866,0.00114841487763106
0.15166337843144,0.129168422807948,1276,1276,0.00582355145296392,0.00694013646887501
0.14602309898225,0.125285788995057,1277,1277,0.00684745190490326,0.000219296440785643
0.151462040713064,0.129049246441771,1278,1278,0.0066140531525244,0.0067073149851651
0.146293157729631,0.125481943118332,1279,1279,0.00628036657352451,0.000472023020821177
0.152158888992287,0.129489551694231,1280,1280,0.00710406431159802,0.00752973189652242
0.147281015792561,0.126240383614819,1281,1281,0.00586095044859441,0.00168944647090532
0.153186937656407,0.130251262920107,1282,1282,0.00713912220538684,0.00880916016639033
0.147952075611825,0.126636058392384,1283,1283,0.00636187742754256,0.002454084435237
0.153584818314502,0.130491488850374,1284,1284,0.00682584312528206,0.00927232046106838
0.148353869724561,0.126884083107527,1285,1285,0.00635422688799584,0.0029224430929115
0.154231767444977,0.131072839166813,1286,1286,0.00721771147496724,0.0101375017518015
0.149154016484486,0.127526753385425,1287,1287,0.00619340610534593,0.00394870886351337
0.153611007302957,0.130648509085567,1288,1288,0.00544151870412213,0.00938604344583947
0.147003451506343,0.126040694147121,1289,1289,0.00805554170198006,0.0013517977999157
0.152447716774846,0.129796415781839,1290,1290,0.00661403578092247,0.00794407822040554
0.146822653420521,0.125930965025369,1291,1291,0.00682517745489917,0.00114841487763106
0.152244263837135,0.1296761309759,1292,1292,0.00658939507895461,0.00770902543809437
0.146632044506287,0.125815591400081,1293,1293,0.00681181118602135,0.000938133663131481
0.151462040713064,0.129049246441771,1294,1294,0.00581251996006249,0.0067073149851651
0.146293157729631,0.125481943118332,1295,1295,0.00628036657352451,0.000472023020821177
0.152158888992287,0.129489551694231,1296,1296,0.00710406431159802,0.00752973189652242
0.147189438529344,0.126142012936329,1297,1297,0.00599178217555506,0.00155527515566551
0.15370073817537,0.130673680420336,1298,1298,0.00793303430384188,0.00947322466114157
0.148255253301572,0.126931342715439,1299,1299,0.00660745011394357,0.00287613834771668
0.154393808743985,0.131273932505153,1300,1300,0.00751930508765997,0.0103873655872346
0.148164692350816,0.126919721263169,1301,1301,0.0076000688536006,0.00280001861222685
0.154393808743985,0.131273932505153,1302,1302,0.0076000688536006,0.0103873655872346
0.148523372005121,0.12713306764421,1303,1303,0.00718392575835804,0.00321114911568844
0.154259818043389,0.131072247365016,1304,1304,0.00695873192634843,0.0101597699633318
0.147798157248035,0.126671082698043,1305,1305,0.0078181398465385,0.00236124635445556
0.152953688403601,0.130103571965931,1306,1306,0.00619366483353545,0.00853367361167281
0.147001078226963,0.126028426372671,1307,1307,0.0072139018236508,0.00134135483453181
0.152166655462226,0.129585964410967,1308,1308,0.00627210212507606,0.00759296381723556
0.146722056115237,0.125807464581938,1309,1309,0.00662727115841787,0.000989274397981365
0.151462040713064,0.129049246441771,1310,1310,0.00574252589148521,0.0067073149851651
0.14602309898225,0.125285788995057,1311,1311,0.0066140531525244,0.000219296440785643
0.151854793396816,0.129282074668988,1312,1312,0.00706957982715651,0.00716175794663846
0.147003451506343,0.126040694147121,1313,1313,0.0058345578946303,0.0013517977999157
0.153000086898812,0.130124900074447,1314,1314,0.00725536863894711,0.00858372750383546
0.147336876032593,0.126243787249418,1315,1315,0.00686549299583525,0.00173247022410285
0.152641276694012,0.129911208633428,1316,1316,0.00644877088946083,0.00816798251072846
0.146822653420521,0.125930965025369,1317,1317,0.00704973162455873,0.00114841487763106
0.150876118367591,0.128537984574331,1318,1318,0.00481945318535129,0.00593267487674032
0.145034357140317,0.124525084848237,1319,1319,0.00708728004584055,0.00116371779232037
0.150676925603005,0.12841993661347,1320,1320,0.00685627078879344,0.0057020906292347
0.144230859366724,0.123875898224065,1321,1321,0.00788670113589329,0.00218660177589701
0.14988888306017,0.127788172137478,1322,1322,0.00687888939358397,0.00469347556638061
0.144230859366724,0.123875898224065,1323,1323,0.00687888939358397,0.00218660177589701
0.14988888306017,0.127788172137478,1324,1324,0.00687888939358397,0.00469347556638061
0.144331457554813,0.123935097423296,1325,1325,0.0067624820148125,0.002070007103219
0.14988888306017,0.127788172137478,1326,1326,0.0067624820148125,0.00469347556638061
0.145135570347716,0.12458453916143,1327,1327,0.00573212403805105,0.00104645891150743
0.15081196713244,0.12849326883419,1328,1328,0.00689199884738382,0.0058544868110166
0.145195770284819,0.124570441626867,1329,1329,0.00685056496427429,0.00100048880799901
0.151058093923276,0.128591233325023,1330,1330,0.00710869920041483,0.00611177560880694
0.145373571326991,0.124678344318443,1331,1331,0.00690105046536381,0.000792574395987728
0.150795328778232,0.128445793975593,1332,1332,0.00660220650837672,0.00581330120725342
0.145321648415953,0.124697376722301,1333,1333,0.00663413962870716,0.000829379947093778
0.150795328778232,0.128445793975593,1334,1334,0.00663413962870716,0.00581330120725342
0.144414620554437,0.123987534297985,1335,1335,0.00778392682328064,0.00197170903356309
0.150382994856775,0.128109991827225,1336,1336,0.0072536989111204,0.00528272212364498
0.144230859366724,0.123875898224065,1337,1337,0.0074683545529288,0.00218660177589701
0.14988888306017,0.127788172137478,1338,1338,0.00687888939358397,0.00469347556638061
0.144230859366724,0.123875898224065,1339,1339,0.00687888939358397,0.00218660177589701
0.14988888306017,0.127788172137478,1340,1340,0.00687888939358397,0.00469347556638061
0.144230859366724,0.123875898224065,1341,1341,0.00687888939358397,0.00218660177589701
0.14988888306017,0.127788172137478,1342,1342,0.00687888939358397,0.00469347556638061
0.144414620554437,0.123987534297985,1343,1343,0.00666426274757077,0.00197170903356309
0.150085900285584,0.127905071143773,1344,1344,0.00689278671707031,0.00492182672840068
0.144876980806543,0.124192742424676,1345,1345,0.00639642295801051,0.00147490253223935
0.150481510727752,0.128076873917754,1346,1346,0.00681888796602886,0.00534489141578105
0.144893089894437,0.124199535222714,1347,1347,0.00680177938235928,0.00145791853876727
0.150279386690788,0.127957933112716,1348,1348,0.00656793330340339,0.00511089575763851
0.144720083224471,0.124122576400214,1349,1349,0.00675394818922565,0.00164317623323575
0.150279386690788,0.127957933112716,1350,1350,0.00675394818922565,0.00511089575763851
0.144537132314718,0.124011747607423,1351,1351,0.006967486301507,0.00185661556002432
0.150083411758448,0.12787803201895,1352,1352,0.00676087056663287,0.00490426137782069
0.143729666311283,0.123360140986067,1353,1353,0.00779624400544111,0.00289245924103061
0.149979243936665,0.127602949411844,1354,1354,0.00755371721958936,0.00466430875158991
0.144827057877888,0.123903787475616,1355,1355,0.00634261934966099,0.00169903498745721
0.150574783137027,0.127945495115439,1356,1356,0.00702650313458654,0.00535052287762204
0.144999114158031,0.124076926929182,1357,1357,0.00678630270287602,0.00145508903404579
0.150569769179962,0.127942586642646,1358,1358,0.00678052522992603,0.00534473146469785
0.14520787243913,0.124151437108367,1359,1359,0.00656679156442586,0.00125475315774467
0.149639464463191,0.127387029047895,1360,1360,0.00548708147076989,0.00426174138953383
0.14323248564789,0.123107748656254,1361,1361,0.00770464912958359,0.00344385106612843
0.14889265813029,0.127032399995186,1362,1362,0.00688770213225689,0.00344385106612847
0.14323248564789,0.123107748656254,1363,1363,0.00688770213225689,0.00344385106612843
0.14889265813029,0.127032399995186,1364,1364,0.00688770213225689,0.00344385106612847
0.14323248564789,0.123107748656254,1365,1365,0.00688770213225689,0.00344385106612843
0.14889265813029,0.127032399995186,1366,1366,0.00688770213225689,0.00344385106612847
0.14323248564789,0.123107748656254,1367,1367,0.00688770213225689,0.00344385106612843
0.14889265813029,0.127032399995186,1368,1368,0.00688770213225689,0.00344385106612847
0.14323248564789,0.123107748656254,1369,1369,0.00688770213225689,0.00344385106612843
0.14889265813029,0.127032399995186,1370,1370,0.00688770213225689,0.00344385106612847
0.14323248564789,0.123107748656254,1371,1371,0.00688770213225689,0.00344385106612843
0.14889265813029,0.127032399995186,1372,1372,0.00688770213225689,0.00344385106612847
0.14323248564789,0.123107748656254,1373,1373,0.00688770213225689,0.00344385106612843
0.14889265813029,0.127032399995186,1374,1374,0.00688770213225689,0.00344385106612847
0.14323248564789,0.123107748656254,1375,1375,0.00688770213225689,0.00344385106612843
0.14889265813029,0.127032399995186,1376,1376,0.00688770213225689,0.00344385106612847
0.14323248564789,0.123107748656254,1377,1377,0.00688770213225689,0.00344385106612843
0.14889265813029,0.127032399995186,1378,1378,0.00688770213225689,0.00344385106612847
0.14323248564789,0.123107748656254,1379,1379,0.00688770213225689,0.00344385106612843
0.14889265813029,0.127032399995186,1380,1380,0.00688770213225689,0.00344385106612847
0.14323248564789,0.123107748656254,1381,1381,0.00688770213225689,0.00344385106612843
0.14889265813029,0.127032399995186,1382,1382,0.00688770213225689,0.00344385106612847
0.14323248564789,0.123107748656254,1383,1383,0.00688770213225689,0.00344385106612843
0.14889265813029,0.127032399995186,1384,1384,0.00688770213225689,0.00344385106612847
0.14323248564789,0.123107748656254,1385,1385,0.00688770213225689,0.00344385106612843
0.14889265813029,0.127032399995186,1386,1386,0.00688770213225689,0.00344385106612847
0.14323248564789,0.123107748656254,1387,1387,0.00688770213225689,0.00344385106612843
0.14889265813029,0.127032399995186,1388,1388,0.00688770213225689,0.00344385106612847
0.14323248564789,0.123107748656254,1389,1389,0.00688770213225689,0.00344385106612843
0.14889265813029,0.127032399995186,1390,1390,0.00688770213225689,0.00344385106612847
0.14323248564789,0.123107748656254,1391,1391,0.00688770213225689,0.00344385106612843
0.14889265813029,0.127032399995186,1392,1392,0.00688770213225689,0.00344385106612847
0.14323248564789,0.123107748656254,1393,1393,0.00688770213225689,0.00344385106612843
0.14889265813029,0.127032399995186,1394,1394,0.00688770213225689,0.00344385106612847
0.14323248564789,0.123107748656254,1395,1395,0.00688770213225689,0.00344385106612843
0.14889265813029,0.127032399995186,1396,1396,0.00688770213225689,0.00344385106612847
0.14323248564789,0.123107748656254,1397,1397,0.00688770213225689,0.00344385106612843
0.14889265813029,0.127032399995186,1398,1398,0.00688770213225689,0.00344385106612847
0.14323248564789,0.123107748656254,1399,1399,0.00688770213225689,0.00344385106612843
0.14889265813029,0.127032399995186,1400,1400,0.00688770213225689,0.00344385106612847
0.14323248564789,0.123107748656254,1401,1401,0.00688770213225689,0.00344385106612843
0.14889265813029,0.127032399995186,1402,1402,0.00688770213225689,0.00344385106612847
0.14323248564789,0.123107748656254,1403,1403,0.00688770213225689,0.00344385106612843
0.14889265813029,0.127032399995186,1404,1404,0.00688770213225689,0.00344385106612847
0.14323248564789,0.123107748656254,1405,1405,0.00688770213225689,0.00344385106612843
0.14889265813029,0.127032399995186,1406,1406,0.00688770213225689,0.00344385106612847
0.14323248564789,0.123107748656254,1407,1407,0.00688770213225689,0.00344385106612843
0.14889265813029,0.127032399995186,1408,1408,0.00688770213225689,0.00344385106612847
0.14323248564789,0.123107748656254,1409,1409,0.00688770213225689,0.00344385106612843
0.14889265813029,0.127032399995186,1410,1410,0.00688770213225689,0.00344385106612847
0.14323248564789,0.123107748656254,1411,1411,0.00688770213225689,0.00344385106612843
0.14889265813029,0.127032399995186,1412,1412,0.00688770213225689,0.00344385106612847
0.14323248564789,0.123107748656254,1413,1413,0.00688770213225689,0.00344385106612843
0.14889265813029,0.127032399995186,1414,1414,0.00688770213225689,0.00344385106612847
0.14323248564789,0.123107748656254,1415,1415,0.00688770213225689,0.00344385106612843
0.14889265813029,0.127032399995186,1416,1416,0.00688770213225689,0.00344385106612847
0.14323248564789,0.123107748656254,1417,1417,0.00688770213225689,0.00344385106612843
0.14889265813029,0.127032399995186,1418,1418,0.00688770213225689,0.00344385106612847
0.14323248564789,0.123107748656254,1419,1419,0.00688770213225689,0.00344385106612843
0.14889265813029,0.127032399995186,1420,1420,0.00688770213225689,0.00344385106612847
0.14323248564789,0.123107748656254,1421,1421,0.00688770213225689,0.00344385106612843
0.14889265813029,0.127032399995186,1422,1422,0.00688770213225689,0.00344385106612847
0.14323248564789,0.123107748656254,1423,1423,0.00688770213225689,0.00344385106612843
0.14889265813029,0.127032399995186,1424,1424,0.00688770213225689,0.00344385106612847
0.14323248564789,0.123107748656254,1425,1425,0.00688770213225689,0.00344385106612843
0.14889265813029,0.127032399995186,1426,1426,0.00688770213225689,0.00344385106612847
0.14323248564789,0.123107748656254,1427,1427,0.00688770213225689,0.00344385106612843
0.14889265813029,0.127032399995186,1428,1428,0.00688770213225689,0.00344385106612847
0.14323248564789,0.123107748656254,1429,1429,0.00688770213225689,0.00344385106612843
0.14889265813029,0.127032399995186,1430,1430,0.00688770213225689,0.00344385106612847
0.14323248564789,0.123107748656254,1431,1431,0.00688770213225689,0.00344385106612843
0.14889265813029,0.127032399995186,1432,1432,0.00688770213225689,0.00344385106612847
0.14323248564789,0.123107748656254,1433,1433,0.00688770213225689,0.00344385106612843
0.14889265813029,0.127032399995186,1434,1434,0.00688770213225689,0.00344385106612847
0.14323248564789,0.123107748656254,1435,1435,0.00688770213225689,0.00344385106612843
0.14889265813029,0.127032399995186,1436,1436,0.00688770213225689,0.00344385106612847
0.14323248564789,0.123107748656254,1437,1437,0.00688770213225689,0.00344385106612843
0.14889265813029,0.127032399995186,1438,1438,0.00688770213225689,0.00344385106612847
0.14323248564789,0.123107748656254,1439,1439,0.00688770213225689,0.00344385106612843
0.14889265813029,0.127032399995186,1440,1440,0.00688770213225689,0.00344385106612847
0.14323248564789,0.123107748656254,1441,1441,0.00688770213225689,0.00344385106612843
0.14889265813029,0.127032399995186,1442,1442,0.00688770213225689,0.00344385106612847
0.14323248564789,0.123107748656254,1443,1443,0.00688770213225689,0.00344385106612843
0.14889265813029,0.127032399995186,1444,1444,0.00688770213225689,0.00344385106612847
0.14323248564789,0.123107748656254,1445,1445,0.00688770213225689,0.00344385106612843
0.14889265813029,0.127032399995186,1446,1446,0.00688770213225689,0.00344385106612847
0.14323248564789,0.123107748656254,1447,1447,0.00688770213225689,0.00344385106612843
0.14889265813029,0.127032399995186,1448,1448,0.00688770213225689,0.00344385106612847
0.14323248564789,0.123107748656254,1449,1449,0.00688770213225689,0.00344385106612843
0.14889265813029,0.127032399995186,1450,1450,0.00688770213225689,0.00344385106612847
0.14323248564789,0.123107748656254,1451,1451,0.00688770213225689,0.00344385106612843
0.14889265813029,0.127032399995186,1452,1452,0.00688770213225689,0.00344385106612847
0.14323248564789,0.123107748656254,1453,1453,0.00688770213225689,0.00344385106612843
0.14889265813029,0.127032399995186,1454,1454,0.00688770213225689,0.00344385106612847
0.14323248564789,0.123107748656254,1455,1455,0.00688770213225689,0.00344385106612843
0.14889265813029,0.127032399995186,1456,1456,0.00688770213225689,0.00344385106612847
0.14323248564789,0.123107748656254,1457,1457,0.00688770213225689,0.00344385106612843
0.14889265813029,0.127032399995186,1458,1458,0.00688770213225689,0.00344385106612847
0.14323248564789,0.123107748656254,1459,1459,0.00688770213225689,0.00344385106612843
0.14889265813029,0.127032399995186,1460,1460,0.00688770213225689,0.00344385106612847
0.14323248564789,0.123107748656254,1461,1461,0.00688770213225689,0.00344385106612843
0.14889265813029,0.127032399995186,1462,1462,0.00688770213225689,0.00344385106612847
0.14323248564789,0.123107748656254,1463,1463,0.00688770213225689,0.00344385106612843
0.14889265813029,0.127032399995186,1464,1464,0.00688770213225689,0.00344385106612847
0.14323248564789,0.123107748656254,1465,1465,0.00688770213225689,0.00344385106612843
0.14889265813029,0.127032399995186,1466,1466,0.00688770213225689,0.00344385106612847
0.14323248564789,0.123107748656254,1467,1467,0.00688770213225689,0.00344385106612843
0.14889265813029,0.127032399995186,1468,1468,0.00688770213225689,0.00344385106612847
0.14323248564789,0.123107748656254,1469,1469,0.00688770213225689,0.00344385106612843
0.14889265813029,0.127032399995186,1470,1470,0.00688770213225689,0.00344385106612847
0.14323248564789,0.123107748656254,1471,1471,0.00688770213225689,0.00344385106612843
0.14889265813029,0.127032399995186,1472,1472,0.00688770213225689,0.00344385106612847
0.14323248564789,0.123107748656254,1473,1473,0.00688770213225689,0.00344385106612843
0.14889265813029,0.127032399995186,1474,1474,0.00688770213225689,0.00344385106612847
0.14323248564789,0.123107748656254,1475,1475,0.00688770213225689,0.00344385106612843
0.14889265813029,0.127032399995186,1476,1476,0.00688770213225689,0.00344385106612847
0.14323248564789,0.123107748656254,1477,1477,0.00688770213225689,0.00344385106612843
0.14889265813029,0.127032399995186,1478,1478,0.00688770213225689,0.00344385106612847
0.14323248564789,0.123107748656254,1479,1479,0.00688770213225689,0.00344385106612843
0.14889265813029,0.127032399995186,1480,1480,0.00688770213225689,0.00344385106612847
0.14323248564789,0.123107748656254,1481,1481,0.00688770213225689,0.00344385106612843
0.14889265813029,0.127032399995186,1482,1482,0.00688770213225689,0.00344385106612847
0.14323248564789,0.123107748656254,1483,1483,0.00688770213225689,0.00344385106612843
0.14889265813029,0.127032399995186,1484,1484,0.00688770213225689,0.00344385106612847
0.14323248564789,0.123107748656254,1485,1485,0.00688770213225689,0.00344385106612843
0.14889265813029,0.127032399995186,1486,1486,0.00688770213225689,0.00344385106612847
0.14323248564789,0.123107748656254,1487,1487,0.00688770213225689,0.00344385106612843
0.14889265813029,0.127032399995186,1488,1488,0.00688770213225689,0.00344385106612847
0.14323248564789,0.123107748656254,1489,1489,0.00688770213225689,0.00344385106612843
0.14889265813029,0.127032399995186,1490,1490,0.00688770213225689,0.00344385106612847
0.14323248564789,0.123107748656254,1491,1491,0.00688770213225689,0.00344385106612843
0.14889265813029,0.127032399995186,1492,1492,0.00688770213225689,0.00344385106612847
0.14323248564789,0.123107748656254,1493,1493,0.00688770213225689,0.00344385106612843
0.14889265813029,0.127032399995186,1494,1494,0.00688770213225689,0.00344385106612847
0.14323248564789,0.123107748656254,1495,1495,0.00688770213225689,0.00344385106612843
0.14889265813029,0.127032399995186,1496,1496,0.00688770213225689,0.00344385106612847
0.14323248564789,0.123107748656254,1497,1497,0.00688770213225689,0.00344385106612843
0.14889265813029,0.127032399995186,1498,1498,0.00688770213225689,0.00344385106612847
0.14323248564789,0.123107748656254,1499,1499,0.00688770213225689,0.00344385106612843
0.14889265813029,0.127032399995186,1500,1500,0.00688770213225689,0.00344385106612847
0.14323248564789,0.123107748656254,1501,1501,0.00688770213225689,0.00344385106612843
0.14889265813029,0.127032399995186,1502,1502,0.00688770213225689,0.00344385106612847
0.14323248564789,0.123107748656254,1503,1503,0.00688770213225689,0.00344385106612843
0.14889265813029,0.127032399995186,1504,1504,0.00688770213225689,0.00344385106612847
0.14323248564789,0.123107748656254,1505,1505,0.00688770213225689,0.00344385106612843
0.14889265813029,0.127032399995186,1506,1506,0.00688770213225689,0.00344385106612847
0.14323248564789,0.123107748656254,1507,1507,0.00688770213225689,0.00344385106612843
0.14889265813029,0.127032399995186,1508,1508,0.00688770213225689,0.00344385106612847
0.14323248564789,0.123107748656254,1509,1509,0.00688770213225689,0.00344385106612843
0.14889265813029,0.127032399995186,1510,1510,0.00688770213225689,0.00344385106612847
0.14323248564789,0.123107748656254,1511,1511,0.00688770213225689,0.00344385106612843
0.14889265813029,0.127032399995186,1512,1512,0.00688770213225689,0.00344385106612847
0.14323248564789,0.123107748656254,1513,1513,0.00688770213225689,0.00344385106612843
0.14889265813029,0.127032399995186,1514,1514,0.00688770213225689,0.00344385106612847
0.14323248564789,0.123107748656254,1515,1515,0.00688770213225689,0.00344385106612843
0.14889265813029,0.127032399995186,1516,1516,0.00688770213225689,0.00344385106612847
0.14323248564789,0.123107748656254,1517,1517,0.00688770213225689,0.00344385106612843
0.14889265813029,0.127032399995186,1518,1518,0.00688770213225689,0.00344385106612847
0.14323248564789,0.123107748656254,1519,1519,0.00688770213225689,0.00344385106612843
0.14889265813029,0.127032399995186,1520,1520,0.00688770213225689,0.00344385106612847
0.14323248564789,0.123107748656254,1521,1521,0.00688770213225689,0.00344385106612843
0.14889265813029,0.127032399995186,1522,1522,0.00688770213225689,0.00344385106612847
0.14323248564789,0.123107748656254,1523,1523,0.00688770213225689,0.00344385106612843
0.14889265813029,0.127032399995186,1524,1524,0.00688770213225689,0.00344385106612847
0.14323248564789,0.123107748656254,1525,1525,0.00688770213225689,0.00344385106612843
0.14889265813029,0.127032399995186,1526,1526,0.00688770213225689,0.00344385106612847
0.14323248564789,0.123107748656254,1527,1527,0.00688770213225689,0.00344385106612843
0.14889265813029,0.127032399995186,1528,1528,0.00688770213225689,0.00344385106612847
0.14323248564789,0.123107748656254,1529,1529,0.00688770213225689,0.00344385106612843
0.14889265813029,0.127032399995186,1530,1530,0.00688770213225689,0.00344385106612847
0.14323248564789,0.123107748656254,1531,1531,0.00688770213225689,0.00344385106612843
0.14889265813029,0.127032399995186,1532,1532,0.00688770213225689,0.00344385106612847
0.14323248564789,0.123107748656254,1533,1533,0.00688770213225689,0.00344385106612843
0.14889265813029,0.127032399995186,1534,1534,0.00688770213225689,0.00344385106612847
0.14323248564789,0.123107748656254,1535,1535,0.00688770213225689,0.00344385106612843
0.14889265813029,0.127032399995186,1536,1536,0.00688770213225689,0.00344385106612847
0.14323248564789,0.123107748656254,1537,1537,0.00688770213225689,0.00344385106612843
0.14889265813029,0.127032399995186,1538,1538,0.00688770213225689,0.00344385106612847
0.14323248564789,0.123107748656254,1539,1539,0.00688770213225689,0.00344385106612843
0.14889265813029,0.127032399995186,1540,1540,0.00688770213225689,0.00344385106612847
0.14323248564789,0.123107748656254,1541,1541,0.00688770213225689,0.00344385106612843
0.14889265813029,0.127032399995186,1542,1542,0.00688770213225689,0.00344385106612847
0.14323248564789,0.123107748656254,1543,1543,0.00688770213225689,0.00344385106612843
0.14889265813029,0.127032399995186,1544,1544,0.00688770213225689,0.00344385106612847
0.14323248564789,0.123107748656254,1545,1545,0.00688770213225689,0.00344385106612843
0.14889265813029,0.127032399995186,1546,1546,0.00688770213225689,0.00344385106612847
0.14323248564789,0.123107748656254,1547,1547,0.00688770213225689,0.00344385106612843
0.14889265813029,0.127032399995186,1548,1548,0.00688770213225689,0.00344385106612847
0.14323248564789,0.123107748656254,1549,1549,0.00688770213225689,0.00344385106612843
0.14889265813029,0.127032399995186,1550,1550,0.00688770213225689,0.00344385106612847
0.14323248564789,0.123107748656254,1551,1551,0.00688770213225689,0.00344385106612843
0.14889265813029,0.127032399995186,1552,1552,0.00688770213225689,0.00344385106612847
0.14323248564789,0.123107748656254,1553,1553,0.00688770213225689,0.00344385106612843
0.14889265813029,0.127032399995186,1554,1554,0.00688770213225689,0.00344385106612847
0.14323248564789,0.123107748656254,1555,1555,0.00688770213225689,0.00344385106612843
0.14889265813029,0.127032399995186,1556,1556,0.00688770213225689,0.00344385106612847
0.14323248564789,0.123107748656254,1557,1557,0.00688770213225689,0.00344385106612843
0.14889265813029,0.127032399995186,1558,1558,0.00688770213225689,0.00344385106612847
0.14323248564789,0.123107748656254,1559,1559,0.00688770213225689,0.00344385106612843
0.14889265813029,0.127032399995186,1560,1560,0.00688770213225689,0.00344385106612847
0.14323248564789,0.123107748656254,1561,1561,0.00688770213225689,0.00344385106612843
0.14889265813029,0.127032399995186,1562,1562,0.00688770213225689,0.00344385106612847
0.14323248564789,0.123107748656254,1563,1563,0.00688770213225689,0.00344385106612843
0.14889265813029,0.127032399995186,1564,1564,0.00688770213225689,0.00344385106612847
0.14323248564789,0.123107748656254,1565,1565,0.00688770213225689,0.00344385106612843
0.14889265813029,0.127032399995186,1566,1566,0.00688770213225689,0.00344385106612847
0.14323248564789,0.123107748656254,1567,1567,0.00688770213225689,0.00344385106612843
0.14889265813029,0.127032399995186,1568,1568,0.00688770213225689,0.00344385106612847
0.14323248564789,0.123107748656254,1569,1569,0.00688770213225689,0.00344385106612843
0.14889265813029,0.127032399995186,1570,1570,0.00688770213225689,0.00344385106612847
0.14323248564789,0.123107748656254,1571,1571,0.00688770213225689,0.00344385106612843
0.14889265813029,0.127032399995186,1572,1572,0.00688770213225689,0.00344385106612847
0.14323248564789,0.123107748656254,1573,1573,0.00688770213225689,0.00344385106612843
0.14889265813029,0.127032399995186,1574,1574,0.00688770213225689,0.00344385106612847
0.14323248564789,0.123107748656254,1575,1575,0.00688770213225689,0.00344385106612843
0.14889265813029,0.127032399995186,1576,1576,0.00688770213225689,0.00344385106612847
0.14323248564789,0.123107748656254,1577,1577,0.00688770213225689,0.00344385106612843
0.14889265813029,0.127032399995186,1578,1578,0.00688770213225689,0.00344385106612847
0.14323248564789,0.123107748656254,1579,1579,0.00688770213225689,0.00344385106612843
0.14889265813029,0.127032399995186,1580,1580,0.00688770213225689,0.00344385106612847
0.14323248564789,0.123107748656254,1581,1581,0.00688770213225689,0.00344385106612843
0.14889265813029,0.127032399995186,1582,1582,0.00688770213225689,0.00344385106612847
0.14323248564789,0.123107748656254,1583,1583,0.00688770213225689,0.00344385106612843
0.14889265813029,0.127032399995186,1584,1584,0.00688770213225689,0.00344385106612847
0.14323248564789,0.123107748656254,1585,1585,0.00688770213225689,0.00344385106612843
0.14889265813029,0.127032399995186,1586,1586,0.00688770213225689,0.00344385106612847
0.14323248564789,0.123107748656254,1587,1587,0.00688770213225689,0.00344385106612843
0.14889265813029,0.127032399995186,1588,1588,0.00688770213225689,0.00344385106612847
0.14323248564789,0.123107748656254,1589,1589,0.00688770213225689,0.00344385106612843
0.14889265813029,0.127032399995186,1590,1590,0.00688770213225689,0.00344385106612847
0.14323248564789,0.123107748656254,1591,1591,0.00688770213225689,0.00344385106612843
0.14889265813029,0.127032399995186,1592,1592,0.00688770213225689,0.00344385106612847
0.14323248564789,0.123107748656254,1593,1593,0.00688770213225689,0.00344385106612843
0.14889265813029,0.127032399995186,1594,1594,0.00688770213225689,0.00344385106612847
0.14323248564789,0.123107748656254,1595,1595,0.00688770213225689,0.00344385106612843
0.14889265813029,0.127032399995186,1596,1596,0.00688770213225689,0.00344385106612847
0.14323248564789,0.123107748656254,1597,1597,0.00688770213225689,0.00344385106612843
0.14889265813029,0.127032399995186,1598,1598,0.00688770213225689,0.00344385106612847
0.14323248564789,0.123107748656254,1599,1599,0.00688770213225689,0.00344385106612843
0.14889265813029,0.127032399995186,1600,1600,0.00688770213225689,0.00344385106612847
0.14323248564789,0.123107748656254,1601,1601,0.00688770213225689,0.00344385106612843
0.14889265813029,0.127032399995186,1602,1602,0.00688770213225689,0.00344385106612847
0.14323248564789,0.123107748656254,1603,1603,0.00688770213225689,0.00344385106612843
0.14889265813029,0.127032399995186,1604,1604,0.00688770213225689,0.00344385106612847
0.14323248564789,0.123107748656254,1605,1605,0.00688770213225689,0.00344385106612843
0.14889265813029,0.127032399995186,1606,1606,0.00688770213225689,0.00344385106612847
0.14323248564789,0.123107748656254,1607,1607,0.00688770213225689,0.00344385106612843
0.14889265813029,0.127032399995186,1608,1608,0.00688770213225689,0.00344385106612847
0.14323248564789,0.123107748656254,1609,1609,0.00688770213225689,0.00344385106612843
0.14889265813029,0.127032399995186,1610,1610,0.00688770213225689,0.00344385106612847
0.14323248564789,0.123107748656254,1611,1611,0.00688770213225689,0.00344385106612843
0.14889265813029,0.127032399995186,1612,1612,0.00688770213225689,0.00344385106612847
0.14323248564789,0.123107748656254,1613,1613,0.00688770213225689,0.00344385106612843
0.14889265813029,0.127032399995186,1614,1614,0.00688770213225689,0.00344385106612847
0.14323248564789,0.123107748656254,1615,1615,0.00688770213225689,0.00344385106612843
0.14889265813029,0.127032399995186,1616,1616,0.00688770213225689,0.00344385106612847
0.14323248564789,0.123107748656254,1617,1617,0.00688770213225689,0.00344385106612843
0.14889265813029,0.127032399995186,1618,1618,0.00688770213225689,0.00344385106612847
0.14323248564789,0.123107748656254,1619,1619,0.00688770213225689,0.00344385106612843
0.14889265813029,0.127032399995186,1620,1620,0.00688770213225689,0.00344385106612847
0.14323248564789,0.123107748656254,1621,1621,0.00688770213225689,0.00344385106612843
0.14889265813029,0.127032399995186,1622,1622,0.00688770213225689,0.00344385106612847
0.14323248564789,0.123107748656254,1623,1623,0.00688770213225689,0.00344385106612843
0.14889265813029,0.127032399995186,1624,1624,0.00688770213225689,0.00344385106612847
0.14323248564789,0.123107748656254,1625,1625,0.00688770213225689,0.00344385106612843
0.14889265813029,0.127032399995186,1626,1626,0.00688770213225689,0.00344385106612847
0.14323248564789,0.123107748656254,1627,1627,0.00688770213225689,0.00344385106612843
0.14889265813029,0.127032399995186,1628,1628,0.00688770213225689,0.00344385106612847
0.14323248564789,0.123107748656254,1629,1629,0.00688770213225689,0.00344385106612843
0.14889265813029,0.127032399995186,1630,1630,0.00688770213225689,0.00344385106612847
0.14323248564789,0.123107748656254,1631,1631,0.00688770213225689,0.00344385106612843
0.14889265813029,0.127032399995186,1632,1632,0.00688770213225689,0.00344385106612847
0.14323248564789,0.123107748656254,1633,1633,0.00688770213225689,0.00344385106612843
0.14889265813029,0.127032399995186,1634,1634,0.00688770213225689,0.00344385106612847
0.14323248564789,0.123107748656254,1635,1635,0.00688770213225689,0.00344385106612843
0.14889265813029,0.127032399995186,1636,1636,0.00688770213225689,0.00344385106612847
0.14323248564789,0.123107748656254,1637,1637,0.00688770213225689,0.00344385106612843
0.14889265813029,0.127032399995186,1638,1638,0.00688770213225689,0.00344385106612847
0.14323248564789,0.123107748656254,1639,1639,0.00688770213225689,0.00344385106612843
0.14889265813029,0.127032399995186,1640,1640,0.00688770213225689,0.00344385106612847
0.14323248564789,0.123107748656254,1641,1641,0.00688770213225689,0.00344385106612843
0.14889265813029,0.127032399995186,1642,1642,0.00688770213225689,0.00344385106612847
0.14323248564789,0.123107748656254,1643,1643,0.00688770213225689,0.00344385106612843
0.14889265813029,0.127032399995186,1644,1644,0.00688770213225689,0.00344385106612847
0.14323248564789,0.123107748656254,1645,1645,0.00688770213225689,0.00344385106612843
0.14889265813029,0.127032399995186,1646,1646,0.00688770213225689,0.00344385106612847
0.14323248564789,0.123107748656254,1647,1647,0.00688770213225689,0.00344385106612843
0.14889265813029,0.127032399995186,1648,1648,0.00688770213225689,0.00344385106612847
0.14323248564789,0.123107748656254,1649,1649,0.00688770213225689,0.00344385106612843
0.14889265813029,0.127032399995186,1650,1650,0.00688770213225689,0.00344385106612847
0.14323248564789,0.123107748656254,1651,1651,0.00688770213225689,0.00344385106612843
0.14889265813029,0.127032399995186,1652,1652,0.00688770213225689,0.00344385106612847
0.14323248564789,0.123107748656254,1653,1653,0.00688770213225689,0.00344385106612843
0.14889265813029,0.127032399995186,1654,1654,0.00688770213225689,0.00344385106612847
0.14323248564789,0.123107748656254,1655,1655,0.00688770213225689,0.00344385106612843
0.14889265813029,0.127032399995186,1656,1656,0.00688770213225689,0.00344385106612847
0.14323248564789,0.123107748656254,1657,1657,0.00688770213225689,0.00344385106612843
0.14889265813029,0.127032399995186,1658,1658,0.00688770213225689,0.00344385106612847
0.14323248564789,0.123107748656254,1659,1659,0.00688770213225689,0.00344385106612843
0.14889265813029,0.127032399995186,1660,1660,0.00688770213225689,0.00344385106612847
0.14323248564789,0.123107748656254,1661,1661,0.00688770213225689,0.00344385106612843
0.14889265813029,0.127032399995186,1662,1662,0.00688770213225689,0.00344385106612847
0.14323248564789,0.123107748656254,1663,1663,0.00688770213225689,0.00344385106612843
0.14889265813029,0.127032399995186,1664,1664,0.00688770213225689,0.00344385106612847
0.14323248564789,0.123107748656254,1665,1665,0.00688770213225689,0.00344385106612843
0.14889265813029,0.127032399995186,1666,1666,0.00688770213225689,0.00344385106612847
0.14323248564789,0.123107748656254,1667,1667,0.00688770213225689,0.00344385106612843
0.14889265813029,0.127032399995186,1668,1668,0.00688770213225689,0.00344385106612847
0.14323248564789,0.123107748656254,1669,1669,0.00688770213225689,0.00344385106612843
0.14889265813029,0.127032399995186,1670,1670,0.00688770213225689,0.00344385106612847
0.14323248564789,0.123107748656254,1671,1671,0.00688770213225689,0.00344385106612843
0.14889265813029,0.127032399995186,1672,1672,0.00688770213225689,0.00344385106612847
0.14323248564789,0.123107748656254,1673,1673,0.00688770213225689,0.00344385106612843
0.14889265813029,0.127032399995186,1674,1674,0.00688770213225689,0.00344385106612847
0.14323248564789,0.123107748656254,1675,1675,0.00688770213225689,0.00344385106612843
0.14889265813029,0.127032399995186,1676,1676,0.00688770213225689,0.00344385106612847
0.14323248564789,0.123107748656254,1677,1677,0.00688770213225689,0.00344385106612843
0.14889265813029,0.127032399995186,1678,1678,0.00688770213225689,0.00344385106612847
0.14323248564789,0.123107748656254,1679,1679,0.00688770213225689,0.00344385106612843
0.14889265813029,0.127032399995186,1680,1680,0.00688770213225689,0.00344385106612847
0.14323248564789,0.123107748656254,1681,1681,0.00688770213225689,0.00344385106612843
0.14889265813029,0.127032399995186,1682,1682,0.00688770213225689,0.00344385106612847
0.14323248564789,0.123107748656254,1683,1683,0.00688770213225689,0.00344385106612843
0.14889265813029,0.127032399995186,1684,1684,0.00688770213225689,0.00344385106612847
0.14323248564789,0.123107748656254,1685,1685,0.00688770213225689,0.00344385106612843
0.14889265813029,0.127032399995186,1686,1686,0.00688770213225689,0.00344385106612847
0.14323248564789,0.123107748656254,1687,1687,0.00688770213225689,0.00344385106612843
0.14889265813029,0.127032399995186,1688,1688,0.00688770213225689,0.00344385106612847
0.14323248564789,0.123107748656254,1689,1689,0.00688770213225689,0.00344385106612843
0.14889265813029,0.127032399995186,1690,1690,0.00688770213225689,0.00344385106612847
0.14323248564789,0.123107748656254,1691,1691,0.00688770213225689,0.00344385106612843
0.14889265813029,0.127032399995186,1692,1692,0.00688770213225689,0.00344385106612847
0.14323248564789,0.123107748656254,1693,1693,0.00688770213225689,0.00344385106612843
0.14889265813029,0.127032399995186,1694,1694,0.00688770213225689,0.00344385106612847
0.14323248564789,0.123107748656254,1695,1695,0.00688770213225689,0.00344385106612843
0.14889265813029,0.127032399995186,1696,1696,0.00688770213225689,0.00344385106612847
0.14323248564789,0.123107748656254,1697,1697,0.00688770213225689,0.00344385106612843
0.14889265813029,0.127032399995186,1698,1698,0.00688770213225689,0.00344385106612847
0.14323248564789,0.123107748656254,1699,1699,0.00688770213225689,0.00344385106612843
0.14889265813029,0.127032399995186,1700,1700,0.00688770213225689,0.00344385106612847
0.14323248564789,0.123107748656254,1701,1701,0.00688770213225689,0.00344385106612843
0.14889265813029,0.127032399995186,1702,1702,0.00688770213225689,0.00344385106612847
0.14323248564789,0.123107748656254,1703,1703,0.00688770213225689,0.00344385106612843
0.14889265813029,0.127032399995186,1704,1704,0.00688770213225689,0.00344385106612847
0.14323248564789,0.123107748656254,1705,1705,0.00688770213225689,0.00344385106612843
0.14889265813029,0.127032399995186,1706,1706,0.00688770213225689,0.00344385106612847
0.14323248564789,0.123107748656254,1707,1707,0.00688770213225689,0.00344385106612843
0.14889265813029,0.127032399995186,1708,1708,0.00688770213225689,0.00344385106612847
0.14323248564789,0.123107748656254,1709,1709,0.00688770213225689,0.00344385106612843
0.14889265813029,0.127032399995186,1710,1710,0.00688770213225689,0.00344385106612847
0.14323248564789,0.123107748656254,1711,1711,0.00688770213225689,0.00344385106612843
0.14889265813029,0.127032399995186,1712,1712,0.00688770213225689,0.00344385106612847
0.14323248564789,0.123107748656254,1713,1713,0.00688770213225689,0.00344385106612843
0.14889265813029,0.127032399995186,1714,1714,0.00688770213225689,0.00344385106612847
0.14323248564789,0.123107748656254,1715,1715,0.00688770213225689,0.00344385106612843
0.14889265813029,0.127032399995186,1716,1716,0.00688770213225689,0.00344385106612847
0.14323248564789,0.123107748656254,1717,1717,0.00688770213225689,0.00344385106612843
0.14889265813029,0.127032399995186,1718,1718,0.00688770213225689,0.00344385106612847
0.14323248564789,0.123107748656254,1719,1719,0.00688770213225689,0.00344385106612843
0.14889265813029,0.127032399995186,1720,1720,0.00688770213225689,0.00344385106612847
0.14323248564789,0.123107748656254,1721,1721,0.00688770213225689,0.00344385106612843
0.14889265813029,0.127032399995186,1722,1722,0.00688770213225689,0.00344385106612847
0.14323248564789,0.123107748656254,1723,1723,0.00688770213225689,0.00344385106612843
0.14889265813029,0.127032399995186,1724,1724,0.00688770213225689,0.00344385106612847
0.14323248564789,0.123107748656254,1725,1725,0.00688770213225689,0.00344385106612843
0.14889265813029,0.127032399995186,1726,1726,0.00688770213225689,0.00344385106612847
0.14323248564789,0.123107748656254,1727,1727,0.00688770213225689,0.00344385106612843
0.14889265813029,0.127032399995186,1728,1728,0.00688770213225689,0.00344385106612847
0.14323248564789,0.123107748656254,1729,1729,0.00688770213225689,0.00344385106612843
0.14889265813029,0.127032399995186,1730,1730,0.00688770213225689,0.00344385106612847
0.14323248564789,0.123107748656254,1731,1731,0.00688770213225689,0.00344385106612843
0.14889265813029,0.127032399995186,1732,1732,0.00688770213225689,0.00344385106612847
0.14323248564789,0.123107748656254,1733,1733,0.00688770213225689,0.00344385106612843
0.14889265813029,0.127032399995186,1734,1734,0.00688770213225689,0.00344385106612847
0.14323248564789,0.123107748656254,1735,1735,0.00688770213225689,0.00344385106612843
0.14889265813029,0.127032399995186,1736,1736,0.00688770213225689,0.00344385106612847
0.14323248564789,0.123107748656254,1737,1737,0.00688770213225689,0.00344385106612843
0.14889265813029,0.127032399995186,1738,1738,0.00688770213225689,0.00344385106612847
0.14323248564789,0.123107748656254,1739,1739,0.00688770213225689,0.00344385106612843
0.14889265813029,0.127032399995186,1740,1740,0.00688770213225689,0.00344385106612847
0.14323248564789,0.123107748656254,1741,1741,0.00688770213225689,0.00344385106612843
0.14889265813029,0.127032399995186,1742,1742,0.00688770213225689,0.00344385106612847
0.14323248564789,0.123107748656254,1743,1743,0.00688770213225689,0.00344385106612843
0.14889265813029,0.127032399995186,1744,1744,0.00688770213225689,0.00344385106612847
0.14323248564789,0.123107748656254,1745,1745,0.00688770213225689,0.00344385106612843
0.14889265813029,0.127032399995186,1746,1746,0.00688770213225689,0.00344385106612847
0.14323248564789,0.123107748656254,1747,1747,0.00688770213225689,0.00344385106612843
0.14889265813029,0.127032399995186,1748,1748,0.00688770213225689,0.00344385106612847
0.14323248564789,0.123107748656254,1749,1749,0.00688770213225689,0.00344385106612843
0.14889265813029,0.127032399995186,1750,1750,0.00688770213225689,0.00344385106612847
0.14323248564789,0.123107748656254,1751,1751,0.00688770213225689,0.00344385106612843
0.14889265813029,0.127032399995186,1752,1752,0.00688770213225689,0.00344385106612847
0.14323248564789,0.123107748656254,1753,1753,0.00688770213225689,0.00344385106612843
0.14889265813029,0.127032399995186,1754,1754,0.00688770213225689,0.00344385106612847
0.14323248564789,0.123107748656254,1755,1755,0.00688770213225689,0.00344385106612843
0.14889265813029,0.127032399995186,1756,1756,0.00688770213225689,0.00344385106612847
0.14323248564789,0.123107748656254,1757,1757,0.00688770213225689,0.00344385106612843
0.14889265813029,0.127032399995186,1758,1758,0.00688770213225689,0.00344385106612847
0.14323248564789,0.123107748656254,1759,1759,0.00688770213225689,0.00344385106612843
0.14889265813029,0.127032399995186,1760,1760,0.00688770213225689,0.00344385106612847
0.14323248564789,0.123107748656254,1761,1761,0.00688770213225689,0.00344385106612843
0.14889265813029,0.127032399995186,1762,1762,0.00688770213225689,0.00344385106612847
0.14323248564789,0.123107748656254,1763,1763,0.00688770213225689,0.00344385106612843
0.14889265813029,0.127032399995186,1764,1764,0.00688770213225689,0.00344385106612847
0.14323248564789,0.123107748656254,1765,1765,0.00688770213225689,0.00344385106612843
0.14889265813029,0.127032399995186,1766,1766,0.00688770213225689,0.00344385106612847
0.14323248564789,0.123107748656254,1767,1767,0.00688770213225689,0.00344385106612843
0.14889265813029,0.127032399995186,1768,1768,0.00688770213225689,0.00344385106612847
0.14323248564789,0.123107748656254,1769,1769,0.00688770213225689,0.00344385106612843
0.14889265813029,0.127032399995186,1770,1770,0.00688770213225689,0.00344385106612847
0.14323248564789,0.123107748656254,1771,1771,0.00688770213225689,0.00344385106612843
0.14889265813029,0.127032399995186,1772,1772,0.00688770213225689,0.00344385106612847
0.14323248564789,0.123107748656254,1773,1773,0.00688770213225689,0.00344385106612843
0.14889265813029,0.127032399995186,1774,1774,0.00688770213225689,0.00344385106612847
0.14323248564789,0.123107748656254,1775,1775,0.00688770213225689,0.00344385106612843
0.14889265813029,0.127032399995186,1776,1776,0.00688770213225689,0.00344385106612847
0.14323248564789,0.123107748656254,1777,1777,0.00688770213225689,0.00344385106612843
0.14889265813029,0.127032399995186,1778,1778,0.00688770213225689,0.00344385106612847
0.14323248564789,0.123107748656254,1779,1779,0.00688770213225689,0.00344385106612843
0.14889265813029,0.127032399995186,1780,1780,0.00688770213225689,0.00344385106612847
0.14323248564789,0.123107748656254,1781,1781,0.00688770213225689,0.00344385106612843
0.14889265813029,0.127032399995186,1782,1782,0.00688770213225689,0.00344385106612847
0.14323248564789,0.123107748656254,1783,1783,0.00688770213225689,0.00344385106612843
0.14889265813029,0.127032399995186,1784,1784,0.00688770213225689,0.00344385106612847
0.14323248564789,0.123107748656254,1785,1785,0.00688770213225689,0.00344385106612843
0.14889265813029,0.127032399995186,1786,1786,0.00688770213225689,0.00344385106612847
0.14323248564789,0.123107748656254,1787,1787,0.00688770213225689,0.00344385106612843
0.14889265813029,0.127032399995186,1788,1788,0.00688770213225689,0.00344385106612847
0.14323248564789,0.123107748656254,1789,1789,0.00688770213225689,0.00344385106612843
0.14889265813029,0.127032399995186,1790,1790,0.00688770213225689,0.00344385106612847
0.14323248564789,0.123107748656254,1791,1791,0.00688770213225689,0.00344385106612843
0.14889265813029,0.127032399995186,1792,1792,0.00688770213225689,0.00344385106612847
0.14323248564789,0.123107748656254,1793,1793,0.00688770213225689,0.00344385106612843
0.14889265813029,0.127032399995186,1794,1794,0.00688770213225689,0.00344385106612847
0.14323248564789,0.123107748656254,1795,1795,0.00688770213225689,0.00344385106612843
0.14889265813029,0.127032399995186,1796,1796,0.00688770213225689,0.00344385106612847
0.14323248564789,0.123107748656254,1797,1797,0.00688770213225689,0.00344385106612843
0.14889265813029,0.127032399995186,1798,1798,0.00688770213225689,0.00344385106612847
0.14323248564789,0.123107748656254,1799,1799,0.00688770213225689,0.00344385106612843
0.14889265813029,0.127032399995186,1800,1800,0.00688770213225689,0.00344385106612847
0.14323248564789,0.123107748656254,1801,1801,0.00688770213225689,0.00344385106612843
0.14889265813029,0.127032399995186,1802,1802,0.00688770213225689,0.00344385106612847
0.14323248564789,0.123107748656254,1803,1803,0.00688770213225689,0.00344385106612843
0.14889265813029,0.127032399995186,1804,1804,0.00688770213225689,0.00344385106612847
0.14323248564789,0.123107748656254,1805,1805,0.00688770213225689,0.00344385106612843
0.14889265813029,0.127032399995186,1806,1806,0.00688770213225689,0.00344385106612847
0.14323248564789,0.123107748656254,1807,1807,0.00688770213225689,0.00344385106612843
0.14889265813029,0.127032399995186,1808,1808,0.00688770213225689,0.00344385106612847
0.14323248564789,0.123107748656254,1809,1809,0.00688770213225689,0.00344385106612843
0.14889265813029,0.127032399995186,1810,1810,0.00688770213225689,0.00344385106612847
0.14323248564789,0.123107748656254,1811,1811,0.00688770213225689,0.00344385106612843
0.14889265813029,0.127032399995186,1812,1812,0.00688770213225689,0.00344385106612847
0.14323248564789,0.123107748656254,1813,1813,0.00688770213225689,0.00344385106612843
0.14889265813029,0.127032399995186,1814,1814,0.00688770213225689,0.00344385106612847
0.14323248564789,0.123107748656254,1815,1815,0.00688770213225689,0.00344385106612843
0.14889265813029,0.127032399995186,1816,1816,0.00688770213225689,0.00344385106612847
0.14323248564789,0.123107748656254,1817,1817,0.00688770213225689,0.00344385106612843
0.14889265813029,0.127032399995186,1818,1818,0.00688770213225689,0.00344385106612847
0.14323248564789,0.123107748656254,1819,1819,0.00688770213225689,0.00344385106612843
0.14889265813029,0.127032399995186,1820,1820,0.00688770213225689,0.00344385106612847
0.14323248564789,0.123107748656254,1821,1821,0.00688770213225689,0.00344385106612843
0.14889265813029,0.127032399995186,1822,1822,0.00688770213225689,0.00344385106612847
0.14323248564789,0.123107748656254,1823,1823,0.00688770213225689,0.00344385106612843
0.14889265813029,0.127032399995186,1824,1824,0.00688770213225689,0.00344385106612847
0.14323248564789,0.123107748656254,1825,1825,0.00688770213225689,0.00344385106612843
0.14889265813029,0.127032399995186,1826,1826,0.00688770213225689,0.00344385106612847
0.14323248564789,0.123107748656254,1827,1827,0.00688770213225689,0.00344385106612843
0.14889265813029,0.127032399995186,1828,1828,0.00688770213225689,0.00344385106612847
0.14323248564789,0.123107748656254,1829,1829,0.00688770213225689,0.00344385106612843
0.14889265813029,0.127032399995186,1830,1830,0.00688770213225689,0.00344385106612847
0.14323248564789,0.123107748656254,1831,1831,0.00688770213225689,0.00344385106612843
0.14889265813029,0.127032399995186,1832,1832,0.00688770213225689,0.00344385106612847
0.14323248564789,0.123107748656254,1833,1833,0.00688770213225689,0.00344385106612843
0.14889265813029,0.127032399995186,1834,1834,0.00688770213225689,0.00344385106612847
0.14323248564789,0.123107748656254,1835,1835,0.00688770213225689,0.00344385106612843
0.14889265813029,0.127032399995186,1836,1836,0.00688770213225689,0.00344385106612847
0.14323248564789,0.123107748656254,1837,1837,0.00688770213225689,0.00344385106612843
0.14889265813029,0.127032399995186,1838,1838,0.00688770213225689,0.00344385106612847
0.14323248564789,0.123107748656254,1839,1839,0.00688770213225689,0.00344385106612843
0.14889265813029,0.127032399995186,1840,1840,0.00688770213225689,0.00344385106612847
0.14323248564789,0.123107748656254,1841,1841,0.00688770213225689,0.00344385106612843
0.14889265813029,0.127032399995186,1842,1842,0.00688770213225689,0.00344385106612847
0.14323248564789,0.123107748656254,1843,1843,0.00688770213225689,0.00344385106612843
0.14889265813029,0.127032399995186,1844,1844,0.00688770213225689,0.00344385106612847
0.14323248564789,0.123107748656254,1845,1845,0.00688770213225689,0.00344385106612843
0.14889265813029,0.127032399995186,1846,1846,0.00688770213225689,0.00344385106612847
0.14323248564789,0.123107748656254,1847,1847,0.00688770213225689,0.00344385106612843
0.14889265813029,0.127032399995186,1848,1848,0.00688770213225689,0.00344385106612847
0.14323248564789,0.123107748656254,1849,1849,0.00688770213225689,0.00344385106612843
0.14889265813029,0.127032399995186,1850,1850,0.00688770213225689,0.00344385106612847
0.14323248564789,0.123107748656254,1851,1851,0.00688770213225689,0.00344385106612843
0.14889265813029,0.127032399995186,1852,1852,0.00688770213225689,0.00344385106612847
0.14323248564789,0.123107748656254,1853,1853,0.00688770213225689,0.00344385106612843
0.14889265813029,0.127032399995186,1854,1854,0.00688770213225689,0.00344385106612847
0.14323248564789,0.123107748656254,1855,1855,0.00688770213225689,0.00344385106612843
0.14889265813029,0.127032399995186,1856,1856,0.00688770213225689,0.00344385106612847
0.14323248564789,0.123107748656254,1857,1857,0.00688770213225689,0.00344385106612843
0.14889265813029,0.127032399995186,1858,1858,0.00688770213225689,0.00344385106612847
0.14323248564789,0.123107748656254,1859,1859,0.00688770213225689,0.00344385106612843
0.14889265813029,0.127032399995186,1860,1860,0.00688770213225689,0.00344385106612847
0.14323248564789,0.123107748656254,1861,1861,0.00688770213225689,0.00344385106612843
0.14889265813029,0.127032399995186,1862,1862,0.00688770213225689,0.00344385106612847
0.14323248564789,0.123107748656254,1863,1863,0.00688770213225689,0.00344385106612843
0.14889265813029,0.127032399995186,1864,1864,0.00688770213225689,0.00344385106612847
0.14323248564789,0.123107748656254,1865,1865,0.00688770213225689,0.00344385106612843
0.14889265813029,0.127032399995186,1866,1866,0.00688770213225689,0.00344385106612847
0.14323248564789,0.123107748656254,1867,1867,0.00688770213225689,0.00344385106612843
0.14889265813029,0.127032399995186,1868,1868,0.00688770213225689,0.00344385106612847
0.14323248564789,0.123107748656254,1869,1869,0.00688770213225689,0.00344385106612843
0.14889265813029,0.127032399995186,1870,1870,0.00688770213225689,0.00344385106612847
0.14323248564789,0.123107748656254,1871,1871,0.00688770213225689,0.00344385106612843
0.14889265813029,0.127032399995186,1872,1872,0.00688770213225689,0.00344385106612847
0.14323248564789,0.123107748656254,1873,1873,0.00688770213225689,0.00344385106612843
0.14889265813029,0.127032399995186,1874,1874,0.00688770213225689,0.00344385106612847
0.14323248564789,0.123107748656254,1875,1875,0.00688770213225689,0.00344385106612843
0.14889265813029,0.127032399995186,1876,1876,0.00688770213225689,0.00344385106612847
0.14323248564789,0.123107748656254,1877,1877,0.00688770213225689,0.00344385106612843
0.14889265813029,0.127032399995186,1878,1878,0.00688770213225689,0.00344385106612847
0.14323248564789,0.123107748656254,1879,1879,0.00688770213225689,0.00344385106612843
0.14889265813029,0.127032399995186,1880,1880,0.00688770213225689,0.00344385106612847
0.14323248564789,0.123107748656254,1881,1881,0.00688770213225689,0.00344385106612843
0.14889265813029,0.127032399995186,1882,1882,0.00688770213225689,0.00344385106612847
0.14323248564789,0.123107748656254,1883,1883,0.00688770213225689,0.00344385106612843
0.14889265813029,0.127032399995186,1884,1884,0.00688770213225689,0.00344385106612847
0.14323248564789,0.123107748656254,1885,1885,0.00688770213225689,0.00344385106612843
0.14889265813029,0.127032399995186,1886,1886,0.00688770213225689,0.00344385106612847
0.14323248564789,0.123107748656254,1887,1887,0.00688770213225689,0.00344385106612843
0.14889265813029,0.127032399995186,1888,1888,0.00688770213225689,0.00344385106612847
0.14323248564789,0.123107748656254,1889,1889,0.00688770213225689,0.00344385106612843
0.14889265813029,0.127032399995186,1890,1890,0.00688770213225689,0.00344385106612847
0.14323248564789,0.123107748656254,1891,1891,0.00688770213225689,0.00344385106612843
0.14889265813029,0.127032399995186,1892,1892,0.00688770213225689,0.00344385106612847
0.14323248564789,0.123107748656254,1893,1893,0.00688770213225689,0.00344385106612843
0.14889265813029,0.127032399995186,1894,1894,0.00688770213225689,0.00344385106612847
0.14323248564789,0.123107748656254,1895,1895,0.00688770213225689,0.00344385106612843
0.14889265813029,0.127032399995186,1896,1896,0.00688770213225689,0.00344385106612847
0.14323248564789,0.123107748656254,1897,1897,0.00688770213225689,0.00344385106612843
0.14889265813029,0.127032399995186,1898,1898,0.00688770213225689,0.00344385106612847
0.14323248564789,0.123107748656254,1899,1899,0.00688770213225689,0.00344385106612843
0.14889265813029,0.127032399995186,1900,1900,0.00688770213225689,0.00344385106612847
0.14323248564789,0.123107748656254,1901,1901,0.00688770213225689,0.00344385106612843
0.14889265813029,0.127032399995186,1902,1902,0.00688770213225689,0.00344385106612847
0.14323248564789,0.123107748656254,1903,1903,0.00688770213225689,0.00344385106612843
0.14889265813029,0.127032399995186,1904,1904,0.00688770213225689,0.00344385106612847
0.14323248564789,0.123107748656254,1905,1905,0.00688770213225689,0.00344385106612843
0.14889265813029,0.127032399995186,1906,1906,0.00688770213225689,0.00344385106612847
0.14323248564789,0.123107748656254,1907,1907,0.00688770213225689,0.00344385106612843
0.14889265813029,0.127032399995186,1908,1908,0.00688770213225689,0.00344385106612847
0.14323248564789,0.123107748656254,1909,1909,0.00688770213225689,0.00344385106612843
0.14889265813029,0.127032399995186,1910,1910,0.00688770213225689,0.00344385106612847
0.14323248564789,0.123107748656254,1911,1911,0.00688770213225689,0.00344385106612843
0.14889265813029,0.127032399995186,1912,1912,0.00688770213225689,0.00344385106612847
0.14323248564789,0.123107748656254,1913,1913,0.00688770213225689,0.00344385106612843
0.14889265813029,0.127032399995186,1914,1914,0.00688770213225689,0.00344385106612847
0.14323248564789,0.123107748656254,1915,1915,0.00688770213225689,0.00344385106612843
0.14889265813029,0.127032399995186,1916,1916,0.00688770213225689,0.00344385106612847
0.14323248564789,0.123107748656254,1917,1917,0.00688770213225689,0.00344385106612843
0.14889265813029,0.127032399995186,1918,1918,0.00688770213225689,0.00344385106612847
0.14323248564789,0.123107748656254,1919,1919,0.00688770213225689,0.00344385106612843
0.14889265813029,0.127032399995186,1920,1920,0.00688770213225689,0.00344385106612847
0.14323248564789,0.123107748656254,1921,1921,0.00688770213225689,0.00344385106612843
0.14889265813029,0.127032399995186,1922,1922,0.00688770213225689,0.00344385106612847
0.14323248564789,0.123107748656254,1923,1923,0.00688770213225689,0.00344385106612843
0.14889265813029,0.127032399995186,1924,1924,0.00688770213225689,0.00344385106612847
0.14323248564789,0.123107748656254,1925,1925,0.00688770213225689,0.00344385106612843
0.14889265813029,0.127032399995186,1926,1926,0.00688770213225689,0.00344385106612847
0.14323248564789,0.123107748656254,1927,1927,0.00688770213225689,0.00344385106612843
0.14889265813029,0.127032399995186,1928,1928,0.00688770213225689,0.00344385106612847
0.14323248564789,0.123107748656254,1929,1929,0.00688770213225689,0.00344385106612843
0.14889265813029,0.127032399995186,1930,1930,0.00688770213225689,0.00344385106612847
0.14323248564789,0.123107748656254,1931,1931,0.00688770213225689,0.00344385106612843
0.14889265813029,0.127032399995186,1932,1932,0.00688770213225689,0.00344385106612847
0.14323248564789,0.123107748656254,1933,1933,0.00688770213225689,0.00344385106612843
0.14889265813029,0.127032399995186,1934,1934,0.00688770213225689,0.00344385106612847
0.14323248564789,0.123107748656254,1935,1935,0.00688770213225689,0.00344385106612843
0.14889265813029,0.127032399995186,1936,1936,0.00688770213225689,0.00344385106612847
0.14323248564789,0.123107748656254,1937,1937,0.00688770213225689,0.00344385106612843
0.14889265813029,0.127032399995186,1938,1938,0.00688770213225689,0.00344385106612847
0.14323248564789,0.123107748656254,1939,1939,0.00688770213225689,0.00344385106612843
0.14889265813029,0.127032399995186,1940,1940,0.00688770213225689,0.00344385106612847
0.14323248564789,0.123107748656254,1941,1941,0.00688770213225689,0.00344385106612843
0.14889265813029,0.127032399995186,1942,1942,0.00688770213225689,0.00344385106612847
0.14323248564789,0.123107748656254,1943,1943,0.00688770213225689,0.00344385106612843
0.14889265813029,0.127032399995186,1944,1944,0.00688770213225689,0.00344385106612847
0.14323248564789,0.123107748656254,1945,1945,0.00688770213225689,0.00344385106612843
0.14889265813029,0.127032399995186,1946,1946,0.00688770213225689,0.00344385106612847
0.14323248564789,0.123107748656254,1947,1947,0.00688770213225689,0.00344385106612843
0.14889265813029,0.127032399995186,1948,1948,0.00688770213225689,0.00344385106612847
0.14323248564789,0.123107748656254,1949,1949,0.00688770213225689,0.00344385106612843
0.14889265813029,0.127032399995186,1950,1950,0.00688770213225689,0.00344385106612847
0.14323248564789,0.123107748656254,1951,1951,0.00688770213225689,0.00344385106612843
0.14889265813029,0.127032399995186,1952,1952,0.00688770213225689,0.00344385106612847
0.14323248564789,0.123107748656254,1953,1953,0.00688770213225689,0.00344385106612843
0.14889265813029,0.127032399995186,1954,1954,0.00688770213225689,0.00344385106612847
0.14323248564789,0.123107748656254,1955,1955,0.00688770213225689,0.00344385106612843
0.14889265813029,0.127032399995186,1956,1956,0.00688770213225689,0.00344385106612847
0.14323248564789,0.123107748656254,1957,1957,0.00688770213225689,0.00344385106612843
0.14889265813029,0.127032399995186,1958,1958,0.00688770213225689,0.00344385106612847
0.14323248564789,0.123107748656254,1959,1959,0.00688770213225689,0.00344385106612843
0.14889265813029,0.127032399995186,1960,1960,0.00688770213225689,0.00344385106612847
0.14323248564789,0.123107748656254,1961,1961,0.00688770213225689,0.00344385106612843
0.14889265813029,0.127032399995186,1962,1962,0.00688770213225689,0.00344385106612847
0.14323248564789,0.123107748656254,1963,1963,0.00688770213225689,0.00344385106612843
0.14889265813029,0.127032399995186,1964,1964,0.00688770213225689,0.00344385106612847
0.14323248564789,0.123107748656254,1965,1965,0.00688770213225689,0.00344385106612843
0.14889265813029,0.127032399995186,1966,1966,0.00688770213225689,0.00344385106612847
0.14323248564789,0.123107748656254,1967,1967,0.00688770213225689,0.00344385106612843
0.14889265813029,0.127032399995186,1968,1968,0.00688770213225689,0.00344385106612847
0.14323248564789,0.123107748656254,1969,1969,0.00688770213225689,0.00344385106612843
0.14889265813029,0.127032399995186,1970,1970,0.00688770213225689,0.00344385106612847
0.14323248564789,0.123107748656254,1971,1971,0.00688770213225689,0.00344385106612843
0.14889265813029,0.127032399995186,1972,1972,0.00688770213225689,0.00344385106612847
0.14323248564789,0.123107748656254,1973,1973,0.00688770213225689,0.00344385106612843
0.14889265813029,0.127032399995186,1974,1974,0.00688770213225689,0.00344385106612847
0.14323248564789,0.123107748656254,1975,1975,0.00688770213225689,0.00344385106612843
0.14889265813029,0.127032399995186,1976,1976,0.00688770213225689,0.00344385106612847
0.14323248564789,0.123107748656254,1977,1977,0.00688770213225689,0.00344385106612843
0.14889265813029,0.127032399995186,1978,1978,0.00688770213225689,0.00344385106612847
0.14323248564789,0.123107748656254,1979,1979,0.00688770213225689,0.00344385106612843
0.14889265813029,0.127032399995186,1980,1980,0.00688770213225689,0.00344385106612847
0.14323248564789,0.123107748656254,1981,1981,0.00688770213225689,0.00344385106612843
0.14889265813029,0.127032399995186,1982,1982,0.00688770213225689,0.00344385106612847
0.14323248564789,0.123107748656254,1983,1983,0.00688770213225689,0.00344385106612843
0.14889265813029,0.127032399995186,1984,1984,0.00688770213225689,0.00344385106612847
0.14323248564789,0.123107748656254,1985,1985,0.00688770213225689,0.00344385106612843
0.14889265813029,0.127032399995186,1986,1986,0.00688770213225689,0.00344385106612847
0.14323248564789,0.123107748656254,1987,1987,0.00688770213225689,0.00344385106612843
0.14889265813029,0.127032399995186,1988,1988,0.00688770213225689,0.00344385106612847
0.14323248564789,0.123107748656254,1989,1989,0.00688770213225689,0.00344385106612843
0.14889265813029,0.127032399995186,1990,1990,0.00688770213225689,0.00344385106612847
0.14323248564789,0.123107748656254,1991,1991,0.00688770213225689,0.00344385106612843
0.14889265813029,0.127032399995186,1992,1992,0.00688770213225689,0.00344385106612847
0.14323248564789,0.123107748656254,1993,1993,0.00688770213225689,0.00344385106612843
0.14889265813029,0.127032399995186,1994,1994,0.00688770213225689,0.00344385106612847
0.14323248564789,0.123107748656254,1995,1995,0.00688770213225689,0.00344385106612843
0.14889265813029,0.127032399995186,1996,1996,0.00688770213225689,0.00344385106612847
0.14323248564789,0.123107748656254,1997,1997,0.00688770213225689,0.00344385106612843
0.14889265813029,0.127032399995186,1998,1998,0.00688770213225689,0.00344385106612847
0.14323248564789,0.123107748656254,1999,1999,0.00688770213225689,0.00344385106612843
0.14889265813029,0.127032399995186,2000,2000,0.00688770213225689,0.00344385106612847
0.14323248564789,0.123107748656254,2001,2001,0.00688770213225689,0.00344385106612843
0.14889265813029,0.127032399995186,2002,2002,0.00688770213225689,0.00344385106612847
0.14323248564789,0.123107748656254,2003,2003,0.00688770213225689,0.00344385106612843
0.14889265813029,0.127032399995186,2004,2004,0.00688770213225689,0.00344385106612847
0.14323248564789,0.123107748656254,2005,2005,0.00688770213225689,0.00344385106612843
0.14889265813029,0.127032399995186,2006,2006,0.00688770213225689,0.00344385106612847
0.14323248564789,0.123107748656254,2007,2007,0.00688770213225689,0.00344385106612843
0.14889265813029,0.127032399995186,2008,2008,0.00688770213225689,0.00344385106612847
0.14323248564789,0.123107748656254,2009,2009,0.00688770213225689,0.00344385106612843
0.14889265813029,0.127032399995186,2010,2010,0.00688770213225689,0.00344385106612847
0.14323248564789,0.123107748656254,2011,2011,0.00688770213225689,0.00344385106612843
0.14889265813029,0.127032399995186,2012,2012,0.00688770213225689,0.00344385106612847
0.14323248564789,0.123107748656254,2013,2013,0.00688770213225689,0.00344385106612843
0.14889265813029,0.127032399995186,2014,2014,0.00688770213225689,0.00344385106612847
0.14323248564789,0.123107748656254,2015,2015,0.00688770213225689,0.00344385106612843
0.14889265813029,0.127032399995186,2016,2016,0.00688770213225689,0.00344385106612847
0.14323248564789,0.123107748656254,2017,2017,0.00688770213225689,0.00344385106612843
0.14889265813029,0.127032399995186,2018,2018,0.00688770213225689,0.00344385106612847
0.14323248564789,0.123107748656254,2019,2019,0.00688770213225689,0.00344385106612843
0.14889265813029,0.127032399995186,2020,2020,0.00688770213225689,0.00344385106612847
0.14323248564789,0.123107748656254,2021,2021,0.00688770213225689,0.00344385106612843
0.14889265813029,0.127032399995186,2022,2022,0.00688770213225689,0.00344385106612847
0.14323248564789,0.123107748656254,2023,2023,0.00688770213225689,0.00344385106612843
0.14889265813029,0.127032399995186,2024,2024,0.00688770213225689,0.00344385106612847
0.14323248564789,0.123107748656254,2025,2025,0.00688770213225689,0.00344385106612843
0.14889265813029,0.127032399995186,2026,2026,0.00688770213225689,0.00344385106612847
0.14323248564789,0.123107748656254,2027,2027,0.00688770213225689,0.00344385106612843
0.14889265813029,0.127032399995186,2028,2028,0.00688770213225689,0.00344385106612847
0.14323248564789,0.123107748656254,2029,2029,0.00688770213225689,0.00344385106612843
0.14889265813029,0.127032399995186,2030,2030,0.00688770213225689,0.00344385106612847
0.14323248564789,0.123107748656254,2031,2031,0.00688770213225689,0.00344385106612843
0.14889265813029,0.127032399995186,2032,2032,0.00688770213225689,0.00344385106612847
0.14323248564789,0.123107748656254,2033,2033,0.00688770213225689,0.00344385106612843
0.14889265813029,0.127032399995186,2034,2034,0.00688770213225689,0.00344385106612847
0.14323248564789,0.123107748656254,2035,2035,0.00688770213225689,0.00344385106612843
0.14889265813029,0.127032399995186,2036,2036,0.00688770213225689,0.00344385106612847
0.14323248564789,0.123107748656254,2037,2037,0.00688770213225689,0.00344385106612843
0.14889265813029,0.127032399995186,2038,2038,0.00688770213225689,0.00344385106612847
0.14323248564789,0.123107748656254,2039,2039,0.00688770213225689,0.00344385106612843
0.14889265813029,0.127032399995186,2040,2040,0.00688770213225689,0.00344385106612847
0.14323248564789,0.123107748656254,2041,2041,0.00688770213225689,0.00344385106612843
0.14889265813029,0.127032399995186,2042,2042,0.00688770213225689,0.00344385106612847
0.14323248564789,0.123107748656254,2043,2043,0.00688770213225689,0.00344385106612843
0.14889265813029,0.127032399995186,2044,2044,0.00688770213225689,0.00344385106612847
0.14323248564789,0.123107748656254,2045,2045,0.00688770213225689,0.00344385106612843
0.14889265813029,0.127032399995186,2046,2046,0.00688770213225689,0.00344385106612847
0.14323248564789,0.123107748656254,2047,2047,0.00688770213225689,0.00344385106612843
0.14889265813029,0.127032399995186,2048,2048,0.00688770213225689,0.00344385106612847
0.14323248564789,0.123107748656254,2049,2049,0.00688770213225689,0.00344385106612843
0.14889265813029,0.127032399995186,2050,2050,0.00688770213225689,0.00344385106612847
0.14323248564789,0.123107748656254,2051,2051,0.00688770213225689,0.00344385106612843
0.14889265813029,0.127032399995186,2052,2052,0.00688770213225689,0.00344385106612847
0.14323248564789,0.123107748656254,2053,2053,0.00688770213225689,0.00344385106612843
0.14889265813029,0.127032399995186,2054,2054,0.00688770213225689,0.00344385106612847
0.14323248564789,0.123107748656254,2055,2055,0.00688770213225689,0.00344385106612843
0.14889265813029,0.127032399995186,2056,2056,0.00688770213225689,0.00344385106612847
0.14323248564789,0.123107748656254,2057,2057,0.00688770213225689,0.00344385106612843
0.14889265813029,0.127032399995186,2058,2058,0.00688770213225689,0.00344385106612847
0.14323248564789,0.123107748656254,2059,2059,0.00688770213225689,0.00344385106612843
0.14889265813029,0.127032399995186,2060,2060,0.00688770213225689,0.00344385106612847
0.14323248564789,0.123107748656254,2061,2061,0.00688770213225689,0.00344385106612843
0.14889265813029,0.127032399995186,2062,2062,0.00688770213225689,0.00344385106612847
0.14323248564789,0.123107748656254,2063,2063,0.00688770213225689,0.00344385106612843
0.14889265813029,0.127032399995186,2064,2064,0.00688770213225689,0.00344385106612847
0.14323248564789,0.123107748656254,2065,2065,0.00688770213225689,0.00344385106612843
0.14889265813029,0.127032399995186,2066,2066,0.00688770213225689,0.00344385106612847
0.14323248564789,0.123107748656254,2067,2067,0.00688770213225689,0.00344385106612843
0.14889265813029,0.127032399995186,2068,2068,0.00688770213225689,0.00344385106612847
0.14323248564789,0.123107748656254,2069,2069,0.00688770213225689,0.00344385106612843
0.14889265813029,0.127032399995186,2070,2070,0.00688770213225689,0.00344385106612847
0.14323248564789,0.123107748656254,2071,2071,0.00688770213225689,0.00344385106612843
0.14889265813029,0.127032399995186,2072,2072,0.00688770213225689,0.00344385106612847
0.14323248564789,0.123107748656254,2073,2073,0.00688770213225689,0.00344385106612843
0.14889265813029,0.127032399995186,2074,2074,0.00688770213225689,0.00344385106612847
0.14323248564789,0.123107748656254,2075,2075,0.00688770213225689,0.00344385106612843
0.14889265813029,0.127032399995186,2076,2076,0.00688770213225689,0.00344385106612847
0.14323248564789,0.123107748656254,2077,2077,0.00688770213225689,0.00344385106612843
0.14889265813029,0.127032399995186,2078,2078,0.00688770213225689,0.00344385106612847
0.14323248564789,0.123107748656254,2079,2079,0.00688770213225689,0.00344385106612843
0.14889265813029,0.127032399995186,2080,2080,0.00688770213225689,0.00344385106612847
0.14323248564789,0.123107748656254,2081,2081,0.00688770213225689,0.00344385106612843
0.14889265813029,0.127032399995186,2082,2082,0.00688770213225689,0.00344385106612847
0.14323248564789,0.123107748656254,2083,2083,0.00688770213225689,0.00344385106612843
0.14889265813029,0.127032399995186,2084,2084,0.00688770213225689,0.00344385106612847
0.14323248564789,0.123107748656254,2085,2085,0.00688770213225689,0.00344385106612843
0.14889265813029,0.127032399995186,2086,2086,0.00688770213225689,0.00344385106612847
0.14323248564789,0.123107748656254,2087,2087,0.00688770213225689,0.00344385106612843
0.14889265813029,0.127032399995186,2088,2088,0.00688770213225689,0.00344385106612847
0.14323248564789,0.123107748656254,2089,2089,0.00688770213225689,0.00344385106612843
0.14889265813029,0.127032399995186,2090,2090,0.00688770213225689,0.00344385106612847
0.14323248564789,0.123107748656254,2091,2091,0.00688770213225689,0.00344385106612843
0.14889265813029,0.127032399995186,2092,2092,0.00688770213225689,0.00344385106612847
0.14323248564789,0.123107748656254,2093,2093,0.00688770213225689,0.00344385106612843
0.14889265813029,0.127032399995186,2094,2094,0.00688770213225689,0.00344385106612847
0.14323248564789,0.123107748656254,2095,2095,0.00688770213225689,0.00344385106612843
0.14889265813029,0.127032399995186,2096,2096,0.00688770213225689,0.00344385106612847
0.14323248564789,0.123107748656254,2097,2097,0.00688770213225689,0.00344385106612843
0.14889265813029,0.127032399995186,2098,2098,0.00688770213225689,0.00344385106612847
0.14323248564789,0.123107748656254,2099,2099,0.00688770213225689,0.00344385106612843
0.14889265813029,0.127032399995186,2100,2100,0.00688770213225689,0.00344385106612847
0.14323248564789,0.123107748656254,2101,2101,0.00688770213225689,0.00344385106612843
0.14889265813029,0.127032399995186,2102,2102,0.00688770213225689,0.00344385106612847
0.14323248564789,0.123107748656254,2103,2103,0.00688770213225689,0.00344385106612843
0.14889265813029,0.127032399995186,2104,2104,0.00688770213225689,0.00344385106612847
0.14323248564789,0.123107748656254,2105,2105,0.00688770213225689,0.00344385106612843
0.14889265813029,0.127032399995186,2106,2106,0.00688770213225689,0.00344385106612847
0.14323248564789,0.123107748656254,2107,2107,0.00688770213225689,0.00344385106612843
0.14889265813029,0.127032399995186,2108,2108,0.00688770213225689,0.00344385106612847
0.14323248564789,0.123107748656254,2109,2109,0.00688770213225689,0.00344385106612843
0.14889265813029,0.127032399995186,2110,2110,0.00688770213225689,0.00344385106612847
0.14323248564789,0.123107748656254,2111,2111,0.00688770213225689,0.00344385106612843
0.14889265813029,0.127032399995186,2112,2112,0.00688770213225689,0.00344385106612847
0.14323248564789,0.123107748656254,2113,2113,0.00688770213225689,0.00344385106612843
0.14889265813029,0.127032399995186,2114,2114,0.00688770213225689,0.00344385106612847
0.14323248564789,0.123107748656254,2115,2115,0.00688770213225689,0.00344385106612843
0.14889265813029,0.127032399995186,2116,2116,0.00688770213225689,0.00344385106612847
0.14323248564789,0.123107748656254,2117,2117,0.00688770213225689,0.00344385106612843
0.14889265813029,0.127032399995186,2118,2118,0.00688770213225689,0.00344385106612847
0.14323248564789,0.123107748656254,2119,2119,0.00688770213225689,0.00344385106612843
0.14889265813029,0.127032399995186,2120,2120,0.00688770213225689,0.00344385106612847
0.14323248564789,0.123107748656254,2121,2121,0.00688770213225689,0.00344385106612843
0.14889265813029,0.127032399995186,2122,2122,0.00688770213225689,0.00344385106612847
0.14323248564789,0.123107748656254,2123,2123,0.00688770213225689,0.00344385106612843
0.14889265813029,0.127032399995186,2124,2124,0.00688770213225689,0.00344385106612847
0.14323248564789,0.123107748656254,2125,2125,0.00688770213225689,0.00344385106612843
0.14889265813029,0.127032399995186,2126,2126,0.00688770213225689,0.00344385106612847
0.14323248564789,0.123107748656254,2127,2127,0.00688770213225689,0.00344385106612843
0.14889265813029,0.127032399995186,2128,2128,0.00688770213225689,0.00344385106612847
0.14323248564789,0.123107748656254,2129,2129,0.00688770213225689,0.00344385106612843
0.14889265813029,0.127032399995186,2130,2130,0.00688770213225689,0.00344385106612847
0.14323248564789,0.123107748656254,2131,2131,0.00688770213225689,0.00344385106612843
0.14889265813029,0.127032399995186,2132,2132,0.00688770213225689,0.00344385106612847
0.14323248564789,0.123107748656254,2133,2133,0.00688770213225689,0.00344385106612843
0.14889265813029,0.127032399995186,2134,2134,0.00688770213225689,0.00344385106612847
0.14323248564789,0.123107748656254,2135,2135,0.00688770213225689,0.00344385106612843
0.14889265813029,0.127032399995186,2136,2136,0.00688770213225689,0.00344385106612847
0.14323248564789,0.123107748656254,2137,2137,0.00688770213225689,0.00344385106612843
0.14889265813029,0.127032399995186,2138,2138,0.00688770213225689,0.00344385106612847
0.14323248564789,0.123107748656254,2139,2139,0.00688770213225689,0.00344385106612843
0.14889265813029,0.127032399995186,2140,2140,0.00688770213225689,0.00344385106612847
0.14323248564789,0.123107748656254,2141,2141,0.00688770213225689,0.00344385106612843
0.14889265813029,0.127032399995186,2142,2142,0.00688770213225689,0.00344385106612847
0.14323248564789,0.123107748656254,2143,2143,0.00688770213225689,0.00344385106612843
0.14889265813029,0.127032399995186,2144,2144,0.00688770213225689,0.00344385106612847
0.14323248564789,0.123107748656254,2145,2145,0.00688770213225689,0.00344385106612843
0.14889265813029,0.127032399995186,2146,2146,0.00688770213225689,0.00344385106612847
0.14323248564789,0.123107748656254,2147,2147,0.00688770213225689,0.00344385106612843
0.14889265813029,0.127032399995186,2148,2148,0.00688770213225689,0.00344385106612847
0.14323248564789,0.123107748656254,2149,2149,0.00688770213225689,0.00344385106612843
0.14889265813029,0.127032399995186,2150,2150,0.00688770213225689,0.00344385106612847
0.14323248564789,0.123107748656254,2151,2151,0.00688770213225689,0.00344385106612843
0.14889265813029,0.127032399995186,2152,2152,0.00688770213225689,0.00344385106612847
0.14323248564789,0.123107748656254,2153,2153,0.00688770213225689,0.00344385106612843
0.14889265813029,0.127032399995186,2154,2154,0.00688770213225689,0.00344385106612847
0.14323248564789,0.123107748656254,2155,2155,0.00688770213225689,0.00344385106612843
0.14889265813029,0.127032399995186,2156,2156,0.00688770213225689,0.00344385106612847
0.14323248564789,0.123107748656254,2157,2157,0.00688770213225689,0.00344385106612843
0.14889265813029,0.127032399995186,2158,2158,0.00688770213225689,0.00344385106612847
0.14323248564789,0.123107748656254,2159,2159,0.00688770213225689,0.00344385106612843
0.14889265813029,0.127032399995186,2160,2160,0.00688770213225689,0.00344385106612847
0.14323248564789,0.123107748656254,2161,2161,0.00688770213225689,0.00344385106612843
0.14889265813029,0.127032399995186,2162,2162,0.00688770213225689,0.00344385106612847
0.14323248564789,0.123107748656254,2163,2163,0.00688770213225689,0.00344385106612843
0.14889265813029,0.127032399995186,2164,2164,0.00688770213225689,0.00344385106612847
0.14323248564789,0.123107748656254,2165,2165,0.00688770213225689,0.00344385106612843
0.14889265813029,0.127032399995186,2166,2166,0.00688770213225689,0.00344385106612847
0.14323248564789,0.123107748656254,2167,2167,0.00688770213225689,0.00344385106612843
0.14889265813029,0.127032399995186,2168,2168,0.00688770213225689,0.00344385106612847
0.14323248564789,0.123107748656254,2169,2169,0.00688770213225689,0.00344385106612843
0.14889265813029,0.127032399995186,2170,2170,0.00688770213225689,0.00344385106612847
0.14323248564789,0.123107748656254,2171,2171,0.00688770213225689,0.00344385106612843
0.14889265813029,0.127032399995186,2172,2172,0.00688770213225689,0.00344385106612847
0.14323248564789,0.123107748656254,2173,2173,0.00688770213225689,0.00344385106612843
0.14889265813029,0.127032399995186,2174,2174,0.00688770213225689,0.00344385106612847
0.14323248564789,0.123107748656254,2175,2175,0.00688770213225689,0.00344385106612843
0.14889265813029,0.127032399995186,2176,2176,0.00688770213225689,0.00344385106612847
0.14323248564789,0.123107748656254,2177,2177,0.00688770213225689,0.00344385106612843
0.14889265813029,0.127032399995186,2178,2178,0.00688770213225689,0.00344385106612847
0.14323248564789,0.123107748656254,2179,2179,0.00688770213225689,0.00344385106612843
0.14889265813029,0.127032399995186,2180,2180,0.00688770213225689,0.00344385106612847
0.14323248564789,0.123107748656254,2181,2181,0.00688770213225689,0.00344385106612843
0.14889265813029,0.127032399995186,2182,2182,0.00688770213225689,0.00344385106612847
0.14323248564789,0.123107748656254,2183,2183,0.00688770213225689,0.00344385106612843
0.14889265813029,0.127032399995186,2184,2184,0.00688770213225689,0.00344385106612847
0.14323248564789,0.123107748656254,2185,2185,0.00688770213225689,0.00344385106612843
0.14889265813029,0.127032399995186,2186,2186,0.00688770213225689,0.00344385106612847
0.14323248564789,0.123107748656254,2187,2187,0.00688770213225689,0.00344385106612843
0.14889265813029,0.127032399995186,2188,2188,0.00688770213225689,0.00344385106612847
0.14323248564789,0.123107748656254,2189,2189,0.00688770213225689,0.00344385106612843
0.14889265813029,0.127032399995186,2190,2190,0.00688770213225689,0.00344385106612847
0.14323248564789,0.123107748656254,2191,2191,0.00688770213225689,0.00344385106612843
0.14889265813029,0.127032399995186,2192,2192,0.00688770213225689,0.00344385106612847
0.14323248564789,0.123107748656254,2193,2193,0.00688770213225689,0.00344385106612843
0.14889265813029,0.127032399995186,2194,2194,0.00688770213225689,0.00344385106612847
0.14323248564789,0.123107748656254,2195,2195,0.00688770213225689,0.00344385106612843
0.14889265813029,0.127032399995186,2196,2196,0.00688770213225689,0.00344385106612847
0.14323248564789,0.123107748656254,2197,2197,0.00688770213225689,0.00344385106612843
0.14889265813029,0.127032399995186,2198,2198,0.00688770213225689,0.00344385106612847
0.14323248564789,0.123107748656254,2199,2199,0.00688770213225689,0.00344385106612843
0.14889265813029,0.127032399995186,2200,2200,0.00688770213225689,0.00344385106612847
0.14323248564789,0.123107748656254,2201,2201,0.00688770213225689,0.00344385106612843
0.14889265813029,0.127032399995186,2202,2202,0.00688770213225689,0.00344385106612847
0.14323248564789,0.123107748656254,2203,2203,0.00688770213225689,0.00344385106612843
0.14889265813029,0.127032399995186,2204,2204,0.00688770213225689,0.00344385106612847
0.14323248564789,0.123107748656254,2205,2205,0.00688770213225689,0.00344385106612843
0.14889265813029,0.127032399995186,2206,2206,0.00688770213225689,0.00344385106612847
0.14323248564789,0.123107748656254,2207,2207,0.00688770213225689,0.00344385106612843
0.14889265813029,0.127032399995186,2208,2208,0.00688770213225689,0.00344385106612847
0.14323248564789,0.123107748656254,2209,2209,0.00688770213225689,0.00344385106612843
0.14889265813029,0.127032399995186,2210,2210,0.00688770213225689,0.00344385106612847
0.14323248564789,0.123107748656254,2211,2211,0.00688770213225689,0.00344385106612843
0.14889265813029,0.127032399995186,2212,2212,0.00688770213225689,0.00344385106612847
0.14323248564789,0.123107748656254,2213,2213,0.00688770213225689,0.00344385106612843
0.14889265813029,0.127032399995186,2214,2214,0.00688770213225689,0.00344385106612847
0.14323248564789,0.123107748656254,2215,2215,0.00688770213225689,0.00344385106612843
0.14889265813029,0.127032399995186,2216,2216,0.00688770213225689,0.00344385106612847
0.14323248564789,0.123107748656254,2217,2217,0.00688770213225689,0.00344385106612843
0.14889265813029,0.127032399995186,2218,2218,0.00688770213225689,0.00344385106612847
0.14323248564789,0.123107748656254,2219,2219,0.00688770213225689,0.00344385106612843
0.14889265813029,0.127032399995186,2220,2220,0.00688770213225689,0.00344385106612847
0.14323248564789,0.123107748656254,2221,2221,0.00688770213225689,0.00344385106612843
0.14889265813029,0.127032399995186,2222,2222,0.00688770213225689,0.00344385106612847
0.14323248564789,0.123107748656254,2223,2223,0.00688770213225689,0.00344385106612843
0.14889265813029,0.127032399995186,2224,2224,0.00688770213225689,0.00344385106612847
0.14323248564789,0.123107748656254,2225,2225,0.00688770213225689,0.00344385106612843
0.14889265813029,0.127032399995186,2226,2226,0.00688770213225689,0.00344385106612847
0.14323248564789,0.123107748656254,2227,2227,0.00688770213225689,0.00344385106612843
0.14889265813029,0.127032399995186,2228,2228,0.00688770213225689,0.00344385106612847
0.14323248564789,0.123107748656254,2229,2229,0.00688770213225689,0.00344385106612843
0.14889265813029,0.127032399995186,2230,2230,0.00688770213225689,0.00344385106612847
0.14323248564789,0.123107748656254,2231,2231,0.00688770213225689,0.00344385106612843
0.14889265813029,0.127032399995186,2232,2232,0.00688770213225689,0.00344385106612847
0.14323248564789,0.123107748656254,2233,2233,0.00688770213225689,0.00344385106612843
0.14889265813029,0.127032399995186,2234,2234,0.00688770213225689,0.00344385106612847
0.14323248564789,0.123107748656254,2235,2235,0.00688770213225689,0.00344385106612843
0.14889265813029,0.127032399995186,2236,2236,0.00688770213225689,0.00344385106612847
0.14323248564789,0.123107748656254,2237,2237,0.00688770213225689,0.00344385106612843
0.14889265813029,0.127032399995186,2238,2238,0.00688770213225689,0.00344385106612847
0.14323248564789,0.123107748656254,2239,2239,0.00688770213225689,0.00344385106612843
0.14889265813029,0.127032399995186,2240,2240,0.00688770213225689,0.00344385106612847
0.14323248564789,0.123107748656254,2241,2241,0.00688770213225689,0.00344385106612843
0.14889265813029,0.127032399995186,2242,2242,0.00688770213225689,0.00344385106612847
0.14323248564789,0.123107748656254,2243,2243,0.00688770213225689,0.00344385106612843
0.14889265813029,0.127032399995186,2244,2244,0.00688770213225689,0.00344385106612847
0.14323248564789,0.123107748656254,2245,2245,0.00688770213225689,0.00344385106612843
0.14889265813029,0.127032399995186,2246,2246,0.00688770213225689,0.00344385106612847
0.14323248564789,0.123107748656254,2247,2247,0.00688770213225689,0.00344385106612843
0.14889265813029,0.127032399995186,2248,2248,0.00688770213225689,0.00344385106612847
0.14323248564789,0.123107748656254,2249,2249,0.00688770213225689,0.00344385106612843
0.14889265813029,0.127032399995186,2250,2250,0.00688770213225689,0.00344385106612847
0.14323248564789,0.123107748656254,2251,2251,0.00688770213225689,0.00344385106612843
0.14889265813029,0.127032399995186,2252,2252,0.00688770213225689,0.00344385106612847
0.14323248564789,0.123107748656254,2253,2253,0.00688770213225689,0.00344385106612843
0.14889265813029,0.127032399995186,2254,2254,0.00688770213225689,0.00344385106612847
0.14323248564789,0.123107748656254,2255,2255,0.00688770213225689,0.00344385106612843
0.14889265813029,0.127032399995186,2256,2256,0.00688770213225689,0.00344385106612847
0.14323248564789,0.123107748656254,2257,2257,0.00688770213225689,0.00344385106612843
0.14889265813029,0.127032399995186,2258,2258,0.00688770213225689,0.00344385106612847
0.14323248564789,0.123107748656254,2259,2259,0.00688770213225689,0.00344385106612843
0.14889265813029,0.127032399995186,2260,2260,0.00688770213225689,0.00344385106612847
0.14323248564789,0.123107748656254,2261,2261,0.00688770213225689,0.00344385106612843
0.14889265813029,0.127032399995186,2262,2262,0.00688770213225689,0.00344385106612847
0.14323248564789,0.123107748656254,2263,2263,0.00688770213225689,0.00344385106612843
0.14889265813029,0.127032399995186,2264,2264,0.00688770213225689,0.00344385106612847
0.14323248564789,0.123107748656254,2265,2265,0.00688770213225689,0.00344385106612843
0.14889265813029,0.127032399995186,2266,2266,0.00688770213225689,0.00344385106612847
0.14323248564789,0.123107748656254,2267,2267,0.00688770213225689,0.00344385106612843
0.14889265813029,0.127032399995186,2268,2268,0.00688770213225689,0.00344385106612847
0.14323248564789,0.123107748656254,2269,2269,0.00688770213225689,0.00344385106612843
0.14889265813029,0.127032399995186,2270,2270,0.00688770213225689,0.00344385106612847
0.14323248564789,0.123107748656254,2271,2271,0.00688770213225689,0.00344385106612843
0.14889265813029,0.127032399995186,2272,2272,0.00688770213225689,0.00344385106612847
0.14323248564789,0.123107748656254,2273,2273,0.00688770213225689,0.00344385106612843
0.14889265813029,0.127032399995186,2274,2274,0.00688770213225689,0.00344385106612847
0.14323248564789,0.123107748656254,2275,2275,0.00688770213225689,0.00344385106612843
0.14889265813029,0.127032399995186,2276,2276,0.00688770213225689,0.00344385106612847
0.14323248564789,0.123107748656254,2277,2277,0.00688770213225689,0.00344385106612843
0.14889265813029,0.127032399995186,2278,2278,0.00688770213225689,0.00344385106612847
0.14323248564789,0.123107748656254,2279,2279,0.00688770213225689,0.00344385106612843
0.14889265813029,0.127032399995186,2280,2280,0.00688770213225689,0.00344385106612847
0.14323248564789,0.123107748656254,2281,2281,0.00688770213225689,0.00344385106612843
0.14889265813029,0.127032399995186,2282,2282,0.00688770213225689,0.00344385106612847
0.14323248564789,0.123107748656254,2283,2283,0.00688770213225689,0.00344385106612843
0.14889265813029,0.127032399995186,2284,2284,0.00688770213225689,0.00344385106612847
0.14323248564789,0.123107748656254,2285,2285,0.00688770213225689,0.00344385106612843
0.14889265813029,0.127032399995186,2286,2286,0.00688770213225689,0.00344385106612847
0.14323248564789,0.123107748656254,2287,2287,0.00688770213225689,0.00344385106612843
0.14889265813029,0.127032399995186,2288,2288,0.00688770213225689,0.00344385106612847
0.14323248564789,0.123107748656254,2289,2289,0.00688770213225689,0.00344385106612843
0.14889265813029,0.127032399995186,2290,2290,0.00688770213225689,0.00344385106612847
0.14323248564789,0.123107748656254,2291,2291,0.00688770213225689,0.00344385106612843
0.14889265813029,0.127032399995186,2292,2292,0.00688770213225689,0.00344385106612847
0.14323248564789,0.123107748656254,2293,2293,0.00688770213225689,0.00344385106612843
0.14889265813029,0.127032399995186,2294,2294,0.00688770213225689,0.00344385106612847
0.14323248564789,0.123107748656254,2295,2295,0.00688770213225689,0.00344385106612843
0.14889265813029,0.127032399995186,2296,2296,0.00688770213225689,0.00344385106612847
0.14323248564789,0.123107748656254,2297,2297,0.00688770213225689,0.00344385106612843
0.14889265813029,0.127032399995186,2298,2298,0.00688770213225689,0.00344385106612847
0.14323248564789,0.123107748656254,2299,2299,0.00688770213225689,0.00344385106612843
0.14889265813029,0.127032399995186,2300,2300,0.00688770213225689,0.00344385106612847
0.14323248564789,0.123107748656254,2301,2301,0.00688770213225689,0.00344385106612843
0.14889265813029,0.127032399995186,2302,2302,0.00688770213225689,0.00344385106612847
0.14323248564789,0.123107748656254,2303,2303,0.00688770213225689,0.00344385106612843
0.14889265813029,0.127032399995186,2304,2304,0.00688770213225689,0.00344385106612847
0.14323248564789,0.123107748656254,2305,2305,0.00688770213225689,0.00344385106612843
0.14889265813029,0.127032399995186,2306,2306,0.00688770213225689,0.00344385106612847
0.14323248564789,0.123107748656254,2307,2307,0.00688770213225689,0.00344385106612843
0.14889265813029,0.127032399995186,2308,2308,0.00688770213225689,0.00344385106612847
0.14323248564789,0.123107748656254,2309,2309,0.00688770213225689,0.00344385106612843
0.14889265813029,0.127032399995186,2310,2310,0.00688770213225689,0.00344385106612847
0.14323248564789,0.123107748656254,2311,2311,0.00688770213225689,0.00344385106612843
0.14889265813029,0.127032399995186,2312,2312,0.00688770213225689,0.00344385106612847
0.14323248564789,0.123107748656254,2313,2313,0.00688770213225689,0.00344385106612843
0.14889265813029,0.127032399995186,2314,2314,0.00688770213225689,0.00344385106612847
0.14323248564789,0.123107748656254,2315,2315,0.00688770213225689,0.00344385106612843
0.14889265813029,0.127032399995186,2316,2316,0.00688770213225689,0.00344385106612847
0.14323248564789,0.123107748656254,2317,2317,0.00688770213225689,0.00344385106612843
0.14889265813029,0.127032399995186,2318,2318,0.00688770213225689,0.00344385106612847
0.14323248564789,0.123107748656254,2319,2319,0.00688770213225689,0.00344385106612843
0.14889265813029,0.127032399995186,2320,2320,0.00688770213225689,0.00344385106612847
0.14323248564789,0.123107748656254,2321,2321,0.00688770213225689,0.00344385106612843
0.14889265813029,0.127032399995186,2322,2322,0.00688770213225689,0.00344385106612847
0.14323248564789,0.123107748656254,2323,2323,0.00688770213225689,0.00344385106612843
0.14889265813029,0.127032399995186,2324,2324,0.00688770213225689,0.00344385106612847
0.14323248564789,0.123107748656254,2325,2325,0.00688770213225689,0.00344385106612843
0.14889265813029,0.127032399995186,2326,2326,0.00688770213225689,0.00344385106612847
0.14323248564789,0.123107748656254,2327,2327,0.00688770213225689,0.00344385106612843
0.14889265813029,0.127032399995186,2328,2328,0.00688770213225689,0.00344385106612847
0.14323248564789,0.123107748656254,2329,2329,0.00688770213225689,0.00344385106612843
0.14889265813029,0.127032399995186,2330,2330,0.00688770213225689,0.00344385106612847
0.14323248564789,0.123107748656254,2331,2331,0.00688770213225689,0.00344385106612843
0.14889265813029,0.127032399995186,2332,2332,0.00688770213225689,0.00344385106612847
0.14323248564789,0.123107748656254,2333,2333,0.00688770213225689,0.00344385106612843
0.14889265813029,0.127032399995186,2334,2334,0.00688770213225689,0.00344385106612847
0.14323248564789,0.123107748656254,2335,2335,0.00688770213225689,0.00344385106612843
0.14889265813029,0.127032399995186,2336,2336,0.00688770213225689,0.00344385106612847
0.14323248564789,0.123107748656254,2337,2337,0.00688770213225689,0.00344385106612843
0.14889265813029,0.127032399995186,2338,2338,0.00688770213225689,0.00344385106612847
0.14323248564789,0.123107748656254,2339,2339,0.00688770213225689,0.00344385106612843
0.14889265813029,0.127032399995186,2340,2340,0.00688770213225689,0.00344385106612847
0.14323248564789,0.123107748656254,2341,2341,0.00688770213225689,0.00344385106612843
0.14889265813029,0.127032399995186,2342,2342,0.00688770213225689,0.00344385106612847
0.14323248564789,0.123107748656254,2343,2343,0.00688770213225689,0.00344385106612843
0.14889265813029,0.127032399995186,2344,2344,0.00688770213225689,0.00344385106612847
0.14323248564789,0.123107748656254,2345,2345,0.00688770213225689,0.00344385106612843
0.14889265813029,0.127032399995186,2346,2346,0.00688770213225689,0.00344385106612847
0.14323248564789,0.123107748656254,2347,2347,0.00688770213225689,0.00344385106612843
0.14889265813029,0.127032399995186,2348,2348,0.00688770213225689,0.00344385106612847
0.14323248564789,0.123107748656254,2349,2349,0.00688770213225689,0.00344385106612843
0.14889265813029,0.127032399995186,2350,2350,0.00688770213225689,0.00344385106612847
0.14323248564789,0.123107748656254,2351,2351,0.00688770213225689,0.00344385106612843
0.14889265813029,0.127032399995186,2352,2352,0.00688770213225689,0.00344385106612847
0.14323248564789,0.123107748656254,2353,2353,0.00688770213225689,0.00344385106612843
0.14889265813029,0.127032399995186,2354,2354,0.00688770213225689,0.00344385106612847
0.14323248564789,0.123107748656254,2355,2355,0.00688770213225689,0.00344385106612843
0.14889265813029,0.127032399995186,2356,2356,0.00688770213225689,0.00344385106612847
0.14323248564789,0.123107748656254,2357,2357,0.00688770213225689,0.00344385106612843
0.14889265813029,0.127032399995186,2358,2358,0.00688770213225689,0.00344385106612847
0.14323248564789,0.123107748656254,2359,2359,0.00688770213225689,0.00344385106612843
0.14889265813029,0.127032399995186,2360,2360,0.00688770213225689,0.00344385106612847
0.14323248564789,0.123107748656254,2361,2361,0.00688770213225689,0.00344385106612843
0.14889265813029,0.127032399995186,2362,2362,0.00688770213225689,0.00344385106612847
0.14323248564789,0.123107748656254,2363,2363,0.00688770213225689,0.00344385106612843
0.14889265813029,0.127032399995186,2364,2364,0.00688770213225689,0.00344385106612847
0.14323248564789,0.123107748656254,2365,2365,0.00688770213225689,0.00344385106612843
0.14889265813029,0.127032399995186,2366,2366,0.00688770213225689,0.00344385106612847
0.14323248564789,0.123107748656254,2367,2367,0.00688770213225689,0.00344385106612843
0.14889265813029,0.127032399995186,2368,2368,0.00688770213225689,0.00344385106612847
0.14323248564789,0.123107748656254,2369,2369,0.00688770213225689,0.00344385106612843
0.14889265813029,0.127032399995186,2370,2370,0.00688770213225689,0.00344385106612847
0.14323248564789,0.123107748656254,2371,2371,0.00688770213225689,0.00344385106612843
0.14889265813029,0.127032399995186,2372,2372,0.00688770213225689,0.00344385106612847
0.14323248564789,0.123107748656254,2373,2373,0.00688770213225689,0.00344385106612843
0.14889265813029,0.127032399995186,2374,2374,0.00688770213225689,0.00344385106612847
0.14323248564789,0.123107748656254,2375,2375,0.00688770213225689,0.00344385106612843
0.14889265813029,0.127032399995186,2376,2376,0.00688770213225689,0.00344385106612847
0.14323248564789,0.123107748656254,2377,2377,0.00688770213225689,0.00344385106612843
0.14889265813029,0.127032399995186,2378,2378,0.00688770213225689,0.00344385106612847
0.14323248564789,0.123107748656254,2379,2379,0.00688770213225689,0.00344385106612843
0.14889265813029,0.127032399995186,2380,2380,0.00688770213225689,0.00344385106612847
0.14323248564789,0.123107748656254,2381,2381,0.00688770213225689,0.00344385106612843
0.14889265813029,0.127032399995186,2382,2382,0.00688770213225689,0.00344385106612847
0.14323248564789,0.123107748656254,2383,2383,0.00688770213225689,0.00344385106612843
0.14889265813029,0.127032399995186,2384,2384,0.00688770213225689,0.00344385106612847
0.14323248564789,0.123107748656254,2385,2385,0.00688770213225689,0.00344385106612843
0.14889265813029,0.127032399995186,2386,2386,0.00688770213225689,0.00344385106612847
0.14323248564789,0.123107748656254,2387,2387,0.00688770213225689,0.00344385106612843
0.14889265813029,0.127032399995186,2388,2388,0.00688770213225689,0.00344385106612847
0.14323248564789,0.123107748656254,2389,2389,0.00688770213225689,0.00344385106612843
0.14889265813029,0.127032399995186,2390,2390,0.00688770213225689,0.00344385106612847
0.14323248564789,0.123107748656254,2391,2391,0.00688770213225689,0.00344385106612843
0.14889265813029,0.127032399995186,2392,2392,0.00688770213225689,0.00344385106612847
0.14323248564789,0.123107748656254,2393,2393,0.00688770213225689,0.00344385106612843
0.14889265813029,0.127032399995186,2394,2394,0.00688770213225689,0.00344385106612847
0.14323248564789,0.123107748656254,2395,2395,0.00688770213225689,0.00344385106612843
0.14889265813029,0.127032399995186,2396,2396,0.00688770213225689,0.00344385106612847
0.14323248564789,0.123107748656254,2397,2397,0.00688770213225689,0.00344385106612843
0.14889265813029,0.127032399995186,2398,2398,0.00688770213225689,0.00344385106612847
0.14323248564789,0.123107748656254,2399,2399,0.00688770213225689,0.00344385106612843
0.14889265813029,0.127032399995186,2400,2400,0.00688770213225689,0.00344385106612847
0.14323248564789,0.123107748656254,2401,2401,0.00688770213225689,0.00344385106612843
0.14889265813029,0.127032399995186,2402,2402,0.00688770213225689,0.00344385106612847
0.14323248564789,0.123107748656254,2403,2403,0.00688770213225689,0.00344385106612843
0.14889265813029,0.127032399995186,2404,2404,0.00688770213225689,0.00344385106612847
0.14323248564789,0.123107748656254,2405,2405,0.00688770213225689,0.00344385106612843
0.14889265813029,0.127032399995186,2406,2406,0.00688770213225689,0.00344385106612847
0.14323248564789,0.123107748656254,2407,2407,0.00688770213225689,0.00344385106612843
0.14889265813029,0.127032399995186,2408,2408,0.00688770213225689,0.00344385106612847
0.14323248564789,0.123107748656254,2409,2409,0.00688770213225689,0.00344385106612843
0.14889265813029,0.127032399995186,2410,2410,0.00688770213225689,0.00344385106612847
0.14323248564789,0.123107748656254,2411,2411,0.00688770213225689,0.00344385106612843
0.14889265813029,0.127032399995186,2412,2412,0.00688770213225689,0.00344385106612847
0.14323248564789,0.123107748656254,2413,2413,0.00688770213225689,0.00344385106612843
0.14889265813029,0.127032399995186,2414,2414,0.00688770213225689,0.00344385106612847
0.14323248564789,0.123107748656254,2415,2415,0.00688770213225689,0.00344385106612843
0.14889265813029,0.127032399995186,2416,2416,0.00688770213225689,0.00344385106612847
0.14323248564789,0.123107748656254,2417,2417,0.00688770213225689,0.00344385106612843
0.14889265813029,0.127032399995186,2418,2418,0.00688770213225689,0.00344385106612847
0.14323248564789,0.123107748656254,2419,2419,0.00688770213225689,0.00344385106612843
0.14889265813029,0.127032399995186,2420,2420,0.00688770213225689,0.00344385106612847
0.14323248564789,0.123107748656254,2421,2421,0.00688770213225689,0.00344385106612843
0.14889265813029,0.127032399995186,2422,2422,0.00688770213225689,0.00344385106612847
0.14323248564789,0.123107748656254,2423,2423,0.00688770213225689,0.00344385106612843
0.14889265813029,0.127032399995186,2424,2424,0.00688770213225689,0.00344385106612847
0.14323248564789,0.123107748656254,2425,2425,0.00688770213225689,0.00344385106612843
0.14889265813029,0.127032399995186,2426,2426,0.00688770213225689,0.00344385106612847
0.14323248564789,0.123107748656254,2427,2427,0.00688770213225689,0.00344385106612843
0.14889265813029,0.127032399995186,2428,2428,0.00688770213225689,0.00344385106612847
0.14323248564789,0.123107748656254,2429,2429,0.00688770213225689,0.00344385106612843
0.14889265813029,0.127032399995186,2430,2430,0.00688770213225689,0.00344385106612847
0.14323248564789,0.123107748656254,2431,2431,0.00688770213225689,0.00344385106612843
0.14889265813029,0.127032399995186,2432,2432,0.00688770213225689,0.00344385106612847
0.14323248564789,0.123107748656254,2433,2433,0.00688770213225689,0.00344385106612843
0.14889265813029,0.127032399995186,2434,2434,0.00688770213225689,0.00344385106612847
0.14323248564789,0.123107748656254,2435,2435,0.00688770213225689,0.00344385106612843
0.14889265813029,0.127032399995186,2436,2436,0.00688770213225689,0.00344385106612847
0.14323248564789,0.123107748656254,2437,2437,0.00688770213225689,0.00344385106612843
0.14889265813029,0.127032399995186,2438,2438,0.00688770213225689,0.00344385106612847
0.14323248564789,0.123107748656254,2439,2439,0.00688770213225689,0.00344385106612843
0.14889265813029,0.127032399995186,2440,2440,0.00688770213225689,0.00344385106612847
0.14323248564789,0.123107748656254,2441,2441,0.00688770213225689,0.00344385106612843
0.14889265813029,0.127032399995186,2442,2442,0.00688770213225689,0.00344385106612847
0.14323248564789,0.123107748656254,2443,2443,0.00688770213225689,0.00344385106612843
0.14889265813029,0.127032399995186,2444,2444,0.00688770213225689,0.00344385106612847
0.14323248564789,0.123107748656254,2445,2445,0.00688770213225689,0.00344385106612843
0.14889265813029,0.127032399995186,2446,2446,0.00688770213225689,0.00344385106612847
0.14323248564789,0.123107748656254,2447,2447,0.00688770213225689,0.00344385106612843
0.14889265813029,0.127032399995186,2448,2448,0.00688770213225689,0.00344385106612847
0.14323248564789,0.123107748656254,2449,2449,0.00688770213225689,0.00344385106612843
0.14889265813029,0.127032399995186,2450,2450,0.00688770213225689,0.00344385106612847
0.14323248564789,0.123107748656254,2451,2451,0.00688770213225689,0.00344385106612843
0.14889265813029,0.127032399995186,2452,2452,0.00688770213225689,0.00344385106612847
0.14323248564789,0.123107748656254,2453,2453,0.00688770213225689,0.00344385106612843
0.14889265813029,0.127032399995186,2454,2454,0.00688770213225689,0.00344385106612847
0.14323248564789,0.123107748656254,2455,2455,0.00688770213225689,0.00344385106612843
0.14889265813029,0.127032399995186,2456,2456,0.00688770213225689,0.00344385106612847
0.14323248564789,0.123107748656254,2457,2457,0.00688770213225689,0.00344385106612843
0.14889265813029,0.127032399995186,2458,2458,0.00688770213225689,0.00344385106612847
0.14323248564789,0.123107748656254,2459,2459,0.00688770213225689,0.00344385106612843
0.14889265813029,0.127032399995186,2460,2460,0.00688770213225689,0.00344385106612847
0.14323248564789,0.123107748656254,2461,2461,0.00688770213225689,0.00344385106612843
0.14889265813029,0.127032399995186,2462,2462,0.00688770213225689,0.00344385106612847
0.14323248564789,0.123107748656254,2463,2463,0.00688770213225689,0.00344385106612843
0.14889265813029,0.127032399995186,2464,2464,0.00688770213225689,0.00344385106612847
0.14323248564789,0.123107748656254,2465,2465,0.00688770213225689,0.00344385106612843
0.14889265813029,0.127032399995186,2466,2466,0.00688770213225689,0.00344385106612847
0.14323248564789,0.123107748656254,2467,2467,0.00688770213225689,0.00344385106612843
0.14889265813029,0.127032399995186,2468,2468,0.00688770213225689,0.00344385106612847
0.14323248564789,0.123107748656254,2469,2469,0.00688770213225689,0.00344385106612843
0.14889265813029,0.127032399995186,2470,2470,0.00688770213225689,0.00344385106612847
0.14323248564789,0.123107748656254,2471,2471,0.00688770213225689,0.00344385106612843
0.14889265813029,0.127032399995186,2472,2472,0.00688770213225689,0.00344385106612847
0.14323248564789,0.123107748656254,2473,2473,0.00688770213225689,0.00344385106612843
0.14889265813029,0.127032399995186,2474,2474,0.00688770213225689,0.00344385106612847
0.14323248564789,0.123107748656254,2475,2475,0.00688770213225689,0.00344385106612843
0.14889265813029,0.127032399995186,2476,2476,0.00688770213225689,0.00344385106612847
0.14323248564789,0.123107748656254,2477,2477,0.00688770213225689,0.00344385106612843
0.14889265813029,0.127032399995186,2478,2478,0.00688770213225689,0.00344385106612847
0.14323248564789,0.123107748656254,2479,2479,0.00688770213225689,0.00344385106612843
0.14889265813029,0.127032399995186,2480,2480,0.00688770213225689,0.00344385106612847
0.14323248564789,0.123107748656254,2481,2481,0.00688770213225689,0.00344385106612843
0.14889265813029,0.127032399995186,2482,2482,0.00688770213225689,0.00344385106612847
0.14323248564789,0.123107748656254,2483,2483,0.00688770213225689,0.00344385106612843
0.14889265813029,0.127032399995186,2484,2484,0.00688770213225689,0.00344385106612847
0.14323248564789,0.123107748656254,2485,2485,0.00688770213225689,0.00344385106612843
0.14889265813029,0.127032399995186,2486,2486,0.00688770213225689,0.00344385106612847
0.14323248564789,0.123107748656254,2487,2487,0.00688770213225689,0.00344385106612843
0.14889265813029,0.127032399995186,2488,2488,0.00688770213225689,0.00344385106612847
0.14323248564789,0.123107748656254,2489,2489,0.00688770213225689,0.00344385106612843
0.14889265813029,0.127032399995186,2490,2490,0.00688770213225689,0.00344385106612847
0.14323248564789,0.123107748656254,2491,2491,0.00688770213225689,0.00344385106612843
0.14889265813029,0.127032399995186,2492,2492,0.00688770213225689,0.00344385106612847
0.14323248564789,0.123107748656254,2493,2493,0.00688770213225689,0.00344385106612843
0.14889265813029,0.127032399995186,2494,2494,0.00688770213225689,0.00344385106612847
0.14323248564789,0.123107748656254,2495,2495,0.00688770213225689,0.00344385106612843
0.14889265813029,0.127032399995186,2496,2496,0.00688770213225689,0.00344385106612847
0.14323248564789,0.123107748656254,2497,2497,0.00688770213225689,0.00344385106612843
0.14889265813029,0.127032399995186,2498,2498,0.00688770213225689,0.00344385106612847
0.14323248564789,0.123107748656254,2499,2499,0.00688770213225689,0.00344385106612843
0.14889265813029,0.127032399995186,2500,2500,0.00688770213225689,0.00344385106612847
0.14323248564789,0.123107748656254,2501,2501,0.00688770213225689,0.00344385106612843
0.14889265813029,0.127032399995186,2502,2502,0.00688770213225689,0.00344385106612847
0.14323248564789,0.123107748656254,2503,2503,0.00688770213225689,0.00344385106612843
0.14889265813029,0.127032399995186,2504,2504,0.00688770213225689,0.00344385106612847
0.14323248564789,0.123107748656254,2505,2505,0.00688770213225689,0.00344385106612843
0.14889265813029,0.127032399995186,2506,2506,0.00688770213225689,0.00344385106612847
0.14323248564789,0.123107748656254,2507,2507,0.00688770213225689,0.00344385106612843
0.14889265813029,0.127032399995186,2508,2508,0.00688770213225689,0.00344385106612847
0.14323248564789,0.123107748656254,2509,2509,0.00688770213225689,0.00344385106612843
0.14889265813029,0.127032399995186,2510,2510,0.00688770213225689,0.00344385106612847
0.14323248564789,0.123107748656254,2511,2511,0.00688770213225689,0.00344385106612843
0.14889265813029,0.127032399995186,2512,2512,0.00688770213225689,0.00344385106612847
0.14323248564789,0.123107748656254,2513,2513,0.00688770213225689,0.00344385106612843
0.14889265813029,0.127032399995186,2514,2514,0.00688770213225689,0.00344385106612847
0.14323248564789,0.123107748656254,2515,2515,0.00688770213225689,0.00344385106612843
0.14889265813029,0.127032399995186,2516,2516,0.00688770213225689,0.00344385106612847
0.14323248564789,0.123107748656254,2517,2517,0.00688770213225689,0.00344385106612843
0.14889265813029,0.127032399995186,2518,2518,0.00688770213225689,0.00344385106612847
0.14323248564789,0.123107748656254,2519,2519,0.00688770213225689,0.00344385106612843
0.14889265813029,0.127032399995186,2520,2520,0.00688770213225689,0.00344385106612847
0.14323248564789,0.123107748656254,2521,2521,0.00688770213225689,0.00344385106612843
0.14889265813029,0.127032399995186,2522,2522,0.00688770213225689,0.00344385106612847
0.14323248564789,0.123107748656254,2523,2523,0.00688770213225689,0.00344385106612843
0.14889265813029,0.127032399995186,2524,2524,0.00688770213225689,0.00344385106612847
0.14323248564789,0.123107748656254,2525,2525,0.00688770213225689,0.00344385106612843
0.14889265813029,0.127032399995186,2526,2526,0.00688770213225689,0.00344385106612847
0.14323248564789,0.123107748656254,2527,2527,0.00688770213225689,0.00344385106612843
0.14889265813029,0.127032399995186,2528,2528,0.00688770213225689,0.00344385106612847
0.14323248564789,0.123107748656254,2529,2529,0.00688770213225689,0.00344385106612843
0.14889265813029,0.127032399995186,2530,2530,0.00688770213225689,0.00344385106612847
0.14323248564789,0.123107748656254,2531,2531,0.00688770213225689,0.00344385106612843
0.14889265813029,0.127032399995186,2532,2532,0.00688770213225689,0.00344385106612847
0.14323248564789,0.123107748656254,2533,2533,0.00688770213225689,0.00344385106612843
0.14889265813029,0.127032399995186,2534,2534,0.00688770213225689,0.00344385106612847
0.14323248564789,0.123107748656254,2535,2535,0.00688770213225689,0.00344385106612843
0.14889265813029,0.127032399995186,2536,2536,0.00688770213225689,0.00344385106612847
0.14323248564789,0.123107748656254,2537,2537,0.00688770213225689,0.00344385106612843
0.14889265813029,0.127032399995186,2538,2538,0.00688770213225689,0.00344385106612847
0.14323248564789,0.123107748656254,2539,2539,0.00688770213225689,0.00344385106612843
0.14889265813029,0.127032399995186,2540,2540,0.00688770213225689,0.00344385106612847
0.14323248564789,0.123107748656254,2541,2541,0.00688770213225689,0.00344385106612843
0.14889265813029,0.127032399995186,2542,2542,0.00688770213225689,0.00344385106612847
0.14323248564789,0.123107748656254,2543,2543,0.00688770213225689,0.00344385106612843
0.14889265813029,0.127032399995186,2544,2544,0.00688770213225689,0.00344385106612847
0.14323248564789,0.123107748656254,2545,2545,0.00688770213225689,0.00344385106612843
0.14889265813029,0.127032399995186,2546,2546,0.00688770213225689,0.00344385106612847
0.14323248564789,0.123107748656254,2547,2547,0.00688770213225689,0.00344385106612843
0.14889265813029,0.127032399995186,2548,2548,0.00688770213225689,0.00344385106612847
0.14323248564789,0.123107748656254,2549,2549,0.00688770213225689,0.00344385106612843
0.14889265813029,0.127032399995186,2550,2550,0.00688770213225689,0.00344385106612847
0.14323248564789,0.123107748656254,2551,2551,0.00688770213225689,0.00344385106612843
0.14889265813029,0.127032399995186,2552,2552,0.00688770213225689,0.00344385106612847
0.14323248564789,0.123107748656254,2553,2553,0.00688770213225689,0.00344385106612843
0.14889265813029,0.127032399995186,2554,2554,0.00688770213225689,0.00344385106612847
0.14323248564789,0.123107748656254,2555,2555,0.00688770213225689,0.00344385106612843
0.14889265813029,0.127032399995186,2556,2556,0.00688770213225689,0.00344385106612847
0.14323248564789,0.123107748656254,2557,2557,0.00688770213225689,0.00344385106612843
0.14889265813029,0.127032399995186,2558,2558,0.00688770213225689,0.00344385106612847
0.14323248564789,0.123107748656254,2559,2559,0.00688770213225689,0.00344385106612843
0.14889265813029,0.127032399995186,2560,2560,0.00688770213225689,0.00344385106612847
0.14323248564789,0.123107748656254,2561,2561,0.00688770213225689,0.00344385106612843
0.14889265813029,0.127032399995186,2562,2562,0.00688770213225689,0.00344385106612847
0.14323248564789,0.123107748656254,2563,2563,0.00688770213225689,0.00344385106612843
0.14889265813029,0.127032399995186,2564,2564,0.00688770213225689,0.00344385106612847
0.14323248564789,0.123107748656254,2565,2565,0.00688770213225689,0.00344385106612843
0.14889265813029,0.127032399995186,2566,2566,0.00688770213225689,0.00344385106612847
0.14323248564789,0.123107748656254,2567,2567,0.00688770213225689,0.00344385106612843
0.14889265813029,0.127032399995186,2568,2568,0.00688770213225689,0.00344385106612847
0.14323248564789,0.123107748656254,2569,2569,0.00688770213225689,0.00344385106612843
0.14889265813029,0.127032399995186,2570,2570,0.00688770213225689,0.00344385106612847
0.14323248564789,0.123107748656254,2571,2571,0.00688770213225689,0.00344385106612843
0.14889265813029,0.127032399995186,2572,2572,0.00688770213225689,0.00344385106612847
0.14323248564789,0.123107748656254,2573,2573,0.00688770213225689,0.00344385106612843
0.14889265813029,0.127032399995186,2574,2574,0.00688770213225689,0.00344385106612847
0.14323248564789,0.123107748656254,2575,2575,0.00688770213225689,0.00344385106612843
0.14889265813029,0.127032399995186,2576,2576,0.00688770213225689,0.00344385106612847
0.14323248564789,0.123107748656254,2577,2577,0.00688770213225689,0.00344385106612843
0.14889265813029,0.127032399995186,2578,2578,0.00688770213225689,0.00344385106612847
0.14323248564789,0.123107748656254,2579,2579,0.00688770213225689,0.00344385106612843
0.14889265813029,0.127032399995186,2580,2580,0.00688770213225689,0.00344385106612847
0.14323248564789,0.123107748656254,2581,2581,0.00688770213225689,0.00344385106612843
0.14889265813029,0.127032399995186,2582,2582,0.00688770213225689,0.00344385106612847
0.14323248564789,0.123107748656254,2583,2583,0.00688770213225689,0.00344385106612843
0.14889265813029,0.127032399995186,2584,2584,0.00688770213225689,0.00344385106612847
0.14323248564789,0.123107748656254,2585,2585,0.00688770213225689,0.00344385106612843
0.14889265813029,0.127032399995186,2586,2586,0.00688770213225689,0.00344385106612847
0.14323248564789,0.123107748656254,2587,2587,0.00688770213225689,0.00344385106612843
0.14889265813029,0.127032399995186,2588,2588,0.00688770213225689,0.00344385106612847
0.14323248564789,0.123107748656254,2589,2589,0.00688770213225689,0.00344385106612843
0.14889265813029,0.127032399995186,2590,2590,0.00688770213225689,0.00344385106612847
0.14323248564789,0.123107748656254,2591,2591,0.00688770213225689,0.00344385106612843
0.14889265813029,0.127032399995186,2592,2592,0.00688770213225689,0.00344385106612847
0.14323248564789,0.123107748656254,2593,2593,0.00688770213225689,0.00344385106612843
0.14889265813029,0.127032399995186,2594,2594,0.00688770213225689,0.00344385106612847
0.14323248564789,0.123107748656254,2595,2595,0.00688770213225689,0.00344385106612843
0.14889265813029,0.127032399995186,2596,2596,0.00688770213225689,0.00344385106612847
0.14323248564789,0.123107748656254,2597,2597,0.00688770213225689,0.00344385106612843
0.14889265813029,0.127032399995186,2598,2598,0.00688770213225689,0.00344385106612847
0.14323248564789,0.123107748656254,2599,2599,0.00688770213225689,0.00344385106612843
0.14889265813029,0.127032399995186,2600,2600,0.00688770213225689,0.00344385106612847
0.14323248564789,0.123107748656254,2601,2601,0.00688770213225689,0.00344385106612843
0.14889265813029,0.127032399995186,2602,2602,0.00688770213225689,0.00344385106612847
0.14323248564789,0.123107748656254,2603,2603,0.00688770213225689,0.00344385106612843
0.14889265813029,0.127032399995186,2604,2604,0.00688770213225689,0.00344385106612847
0.14323248564789,0.123107748656254,2605,2605,0.00688770213225689,0.00344385106612843
0.14889265813029,0.127032399995186,2606,2606,0.00688770213225689,0.00344385106612847
0.14323248564789,0.123107748656254,2607,2607,0.00688770213225689,0.00344385106612843
0.14889265813029,0.127032399995186,2608,2608,0.00688770213225689,0.00344385106612847
0.14323248564789,0.123107748656254,2609,2609,0.00688770213225689,0.00344385106612843
0.14889265813029,0.127032399995186,2610,2610,0.00688770213225689,0.00344385106612847
0.14323248564789,0.123107748656254,2611,2611,0.00688770213225689,0.00344385106612843
0.14889265813029,0.127032399995186,2612,2612,0.00688770213225689,0.00344385106612847
0.14323248564789,0.123107748656254,2613,2613,0.00688770213225689,0.00344385106612843
0.14889265813029,0.127032399995186,2614,2614,0.00688770213225689,0.00344385106612847
0.14323248564789,0.123107748656254,2615,2615,0.00688770213225689,0.00344385106612843
0.14889265813029,0.127032399995186,2616,2616,0.00688770213225689,0.00344385106612847
0.14323248564789,0.123107748656254,2617,2617,0.00688770213225689,0.00344385106612843
0.14889265813029,0.127032399995186,2618,2618,0.00688770213225689,0.00344385106612847
0.14323248564789,0.123107748656254,2619,2619,0.00688770213225689,0.00344385106612843
0.14889265813029,0.127032399995186,2620,2620,0.00688770213225689,0.00344385106612847
0.14323248564789,0.123107748656254,2621,2621,0.00688770213225689,0.00344385106612843
0.14889265813029,0.127032399995186,2622,2622,0.00688770213225689,0.00344385106612847
0.14323248564789,0.123107748656254,2623,2623,0.00688770213225689,0.00344385106612843
0.14889265813029,0.127032399995186,2624,2624,0.00688770213225689,0.00344385106612847
0.14323248564789,0.123107748656254,2625,2625,0.00688770213225689,0.00344385106612843
0.14889265813029,0.127032399995186,2626,2626,0.00688770213225689,0.00344385106612847
0.14323248564789,0.123107748656254,2627,2627,0.00688770213225689,0.00344385106612843
0.14889265813029,0.127032399995186,2628,2628,0.00688770213225689,0.00344385106612847
0.14323248564789,0.123107748656254,2629,2629,0.00688770213225689,0.00344385106612843
0.14889265813029,0.127032399995186,2630,2630,0.00688770213225689,0.00344385106612847
0.14323248564789,0.123107748656254,2631,2631,0.00688770213225689,0.00344385106612843
0.14889265813029,0.127032399995186,2632,2632,0.00688770213225689,0.00344385106612847
0.14323248564789,0.123107748656254,2633,2633,0.00688770213225689,0.00344385106612843
0.14889265813029,0.127032399995186,2634,2634,0.00688770213225689,0.00344385106612847
0.14323248564789,0.123107748656254,2635,2635,0.00688770213225689,0.00344385106612843
0.14889265813029,0.127032399995186,2636,2636,0.00688770213225689,0.00344385106612847
0.14323248564789,0.123107748656254,2637,2637,0.00688770213225689,0.00344385106612843
0.14889265813029,0.127032399995186,2638,2638,0.00688770213225689,0.00344385106612847
0.14323248564789,0.123107748656254,2639,2639,0.00688770213225689,0.00344385106612843
0.14889265813029,0.127032399995186,2640,2640,0.00688770213225689,0.00344385106612847
0.14323248564789,0.123107748656254,2641,2641,0.00688770213225689,0.00344385106612843
0.14889265813029,0.127032399995186,2642,2642,0.00688770213225689,0.00344385106612847
0.14323248564789,0.123107748656254,2643,2643,0.00688770213225689,0.00344385106612843
0.14889265813029,0.127032399995186,2644,2644,0.00688770213225689,0.00344385106612847
0.14323248564789,0.123107748656254,2645,2645,0.00688770213225689,0.00344385106612843
0.14889265813029,0.127032399995186,2646,2646,0.00688770213225689,0.00344385106612847
0.14323248564789,0.123107748656254,2647,2647,0.00688770213225689,0.00344385106612843
0.14889265813029,0.127032399995186,2648,2648,0.00688770213225689,0.00344385106612847
0.14323248564789,0.123107748656254,2649,2649,0.00688770213225689,0.00344385106612843
0.14889265813029,0.127032399995186,2650,2650,0.00688770213225689,0.00344385106612847
0.14323248564789,0.123107748656254,2651,2651,0.00688770213225689,0.00344385106612843
0.14889265813029,0.127032399995186,2652,2652,0.00688770213225689,0.00344385106612847
0.14323248564789,0.123107748656254,2653,2653,0.00688770213225689,0.00344385106612843
0.14889265813029,0.127032399995186,2654,2654,0.00688770213225689,0.00344385106612847
0.14323248564789,0.123107748656254,2655,2655,0.00688770213225689,0.00344385106612843
0.14889265813029,0.127032399995186,2656,2656,0.00688770213225689,0.00344385106612847
0.14323248564789,0.123107748656254,2657,2657,0.00688770213225689,0.00344385106612843
0.14889265813029,0.127032399995186,2658,2658,0.00688770213225689,0.00344385106612847
0.14323248564789,0.123107748656254,2659,2659,0.00688770213225689,0.00344385106612843
0.14889265813029,0.127032399995186,2660,2660,0.00688770213225689,0.00344385106612847
0.14323248564789,0.123107748656254,2661,2661,0.00688770213225689,0.00344385106612843
0.14889265813029,0.127032399995186,2662,2662,0.00688770213225689,0.00344385106612847
0.14323248564789,0.123107748656254,2663,2663,0.00688770213225689,0.00344385106612843
0.14889265813029,0.127032399995186,2664,2664,0.00688770213225689,0.00344385106612847
0.14323248564789,0.123107748656254,2665,2665,0.00688770213225689,0.00344385106612843
0.14889265813029,0.127032399995186,2666,2666,0.00688770213225689,0.00344385106612847
0.14323248564789,0.123107748656254,2667,2667,0.00688770213225689,0.00344385106612843
0.14889265813029,0.127032399995186,2668,2668,0.00688770213225689,0.00344385106612847
0.14323248564789,0.123107748656254,2669,2669,0.00688770213225689,0.00344385106612843
0.14889265813029,0.127032399995186,2670,2670,0.00688770213225689,0.00344385106612847
0.14323248564789,0.123107748656254,2671,2671,0.00688770213225689,0.00344385106612843
0.14889265813029,0.127032399995186,2672,2672,0.00688770213225689,0.00344385106612847
0.14323248564789,0.123107748656254,2673,2673,0.00688770213225689,0.00344385106612843
0.14889265813029,0.127032399995186,2674,2674,0.00688770213225689,0.00344385106612847
0.14323248564789,0.123107748656254,2675,2675,0.00688770213225689,0.00344385106612843
0.14889265813029,0.127032399995186,2676,2676,0.00688770213225689,0.00344385106612847
0.14323248564789,0.123107748656254,2677,2677,0.00688770213225689,0.00344385106612843
0.14889265813029,0.127032399995186,2678,2678,0.00688770213225689,0.00344385106612847
0.14323248564789,0.123107748656254,2679,2679,0.00688770213225689,0.00344385106612843
0.14889265813029,0.127032399995186,2680,2680,0.00688770213225689,0.00344385106612847
0.14323248564789,0.123107748656254,2681,2681,0.00688770213225689,0.00344385106612843
0.14889265813029,0.127032399995186,2682,2682,0.00688770213225689,0.00344385106612847
0.14323248564789,0.123107748656254,2683,2683,0.00688770213225689,0.00344385106612843
0.14889265813029,0.127032399995186,2684,2684,0.00688770213225689,0.00344385106612847
0.14323248564789,0.123107748656254,2685,2685,0.00688770213225689,0.00344385106612843
0.14889265813029,0.127032399995186,2686,2686,0.00688770213225689,0.00344385106612847
0.14323248564789,0.123107748656254,2687,2687,0.00688770213225689,0.00344385106612843
0.14889265813029,0.127032399995186,2688,2688,0.00688770213225689,0.00344385106612847
0.14323248564789,0.123107748656254,2689,2689,0.00688770213225689,0.00344385106612843
0.14889265813029,0.127032399995186,2690,2690,0.00688770213225689,0.00344385106612847
0.14323248564789,0.123107748656254,2691,2691,0.00688770213225689,0.00344385106612843
0.14889265813029,0.127032399995186,2692,2692,0.00688770213225689,0.00344385106612847
0.14323248564789,0.123107748656254,2693,2693,0.00688770213225689,0.00344385106612843
0.14889265813029,0.127032399995186,2694,2694,0.00688770213225689,0.00344385106612847
0.14323248564789,0.123107748656254,2695,2695,0.00688770213225689,0.00344385106612843
0.14889265813029,0.127032399995186,2696,2696,0.00688770213225689,0.00344385106612847
0.14323248564789,0.123107748656254,2697,2697,0.00688770213225689,0.00344385106612843
0.14889265813029,0.127032399995186,2698,2698,0.00688770213225689,0.00344385106612847
0.14323248564789,0.123107748656254,2699,2699,0.00688770213225689,0.00344385106612843
0.14889265813029,0.127032399995186,2700,2700,0.00688770213225689,0.00344385106612847
0.14323248564789,0.123107748656254,2701,2701,0.00688770213225689,0.00344385106612843
0.14889265813029,0.127032399995186,2702,2702,0.00688770213225689,0.00344385106612847
0.14323248564789,0.123107748656254,2703,2703,0.00688770213225689,0.00344385106612843
0.14889265813029,0.127032399995186,2704,2704,0.00688770213225689,0.00344385106612847
0.14323248564789,0.123107748656254,2705,2705,0.00688770213225689,0.00344385106612843
0.14889265813029,0.127032399995186,2706,2706,0.00688770213225689,0.00344385106612847
0.14323248564789,0.123107748656254,2707,2707,0.00688770213225689,0.00344385106612843
0.14889265813029,0.127032399995186,2708,2708,0.00688770213225689,0.00344385106612847
0.14323248564789,0.123107748656254,2709,2709,0.00688770213225689,0.00344385106612843
0.14889265813029,0.127032399995186,2710,2710,0.00688770213225689,0.00344385106612847
0.14323248564789,0.123107748656254,2711,2711,0.00688770213225689,0.00344385106612843
0.14889265813029,0.127032399995186,2712,2712,0.00688770213225689,0.00344385106612847
0.14323248564789,0.123107748656254,2713,2713,0.00688770213225689,0.00344385106612843
0.14889265813029,0.127032399995186,2714,2714,0.00688770213225689,0.00344385106612847
0.14323248564789,0.123107748656254,2715,2715,0.00688770213225689,0.00344385106612843
0.14889265813029,0.127032399995186,2716,2716,0.00688770213225689,0.00344385106612847
0.14323248564789,0.123107748656254,2717,2717,0.00688770213225689,0.00344385106612843
0.14889265813029,0.127032399995186,2718,2718,0.00688770213225689,0.00344385106612847
0.14323248564789,0.123107748656254,2719,2719,0.00688770213225689,0.00344385106612843
0.14889265813029,0.127032399995186,2720,2720,0.00688770213225689,0.00344385106612847
0.14323248564789,0.123107748656254,2721,2721,0.00688770213225689,0.00344385106612843
0.14889265813029,0.127032399995186,2722,2722,0.00688770213225689,0.00344385106612847
0.14323248564789,0.123107748656254,2723,2723,0.00688770213225689,0.00344385106612843
0.14889265813029,0.127032399995186,2724,2724,0.00688770213225689,0.00344385106612847
0.14323248564789,0.123107748656254,2725,2725,0.00688770213225689,0.00344385106612843
0.14889265813029,0.127032399995186,2726,2726,0.00688770213225689,0.00344385106612847
0.14323248564789,0.123107748656254,2727,2727,0.00688770213225689,0.00344385106612843
0.14889265813029,0.127032399995186,2728,2728,0.00688770213225689,0.00344385106612847
0.14323248564789,0.123107748656254,2729,2729,0.00688770213225689,0.00344385106612843
0.14889265813029,0.127032399995186,2730,2730,0.00688770213225689,0.00344385106612847
0.14323248564789,0.123107748656254,2731,2731,0.00688770213225689,0.00344385106612843
0.14889265813029,0.127032399995186,2732,2732,0.00688770213225689,0.00344385106612847
0.14323248564789,0.123107748656254,2733,2733,0.00688770213225689,0.00344385106612843
0.14889265813029,0.127032399995186,2734,2734,0.00688770213225689,0.00344385106612847
0.14323248564789,0.123107748656254,2735,2735,0.00688770213225689,0.00344385106612843
0.14889265813029,0.127032399995186,2736,2736,0.00688770213225689,0.00344385106612847
0.14323248564789,0.123107748656254,2737,2737,0.00688770213225689,0.00344385106612843
0.14889265813029,0.127032399995186,2738,2738,0.00688770213225689,0.00344385106612847
0.14323248564789,0.123107748656254,2739,2739,0.00688770213225689,0.00344385106612843
0.14889265813029,0.127032399995186,2740,2740,0.00688770213225689,0.00344385106612847
0.14323248564789,0.123107748656254,2741,2741,0.00688770213225689,0.00344385106612843
0.14889265813029,0.127032399995186,2742,2742,0.00688770213225689,0.00344385106612847
0.14323248564789,0.123107748656254,2743,2743,0.00688770213225689,0.00344385106612843
0.14889265813029,0.127032399995186,2744,2744,0.00688770213225689,0.00344385106612847
0.14323248564789,0.123107748656254,2745,2745,0.00688770213225689,0.00344385106612843
0.14889265813029,0.127032399995186,2746,2746,0.00688770213225689,0.00344385106612847
0.14323248564789,0.123107748656254,2747,2747,0.00688770213225689,0.00344385106612843
0.14889265813029,0.127032399995186,2748,2748,0.00688770213225689,0.00344385106612847
0.14323248564789,0.123107748656254,2749,2749,0.00688770213225689,0.00344385106612843
0.14889265813029,0.127032399995186,2750,2750,0.00688770213225689,0.00344385106612847
0.14323248564789,0.123107748656254,2751,2751,0.00688770213225689,0.00344385106612843
0.14889265813029,0.127032399995186,2752,2752,0.00688770213225689,0.00344385106612847
0.14323248564789,0.123107748656254,2753,2753,0.00688770213225689,0.00344385106612843
0.14889265813029,0.127032399995186,2754,2754,0.00688770213225689,0.00344385106612847
0.14323248564789,0.123107748656254,2755,2755,0.00688770213225689,0.00344385106612843
0.14889265813029,0.127032399995186,2756,2756,0.00688770213225689,0.00344385106612847
0.14323248564789,0.123107748656254,2757,2757,0.00688770213225689,0.00344385106612843
0.14889265813029,0.127032399995186,2758,2758,0.00688770213225689,0.00344385106612847
0.14323248564789,0.123107748656254,2759,2759,0.00688770213225689,0.00344385106612843
0.14889265813029,0.127032399995186,2760,2760,0.00688770213225689,0.00344385106612847
0.14323248564789,0.123107748656254,2761,2761,0.00688770213225689,0.00344385106612843
0.14889265813029,0.127032399995186,2762,2762,0.00688770213225689,0.00344385106612847
0.14323248564789,0.123107748656254,2763,2763,0.00688770213225689,0.00344385106612843
0.14889265813029,0.127032399995186,2764,2764,0.00688770213225689,0.00344385106612847
0.14323248564789,0.123107748656254,2765,2765,0.00688770213225689,0.00344385106612843
0.14889265813029,0.127032399995186,2766,2766,0.00688770213225689,0.00344385106612847
0.14323248564789,0.123107748656254,2767,2767,0.00688770213225689,0.00344385106612843
0.14889265813029,0.127032399995186,2768,2768,0.00688770213225689,0.00344385106612847
0.14323248564789,0.123107748656254,2769,2769,0.00688770213225689,0.00344385106612843
0.14889265813029,0.127032399995186,2770,2770,0.00688770213225689,0.00344385106612847
0.14323248564789,0.123107748656254,2771,2771,0.00688770213225689,0.00344385106612843
0.14889265813029,0.127032399995186,2772,2772,0.00688770213225689,0.00344385106612847
0.14323248564789,0.123107748656254,2773,2773,0.00688770213225689,0.00344385106612843
0.14889265813029,0.127032399995186,2774,2774,0.00688770213225689,0.00344385106612847
0.14323248564789,0.123107748656254,2775,2775,0.00688770213225689,0.00344385106612843
0.14889265813029,0.127032399995186,2776,2776,0.00688770213225689,0.00344385106612847
0.14323248564789,0.123107748656254,2777,2777,0.00688770213225689,0.00344385106612843
0.14889265813029,0.127032399995186,2778,2778,0.00688770213225689,0.00344385106612847
0.14323248564789,0.123107748656254,2779,2779,0.00688770213225689,0.00344385106612843
0.14889265813029,0.127032399995186,2780,2780,0.00688770213225689,0.00344385106612847
0.14323248564789,0.123107748656254,2781,2781,0.00688770213225689,0.00344385106612843
0.14889265813029,0.127032399995186,2782,2782,0.00688770213225689,0.00344385106612847
0.14323248564789,0.123107748656254,2783,2783,0.00688770213225689,0.00344385106612843
0.14889265813029,0.127032399995186,2784,2784,0.00688770213225689,0.00344385106612847
0.14323248564789,0.123107748656254,2785,2785,0.00688770213225689,0.00344385106612843
0.14889265813029,0.127032399995186,2786,2786,0.00688770213225689,0.00344385106612847
0.14323248564789,0.123107748656254,2787,2787,0.00688770213225689,0.00344385106612843
0.14889265813029,0.127032399995186,2788,2788,0.00688770213225689,0.00344385106612847
0.14323248564789,0.123107748656254,2789,2789,0.00688770213225689,0.00344385106612843
0.14889265813029,0.127032399995186,2790,2790,0.00688770213225689,0.00344385106612847
0.14323248564789,0.123107748656254,2791,2791,0.00688770213225689,0.00344385106612843
0.14889265813029,0.127032399995186,2792,2792,0.00688770213225689,0.00344385106612847
0.14323248564789,0.123107748656254,2793,2793,0.00688770213225689,0.00344385106612843
0.14889265813029,0.127032399995186,2794,2794,0.00688770213225689,0.00344385106612847
0.14323248564789,0.123107748656254,2795,2795,0.00688770213225689,0.00344385106612843
0.14889265813029,0.127032399995186,2796,2796,0.00688770213225689,0.00344385106612847
0.14323248564789,0.123107748656254,2797,2797,0.00688770213225689,0.00344385106612843
0.14889265813029,0.127032399995186,2798,2798,0.00688770213225689,0.00344385106612847
0.14323248564789,0.123107748656254,2799,2799,0.00688770213225689,0.00344385106612843
0.14889265813029,0.127032399995186,2800,2800,0.00688770213225689,0.00344385106612847
0.14323248564789,0.123107748656254,2801,2801,0.00688770213225689,0.00344385106612843
0.14889265813029,0.127032399995186,2802,2802,0.00688770213225689,0.00344385106612847
0.14323248564789,0.123107748656254,2803,2803,0.00688770213225689,0.00344385106612843
0.14889265813029,0.127032399995186,2804,2804,0.00688770213225689,0.00344385106612847
0.14323248564789,0.123107748656254,2805,2805,0.00688770213225689,0.00344385106612843
0.14889265813029,0.127032399995186,2806,2806,0.00688770213225689,0.00344385106612847
0.14323248564789,0.123107748656254,2807,2807,0.00688770213225689,0.00344385106612843
0.14889265813029,0.127032399995186,2808,2808,0.00688770213225689,0.00344385106612847
0.14323248564789,0.123107748656254,2809,2809,0.00688770213225689,0.00344385106612843
0.14889265813029,0.127032399995186,2810,2810,0.00688770213225689,0.00344385106612847
0.14323248564789,0.123107748656254,2811,2811,0.00688770213225689,0.00344385106612843
0.14889265813029,0.127032399995186,2812,2812,0.00688770213225689,0.00344385106612847
0.14323248564789,0.123107748656254,2813,2813,0.00688770213225689,0.00344385106612843
0.14889265813029,0.127032399995186,2814,2814,0.00688770213225689,0.00344385106612847
0.14323248564789,0.123107748656254,2815,2815,0.00688770213225689,0.00344385106612843
0.14889265813029,0.127032399995186,2816,2816,0.00688770213225689,0.00344385106612847
0.14323248564789,0.123107748656254,2817,2817,0.00688770213225689,0.00344385106612843
0.14889265813029,0.127032399995186,2818,2818,0.00688770213225689,0.00344385106612847
0.14323248564789,0.123107748656254,2819,2819,0.00688770213225689,0.00344385106612843
0.14889265813029,0.127032399995186,2820,2820,0.00688770213225689,0.00344385106612847
0.14323248564789,0.123107748656254,2821,2821,0.00688770213225689,0.00344385106612843
0.14889265813029,0.127032399995186,2822,2822,0.00688770213225689,0.00344385106612847
0.14323248564789,0.123107748656254,2823,2823,0.00688770213225689,0.00344385106612843
0.14889265813029,0.127032399995186,2824,2824,0.00688770213225689,0.00344385106612847
0.14323248564789,0.123107748656254,2825,2825,0.00688770213225689,0.00344385106612843
0.14889265813029,0.127032399995186,2826,2826,0.00688770213225689,0.00344385106612847
0.14323248564789,0.123107748656254,2827,2827,0.00688770213225689,0.00344385106612843
0.14889265813029,0.127032399995186,2828,2828,0.00688770213225689,0.00344385106612847
0.14323248564789,0.123107748656254,2829,2829,0.00688770213225689,0.00344385106612843
0.14889265813029,0.127032399995186,2830,2830,0.00688770213225689,0.00344385106612847
0.14323248564789,0.123107748656254,2831,2831,0.00688770213225689,0.00344385106612843
0.14889265813029,0.127032399995186,2832,2832,0.00688770213225689,0.00344385106612847
0.14323248564789,0.123107748656254,2833,2833,0.00688770213225689,0.00344385106612843
0.14889265813029,0.127032399995186,2834,2834,0.00688770213225689,0.00344385106612847
0.14323248564789,0.123107748656254,2835,2835,0.00688770213225689,0.00344385106612843
0.14889265813029,0.127032399995186,2836,2836,0.00688770213225689,0.00344385106612847
0.14323248564789,0.123107748656254,2837,2837,0.00688770213225689,0.00344385106612843
0.14889265813029,0.127032399995186,2838,2838,0.00688770213225689,0.00344385106612847
0.14323248564789,0.123107748656254,2839,2839,0.00688770213225689,0.00344385106612843
0.14889265813029,0.127032399995186,2840,2840,0.00688770213225689,0.00344385106612847
0.14323248564789,0.123107748656254,2841,2841,0.00688770213225689,0.00344385106612843
0.14889265813029,0.127032399995186,2842,2842,0.00688770213225689,0.00344385106612847
0.14323248564789,0.123107748656254,2843,2843,0.00688770213225689,0.00344385106612843
0.14889265813029,0.127032399995186,2844,2844,0.00688770213225689,0.00344385106612847
0.14323248564789,0.123107748656254,2845,2845,0.00688770213225689,0.00344385106612843
0.14889265813029,0.127032399995186,2846,2846,0.00688770213225689,0.00344385106612847
0.14323248564789,0.123107748656254,2847,2847,0.00688770213225689,0.00344385106612843
0.14889265813029,0.127032399995186,2848,2848,0.00688770213225689,0.00344385106612847
0.14323248564789,0.123107748656254,2849,2849,0.00688770213225689,0.00344385106612843
0.14889265813029,0.127032399995186,2850,2850,0.00688770213225689,0.00344385106612847
0.14323248564789,0.123107748656254,2851,2851,0.00688770213225689,0.00344385106612843
0.14889265813029,0.127032399995186,2852,2852,0.00688770213225689,0.00344385106612847
0.14323248564789,0.123107748656254,2853,2853,0.00688770213225689,0.00344385106612843
0.14889265813029,0.127032399995186,2854,2854,0.00688770213225689,0.00344385106612847
0.14323248564789,0.123107748656254,2855,2855,0.00688770213225689,0.00344385106612843
0.14889265813029,0.127032399995186,2856,2856,0.00688770213225689,0.00344385106612847
0.14323248564789,0.123107748656254,2857,2857,0.00688770213225689,0.00344385106612843
0.14889265813029,0.127032399995186,2858,2858,0.00688770213225689,0.00344385106612847
0.14323248564789,0.123107748656254,2859,2859,0.00688770213225689,0.00344385106612843
0.14889265813029,0.127032399995186,2860,2860,0.00688770213225689,0.00344385106612847
0.14323248564789,0.123107748656254,2861,2861,0.00688770213225689,0.00344385106612843
0.14889265813029,0.127032399995186,2862,2862,0.00688770213225689,0.00344385106612847
0.14323248564789,0.123107748656254,2863,2863,0.00688770213225689,0.00344385106612843
0.14889265813029,0.127032399995186,2864,2864,0.00688770213225689,0.00344385106612847
0.14323248564789,0.123107748656254,2865,2865,0.00688770213225689,0.00344385106612843
0.14889265813029,0.127032399995186,2866,2866,0.00688770213225689,0.00344385106612847
0.14323248564789,0.123107748656254,2867,2867,0.00688770213225689,0.00344385106612843
0.14889265813029,0.127032399995186,2868,2868,0.00688770213225689,0.00344385106612847
0.14323248564789,0.123107748656254,2869,2869,0.00688770213225689,0.00344385106612843
0.14889265813029,0.127032399995186,2870,2870,0.00688770213225689,0.00344385106612847
0.14323248564789,0.123107748656254,2871,2871,0.00688770213225689,0.00344385106612843
0.14889265813029,0.127032399995186,2872,2872,0.00688770213225689,0.00344385106612847
0.14323248564789,0.123107748656254,2873,2873,0.00688770213225689,0.00344385106612843
0.14889265813029,0.127032399995186,2874,2874,0.00688770213225689,0.00344385106612847
0.14323248564789,0.123107748656254,2875,2875,0.00688770213225689,0.00344385106612843
0.14889265813029,0.127032399995186,2876,2876,0.00688770213225689,0.00344385106612847
0.14323248564789,0.123107748656254,2877,2877,0.00688770213225689,0.00344385106612843
0.14889265813029,0.127032399995186,2878,2878,0.00688770213225689,0.00344385106612847
0.14323248564789,0.123107748656254,2879,2879,0.00688770213225689,0.00344385106612843
0.14889265813029,0.127032399995186,2880,2880,0.00688770213225689,0.00344385106612847
0.14323248564789,0.123107748656254,2881,2881,0.00688770213225689,0.00344385106612843
0.14889265813029,0.127032399995186,2882,2882,0.00688770213225689,0.00344385106612847
0.14323248564789,0.123107748656254,2883,2883,0.00688770213225689,0.00344385106612843
0.14889265813029,0.127032399995186,2884,2884,0.00688770213225689,0.00344385106612847
0.14323248564789,0.123107748656254,2885,2885,0.00688770213225689,0.00344385106612843
0.14889265813029,0.127032399995186,2886,2886,0.00688770213225689,0.00344385106612847
0.14323248564789,0.123107748656254,2887,2887,0.00688770213225689,0.00344385106612843
0.14889265813029,0.127032399995186,2888,2888,0.00688770213225689,0.00344385106612847
0.14323248564789,0.123107748656254,2889,2889,0.00688770213225689,0.00344385106612843
0.14889265813029,0.127032399995186,2890,2890,0.00688770213225689,0.00344385106612847
0.14323248564789,0.123107748656254,2891,2891,0.00688770213225689,0.00344385106612843
0.14889265813029,0.127032399995186,2892,2892,0.00688770213225689,0.00344385106612847
0.14323248564789,0.123107748656254,2893,2893,0.00688770213225689,0.00344385106612843
0.14889265813029,0.127032399995186,2894,2894,0.00688770213225689,0.00344385106612847
0.14323248564789,0.123107748656254,2895,2895,0.00688770213225689,0.00344385106612843
0.14889265813029,0.127032399995186,2896,2896,0.00688770213225689,0.00344385106612847
0.14323248564789,0.123107748656254,2897,2897,0.00688770213225689,0.00344385106612843
0.14889265813029,0.127032399995186,2898,2898,0.00688770213225689,0.00344385106612847
0.14323248564789,0.123107748656254,2899,2899,0.00688770213225689,0.00344385106612843
0.14889265813029,0.127032399995186,2900,2900,0.00688770213225689,0.00344385106612847
0.14323248564789,0.123107748656254,2901,2901,0.00688770213225689,0.00344385106612843
0.14889265813029,0.127032399995186,2902,2902,0.00688770213225689,0.00344385106612847
0.14323248564789,0.123107748656254,2903,2903,0.00688770213225689,0.00344385106612843
0.14889265813029,0.127032399995186,2904,2904,0.00688770213225689,0.00344385106612847
0.14323248564789,0.123107748656254,2905,2905,0.00688770213225689,0.00344385106612843
0.14889265813029,0.127032399995186,2906,2906,0.00688770213225689,0.00344385106612847
0.14323248564789,0.123107748656254,2907,2907,0.00688770213225689,0.00344385106612843
0.14889265813029,0.127032399995186,2908,2908,0.00688770213225689,0.00344385106612847
0.14323248564789,0.123107748656254,2909,2909,0.00688770213225689,0.00344385106612843
0.14889265813029,0.127032399995186,2910,2910,0.00688770213225689,0.00344385106612847
0.14323248564789,0.123107748656254,2911,2911,0.00688770213225689,0.00344385106612843
0.14889265813029,0.127032399995186,2912,2912,0.00688770213225689,0.00344385106612847
0.14323248564789,0.123107748656254,2913,2913,0.00688770213225689,0.00344385106612843
0.14889265813029,0.127032399995186,2914,2914,0.00688770213225689,0.00344385106612847
0.14323248564789,0.123107748656254,2915,2915,0.00688770213225689,0.00344385106612843
0.14889265813029,0.127032399995186,2916,2916,0.00688770213225689,0.00344385106612847
0.14323248564789,0.123107748656254,2917,2917,0.00688770213225689,0.00344385106612843
0.14889265813029,0.127032399995186,2918,2918,0.00688770213225689,0.00344385106612847
0.14323248564789,0.123107748656254,2919,2919,0.00688770213225689,0.00344385106612843
0.14889265813029,0.127032399995186,2920,2920,0.00688770213225689,0.00344385106612847
0.14323248564789,0.123107748656254,2921,2921,0.00688770213225689,0.00344385106612843
0.14889265813029,0.127032399995186,2922,2922,0.00688770213225689,0.00344385106612847
0.14323248564789,0.123107748656254,2923,2923,0.00688770213225689,0.00344385106612843
0.14889265813029,0.127032399995186,2924,2924,0.00688770213225689,0.00344385106612847
0.14323248564789,0.123107748656254,2925,2925,0.00688770213225689,0.00344385106612843
0.14889265813029,0.127032399995186,2926,2926,0.00688770213225689,0.00344385106612847
0.14323248564789,0.123107748656254,2927,2927,0.00688770213225689,0.00344385106612843
0.14889265813029,0.127032399995186,2928,2928,0.00688770213225689,0.00344385106612847
0.14323248564789,0.123107748656254,2929,2929,0.00688770213225689,0.00344385106612843
0.14889265813029,0.127032399995186,2930,2930,0.00688770213225689,0.00344385106612847
0.14323248564789,0.123107748656254,2931,2931,0.00688770213225689,0.00344385106612843
0.14889265813029,0.127032399995186,2932,2932,0.00688770213225689,0.00344385106612847
0.14323248564789,0.123107748656254,2933,2933,0.00688770213225689,0.00344385106612843
0.14889265813029,0.127032399995186,2934,2934,0.00688770213225689,0.00344385106612847
0.14323248564789,0.123107748656254,2935,2935,0.00688770213225689,0.00344385106612843
0.14889265813029,0.127032399995186,2936,2936,0.00688770213225689,0.00344385106612847
0.14323248564789,0.123107748656254,2937,2937,0.00688770213225689,0.00344385106612843
0.14889265813029,0.127032399995186,2938,2938,0.00688770213225689,0.00344385106612847
0.14323248564789,0.123107748656254,2939,2939,0.00688770213225689,0.00344385106612843
0.14889265813029,0.127032399995186,2940,2940,0.00688770213225689,0.00344385106612847
0.14323248564789,0.123107748656254,2941,2941,0.00688770213225689,0.00344385106612843
0.14889265813029,0.127032399995186,2942,2942,0.00688770213225689,0.00344385106612847
0.14323248564789,0.123107748656254,2943,2943,0.00688770213225689,0.00344385106612843
0.14889265813029,0.127032399995186,2944,2944,0.00688770213225689,0.00344385106612847
0.14323248564789,0.123107748656254,2945,2945,0.00688770213225689,0.00344385106612843
0.14889265813029,0.127032399995186,2946,2946,0.00688770213225689,0.00344385106612847
0.14323248564789,0.123107748656254,2947,2947,0.00688770213225689,0.00344385106612843
0.14889265813029,0.127032399995186,2948,2948,0.00688770213225689,0.00344385106612847
0.14323248564789,0.123107748656254,2949,2949,0.00688770213225689,0.00344385106612843
0.14889265813029,0.127032399995186,2950,2950,0.00688770213225689,0.00344385106612847
0.14323248564789,0.123107748656254,2951,2951,0.00688770213225689,0.00344385106612843
0.14889265813029,0.127032399995186,2952,2952,0.00688770213225689,0.00344385106612847
0.14323248564789,0.123107748656254,2953,2953,0.00688770213225689,0.00344385106612843
0.14889265813029,0.127032399995186,2954,2954,0.00688770213225689,0.00344385106612847
0.14323248564789,0.123107748656254,2955,2955,0.00688770213225689,0.00344385106612843
0.14889265813029,0.127032399995186,2956,2956,0.00688770213225689,0.00344385106612847
0.14323248564789,0.123107748656254,2957,2957,0.00688770213225689,0.00344385106612843
0.14889265813029,0.127032399995186,2958,2958,0.00688770213225689,0.00344385106612847
0.14323248564789,0.123107748656254,2959,2959,0.00688770213225689,0.00344385106612843
0.14889265813029,0.127032399995186,2960,2960,0.00688770213225689,0.00344385106612847
0.14323248564789,0.123107748656254,2961,2961,0.00688770213225689,0.00344385106612843
0.14889265813029,0.127032399995186,2962,2962,0.00688770213225689,0.00344385106612847
0.14323248564789,0.123107748656254,2963,2963,0.00688770213225689,0.00344385106612843
0.14889265813029,0.127032399995186,2964,2964,0.00688770213225689,0.00344385106612847
0.14323248564789,0.123107748656254,2965,2965,0.00688770213225689,0.00344385106612843
0.14889265813029,0.127032399995186,2966,2966,0.00688770213225689,0.00344385106612847
0.14323248564789,0.123107748656254,2967,2967,0.00688770213225689,0.00344385106612843
0.14889265813029,0.127032399995186,2968,2968,0.00688770213225689,0.00344385106612847
0.14323248564789,0.123107748656254,2969,2969,0.00688770213225689,0.00344385106612843
0.14889265813029,0.127032399995186,2970,2970,0.00688770213225689,0.00344385106612847
0.14323248564789,0.123107748656254,2971,2971,0.00688770213225689,0.00344385106612843
0.14889265813029,0.127032399995186,2972,2972,0.00688770213225689,0.00344385106612847
0.14323248564789,0.123107748656254,2973,2973,0.00688770213225689,0.00344385106612843
0.14889265813029,0.127032399995186,2974,2974,0.00688770213225689,0.00344385106612847
0.14323248564789,0.123107748656254,2975,2975,0.00688770213225689,0.00344385106612843
0.14889265813029,0.127032399995186,2976,2976,0.00688770213225689,0.00344385106612847
0.14323248564789,0.123107748656254,2977,2977,0.00688770213225689,0.00344385106612843
0.14889265813029,0.127032399995186,2978,2978,0.00688770213225689,0.00344385106612847
0.14323248564789,0.123107748656254,2979,2979,0.00688770213225689,0.00344385106612843
0.14889265813029,0.127032399995186,2980,2980,0.00688770213225689,0.00344385106612847
0.14323248564789,0.123107748656254,2981,2981,0.00688770213225689,0.00344385106612843
0.14889265813029,0.127032399995186,2982,2982,0.00688770213225689,0.00344385106612847
0.14323248564789,0.123107748656254,2983,2983,0.00688770213225689,0.00344385106612843
0.14889265813029,0.127032399995186,2984,2984,0.00688770213225689,0.00344385106612847
0.14323248564789,0.123107748656254,2985,2985,0.00688770213225689,0.00344385106612843
0.14889265813029,0.127032399995186,2986,2986,0.00688770213225689,0.00344385106612847
0.14323248564789,0.123107748656254,2987,2987,0.00688770213225689,0.00344385106612843
0.14889265813029,0.127032399995186,2988,2988,0.00688770213225689,0.00344385106612847
0.14323248564789,0.123107748656254,2989,2989,0.00688770213225689,0.00344385106612843
0.14889265813029,0.127032399995186,2990,2990,0.00688770213225689,0.00344385106612847
0.14323248564789,0.123107748656254,2991,2991,0.00688770213225689,0.00344385106612843
0.14889265813029,0.127032399995186,2992,2992,0.00688770213225689,0.00344385106612847
0.14323248564789,0.123107748656254,2993,2993,0.00688770213225689,0.00344385106612843
0.14889265813029,0.127032399995186,2994,2994,0.00688770213225689,0.00344385106612847
0.14323248564789,0.123107748656254,2995,2995,0.00688770213225689,0.00344385106612843
0.14889265813029,0.127032399995186,2996,2996,0.00688770213225689,0.00344385106612847
0.14323248564789,0.123107748656254,2997,2997,0.00688770213225689,0.00344385106612843
0.14889265813029,0.127032399995186,2998,2998,0.00688770213225689,0.00344385106612847
0.14323248564789,0.123107748656254,2999,2999,0.00688770213225689,0.00344385106612843
0.14889265813029,0.127032399995186,3000,3000,0.00688770213225689,0.00344385106612847
0.14323248564789,0.123107748656254,3001,3001,0.00688770213225689,0.00344385106612843
0.14889265813029,0.127032399995186,3002,3002,0.00688770213225689,0.00344385106612847
0.14323248564789,0.123107748656254,3003,3003,0.00688770213225689,0.00344385106612843
0.14889265813029,0.127032399995186,3004,3004,0.00688770213225689,0.00344385106612847
0.14323248564789,0.123107748656254,3005,3005,0.00688770213225689,0.00344385106612843
0.14889265813029,0.127032399995186,3006,3006,0.00688770213225689,0.00344385106612847
0.14323248564789,0.123107748656254,3007,3007,0.00688770213225689,0.00344385106612843
0.14889265813029,0.127032399995186,3008,3008,0.00688770213225689,0.00344385106612847
0.14323248564789,0.123107748656254,3009,3009,0.00688770213225689,0.00344385106612843
0.14889265813029,0.127032399995186,3010,3010,0.00688770213225689,0.00344385106612847
0.14323248564789,0.123107748656254,3011,3011,0.00688770213225689,0.00344385106612843
0.14889265813029,0.127032399995186,3012,3012,0.00688770213225689,0.00344385106612847
0.14323248564789,0.123107748656254,3013,3013,0.00688770213225689,0.00344385106612843
0.14889265813029,0.127032399995186,3014,3014,0.00688770213225689,0.00344385106612847
0.14323248564789,0.123107748656254,3015,3015,0.00688770213225689,0.00344385106612843
0.14889265813029,0.127032399995186,3016,3016,0.00688770213225689,0.00344385106612847
0.14323248564789,0.123107748656254,3017,3017,0.00688770213225689,0.00344385106612843
0.14889265813029,0.127032399995186,3018,3018,0.00688770213225689,0.00344385106612847
0.14323248564789,0.123107748656254,3019,3019,0.00688770213225689,0.00344385106612843
0.14889265813029,0.127032399995186,3020,3020,0.00688770213225689,0.00344385106612847
0.14323248564789,0.123107748656254,3021,3021,0.00688770213225689,0.00344385106612843
0.14889265813029,0.127032399995186,3022,3022,0.00688770213225689,0.00344385106612847
0.14323248564789,0.123107748656254,3023,3023,0.00688770213225689,0.00344385106612843
0.14889265813029,0.127032399995186,3024,3024,0.00688770213225689,0.00344385106612847
0.14323248564789,0.123107748656254,3025,3025,0.00688770213225689,0.00344385106612843
0.14889265813029,0.127032399995186,3026,3026,0.00688770213225689,0.00344385106612847
0.14323248564789,0.123107748656254,3027,3027,0.00688770213225689,0.00344385106612843
0.14889265813029,0.127032399995186,3028,3028,0.00688770213225689,0.00344385106612847
0.14323248564789,0.123107748656254,3029,3029,0.00688770213225689,0.00344385106612843
0.14889265813029,0.127032399995186,3030,3030,0.00688770213225689,0.00344385106612847
0.14323248564789,0.123107748656254,3031,3031,0.00688770213225689,0.00344385106612843
0.14889265813029,0.127032399995186,3032,3032,0.00688770213225689,0.00344385106612847
0.14323248564789,0.123107748656254,3033,3033,0.00688770213225689,0.00344385106612843
0.14889265813029,0.127032399995186,3034,3034,0.00688770213225689,0.00344385106612847
0.14323248564789,0.123107748656254,3035,3035,0.00688770213225689,0.00344385106612843
0.14889265813029,0.127032399995186,3036,3036,0.00688770213225689,0.00344385106612847
0.14323248564789,0.123107748656254,3037,3037,0.00688770213225689,0.00344385106612843
0.14889265813029,0.127032399995186,3038,3038,0.00688770213225689,0.00344385106612847
0.14323248564789,0.123107748656254,3039,3039,0.00688770213225689,0.00344385106612843
0.14889265813029,0.127032399995186,3040,3040,0.00688770213225689,0.00344385106612847
0.14323248564789,0.123107748656254,3041,3041,0.00688770213225689,0.00344385106612843
0.14889265813029,0.127032399995186,3042,3042,0.00688770213225689,0.00344385106612847
0.14323248564789,0.123107748656254,3043,3043,0.00688770213225689,0.00344385106612843
0.14889265813029,0.127032399995186,3044,3044,0.00688770213225689,0.00344385106612847
0.14323248564789,0.123107748656254,3045,3045,0.00688770213225689,0.00344385106612843
0.14889265813029,0.127032399995186,3046,3046,0.00688770213225689,0.00344385106612847
0.14323248564789,0.123107748656254,3047,3047,0.00688770213225689,0.00344385106612843
0.14889265813029,0.127032399995186,3048,3048,0.00688770213225689,0.00344385106612847
0.14323248564789,0.123107748656254,3049,3049,0.00688770213225689,0.00344385106612843
0.14889265813029,0.127032399995186,3050,3050,0.00688770213225689,0.00344385106612847
0.14323248564789,0.123107748656254,3051,3051,0.00688770213225689,0.00344385106612843
0.14889265813029,0.127032399995186,3052,3052,0.00688770213225689,0.00344385106612847
0.14323248564789,0.123107748656254,3053,3053,0.00688770213225689,0.00344385106612843
0.14889265813029,0.127032399995186,3054,3054,0.00688770213225689,0.00344385106612847
0.14323248564789,0.123107748656254,3055,3055,0.00688770213225689,0.00344385106612843
0.14889265813029,0.127032399995186,3056,3056,0.00688770213225689,0.00344385106612847
0.14323248564789,0.123107748656254,3057,3057,0.00688770213225689,0.00344385106612843
0.14889265813029,0.127032399995186,3058,3058,0.00688770213225689,0.00344385106612847
0.14323248564789,0.123107748656254,3059,3059,0.00688770213225689,0.00344385106612843
0.14889265813029,0.127032399995186,3060,3060,0.00688770213225689,0.00344385106612847
0.14323248564789,0.123107748656254,3061,3061,0.00688770213225689,0.00344385106612843
0.14889265813029,0.127032399995186,3062,3062,0.00688770213225689,0.00344385106612847
0.14323248564789,0.123107748656254,3063,3063,0.00688770213225689,0.00344385106612843
0.14889265813029,0.127032399995186,3064,3064,0.00688770213225689,0.00344385106612847
0.14323248564789,0.123107748656254,3065,3065,0.00688770213225689,0.00344385106612843
0.14889265813029,0.127032399995186,3066,3066,0.00688770213225689,0.00344385106612847
0.14323248564789,0.123107748656254,3067,3067,0.00688770213225689,0.00344385106612843
0.14889265813029,0.127032399995186,3068,3068,0.00688770213225689,0.00344385106612847
0.14323248564789,0.123107748656254,3069,3069,0.00688770213225689,0.00344385106612843
0.14889265813029,0.127032399995186,3070,3070,0.00688770213225689,0.00344385106612847
0.14323248564789,0.123107748656254,3071,3071,0.00688770213225689,0.00344385106612843
0.14889265813029,0.127032399995186,3072,3072,0.00688770213225689,0.00344385106612847
0.14323248564789,0.123107748656254,3073,3073,0.00688770213225689,0.00344385106612843
0.14889265813029,0.127032399995186,3074,3074,0.00688770213225689,0.00344385106612847
0.14323248564789,0.123107748656254,3075,3075,0.00688770213225689,0.00344385106612843
0.14889265813029,0.127032399995186,3076,3076,0.00688770213225689,0.00344385106612847
0.14323248564789,0.123107748656254,3077,3077,0.00688770213225689,0.00344385106612843
0.14889265813029,0.127032399995186,3078,3078,0.00688770213225689,0.00344385106612847
0.14323248564789,0.123107748656254,3079,3079,0.00688770213225689,0.00344385106612843
0.14889265813029,0.127032399995186,3080,3080,0.00688770213225689,0.00344385106612847
0.14323248564789,0.123107748656254,3081,3081,0.00688770213225689,0.00344385106612843
0.14889265813029,0.127032399995186,3082,3082,0.00688770213225689,0.00344385106612847
0.14323248564789,0.123107748656254,3083,3083,0.00688770213225689,0.00344385106612843
0.14889265813029,0.127032399995186,3084,3084,0.00688770213225689,0.00344385106612847
0.14323248564789,0.123107748656254,3085,3085,0.00688770213225689,0.00344385106612843
0.14889265813029,0.127032399995186,3086,3086,0.00688770213225689,0.00344385106612847
0.14323248564789,0.123107748656254,3087,3087,0.00688770213225689,0.00344385106612843
0.14889265813029,0.127032399995186,3088,3088,0.00688770213225689,0.00344385106612847
0.14323248564789,0.123107748656254,3089,3089,0.00688770213225689,0.00344385106612843
0.14889265813029,0.127032399995186,3090,3090,0.00688770213225689,0.00344385106612847
0.14323248564789,0.123107748656254,3091,3091,0.00688770213225689,0.00344385106612843
0.14889265813029,0.127032399995186,3092,3092,0.00688770213225689,0.00344385106612847
0.14323248564789,0.123107748656254,3093,3093,0.00688770213225689,0.00344385106612843
0.14889265813029,0.127032399995186,3094,3094,0.00688770213225689,0.00344385106612847
0.14323248564789,0.123107748656254,3095,3095,0.00688770213225689,0.00344385106612843
0.14889265813029,0.127032399995186,3096,3096,0.00688770213225689,0.00344385106612847
0.14323248564789,0.123107748656254,3097,3097,0.00688770213225689,0.00344385106612843
0.14889265813029,0.127032399995186,3098,3098,0.00688770213225689,0.00344385106612847
0.14323248564789,0.123107748656254,3099,3099,0.00688770213225689,0.00344385106612843
0.14889265813029,0.127032399995186,3100,3100,0.00688770213225689,0.00344385106612847
0.14323248564789,0.123107748656254,3101,3101,0.00688770213225689,0.00344385106612843
0.14889265813029,0.127032399995186,3102,3102,0.00688770213225689,0.00344385106612847
0.14323248564789,0.123107748656254,3103,3103,0.00688770213225689,0.00344385106612843
0.14889265813029,0.127032399995186,3104,3104,0.00688770213225689,0.00344385106612847
0.14323248564789,0.123107748656254,3105,3105,0.00688770213225689,0.00344385106612843
0.14889265813029,0.127032399995186,3106,3106,0.00688770213225689,0.00344385106612847
0.14323248564789,0.123107748656254,3107,3107,0.00688770213225689,0.00344385106612843
0.14889265813029,0.127032399995186,3108,3108,0.00688770213225689,0.00344385106612847
0.14323248564789,0.123107748656254,3109,3109,0.00688770213225689,0.00344385106612843
0.14889265813029,0.127032399995186,3110,3110,0.00688770213225689,0.00344385106612847
0.14323248564789,0.123107748656254,3111,3111,0.00688770213225689,0.00344385106612843
0.14889265813029,0.127032399995186,3112,3112,0.00688770213225689,0.00344385106612847
0.14323248564789,0.123107748656254,3113,3113,0.00688770213225689,0.00344385106612843
0.14889265813029,0.127032399995186,3114,3114,0.00688770213225689,0.00344385106612847
0.14323248564789,0.123107748656254,3115,3115,0.00688770213225689,0.00344385106612843
0.14889265813029,0.127032399995186,3116,3116,0.00688770213225689,0.00344385106612847
0.14323248564789,0.123107748656254,3117,3117,0.00688770213225689,0.00344385106612843
0.14889265813029,0.127032399995186,3118,3118,0.00688770213225689,0.00344385106612847
0.14323248564789,0.123107748656254,3119,3119,0.00688770213225689,0.00344385106612843
0.14889265813029,0.127032399995186,3120,3120,0.00688770213225689,0.00344385106612847
0.14323248564789,0.123107748656254,3121,3121,0.00688770213225689,0.00344385106612843
0.14889265813029,0.127032399995186,3122,3122,0.00688770213225689,0.00344385106612847
0.14323248564789,0.123107748656254,3123,3123,0.00688770213225689,0.00344385106612843
0.14889265813029,0.127032399995186,3124,3124,0.00688770213225689,0.00344385106612847
0.14323248564789,0.123107748656254,3125,3125,0.00688770213225689,0.00344385106612843
0.14889265813029,0.127032399995186,3126,3126,0.00688770213225689,0.00344385106612847
0.14323248564789,0.123107748656254,3127,3127,0.00688770213225689,0.00344385106612843
0.14889265813029,0.127032399995186,3128,3128,0.00688770213225689,0.00344385106612847
0.14323248564789,0.123107748656254,3129,3129,0.00688770213225689,0.00344385106612843
0.14889265813029,0.127032399995186,3130,3130,0.00688770213225689,0.00344385106612847
0.14323248564789,0.123107748656254,3131,3131,0.00688770213225689,0.00344385106612843
0.14889265813029,0.127032399995186,3132,3132,0.00688770213225689,0.00344385106612847
0.14323248564789,0.123107748656254,3133,3133,0.00688770213225689,0.00344385106612843
0.14889265813029,0.127032399995186,3134,3134,0.00688770213225689,0.00344385106612847
0.14323248564789,0.123107748656254,3135,3135,0.00688770213225689,0.00344385106612843
0.14889265813029,0.127032399995186,3136,3136,0.00688770213225689,0.00344385106612847
0.14323248564789,0.123107748656254,3137,3137,0.00688770213225689,0.00344385106612843
0.14889265813029,0.127032399995186,3138,3138,0.00688770213225689,0.00344385106612847
0.14323248564789,0.123107748656254,3139,3139,0.00688770213225689,0.00344385106612843
0.14889265813029,0.127032399995186,3140,3140,0.00688770213225689,0.00344385106612847
0.14323248564789,0.123107748656254,3141,3141,0.00688770213225689,0.00344385106612843
0.14889265813029,0.127032399995186,3142,3142,0.00688770213225689,0.00344385106612847
0.14323248564789,0.123107748656254,3143,3143,0.00688770213225689,0.00344385106612843
0.14889265813029,0.127032399995186,3144,3144,0.00688770213225689,0.00344385106612847
0.14323248564789,0.123107748656254,3145,3145,0.00688770213225689,0.00344385106612843
0.14889265813029,0.127032399995186,3146,3146,0.00688770213225689,0.00344385106612847
0.14323248564789,0.123107748656254,3147,3147,0.00688770213225689,0.00344385106612843
0.14889265813029,0.127032399995186,3148,3148,0.00688770213225689,0.00344385106612847
0.14323248564789,0.123107748656254,3149,3149,0.00688770213225689,0.00344385106612843
0.14889265813029,0.127032399995186,3150,3150,0.00688770213225689,0.00344385106612847
0.14323248564789,0.123107748656254,3151,3151,0.00688770213225689,0.00344385106612843
0.14889265813029,0.127032399995186,3152,3152,0.00688770213225689,0.00344385106612847
0.14323248564789,0.123107748656254,3153,3153,0.00688770213225689,0.00344385106612843
0.14889265813029,0.127032399995186,3154,3154,0.00688770213225689,0.00344385106612847
0.14323248564789,0.123107748656254,3155,3155,0.00688770213225689,0.00344385106612843
0.14889265813029,0.127032399995186,3156,3156,0.00688770213225689,0.00344385106612847
0.14323248564789,0.123107748656254,3157,3157,0.00688770213225689,0.00344385106612843
0.14889265813029,0.127032399995186,3158,3158,0.00688770213225689,0.00344385106612847
0.14323248564789,0.123107748656254,3159,3159,0.00688770213225689,0.00344385106612843
0.14889265813029,0.127032399995186,3160,3160,0.00688770213225689,0.00344385106612847
0.14323248564789,0.123107748656254,3161,3161,0.00688770213225689,0.00344385106612843
0.14889265813029,0.127032399995186,3162,3162,0.00688770213225689,0.00344385106612847
0.14323248564789,0.123107748656254,3163,3163,0.00688770213225689,0.00344385106612843
0.14889265813029,0.127032399995186,3164,3164,0.00688770213225689,0.00344385106612847
0.14323248564789,0.123107748656254,3165,3165,0.00688770213225689,0.00344385106612843
0.14889265813029,0.127032399995186,3166,3166,0.00688770213225689,0.00344385106612847
0.14323248564789,0.123107748656254,3167,3167,0.00688770213225689,0.00344385106612843
0.14889265813029,0.127032399995186,3168,3168,0.00688770213225689,0.00344385106612847
0.14323248564789,0.123107748656254,3169,3169,0.00688770213225689,0.00344385106612843
0.14889265813029,0.127032399995186,3170,3170,0.00688770213225689,0.00344385106612847
0.14323248564789,0.123107748656254,3171,3171,0.00688770213225689,0.00344385106612843
0.14889265813029,0.127032399995186,3172,3172,0.00688770213225689,0.00344385106612847
0.14323248564789,0.123107748656254,3173,3173,0.00688770213225689,0.00344385106612843
0.14889265813029,0.127032399995186,3174,3174,0.00688770213225689,0.00344385106612847
0.14323248564789,0.123107748656254,3175,3175,0.00688770213225689,0.00344385106612843
0.14889265813029,0.127032399995186,3176,3176,0.00688770213225689,0.00344385106612847
0.14323248564789,0.123107748656254,3177,3177,0.00688770213225689,0.00344385106612843
0.14889265813029,0.127032399995186,3178,3178,0.00688770213225689,0.00344385106612847
0.14323248564789,0.123107748656254,3179,3179,0.00688770213225689,0.00344385106612843
0.14889265813029,0.127032399995186,3180,3180,0.00688770213225689,0.00344385106612847
0.14323248564789,0.123107748656254,3181,3181,0.00688770213225689,0.00344385106612843
0.14889265813029,0.127032399995186,3182,3182,0.00688770213225689,0.00344385106612847
0.14323248564789,0.123107748656254,3183,3183,0.00688770213225689,0.00344385106612843
0.14889265813029,0.127032399995186,3184,3184,0.00688770213225689,0.00344385106612847
0.14323248564789,0.123107748656254,3185,3185,0.00688770213225689,0.00344385106612843
0.14889265813029,0.127032399995186,3186,3186,0.00688770213225689,0.00344385106612847
0.14323248564789,0.123107748656254,3187,3187,0.00688770213225689,0.00344385106612843
0.14889265813029,0.127032399995186,3188,3188,0.00688770213225689,0.00344385106612847
0.14323248564789,0.123107748656254,3189,3189,0.00688770213225689,0.00344385106612843
0.14889265813029,0.127032399995186,3190,3190,0.00688770213225689,0.00344385106612847
0.14323248564789,0.123107748656254,3191,3191,0.00688770213225689,0.00344385106612843
0.14889265813029,0.127032399995186,3192,3192,0.00688770213225689,0.00344385106612847
0.14323248564789,0.123107748656254,3193,3193,0.00688770213225689,0.00344385106612843
0.14889265813029,0.127032399995186,3194,3194,0.00688770213225689,0.00344385106612847
0.14323248564789,0.123107748656254,3195,3195,0.00688770213225689,0.00344385106612843
0.14889265813029,0.127032399995186,3196,3196,0.00688770213225689,0.00344385106612847
0.14323248564789,0.123107748656254,3197,3197,0.00688770213225689,0.00344385106612843
0.14889265813029,0.127032399995186,3198,3198,0.00688770213225689,0.00344385106612847
0.14323248564789,0.123107748656254,3199,3199,0.00688770213225689,0.00344385106612843
0.14889265813029,0.127032399995186,3200,3200,0.00688770213225689,0.00344385106612847
0.14323248564789,0.123107748656254,3201,3201,0.00688770213225689,0.00344385106612843
0.14889265813029,0.127032399995186,3202,3202,0.00688770213225689,0.00344385106612847
0.14323248564789,0.123107748656254,3203,3203,0.00688770213225689,0.00344385106612843
0.14889265813029,0.127032399995186,3204,3204,0.00688770213225689,0.00344385106612847
0.14323248564789,0.123107748656254,3205,3205,0.00688770213225689,0.00344385106612843
0.14889265813029,0.127032399995186,3206,3206,0.00688770213225689,0.00344385106612847
0.14323248564789,0.123107748656254,3207,3207,0.00688770213225689,0.00344385106612843
0.14889265813029,0.127032399995186,3208,3208,0.00688770213225689,0.00344385106612847
0.14323248564789,0.123107748656254,3209,3209,0.00688770213225689,0.00344385106612843
0.14889265813029,0.127032399995186,3210,3210,0.00688770213225689,0.00344385106612847
0.14323248564789,0.123107748656254,3211,3211,0.00688770213225689,0.00344385106612843
0.14889265813029,0.127032399995186,3212,3212,0.00688770213225689,0.00344385106612847
0.14323248564789,0.123107748656254,3213,3213,0.00688770213225689,0.00344385106612843
0.14889265813029,0.127032399995186,3214,3214,0.00688770213225689,0.00344385106612847
0.14323248564789,0.123107748656254,3215,3215,0.00688770213225689,0.00344385106612843
0.14889265813029,0.127032399995186,3216,3216,0.00688770213225689,0.00344385106612847
0.14323248564789,0.123107748656254,3217,3217,0.00688770213225689,0.00344385106612843
0.14889265813029,0.127032399995186,3218,3218,0.00688770213225689,0.00344385106612847
0.14323248564789,0.123107748656254,3219,3219,0.00688770213225689,0.00344385106612843
0.14889265813029,0.127032399995186,3220,3220,0.00688770213225689,0.00344385106612847
0.14323248564789,0.123107748656254,3221,3221,0.00688770213225689,0.00344385106612843
0.14889265813029,0.127032399995186,3222,3222,0.00688770213225689,0.00344385106612847
0.14323248564789,0.123107748656254,3223,3223,0.00688770213225689,0.00344385106612843
0.14889265813029,0.127032399995186,3224,3224,0.00688770213225689,0.00344385106612847
0.14323248564789,0.123107748656254,3225,3225,0.00688770213225689,0.00344385106612843
0.14889265813029,0.127032399995186,3226,3226,0.00688770213225689,0.00344385106612847
0.14323248564789,0.123107748656254,3227,3227,0.00688770213225689,0.00344385106612843
0.14889265813029,0.127032399995186,3228,3228,0.00688770213225689,0.00344385106612847
0.14323248564789,0.123107748656254,3229,3229,0.00688770213225689,0.00344385106612843
0.14889265813029,0.127032399995186,3230,3230,0.00688770213225689,0.00344385106612847
0.14323248564789,0.123107748656254,3231,3231,0.00688770213225689,0.00344385106612843
0.14889265813029,0.127032399995186,3232,3232,0.00688770213225689,0.00344385106612847
0.14323248564789,0.123107748656254,3233,3233,0.00688770213225689,0.00344385106612843
0.14889265813029,0.127032399995186,3234,3234,0.00688770213225689,0.00344385106612847
0.14323248564789,0.123107748656254,3235,3235,0.00688770213225689,0.00344385106612843
0.14889265813029,0.127032399995186,3236,3236,0.00688770213225689,0.00344385106612847
0.14323248564789,0.123107748656254,3237,3237,0.00688770213225689,0.00344385106612843
0.14889265813029,0.127032399995186,3238,3238,0.00688770213225689,0.00344385106612847
0.14323248564789,0.123107748656254,3239,3239,0.00688770213225689,0.00344385106612843
0.14889265813029,0.127032399995186,3240,3240,0.00688770213225689,0.00344385106612847
0.14323248564789,0.123107748656254,3241,3241,0.00688770213225689,0.00344385106612843
0.14889265813029,0.127032399995186,3242,3242,0.00688770213225689,0.00344385106612847
0.14323248564789,0.123107748656254,3243,3243,0.00688770213225689,0.00344385106612843
0.14889265813029,0.127032399995186,3244,3244,0.00688770213225689,0.00344385106612847
0.14323248564789,0.123107748656254,3245,3245,0.00688770213225689,0.00344385106612843
0.14889265813029,0.127032399995186,3246,3246,0.00688770213225689,0.00344385106612847
0.14323248564789,0.123107748656254,3247,3247,0.00688770213225689,0.00344385106612843
0.14889265813029,0.127032399995186,3248,3248,0.00688770213225689,0.00344385106612847
0.14323248564789,0.123107748656254,3249,3249,0.00688770213225689,0.00344385106612843
0.14889265813029,0.127032399995186,3250,3250,0.00688770213225689,0.00344385106612847
0.14323248564789,0.123107748656254,3251,3251,0.00688770213225689,0.00344385106612843
0.14889265813029,0.127032399995186,3252,3252,0.00688770213225689,0.00344385106612847
0.14323248564789,0.123107748656254,3253,3253,0.00688770213225689,0.00344385106612843
0.14889265813029,0.127032399995186,3254,3254,0.00688770213225689,0.00344385106612847
0.14323248564789,0.123107748656254,3255,3255,0.00688770213225689,0.00344385106612843
0.14889265813029,0.127032399995186,3256,3256,0.00688770213225689,0.00344385106612847
0.14323248564789,0.123107748656254,3257,3257,0.00688770213225689,0.00344385106612843
0.14889265813029,0.127032399995186,3258,3258,0.00688770213225689,0.00344385106612847
0.14323248564789,0.123107748656254,3259,3259,0.00688770213225689,0.00344385106612843
0.14889265813029,0.127032399995186,3260,3260,0.00688770213225689,0.00344385106612847
0.14323248564789,0.123107748656254,3261,3261,0.00688770213225689,0.00344385106612843
0.14889265813029,0.127032399995186,3262,3262,0.00688770213225689,0.00344385106612847
0.14323248564789,0.123107748656254,3263,3263,0.00688770213225689,0.00344385106612843
0.14889265813029,0.127032399995186,3264,3264,0.00688770213225689,0.00344385106612847
0.14323248564789,0.123107748656254,3265,3265,0.00688770213225689,0.00344385106612843
0.14889265813029,0.127032399995186,3266,3266,0.00688770213225689,0.00344385106612847
0.14323248564789,0.123107748656254,3267,3267,0.00688770213225689,0.00344385106612843
0.14889265813029,0.127032399995186,3268,3268,0.00688770213225689,0.00344385106612847
0.14323248564789,0.123107748656254,3269,3269,0.00688770213225689,0.00344385106612843
0.14889265813029,0.127032399995186,3270,3270,0.00688770213225689,0.00344385106612847
0.14323248564789,0.123107748656254,3271,3271,0.00688770213225689,0.00344385106612843
0.14889265813029,0.127032399995186,3272,3272,0.00688770213225689,0.00344385106612847
0.14323248564789,0.123107748656254,3273,3273,0.00688770213225689,0.00344385106612843
0.14889265813029,0.127032399995186,3274,3274,0.00688770213225689,0.00344385106612847
0.14323248564789,0.123107748656254,3275,3275,0.00688770213225689,0.00344385106612843
0.14889265813029,0.127032399995186,3276,3276,0.00688770213225689,0.00344385106612847
0.14323248564789,0.123107748656254,3277,3277,0.00688770213225689,0.00344385106612843
0.14889265813029,0.127032399995186,3278,3278,0.00688770213225689,0.00344385106612847
0.14323248564789,0.123107748656254,3279,3279,0.00688770213225689,0.00344385106612843
0.14889265813029,0.127032399995186,3280,3280,0.00688770213225689,0.00344385106612847
0.14323248564789,0.123107748656254,3281,3281,0.00688770213225689,0.00344385106612843
0.14889265813029,0.127032399995186,3282,3282,0.00688770213225689,0.00344385106612847
0.14323248564789,0.123107748656254,3283,3283,0.00688770213225689,0.00344385106612843
0.14889265813029,0.127032399995186,3284,3284,0.00688770213225689,0.00344385106612847
0.14323248564789,0.123107748656254,3285,3285,0.00688770213225689,0.00344385106612843
0.14889265813029,0.127032399995186,3286,3286,0.00688770213225689,0.00344385106612847
0.14323248564789,0.123107748656254,3287,3287,0.00688770213225689,0.00344385106612843
0.14889265813029,0.127032399995186,3288,3288,0.00688770213225689,0.00344385106612847
0.14323248564789,0.123107748656254,3289,3289,0.00688770213225689,0.00344385106612843
0.14889265813029,0.127032399995186,3290,3290,0.00688770213225689,0.00344385106612847
0.14323248564789,0.123107748656254,3291,3291,0.00688770213225689,0.00344385106612843
0.14889265813029,0.127032399995186,3292,3292,0.00688770213225689,0.00344385106612847
0.14323248564789,0.123107748656254,3293,3293,0.00688770213225689,0.00344385106612843
0.14889265813029,0.127032399995186,3294,3294,0.00688770213225689,0.00344385106612847
0.14323248564789,0.123107748656254,3295,3295,0.00688770213225689,0.00344385106612843
0.14889265813029,0.127032399995186,3296,3296,0.00688770213225689,0.00344385106612847
0.14323248564789,0.123107748656254,3297,3297,0.00688770213225689,0.00344385106612843
0.14889265813029,0.127032399995186,3298,3298,0.00688770213225689,0.00344385106612847
0.14323248564789,0.123107748656254,3299,3299,0.00688770213225689,0.00344385106612843
0.14889265813029,0.127032399995186,3300,3300,0.00688770213225689,0.00344385106612847
0.14323248564789,0.123107748656254,3301,3301,0.00688770213225689,0.00344385106612843
0.14889265813029,0.127032399995186,3302,3302,0.00688770213225689,0.00344385106612847
0.14323248564789,0.123107748656254,3303,3303,0.00688770213225689,0.00344385106612843
0.14889265813029,0.127032399995186,3304,3304,0.00688770213225689,0.00344385106612847
0.14323248564789,0.123107748656254,3305,3305,0.00688770213225689,0.00344385106612843
0.14889265813029,0.127032399995186,3306,3306,0.00688770213225689,0.00344385106612847
0.14323248564789,0.123107748656254,3307,3307,0.00688770213225689,0.00344385106612843
0.14889265813029,0.127032399995186,3308,3308,0.00688770213225689,0.00344385106612847
0.14323248564789,0.123107748656254,3309,3309,0.00688770213225689,0.00344385106612843
0.14889265813029,0.127032399995186,3310,3310,0.00688770213225689,0.00344385106612847
0.14323248564789,0.123107748656254,3311,3311,0.00688770213225689,0.00344385106612843
0.14889265813029,0.127032399995186,3312,3312,0.00688770213225689,0.00344385106612847
0.14323248564789,0.123107748656254,3313,3313,0.00688770213225689,0.00344385106612843
0.14889265813029,0.127032399995186,3314,3314,0.00688770213225689,0.00344385106612847
0.14323248564789,0.123107748656254,3315,3315,0.00688770213225689,0.00344385106612843
0.14889265813029,0.127032399995186,3316,3316,0.00688770213225689,0.00344385106612847
0.14323248564789,0.123107748656254,3317,3317,0.00688770213225689,0.00344385106612843
0.14889265813029,0.127032399995186,3318,3318,0.00688770213225689,0.00344385106612847
0.14323248564789,0.123107748656254,3319,3319,0.00688770213225689,0.00344385106612843
0.14889265813029,0.127032399995186,3320,3320,0.00688770213225689,0.00344385106612847
0.14323248564789,0.123107748656254,3321,3321,0.00688770213225689,0.00344385106612843
0.14889265813029,0.127032399995186,3322,3322,0.00688770213225689,0.00344385106612847
0.14323248564789,0.123107748656254,3323,3323,0.00688770213225689,0.00344385106612843
0.14889265813029,0.127032399995186,3324,3324,0.00688770213225689,0.00344385106612847
0.14323248564789,0.123107748656254,3325,3325,0.00688770213225689,0.00344385106612843
0.14889265813029,0.127032399995186,3326,3326,0.00688770213225689,0.00344385106612847
0.14323248564789,0.123107748656254,3327,3327,0.00688770213225689,0.00344385106612843
0.14889265813029,0.127032399995186,3328,3328,0.00688770213225689,0.00344385106612847
0.14323248564789,0.123107748656254,3329,3329,0.00688770213225689,0.00344385106612843
0.14889265813029,0.127032399995186,3330,3330,0.00688770213225689,0.00344385106612847
0.14323248564789,0.123107748656254,3331,3331,0.00688770213225689,0.00344385106612843
0.14889265813029,0.127032399995186,3332,3332,0.00688770213225689,0.00344385106612847
0.14323248564789,0.123107748656254,3333,3333,0.00688770213225689,0.00344385106612843
0.14889265813029,0.127032399995186,3334,3334,0.00688770213225689,0.00344385106612847
0.14323248564789,0.123107748656254,3335,3335,0.00688770213225689,0.00344385106612843
0.14889265813029,0.127032399995186,3336,3336,0.00688770213225689,0.00344385106612847
0.14323248564789,0.123107748656254,3337,3337,0.00688770213225689,0.00344385106612843
0.14889265813029,0.127032399995186,3338,3338,0.00688770213225689,0.00344385106612847
0.14323248564789,0.123107748656254,3339,3339,0.00688770213225689,0.00344385106612843
0.14889265813029,0.127032399995186,3340,3340,0.00688770213225689,0.00344385106612847
0.14323248564789,0.123107748656254,3341,3341,0.00688770213225689,0.00344385106612843
0.14889265813029,0.127032399995186,3342,3342,0.00688770213225689,0.00344385106612847
0.14323248564789,0.123107748656254,3343,3343,0.00688770213225689,0.00344385106612843
0.14889265813029,0.127032399995186,3344,3344,0.00688770213225689,0.00344385106612847
0.14323248564789,0.123107748656254,3345,3345,0.00688770213225689,0.00344385106612843
0.14889265813029,0.127032399995186,3346,3346,0.00688770213225689,0.00344385106612847
0.14323248564789,0.123107748656254,3347,3347,0.00688770213225689,0.00344385106612843
0.14889265813029,0.127032399995186,3348,3348,0.00688770213225689,0.00344385106612847
0.14323248564789,0.123107748656254,3349,3349,0.00688770213225689,0.00344385106612843
0.14889265813029,0.127032399995186,3350,3350,0.00688770213225689,0.00344385106612847
0.14323248564789,0.123107748656254,3351,3351,0.00688770213225689,0.00344385106612843
0.14889265813029,0.127032399995186,3352,3352,0.00688770213225689,0.00344385106612847
0.14323248564789,0.123107748656254,3353,3353,0.00688770213225689,0.00344385106612843
0.14889265813029,0.127032399995186,3354,3354,0.00688770213225689,0.00344385106612847
0.14323248564789,0.123107748656254,3355,3355,0.00688770213225689,0.00344385106612843
0.14889265813029,0.127032399995186,3356,3356,0.00688770213225689,0.00344385106612847
0.14323248564789,0.123107748656254,3357,3357,0.00688770213225689,0.00344385106612843
0.14889265813029,0.127032399995186,3358,3358,0.00688770213225689,0.00344385106612847
0.14323248564789,0.123107748656254,3359,3359,0.00688770213225689,0.00344385106612843
0.14889265813029,0.127032399995186,3360,3360,0.00688770213225689,0.00344385106612847
0.14323248564789,0.123107748656254,3361,3361,0.00688770213225689,0.00344385106612843
0.14889265813029,0.127032399995186,3362,3362,0.00688770213225689,0.00344385106612847
0.14323248564789,0.123107748656254,3363,3363,0.00688770213225689,0.00344385106612843
0.14889265813029,0.127032399995186,3364,3364,0.00688770213225689,0.00344385106612847
0.14323248564789,0.123107748656254,3365,3365,0.00688770213225689,0.00344385106612843
0.14889265813029,0.127032399995186,3366,3366,0.00688770213225689,0.00344385106612847
0.14323248564789,0.123107748656254,3367,3367,0.00688770213225689,0.00344385106612843
0.14889265813029,0.127032399995186,3368,3368,0.00688770213225689,0.00344385106612847
0.14323248564789,0.123107748656254,3369,3369,0.00688770213225689,0.00344385106612843
0.14889265813029,0.127032399995186,3370,3370,0.00688770213225689,0.00344385106612847
0.14323248564789,0.123107748656254,3371,3371,0.00688770213225689,0.00344385106612843
0.14889265813029,0.127032399995186,3372,3372,0.00688770213225689,0.00344385106612847
0.14323248564789,0.123107748656254,3373,3373,0.00688770213225689,0.00344385106612843
0.14889265813029,0.127032399995186,3374,3374,0.00688770213225689,0.00344385106612847
0.14323248564789,0.123107748656254,3375,3375,0.00688770213225689,0.00344385106612843
0.14889265813029,0.127032399995186,3376,3376,0.00688770213225689,0.00344385106612847
0.14323248564789,0.123107748656254,3377,3377,0.00688770213225689,0.00344385106612843
0.14889265813029,0.127032399995186,3378,3378,0.00688770213225689,0.00344385106612847
0.14323248564789,0.123107748656254,3379,3379,0.00688770213225689,0.00344385106612843
0.14889265813029,0.127032399995186,3380,3380,0.00688770213225689,0.00344385106612847
0.14323248564789,0.123107748656254,3381,3381,0.00688770213225689,0.00344385106612843
0.14889265813029,0.127032399995186,3382,3382,0.00688770213225689,0.00344385106612847
0.14323248564789,0.123107748656254,3383,3383,0.00688770213225689,0.00344385106612843
0.14889265813029,0.127032399995186,3384,3384,0.00688770213225689,0.00344385106612847
0.14323248564789,0.123107748656254,3385,3385,0.00688770213225689,0.00344385106612843
0.14889265813029,0.127032399995186,3386,3386,0.00688770213225689,0.00344385106612847
0.14323248564789,0.123107748656254,3387,3387,0.00688770213225689,0.00344385106612843
0.14889265813029,0.127032399995186,3388,3388,0.00688770213225689,0.00344385106612847
0.14323248564789,0.123107748656254,3389,3389,0.00688770213225689,0.00344385106612843
0.14889265813029,0.127032399995186,3390,3390,0.00688770213225689,0.00344385106612847
0.14323248564789,0.123107748656254,3391,3391,0.00688770213225689,0.00344385106612843
0.14889265813029,0.127032399995186,3392,3392,0.00688770213225689,0.00344385106612847
0.14323248564789,0.123107748656254,3393,3393,0.00688770213225689,0.00344385106612843
0.14889265813029,0.127032399995186,3394,3394,0.00688770213225689,0.00344385106612847
0.14323248564789,0.123107748656254,3395,3395,0.00688770213225689,0.00344385106612843
0.14889265813029,0.127032399995186,3396,3396,0.00688770213225689,0.00344385106612847
0.14323248564789,0.123107748656254,3397,3397,0.00688770213225689,0.00344385106612843
0.14889265813029,0.127032399995186,3398,3398,0.00688770213225689,0.00344385106612847
0.14323248564789,0.123107748656254,3399,3399,0.00688770213225689,0.00344385106612843
0.14889265813029,0.127032399995186,3400,3400,0.00688770213225689,0.00344385106612847
0.14323248564789,0.123107748656254,3401,3401,0.00688770213225689,0.00344385106612843
0.14889265813029,0.127032399995186,3402,3402,0.00688770213225689,0.00344385106612847
0.14323248564789,0.123107748656254,3403,3403,0.00688770213225689,0.00344385106612843
0.14889265813029,0.127032399995186,3404,3404,0.00688770213225689,0.00344385106612847
0.14323248564789,0.123107748656254,3405,3405,0.00688770213225689,0.00344385106612843
0.14889265813029,0.127032399995186,3406,3406,0.00688770213225689,0.00344385106612847
0.14323248564789,0.123107748656254,3407,3407,0.00688770213225689,0.00344385106612843
0.14889265813029,0.127032399995186,3408,3408,0.00688770213225689,0.00344385106612847
0.14323248564789,0.123107748656254,3409,3409,0.00688770213225689,0.00344385106612843
0.14889265813029,0.127032399995186,3410,3410,0.00688770213225689,0.00344385106612847
0.14323248564789,0.123107748656254,3411,3411,0.00688770213225689,0.00344385106612843
0.14889265813029,0.127032399995186,3412,3412,0.00688770213225689,0.00344385106612847
0.14323248564789,0.123107748656254,3413,3413,0.00688770213225689,0.00344385106612843
0.14889265813029,0.127032399995186,3414,3414,0.00688770213225689,0.00344385106612847
0.14323248564789,0.123107748656254,3415,3415,0.00688770213225689,0.00344385106612843
0.14889265813029,0.127032399995186,3416,3416,0.00688770213225689,0.00344385106612847
0.14323248564789,0.123107748656254,3417,3417,0.00688770213225689,0.00344385106612843
0.14889265813029,0.127032399995186,3418,3418,0.00688770213225689,0.00344385106612847
0.14323248564789,0.123107748656254,3419,3419,0.00688770213225689,0.00344385106612843
0.14889265813029,0.127032399995186,3420,3420,0.00688770213225689,0.00344385106612847
0.14323248564789,0.123107748656254,3421,3421,0.00688770213225689,0.00344385106612843
0.14889265813029,0.127032399995186,3422,3422,0.00688770213225689,0.00344385106612847
0.14323248564789,0.123107748656254,3423,3423,0.00688770213225689,0.00344385106612843
0.14889265813029,0.127032399995186,3424,3424,0.00688770213225689,0.00344385106612847
0.14323248564789,0.123107748656254,3425,3425,0.00688770213225689,0.00344385106612843
0.14889265813029,0.127032399995186,3426,3426,0.00688770213225689,0.00344385106612847
0.14323248564789,0.123107748656254,3427,3427,0.00688770213225689,0.00344385106612843
0.14889265813029,0.127032399995186,3428,3428,0.00688770213225689,0.00344385106612847
0.14323248564789,0.123107748656254,3429,3429,0.00688770213225689,0.00344385106612843
0.14889265813029,0.127032399995186,3430,3430,0.00688770213225689,0.00344385106612847
0.14323248564789,0.123107748656254,3431,3431,0.00688770213225689,0.00344385106612843
0.14889265813029,0.127032399995186,3432,3432,0.00688770213225689,0.00344385106612847
0.14323248564789,0.123107748656254,3433,3433,0.00688770213225689,0.00344385106612843
0.14889265813029,0.127032399995186,3434,3434,0.00688770213225689,0.00344385106612847
0.14323248564789,0.123107748656254,3435,3435,0.00688770213225689,0.00344385106612843
0.14889265813029,0.127032399995186,3436,3436,0.00688770213225689,0.00344385106612847
0.14323248564789,0.123107748656254,3437,3437,0.00688770213225689,0.00344385106612843
0.14889265813029,0.127032399995186,3438,3438,0.00688770213225689,0.00344385106612847
0.14323248564789,0.123107748656254,3439,3439,0.00688770213225689,0.00344385106612843
0.14889265813029,0.127032399995186,3440,3440,0.00688770213225689,0.00344385106612847
0.14323248564789,0.123107748656254,3441,3441,0.00688770213225689,0.00344385106612843
0.14889265813029,0.127032399995186,3442,3442,0.00688770213225689,0.00344385106612847
0.14323248564789,0.123107748656254,3443,3443,0.00688770213225689,0.00344385106612843
0.14889265813029,0.127032399995186,3444,3444,0.00688770213225689,0.00344385106612847
0.14323248564789,0.123107748656254,3445,3445,0.00688770213225689,0.00344385106612843
0.14889265813029,0.127032399995186,3446,3446,0.00688770213225689,0.00344385106612847
0.14323248564789,0.123107748656254,3447,3447,0.00688770213225689,0.00344385106612843
0.14889265813029,0.127032399995186,3448,3448,0.00688770213225689,0.00344385106612847
0.14323248564789,0.123107748656254,3449,3449,0.00688770213225689,0.00344385106612843
0.14889265813029,0.127032399995186,3450,3450,0.00688770213225689,0.00344385106612847
0.14323248564789,0.123107748656254,3451,3451,0.00688770213225689,0.00344385106612843
0.14889265813029,0.127032399995186,3452,3452,0.00688770213225689,0.00344385106612847
0.14323248564789,0.123107748656254,3453,3453,0.00688770213225689,0.00344385106612843
0.14889265813029,0.127032399995186,3454,3454,0.00688770213225689,0.00344385106612847
0.14323248564789,0.123107748656254,3455,3455,0.00688770213225689,0.00344385106612843
0.14889265813029,0.127032399995186,3456,3456,0.00688770213225689,0.00344385106612847
0.14323248564789,0.123107748656254,3457,3457,0.00688770213225689,0.00344385106612843
0.14889265813029,0.127032399995186,3458,3458,0.00688770213225689,0.00344385106612847
0.14323248564789,0.123107748656254,3459,3459,0.00688770213225689,0.00344385106612843
0.14889265813029,0.127032399995186,3460,3460,0.00688770213225689,0.00344385106612847
0.14323248564789,0.123107748656254,3461,3461,0.00688770213225689,0.00344385106612843
0.14889265813029,0.127032399995186,3462,3462,0.00688770213225689,0.00344385106612847
0.14323248564789,0.123107748656254,3463,3463,0.00688770213225689,0.00344385106612843
0.14889265813029,0.127032399995186,3464,3464,0.00688770213225689,0.00344385106612847
0.14323248564789,0.123107748656254,3465,3465,0.00688770213225689,0.00344385106612843
0.14889265813029,0.127032399995186,3466,3466,0.00688770213225689,0.00344385106612847
0.14323248564789,0.123107748656254,3467,3467,0.00688770213225689,0.00344385106612843
0.14889265813029,0.127032399995186,3468,3468,0.00688770213225689,0.00344385106612847
0.14323248564789,0.123107748656254,3469,3469,0.00688770213225689,0.00344385106612843
0.14889265813029,0.127032399995186,3470,3470,0.00688770213225689,0.00344385106612847
0.14323248564789,0.123107748656254,3471,3471,0.00688770213225689,0.00344385106612843
0.14889265813029,0.127032399995186,3472,3472,0.00688770213225689,0.00344385106612847
0.14323248564789,0.123107748656254,3473,3473,0.00688770213225689,0.00344385106612843
0.14889265813029,0.127032399995186,3474,3474,0.00688770213225689,0.00344385106612847
0.14323248564789,0.123107748656254,3475,3475,0.00688770213225689,0.00344385106612843
0.14889265813029,0.127032399995186,3476,3476,0.00688770213225689,0.00344385106612847
0.14323248564789,0.123107748656254,3477,3477,0.00688770213225689,0.00344385106612843
0.14889265813029,0.127032399995186,3478,3478,0.00688770213225689,0.00344385106612847
0.14323248564789,0.123107748656254,3479,3479,0.00688770213225689,0.00344385106612843
0.14889265813029,0.127032399995186,3480,3480,0.00688770213225689,0.00344385106612847
0.14323248564789,0.123107748656254,3481,3481,0.00688770213225689,0.00344385106612843
0.14889265813029,0.127032399995186,3482,3482,0.00688770213225689,0.00344385106612847
0.14323248564789,0.123107748656254,3483,3483,0.00688770213225689,0.00344385106612843
0.14889265813029,0.127032399995186,3484,3484,0.00688770213225689,0.00344385106612847
0.14323248564789,0.123107748656254,3485,3485,0.00688770213225689,0.00344385106612843
0.14889265813029,0.127032399995186,3486,3486,0.00688770213225689,0.00344385106612847
0.14323248564789,0.123107748656254,3487,3487,0.00688770213225689,0.00344385106612843
0.14889265813029,0.127032399995186,3488,3488,0.00688770213225689,0.00344385106612847
0.14323248564789,0.123107748656254,3489,3489,0.00688770213225689,0.00344385106612843
0.14889265813029,0.127032399995186,3490,3490,0.00688770213225689,0.00344385106612847
0.14323248564789,0.123107748656254,3491,3491,0.00688770213225689,0.00344385106612843
0.14889265813029,0.127032399995186,3492,3492,0.00688770213225689,0.00344385106612847
0.14323248564789,0.123107748656254,3493,3493,0.00688770213225689,0.00344385106612843
0.14889265813029,0.127032399995186,3494,3494,0.00688770213225689,0.00344385106612847
0.14323248564789,0.123107748656254,3495,3495,0.00688770213225689,0.00344385106612843
0.14889265813029,0.127032399995186,3496,3496,0.00688770213225689,0.00344385106612847
0.14323248564789,0.123107748656254,3497,3497,0.00688770213225689,0.00344385106612843
0.14889265813029,0.127032399995186,3498,3498,0.00688770213225689,0.00344385106612847
0.14323248564789,0.123107748656254,3499,3499,0.00688770213225689,0.00344385106612843
0.14889265813029,0.127032399995186,3500,3500,0.00688770213225689,0.00344385106612847
0.14323248564789,0.123107748656254,3501,3501,0.00688770213225689,0.00344385106612843
0.14889265813029,0.127032399995186,3502,3502,0.00688770213225689,0.00344385106612847
0.14323248564789,0.123107748656254,3503,3503,0.00688770213225689,0.00344385106612843
0.14889265813029,0.127032399995186,3504,3504,0.00688770213225689,0.00344385106612847
0.14323248564789,0.123107748656254,3505,3505,0.00688770213225689,0.00344385106612843
0.14889265813029,0.127032399995186,3506,3506,0.00688770213225689,0.00344385106612847
0.14323248564789,0.123107748656254,3507,3507,0.00688770213225689,0.00344385106612843
0.14889265813029,0.127032399995186,3508,3508,0.00688770213225689,0.00344385106612847
0.14323248564789,0.123107748656254,3509,3509,0.00688770213225689,0.00344385106612843
0.14889265813029,0.127032399995186,3510,3510,0.00688770213225689,0.00344385106612847
0.14323248564789,0.123107748656254,3511,3511,0.00688770213225689,0.00344385106612843
0.14889265813029,0.127032399995186,3512,3512,0.00688770213225689,0.00344385106612847
0.14323248564789,0.123107748656254,3513,3513,0.00688770213225689,0.00344385106612843
0.14889265813029,0.127032399995186,3514,3514,0.00688770213225689,0.00344385106612847
0.14323248564789,0.123107748656254,3515,3515,0.00688770213225689,0.00344385106612843
0.14889265813029,0.127032399995186,3516,3516,0.00688770213225689,0.00344385106612847
0.14323248564789,0.123107748656254,3517,3517,0.00688770213225689,0.00344385106612843
0.14889265813029,0.127032399995186,3518,3518,0.00688770213225689,0.00344385106612847
0.14323248564789,0.123107748656254,3519,3519,0.00688770213225689,0.00344385106612843
0.14889265813029,0.127032399995186,3520,3520,0.00688770213225689,0.00344385106612847
0.14323248564789,0.123107748656254,3521,3521,0.00688770213225689,0.00344385106612843
0.14889265813029,0.127032399995186,3522,3522,0.00688770213225689,0.00344385106612847
0.14323248564789,0.123107748656254,3523,3523,0.00688770213225689,0.00344385106612843
0.14889265813029,0.127032399995186,3524,3524,0.00688770213225689,0.00344385106612847
0.14323248564789,0.123107748656254,3525,3525,0.00688770213225689,0.00344385106612843
0.14889265813029,0.127032399995186,3526,3526,0.00688770213225689,0.00344385106612847
0.14323248564789,0.123107748656254,3527,3527,0.00688770213225689,0.00344385106612843
0.14889265813029,0.127032399995186,3528,3528,0.00688770213225689,0.00344385106612847
0.14323248564789,0.123107748656254,3529,3529,0.00688770213225689,0.00344385106612843
0.14889265813029,0.127032399995186,3530,3530,0.00688770213225689,0.00344385106612847
0.14323248564789,0.123107748656254,3531,3531,0.00688770213225689,0.00344385106612843
0.14889265813029,0.127032399995186,3532,3532,0.00688770213225689,0.00344385106612847
0.14323248564789,0.123107748656254,3533,3533,0.00688770213225689,0.00344385106612843
0.14889265813029,0.127032399995186,3534,3534,0.00688770213225689,0.00344385106612847
0.14323248564789,0.123107748656254,3535,3535,0.00688770213225689,0.00344385106612843
0.14889265813029,0.127032399995186,3536,3536,0.00688770213225689,0.00344385106612847
0.14323248564789,0.123107748656254,3537,3537,0.00688770213225689,0.00344385106612843
0.14889265813029,0.127032399995186,3538,3538,0.00688770213225689,0.00344385106612847
0.14323248564789,0.123107748656254,3539,3539,0.00688770213225689,0.00344385106612843
0.14889265813029,0.127032399995186,3540,3540,0.00688770213225689,0.00344385106612847
0.14323248564789,0.123107748656254,3541,3541,0.00688770213225689,0.00344385106612843
0.14889265813029,0.127032399995186,3542,3542,0.00688770213225689,0.00344385106612847
0.14323248564789,0.123107748656254,3543,3543,0.00688770213225689,0.00344385106612843
0.14889265813029,0.127032399995186,3544,3544,0.00688770213225689,0.00344385106612847
0.14323248564789,0.123107748656254,3545,3545,0.00688770213225689,0.00344385106612843
0.14889265813029,0.127032399995186,3546,3546,0.00688770213225689,0.00344385106612847
0.14323248564789,0.123107748656254,3547,3547,0.00688770213225689,0.00344385106612843
0.14889265813029,0.127032399995186,3548,3548,0.00688770213225689,0.00344385106612847
0.14323248564789,0.123107748656254,3549,3549,0.00688770213225689,0.00344385106612843
0.14889265813029,0.127032399995186,3550,3550,0.00688770213225689,0.00344385106612847
0.14323248564789,0.123107748656254,3551,3551,0.00688770213225689,0.00344385106612843
0.14889265813029,0.127032399995186,3552,3552,0.00688770213225689,0.00344385106612847
0.14323248564789,0.123107748656254,3553,3553,0.00688770213225689,0.00344385106612843
0.14889265813029,0.127032399995186,3554,3554,0.00688770213225689,0.00344385106612847
0.14323248564789,0.123107748656254,3555,3555,0.00688770213225689,0.00344385106612843
0.14889265813029,0.127032399995186,3556,3556,0.00688770213225689,0.00344385106612847
0.14323248564789,0.123107748656254,3557,3557,0.00688770213225689,0.00344385106612843
0.14889265813029,0.127032399995186,3558,3558,0.00688770213225689,0.00344385106612847
0.14323248564789,0.123107748656254,3559,3559,0.00688770213225689,0.00344385106612843
0.14889265813029,0.127032399995186,3560,3560,0.00688770213225689,0.00344385106612847
0.14323248564789,0.123107748656254,3561,3561,0.00688770213225689,0.00344385106612843
0.14889265813029,0.127032399995186,3562,3562,0.00688770213225689,0.00344385106612847
0.14323248564789,0.123107748656254,3563,3563,0.00688770213225689,0.00344385106612843
0.14889265813029,0.127032399995186,3564,3564,0.00688770213225689,0.00344385106612847
0.14323248564789,0.123107748656254,3565,3565,0.00688770213225689,0.00344385106612843
0.14889265813029,0.127032399995186,3566,3566,0.00688770213225689,0.00344385106612847
0.14323248564789,0.123107748656254,3567,3567,0.00688770213225689,0.00344385106612843
0.14889265813029,0.127032399995186,3568,3568,0.00688770213225689,0.00344385106612847
0.14323248564789,0.123107748656254,3569,3569,0.00688770213225689,0.00344385106612843
0.14889265813029,0.127032399995186,3570,3570,0.00688770213225689,0.00344385106612847
0.14323248564789,0.123107748656254,3571,3571,0.00688770213225689,0.00344385106612843
0.14889265813029,0.127032399995186,3572,3572,0.00688770213225689,0.00344385106612847
0.14323248564789,0.123107748656254,3573,3573,0.00688770213225689,0.00344385106612843
0.14889265813029,0.127032399995186,3574,3574,0.00688770213225689,0.00344385106612847
0.14323248564789,0.123107748656254,3575,3575,0.00688770213225689,0.00344385106612843
0.14889265813029,0.127032399995186,3576,3576,0.00688770213225689,0.00344385106612847
0.14323248564789,0.123107748656254,3577,3577,0.00688770213225689,0.00344385106612843
0.14889265813029,0.127032399995186,3578,3578,0.00688770213225689,0.00344385106612847
0.14323248564789,0.123107748656254,3579,3579,0.00688770213225689,0.00344385106612843
0.14889265813029,0.127032399995186,3580,3580,0.00688770213225689,0.00344385106612847
0.14323248564789,0.123107748656254,3581,3581,0.00688770213225689,0.00344385106612843
0.14889265813029,0.127032399995186,3582,3582,0.00688770213225689,0.00344385106612847
0.14323248564789,0.123107748656254,3583,3583,0.00688770213225689,0.00344385106612843
0.14889265813029,0.127032399995186,3584,3584,0.00688770213225689,0.00344385106612847
0.14323248564789,0.123107748656254,3585,3585,0.00688770213225689,0.00344385106612843
0.14889265813029,0.127032399995186,3586,3586,0.00688770213225689,0.00344385106612847
0.14323248564789,0.123107748656254,3587,3587,0.00688770213225689,0.00344385106612843
0.14889265813029,0.127032399995186,3588,3588,0.00688770213225689,0.00344385106612847
0.14323248564789,0.123107748656254,3589,3589,0.00688770213225689,0.00344385106612843
0.14889265813029,0.127032399995186,3590,3590,0.00688770213225689,0.00344385106612847
0.14323248564789,0.123107748656254,3591,3591,0.00688770213225689,0.00344385106612843
0.14889265813029,0.127032399995186,3592,3592,0.00688770213225689,0.00344385106612847
0.14323248564789,0.123107748656254,3593,3593,0.00688770213225689,0.00344385106612843
0.14889265813029,0.127032399995186,3594,3594,0.00688770213225689,0.00344385106612847
0.14323248564789,0.123107748656254,3595,3595,0.00688770213225689,0.00344385106612843
0.14889265813029,0.127032399995186,3596,3596,0.00688770213225689,0.00344385106612847
0.14323248564789,0.123107748656254,3597,3597,0.00688770213225689,0.00344385106612843
0.14889265813029,0.127032399995186,3598,3598,0.00688770213225689,0.00344385106612847
0.14323248564789,0.123107748656254,3599,3599,0.00688770213225689,0.00344385106612843
0.14889265813029,0.127032399995186,3600,3600,0.00688770213225689,0.00344385106612847
0.14323248564789,0.123107748656254,3601,3601,0.00688770213225689,0.00344385106612843
0.14889265813029,0.127032399995186,3602,3602,0.00688770213225689,0.00344385106612847
0.14323248564789,0.123107748656254,3603,3603,0.00688770213225689,0.00344385106612843
0.14889265813029,0.127032399995186,3604,3604,0.00688770213225689,0.00344385106612847
0.14323248564789,0.123107748656254,3605,3605,0.00688770213225689,0.00344385106612843
0.14889265813029,0.127032399995186,3606,3606,0.00688770213225689,0.00344385106612847
0.14323248564789,0.123107748656254,3607,3607,0.00688770213225689,0.00344385106612843
0.14889265813029,0.127032399995186,3608,3608,0.00688770213225689,0.00344385106612847
0.14323248564789,0.123107748656254,3609,3609,0.00688770213225689,0.00344385106612843
0.14889265813029,0.127032399995186,3610,3610,0.00688770213225689,0.00344385106612847
0.14323248564789,0.123107748656254,3611,3611,0.00688770213225689,0.00344385106612843
0.14889265813029,0.127032399995186,3612,3612,0.00688770213225689,0.00344385106612847
0.14323248564789,0.123107748656254,3613,3613,0.00688770213225689,0.00344385106612843
0.14889265813029,0.127032399995186,3614,3614,0.00688770213225689,0.00344385106612847
0.14323248564789,0.123107748656254,3615,3615,0.00688770213225689,0.00344385106612843
0.14889265813029,0.127032399995186,3616,3616,0.00688770213225689,0.00344385106612847
0.14323248564789,0.123107748656254,3617,3617,0.00688770213225689,0.00344385106612843
0.14889265813029,0.127032399995186,3618,3618,0.00688770213225689,0.00344385106612847
0.14323248564789,0.123107748656254,3619,3619,0.00688770213225689,0.00344385106612843
0.14889265813029,0.127032399995186,3620,3620,0.00688770213225689,0.00344385106612847
0.14323248564789,0.123107748656254,3621,3621,0.00688770213225689,0.00344385106612843
0.14889265813029,0.127032399995186,3622,3622,0.00688770213225689,0.00344385106612847
0.14323248564789,0.123107748656254,3623,3623,0.00688770213225689,0.00344385106612843
0.14889265813029,0.127032399995186,3624,3624,0.00688770213225689,0.00344385106612847
0.14323248564789,0.123107748656254,3625,3625,0.00688770213225689,0.00344385106612843
0.14889265813029,0.127032399995186,3626,3626,0.00688770213225689,0.00344385106612847
0.14323248564789,0.123107748656254,3627,3627,0.00688770213225689,0.00344385106612843
0.14889265813029,0.127032399995186,3628,3628,0.00688770213225689,0.00344385106612847
0.14323248564789,0.123107748656254,3629,3629,0.00688770213225689,0.00344385106612843
0.14889265813029,0.127032399995186,3630,3630,0.00688770213225689,0.00344385106612847
0.14323248564789,0.123107748656254,3631,3631,0.00688770213225689,0.00344385106612843
0.14889265813029,0.127032399995186,3632,3632,0.00688770213225689,0.00344385106612847
0.14323248564789,0.123107748656254,3633,3633,0.00688770213225689,0.00344385106612843
0.14889265813029,0.127032399995186,3634,3634,0.00688770213225689,0.00344385106612847
0.14323248564789,0.123107748656254,3635,3635,0.00688770213225689,0.00344385106612843
0.14889265813029,0.127032399995186,3636,3636,0.00688770213225689,0.00344385106612847
0.14323248564789,0.123107748656254,3637,3637,0.00688770213225689,0.00344385106612843
0.14889265813029,0.127032399995186,3638,3638,0.00688770213225689,0.00344385106612847
0.14323248564789,0.123107748656254,3639,3639,0.00688770213225689,0.00344385106612843
0.14889265813029,0.127032399995186,3640,3640,0.00688770213225689,0.00344385106612847
0.14323248564789,0.123107748656254,3641,3641,0.00688770213225689,0.00344385106612843
0.14889265813029,0.127032399995186,3642,3642,0.00688770213225689,0.00344385106612847
0.14323248564789,0.123107748656254,3643,3643,0.00688770213225689,0.00344385106612843
0.14889265813029,0.127032399995186,3644,3644,0.00688770213225689,0.00344385106612847
0.14323248564789,0.123107748656254,3645,3645,0.00688770213225689,0.00344385106612843
0.14889265813029,0.127032399995186,3646,3646,0.00688770213225689,0.00344385106612847
0.14323248564789,0.123107748656254,3647,3647,0.00688770213225689,0.00344385106612843
0.14889265813029,0.127032399995186,3648,3648,0.00688770213225689,0.00344385106612847
0.14323248564789,0.123107748656254,3649,3649,0.00688770213225689,0.00344385106612843
0.14889265813029,0.127032399995186,3650,3650,0.00688770213225689,0.00344385106612847
0.14323248564789,0.123107748656254,3651,3651,0.00688770213225689,0.00344385106612843
0.14889265813029,0.127032399995186,3652,3652,0.00688770213225689,0.00344385106612847
0.14323248564789,0.123107748656254,3653,3653,0.00688770213225689,0.00344385106612843
0.14889265813029,0.127032399995186,3654,3654,0.00688770213225689,0.00344385106612847
0.14323248564789,0.123107748656254,3655,3655,0.00688770213225689,0.00344385106612843
0.14889265813029,0.127032399995186,3656,3656,0.00688770213225689,0.00344385106612847
0.14323248564789,0.123107748656254,3657,3657,0.00688770213225689,0.00344385106612843
0.14889265813029,0.127032399995186,3658,3658,0.00688770213225689,0.00344385106612847
0.14323248564789,0.123107748656254,3659,3659,0.00688770213225689,0.00344385106612843
0.14889265813029,0.127032399995186,3660,3660,0.00688770213225689,0.00344385106612847
0.14323248564789,0.123107748656254,3661,3661,0.00688770213225689,0.00344385106612843
0.14889265813029,0.127032399995186,3662,3662,0.00688770213225689,0.00344385106612847
0.14323248564789,0.123107748656254,3663,3663,0.00688770213225689,0.00344385106612843
0.14889265813029,0.127032399995186,3664,3664,0.00688770213225689,0.00344385106612847
0.14323248564789,0.123107748656254,3665,3665,0.00688770213225689,0.00344385106612843
0.14889265813029,0.127032399995186,3666,3666,0.00688770213225689,0.00344385106612847
0.14323248564789,0.123107748656254,3667,3667,0.00688770213225689,0.00344385106612843
0.14889265813029,0.127032399995186,3668,3668,0.00688770213225689,0.00344385106612847
0.14323248564789,0.123107748656254,3669,3669,0.00688770213225689,0.00344385106612843
0.14889265813029,0.127032399995186,3670,3670,0.00688770213225689,0.00344385106612847
0.14323248564789,0.123107748656254,3671,3671,0.00688770213225689,0.00344385106612843
0.14889265813029,0.127032399995186,3672,3672,0.00688770213225689,0.00344385106612847
0.14323248564789,0.123107748656254,3673,3673,0.00688770213225689,0.00344385106612843
0.14889265813029,0.127032399995186,3674,3674,0.00688770213225689,0.00344385106612847
0.14323248564789,0.123107748656254,3675,3675,0.00688770213225689,0.00344385106612843
0.14889265813029,0.127032399995186,3676,3676,0.00688770213225689,0.00344385106612847
0.14323248564789,0.123107748656254,3677,3677,0.00688770213225689,0.00344385106612843
0.14889265813029,0.127032399995186,3678,3678,0.00688770213225689,0.00344385106612847
0.14323248564789,0.123107748656254,3679,3679,0.00688770213225689,0.00344385106612843
0.14889265813029,0.127032399995186,3680,3680,0.00688770213225689,0.00344385106612847
0.14323248564789,0.123107748656254,3681,3681,0.00688770213225689,0.00344385106612843
0.14889265813029,0.127032399995186,3682,3682,0.00688770213225689,0.00344385106612847
0.14323248564789,0.123107748656254,3683,3683,0.00688770213225689,0.00344385106612843
0.14889265813029,0.127032399995186,3684,3684,0.00688770213225689,0.00344385106612847
0.14323248564789,0.123107748656254,3685,3685,0.00688770213225689,0.00344385106612843
0.14889265813029,0.127032399995186,3686,3686,0.00688770213225689,0.00344385106612847
0.14323248564789,0.123107748656254,3687,3687,0.00688770213225689,0.00344385106612843
0.14889265813029,0.127032399995186,3688,3688,0.00688770213225689,0.00344385106612847
0.14323248564789,0.123107748656254,3689,3689,0.00688770213225689,0.00344385106612843
0.14889265813029,0.127032399995186,3690,3690,0.00688770213225689,0.00344385106612847
0.14323248564789,0.123107748656254,3691,3691,0.00688770213225689,0.00344385106612843
0.14889265813029,0.127032399995186,3692,3692,0.00688770213225689,0.00344385106612847
0.14323248564789,0.123107748656254,3693,3693,0.00688770213225689,0.00344385106612843
0.14889265813029,0.127032399995186,3694,3694,0.00688770213225689,0.00344385106612847
0.14323248564789,0.123107748656254,3695,3695,0.00688770213225689,0.00344385106612843
0.14889265813029,0.127032399995186,3696,3696,0.00688770213225689,0.00344385106612847
0.14323248564789,0.123107748656254,3697,3697,0.00688770213225689,0.00344385106612843
0.14889265813029,0.127032399995186,3698,3698,0.00688770213225689,0.00344385106612847
0.14323248564789,0.123107748656254,3699,3699,0.00688770213225689,0.00344385106612843
0.14889265813029,0.127032399995186,3700,3700,0.00688770213225689,0.00344385106612847
0.14323248564789,0.123107748656254,3701,3701,0.00688770213225689,0.00344385106612843
0.14889265813029,0.127032399995186,3702,3702,0.00688770213225689,0.00344385106612847
0.14323248564789,0.123107748656254,3703,3703,0.00688770213225689,0.00344385106612843
0.14889265813029,0.127032399995186,3704,3704,0.00688770213225689,0.00344385106612847
0.14323248564789,0.123107748656254,3705,3705,0.00688770213225689,0.00344385106612843
0.14889265813029,0.127032399995186,3706,3706,0.00688770213225689,0.00344385106612847
0.14323248564789,0.123107748656254,3707,3707,0.00688770213225689,0.00344385106612843
0.14889265813029,0.127032399995186,3708,3708,0.00688770213225689,0.00344385106612847
0.14323248564789,0.123107748656254,3709,3709,0.00688770213225689,0.00344385106612843
0.14889265813029,0.127032399995186,3710,3710,0.00688770213225689,0.00344385106612847
0.14323248564789,0.123107748656254,3711,3711,0.00688770213225689,0.00344385106612843
0.14889265813029,0.127032399995186,3712,3712,0.00688770213225689,0.00344385106612847
0.14323248564789,0.123107748656254,3713,3713,0.00688770213225689,0.00344385106612843
0.14889265813029,0.127032399995186,3714,3714,0.00688770213225689,0.00344385106612847
0.14323248564789,0.123107748656254,3715,3715,0.00688770213225689,0.00344385106612843
0.14889265813029,0.127032399995186,3716,3716,0.00688770213225689,0.00344385106612847
0.14323248564789,0.123107748656254,3717,3717,0.00688770213225689,0.00344385106612843
0.14889265813029,0.127032399995186,3718,3718,0.00688770213225689,0.00344385106612847
0.14323248564789,0.123107748656254,3719,3719,0.00688770213225689,0.00344385106612843
0.14889265813029,0.127032399995186,3720,3720,0.00688770213225689,0.00344385106612847
0.14323248564789,0.123107748656254,3721,3721,0.00688770213225689,0.00344385106612843
0.14889265813029,0.127032399995186,3722,3722,0.00688770213225689,0.00344385106612847
0.14323248564789,0.123107748656254,3723,3723,0.00688770213225689,0.00344385106612843
0.14889265813029,0.127032399995186,3724,3724,0.00688770213225689,0.00344385106612847
0.14323248564789,0.123107748656254,3725,3725,0.00688770213225689,0.00344385106612843
0.14889265813029,0.127032399995186,3726,3726,0.00688770213225689,0.00344385106612847
0.14323248564789,0.123107748656254,3727,3727,0.00688770213225689,0.00344385106612843
0.14889265813029,0.127032399995186,3728,3728,0.00688770213225689,0.00344385106612847
0.14323248564789,0.123107748656254,3729,3729,0.00688770213225689,0.00344385106612843
0.14889265813029,0.127032399995186,3730,3730,0.00688770213225689,0.00344385106612847
0.14323248564789,0.123107748656254,3731,3731,0.00688770213225689,0.00344385106612843
0.14889265813029,0.127032399995186,3732,3732,0.00688770213225689,0.00344385106612847
0.14323248564789,0.123107748656254,3733,3733,0.00688770213225689,0.00344385106612843
0.14889265813029,0.127032399995186,3734,3734,0.00688770213225689,0.00344385106612847
0.14323248564789,0.123107748656254,3735,3735,0.00688770213225689,0.00344385106612843
0.14889265813029,0.127032399995186,3736,3736,0.00688770213225689,0.00344385106612847
0.14323248564789,0.123107748656254,3737,3737,0.00688770213225689,0.00344385106612843
0.14889265813029,0.127032399995186,3738,3738,0.00688770213225689,0.00344385106612847
0.14323248564789,0.123107748656254,3739,3739,0.00688770213225689,0.00344385106612843
0.14889265813029,0.127032399995186,3740,3740,0.00688770213225689,0.00344385106612847
0.14323248564789,0.123107748656254,3741,3741,0.00688770213225689,0.00344385106612843
0.14889265813029,0.127032399995186,3742,3742,0.00688770213225689,0.00344385106612847
0.14323248564789,0.123107748656254,3743,3743,0.00688770213225689,0.00344385106612843
0.14889265813029,0.127032399995186,3744,3744,0.00688770213225689,0.00344385106612847
0.14323248564789,0.123107748656254,3745,3745,0.00688770213225689,0.00344385106612843
0.14889265813029,0.127032399995186,3746,3746,0.00688770213225689,0.00344385106612847
0.14323248564789,0.123107748656254,3747,3747,0.00688770213225689,0.00344385106612843
0.14889265813029,0.127032399995186,3748,3748,0.00688770213225689,0.00344385106612847
0.14323248564789,0.123107748656254,3749,3749,0.00688770213225689,0.00344385106612843
0.14889265813029,0.127032399995186,3750,3750,0.00688770213225689,0.00344385106612847
0.14323248564789,0.123107748656254,3751,3751,0.00688770213225689,0.00344385106612843
0.14889265813029,0.127032399995186,3752,3752,0.00688770213225689,0.00344385106612847
0.14323248564789,0.123107748656254,3753,3753,0.00688770213225689,0.00344385106612843
0.14889265813029,0.127032399995186,3754,3754,0.00688770213225689,0.00344385106612847
0.14323248564789,0.123107748656254,3755,3755,0.00688770213225689,0.00344385106612843
0.14889265813029,0.127032399995186,3756,3756,0.00688770213225689,0.00344385106612847
0.14323248564789,0.123107748656254,3757,3757,0.00688770213225689,0.00344385106612843
0.14889265813029,0.127032399995186,3758,3758,0.00688770213225689,0.00344385106612847
0.14323248564789,0.123107748656254,3759,3759,0.00688770213225689,0.00344385106612843
0.14889265813029,0.127032399995186,3760,3760,0.00688770213225689,0.00344385106612847
0.14323248564789,0.123107748656254,3761,3761,0.00688770213225689,0.00344385106612843
0.14889265813029,0.127032399995186,3762,3762,0.00688770213225689,0.00344385106612847
0.14323248564789,0.123107748656254,3763,3763,0.00688770213225689,0.00344385106612843
0.14889265813029,0.127032399995186,3764,3764,0.00688770213225689,0.00344385106612847
0.14323248564789,0.123107748656254,3765,3765,0.00688770213225689,0.00344385106612843
0.14889265813029,0.127032399995186,3766,3766,0.00688770213225689,0.00344385106612847
0.14323248564789,0.123107748656254,3767,3767,0.00688770213225689,0.00344385106612843
0.14889265813029,0.127032399995186,3768,3768,0.00688770213225689,0.00344385106612847
0.14323248564789,0.123107748656254,3769,3769,0.00688770213225689,0.00344385106612843
0.14889265813029,0.127032399995186,3770,3770,0.00688770213225689,0.00344385106612847
0.14323248564789,0.123107748656254,3771,3771,0.00688770213225689,0.00344385106612843
0.14889265813029,0.127032399995186,3772,3772,0.00688770213225689,0.00344385106612847
0.14323248564789,0.123107748656254,3773,3773,0.00688770213225689,0.00344385106612843
0.14889265813029,0.127032399995186,3774,3774,0.00688770213225689,0.00344385106612847
0.14323248564789,0.123107748656254,3775,3775,0.00688770213225689,0.00344385106612843
0.14889265813029,0.127032399995186,3776,3776,0.00688770213225689,0.00344385106612847
0.14323248564789,0.123107748656254,3777,3777,0.00688770213225689,0.00344385106612843
0.14889265813029,0.127032399995186,3778,3778,0.00688770213225689,0.00344385106612847
0.14323248564789,0.123107748656254,3779,3779,0.00688770213225689,0.00344385106612843
0.14889265813029,0.127032399995186,3780,3780,0.00688770213225689,0.00344385106612847
0.14323248564789,0.123107748656254,3781,3781,0.00688770213225689,0.00344385106612843
0.14889265813029,0.127032399995186,3782,3782,0.00688770213225689,0.00344385106612847
0.14323248564789,0.123107748656254,3783,3783,0.00688770213225689,0.00344385106612843
0.14889265813029,0.127032399995186,3784,3784,0.00688770213225689,0.00344385106612847
0.14323248564789,0.123107748656254,3785,3785,0.00688770213225689,0.00344385106612843
0.14889265813029,0.127032399995186,3786,3786,0.00688770213225689,0.00344385106612847
0.14323248564789,0.123107748656254,3787,3787,0.00688770213225689,0.00344385106612843
0.14889265813029,0.127032399995186,3788,3788,0.00688770213225689,0.00344385106612847
0.14323248564789,0.123107748656254,3789,3789,0.00688770213225689,0.00344385106612843
0.14889265813029,0.127032399995186,3790,3790,0.00688770213225689,0.00344385106612847
0.14323248564789,0.123107748656254,3791,3791,0.00688770213225689,0.00344385106612843
0.14889265813029,0.127032399995186,3792,3792,0.00688770213225689,0.00344385106612847
0.14323248564789,0.123107748656254,3793,3793,0.00688770213225689,0.00344385106612843
0.14889265813029,0.127032399995186,3794,3794,0.00688770213225689,0.00344385106612847
0.14323248564789,0.123107748656254,3795,3795,0.00688770213225689,0.00344385106612843
0.14889265813029,0.127032399995186,3796,3796,0.00688770213225689,0.00344385106612847
0.14323248564789,0.123107748656254,3797,3797,0.00688770213225689,0.00344385106612843
0.14889265813029,0.127032399995186,3798,3798,0.00688770213225689,0.00344385106612847
0.14323248564789,0.123107748656254,3799,3799,0.00688770213225689,0.00344385106612843
0.14889265813029,0.127032399995186,3800,3800,0.00688770213225689,0.00344385106612847
0.14323248564789,0.123107748656254,3801,3801,0.00688770213225689,0.00344385106612843
0.14889265813029,0.127032399995186,3802,3802,0.00688770213225689,0.00344385106612847
0.14323248564789,0.123107748656254,3803,3803,0.00688770213225689,0.00344385106612843
0.14889265813029,0.127032399995186,3804,3804,0.00688770213225689,0.00344385106612847
0.14323248564789,0.123107748656254,3805,3805,0.00688770213225689,0.00344385106612843
0.14889265813029,0.127032399995186,3806,3806,0.00688770213225689,0.00344385106612847
0.14323248564789,0.123107748656254,3807,3807,0.00688770213225689,0.00344385106612843
0.14889265813029,0.127032399995186,3808,3808,0.00688770213225689,0.00344385106612847
0.14323248564789,0.123107748656254,3809,3809,0.00688770213225689,0.00344385106612843
0.14889265813029,0.127032399995186,3810,3810,0.00688770213225689,0.00344385106612847
0.14323248564789,0.123107748656254,3811,3811,0.00688770213225689,0.00344385106612843
0.14889265813029,0.127032399995186,3812,3812,0.00688770213225689,0.00344385106612847
0.14323248564789,0.123107748656254,3813,3813,0.00688770213225689,0.00344385106612843
0.14889265813029,0.127032399995186,3814,3814,0.00688770213225689,0.00344385106612847
0.14323248564789,0.123107748656254,3815,3815,0.00688770213225689,0.00344385106612843
0.14889265813029,0.127032399995186,3816,3816,0.00688770213225689,0.00344385106612847
0.14323248564789,0.123107748656254,3817,3817,0.00688770213225689,0.00344385106612843
0.14889265813029,0.127032399995186,3818,3818,0.00688770213225689,0.00344385106612847
0.14323248564789,0.123107748656254,3819,3819,0.00688770213225689,0.00344385106612843
0.14889265813029,0.127032399995186,3820,3820,0.00688770213225689,0.00344385106612847
0.14323248564789,0.123107748656254,3821,3821,0.00688770213225689,0.00344385106612843
0.14889265813029,0.127032399995186,3822,3822,0.00688770213225689,0.00344385106612847
0.14323248564789,0.123107748656254,3823,3823,0.00688770213225689,0.00344385106612843
0.14889265813029,0.127032399995186,3824,3824,0.00688770213225689,0.00344385106612847
0.14323248564789,0.123107748656254,3825,3825,0.00688770213225689,0.00344385106612843
0.14889265813029,0.127032399995186,3826,3826,0.00688770213225689,0.00344385106612847
0.14323248564789,0.123107748656254,3827,3827,0.00688770213225689,0.00344385106612843
0.14889265813029,0.127032399995186,3828,3828,0.00688770213225689,0.00344385106612847
0.14323248564789,0.123107748656254,3829,3829,0.00688770213225689,0.00344385106612843
0.14889265813029,0.127032399995186,3830,3830,0.00688770213225689,0.00344385106612847
0.14323248564789,0.123107748656254,3831,3831,0.00688770213225689,0.00344385106612843
0.14889265813029,0.127032399995186,3832,3832,0.00688770213225689,0.00344385106612847
0.14323248564789,0.123107748656254,3833,3833,0.00688770213225689,0.00344385106612843
0.14889265813029,0.127032399995186,3834,3834,0.00688770213225689,0.00344385106612847
0.14323248564789,0.123107748656254,3835,3835,0.00688770213225689,0.00344385106612843
0.14889265813029,0.127032399995186,3836,3836,0.00688770213225689,0.00344385106612847
0.14323248564789,0.123107748656254,3837,3837,0.00688770213225689,0.00344385106612843
0.14889265813029,0.127032399995186,3838,3838,0.00688770213225689,0.00344385106612847
0.14323248564789,0.123107748656254,3839,3839,0.00688770213225689,0.00344385106612843
0.14889265813029,0.127032399995186,3840,3840,0.00688770213225689,0.00344385106612847
0.14323248564789,0.123107748656254,3841,3841,0.00688770213225689,0.00344385106612843
0.14889265813029,0.127032399995186,3842,3842,0.00688770213225689,0.00344385106612847
0.14323248564789,0.123107748656254,3843,3843,0.00688770213225689,0.00344385106612843
0.14889265813029,0.127032399995186,3844,3844,0.00688770213225689,0.00344385106612847
0.14323248564789,0.123107748656254,3845,3845,0.00688770213225689,0.00344385106612843
0.14889265813029,0.127032399995186,3846,3846,0.00688770213225689,0.00344385106612847
0.14323248564789,0.123107748656254,3847,3847,0.00688770213225689,0.00344385106612843
0.14889265813029,0.127032399995186,3848,3848,0.00688770213225689,0.00344385106612847
0.14323248564789,0.123107748656254,3849,3849,0.00688770213225689,0.00344385106612843
0.14889265813029,0.127032399995186,3850,3850,0.00688770213225689,0.00344385106612847
0.14323248564789,0.123107748656254,3851,3851,0.00688770213225689,0.00344385106612843
0.14889265813029,0.127032399995186,3852,3852,0.00688770213225689,0.00344385106612847
0.14323248564789,0.123107748656254,3853,3853,0.00688770213225689,0.00344385106612843
0.14889265813029,0.127032399995186,3854,3854,0.00688770213225689,0.00344385106612847
0.14323248564789,0.123107748656254,3855,3855,0.00688770213225689,0.00344385106612843
0.14889265813029,0.127032399995186,3856,3856,0.00688770213225689,0.00344385106612847
0.14323248564789,0.123107748656254,3857,3857,0.00688770213225689,0.00344385106612843
0.14889265813029,0.127032399995186,3858,3858,0.00688770213225689,0.00344385106612847
0.14323248564789,0.123107748656254,3859,3859,0.00688770213225689,0.00344385106612843
0.14889265813029,0.127032399995186,3860,3860,0.00688770213225689,0.00344385106612847
0.14323248564789,0.123107748656254,3861,3861,0.00688770213225689,0.00344385106612843
0.14889265813029,0.127032399995186,3862,3862,0.00688770213225689,0.00344385106612847
0.14323248564789,0.123107748656254,3863,3863,0.00688770213225689,0.00344385106612843
0.14889265813029,0.127032399995186,3864,3864,0.00688770213225689,0.00344385106612847
0.14323248564789,0.123107748656254,3865,3865,0.00688770213225689,0.00344385106612843
0.14889265813029,0.127032399995186,3866,3866,0.00688770213225689,0.00344385106612847
0.14323248564789,0.123107748656254,3867,3867,0.00688770213225689,0.00344385106612843
0.14889265813029,0.127032399995186,3868,3868,0.00688770213225689,0.00344385106612847
0.14323248564789,0.123107748656254,3869,3869,0.00688770213225689,0.00344385106612843
0.14889265813029,0.127032399995186,3870,3870,0.00688770213225689,0.00344385106612847
0.14323248564789,0.123107748656254,3871,3871,0.00688770213225689,0.00344385106612843
0.14889265813029,0.127032399995186,3872,3872,0.00688770213225689,0.00344385106612847
0.14323248564789,0.123107748656254,3873,3873,0.00688770213225689,0.00344385106612843
0.14889265813029,0.127032399995186,3874,3874,0.00688770213225689,0.00344385106612847
0.14323248564789,0.123107748656254,3875,3875,0.00688770213225689,0.00344385106612843
0.14889265813029,0.127032399995186,3876,3876,0.00688770213225689,0.00344385106612847
0.14323248564789,0.123107748656254,3877,3877,0.00688770213225689,0.00344385106612843
0.14889265813029,0.127032399995186,3878,3878,0.00688770213225689,0.00344385106612847
0.14323248564789,0.123107748656254,3879,3879,0.00688770213225689,0.00344385106612843
0.14889265813029,0.127032399995186,3880,3880,0.00688770213225689,0.00344385106612847
0.14323248564789,0.123107748656254,3881,3881,0.00688770213225689,0.00344385106612843
0.14889265813029,0.127032399995186,3882,3882,0.00688770213225689,0.00344385106612847
0.14323248564789,0.123107748656254,3883,3883,0.00688770213225689,0.00344385106612843
0.14889265813029,0.127032399995186,3884,3884,0.00688770213225689,0.00344385106612847
0.14323248564789,0.123107748656254,3885,3885,0.00688770213225689,0.00344385106612843
0.14889265813029,0.127032399995186,3886,3886,0.00688770213225689,0.00344385106612847
0.14323248564789,0.123107748656254,3887,3887,0.00688770213225689,0.00344385106612843
0.14889265813029,0.127032399995186,3888,3888,0.00688770213225689,0.00344385106612847
0.14323248564789,0.123107748656254,3889,3889,0.00688770213225689,0.00344385106612843
0.14889265813029,0.127032399995186,3890,3890,0.00688770213225689,0.00344385106612847
0.14323248564789,0.123107748656254,3891,3891,0.00688770213225689,0.00344385106612843
0.14889265813029,0.127032399995186,3892,3892,0.00688770213225689,0.00344385106612847
0.14323248564789,0.123107748656254,3893,3893,0.00688770213225689,0.00344385106612843
0.14889265813029,0.127032399995186,3894,3894,0.00688770213225689,0.00344385106612847
0.14323248564789,0.123107748656254,3895,3895,0.00688770213225689,0.00344385106612843
0.14889265813029,0.127032399995186,3896,3896,0.00688770213225689,0.00344385106612847
0.14323248564789,0.123107748656254,3897,3897,0.00688770213225689,0.00344385106612843
0.14889265813029,0.127032399995186,3898,3898,0.00688770213225689,0.00344385106612847
0.14323248564789,0.123107748656254,3899,3899,0.00688770213225689,0.00344385106612843
0.14889265813029,0.127032399995186,3900,3900,0.00688770213225689,0.00344385106612847
0.14323248564789,0.123107748656254,3901,3901,0.00688770213225689,0.00344385106612843
0.14889265813029,0.127032399995186,3902,3902,0.00688770213225689,0.00344385106612847
0.14323248564789,0.123107748656254,3903,3903,0.00688770213225689,0.00344385106612843
0.14889265813029,0.127032399995186,3904,3904,0.00688770213225689,0.00344385106612847
0.14323248564789,0.123107748656254,3905,3905,0.00688770213225689,0.00344385106612843
0.14889265813029,0.127032399995186,3906,3906,0.00688770213225689,0.00344385106612847
0.14323248564789,0.123107748656254,3907,3907,0.00688770213225689,0.00344385106612843
0.14889265813029,0.127032399995186,3908,3908,0.00688770213225689,0.00344385106612847
0.14323248564789,0.123107748656254,3909,3909,0.00688770213225689,0.00344385106612843
0.14889265813029,0.127032399995186,3910,3910,0.00688770213225689,0.00344385106612847
0.14323248564789,0.123107748656254,3911,3911,0.00688770213225689,0.00344385106612843
0.14889265813029,0.127032399995186,3912,3912,0.00688770213225689,0.00344385106612847
0.14323248564789,0.123107748656254,3913,3913,0.00688770213225689,0.00344385106612843
0.14889265813029,0.127032399995186,3914,3914,0.00688770213225689,0.00344385106612847
0.14323248564789,0.123107748656254,3915,3915,0.00688770213225689,0.00344385106612843
0.14889265813029,0.127032399995186,3916,3916,0.00688770213225689,0.00344385106612847
0.14323248564789,0.123107748656254,3917,3917,0.00688770213225689,0.00344385106612843
0.14889265813029,0.127032399995186,3918,3918,0.00688770213225689,0.00344385106612847
0.14323248564789,0.123107748656254,3919,3919,0.00688770213225689,0.00344385106612843
0.14889265813029,0.127032399995186,3920,3920,0.00688770213225689,0.00344385106612847
0.14323248564789,0.123107748656254,3921,3921,0.00688770213225689,0.00344385106612843
0.14889265813029,0.127032399995186,3922,3922,0.00688770213225689,0.00344385106612847
0.14323248564789,0.123107748656254,3923,3923,0.00688770213225689,0.00344385106612843
0.14889265813029,0.127032399995186,3924,3924,0.00688770213225689,0.00344385106612847
0.14323248564789,0.123107748656254,3925,3925,0.00688770213225689,0.00344385106612843
0.14889265813029,0.127032399995186,3926,3926,0.00688770213225689,0.00344385106612847
0.14323248564789,0.123107748656254,3927,3927,0.00688770213225689,0.00344385106612843
0.14889265813029,0.127032399995186,3928,3928,0.00688770213225689,0.00344385106612847
0.14323248564789,0.123107748656254,3929,3929,0.00688770213225689,0.00344385106612843
0.14889265813029,0.127032399995186,3930,3930,0.00688770213225689,0.00344385106612847
0.14323248564789,0.123107748656254,3931,3931,0.00688770213225689,0.00344385106612843
0.14889265813029,0.127032399995186,3932,3932,0.00688770213225689,0.00344385106612847
0.14323248564789,0.123107748656254,3933,3933,0.00688770213225689,0.00344385106612843
0.14889265813029,0.127032399995186,3934,3934,0.00688770213225689,0.00344385106612847
0.14323248564789,0.123107748656254,3935,3935,0.00688770213225689,0.00344385106612843
0.14889265813029,0.127032399995186,3936,3936,0.00688770213225689,0.00344385106612847
0.14323248564789,0.123107748656254,3937,3937,0.00688770213225689,0.00344385106612843
0.14889265813029,0.127032399995186,3938,3938,0.00688770213225689,0.00344385106612847
0.14323248564789,0.123107748656254,3939,3939,0.00688770213225689,0.00344385106612843
0.14889265813029,0.127032399995186,3940,3940,0.00688770213225689,0.00344385106612847
0.14323248564789,0.123107748656254,3941,3941,0.00688770213225689,0.00344385106612843
0.14889265813029,0.127032399995186,3942,3942,0.00688770213225689,0.00344385106612847
0.14323248564789,0.123107748656254,3943,3943,0.00688770213225689,0.00344385106612843
0.14889265813029,0.127032399995186,3944,3944,0.00688770213225689,0.00344385106612847
0.14323248564789,0.123107748656254,3945,3945,0.00688770213225689,0.00344385106612843
0.14889265813029,0.127032399995186,3946,3946,0.00688770213225689,0.00344385106612847
0.14323248564789,0.123107748656254,3947,3947,0.00688770213225689,0.00344385106612843
0.14889265813029,0.127032399995186,3948,3948,0.00688770213225689,0.00344385106612847
0.14323248564789,0.123107748656254,3949,3949,0.00688770213225689,0.00344385106612843
0.14889265813029,0.127032399995186,3950,3950,0.00688770213225689,0.00344385106612847
0.14323248564789,0.123107748656254,3951,3951,0.00688770213225689,0.00344385106612843
0.14889265813029,0.127032399995186,3952,3952,0.00688770213225689,0.00344385106612847
0.14323248564789,0.123107748656254,3953,3953,0.00688770213225689,0.00344385106612843
0.14889265813029,0.127032399995186,3954,3954,0.00688770213225689,0.00344385106612847
0.14323248564789,0.123107748656254,3955,3955,0.00688770213225689,0.00344385106612843
0.14889265813029,0.127032399995186,3956,3956,0.00688770213225689,0.00344385106612847
0.14323248564789,0.123107748656254,3957,3957,0.00688770213225689,0.00344385106612843
0.14889265813029,0.127032399995186,3958,3958,0.00688770213225689,0.00344385106612847
0.14323248564789,0.123107748656254,3959,3959,0.00688770213225689,0.00344385106612843
0.14889265813029,0.127032399995186,3960,3960,0.00688770213225689,0.00344385106612847
0.14323248564789,0.123107748656254,3961,3961,0.00688770213225689,0.00344385106612843
0.14889265813029,0.127032399995186,3962,3962,0.00688770213225689,0.00344385106612847
0.14323248564789,0.123107748656254,3963,3963,0.00688770213225689,0.00344385106612843
0.14889265813029,0.127032399995186,3964,3964,0.00688770213225689,0.00344385106612847
0.14323248564789,0.123107748656254,3965,3965,0.00688770213225689,0.00344385106612843
0.14889265813029,0.127032399995186,3966,3966,0.00688770213225689,0.00344385106612847
0.14323248564789,0.123107748656254,3967,3967,0.00688770213225689,0.00344385106612843
0.14889265813029,0.127032399995186,3968,3968,0.00688770213225689,0.00344385106612847
0.14323248564789,0.123107748656254,3969,3969,0.00688770213225689,0.00344385106612843
0.14889265813029,0.127032399995186,3970,3970,0.00688770213225689,0.00344385106612847
0.14323248564789,0.123107748656254,3971,3971,0.00688770213225689,0.00344385106612843
0.14889265813029,0.127032399995186,3972,3972,0.00688770213225689,0.00344385106612847
0.14323248564789,0.123107748656254,3973,3973,0.00688770213225689,0.00344385106612843
0.14889265813029,0.127032399995186,3974,3974,0.00688770213225689,0.00344385106612847
0.14323248564789,0.123107748656254,3975,3975,0.00688770213225689,0.00344385106612843
0.14889265813029,0.127032399995186,3976,3976,0.00688770213225689,0.00344385106612847
0.14323248564789,0.123107748656254,3977,3977,0.00688770213225689,0.00344385106612843
0.14889265813029,0.127032399995186,3978,3978,0.00688770213225689,0.00344385106612847
0.14323248564789,0.123107748656254,3979,3979,0.00688770213225689,0.00344385106612843
0.14889265813029,0.127032399995186,3980,3980,0.00688770213225689,0.00344385106612847
0.14323248564789,0.123107748656254,3981,3981,0.00688770213225689,0.00344385106612843
0.14889265813029,0.127032399995186,3982,3982,0.00688770213225689,0.00344385106612847
0.14323248564789,0.123107748656254,3983,3983,0.00688770213225689,0.00344385106612843
0.14889265813029,0.127032399995186,3984,3984,0.00688770213225689,0.00344385106612847
0.14323248564789,0.123107748656254,3985,3985,0.00688770213225689,0.00344385106612843
0.14889265813029,0.127032399995186,3986,3986,0.00688770213225689,0.00344385106612847
0.14323248564789,0.123107748656254,3987,3987,0.00688770213225689,0.00344385106612843
0.14889265813029,0.127032399995186,3988,3988,0.00688770213225689,0.00344385106612847
0.14323248564789,0.123107748656254,3989,3989,0.00688770213225689,0.00344385106612843
0.14889265813029,0.127032399995186,3990,3990,0.00688770213225689,0.00344385106612847
0.14323248564789,0.123107748656254,3991,3991,0.00688770213225689,0.00344385106612843
0.14889265813029,0.127032399995186,3992,3992,0.00688770213225689,0.00344385106612847
0.14323248564789,0.123107748656254,3993,3993,0.00688770213225689,0.00344385106612843
0.14889265813029,0.127032399995186,3994,3994,0.00688770213225689,0.00344385106612847
0.14323248564789,0.123107748656254,3995,3995,0.00688770213225689,0.00344385106612843
0.14889265813029,0.127032399995186,3996,3996,0.00688770213225689,0.00344385106612847
0.14323248564789,0.123107748656254,3997,3997,0.00688770213225689,0.00344385106612843
0.14889265813029,0.127032399995186,3998,3998,0.00688770213225689,0.00344385106612847
0.14323248564789,0.123107748656254,3999,3999,0.00688770213225689,0.00344385106612843
0.14889265813029,0.127032399995186,4000,4000,0.00688770213225689,0.00344385106612847
0.14323248564789,0.123107748656254,4001,4001,0.00688770213225689,0.00344385106612843
0.14889265813029,0.127032399995186,4002,4002,0.00688770213225689,0.00344385106612847
0.14323248564789,0.123107748656254,4003,4003,0.00688770213225689,0.00344385106612843
0.14889265813029,0.127032399995186,4004,4004,0.00688770213225689,0.00344385106612847
0.14323248564789,0.123107748656254,4005,4005,0.00688770213225689,0.00344385106612843
0.14889265813029,0.127032399995186,4006,4006,0.00688770213225689,0.00344385106612847
0.14323248564789,0.123107748656254,4007,4007,0.00688770213225689,0.00344385106612843
0.14889265813029,0.127032399995186,4008,4008,0.00688770213225689,0.00344385106612847
0.14323248564789,0.123107748656254,4009,4009,0.00688770213225689,0.00344385106612843
0.14889265813029,0.127032399995186,4010,4010,0.00688770213225689,0.00344385106612847
0.14323248564789,0.123107748656254,4011,4011,0.00688770213225689,0.00344385106612843
0.14889265813029,0.127032399995186,4012,4012,0.00688770213225689,0.00344385106612847
0.14323248564789,0.123107748656254,4013,4013,0.00688770213225689,0.00344385106612843
0.14889265813029,0.127032399995186,4014,4014,0.00688770213225689,0.00344385106612847
0.14323248564789,0.123107748656254,4015,4015,0.00688770213225689,0.00344385106612843
0.14889265813029,0.127032399995186,4016,4016,0.00688770213225689,0.00344385106612847
0.14323248564789,0.123107748656254,4017,4017,0.00688770213225689,0.00344385106612843
0.14889265813029,0.127032399995186,4018,4018,0.00688770213225689,0.00344385106612847
0.14323248564789,0.123107748656254,4019,4019,0.00688770213225689,0.00344385106612843
0.14889265813029,0.127032399995186,4020,4020,0.00688770213225689,0.00344385106612847
0.14323248564789,0.123107748656254,4021,4021,0.00688770213225689,0.00344385106612843
0.14889265813029,0.127032399995186,4022,4022,0.00688770213225689,0.00344385106612847
0.14323248564789,0.123107748656254,4023,4023,0.00688770213225689,0.00344385106612843
0.14889265813029,0.127032399995186,4024,4024,0.00688770213225689,0.00344385106612847
0.14323248564789,0.123107748656254,4025,4025,0.00688770213225689,0.00344385106612843
0.14889265813029,0.127032399995186,4026,4026,0.00688770213225689,0.00344385106612847
0.14323248564789,0.123107748656254,4027,4027,0.00688770213225689,0.00344385106612843
0.14889265813029,0.127032399995186,4028,4028,0.00688770213225689,0.00344385106612847
0.14323248564789,0.123107748656254,4029,4029,0.00688770213225689,0.00344385106612843
0.14889265813029,0.127032399995186,4030,4030,0.00688770213225689,0.00344385106612847
0.14323248564789,0.123107748656254,4031,4031,0.00688770213225689,0.00344385106612843
0.14889265813029,0.127032399995186,4032,4032,0.00688770213225689,0.00344385106612847
0.14323248564789,0.123107748656254,4033,4033,0.00688770213225689,0.00344385106612843
0.14889265813029,0.127032399995186,4034,4034,0.00688770213225689,0.00344385106612847
0.14323248564789,0.123107748656254,4035,4035,0.00688770213225689,0.00344385106612843
0.14889265813029,0.127032399995186,4036,4036,0.00688770213225689,0.00344385106612847
0.14323248564789,0.123107748656254,4037,4037,0.00688770213225689,0.00344385106612843
0.14889265813029,0.127032399995186,4038,4038,0.00688770213225689,0.00344385106612847
0.14323248564789,0.123107748656254,4039,4039,0.00688770213225689,0.00344385106612843
0.14889265813029,0.127032399995186,4040,4040,0.00688770213225689,0.00344385106612847
0.14323248564789,0.123107748656254,4041,4041,0.00688770213225689,0.00344385106612843
0.14889265813029,0.127032399995186,4042,4042,0.00688770213225689,0.00344385106612847
0.14323248564789,0.123107748656254,4043,4043,0.00688770213225689,0.00344385106612843
0.14889265813029,0.127032399995186,4044,4044,0.00688770213225689,0.00344385106612847
0.14323248564789,0.123107748656254,4045,4045,0.00688770213225689,0.00344385106612843
0.14889265813029,0.127032399995186,4046,4046,0.00688770213225689,0.00344385106612847
0.14323248564789,0.123107748656254,4047,4047,0.00688770213225689,0.00344385106612843
0.14889265813029,0.127032399995186,4048,4048,0.00688770213225689,0.00344385106612847
0.14323248564789,0.123107748656254,4049,4049,0.00688770213225689,0.00344385106612843
0.14889265813029,0.127032399995186,4050,4050,0.00688770213225689,0.00344385106612847
0.14323248564789,0.123107748656254,4051,4051,0.00688770213225689,0.00344385106612843
0.14889265813029,0.127032399995186,4052,4052,0.00688770213225689,0.00344385106612847
0.14323248564789,0.123107748656254,4053,4053,0.00688770213225689,0.00344385106612843
0.14889265813029,0.127032399995186,4054,4054,0.00688770213225689,0.00344385106612847
0.14323248564789,0.123107748656254,4055,4055,0.00688770213225689,0.00344385106612843
0.14889265813029,0.127032399995186,4056,4056,0.00688770213225689,0.00344385106612847
0.14323248564789,0.123107748656254,4057,4057,0.00688770213225689,0.00344385106612843
0.14889265813029,0.127032399995186,4058,4058,0.00688770213225689,0.00344385106612847
0.14323248564789,0.123107748656254,4059,4059,0.00688770213225689,0.00344385106612843
0.14889265813029,0.127032399995186,4060,4060,0.00688770213225689,0.00344385106612847
0.14323248564789,0.123107748656254,4061,4061,0.00688770213225689,0.00344385106612843
0.14889265813029,0.127032399995186,4062,4062,0.00688770213225689,0.00344385106612847
0.14323248564789,0.123107748656254,4063,4063,0.00688770213225689,0.00344385106612843
0.14889265813029,0.127032399995186,4064,4064,0.00688770213225689,0.00344385106612847
0.14323248564789,0.123107748656254,4065,4065,0.00688770213225689,0.00344385106612843
0.14889265813029,0.127032399995186,4066,4066,0.00688770213225689,0.00344385106612847
0.14323248564789,0.123107748656254,4067,4067,0.00688770213225689,0.00344385106612843
0.14889265813029,0.127032399995186,4068,4068,0.00688770213225689,0.00344385106612847
0.14323248564789,0.123107748656254,4069,4069,0.00688770213225689,0.00344385106612843
0.14889265813029,0.127032399995186,4070,4070,0.00688770213225689,0.00344385106612847
0.14323248564789,0.123107748656254,4071,4071,0.00688770213225689,0.00344385106612843
0.14889265813029,0.127032399995186,4072,4072,0.00688770213225689,0.00344385106612847
0.14323248564789,0.123107748656254,4073,4073,0.00688770213225689,0.00344385106612843
0.14889265813029,0.127032399995186,4074,4074,0.00688770213225689,0.00344385106612847
0.14323248564789,0.123107748656254,4075,4075,0.00688770213225689,0.00344385106612843
0.14889265813029,0.127032399995186,4076,4076,0.00688770213225689,0.00344385106612847
0.14323248564789,0.123107748656254,4077,4077,0.00688770213225689,0.00344385106612843
0.14889265813029,0.127032399995186,4078,4078,0.00688770213225689,0.00344385106612847
0.14323248564789,0.123107748656254,4079,4079,0.00688770213225689,0.00344385106612843
0.14889265813029,0.127032399995186,4080,4080,0.00688770213225689,0.00344385106612847
0.14323248564789,0.123107748656254,4081,4081,0.00688770213225689,0.00344385106612843
0.14889265813029,0.127032399995186,4082,4082,0.00688770213225689,0.00344385106612847
0.14323248564789,0.123107748656254,4083,4083,0.00688770213225689,0.00344385106612843
0.14889265813029,0.127032399995186,4084,4084,0.00688770213225689,0.00344385106612847
0.14323248564789,0.123107748656254,4085,4085,0.00688770213225689,0.00344385106612843
0.14889265813029,0.127032399995186,4086,4086,0.00688770213225689,0.00344385106612847
0.14323248564789,0.123107748656254,4087,4087,0.00688770213225689,0.00344385106612843
0.14889265813029,0.127032399995186,4088,4088,0.00688770213225689,0.00344385106612847
0.14323248564789,0.123107748656254,4089,4089,0.00688770213225689,0.00344385106612843
0.14889265813029,0.127032399995186,4090,4090,0.00688770213225689,0.00344385106612847
0.14323248564789,0.123107748656254,4091,4091,0.00688770213225689,0.00344385106612843
0.14889265813029,0.127032399995186,4092,4092,0.00688770213225689,0.00344385106612847
0.14323248564789,0.123107748656254,4093,4093,0.00688770213225689,0.00344385106612843
0.14889265813029,0.127032399995186,4094,4094,0.00688770213225689,0.00344385106612847
0.14323248564789,0.123107748656254,4095,4095,0.00688770213225689,0.00344385106612843
0.14889265813029,0.127032399995186,4096,4096,0.00688770213225689,0.00344385106612847
0.14323248564789,0.123107748656254,4097,4097,0.00688770213225689,0.00344385106612843
0.14889265813029,0.127032399995186,4098,4098,0.00688770213225689,0.00344385106612847
0.14323248564789,0.123107748656254,4099,4099,0.00688770213225689,0.00344385106612843
0.14889265813029,0.127032399995186,4100,4100,0.00688770213225689,0.00344385106612847
0.14323248564789,0.123107748656254,4101,4101,0.00688770213225689,0.00344385106612843
0.14889265813029,0.127032399995186,4102,4102,0.00688770213225689,0.00344385106612847
0.14323248564789,0.123107748656254,4103,4103,0.00688770213225689,0.00344385106612843
0.14889265813029,0.127032399995186,4104,4104,0.00688770213225689,0.00344385106612847
0.14323248564789,0.123107748656254,4105,4105,0.00688770213225689,0.00344385106612843
0.14889265813029,0.127032399995186,4106,4106,0.00688770213225689,0.00344385106612847
0.14323248564789,0.123107748656254,4107,4107,0.00688770213225689,0.00344385106612843
0.14889265813029,0.127032399995186,4108,4108,0.00688770213225689,0.00344385106612847
0.14323248564789,0.123107748656254,4109,4109,0.00688770213225689,0.00344385106612843
0.14889265813029,0.127032399995186,4110,4110,0.00688770213225689,0.00344385106612847
0.14323248564789,0.123107748656254,4111,4111,0.00688770213225689,0.00344385106612843
0.14889265813029,0.127032399995186,4112,4112,0.00688770213225689,0.00344385106612847
0.14323248564789,0.123107748656254,4113,4113,0.00688770213225689,0.00344385106612843
0.14889265813029,0.127032399995186,4114,4114,0.00688770213225689,0.00344385106612847
0.14323248564789,0.123107748656254,4115,4115,0.00688770213225689,0.00344385106612843
0.14889265813029,0.127032399995186,4116,4116,0.00688770213225689,0.00344385106612847
0.14323248564789,0.123107748656254,4117,4117,0.00688770213225689,0.00344385106612843
0.14889265813029,0.127032399995186,4118,4118,0.00688770213225689,0.00344385106612847
0.14323248564789,0.123107748656254,4119,4119,0.00688770213225689,0.00344385106612843
0.14889265813029,0.127032399995186,4120,4120,0.00688770213225689,0.00344385106612847
0.14323248564789,0.123107748656254,4121,4121,0.00688770213225689,0.00344385106612843
0.14889265813029,0.127032399995186,4122,4122,0.00688770213225689,0.00344385106612847
0.14323248564789,0.123107748656254,4123,4123,0.00688770213225689,0.00344385106612843
0.14889265813029,0.127032399995186,4124,4124,0.00688770213225689,0.00344385106612847
0.14323248564789,0.123107748656254,4125,4125,0.00688770213225689,0.00344385106612843
0.14889265813029,0.127032399995186,4126,4126,0.00688770213225689,0.00344385106612847
0.14323248564789,0.123107748656254,4127,4127,0.00688770213225689,0.00344385106612843
0.14889265813029,0.127032399995186,4128,4128,0.00688770213225689,0.00344385106612847
0.14323248564789,0.123107748656254,4129,4129,0.00688770213225689,0.00344385106612843
0.14889265813029,0.127032399995186,4130,4130,0.00688770213225689,0.00344385106612847
0.14323248564789,0.123107748656254,4131,4131,0.00688770213225689,0.00344385106612843
0.14889265813029,0.127032399995186,4132,4132,0.00688770213225689,0.00344385106612847
0.14323248564789,0.123107748656254,4133,4133,0.00688770213225689,0.00344385106612843
0.14889265813029,0.127032399995186,4134,4134,0.00688770213225689,0.00344385106612847
0.14323248564789,0.123107748656254,4135,4135,0.00688770213225689,0.00344385106612843
0.14889265813029,0.127032399995186,4136,4136,0.00688770213225689,0.00344385106612847
0.14323248564789,0.123107748656254,4137,4137,0.00688770213225689,0.00344385106612843
0.14889265813029,0.127032399995186,4138,4138,0.00688770213225689,0.00344385106612847
0.14323248564789,0.123107748656254,4139,4139,0.00688770213225689,0.00344385106612843
0.14889265813029,0.127032399995186,4140,4140,0.00688770213225689,0.00344385106612847
0.14323248564789,0.123107748656254,4141,4141,0.00688770213225689,0.00344385106612843
0.14889265813029,0.127032399995186,4142,4142,0.00688770213225689,0.00344385106612847
0.14323248564789,0.123107748656254,4143,4143,0.00688770213225689,0.00344385106612843
0.14889265813029,0.127032399995186,4144,4144,0.00688770213225689,0.00344385106612847
0.14323248564789,0.123107748656254,4145,4145,0.00688770213225689,0.00344385106612843
0.14889265813029,0.127032399995186,4146,4146,0.00688770213225689,0.00344385106612847
0.14323248564789,0.123107748656254,4147,4147,0.00688770213225689,0.00344385106612843
0.14889265813029,0.127032399995186,4148,4148,0.00688770213225689,0.00344385106612847
0.14323248564789,0.123107748656254,4149,4149,0.00688770213225689,0.00344385106612843
0.14889265813029,0.127032399995186,4150,4150,0.00688770213225689,0.00344385106612847
0.14323248564789,0.123107748656254,4151,4151,0.00688770213225689,0.00344385106612843
0.14889265813029,0.127032399995186,4152,4152,0.00688770213225689,0.00344385106612847
0.14323248564789,0.123107748656254,4153,4153,0.00688770213225689,0.00344385106612843
0.14889265813029,0.127032399995186,4154,4154,0.00688770213225689,0.00344385106612847
0.14323248564789,0.123107748656254,4155,4155,0.00688770213225689,0.00344385106612843
0.14889265813029,0.127032399995186,4156,4156,0.00688770213225689,0.00344385106612847
0.14323248564789,0.123107748656254,4157,4157,0.00688770213225689,0.00344385106612843
0.14889265813029,0.127032399995186,4158,4158,0.00688770213225689,0.00344385106612847
0.14323248564789,0.123107748656254,4159,4159,0.00688770213225689,0.00344385106612843
0.14889265813029,0.127032399995186,4160,4160,0.00688770213225689,0.00344385106612847
0.14323248564789,0.123107748656254,4161,4161,0.00688770213225689,0.00344385106612843
0.14889265813029,0.127032399995186,4162,4162,0.00688770213225689,0.00344385106612847
0.14323248564789,0.123107748656254,4163,4163,0.00688770213225689,0.00344385106612843
0.14889265813029,0.127032399995186,4164,4164,0.00688770213225689,0.00344385106612847
0.14323248564789,0.123107748656254,4165,4165,0.00688770213225689,0.00344385106612843
0.14889265813029,0.127032399995186,4166,4166,0.00688770213225689,0.00344385106612847
0.14323248564789,0.123107748656254,4167,4167,0.00688770213225689,0.00344385106612843
0.14889265813029,0.127032399995186,4168,4168,0.00688770213225689,0.00344385106612847
0.14323248564789,0.123107748656254,4169,4169,0.00688770213225689,0.00344385106612843
0.14889265813029,0.127032399995186,4170,4170,0.00688770213225689,0.00344385106612847
0.14323248564789,0.123107748656254,4171,4171,0.00688770213225689,0.00344385106612843
0.14889265813029,0.127032399995186,4172,4172,0.00688770213225689,0.00344385106612847
0.14323248564789,0.123107748656254,4173,4173,0.00688770213225689,0.00344385106612843
0.14889265813029,0.127032399995186,4174,4174,0.00688770213225689,0.00344385106612847
0.14323248564789,0.123107748656254,4175,4175,0.00688770213225689,0.00344385106612843
0.14889265813029,0.127032399995186,4176,4176,0.00688770213225689,0.00344385106612847
0.14323248564789,0.123107748656254,4177,4177,0.00688770213225689,0.00344385106612843
0.14889265813029,0.127032399995186,4178,4178,0.00688770213225689,0.00344385106612847
0.14323248564789,0.123107748656254,4179,4179,0.00688770213225689,0.00344385106612843
0.14889265813029,0.127032399995186,4180,4180,0.00688770213225689,0.00344385106612847
0.14323248564789,0.123107748656254,4181,4181,0.00688770213225689,0.00344385106612843
0.14889265813029,0.127032399995186,4182,4182,0.00688770213225689,0.00344385106612847
0.14323248564789,0.123107748656254,4183,4183,0.00688770213225689,0.00344385106612843
0.14889265813029,0.127032399995186,4184,4184,0.00688770213225689,0.00344385106612847
0.14323248564789,0.123107748656254,4185,4185,0.00688770213225689,0.00344385106612843
0.14889265813029,0.127032399995186,4186,4186,0.00688770213225689,0.00344385106612847
0.14323248564789,0.123107748656254,4187,4187,0.00688770213225689,0.00344385106612843
0.14889265813029,0.127032399995186,4188,4188,0.00688770213225689,0.00344385106612847
0.14323248564789,0.123107748656254,4189,4189,0.00688770213225689,0.00344385106612843
0.14889265813029,0.127032399995186,4190,4190,0.00688770213225689,0.00344385106612847
0.14323248564789,0.123107748656254,4191,4191,0.00688770213225689,0.00344385106612843
0.14889265813029,0.127032399995186,4192,4192,0.00688770213225689,0.00344385106612847
0.14323248564789,0.123107748656254,4193,4193,0.00688770213225689,0.00344385106612843
0.14889265813029,0.127032399995186,4194,4194,0.00688770213225689,0.00344385106612847
0.14323248564789,0.123107748656254,4195,4195,0.00688770213225689,0.00344385106612843
0.14889265813029,0.127032399995186,4196,4196,0.00688770213225689,0.00344385106612847
0.14323248564789,0.123107748656254,4197,4197,0.00688770213225689,0.00344385106612843
0.14889265813029,0.127032399995186,4198,4198,0.00688770213225689,0.00344385106612847
0.14323248564789,0.123107748656254,4199,4199,0.00688770213225689,0.00344385106612843
0.14889265813029,0.127032399995186,4200,4200,0.00688770213225689,0.00344385106612847
0.14323248564789,0.123107748656254,4201,4201,0.00688770213225689,0.00344385106612843
0.14889265813029,0.127032399995186,4202,4202,0.00688770213225689,0.00344385106612847
0.14323248564789,0.123107748656254,4203,4203,0.00688770213225689,0.00344385106612843
0.14889265813029,0.127032399995186,4204,4204,0.00688770213225689,0.00344385106612847
0.14323248564789,0.123107748656254,4205,4205,0.00688770213225689,0.00344385106612843
0.14889265813029,0.127032399995186,4206,4206,0.00688770213225689,0.00344385106612847
0.14323248564789,0.123107748656254,4207,4207,0.00688770213225689,0.00344385106612843
0.14889265813029,0.127032399995186,4208,4208,0.00688770213225689,0.00344385106612847
0.14323248564789,0.123107748656254,4209,4209,0.00688770213225689,0.00344385106612843
0.14889265813029,0.127032399995186,4210,4210,0.00688770213225689,0.00344385106612847
0.14323248564789,0.123107748656254,4211,4211,0.00688770213225689,0.00344385106612843
0.14889265813029,0.127032399995186,4212,4212,0.00688770213225689,0.00344385106612847
0.14323248564789,0.123107748656254,4213,4213,0.00688770213225689,0.00344385106612843
0.14889265813029,0.127032399995186,4214,4214,0.00688770213225689,0.00344385106612847
0.14323248564789,0.123107748656254,4215,4215,0.00688770213225689,0.00344385106612843
0.14889265813029,0.127032399995186,4216,4216,0.00688770213225689,0.00344385106612847
0.14323248564789,0.123107748656254,4217,4217,0.00688770213225689,0.00344385106612843
0.14889265813029,0.127032399995186,4218,4218,0.00688770213225689,0.00344385106612847
0.14323248564789,0.123107748656254,4219,4219,0.00688770213225689,0.00344385106612843
0.14889265813029,0.127032399995186,4220,4220,0.00688770213225689,0.00344385106612847
0.14323248564789,0.123107748656254,4221,4221,0.00688770213225689,0.00344385106612843
0.14889265813029,0.127032399995186,4222,4222,0.00688770213225689,0.00344385106612847
0.14323248564789,0.123107748656254,4223,4223,0.00688770213225689,0.00344385106612843
0.14889265813029,0.127032399995186,4224,4224,0.00688770213225689,0.00344385106612847
0.14323248564789,0.123107748656254,4225,4225,0.00688770213225689,0.00344385106612843
0.14889265813029,0.127032399995186,4226,4226,0.00688770213225689,0.00344385106612847
0.14323248564789,0.123107748656254,4227,4227,0.00688770213225689,0.00344385106612843
0.14889265813029,0.127032399995186,4228,4228,0.00688770213225689,0.00344385106612847
0.14323248564789,0.123107748656254,4229,4229,0.00688770213225689,0.00344385106612843
0.14889265813029,0.127032399995186,4230,4230,0.00688770213225689,0.00344385106612847
0.14323248564789,0.123107748656254,4231,4231,0.00688770213225689,0.00344385106612843
0.14889265813029,0.127032399995186,4232,4232,0.00688770213225689,0.00344385106612847
0.14323248564789,0.123107748656254,4233,4233,0.00688770213225689,0.00344385106612843
0.14889265813029,0.127032399995186,4234,4234,0.00688770213225689,0.00344385106612847
0.14323248564789,0.123107748656254,4235,4235,0.00688770213225689,0.00344385106612843
0.14889265813029,0.127032399995186,4236,4236,0.00688770213225689,0.00344385106612847
0.14323248564789,0.123107748656254,4237,4237,0.00688770213225689,0.00344385106612843
0.14889265813029,0.127032399995186,4238,4238,0.00688770213225689,0.00344385106612847
0.14323248564789,0.123107748656254,4239,4239,0.00688770213225689,0.00344385106612843
0.14889265813029,0.127032399995186,4240,4240,0.00688770213225689,0.00344385106612847
0.14323248564789,0.123107748656254,4241,4241,0.00688770213225689,0.00344385106612843
0.14889265813029,0.127032399995186,4242,4242,0.00688770213225689,0.00344385106612847
0.14323248564789,0.123107748656254,4243,4243,0.00688770213225689,0.00344385106612843
0.14889265813029,0.127032399995186,4244,4244,0.00688770213225689,0.00344385106612847
0.14323248564789,0.123107748656254,4245,4245,0.00688770213225689,0.00344385106612843
0.14889265813029,0.127032399995186,4246,4246,0.00688770213225689,0.00344385106612847
0.14323248564789,0.123107748656254,4247,4247,0.00688770213225689,0.00344385106612843
0.14889265813029,0.127032399995186,4248,4248,0.00688770213225689,0.00344385106612847
0.14323248564789,0.123107748656254,4249,4249,0.00688770213225689,0.00344385106612843
0.14889265813029,0.127032399995186,4250,4250,0.00688770213225689,0.00344385106612847
0.14323248564789,0.123107748656254,4251,4251,0.00688770213225689,0.00344385106612843
0.14889265813029,0.127032399995186,4252,4252,0.00688770213225689,0.00344385106612847
0.14323248564789,0.123107748656254,4253,4253,0.00688770213225689,0.00344385106612843
0.14889265813029,0.127032399995186,4254,4254,0.00688770213225689,0.00344385106612847
0.14323248564789,0.123107748656254,4255,4255,0.00688770213225689,0.00344385106612843
0.14889265813029,0.127032399995186,4256,4256,0.00688770213225689,0.00344385106612847
0.14323248564789,0.123107748656254,4257,4257,0.00688770213225689,0.00344385106612843
0.14889265813029,0.127032399995186,4258,4258,0.00688770213225689,0.00344385106612847
0.14323248564789,0.123107748656254,4259,4259,0.00688770213225689,0.00344385106612843
0.14889265813029,0.127032399995186,4260,4260,0.00688770213225689,0.00344385106612847
0.14323248564789,0.123107748656254,4261,4261,0.00688770213225689,0.00344385106612843
0.14889265813029,0.127032399995186,4262,4262,0.00688770213225689,0.00344385106612847
0.14323248564789,0.123107748656254,4263,4263,0.00688770213225689,0.00344385106612843
0.14889265813029,0.127032399995186,4264,4264,0.00688770213225689,0.00344385106612847
0.14323248564789,0.123107748656254,4265,4265,0.00688770213225689,0.00344385106612843
0.14889265813029,0.127032399995186,4266,4266,0.00688770213225689,0.00344385106612847
0.14323248564789,0.123107748656254,4267,4267,0.00688770213225689,0.00344385106612843
0.14889265813029,0.127032399995186,4268,4268,0.00688770213225689,0.00344385106612847
0.14323248564789,0.123107748656254,4269,4269,0.00688770213225689,0.00344385106612843
0.14889265813029,0.127032399995186,4270,4270,0.00688770213225689,0.00344385106612847
0.14323248564789,0.123107748656254,4271,4271,0.00688770213225689,0.00344385106612843
0.14889265813029,0.127032399995186,4272,4272,0.00688770213225689,0.00344385106612847
0.14323248564789,0.123107748656254,4273,4273,0.00688770213225689,0.00344385106612843
0.14889265813029,0.127032399995186,4274,4274,0.00688770213225689,0.00344385106612847
0.14323248564789,0.123107748656254,4275,4275,0.00688770213225689,0.00344385106612843
0.14889265813029,0.127032399995186,4276,4276,0.00688770213225689,0.00344385106612847
0.14323248564789,0.123107748656254,4277,4277,0.00688770213225689,0.00344385106612843
0.14889265813029,0.127032399995186,4278,4278,0.00688770213225689,0.00344385106612847
0.14323248564789,0.123107748656254,4279,4279,0.00688770213225689,0.00344385106612843
0.14889265813029,0.127032399995186,4280,4280,0.00688770213225689,0.00344385106612847
0.14323248564789,0.123107748656254,4281,4281,0.00688770213225689,0.00344385106612843
0.14889265813029,0.127032399995186,4282,4282,0.00688770213225689,0.00344385106612847
0.14323248564789,0.123107748656254,4283,4283,0.00688770213225689,0.00344385106612843
0.14889265813029,0.127032399995186,4284,4284,0.00688770213225689,0.00344385106612847
0.14323248564789,0.123107748656254,4285,4285,0.00688770213225689,0.00344385106612843
0.14889265813029,0.127032399995186,4286,4286,0.00688770213225689,0.00344385106612847
0.14323248564789,0.123107748656254,4287,4287,0.00688770213225689,0.00344385106612843
0.14889265813029,0.127032399995186,4288,4288,0.00688770213225689,0.00344385106612847
0.14323248564789,0.123107748656254,4289,4289,0.00688770213225689,0.00344385106612843
0.14889265813029,0.127032399995186,4290,4290,0.00688770213225689,0.00344385106612847
0.14323248564789,0.123107748656254,4291,4291,0.00688770213225689,0.00344385106612843
0.14889265813029,0.127032399995186,4292,4292,0.00688770213225689,0.00344385106612847
0.14323248564789,0.123107748656254,4293,4293,0.00688770213225689,0.00344385106612843
0.14889265813029,0.127032399995186,4294,4294,0.00688770213225689,0.00344385106612847
0.14323248564789,0.123107748656254,4295,4295,0.00688770213225689,0.00344385106612843
0.14889265813029,0.127032399995186,4296,4296,0.00688770213225689,0.00344385106612847
0.14323248564789,0.123107748656254,4297,4297,0.00688770213225689,0.00344385106612843
0.14889265813029,0.127032399995186,4298,4298,0.00688770213225689,0.00344385106612847
0.14323248564789,0.123107748656254,4299,4299,0.00688770213225689,0.00344385106612843
0.14889265813029,0.127032399995186,4300,4300,0.00688770213225689,0.00344385106612847
0.14323248564789,0.123107748656254,4301,4301,0.00688770213225689,0.00344385106612843
0.14889265813029,0.127032399995186,4302,4302,0.00688770213225689,0.00344385106612847
0.14323248564789,0.123107748656254,4303,4303,0.00688770213225689,0.00344385106612843
0.14889265813029,0.127032399995186,4304,4304,0.00688770213225689,0.00344385106612847
0.14323248564789,0.123107748656254,4305,4305,0.00688770213225689,0.00344385106612843
0.14889265813029,0.127032399995186,4306,4306,0.00688770213225689,0.00344385106612847
0.14323248564789,0.123107748656254,4307,4307,0.00688770213225689,0.00344385106612843
0.14889265813029,0.127032399995186,4308,4308,0.00688770213225689,0.00344385106612847
0.14323248564789,0.123107748656254,4309,4309,0.00688770213225689,0.00344385106612843
0.14889265813029,0.127032399995186,4310,4310,0.00688770213225689,0.00344385106612847
0.14323248564789,0.123107748656254,4311,4311,0.00688770213225689,0.00344385106612843
0.14889265813029,0.127032399995186,4312,4312,0.00688770213225689,0.00344385106612847
0.14323248564789,0.123107748656254,4313,4313,0.00688770213225689,0.00344385106612843
0.14889265813029,0.127032399995186,4314,4314,0.00688770213225689,0.00344385106612847
0.14323248564789,0.123107748656254,4315,4315,0.00688770213225689,0.00344385106612843
0.14889265813029,0.127032399995186,4316,4316,0.00688770213225689,0.00344385106612847
0.14323248564789,0.123107748656254,4317,4317,0.00688770213225689,0.00344385106612843
0.14889265813029,0.127032399995186,4318,4318,0.00688770213225689,0.00344385106612847
0.14323248564789,0.123107748656254,4319,4319,0.00688770213225689,0.00344385106612843
0.14889265813029,0.127032399995186,4320,4320,0.00688770213225689,0.00344385106612847
0.14323248564789,0.123107748656254,4321,4321,0.00688770213225689,0.00344385106612843
0.14889265813029,0.127032399995186,4322,4322,0.00688770213225689,0.00344385106612847
0.14323248564789,0.123107748656254,4323,4323,0.00688770213225689,0.00344385106612843
0.14889265813029,0.127032399995186,4324,4324,0.00688770213225689,0.00344385106612847
0.14323248564789,0.123107748656254,4325,4325,0.00688770213225689,0.00344385106612843
0.14889265813029,0.127032399995186,4326,4326,0.00688770213225689,0.00344385106612847
0.14323248564789,0.123107748656254,4327,4327,0.00688770213225689,0.00344385106612843
0.14889265813029,0.127032399995186,4328,4328,0.00688770213225689,0.00344385106612847
0.14323248564789,0.123107748656254,4329,4329,0.00688770213225689,0.00344385106612843
0.14889265813029,0.127032399995186,4330,4330,0.00688770213225689,0.00344385106612847
0.14323248564789,0.123107748656254,4331,4331,0.00688770213225689,0.00344385106612843
0.14889265813029,0.127032399995186,4332,4332,0.00688770213225689,0.00344385106612847
0.14323248564789,0.123107748656254,4333,4333,0.00688770213225689,0.00344385106612843
0.14889265813029,0.127032399995186,4334,4334,0.00688770213225689,0.00344385106612847
0.14323248564789,0.123107748656254,4335,4335,0.00688770213225689,0.00344385106612843
0.14889265813029,0.127032399995186,4336,4336,0.00688770213225689,0.00344385106612847
0.14323248564789,0.123107748656254,4337,4337,0.00688770213225689,0.00344385106612843
0.14889265813029,0.127032399995186,4338,4338,0.00688770213225689,0.00344385106612847
0.14323248564789,0.123107748656254,4339,4339,0.00688770213225689,0.00344385106612843
0.14889265813029,0.127032399995186,4340,4340,0.00688770213225689,0.00344385106612847
0.14323248564789,0.123107748656254,4341,4341,0.00688770213225689,0.00344385106612843
0.14889265813029,0.127032399995186,4342,4342,0.00688770213225689,0.00344385106612847
0.14323248564789,0.123107748656254,4343,4343,0.00688770213225689,0.00344385106612843
0.14889265813029,0.127032399995186,4344,4344,0.00688770213225689,0.00344385106612847
0.14323248564789,0.123107748656254,4345,4345,0.00688770213225689,0.00344385106612843
0.14889265813029,0.127032399995186,4346,4346,0.00688770213225689,0.00344385106612847
0.14323248564789,0.123107748656254,4347,4347,0.00688770213225689,0.00344385106612843
0.14889265813029,0.127032399995186,4348,4348,0.00688770213225689,0.00344385106612847
0.14323248564789,0.123107748656254,4349,4349,0.00688770213225689,0.00344385106612843
0.14889265813029,0.127032399995186,4350,4350,0.00688770213225689,0.00344385106612847
0.14323248564789,0.123107748656254,4351,4351,0.00688770213225689,0.00344385106612843
0.14889265813029,0.127032399995186,4352,4352,0.00688770213225689,0.00344385106612847
0.14323248564789,0.123107748656254,4353,4353,0.00688770213225689,0.00344385106612843
0.14889265813029,0.127032399995186,4354,4354,0.00688770213225689,0.00344385106612847
0.14323248564789,0.123107748656254,4355,4355,0.00688770213225689,0.00344385106612843
0.14889265813029,0.127032399995186,4356,4356,0.00688770213225689,0.00344385106612847
0.14323248564789,0.123107748656254,4357,4357,0.00688770213225689,0.00344385106612843
0.14889265813029,0.127032399995186,4358,4358,0.00688770213225689,0.00344385106612847
0.14323248564789,0.123107748656254,4359,4359,0.00688770213225689,0.00344385106612843
0.14889265813029,0.127032399995186,4360,4360,0.00688770213225689,0.00344385106612847
0.14323248564789,0.123107748656254,4361,4361,0.00688770213225689,0.00344385106612843
0.14889265813029,0.127032399995186,4362,4362,0.00688770213225689,0.00344385106612847
0.14323248564789,0.123107748656254,4363,4363,0.00688770213225689,0.00344385106612843
0.14889265813029,0.127032399995186,4364,4364,0.00688770213225689,0.00344385106612847
0.14323248564789,0.123107748656254,4365,4365,0.00688770213225689,0.00344385106612843
0.14889265813029,0.127032399995186,4366,4366,0.00688770213225689,0.00344385106612847
0.14323248564789,0.123107748656254,4367,4367,0.00688770213225689,0.00344385106612843
0.14889265813029,0.127032399995186,4368,4368,0.00688770213225689,0.00344385106612847
0.14323248564789,0.123107748656254,4369,4369,0.00688770213225689,0.00344385106612843
0.14889265813029,0.127032399995186,4370,4370,0.00688770213225689,0.00344385106612847
0.14323248564789,0.123107748656254,4371,4371,0.00688770213225689,0.00344385106612843
0.14889265813029,0.127032399995186,4372,4372,0.00688770213225689,0.00344385106612847
0.14323248564789,0.123107748656254,4373,4373,0.00688770213225689,0.00344385106612843
0.14889265813029,0.127032399995186,4374,4374,0.00688770213225689,0.00344385106612847
0.14323248564789,0.123107748656254,4375,4375,0.00688770213225689,0.00344385106612843
0.14889265813029,0.127032399995186,4376,4376,0.00688770213225689,0.00344385106612847
0.14323248564789,0.123107748656254,4377,4377,0.00688770213225689,0.00344385106612843
0.14889265813029,0.127032399995186,4378,4378,0.00688770213225689,0.00344385106612847
0.14323248564789,0.123107748656254,4379,4379,0.00688770213225689,0.00344385106612843
0.14889265813029,0.127032399995186,4380,4380,0.00688770213225689,0.00344385106612847
0.14323248564789,0.123107748656254,4381,4381,0.00688770213225689,0.00344385106612843
0.14889265813029,0.127032399995186,4382,4382,0.00688770213225689,0.00344385106612847
0.14323248564789,0.123107748656254,4383,4383,0.00688770213225689,0.00344385106612843
0.14889265813029,0.127032399995186,4384,4384,0.00688770213225689,0.00344385106612847
0.14323248564789,0.123107748656254,4385,4385,0.00688770213225689,0.00344385106612843
0.14889265813029,0.127032399995186,4386,4386,0.00688770213225689,0.00344385106612847
0.14323248564789,0.123107748656254,4387,4387,0.00688770213225689,0.00344385106612843
0.14889265813029,0.127032399995186,4388,4388,0.00688770213225689,0.00344385106612847
0.14323248564789,0.123107748656254,4389,4389,0.00688770213225689,0.00344385106612843
0.14889265813029,0.127032399995186,4390,4390,0.00688770213225689,0.00344385106612847
0.14323248564789,0.123107748656254,4391,4391,0.00688770213225689,0.00344385106612843
0.14889265813029,0.127032399995186,4392,4392,0.00688770213225689,0.00344385106612847
0.14323248564789,0.123107748656254,4393,4393,0.00688770213225689,0.00344385106612843
0.14889265813029,0.127032399995186,4394,4394,0.00688770213225689,0.00344385106612847
0.14323248564789,0.123107748656254,4395,4395,0.00688770213225689,0.00344385106612843
0.14889265813029,0.127032399995186,4396,4396,0.00688770213225689,0.00344385106612847
0.14323248564789,0.123107748656254,4397,4397,0.00688770213225689,0.00344385106612843
0.14889265813029,0.127032399995186,4398,4398,0.00688770213225689,0.00344385106612847
0.14323248564789,0.123107748656254,4399,4399,0.00688770213225689,0.00344385106612843
0.14889265813029,0.127032399995186,4400,4400,0.00688770213225689,0.00344385106612847
0.14323248564789,0.123107748656254,4401,4401,0.00688770213225689,0.00344385106612843
0.14889265813029,0.127032399995186,4402,4402,0.00688770213225689,0.00344385106612847
0.14323248564789,0.123107748656254,4403,4403,0.00688770213225689,0.00344385106612843
0.14889265813029,0.127032399995186,4404,4404,0.00688770213225689,0.00344385106612847
0.14323248564789,0.123107748656254,4405,4405,0.00688770213225689,0.00344385106612843
0.14889265813029,0.127032399995186,4406,4406,0.00688770213225689,0.00344385106612847
0.14323248564789,0.123107748656254,4407,4407,0.00688770213225689,0.00344385106612843
0.14889265813029,0.127032399995186,4408,4408,0.00688770213225689,0.00344385106612847
0.14323248564789,0.123107748656254,4409,4409,0.00688770213225689,0.00344385106612843
0.14889265813029,0.127032399995186,4410,4410,0.00688770213225689,0.00344385106612847
0.14323248564789,0.123107748656254,4411,4411,0.00688770213225689,0.00344385106612843
0.14889265813029,0.127032399995186,4412,4412,0.00688770213225689,0.00344385106612847
0.14323248564789,0.123107748656254,4413,4413,0.00688770213225689,0.00344385106612843
0.14889265813029,0.127032399995186,4414,4414,0.00688770213225689,0.00344385106612847
0.14323248564789,0.123107748656254,4415,4415,0.00688770213225689,0.00344385106612843
0.14889265813029,0.127032399995186,4416,4416,0.00688770213225689,0.00344385106612847
0.14323248564789,0.123107748656254,4417,4417,0.00688770213225689,0.00344385106612843
0.14889265813029,0.127032399995186,4418,4418,0.00688770213225689,0.00344385106612847
0.14323248564789,0.123107748656254,4419,4419,0.00688770213225689,0.00344385106612843
0.14889265813029,0.127032399995186,4420,4420,0.00688770213225689,0.00344385106612847
0.14323248564789,0.123107748656254,4421,4421,0.00688770213225689,0.00344385106612843
0.14889265813029,0.127032399995186,4422,4422,0.00688770213225689,0.00344385106612847
0.14323248564789,0.123107748656254,4423,4423,0.00688770213225689,0.00344385106612843
0.14889265813029,0.127032399995186,4424,4424,0.00688770213225689,0.00344385106612847
0.14323248564789,0.123107748656254,4425,4425,0.00688770213225689,0.00344385106612843
0.14889265813029,0.127032399995186,4426,4426,0.00688770213225689,0.00344385106612847
0.14323248564789,0.123107748656254,4427,4427,0.00688770213225689,0.00344385106612843
0.14889265813029,0.127032399995186,4428,4428,0.00688770213225689,0.00344385106612847
0.14323248564789,0.123107748656254,4429,4429,0.00688770213225689,0.00344385106612843
0.14889265813029,0.127032399995186,4430,4430,0.00688770213225689,0.00344385106612847
0.14323248564789,0.123107748656254,4431,4431,0.00688770213225689,0.00344385106612843
0.14889265813029,0.127032399995186,4432,4432,0.00688770213225689,0.00344385106612847
0.14323248564789,0.123107748656254,4433,4433,0.00688770213225689,0.00344385106612843
0.14889265813029,0.127032399995186,4434,4434,0.00688770213225689,0.00344385106612847
0.14323248564789,0.123107748656254,4435,4435,0.00688770213225689,0.00344385106612843
0.14889265813029,0.127032399995186,4436,4436,0.00688770213225689,0.00344385106612847
0.14323248564789,0.123107748656254,4437,4437,0.00688770213225689,0.00344385106612843
0.14889265813029,0.127032399995186,4438,4438,0.00688770213225689,0.00344385106612847
0.14323248564789,0.123107748656254,4439,4439,0.00688770213225689,0.00344385106612843
0.14889265813029,0.127032399995186,4440,4440,0.00688770213225689,0.00344385106612847
0.14323248564789,0.123107748656254,4441,4441,0.00688770213225689,0.00344385106612843
0.14889265813029,0.127032399995186,4442,4442,0.00688770213225689,0.00344385106612847
0.14323248564789,0.123107748656254,4443,4443,0.00688770213225689,0.00344385106612843
0.14889265813029,0.127032399995186,4444,4444,0.00688770213225689,0.00344385106612847
0.14323248564789,0.123107748656254,4445,4445,0.00688770213225689,0.00344385106612843
0.14889265813029,0.127032399995186,4446,4446,0.00688770213225689,0.00344385106612847
0.14323248564789,0.123107748656254,4447,4447,0.00688770213225689,0.00344385106612843
0.14889265813029,0.127032399995186,4448,4448,0.00688770213225689,0.00344385106612847
0.14323248564789,0.123107748656254,4449,4449,0.00688770213225689,0.00344385106612843
0.14889265813029,0.127032399995186,4450,4450,0.00688770213225689,0.00344385106612847
0.14323248564789,0.123107748656254,4451,4451,0.00688770213225689,0.00344385106612843
0.14889265813029,0.127032399995186,4452,4452,0.00688770213225689,0.00344385106612847
0.14323248564789,0.123107748656254,4453,4453,0.00688770213225689,0.00344385106612843
0.14889265813029,0.127032399995186,4454,4454,0.00688770213225689,0.00344385106612847
0.14323248564789,0.123107748656254,4455,4455,0.00688770213225689,0.00344385106612843
0.14889265813029,0.127032399995186,4456,4456,0.00688770213225689,0.00344385106612847
0.14323248564789,0.123107748656254,4457,4457,0.00688770213225689,0.00344385106612843
0.14889265813029,0.127032399995186,4458,4458,0.00688770213225689,0.00344385106612847
0.14323248564789,0.123107748656254,4459,4459,0.00688770213225689,0.00344385106612843
0.14889265813029,0.127032399995186,4460,4460,0.00688770213225689,0.00344385106612847
0.14323248564789,0.123107748656254,4461,4461,0.00688770213225689,0.00344385106612843
0.14889265813029,0.127032399995186,4462,4462,0.00688770213225689,0.00344385106612847
0.14323248564789,0.123107748656254,4463,4463,0.00688770213225689,0.00344385106612843
0.14889265813029,0.127032399995186,4464,4464,0.00688770213225689,0.00344385106612847
0.14323248564789,0.123107748656254,4465,4465,0.00688770213225689,0.00344385106612843
0.14889265813029,0.127032399995186,4466,4466,0.00688770213225689,0.00344385106612847
0.14323248564789,0.123107748656254,4467,4467,0.00688770213225689,0.00344385106612843
0.14889265813029,0.127032399995186,4468,4468,0.00688770213225689,0.00344385106612847
0.14323248564789,0.123107748656254,4469,4469,0.00688770213225689,0.00344385106612843
0.14889265813029,0.127032399995186,4470,4470,0.00688770213225689,0.00344385106612847
0.14323248564789,0.123107748656254,4471,4471,0.00688770213225689,0.00344385106612843
0.14889265813029,0.127032399995186,4472,4472,0.00688770213225689,0.00344385106612847
0.14323248564789,0.123107748656254,4473,4473,0.00688770213225689,0.00344385106612843
0.14889265813029,0.127032399995186,4474,4474,0.00688770213225689,0.00344385106612847
0.14323248564789,0.123107748656254,4475,4475,0.00688770213225689,0.00344385106612843
0.14889265813029,0.127032399995186,4476,4476,0.00688770213225689,0.00344385106612847
0.14323248564789,0.123107748656254,4477,4477,0.00688770213225689,0.00344385106612843
0.14889265813029,0.127032399995186,4478,4478,0.00688770213225689,0.00344385106612847
0.14323248564789,0.123107748656254,4479,4479,0.00688770213225689,0.00344385106612843
0.14889265813029,0.127032399995186,4480,4480,0.00688770213225689,0.00344385106612847
0.14323248564789,0.123107748656254,4481,4481,0.00688770213225689,0.00344385106612843
0.14889265813029,0.127032399995186,4482,4482,0.00688770213225689,0.00344385106612847
0.14323248564789,0.123107748656254,4483,4483,0.00688770213225689,0.00344385106612843
0.14889265813029,0.127032399995186,4484,4484,0.00688770213225689,0.00344385106612847
0.14323248564789,0.123107748656254,4485,4485,0.00688770213225689,0.00344385106612843
0.14889265813029,0.127032399995186,4486,4486,0.00688770213225689,0.00344385106612847
0.14323248564789,0.123107748656254,4487,4487,0.00688770213225689,0.00344385106612843
0.14889265813029,0.127032399995186,4488,4488,0.00688770213225689,0.00344385106612847
0.14323248564789,0.123107748656254,4489,4489,0.00688770213225689,0.00344385106612843
0.14889265813029,0.127032399995186,4490,4490,0.00688770213225689,0.00344385106612847
0.14323248564789,0.123107748656254,4491,4491,0.00688770213225689,0.00344385106612843
0.14889265813029,0.127032399995186,4492,4492,0.00688770213225689,0.00344385106612847
0.14323248564789,0.123107748656254,4493,4493,0.00688770213225689,0.00344385106612843
0.14889265813029,0.127032399995186,4494,4494,0.00688770213225689,0.00344385106612847
0.14323248564789,0.123107748656254,4495,4495,0.00688770213225689,0.00344385106612843
0.14889265813029,0.127032399995186,4496,4496,0.00688770213225689,0.00344385106612847
0.14323248564789,0.123107748656254,4497,4497,0.00688770213225689,0.00344385106612843
0.14889265813029,0.127032399995186,4498,4498,0.00688770213225689,0.00344385106612847
0.14323248564789,0.123107748656254,4499,4499,0.00688770213225689,0.00344385106612843
0.14889265813029,0.127032399995186,4500,4500,0.00688770213225689,0.00344385106612847
0.14323248564789,0.123107748656254,4501,4501,0.00688770213225689,0.00344385106612843
0.14889265813029,0.127032399995186,4502,4502,0.00688770213225689,0.00344385106612847
0.14323248564789,0.123107748656254,4503,4503,0.00688770213225689,0.00344385106612843
0.14889265813029,0.127032399995186,4504,4504,0.00688770213225689,0.00344385106612847
0.14323248564789,0.123107748656254,4505,4505,0.00688770213225689,0.00344385106612843
0.14889265813029,0.127032399995186,4506,4506,0.00688770213225689,0.00344385106612847
0.14323248564789,0.123107748656254,4507,4507,0.00688770213225689,0.00344385106612843
0.14889265813029,0.127032399995186,4508,4508,0.00688770213225689,0.00344385106612847
0.14323248564789,0.123107748656254,4509,4509,0.00688770213225689,0.00344385106612843
0.14889265813029,0.127032399995186,4510,4510,0.00688770213225689,0.00344385106612847
0.14323248564789,0.123107748656254,4511,4511,0.00688770213225689,0.00344385106612843
0.14889265813029,0.127032399995186,4512,4512,0.00688770213225689,0.00344385106612847
0.14323248564789,0.123107748656254,4513,4513,0.00688770213225689,0.00344385106612843
0.14889265813029,0.127032399995186,4514,4514,0.00688770213225689,0.00344385106612847
0.14323248564789,0.123107748656254,4515,4515,0.00688770213225689,0.00344385106612843
0.14889265813029,0.127032399995186,4516,4516,0.00688770213225689,0.00344385106612847
0.14323248564789,0.123107748656254,4517,4517,0.00688770213225689,0.00344385106612843
0.14889265813029,0.127032399995186,4518,4518,0.00688770213225689,0.00344385106612847
0.14323248564789,0.123107748656254,4519,4519,0.00688770213225689,0.00344385106612843
0.14889265813029,0.127032399995186,4520,4520,0.00688770213225689,0.00344385106612847
0.14323248564789,0.123107748656254,4521,4521,0.00688770213225689,0.00344385106612843
0.14889265813029,0.127032399995186,4522,4522,0.00688770213225689,0.00344385106612847
0.14323248564789,0.123107748656254,4523,4523,0.00688770213225689,0.00344385106612843
0.14889265813029,0.127032399995186,4524,4524,0.00688770213225689,0.00344385106612847
0.14323248564789,0.123107748656254,4525,4525,0.00688770213225689,0.00344385106612843
0.14889265813029,0.127032399995186,4526,4526,0.00688770213225689,0.00344385106612847
0.14323248564789,0.123107748656254,4527,4527,0.00688770213225689,0.00344385106612843
0.14889265813029,0.127032399995186,4528,4528,0.00688770213225689,0.00344385106612847
0.14323248564789,0.123107748656254,4529,4529,0.00688770213225689,0.00344385106612843
0.14889265813029,0.127032399995186,4530,4530,0.00688770213225689,0.00344385106612847
0.14323248564789,0.123107748656254,4531,4531,0.00688770213225689,0.00344385106612843
0.14889265813029,0.127032399995186,4532,4532,0.00688770213225689,0.00344385106612847
0.14323248564789,0.123107748656254,4533,4533,0.00688770213225689,0.00344385106612843
0.14889265813029,0.127032399995186,4534,4534,0.00688770213225689,0.00344385106612847
0.14323248564789,0.123107748656254,4535,4535,0.00688770213225689,0.00344385106612843
0.14889265813029,0.127032399995186,4536,4536,0.00688770213225689,0.00344385106612847
0.14323248564789,0.123107748656254,4537,4537,0.00688770213225689,0.00344385106612843
0.14889265813029,0.127032399995186,4538,4538,0.00688770213225689,0.00344385106612847
0.14323248564789,0.123107748656254,4539,4539,0.00688770213225689,0.00344385106612843
0.14889265813029,0.127032399995186,4540,4540,0.00688770213225689,0.00344385106612847
0.14323248564789,0.123107748656254,4541,4541,0.00688770213225689,0.00344385106612843
0.14889265813029,0.127032399995186,4542,4542,0.00688770213225689,0.00344385106612847
0.14323248564789,0.123107748656254,4543,4543,0.00688770213225689,0.00344385106612843
0.14889265813029,0.127032399995186,4544,4544,0.00688770213225689,0.00344385106612847
0.14323248564789,0.123107748656254,4545,4545,0.00688770213225689,0.00344385106612843
0.14889265813029,0.127032399995186,4546,4546,0.00688770213225689,0.00344385106612847
0.14323248564789,0.123107748656254,4547,4547,0.00688770213225689,0.00344385106612843
0.14889265813029,0.127032399995186,4548,4548,0.00688770213225689,0.00344385106612847
0.14323248564789,0.123107748656254,4549,4549,0.00688770213225689,0.00344385106612843
0.14889265813029,0.127032399995186,4550,4550,0.00688770213225689,0.00344385106612847
0.14323248564789,0.123107748656254,4551,4551,0.00688770213225689,0.00344385106612843
0.14889265813029,0.127032399995186,4552,4552,0.00688770213225689,0.00344385106612847
0.14323248564789,0.123107748656254,4553,4553,0.00688770213225689,0.00344385106612843
0.14889265813029,0.127032399995186,4554,4554,0.00688770213225689,0.00344385106612847
0.14323248564789,0.123107748656254,4555,4555,0.00688770213225689,0.00344385106612843
0.14889265813029,0.127032399995186,4556,4556,0.00688770213225689,0.00344385106612847
0.14323248564789,0.123107748656254,4557,4557,0.00688770213225689,0.00344385106612843
0.14889265813029,0.127032399995186,4558,4558,0.00688770213225689,0.00344385106612847
0.14323248564789,0.123107748656254,4559,4559,0.00688770213225689,0.00344385106612843
0.14889265813029,0.127032399995186,4560,4560,0.00688770213225689,0.00344385106612847
0.14323248564789,0.123107748656254,4561,4561,0.00688770213225689,0.00344385106612843
0.14889265813029,0.127032399995186,4562,4562,0.00688770213225689,0.00344385106612847
0.14323248564789,0.123107748656254,4563,4563,0.00688770213225689,0.00344385106612843
0.14889265813029,0.127032399995186,4564,4564,0.00688770213225689,0.00344385106612847
0.14323248564789,0.123107748656254,4565,4565,0.00688770213225689,0.00344385106612843
0.14889265813029,0.127032399995186,4566,4566,0.00688770213225689,0.00344385106612847
0.14323248564789,0.123107748656254,4567,4567,0.00688770213225689,0.00344385106612843
0.14889265813029,0.127032399995186,4568,4568,0.00688770213225689,0.00344385106612847
0.14323248564789,0.123107748656254,4569,4569,0.00688770213225689,0.00344385106612843
0.14889265813029,0.127032399995186,4570,4570,0.00688770213225689,0.00344385106612847
0.14323248564789,0.123107748656254,4571,4571,0.00688770213225689,0.00344385106612843
0.14889265813029,0.127032399995186,4572,4572,0.00688770213225689,0.00344385106612847
0.14323248564789,0.123107748656254,4573,4573,0.00688770213225689,0.00344385106612843
0.14889265813029,0.127032399995186,4574,4574,0.00688770213225689,0.00344385106612847
0.14323248564789,0.123107748656254,4575,4575,0.00688770213225689,0.00344385106612843
0.14889265813029,0.127032399995186,4576,4576,0.00688770213225689,0.00344385106612847
0.14323248564789,0.123107748656254,4577,4577,0.00688770213225689,0.00344385106612843
0.14889265813029,0.127032399995186,4578,4578,0.00688770213225689,0.00344385106612847
0.14323248564789,0.123107748656254,4579,4579,0.00688770213225689,0.00344385106612843
0.14889265813029,0.127032399995186,4580,4580,0.00688770213225689,0.00344385106612847
0.14323248564789,0.123107748656254,4581,4581,0.00688770213225689,0.00344385106612843
0.14889265813029,0.127032399995186,4582,4582,0.00688770213225689,0.00344385106612847
0.14323248564789,0.123107748656254,4583,4583,0.00688770213225689,0.00344385106612843
0.14889265813029,0.127032399995186,4584,4584,0.00688770213225689,0.00344385106612847
0.14323248564789,0.123107748656254,4585,4585,0.00688770213225689,0.00344385106612843
0.14889265813029,0.127032399995186,4586,4586,0.00688770213225689,0.00344385106612847
0.14323248564789,0.123107748656254,4587,4587,0.00688770213225689,0.00344385106612843
0.14889265813029,0.127032399995186,4588,4588,0.00688770213225689,0.00344385106612847
0.14323248564789,0.123107748656254,4589,4589,0.00688770213225689,0.00344385106612843
0.14889265813029,0.127032399995186,4590,4590,0.00688770213225689,0.00344385106612847
0.14323248564789,0.123107748656254,4591,4591,0.00688770213225689,0.00344385106612843
0.14889265813029,0.127032399995186,4592,4592,0.00688770213225689,0.00344385106612847
0.14323248564789,0.123107748656254,4593,4593,0.00688770213225689,0.00344385106612843
0.14889265813029,0.127032399995186,4594,4594,0.00688770213225689,0.00344385106612847
0.14323248564789,0.123107748656254,4595,4595,0.00688770213225689,0.00344385106612843
0.14889265813029,0.127032399995186,4596,4596,0.00688770213225689,0.00344385106612847
0.14323248564789,0.123107748656254,4597,4597,0.00688770213225689,0.00344385106612843
0.14889265813029,0.127032399995186,4598,4598,0.00688770213225689,0.00344385106612847
0.14323248564789,0.123107748656254,4599,4599,0.00688770213225689,0.00344385106612843
0.14889265813029,0.127032399995186,4600,4600,0.00688770213225689,0.00344385106612847
0.14323248564789,0.123107748656254,4601,4601,0.00688770213225689,0.00344385106612843
0.14889265813029,0.127032399995186,4602,4602,0.00688770213225689,0.00344385106612847
0.14323248564789,0.123107748656254,4603,4603,0.00688770213225689,0.00344385106612843
0.14889265813029,0.127032399995186,4604,4604,0.00688770213225689,0.00344385106612847
0.14323248564789,0.123107748656254,4605,4605,0.00688770213225689,0.00344385106612843
0.14889265813029,0.127032399995186,4606,4606,0.00688770213225689,0.00344385106612847
0.14323248564789,0.123107748656254,4607,4607,0.00688770213225689,0.00344385106612843
0.14889265813029,0.127032399995186,4608,4608,0.00688770213225689,0.00344385106612847
0.14323248564789,0.123107748656254,4609,4609,0.00688770213225689,0.00344385106612843
0.14889265813029,0.127032399995186,4610,4610,0.00688770213225689,0.00344385106612847
0.14323248564789,0.123107748656254,4611,4611,0.00688770213225689,0.00344385106612843
0.14889265813029,0.127032399995186,4612,4612,0.00688770213225689,0.00344385106612847
0.14323248564789,0.123107748656254,4613,4613,0.00688770213225689,0.00344385106612843
0.14889265813029,0.127032399995186,4614,4614,0.00688770213225689,0.00344385106612847
0.14323248564789,0.123107748656254,4615,4615,0.00688770213225689,0.00344385106612843
0.14889265813029,0.127032399995186,4616,4616,0.00688770213225689,0.00344385106612847
0.14323248564789,0.123107748656254,4617,4617,0.00688770213225689,0.00344385106612843
0.14889265813029,0.127032399995186,4618,4618,0.00688770213225689,0.00344385106612847
0.14323248564789,0.123107748656254,4619,4619,0.00688770213225689,0.00344385106612843
0.14889265813029,0.127032399995186,4620,4620,0.00688770213225689,0.00344385106612847
0.14323248564789,0.123107748656254,4621,4621,0.00688770213225689,0.00344385106612843
0.14889265813029,0.127032399995186,4622,4622,0.00688770213225689,0.00344385106612847
0.14323248564789,0.123107748656254,4623,4623,0.00688770213225689,0.00344385106612843
0.14889265813029,0.127032399995186,4624,4624,0.00688770213225689,0.00344385106612847
0.14323248564789,0.123107748656254,4625,4625,0.00688770213225689,0.00344385106612843
0.14889265813029,0.127032399995186,4626,4626,0.00688770213225689,0.00344385106612847
0.14323248564789,0.123107748656254,4627,4627,0.00688770213225689,0.00344385106612843
0.14889265813029,0.127032399995186,4628,4628,0.00688770213225689,0.00344385106612847
0.14323248564789,0.123107748656254,4629,4629,0.00688770213225689,0.00344385106612843
0.14889265813029,0.127032399995186,4630,4630,0.00688770213225689,0.00344385106612847
0.14323248564789,0.123107748656254,4631,4631,0.00688770213225689,0.00344385106612843
0.14889265813029,0.127032399995186,4632,4632,0.00688770213225689,0.00344385106612847
0.14323248564789,0.123107748656254,4633,4633,0.00688770213225689,0.00344385106612843
0.14889265813029,0.127032399995186,4634,4634,0.00688770213225689,0.00344385106612847
0.14323248564789,0.123107748656254,4635,4635,0.00688770213225689,0.00344385106612843
0.14889265813029,0.127032399995186,4636,4636,0.00688770213225689,0.00344385106612847
0.14323248564789,0.123107748656254,4637,4637,0.00688770213225689,0.00344385106612843
0.14889265813029,0.127032399995186,4638,4638,0.00688770213225689,0.00344385106612847
0.14323248564789,0.123107748656254,4639,4639,0.00688770213225689,0.00344385106612843
0.14889265813029,0.127032399995186,4640,4640,0.00688770213225689,0.00344385106612847
0.14323248564789,0.123107748656254,4641,4641,0.00688770213225689,0.00344385106612843
0.14889265813029,0.127032399995186,4642,4642,0.00688770213225689,0.00344385106612847
0.14323248564789,0.123107748656254,4643,4643,0.00688770213225689,0.00344385106612843
0.14889265813029,0.127032399995186,4644,4644,0.00688770213225689,0.00344385106612847
0.14323248564789,0.123107748656254,4645,4645,0.00688770213225689,0.00344385106612843
0.14889265813029,0.127032399995186,4646,4646,0.00688770213225689,0.00344385106612847
0.14323248564789,0.123107748656254,4647,4647,0.00688770213225689,0.00344385106612843
0.14889265813029,0.127032399995186,4648,4648,0.00688770213225689,0.00344385106612847
0.14323248564789,0.123107748656254,4649,4649,0.00688770213225689,0.00344385106612843
0.14889265813029,0.127032399995186,4650,4650,0.00688770213225689,0.00344385106612847
0.14323248564789,0.123107748656254,4651,4651,0.00688770213225689,0.00344385106612843
0.14889265813029,0.127032399995186,4652,4652,0.00688770213225689,0.00344385106612847
0.14323248564789,0.123107748656254,4653,4653,0.00688770213225689,0.00344385106612843
0.14889265813029,0.127032399995186,4654,4654,0.00688770213225689,0.00344385106612847
0.14323248564789,0.123107748656254,4655,4655,0.00688770213225689,0.00344385106612843
0.14889265813029,0.127032399995186,4656,4656,0.00688770213225689,0.00344385106612847
0.14323248564789,0.123107748656254,4657,4657,0.00688770213225689,0.00344385106612843
0.14889265813029,0.127032399995186,4658,4658,0.00688770213225689,0.00344385106612847
0.14323248564789,0.123107748656254,4659,4659,0.00688770213225689,0.00344385106612843
0.14889265813029,0.127032399995186,4660,4660,0.00688770213225689,0.00344385106612847
0.14323248564789,0.123107748656254,4661,4661,0.00688770213225689,0.00344385106612843
0.14889265813029,0.127032399995186,4662,4662,0.00688770213225689,0.00344385106612847
0.14323248564789,0.123107748656254,4663,4663,0.00688770213225689,0.00344385106612843
0.14889265813029,0.127032399995186,4664,4664,0.00688770213225689,0.00344385106612847
0.14323248564789,0.123107748656254,4665,4665,0.00688770213225689,0.00344385106612843
0.14889265813029,0.127032399995186,4666,4666,0.00688770213225689,0.00344385106612847
0.14323248564789,0.123107748656254,4667,4667,0.00688770213225689,0.00344385106612843
0.14889265813029,0.127032399995186,4668,4668,0.00688770213225689,0.00344385106612847
0.14323248564789,0.123107748656254,4669,4669,0.00688770213225689,0.00344385106612843
0.14889265813029,0.127032399995186,4670,4670,0.00688770213225689,0.00344385106612847
0.14323248564789,0.123107748656254,4671,4671,0.00688770213225689,0.00344385106612843
0.14889265813029,0.127032399995186,4672,4672,0.00688770213225689,0.00344385106612847
0.14323248564789,0.123107748656254,4673,4673,0.00688770213225689,0.00344385106612843
0.14889265813029,0.127032399995186,4674,4674,0.00688770213225689,0.00344385106612847
0.14323248564789,0.123107748656254,4675,4675,0.00688770213225689,0.00344385106612843
0.14889265813029,0.127032399995186,4676,4676,0.00688770213225689,0.00344385106612847
0.14323248564789,0.123107748656254,4677,4677,0.00688770213225689,0.00344385106612843
0.14889265813029,0.127032399995186,4678,4678,0.00688770213225689,0.00344385106612847
0.14323248564789,0.123107748656254,4679,4679,0.00688770213225689,0.00344385106612843
0.14889265813029,0.127032399995186,4680,4680,0.00688770213225689,0.00344385106612847
0.14323248564789,0.123107748656254,4681,4681,0.00688770213225689,0.00344385106612843
0.14889265813029,0.127032399995186,4682,4682,0.00688770213225689,0.00344385106612847
0.14323248564789,0.123107748656254,4683,4683,0.00688770213225689,0.00344385106612843
0.14889265813029,0.127032399995186,4684,4684,0.00688770213225689,0.00344385106612847
0.14323248564789,0.123107748656254,4685,4685,0.00688770213225689,0.00344385106612843
0.14889265813029,0.127032399995186,4686,4686,0.00688770213225689,0.00344385106612847
0.14323248564789,0.123107748656254,4687,4687,0.00688770213225689,0.00344385106612843
0.14889265813029,0.127032399995186,4688,4688,0.00688770213225689,0.00344385106612847
0.14323248564789,0.123107748656254,4689,4689,0.00688770213225689,0.00344385106612843
0.14889265813029,0.127032399995186,4690,4690,0.00688770213225689,0.00344385106612847
0.14323248564789,0.123107748656254,4691,4691,0.00688770213225689,0.00344385106612843
0.14889265813029,0.127032399995186,4692,4692,0.00688770213225689,0.00344385106612847
0.14323248564789,0.123107748656254,4693,4693,0.00688770213225689,0.00344385106612843
0.14889265813029,0.127032399995186,4694,4694,0.00688770213225689,0.00344385106612847
0.14323248564789,0.123107748656254,4695,4695,0.00688770213225689,0.00344385106612843
0.14889265813029,0.127032399995186,4696,4696,0.00688770213225689,0.00344385106612847
0.14323248564789,0.123107748656254,4697,4697,0.00688770213225689,0.00344385106612843
0.14889265813029,0.127032399995186,4698,4698,0.00688770213225689,0.00344385106612847
0.14323248564789,0.123107748656254,4699,4699,0.00688770213225689,0.00344385106612843
0.14889265813029,0.127032399995186,4700,4700,0.00688770213225689,0.00344385106612847
0.14323248564789,0.123107748656254,4701,4701,0.00688770213225689,0.00344385106612843
0.14889265813029,0.127032399995186,4702,4702,0.00688770213225689,0.00344385106612847
0.14323248564789,0.123107748656254,4703,4703,0.00688770213225689,0.00344385106612843
0.14889265813029,0.127032399995186,4704,4704,0.00688770213225689,0.00344385106612847
0.14323248564789,0.123107748656254,4705,4705,0.00688770213225689,0.00344385106612843
0.14889265813029,0.127032399995186,4706,4706,0.00688770213225689,0.00344385106612847
0.14323248564789,0.123107748656254,4707,4707,0.00688770213225689,0.00344385106612843
0.14889265813029,0.127032399995186,4708,4708,0.00688770213225689,0.00344385106612847
0.14323248564789,0.123107748656254,4709,4709,0.00688770213225689,0.00344385106612843
0.14889265813029,0.127032399995186,4710,4710,0.00688770213225689,0.00344385106612847
0.14323248564789,0.123107748656254,4711,4711,0.00688770213225689,0.00344385106612843
0.14889265813029,0.127032399995186,4712,4712,0.00688770213225689,0.00344385106612847
0.14323248564789,0.123107748656254,4713,4713,0.00688770213225689,0.00344385106612843
0.14889265813029,0.127032399995186,4714,4714,0.00688770213225689,0.00344385106612847
0.14323248564789,0.123107748656254,4715,4715,0.00688770213225689,0.00344385106612843
0.14889265813029,0.127032399995186,4716,4716,0.00688770213225689,0.00344385106612847
0.14323248564789,0.123107748656254,4717,4717,0.00688770213225689,0.00344385106612843
0.14889265813029,0.127032399995186,4718,4718,0.00688770213225689,0.00344385106612847
0.14323248564789,0.123107748656254,4719,4719,0.00688770213225689,0.00344385106612843
0.14889265813029,0.127032399995186,4720,4720,0.00688770213225689,0.00344385106612847
0.14323248564789,0.123107748656254,4721,4721,0.00688770213225689,0.00344385106612843
0.14889265813029,0.127032399995186,4722,4722,0.00688770213225689,0.00344385106612847
0.14323248564789,0.123107748656254,4723,4723,0.00688770213225689,0.00344385106612843
0.14889265813029,0.127032399995186,4724,4724,0.00688770213225689,0.00344385106612847
0.14323248564789,0.123107748656254,4725,4725,0.00688770213225689,0.00344385106612843
0.14889265813029,0.127032399995186,4726,4726,0.00688770213225689,0.00344385106612847
0.14323248564789,0.123107748656254,4727,4727,0.00688770213225689,0.00344385106612843
0.14889265813029,0.127032399995186,4728,4728,0.00688770213225689,0.00344385106612847
0.14323248564789,0.123107748656254,4729,4729,0.00688770213225689,0.00344385106612843
0.14889265813029,0.127032399995186,4730,4730,0.00688770213225689,0.00344385106612847
0.14323248564789,0.123107748656254,4731,4731,0.00688770213225689,0.00344385106612843
0.14889265813029,0.127032399995186,4732,4732,0.00688770213225689,0.00344385106612847
0.14323248564789,0.123107748656254,4733,4733,0.00688770213225689,0.00344385106612843
0.14889265813029,0.127032399995186,4734,4734,0.00688770213225689,0.00344385106612847
0.14323248564789,0.123107748656254,4735,4735,0.00688770213225689,0.00344385106612843
0.14889265813029,0.127032399995186,4736,4736,0.00688770213225689,0.00344385106612847
0.14323248564789,0.123107748656254,4737,4737,0.00688770213225689,0.00344385106612843
0.14889265813029,0.127032399995186,4738,4738,0.00688770213225689,0.00344385106612847
0.14323248564789,0.123107748656254,4739,4739,0.00688770213225689,0.00344385106612843
0.14889265813029,0.127032399995186,4740,4740,0.00688770213225689,0.00344385106612847
0.14323248564789,0.123107748656254,4741,4741,0.00688770213225689,0.00344385106612843
0.14889265813029,0.127032399995186,4742,4742,0.00688770213225689,0.00344385106612847
0.14323248564789,0.123107748656254,4743,4743,0.00688770213225689,0.00344385106612843
0.14889265813029,0.127032399995186,4744,4744,0.00688770213225689,0.00344385106612847
0.14323248564789,0.123107748656254,4745,4745,0.00688770213225689,0.00344385106612843
0.14889265813029,0.127032399995186,4746,4746,0.00688770213225689,0.00344385106612847
0.14323248564789,0.123107748656254,4747,4747,0.00688770213225689,0.00344385106612843
0.14889265813029,0.127032399995186,4748,4748,0.00688770213225689,0.00344385106612847
0.14323248564789,0.123107748656254,4749,4749,0.00688770213225689,0.00344385106612843
0.14889265813029,0.127032399995186,4750,4750,0.00688770213225689,0.00344385106612847
0.14323248564789,0.123107748656254,4751,4751,0.00688770213225689,0.00344385106612843
0.14889265813029,0.127032399995186,4752,4752,0.00688770213225689,0.00344385106612847
0.14323248564789,0.123107748656254,4753,4753,0.00688770213225689,0.00344385106612843
0.14889265813029,0.127032399995186,4754,4754,0.00688770213225689,0.00344385106612847
0.14323248564789,0.123107748656254,4755,4755,0.00688770213225689,0.00344385106612843
0.14889265813029,0.127032399995186,4756,4756,0.00688770213225689,0.00344385106612847
0.14323248564789,0.123107748656254,4757,4757,0.00688770213225689,0.00344385106612843
0.14889265813029,0.127032399995186,4758,4758,0.00688770213225689,0.00344385106612847
0.14323248564789,0.123107748656254,4759,4759,0.00688770213225689,0.00344385106612843
0.14889265813029,0.127032399995186,4760,4760,0.00688770213225689,0.00344385106612847
0.14323248564789,0.123107748656254,4761,4761,0.00688770213225689,0.00344385106612843
0.14889265813029,0.127032399995186,4762,4762,0.00688770213225689,0.00344385106612847
0.14323248564789,0.123107748656254,4763,4763,0.00688770213225689,0.00344385106612843
0.14889265813029,0.127032399995186,4764,4764,0.00688770213225689,0.00344385106612847
0.14323248564789,0.123107748656254,4765,4765,0.00688770213225689,0.00344385106612843
0.14889265813029,0.127032399995186,4766,4766,0.00688770213225689,0.00344385106612847
0.14323248564789,0.123107748656254,4767,4767,0.00688770213225689,0.00344385106612843
0.14889265813029,0.127032399995186,4768,4768,0.00688770213225689,0.00344385106612847
0.14323248564789,0.123107748656254,4769,4769,0.00688770213225689,0.00344385106612843
0.14889265813029,0.127032399995186,4770,4770,0.00688770213225689,0.00344385106612847
0.14323248564789,0.123107748656254,4771,4771,0.00688770213225689,0.00344385106612843
0.14889265813029,0.127032399995186,4772,4772,0.00688770213225689,0.00344385106612847
0.14323248564789,0.123107748656254,4773,4773,0.00688770213225689,0.00344385106612843
0.14889265813029,0.127032399995186,4774,4774,0.00688770213225689,0.00344385106612847
0.14323248564789,0.123107748656254,4775,4775,0.00688770213225689,0.00344385106612843
0.14889265813029,0.127032399995186,4776,4776,0.00688770213225689,0.00344385106612847
0.14323248564789,0.123107748656254,4777,4777,0.00688770213225689,0.00344385106612843
0.14889265813029,0.127032399995186,4778,4778,0.00688770213225689,0.00344385106612847
0.14323248564789,0.123107748656254,4779,4779,0.00688770213225689,0.00344385106612843
0.14889265813029,0.127032399995186,4780,4780,0.00688770213225689,0.00344385106612847
0.14323248564789,0.123107748656254,4781,4781,0.00688770213225689,0.00344385106612843
0.14889265813029,0.127032399995186,4782,4782,0.00688770213225689,0.00344385106612847
0.14323248564789,0.123107748656254,4783,4783,0.00688770213225689,0.00344385106612843
0.14889265813029,0.127032399995186,4784,4784,0.00688770213225689,0.00344385106612847
0.14323248564789,0.123107748656254,4785,4785,0.00688770213225689,0.00344385106612843
0.14889265813029,0.127032399995186,4786,4786,0.00688770213225689,0.00344385106612847
0.14323248564789,0.123107748656254,4787,4787,0.00688770213225689,0.00344385106612843
0.14889265813029,0.127032399995186,4788,4788,0.00688770213225689,0.00344385106612847
0.14323248564789,0.123107748656254,4789,4789,0.00688770213225689,0.00344385106612843
0.14889265813029,0.127032399995186,4790,4790,0.00688770213225689,0.00344385106612847
0.14323248564789,0.123107748656254,4791,4791,0.00688770213225689,0.00344385106612843
0.14889265813029,0.127032399995186,4792,4792,0.00688770213225689,0.00344385106612847
0.14323248564789,0.123107748656254,4793,4793,0.00688770213225689,0.00344385106612843
0.14889265813029,0.127032399995186,4794,4794,0.00688770213225689,0.00344385106612847
0.14323248564789,0.123107748656254,4795,4795,0.00688770213225689,0.00344385106612843
0.14889265813029,0.127032399995186,4796,4796,0.00688770213225689,0.00344385106612847
0.14323248564789,0.123107748656254,4797,4797,0.00688770213225689,0.00344385106612843
0.14889265813029,0.127032399995186,4798,4798,0.00688770213225689,0.00344385106612847
0.14323248564789,0.123107748656254,4799,4799,0.00688770213225689,0.00344385106612843
0.14889265813029,0.127032399995186,4800,4800,0.00688770213225689,0.00344385106612847
0.14323248564789,0.123107748656254,4801,4801,0.00688770213225689,0.00344385106612843
0.14889265813029,0.127032399995186,4802,4802,0.00688770213225689,0.00344385106612847
0.14323248564789,0.123107748656254,4803,4803,0.00688770213225689,0.00344385106612843
0.14889265813029,0.127032399995186,4804,4804,0.00688770213225689,0.00344385106612847
0.14323248564789,0.123107748656254,4805,4805,0.00688770213225689,0.00344385106612843
0.14889265813029,0.127032399995186,4806,4806,0.00688770213225689,0.00344385106612847
0.14323248564789,0.123107748656254,4807,4807,0.00688770213225689,0.00344385106612843
0.14889265813029,0.127032399995186,4808,4808,0.00688770213225689,0.00344385106612847
0.14323248564789,0.123107748656254,4809,4809,0.00688770213225689,0.00344385106612843
0.14889265813029,0.127032399995186,4810,4810,0.00688770213225689,0.00344385106612847
0.14323248564789,0.123107748656254,4811,4811,0.00688770213225689,0.00344385106612843
0.14889265813029,0.127032399995186,4812,4812,0.00688770213225689,0.00344385106612847
0.14323248564789,0.123107748656254,4813,4813,0.00688770213225689,0.00344385106612843
0.14889265813029,0.127032399995186,4814,4814,0.00688770213225689,0.00344385106612847
0.14323248564789,0.123107748656254,4815,4815,0.00688770213225689,0.00344385106612843
0.14889265813029,0.127032399995186,4816,4816,0.00688770213225689,0.00344385106612847
0.14323248564789,0.123107748656254,4817,4817,0.00688770213225689,0.00344385106612843
0.14889265813029,0.127032399995186,4818,4818,0.00688770213225689,0.00344385106612847
0.14323248564789,0.123107748656254,4819,4819,0.00688770213225689,0.00344385106612843
0.14889265813029,0.127032399995186,4820,4820,0.00688770213225689,0.00344385106612847
0.14323248564789,0.123107748656254,4821,4821,0.00688770213225689,0.00344385106612843
0.14889265813029,0.127032399995186,4822,4822,0.00688770213225689,0.00344385106612847
0.14323248564789,0.123107748656254,4823,4823,0.00688770213225689,0.00344385106612843
0.14889265813029,0.127032399995186,4824,4824,0.00688770213225689,0.00344385106612847
0.14323248564789,0.123107748656254,4825,4825,0.00688770213225689,0.00344385106612843
0.14889265813029,0.127032399995186,4826,4826,0.00688770213225689,0.00344385106612847
0.14323248564789,0.123107748656254,4827,4827,0.00688770213225689,0.00344385106612843
0.14889265813029,0.127032399995186,4828,4828,0.00688770213225689,0.00344385106612847
0.14323248564789,0.123107748656254,4829,4829,0.00688770213225689,0.00344385106612843
0.14889265813029,0.127032399995186,4830,4830,0.00688770213225689,0.00344385106612847
0.14323248564789,0.123107748656254,4831,4831,0.00688770213225689,0.00344385106612843
0.14889265813029,0.127032399995186,4832,4832,0.00688770213225689,0.00344385106612847
0.14323248564789,0.123107748656254,4833,4833,0.00688770213225689,0.00344385106612843
0.14889265813029,0.127032399995186,4834,4834,0.00688770213225689,0.00344385106612847
0.14323248564789,0.123107748656254,4835,4835,0.00688770213225689,0.00344385106612843
0.14889265813029,0.127032399995186,4836,4836,0.00688770213225689,0.00344385106612847
0.14323248564789,0.123107748656254,4837,4837,0.00688770213225689,0.00344385106612843
0.14889265813029,0.127032399995186,4838,4838,0.00688770213225689,0.00344385106612847
0.14323248564789,0.123107748656254,4839,4839,0.00688770213225689,0.00344385106612843
0.14889265813029,0.127032399995186,4840,4840,0.00688770213225689,0.00344385106612847
0.14323248564789,0.123107748656254,4841,4841,0.00688770213225689,0.00344385106612843
0.14889265813029,0.127032399995186,4842,4842,0.00688770213225689,0.00344385106612847
0.14323248564789,0.123107748656254,4843,4843,0.00688770213225689,0.00344385106612843
0.14889265813029,0.127032399995186,4844,4844,0.00688770213225689,0.00344385106612847
0.14323248564789,0.123107748656254,4845,4845,0.00688770213225689,0.00344385106612843
0.14889265813029,0.127032399995186,4846,4846,0.00688770213225689,0.00344385106612847
0.14323248564789,0.123107748656254,4847,4847,0.00688770213225689,0.00344385106612843
0.14889265813029,0.127032399995186,4848,4848,0.00688770213225689,0.00344385106612847
0.14323248564789,0.123107748656254,4849,4849,0.00688770213225689,0.00344385106612843
0.14889265813029,0.127032399995186,4850,4850,0.00688770213225689,0.00344385106612847
0.14323248564789,0.123107748656254,4851,4851,0.00688770213225689,0.00344385106612843
0.14889265813029,0.127032399995186,4852,4852,0.00688770213225689,0.00344385106612847
0.14323248564789,0.123107748656254,4853,4853,0.00688770213225689,0.00344385106612843
0.14889265813029,0.127032399995186,4854,4854,0.00688770213225689,0.00344385106612847
0.14323248564789,0.123107748656254,4855,4855,0.00688770213225689,0.00344385106612843
0.14889265813029,0.127032399995186,4856,4856,0.00688770213225689,0.00344385106612847
0.14323248564789,0.123107748656254,4857,4857,0.00688770213225689,0.00344385106612843
0.14889265813029,0.127032399995186,4858,4858,0.00688770213225689,0.00344385106612847
0.14323248564789,0.123107748656254,4859,4859,0.00688770213225689,0.00344385106612843
0.14889265813029,0.127032399995186,4860,4860,0.00688770213225689,0.00344385106612847
0.14323248564789,0.123107748656254,4861,4861,0.00688770213225689,0.00344385106612843
0.14889265813029,0.127032399995186,4862,4862,0.00688770213225689,0.00344385106612847
0.14323248564789,0.123107748656254,4863,4863,0.00688770213225689,0.00344385106612843
0.14889265813029,0.127032399995186,4864,4864,0.00688770213225689,0.00344385106612847
0.14323248564789,0.123107748656254,4865,4865,0.00688770213225689,0.00344385106612843
0.14889265813029,0.127032399995186,4866,4866,0.00688770213225689,0.00344385106612847
0.14323248564789,0.123107748656254,4867,4867,0.00688770213225689,0.00344385106612843
0.14889265813029,0.127032399995186,4868,4868,0.00688770213225689,0.00344385106612847
0.14323248564789,0.123107748656254,4869,4869,0.00688770213225689,0.00344385106612843
0.14889265813029,0.127032399995186,4870,4870,0.00688770213225689,0.00344385106612847
0.14323248564789,0.123107748656254,4871,4871,0.00688770213225689,0.00344385106612843
0.14889265813029,0.127032399995186,4872,4872,0.00688770213225689,0.00344385106612847
0.14323248564789,0.123107748656254,4873,4873,0.00688770213225689,0.00344385106612843
0.14889265813029,0.127032399995186,4874,4874,0.00688770213225689,0.00344385106612847
0.14323248564789,0.123107748656254,4875,4875,0.00688770213225689,0.00344385106612843
0.14889265813029,0.127032399995186,4876,4876,0.00688770213225689,0.00344385106612847
0.14323248564789,0.123107748656254,4877,4877,0.00688770213225689,0.00344385106612843
0.14889265813029,0.127032399995186,4878,4878,0.00688770213225689,0.00344385106612847
0.14323248564789,0.123107748656254,4879,4879,0.00688770213225689,0.00344385106612843
0.14889265813029,0.127032399995186,4880,4880,0.00688770213225689,0.00344385106612847
0.14323248564789,0.123107748656254,4881,4881,0.00688770213225689,0.00344385106612843
0.14889265813029,0.127032399995186,4882,4882,0.00688770213225689,0.00344385106612847
0.14323248564789,0.123107748656254,4883,4883,0.00688770213225689,0.00344385106612843
0.14889265813029,0.127032399995186,4884,4884,0.00688770213225689,0.00344385106612847
0.14323248564789,0.123107748656254,4885,4885,0.00688770213225689,0.00344385106612843
0.14889265813029,0.127032399995186,4886,4886,0.00688770213225689,0.00344385106612847
0.14323248564789,0.123107748656254,4887,4887,0.00688770213225689,0.00344385106612843
0.14889265813029,0.127032399995186,4888,4888,0.00688770213225689,0.00344385106612847
0.14323248564789,0.123107748656254,4889,4889,0.00688770213225689,0.00344385106612843
0.14889265813029,0.127032399995186,4890,4890,0.00688770213225689,0.00344385106612847
0.14323248564789,0.123107748656254,4891,4891,0.00688770213225689,0.00344385106612843
0.14889265813029,0.127032399995186,4892,4892,0.00688770213225689,0.00344385106612847
0.14323248564789,0.123107748656254,4893,4893,0.00688770213225689,0.00344385106612843
0.14889265813029,0.127032399995186,4894,4894,0.00688770213225689,0.00344385106612847
0.14323248564789,0.123107748656254,4895,4895,0.00688770213225689,0.00344385106612843
0.14889265813029,0.127032399995186,4896,4896,0.00688770213225689,0.00344385106612847
0.14323248564789,0.123107748656254,4897,4897,0.00688770213225689,0.00344385106612843
0.14889265813029,0.127032399995186,4898,4898,0.00688770213225689,0.00344385106612847
0.14323248564789,0.123107748656254,4899,4899,0.00688770213225689,0.00344385106612843
0.14889265813029,0.127032399995186,4900,4900,0.00688770213225689,0.00344385106612847
0.14323248564789,0.123107748656254,4901,4901,0.00688770213225689,0.00344385106612843
0.14889265813029,0.127032399995186,4902,4902,0.00688770213225689,0.00344385106612847
0.14323248564789,0.123107748656254,4903,4903,0.00688770213225689,0.00344385106612843
0.14889265813029,0.127032399995186,4904,4904,0.00688770213225689,0.00344385106612847
0.14323248564789,0.123107748656254,4905,4905,0.00688770213225689,0.00344385106612843
0.14889265813029,0.127032399995186,4906,4906,0.00688770213225689,0.00344385106612847
0.14323248564789,0.123107748656254,4907,4907,0.00688770213225689,0.00344385106612843
0.14889265813029,0.127032399995186,4908,4908,0.00688770213225689,0.00344385106612847
0.14323248564789,0.123107748656254,4909,4909,0.00688770213225689,0.00344385106612843
0.14889265813029,0.127032399995186,4910,4910,0.00688770213225689,0.00344385106612847
0.14323248564789,0.123107748656254,4911,4911,0.00688770213225689,0.00344385106612843
0.14889265813029,0.127032399995186,4912,4912,0.00688770213225689,0.00344385106612847
0.14323248564789,0.123107748656254,4913,4913,0.00688770213225689,0.00344385106612843
0.14889265813029,0.127032399995186,4914,4914,0.00688770213225689,0.00344385106612847
0.14323248564789,0.123107748656254,4915,4915,0.00688770213225689,0.00344385106612843
0.14889265813029,0.127032399995186,4916,4916,0.00688770213225689,0.00344385106612847
0.14323248564789,0.123107748656254,4917,4917,0.00688770213225689,0.00344385106612843
0.14889265813029,0.127032399995186,4918,4918,0.00688770213225689,0.00344385106612847
0.14323248564789,0.123107748656254,4919,4919,0.00688770213225689,0.00344385106612843
0.14889265813029,0.127032399995186,4920,4920,0.00688770213225689,0.00344385106612847
0.14323248564789,0.123107748656254,4921,4921,0.00688770213225689,0.00344385106612843
0.14889265813029,0.127032399995186,4922,4922,0.00688770213225689,0.00344385106612847
0.14323248564789,0.123107748656254,4923,4923,0.00688770213225689,0.00344385106612843
0.14889265813029,0.127032399995186,4924,4924,0.00688770213225689,0.00344385106612847
0.14323248564789,0.123107748656254,4925,4925,0.00688770213225689,0.00344385106612843
0.14889265813029,0.127032399995186,4926,4926,0.00688770213225689,0.00344385106612847
0.14323248564789,0.123107748656254,4927,4927,0.00688770213225689,0.00344385106612843
0.14889265813029,0.127032399995186,4928,4928,0.00688770213225689,0.00344385106612847
0.14323248564789,0.123107748656254,4929,4929,0.00688770213225689,0.00344385106612843
0.14889265813029,0.127032399995186,4930,4930,0.00688770213225689,0.00344385106612847
0.14323248564789,0.123107748656254,4931,4931,0.00688770213225689,0.00344385106612843
0.14889265813029,0.127032399995186,4932,4932,0.00688770213225689,0.00344385106612847
0.14323248564789,0.123107748656254,4933,4933,0.00688770213225689,0.00344385106612843
0.14889265813029,0.127032399995186,4934,4934,0.00688770213225689,0.00344385106612847
0.14323248564789,0.123107748656254,4935,4935,0.00688770213225689,0.00344385106612843
0.14889265813029,0.127032399995186,4936,4936,0.00688770213225689,0.00344385106612847
0.14323248564789,0.123107748656254,4937,4937,0.00688770213225689,0.00344385106612843
0.14889265813029,0.127032399995186,4938,4938,0.00688770213225689,0.00344385106612847
0.14323248564789,0.123107748656254,4939,4939,0.00688770213225689,0.00344385106612843
0.14889265813029,0.127032399995186,4940,4940,0.00688770213225689,0.00344385106612847
0.14323248564789,0.123107748656254,4941,4941,0.00688770213225689,0.00344385106612843
0.14889265813029,0.127032399995186,4942,4942,0.00688770213225689,0.00344385106612847
0.14323248564789,0.123107748656254,4943,4943,0.00688770213225689,0.00344385106612843
0.14889265813029,0.127032399995186,4944,4944,0.00688770213225689,0.00344385106612847
0.14323248564789,0.123107748656254,4945,4945,0.00688770213225689,0.00344385106612843
0.14889265813029,0.127032399995186,4946,4946,0.00688770213225689,0.00344385106612847
0.14323248564789,0.123107748656254,4947,4947,0.00688770213225689,0.00344385106612843
0.14889265813029,0.127032399995186,4948,4948,0.00688770213225689,0.00344385106612847
0.14323248564789,0.123107748656254,4949,4949,0.00688770213225689,0.00344385106612843
0.14889265813029,0.127032399995186,4950,4950,0.00688770213225689,0.00344385106612847
0.14323248564789,0.123107748656254,4951,4951,0.00688770213225689,0.00344385106612843
0.14889265813029,0.127032399995186,4952,4952,0.00688770213225689,0.00344385106612847
0.14323248564789,0.123107748656254,4953,4953,0.00688770213225689,0.00344385106612843
0.14889265813029,0.127032399995186,4954,4954,0.00688770213225689,0.00344385106612847
0.14323248564789,0.123107748656254,4955,4955,0.00688770213225689,0.00344385106612843
0.14889265813029,0.127032399995186,4956,4956,0.00688770213225689,0.00344385106612847
0.14323248564789,0.123107748656254,4957,4957,0.00688770213225689,0.00344385106612843
0.14889265813029,0.127032399995186,4958,4958,0.00688770213225689,0.00344385106612847
0.14323248564789,0.123107748656254,4959,4959,0.00688770213225689,0.00344385106612843
0.14889265813029,0.127032399995186,4960,4960,0.00688770213225689,0.00344385106612847
0.14323248564789,0.123107748656254,4961,4961,0.00688770213225689,0.00344385106612843
0.14889265813029,0.127032399995186,4962,4962,0.00688770213225689,0.00344385106612847
0.14323248564789,0.123107748656254,4963,4963,0.00688770213225689,0.00344385106612843
0.14889265813029,0.127032399995186,4964,4964,0.00688770213225689,0.00344385106612847
0.14323248564789,0.123107748656254,4965,4965,0.00688770213225689,0.00344385106612843
0.14889265813029,0.127032399995186,4966,4966,0.00688770213225689,0.00344385106612847
0.14323248564789,0.123107748656254,4967,4967,0.00688770213225689,0.00344385106612843
0.14889265813029,0.127032399995186,4968,4968,0.00688770213225689,0.00344385106612847
0.14323248564789,0.123107748656254,4969,4969,0.00688770213225689,0.00344385106612843
0.14889265813029,0.127032399995186,4970,4970,0.00688770213225689,0.00344385106612847
0.14323248564789,0.123107748656254,4971,4971,0.00688770213225689,0.00344385106612843
0.14889265813029,0.127032399995186,4972,4972,0.00688770213225689,0.00344385106612847
0.14323248564789,0.123107748656254,4973,4973,0.00688770213225689,0.00344385106612843
0.14889265813029,0.127032399995186,4974,4974,0.00688770213225689,0.00344385106612847
0.14323248564789,0.123107748656254,4975,4975,0.00688770213225689,0.00344385106612843
0.14889265813029,0.127032399995186,4976,4976,0.00688770213225689,0.00344385106612847
0.14323248564789,0.123107748656254,4977,4977,0.00688770213225689,0.00344385106612843
0.14889265813029,0.127032399995186,4978,4978,0.00688770213225689,0.00344385106612847
0.14323248564789,0.123107748656254,4979,4979,0.00688770213225689,0.00344385106612843
0.14889265813029,0.127032399995186,4980,4980,0.00688770213225689,0.00344385106612847
0.14323248564789,0.123107748656254,4981,4981,0.00688770213225689,0.00344385106612843
0.14889265813029,0.127032399995186,4982,4982,0.00688770213225689,0.00344385106612847
0.14323248564789,0.123107748656254,4983,4983,0.00688770213225689,0.00344385106612843
0.14889265813029,0.127032399995186,4984,4984,0.00688770213225689,0.00344385106612847
0.14323248564789,0.123107748656254,4985,4985,0.00688770213225689,0.00344385106612843
0.14889265813029,0.127032399995186,4986,4986,0.00688770213225689,0.00344385106612847
0.14323248564789,0.123107748656254,4987,4987,0.00688770213225689,0.00344385106612843
0.14889265813029,0.127032399995186,4988,4988,0.00688770213225689,0.00344385106612847
0.14323248564789,0.123107748656254,4989,4989,0.00688770213225689,0.00344385106612843
0.14889265813029,0.127032399995186,4990,4990,0.00688770213225689,0.00344385106612847
0.14323248564789,0.123107748656254,4991,4991,0.00688770213225689,0.00344385106612843
0.14889265813029,0.127032399995186,4992,4992,0.00688770213225689,0.00344385106612847
0.14323248564789,0.123107748656254,4993,4993,0.00688770213225689,0.00344385106612843
0.14889265813029,0.127032399995186,4994,4994,0.00688770213225689,0.00344385106612847
0.14323248564789,0.123107748656254,4995,4995,0.00688770213225689,0.00344385106612843
0.14889265813029,0.127032399995186,4996,4996,0.00688770213225689,0.00344385106612847
0.14323248564789,0.123107748656254,4997,4997,0.00688770213225689,0.00344385106612843
0.14889265813029,0.127032399995186,4998,4998,0.00688770213225689,0.00344385106612847
0.14323248564789,0.123107748656254,4999,4999,0.00688770213225689,0.00344385106612843
0.14889265813029,0.127032399995186,5000,5000,0.00688770213225689,0.00344385106612847
0.14323248564789,0.123107748656254,5001,5001,0.00688770213225689,0.00344385106612843
0.14889265813029,0.127032399995186,5002,5002,0.00688770213225689,0.00344385106612847
0.14323248564789,0.123107748656254,5003,5003,0.00688770213225689,0.00344385106612843
0.14889265813029,0.127032399995186,5004,5004,0.00688770213225689,0.00344385106612847
0.14323248564789,0.123107748656254,5005,5005,0.00688770213225689,0.00344385106612843
0.14889265813029,0.127032399995186,5006,5006,0.00688770213225689,0.00344385106612847
0.14323248564789,0.123107748656254,5007,5007,0.00688770213225689,0.00344385106612843
0.14889265813029,0.127032399995186,5008,5008,0.00688770213225689,0.00344385106612847
0.14323248564789,0.123107748656254,5009,5009,0.00688770213225689,0.00344385106612843
0.14889265813029,0.127032399995186,5010,5010,0.00688770213225689,0.00344385106612847
0.14323248564789,0.123107748656254,5011,5011,0.00688770213225689,0.00344385106612843
0.14889265813029,0.127032399995186,5012,5012,0.00688770213225689,0.00344385106612847
0.14323248564789,0.123107748656254,5013,5013,0.00688770213225689,0.00344385106612843
0.14889265813029,0.127032399995186,5014,5014,0.00688770213225689,0.00344385106612847
0.14323248564789,0.123107748656254,5015,5015,0.00688770213225689,0.00344385106612843
0.14889265813029,0.127032399995186,5016,5016,0.00688770213225689,0.00344385106612847
0.14323248564789,0.123107748656254,5017,5017,0.00688770213225689,0.00344385106612843
0.14889265813029,0.127032399995186,5018,5018,0.00688770213225689,0.00344385106612847
0.14323248564789,0.123107748656254,5019,5019,0.00688770213225689,0.00344385106612843
0.14889265813029,0.127032399995186,5020,5020,0.00688770213225689,0.00344385106612847
0.14323248564789,0.123107748656254,5021,5021,0.00688770213225689,0.00344385106612843
0.14889265813029,0.127032399995186,5022,5022,0.00688770213225689,0.00344385106612847
0.14323248564789,0.123107748656254,5023,5023,0.00688770213225689,0.00344385106612843
0.14889265813029,0.127032399995186,5024,5024,0.00688770213225689,0.00344385106612847
0.14323248564789,0.123107748656254,5025,5025,0.00688770213225689,0.00344385106612843
0.14889265813029,0.127032399995186,5026,5026,0.00688770213225689,0.00344385106612847
0.14323248564789,0.123107748656254,5027,5027,0.00688770213225689,0.00344385106612843
0.14889265813029,0.127032399995186,5028,5028,0.00688770213225689,0.00344385106612847
0.14323248564789,0.123107748656254,5029,5029,0.00688770213225689,0.00344385106612843
0.14889265813029,0.127032399995186,5030,5030,0.00688770213225689,0.00344385106612847
0.14323248564789,0.123107748656254,5031,5031,0.00688770213225689,0.00344385106612843
0.14889265813029,0.127032399995186,5032,5032,0.00688770213225689,0.00344385106612847
0.14323248564789,0.123107748656254,5033,5033,0.00688770213225689,0.00344385106612843
0.14889265813029,0.127032399995186,5034,5034,0.00688770213225689,0.00344385106612847
0.14323248564789,0.123107748656254,5035,5035,0.00688770213225689,0.00344385106612843
0.14889265813029,0.127032399995186,5036,5036,0.00688770213225689,0.00344385106612847
0.14323248564789,0.123107748656254,5037,5037,0.00688770213225689,0.00344385106612843
0.14889265813029,0.127032399995186,5038,5038,0.00688770213225689,0.00344385106612847
0.14323248564789,0.123107748656254,5039,5039,0.00688770213225689,0.00344385106612843
0.14889265813029,0.127032399995186,5040,5040,0.00688770213225689,0.00344385106612847
0.14323248564789,0.123107748656254,5041,5041,0.00688770213225689,0.00344385106612843
0.14889265813029,0.127032399995186,5042,5042,0.00688770213225689,0.00344385106612847
0.14323248564789,0.123107748656254,5043,5043,0.00688770213225689,0.00344385106612843
0.14889265813029,0.127032399995186,5044,5044,0.00688770213225689,0.00344385106612847
0.14323248564789,0.123107748656254,5045,5045,0.00688770213225689,0.00344385106612843
0.14889265813029,0.127032399995186,5046,5046,0.00688770213225689,0.00344385106612847
0.14323248564789,0.123107748656254,5047,5047,0.00688770213225689,0.00344385106612843
0.14889265813029,0.127032399995186,5048,5048,0.00688770213225689,0.00344385106612847
0.14323248564789,0.123107748656254,5049,5049,0.00688770213225689,0.00344385106612843
0.14889265813029,0.127032399995186,5050,5050,0.00688770213225689,0.00344385106612847
0.14323248564789,0.123107748656254,5051,5051,0.00688770213225689,0.00344385106612843
0.14889265813029,0.127032399995186,5052,5052,0.00688770213225689,0.00344385106612847
0.14323248564789,0.123107748656254,5053,5053,0.00688770213225689,0.00344385106612843
0.14889265813029,0.127032399995186,5054,5054,0.00688770213225689,0.00344385106612847
0.14323248564789,0.123107748656254,5055,5055,0.00688770213225689,0.00344385106612843
0.14889265813029,0.127032399995186,5056,5056,0.00688770213225689,0.00344385106612847
0.14323248564789,0.123107748656254,5057,5057,0.00688770213225689,0.00344385106612843
0.14889265813029,0.127032399995186,5058,5058,0.00688770213225689,0.00344385106612847
0.14323248564789,0.123107748656254,5059,5059,0.00688770213225689,0.00344385106612843
0.14889265813029,0.127032399995186,5060,5060,0.00688770213225689,0.00344385106612847
0.14323248564789,0.123107748656254,5061,5061,0.00688770213225689,0.00344385106612843
0.14889265813029,0.127032399995186,5062,5062,0.00688770213225689,0.00344385106612847
0.14323248564789,0.123107748656254,5063,5063,0.00688770213225689,0.00344385106612843
0.14889265813029,0.127032399995186,5064,5064,0.00688770213225689,0.00344385106612847
0.14323248564789,0.123107748656254,5065,5065,0.00688770213225689,0.00344385106612843
0.14889265813029,0.127032399995186,5066,5066,0.00688770213225689,0.00344385106612847
0.14323248564789,0.123107748656254,5067,5067,0.00688770213225689,0.00344385106612843
0.14889265813029,0.127032399995186,5068,5068,0.00688770213225689,0.00344385106612847
0.14323248564789,0.123107748656254,5069,5069,0.00688770213225689,0.00344385106612843
0.14889265813029,0.127032399995186,5070,5070,0.00688770213225689,0.00344385106612847
0.14323248564789,0.123107748656254,5071,5071,0.00688770213225689,0.00344385106612843
0.14889265813029,0.127032399995186,5072,5072,0.00688770213225689,0.00344385106612847
0.14323248564789,0.123107748656254,5073,5073,0.00688770213225689,0.00344385106612843
0.14889265813029,0.127032399995186,5074,5074,0.00688770213225689,0.00344385106612847
0.14323248564789,0.123107748656254,5075,5075,0.00688770213225689,0.00344385106612843
0.14889265813029,0.127032399995186,5076,5076,0.00688770213225689,0.00344385106612847
0.14323248564789,0.123107748656254,5077,5077,0.00688770213225689,0.00344385106612843
0.14889265813029,0.127032399995186,5078,5078,0.00688770213225689,0.00344385106612847
0.14323248564789,0.123107748656254,5079,5079,0.00688770213225689,0.00344385106612843
0.14889265813029,0.127032399995186,5080,5080,0.00688770213225689,0.00344385106612847
0.14323248564789,0.123107748656254,5081,5081,0.00688770213225689,0.00344385106612843
0.14889265813029,0.127032399995186,5082,5082,0.00688770213225689,0.00344385106612847
0.14323248564789,0.123107748656254,5083,5083,0.00688770213225689,0.00344385106612843
0.14889265813029,0.127032399995186,5084,5084,0.00688770213225689,0.00344385106612847
0.14323248564789,0.123107748656254,5085,5085,0.00688770213225689,0.00344385106612843
0.14889265813029,0.127032399995186,5086,5086,0.00688770213225689,0.00344385106612847
0.14323248564789,0.123107748656254,5087,5087,0.00688770213225689,0.00344385106612843
0.14889265813029,0.127032399995186,5088,5088,0.00688770213225689,0.00344385106612847
0.14323248564789,0.123107748656254,5089,5089,0.00688770213225689,0.00344385106612843
0.14889265813029,0.127032399995186,5090,5090,0.00688770213225689,0.00344385106612847
0.14323248564789,0.123107748656254,5091,5091,0.00688770213225689,0.00344385106612843
0.14889265813029,0.127032399995186,5092,5092,0.00688770213225689,0.00344385106612847
0.14323248564789,0.123107748656254,5093,5093,0.00688770213225689,0.00344385106612843
0.14889265813029,0.127032399995186,5094,5094,0.00688770213225689,0.00344385106612847
0.14323248564789,0.123107748656254,5095,5095,0.00688770213225689,0.00344385106612843
0.14889265813029,0.127032399995186,5096,5096,0.00688770213225689,0.00344385106612847
0.14323248564789,0.123107748656254,5097,5097,0.00688770213225689,0.00344385106612843
0.14889265813029,0.127032399995186,5098,5098,0.00688770213225689,0.00344385106612847
0.14323248564789,0.123107748656254,5099,5099,0.00688770213225689,0.00344385106612843
0.14889265813029,0.127032399995186,5100,5100,0.00688770213225689,0.00344385106612847
0.14323248564789,0.123107748656254,5101,5101,0.00688770213225689,0.00344385106612843
0.14889265813029,0.127032399995186,5102,5102,0.00688770213225689,0.00344385106612847
0.14323248564789,0.123107748656254,5103,5103,0.00688770213225689,0.00344385106612843
0.14889265813029,0.127032399995186,5104,5104,0.00688770213225689,0.00344385106612847
0.14323248564789,0.123107748656254,5105,5105,0.00688770213225689,0.00344385106612843
0.14889265813029,0.127032399995186,5106,5106,0.00688770213225689,0.00344385106612847
0.14323248564789,0.123107748656254,5107,5107,0.00688770213225689,0.00344385106612843
0.14889265813029,0.127032399995186,5108,5108,0.00688770213225689,0.00344385106612847
0.14323248564789,0.123107748656254,5109,5109,0.00688770213225689,0.00344385106612843
0.14889265813029,0.127032399995186,5110,5110,0.00688770213225689,0.00344385106612847
0.14323248564789,0.123107748656254,5111,5111,0.00688770213225689,0.00344385106612843
0.14889265813029,0.127032399995186,5112,5112,0.00688770213225689,0.00344385106612847
0.14323248564789,0.123107748656254,5113,5113,0.00688770213225689,0.00344385106612843
0.14889265813029,0.127032399995186,5114,5114,0.00688770213225689,0.00344385106612847
0.14323248564789,0.123107748656254,5115,5115,0.00688770213225689,0.00344385106612843
0.14889265813029,0.127032399995186,5116,5116,0.00688770213225689,0.00344385106612847
0.14323248564789,0.123107748656254,5117,5117,0.00688770213225689,0.00344385106612843
0.14889265813029,0.127032399995186,5118,5118,0.00688770213225689,0.00344385106612847
0.14323248564789,0.123107748656254,5119,5119,0.00688770213225689,0.00344385106612843
0.14889265813029,0.127032399995186,5120,5120,0.00688770213225689,0.00344385106612847
0.14323248564789,0.123107748656254,5121,5121,0.00688770213225689,0.00344385106612843
0.14889265813029,0.127032399995186,5122,5122,0.00688770213225689,0.00344385106612847
0.14323248564789,0.123107748656254,5123,5123,0.00688770213225689,0.00344385106612843
0.14889265813029,0.127032399995186,5124,5124,0.00688770213225689,0.00344385106612847
0.14323248564789,0.123107748656254,5125,5125,0.00688770213225689,0.00344385106612843
0.14889265813029,0.127032399995186,5126,5126,0.00688770213225689,0.00344385106612847
0.14323248564789,0.123107748656254,5127,5127,0.00688770213225689,0.00344385106612843
0.14889265813029,0.127032399995186,5128,5128,0.00688770213225689,0.00344385106612847
0.14323248564789,0.123107748656254,5129,5129,0.00688770213225689,0.00344385106612843
0.14889265813029,0.127032399995186,5130,5130,0.00688770213225689,0.00344385106612847
0.14323248564789,0.123107748656254,5131,5131,0.00688770213225689,0.00344385106612843
0.14889265813029,0.127032399995186,5132,5132,0.00688770213225689,0.00344385106612847
0.14323248564789,0.123107748656254,5133,5133,0.00688770213225689,0.00344385106612843
0.14889265813029,0.127032399995186,5134,5134,0.00688770213225689,0.00344385106612847
0.14323248564789,0.123107748656254,5135,5135,0.00688770213225689,0.00344385106612843
0.14889265813029,0.127032399995186,5136,5136,0.00688770213225689,0.00344385106612847
0.14323248564789,0.123107748656254,5137,5137,0.00688770213225689,0.00344385106612843
0.14889265813029,0.127032399995186,5138,5138,0.00688770213225689,0.00344385106612847
0.14323248564789,0.123107748656254,5139,5139,0.00688770213225689,0.00344385106612843
0.14889265813029,0.127032399995186,5140,5140,0.00688770213225689,0.00344385106612847
0.14323248564789,0.123107748656254,5141,5141,0.00688770213225689,0.00344385106612843
0.14889265813029,0.127032399995186,5142,5142,0.00688770213225689,0.00344385106612847
0.14323248564789,0.123107748656254,5143,5143,0.00688770213225689,0.00344385106612843
0.14889265813029,0.127032399995186,5144,5144,0.00688770213225689,0.00344385106612847
0.14323248564789,0.123107748656254,5145,5145,0.00688770213225689,0.00344385106612843
0.14889265813029,0.127032399995186,5146,5146,0.00688770213225689,0.00344385106612847
0.14323248564789,0.123107748656254,5147,5147,0.00688770213225689,0.00344385106612843
0.14889265813029,0.127032399995186,5148,5148,0.00688770213225689,0.00344385106612847
0.14323248564789,0.123107748656254,5149,5149,0.00688770213225689,0.00344385106612843
0.14889265813029,0.127032399995186,5150,5150,0.00688770213225689,0.00344385106612847
0.14323248564789,0.123107748656254,5151,5151,0.00688770213225689,0.00344385106612843
0.14889265813029,0.127032399995186,5152,5152,0.00688770213225689,0.00344385106612847
0.14323248564789,0.123107748656254,5153,5153,0.00688770213225689,0.00344385106612843
0.14889265813029,0.127032399995186,5154,5154,0.00688770213225689,0.00344385106612847
0.14323248564789,0.123107748656254,5155,5155,0.00688770213225689,0.00344385106612843
0.14889265813029,0.127032399995186,5156,5156,0.00688770213225689,0.00344385106612847
0.14323248564789,0.123107748656254,5157,5157,0.00688770213225689,0.00344385106612843
0.14889265813029,0.127032399995186,5158,5158,0.00688770213225689,0.00344385106612847
0.14323248564789,0.123107748656254,5159,5159,0.00688770213225689,0.00344385106612843
0.14889265813029,0.127032399995186,5160,5160,0.00688770213225689,0.00344385106612847
0.14323248564789,0.123107748656254,5161,5161,0.00688770213225689,0.00344385106612843
0.14889265813029,0.127032399995186,5162,5162,0.00688770213225689,0.00344385106612847
0.14323248564789,0.123107748656254,5163,5163,0.00688770213225689,0.00344385106612843
0.14889265813029,0.127032399995186,5164,5164,0.00688770213225689,0.00344385106612847
0.14323248564789,0.123107748656254,5165,5165,0.00688770213225689,0.00344385106612843
0.14889265813029,0.127032399995186,5166,5166,0.00688770213225689,0.00344385106612847
0.14323248564789,0.123107748656254,5167,5167,0.00688770213225689,0.00344385106612843
0.14889265813029,0.127032399995186,5168,5168,0.00688770213225689,0.00344385106612847
0.14323248564789,0.123107748656254,5169,5169,0.00688770213225689,0.00344385106612843
0.14889265813029,0.127032399995186,5170,5170,0.00688770213225689,0.00344385106612847
0.14323248564789,0.123107748656254,5171,5171,0.00688770213225689,0.00344385106612843
0.14889265813029,0.127032399995186,5172,5172,0.00688770213225689,0.00344385106612847
0.14323248564789,0.123107748656254,5173,5173,0.00688770213225689,0.00344385106612843
0.14889265813029,0.127032399995186,5174,5174,0.00688770213225689,0.00344385106612847
0.14323248564789,0.123107748656254,5175,5175,0.00688770213225689,0.00344385106612843
0.14889265813029,0.127032399995186,5176,5176,0.00688770213225689,0.00344385106612847
0.14323248564789,0.123107748656254,5177,5177,0.00688770213225689,0.00344385106612843
0.14889265813029,0.127032399995186,5178,5178,0.00688770213225689,0.00344385106612847
0.14323248564789,0.123107748656254,5179,5179,0.00688770213225689,0.00344385106612843
0.14889265813029,0.127032399995186,5180,5180,0.00688770213225689,0.00344385106612847
0.14323248564789,0.123107748656254,5181,5181,0.00688770213225689,0.00344385106612843
0.14889265813029,0.127032399995186,5182,5182,0.00688770213225689,0.00344385106612847
0.14323248564789,0.123107748656254,5183,5183,0.00688770213225689,0.00344385106612843
0.14889265813029,0.127032399995186,5184,5184,0.00688770213225689,0.00344385106612847
0.14323248564789,0.123107748656254,5185,5185,0.00688770213225689,0.00344385106612843
0.14889265813029,0.127032399995186,5186,5186,0.00688770213225689,0.00344385106612847
0.14323248564789,0.123107748656254,5187,5187,0.00688770213225689,0.00344385106612843
0.14889265813029,0.127032399995186,5188,5188,0.00688770213225689,0.00344385106612847
0.14323248564789,0.123107748656254,5189,5189,0.00688770213225689,0.00344385106612843
0.14889265813029,0.127032399995186,5190,5190,0.00688770213225689,0.00344385106612847
0.14323248564789,0.123107748656254,5191,5191,0.00688770213225689,0.00344385106612843
0.14889265813029,0.127032399995186,5192,5192,0.00688770213225689,0.00344385106612847
0.14323248564789,0.123107748656254,5193,5193,0.00688770213225689,0.00344385106612843
0.14889265813029,0.127032399995186,5194,5194,0.00688770213225689,0.00344385106612847
0.14323248564789,0.123107748656254,5195,5195,0.00688770213225689,0.00344385106612843
0.14889265813029,0.127032399995186,5196,5196,0.00688770213225689,0.00344385106612847
0.14323248564789,0.123107748656254,5197,5197,0.00688770213225689,0.00344385106612843
0.14889265813029,0.127032399995186,5198,5198,0.00688770213225689,0.00344385106612847
0.14323248564789,0.123107748656254,5199,5199,0.00688770213225689,0.00344385106612843
0.14889265813029,0.127032399995186,5200,5200,0.00688770213225689,0.00344385106612847
0.14323248564789,0.123107748656254,5201,5201,0.00688770213225689,0.00344385106612843
0.14889265813029,0.127032399995186,5202,5202,0.00688770213225689,0.00344385106612847
0.14323248564789,0.123107748656254,5203,5203,0.00688770213225689,0.00344385106612843
0.14889265813029,0.127032399995186,5204,5204,0.00688770213225689,0.00344385106612847
0.14323248564789,0.123107748656254,5205,5205,0.00688770213225689,0.00344385106612843
0.14889265813029,0.127032399995186,5206,5206,0.00688770213225689,0.00344385106612847
0.14323248564789,0.123107748656254,5207,5207,0.00688770213225689,0.00344385106612843
0.14889265813029,0.127032399995186,5208,5208,0.00688770213225689,0.00344385106612847
0.14323248564789,0.123107748656254,5209,5209,0.00688770213225689,0.00344385106612843
0.14889265813029,0.127032399995186,5210,5210,0.00688770213225689,0.00344385106612847
0.14323248564789,0.123107748656254,5211,5211,0.00688770213225689,0.00344385106612843
0.14889265813029,0.127032399995186,5212,5212,0.00688770213225689,0.00344385106612847
0.14323248564789,0.123107748656254,5213,5213,0.00688770213225689,0.00344385106612843
0.14889265813029,0.127032399995186,5214,5214,0.00688770213225689,0.00344385106612847
0.14323248564789,0.123107748656254,5215,5215,0.00688770213225689,0.00344385106612843
0.14889265813029,0.127032399995186,5216,5216,0.00688770213225689,0.00344385106612847
0.14323248564789,0.123107748656254,5217,5217,0.00688770213225689,0.00344385106612843
0.14889265813029,0.127032399995186,5218,5218,0.00688770213225689,0.00344385106612847
0.14323248564789,0.123107748656254,5219,5219,0.00688770213225689,0.00344385106612843
0.14889265813029,0.127032399995186,5220,5220,0.00688770213225689,0.00344385106612847
0.14323248564789,0.123107748656254,5221,5221,0.00688770213225689,0.00344385106612843
0.14889265813029,0.127032399995186,5222,5222,0.00688770213225689,0.00344385106612847
0.14323248564789,0.123107748656254,5223,5223,0.00688770213225689,0.00344385106612843
0.14889265813029,0.127032399995186,5224,5224,0.00688770213225689,0.00344385106612847
0.14323248564789,0.123107748656254,5225,5225,0.00688770213225689,0.00344385106612843
0.14889265813029,0.127032399995186,5226,5226,0.00688770213225689,0.00344385106612847
0.14323248564789,0.123107748656254,5227,5227,0.00688770213225689,0.00344385106612843
0.14889265813029,0.127032399995186,5228,5228,0.00688770213225689,0.00344385106612847
0.14323248564789,0.123107748656254,5229,5229,0.00688770213225689,0.00344385106612843
0.14889265813029,0.127032399995186,5230,5230,0.00688770213225689,0.00344385106612847
0.14323248564789,0.123107748656254,5231,5231,0.00688770213225689,0.00344385106612843
0.14889265813029,0.127032399995186,5232,5232,0.00688770213225689,0.00344385106612847
0.14323248564789,0.123107748656254,5233,5233,0.00688770213225689,0.00344385106612843
0.14889265813029,0.127032399995186,5234,5234,0.00688770213225689,0.00344385106612847
0.14323248564789,0.123107748656254,5235,5235,0.00688770213225689,0.00344385106612843
0.14889265813029,0.127032399995186,5236,5236,0.00688770213225689,0.00344385106612847
0.14323248564789,0.123107748656254,5237,5237,0.00688770213225689,0.00344385106612843
0.14889265813029,0.127032399995186,5238,5238,0.00688770213225689,0.00344385106612847
0.14323248564789,0.123107748656254,5239,5239,0.00688770213225689,0.00344385106612843
0.14889265813029,0.127032399995186,5240,5240,0.00688770213225689,0.00344385106612847
0.14323248564789,0.123107748656254,5241,5241,0.00688770213225689,0.00344385106612843
0.14889265813029,0.127032399995186,5242,5242,0.00688770213225689,0.00344385106612847
0.14323248564789,0.123107748656254,5243,5243,0.00688770213225689,0.00344385106612843
0.14889265813029,0.127032399995186,5244,5244,0.00688770213225689,0.00344385106612847
0.14323248564789,0.123107748656254,5245,5245,0.00688770213225689,0.00344385106612843
0.14889265813029,0.127032399995186,5246,5246,0.00688770213225689,0.00344385106612847
0.14323248564789,0.123107748656254,5247,5247,0.00688770213225689,0.00344385106612843
0.14889265813029,0.127032399995186,5248,5248,0.00688770213225689,0.00344385106612847
0.14323248564789,0.123107748656254,5249,5249,0.00688770213225689,0.00344385106612843
0.14889265813029,0.127032399995186,5250,5250,0.00688770213225689,0.00344385106612847
0.14323248564789,0.123107748656254,5251,5251,0.00688770213225689,0.00344385106612843
0.14889265813029,0.127032399995186,5252,5252,0.00688770213225689,0.00344385106612847
0.14323248564789,0.123107748656254,5253,5253,0.00688770213225689,0.00344385106612843
0.14889265813029,0.127032399995186,5254,5254,0.00688770213225689,0.00344385106612847
0.14323248564789,0.123107748656254,5255,5255,0.00688770213225689,0.00344385106612843
0.14889265813029,0.127032399995186,5256,5256,0.00688770213225689,0.00344385106612847
0.14323248564789,0.123107748656254,5257,5257,0.00688770213225689,0.00344385106612843
0.14889265813029,0.127032399995186,5258,5258,0.00688770213225689,0.00344385106612847
0.14323248564789,0.123107748656254,5259,5259,0.00688770213225689,0.00344385106612843
0.14889265813029,0.127032399995186,5260,5260,0.00688770213225689,0.00344385106612847
0.14323248564789,0.123107748656254,5261,5261,0.00688770213225689,0.00344385106612843
0.14889265813029,0.127032399995186,5262,5262,0.00688770213225689,0.00344385106612847
0.14323248564789,0.123107748656254,5263,5263,0.00688770213225689,0.00344385106612843
0.14889265813029,0.127032399995186,5264,5264,0.00688770213225689,0.00344385106612847
0.14323248564789,0.123107748656254,5265,5265,0.00688770213225689,0.00344385106612843
0.14889265813029,0.127032399995186,5266,5266,0.00688770213225689,0.00344385106612847
0.14323248564789,0.123107748656254,5267,5267,0.00688770213225689,0.00344385106612843
0.14889265813029,0.127032399995186,5268,5268,0.00688770213225689,0.00344385106612847
0.14323248564789,0.123107748656254,5269,5269,0.00688770213225689,0.00344385106612843
0.14889265813029,0.127032399995186,5270,5270,0.00688770213225689,0.00344385106612847
0.14323248564789,0.123107748656254,5271,5271,0.00688770213225689,0.00344385106612843
0.14889265813029,0.127032399995186,5272,5272,0.00688770213225689,0.00344385106612847
0.14323248564789,0.123107748656254,5273,5273,0.00688770213225689,0.00344385106612843
0.14889265813029,0.127032399995186,5274,5274,0.00688770213225689,0.00344385106612847
0.14323248564789,0.123107748656254,5275,5275,0.00688770213225689,0.00344385106612843
0.14889265813029,0.127032399995186,5276,5276,0.00688770213225689,0.00344385106612847
0.14323248564789,0.123107748656254,5277,5277,0.00688770213225689,0.00344385106612843
0.14889265813029,0.127032399995186,5278,5278,0.00688770213225689,0.00344385106612847
0.14323248564789,0.123107748656254,5279,5279,0.00688770213225689,0.00344385106612843
0.14889265813029,0.127032399995186,5280,5280,0.00688770213225689,0.00344385106612847
0.14323248564789,0.123107748656254,5281,5281,0.00688770213225689,0.00344385106612843
0.14889265813029,0.127032399995186,5282,5282,0.00688770213225689,0.00344385106612847
0.14323248564789,0.123107748656254,5283,5283,0.00688770213225689,0.00344385106612843
0.14889265813029,0.127032399995186,5284,5284,0.00688770213225689,0.00344385106612847
0.14323248564789,0.123107748656254,5285,5285,0.00688770213225689,0.00344385106612843
0.14889265813029,0.127032399995186,5286,5286,0.00688770213225689,0.00344385106612847
0.14323248564789,0.123107748656254,5287,5287,0.00688770213225689,0.00344385106612843
0.14889265813029,0.127032399995186,5288,5288,0.00688770213225689,0.00344385106612847
0.14323248564789,0.123107748656254,5289,5289,0.00688770213225689,0.00344385106612843
0.14889265813029,0.127032399995186,5290,5290,0.00688770213225689,0.00344385106612847
0.14323248564789,0.123107748656254,5291,5291,0.00688770213225689,0.00344385106612843
0.14889265813029,0.127032399995186,5292,5292,0.00688770213225689,0.00344385106612847
0.14323248564789,0.123107748656254,5293,5293,0.00688770213225689,0.00344385106612843
0.14889265813029,0.127032399995186,5294,5294,0.00688770213225689,0.00344385106612847
0.14323248564789,0.123107748656254,5295,5295,0.00688770213225689,0.00344385106612843
0.14889265813029,0.127032399995186,5296,5296,0.00688770213225689,0.00344385106612847
0.14323248564789,0.123107748656254,5297,5297,0.00688770213225689,0.00344385106612843
0.14889265813029,0.127032399995186,5298,5298,0.00688770213225689,0.00344385106612847
0.14323248564789,0.123107748656254,5299,5299,0.00688770213225689,0.00344385106612843
0.14889265813029,0.127032399995186,5300,5300,0.00688770213225689,0.00344385106612847
0.14323248564789,0.123107748656254,5301,5301,0.00688770213225689,0.00344385106612843
0.14889265813029,0.127032399995186,5302,5302,0.00688770213225689,0.00344385106612847
0.14323248564789,0.123107748656254,5303,5303,0.00688770213225689,0.00344385106612843
0.14889265813029,0.127032399995186,5304,5304,0.00688770213225689,0.00344385106612847
0.14323248564789,0.123107748656254,5305,5305,0.00688770213225689,0.00344385106612843
0.14889265813029,0.127032399995186,5306,5306,0.00688770213225689,0.00344385106612847
0.14323248564789,0.123107748656254,5307,5307,0.00688770213225689,0.00344385106612843
0.14889265813029,0.127032399995186,5308,5308,0.00688770213225689,0.00344385106612847
0.14323248564789,0.123107748656254,5309,5309,0.00688770213225689,0.00344385106612843
0.14889265813029,0.127032399995186,5310,5310,0.00688770213225689,0.00344385106612847
0.14323248564789,0.123107748656254,5311,5311,0.00688770213225689,0.00344385106612843
0.14889265813029,0.127032399995186,5312,5312,0.00688770213225689,0.00344385106612847
0.14323248564789,0.123107748656254,5313,5313,0.00688770213225689,0.00344385106612843
0.14889265813029,0.127032399995186,5314,5314,0.00688770213225689,0.00344385106612847
0.14323248564789,0.123107748656254,5315,5315,0.00688770213225689,0.00344385106612843
0.14889265813029,0.127032399995186,5316,5316,0.00688770213225689,0.00344385106612847
0.14323248564789,0.123107748656254,5317,5317,0.00688770213225689,0.00344385106612843
0.14889265813029,0.127032399995186,5318,5318,0.00688770213225689,0.00344385106612847
0.14323248564789,0.123107748656254,5319,5319,0.00688770213225689,0.00344385106612843
0.14889265813029,0.127032399995186,5320,5320,0.00688770213225689,0.00344385106612847
0.14323248564789,0.123107748656254,5321,5321,0.00688770213225689,0.00344385106612843
0.14889265813029,0.127032399995186,5322,5322,0.00688770213225689,0.00344385106612847
0.14323248564789,0.123107748656254,5323,5323,0.00688770213225689,0.00344385106612843
0.14889265813029,0.127032399995186,5324,5324,0.00688770213225689,0.00344385106612847
0.14323248564789,0.123107748656254,5325,5325,0.00688770213225689,0.00344385106612843
0.14889265813029,0.127032399995186,5326,5326,0.00688770213225689,0.00344385106612847
0.14323248564789,0.123107748656254,5327,5327,0.00688770213225689,0.00344385106612843
0.14889265813029,0.127032399995186,5328,5328,0.00688770213225689,0.00344385106612847
0.14323248564789,0.123107748656254,5329,5329,0.00688770213225689,0.00344385106612843
0.14889265813029,0.127032399995186,5330,5330,0.00688770213225689,0.00344385106612847
0.14323248564789,0.123107748656254,5331,5331,0.00688770213225689,0.00344385106612843
0.14889265813029,0.127032399995186,5332,5332,0.00688770213225689,0.00344385106612847
0.14323248564789,0.123107748656254,5333,5333,0.00688770213225689,0.00344385106612843
0.14889265813029,0.127032399995186,5334,5334,0.00688770213225689,0.00344385106612847
0.14323248564789,0.123107748656254,5335,5335,0.00688770213225689,0.00344385106612843
0.14889265813029,0.127032399995186,5336,5336,0.00688770213225689,0.00344385106612847
0.14323248564789,0.123107748656254,5337,5337,0.00688770213225689,0.00344385106612843
0.14889265813029,0.127032399995186,5338,5338,0.00688770213225689,0.00344385106612847
0.14323248564789,0.123107748656254,5339,5339,0.00688770213225689,0.00344385106612843
0.14889265813029,0.127032399995186,5340,5340,0.00688770213225689,0.00344385106612847
0.14323248564789,0.123107748656254,5341,5341,0.00688770213225689,0.00344385106612843
0.14889265813029,0.127032399995186,5342,5342,0.00688770213225689,0.00344385106612847
0.14323248564789,0.123107748656254,5343,5343,0.00688770213225689,0.00344385106612843
0.14889265813029,0.127032399995186,5344,5344,0.00688770213225689,0.00344385106612847
0.14323248564789,0.123107748656254,5345,5345,0.00688770213225689,0.00344385106612843
0.14889265813029,0.127032399995186,5346,5346,0.00688770213225689,0.00344385106612847
0.14323248564789,0.123107748656254,5347,5347,0.00688770213225689,0.00344385106612843
0.14889265813029,0.127032399995186,5348,5348,0.00688770213225689,0.00344385106612847
0.14323248564789,0.123107748656254,5349,5349,0.00688770213225689,0.00344385106612843
0.14889265813029,0.127032399995186,5350,5350,0.00688770213225689,0.00344385106612847
0.14323248564789,0.123107748656254,5351,5351,0.00688770213225689,0.00344385106612843
0.14889265813029,0.127032399995186,5352,5352,0.00688770213225689,0.00344385106612847
0.14323248564789,0.123107748656254,5353,5353,0.00688770213225689,0.00344385106612843
0.14889265813029,0.127032399995186,5354,5354,0.00688770213225689,0.00344385106612847
0.14323248564789,0.123107748656254,5355,5355,0.00688770213225689,0.00344385106612843
0.14889265813029,0.127032399995186,5356,5356,0.00688770213225689,0.00344385106612847
0.14323248564789,0.123107748656254,5357,5357,0.00688770213225689,0.00344385106612843
0.14889265813029,0.127032399995186,5358,5358,0.00688770213225689,0.00344385106612847
0.14323248564789,0.123107748656254,5359,5359,0.00688770213225689,0.00344385106612843
0.14889265813029,0.127032399995186,5360,5360,0.00688770213225689,0.00344385106612847
0.14323248564789,0.123107748656254,5361,5361,0.00688770213225689,0.00344385106612843
0.14889265813029,0.127032399995186,5362,5362,0.00688770213225689,0.00344385106612847
0.14323248564789,0.123107748656254,5363,5363,0.00688770213225689,0.00344385106612843
0.14889265813029,0.127032399995186,5364,5364,0.00688770213225689,0.00344385106612847
0.14323248564789,0.123107748656254,5365,5365,0.00688770213225689,0.00344385106612843
0.14889265813029,0.127032399995186,5366,5366,0.00688770213225689,0.00344385106612847
0.14323248564789,0.123107748656254,5367,5367,0.00688770213225689,0.00344385106612843
0.14889265813029,0.127032399995186,5368,5368,0.00688770213225689,0.00344385106612847
0.14323248564789,0.123107748656254,5369,5369,0.00688770213225689,0.00344385106612843
0.14889265813029,0.127032399995186,5370,5370,0.00688770213225689,0.00344385106612847
0.14323248564789,0.123107748656254,5371,5371,0.00688770213225689,0.00344385106612843
0.14889265813029,0.127032399995186,5372,5372,0.00688770213225689,0.00344385106612847
0.14323248564789,0.123107748656254,5373,5373,0.00688770213225689,0.00344385106612843
0.14889265813029,0.127032399995186,5374,5374,0.00688770213225689,0.00344385106612847
0.14323248564789,0.123107748656254,5375,5375,0.00688770213225689,0.00344385106612843
0.14889265813029,0.127032399995186,5376,5376,0.00688770213225689,0.00344385106612847
0.14323248564789,0.123107748656254,5377,5377,0.00688770213225689,0.00344385106612843
0.14889265813029,0.127032399995186,5378,5378,0.00688770213225689,0.00344385106612847
0.14323248564789,0.123107748656254,5379,5379,0.00688770213225689,0.00344385106612843
0.14889265813029,0.127032399995186,5380,5380,0.00688770213225689,0.00344385106612847
0.14323248564789,0.123107748656254,5381,5381,0.00688770213225689,0.00344385106612843
0.14889265813029,0.127032399995186,5382,5382,0.00688770213225689,0.00344385106612847
0.14323248564789,0.123107748656254,5383,5383,0.00688770213225689,0.00344385106612843
0.14889265813029,0.127032399995186,5384,5384,0.00688770213225689,0.00344385106612847
0.14323248564789,0.123107748656254,5385,5385,0.00688770213225689,0.00344385106612843
0.14889265813029,0.127032399995186,5386,5386,0.00688770213225689,0.00344385106612847
0.14323248564789,0.123107748656254,5387,5387,0.00688770213225689,0.00344385106612843
0.14889265813029,0.127032399995186,5388,5388,0.00688770213225689,0.00344385106612847
0.14323248564789,0.123107748656254,5389,5389,0.00688770213225689,0.00344385106612843
0.14889265813029,0.127032399995186,5390,5390,0.00688770213225689,0.00344385106612847
0.14323248564789,0.123107748656254,5391,5391,0.00688770213225689,0.00344385106612843
0.14889265813029,0.127032399995186,5392,5392,0.00688770213225689,0.00344385106612847
0.14323248564789,0.123107748656254,5393,5393,0.00688770213225689,0.00344385106612843
0.14889265813029,0.127032399995186,5394,5394,0.00688770213225689,0.00344385106612847
0.14323248564789,0.123107748656254,5395,5395,0.00688770213225689,0.00344385106612843
0.14889265813029,0.127032399995186,5396,5396,0.00688770213225689,0.00344385106612847
0.14323248564789,0.123107748656254,5397,5397,0.00688770213225689,0.00344385106612843
0.14889265813029,0.127032399995186,5398,5398,0.00688770213225689,0.00344385106612847
0.14323248564789,0.123107748656254,5399,5399,0.00688770213225689,0.00344385106612843
0.14889265813029,0.127032399995186,5400,5400,0.00688770213225689,0.00344385106612847
0.14323248564789,0.123107748656254,5401,5401,0.00688770213225689,0.00344385106612843
0.14889265813029,0.127032399995186,5402,5402,0.00688770213225689,0.00344385106612847
0.14323248564789,0.123107748656254,5403,5403,0.00688770213225689,0.00344385106612843
0.14889265813029,0.127032399995186,5404,5404,0.00688770213225689,0.00344385106612847
0.14323248564789,0.123107748656254,5405,5405,0.00688770213225689,0.00344385106612843
0.14889265813029,0.127032399995186,5406,5406,0.00688770213225689,0.00344385106612847
0.14323248564789,0.123107748656254,5407,5407,0.00688770213225689,0.00344385106612843
0.14889265813029,0.127032399995186,5408,5408,0.00688770213225689,0.00344385106612847
0.14323248564789,0.123107748656254,5409,5409,0.00688770213225689,0.00344385106612843
0.14889265813029,0.127032399995186,5410,5410,0.00688770213225689,0.00344385106612847
0.14323248564789,0.123107748656254,5411,5411,0.00688770213225689,0.00344385106612843
0.14889265813029,0.127032399995186,5412,5412,0.00688770213225689,0.00344385106612847
0.14323248564789,0.123107748656254,5413,5413,0.00688770213225689,0.00344385106612843
0.14889265813029,0.127032399995186,5414,5414,0.00688770213225689,0.00344385106612847
0.14323248564789,0.123107748656254,5415,5415,0.00688770213225689,0.00344385106612843
0.14889265813029,0.127032399995186,5416,5416,0.00688770213225689,0.00344385106612847
0.14323248564789,0.123107748656254,5417,5417,0.00688770213225689,0.00344385106612843
0.14889265813029,0.127032399995186,5418,5418,0.00688770213225689,0.00344385106612847
0.14323248564789,0.123107748656254,5419,5419,0.00688770213225689,0.00344385106612843
0.14889265813029,0.127032399995186,5420,5420,0.00688770213225689,0.00344385106612847
0.14323248564789,0.123107748656254,5421,5421,0.00688770213225689,0.00344385106612843
0.14889265813029,0.127032399995186,5422,5422,0.00688770213225689,0.00344385106612847
0.14323248564789,0.123107748656254,5423,5423,0.00688770213225689,0.00344385106612843
0.14889265813029,0.127032399995186,5424,5424,0.00688770213225689,0.00344385106612847
0.14323248564789,0.123107748656254,5425,5425,0.00688770213225689,0.00344385106612843
0.14889265813029,0.127032399995186,5426,5426,0.00688770213225689,0.00344385106612847
0.14323248564789,0.123107748656254,5427,5427,0.00688770213225689,0.00344385106612843
0.14889265813029,0.127032399995186,5428,5428,0.00688770213225689,0.00344385106612847
0.14323248564789,0.123107748656254,5429,5429,0.00688770213225689,0.00344385106612843
0.14889265813029,0.127032399995186,5430,5430,0.00688770213225689,0.00344385106612847
0.14323248564789,0.123107748656254,5431,5431,0.00688770213225689,0.00344385106612843
0.14889265813029,0.127032399995186,5432,5432,0.00688770213225689,0.00344385106612847
0.14323248564789,0.123107748656254,5433,5433,0.00688770213225689,0.00344385106612843
0.14889265813029,0.127032399995186,5434,5434,0.00688770213225689,0.00344385106612847
0.14323248564789,0.123107748656254,5435,5435,0.00688770213225689,0.00344385106612843
0.14889265813029,0.127032399995186,5436,5436,0.00688770213225689,0.00344385106612847
0.14323248564789,0.123107748656254,5437,5437,0.00688770213225689,0.00344385106612843
0.14889265813029,0.127032399995186,5438,5438,0.00688770213225689,0.00344385106612847
0.14323248564789,0.123107748656254,5439,5439,0.00688770213225689,0.00344385106612843
0.14889265813029,0.127032399995186,5440,5440,0.00688770213225689,0.00344385106612847
0.14323248564789,0.123107748656254,5441,5441,0.00688770213225689,0.00344385106612843
0.14889265813029,0.127032399995186,5442,5442,0.00688770213225689,0.00344385106612847
0.14323248564789,0.123107748656254,5443,5443,0.00688770213225689,0.00344385106612843
0.14889265813029,0.127032399995186,5444,5444,0.00688770213225689,0.00344385106612847
0.14323248564789,0.123107748656254,5445,5445,0.00688770213225689,0.00344385106612843
0.14889265813029,0.127032399995186,5446,5446,0.00688770213225689,0.00344385106612847
0.14323248564789,0.123107748656254,5447,5447,0.00688770213225689,0.00344385106612843
0.14889265813029,0.127032399995186,5448,5448,0.00688770213225689,0.00344385106612847
0.14323248564789,0.123107748656254,5449,5449,0.00688770213225689,0.00344385106612843
0.14889265813029,0.127032399995186,5450,5450,0.00688770213225689,0.00344385106612847
0.14323248564789,0.123107748656254,5451,5451,0.00688770213225689,0.00344385106612843
0.14889265813029,0.127032399995186,5452,5452,0.00688770213225689,0.00344385106612847
0.14323248564789,0.123107748656254,5453,5453,0.00688770213225689,0.00344385106612843
0.14889265813029,0.127032399995186,5454,5454,0.00688770213225689,0.00344385106612847
0.14323248564789,0.123107748656254,5455,5455,0.00688770213225689,0.00344385106612843
0.14889265813029,0.127032399995186,5456,5456,0.00688770213225689,0.00344385106612847
0.14323248564789,0.123107748656254,5457,5457,0.00688770213225689,0.00344385106612843
0.14889265813029,0.127032399995186,5458,5458,0.00688770213225689,0.00344385106612847
0.14323248564789,0.123107748656254,5459,5459,0.00688770213225689,0.00344385106612843
0.14889265813029,0.127032399995186,5460,5460,0.00688770213225689,0.00344385106612847
0.14323248564789,0.123107748656254,5461,5461,0.00688770213225689,0.00344385106612843
0.14889265813029,0.127032399995186,5462,5462,0.00688770213225689,0.00344385106612847
0.14323248564789,0.123107748656254,5463,5463,0.00688770213225689,0.00344385106612843
0.14889265813029,0.127032399995186,5464,5464,0.00688770213225689,0.00344385106612847
0.14323248564789,0.123107748656254,5465,5465,0.00688770213225689,0.00344385106612843
0.14889265813029,0.127032399995186,5466,5466,0.00688770213225689,0.00344385106612847
0.14323248564789,0.123107748656254,5467,5467,0.00688770213225689,0.00344385106612843
0.14889265813029,0.127032399995186,5468,5468,0.00688770213225689,0.00344385106612847
0.14323248564789,0.123107748656254,5469,5469,0.00688770213225689,0.00344385106612843
0.14889265813029,0.127032399995186,5470,5470,0.00688770213225689,0.00344385106612847
0.14323248564789,0.123107748656254,5471,5471,0.00688770213225689,0.00344385106612843
0.14889265813029,0.127032399995186,5472,5472,0.00688770213225689,0.00344385106612847
0.14323248564789,0.123107748656254,5473,5473,0.00688770213225689,0.00344385106612843
0.14889265813029,0.127032399995186,5474,5474,0.00688770213225689,0.00344385106612847
0.14323248564789,0.123107748656254,5475,5475,0.00688770213225689,0.00344385106612843
0.14889265813029,0.127032399995186,5476,5476,0.00688770213225689,0.00344385106612847
0.14323248564789,0.123107748656254,5477,5477,0.00688770213225689,0.00344385106612843
0.14889265813029,0.127032399995186,5478,5478,0.00688770213225689,0.00344385106612847
0.14323248564789,0.123107748656254,5479,5479,0.00688770213225689,0.00344385106612843
0.14889265813029,0.127032399995186,5480,5480,0.00688770213225689,0.00344385106612847
0.14323248564789,0.123107748656254,5481,5481,0.00688770213225689,0.00344385106612843
0.14889265813029,0.127032399995186,5482,5482,0.00688770213225689,0.00344385106612847
0.14323248564789,0.123107748656254,5483,5483,0.00688770213225689,0.00344385106612843
0.14889265813029,0.127032399995186,5484,5484,0.00688770213225689,0.00344385106612847
0.14323248564789,0.123107748656254,5485,5485,0.00688770213225689,0.00344385106612843
0.14889265813029,0.127032399995186,5486,5486,0.00688770213225689,0.00344385106612847
0.14323248564789,0.123107748656254,5487,5487,0.00688770213225689,0.00344385106612843
0.14889265813029,0.127032399995186,5488,5488,0.00688770213225689,0.00344385106612847
0.14323248564789,0.123107748656254,5489,5489,0.00688770213225689,0.00344385106612843
0.14889265813029,0.127032399995186,5490,5490,0.00688770213225689,0.00344385106612847
0.14323248564789,0.123107748656254,5491,5491,0.00688770213225689,0.00344385106612843
0.14889265813029,0.127032399995186,5492,5492,0.00688770213225689,0.00344385106612847
0.14323248564789,0.123107748656254,5493,5493,0.00688770213225689,0.00344385106612843
0.14889265813029,0.127032399995186,5494,5494,0.00688770213225689,0.00344385106612847
0.14323248564789,0.123107748656254,5495,5495,0.00688770213225689,0.00344385106612843
0.14889265813029,0.127032399995186,5496,5496,0.00688770213225689,0.00344385106612847
0.14323248564789,0.123107748656254,5497,5497,0.00688770213225689,0.00344385106612843
0.14889265813029,0.127032399995186,5498,5498,0.00688770213225689,0.00344385106612847
0.14323248564789,0.123107748656254,5499,5499,0.00688770213225689,0.00344385106612843
0.14889265813029,0.127032399995186,5500,5500,0.00688770213225689,0.00344385106612847
0.14323248564789,0.123107748656254,5501,5501,0.00688770213225689,0.00344385106612843
0.14889265813029,0.127032399995186,5502,5502,0.00688770213225689,0.00344385106612847
0.14323248564789,0.123107748656254,5503,5503,0.00688770213225689,0.00344385106612843
0.14889265813029,0.127032399995186,5504,5504,0.00688770213225689,0.00344385106612847
0.14323248564789,0.123107748656254,5505,5505,0.00688770213225689,0.00344385106612843
0.14889265813029,0.127032399995186,5506,5506,0.00688770213225689,0.00344385106612847
0.14323248564789,0.123107748656254,5507,5507,0.00688770213225689,0.00344385106612843
0.14889265813029,0.127032399995186,5508,5508,0.00688770213225689,0.00344385106612847
0.14323248564789,0.123107748656254,5509,5509,0.00688770213225689,0.00344385106612843
0.14889265813029,0.127032399995186,5510,5510,0.00688770213225689,0.00344385106612847
0.14323248564789,0.123107748656254,5511,5511,0.00688770213225689,0.00344385106612843
0.14889265813029,0.127032399995186,5512,5512,0.00688770213225689,0.00344385106612847
0.14323248564789,0.123107748656254,5513,5513,0.00688770213225689,0.00344385106612843
0.14889265813029,0.127032399995186,5514,5514,0.00688770213225689,0.00344385106612847
0.14323248564789,0.123107748656254,5515,5515,0.00688770213225689,0.00344385106612843
0.14889265813029,0.127032399995186,5516,5516,0.00688770213225689,0.00344385106612847
0.14323248564789,0.123107748656254,5517,5517,0.00688770213225689,0.00344385106612843
0.14889265813029,0.127032399995186,5518,5518,0.00688770213225689,0.00344385106612847
0.14323248564789,0.123107748656254,5519,5519,0.00688770213225689,0.00344385106612843
0.14889265813029,0.127032399995186,5520,5520,0.00688770213225689,0.00344385106612847
0.14323248564789,0.123107748656254,5521,5521,0.00688770213225689,0.00344385106612843
0.14889265813029,0.127032399995186,5522,5522,0.00688770213225689,0.00344385106612847
0.14323248564789,0.123107748656254,5523,5523,0.00688770213225689,0.00344385106612843
0.14889265813029,0.127032399995186,5524,5524,0.00688770213225689,0.00344385106612847
0.14323248564789,0.123107748656254,5525,5525,0.00688770213225689,0.00344385106612843
0.14889265813029,0.127032399995186,5526,5526,0.00688770213225689,0.00344385106612847
0.14323248564789,0.123107748656254,5527,5527,0.00688770213225689,0.00344385106612843
0.14889265813029,0.127032399995186,5528,5528,0.00688770213225689,0.00344385106612847
0.14323248564789,0.123107748656254,5529,5529,0.00688770213225689,0.00344385106612843
0.14889265813029,0.127032399995186,5530,5530,0.00688770213225689,0.00344385106612847
0.14323248564789,0.123107748656254,5531,5531,0.00688770213225689,0.00344385106612843
0.14889265813029,0.127032399995186,5532,5532,0.00688770213225689,0.00344385106612847
0.14323248564789,0.123107748656254,5533,5533,0.00688770213225689,0.00344385106612843
0.14889265813029,0.127032399995186,5534,5534,0.00688770213225689,0.00344385106612847
0.14323248564789,0.123107748656254,5535,5535,0.00688770213225689,0.00344385106612843
0.14889265813029,0.127032399995186,5536,5536,0.00688770213225689,0.00344385106612847
0.14323248564789,0.123107748656254,5537,5537,0.00688770213225689,0.00344385106612843
0.14889265813029,0.127032399995186,5538,5538,0.00688770213225689,0.00344385106612847
0.14323248564789,0.123107748656254,5539,5539,0.00688770213225689,0.00344385106612843
0.14889265813029,0.127032399995186,5540,5540,0.00688770213225689,0.00344385106612847
0.14323248564789,0.123107748656254,5541,5541,0.00688770213225689,0.00344385106612843
0.14889265813029,0.127032399995186,5542,5542,0.00688770213225689,0.00344385106612847
0.14323248564789,0.123107748656254,5543,5543,0.00688770213225689,0.00344385106612843
0.14889265813029,0.127032399995186,5544,5544,0.00688770213225689,0.00344385106612847
0.14323248564789,0.123107748656254,5545,5545,0.00688770213225689,0.00344385106612843
0.14889265813029,0.127032399995186,5546,5546,0.00688770213225689,0.00344385106612847
0.14323248564789,0.123107748656254,5547,5547,0.00688770213225689,0.00344385106612843
0.14889265813029,0.127032399995186,5548,5548,0.00688770213225689,0.00344385106612847
0.14323248564789,0.123107748656254,5549,5549,0.00688770213225689,0.00344385106612843
0.14889265813029,0.127032399995186,5550,5550,0.00688770213225689,0.00344385106612847
0.14323248564789,0.123107748656254,5551,5551,0.00688770213225689,0.00344385106612843
0.14889265813029,0.127032399995186,5552,5552,0.00688770213225689,0.00344385106612847
0.14323248564789,0.123107748656254,5553,5553,0.00688770213225689,0.00344385106612843
0.14889265813029,0.127032399995186,5554,5554,0.00688770213225689,0.00344385106612847
0.14323248564789,0.123107748656254,5555,5555,0.00688770213225689,0.00344385106612843
0.14889265813029,0.127032399995186,5556,5556,0.00688770213225689,0.00344385106612847
0.14323248564789,0.123107748656254,5557,5557,0.00688770213225689,0.00344385106612843
0.14889265813029,0.127032399995186,5558,5558,0.00688770213225689,0.00344385106612847
0.14323248564789,0.123107748656254,5559,5559,0.00688770213225689,0.00344385106612843
0.14889265813029,0.127032399995186,5560,5560,0.00688770213225689,0.00344385106612847
0.14323248564789,0.123107748656254,5561,5561,0.00688770213225689,0.00344385106612843
0.14889265813029,0.127032399995186,5562,5562,0.00688770213225689,0.00344385106612847
0.14323248564789,0.123107748656254,5563,5563,0.00688770213225689,0.00344385106612843
0.14889265813029,0.127032399995186,5564,5564,0.00688770213225689,0.00344385106612847
0.14323248564789,0.123107748656254,5565,5565,0.00688770213225689,0.00344385106612843
0.14889265813029,0.127032399995186,5566,5566,0.00688770213225689,0.00344385106612847
0.14323248564789,0.123107748656254,5567,5567,0.00688770213225689,0.00344385106612843
0.14889265813029,0.127032399995186,5568,5568,0.00688770213225689,0.00344385106612847
0.14323248564789,0.123107748656254,5569,5569,0.00688770213225689,0.00344385106612843
0.14889265813029,0.127032399995186,5570,5570,0.00688770213225689,0.00344385106612847
0.14323248564789,0.123107748656254,5571,5571,0.00688770213225689,0.00344385106612843
0.14889265813029,0.127032399995186,5572,5572,0.00688770213225689,0.00344385106612847
0.14323248564789,0.123107748656254,5573,5573,0.00688770213225689,0.00344385106612843
0.14889265813029,0.127032399995186,5574,5574,0.00688770213225689,0.00344385106612847
0.14323248564789,0.123107748656254,5575,5575,0.00688770213225689,0.00344385106612843
0.14889265813029,0.127032399995186,5576,5576,0.00688770213225689,0.00344385106612847
0.14323248564789,0.123107748656254,5577,5577,0.00688770213225689,0.00344385106612843
0.14889265813029,0.127032399995186,5578,5578,0.00688770213225689,0.00344385106612847
0.14323248564789,0.123107748656254,5579,5579,0.00688770213225689,0.00344385106612843
0.14889265813029,0.127032399995186,5580,5580,0.00688770213225689,0.00344385106612847
0.14323248564789,0.123107748656254,5581,5581,0.00688770213225689,0.00344385106612843
0.14889265813029,0.127032399995186,5582,5582,0.00688770213225689,0.00344385106612847
0.14323248564789,0.123107748656254,5583,5583,0.00688770213225689,0.00344385106612843
0.14889265813029,0.127032399995186,5584,5584,0.00688770213225689,0.00344385106612847
0.14323248564789,0.123107748656254,5585,5585,0.00688770213225689,0.00344385106612843
0.14889265813029,0.127032399995186,5586,5586,0.00688770213225689,0.00344385106612847
0.14323248564789,0.123107748656254,5587,5587,0.00688770213225689,0.00344385106612843
0.14889265813029,0.127032399995186,5588,5588,0.00688770213225689,0.00344385106612847
0.14323248564789,0.123107748656254,5589,5589,0.00688770213225689,0.00344385106612843
0.14889265813029,0.127032399995186,5590,5590,0.00688770213225689,0.00344385106612847
0.14323248564789,0.123107748656254,5591,5591,0.00688770213225689,0.00344385106612843
0.14889265813029,0.127032399995186,5592,5592,0.00688770213225689,0.00344385106612847
0.14323248564789,0.123107748656254,5593,5593,0.00688770213225689,0.00344385106612843
0.14889265813029,0.127032399995186,5594,5594,0.00688770213225689,0.00344385106612847
0.14323248564789,0.123107748656254,5595,5595,0.00688770213225689,0.00344385106612843
0.14889265813029,0.127032399995186,5596,5596,0.00688770213225689,0.00344385106612847
0.14323248564789,0.123107748656254,5597,5597,0.00688770213225689,0.00344385106612843
0.14889265813029,0.127032399995186,5598,5598,0.00688770213225689,0.00344385106612847
0.14323248564789,0.123107748656254,5599,5599,0.00688770213225689,0.00344385106612843
0.14889265813029,0.127032399995186,5600,5600,0.00688770213225689,0.00344385106612847
0.14323248564789,0.123107748656254,5601,5601,0.00688770213225689,0.00344385106612843
0.14889265813029,0.127032399995186,5602,5602,0.00688770213225689,0.00344385106612847
0.14323248564789,0.123107748656254,5603,5603,0.00688770213225689,0.00344385106612843
0.14889265813029,0.127032399995186,5604,5604,0.00688770213225689,0.00344385106612847
0.14323248564789,0.123107748656254,5605,5605,0.00688770213225689,0.00344385106612843
0.14889265813029,0.127032399995186,5606,5606,0.00688770213225689,0.00344385106612847
0.14323248564789,0.123107748656254,5607,5607,0.00688770213225689,0.00344385106612843
0.14889265813029,0.127032399995186,5608,5608,0.00688770213225689,0.00344385106612847
0.14323248564789,0.123107748656254,5609,5609,0.00688770213225689,0.00344385106612843
0.14889265813029,0.127032399995186,5610,5610,0.00688770213225689,0.00344385106612847
0.14323248564789,0.123107748656254,5611,5611,0.00688770213225689,0.00344385106612843
0.14889265813029,0.127032399995186,5612,5612,0.00688770213225689,0.00344385106612847
0.14323248564789,0.123107748656254,5613,5613,0.00688770213225689,0.00344385106612843
0.14889265813029,0.127032399995186,5614,5614,0.00688770213225689,0.00344385106612847
0.14323248564789,0.123107748656254,5615,5615,0.00688770213225689,0.00344385106612843
0.14889265813029,0.127032399995186,5616,5616,0.00688770213225689,0.00344385106612847
0.14323248564789,0.123107748656254,5617,5617,0.00688770213225689,0.00344385106612843
0.14889265813029,0.127032399995186,5618,5618,0.00688770213225689,0.00344385106612847
0.14323248564789,0.123107748656254,5619,5619,0.00688770213225689,0.00344385106612843
0.14889265813029,0.127032399995186,5620,5620,0.00688770213225689,0.00344385106612847
0.14323248564789,0.123107748656254,5621,5621,0.00688770213225689,0.00344385106612843
0.14889265813029,0.127032399995186,5622,5622,0.00688770213225689,0.00344385106612847
0.14323248564789,0.123107748656254,5623,5623,0.00688770213225689,0.00344385106612843
0.14889265813029,0.127032399995186,5624,5624,0.00688770213225689,0.00344385106612847
0.14323248564789,0.123107748656254,5625,5625,0.00688770213225689,0.00344385106612843
0.14889265813029,0.127032399995186,5626,5626,0.00688770213225689,0.00344385106612847
0.14323248564789,0.123107748656254,5627,5627,0.00688770213225689,0.00344385106612843
0.14889265813029,0.127032399995186,5628,5628,0.00688770213225689,0.00344385106612847
0.14323248564789,0.123107748656254,5629,5629,0.00688770213225689,0.00344385106612843
0.14889265813029,0.127032399995186,5630,5630,0.00688770213225689,0.00344385106612847
0.14323248564789,0.123107748656254,5631,5631,0.00688770213225689,0.00344385106612843
0.14889265813029,0.127032399995186,5632,5632,0.00688770213225689,0.00344385106612847
0.14323248564789,0.123107748656254,5633,5633,0.00688770213225689,0.00344385106612843
0.14889265813029,0.127032399995186,5634,5634,0.00688770213225689,0.00344385106612847
0.14323248564789,0.123107748656254,5635,5635,0.00688770213225689,0.00344385106612843
0.14889265813029,0.127032399995186,5636,5636,0.00688770213225689,0.00344385106612847
0.14323248564789,0.123107748656254,5637,5637,0.00688770213225689,0.00344385106612843
0.14889265813029,0.127032399995186,5638,5638,0.00688770213225689,0.00344385106612847
0.14323248564789,0.123107748656254,5639,5639,0.00688770213225689,0.00344385106612843
0.14889265813029,0.127032399995186,5640,5640,0.00688770213225689,0.00344385106612847
0.14323248564789,0.123107748656254,5641,5641,0.00688770213225689,0.00344385106612843
0.14889265813029,0.127032399995186,5642,5642,0.00688770213225689,0.00344385106612847
0.14323248564789,0.123107748656254,5643,5643,0.00688770213225689,0.00344385106612843
0.14889265813029,0.127032399995186,5644,5644,0.00688770213225689,0.00344385106612847
0.14323248564789,0.123107748656254,5645,5645,0.00688770213225689,0.00344385106612843
0.14889265813029,0.127032399995186,5646,5646,0.00688770213225689,0.00344385106612847
0.14323248564789,0.123107748656254,5647,5647,0.00688770213225689,0.00344385106612843
0.14889265813029,0.127032399995186,5648,5648,0.00688770213225689,0.00344385106612847
0.14323248564789,0.123107748656254,5649,5649,0.00688770213225689,0.00344385106612843
0.14889265813029,0.127032399995186,5650,5650,0.00688770213225689,0.00344385106612847
0.14323248564789,0.123107748656254,5651,5651,0.00688770213225689,0.00344385106612843
0.14889265813029,0.127032399995186,5652,5652,0.00688770213225689,0.00344385106612847
0.14323248564789,0.123107748656254,5653,5653,0.00688770213225689,0.00344385106612843
0.14889265813029,0.127032399995186,5654,5654,0.00688770213225689,0.00344385106612847
0.14323248564789,0.123107748656254,5655,5655,0.00688770213225689,0.00344385106612843
0.14889265813029,0.127032399995186,5656,5656,0.00688770213225689,0.00344385106612847
0.14323248564789,0.123107748656254,5657,5657,0.00688770213225689,0.00344385106612843
0.14889265813029,0.127032399995186,5658,5658,0.00688770213225689,0.00344385106612847
0.14323248564789,0.123107748656254,5659,5659,0.00688770213225689,0.00344385106612843
0.14889265813029,0.127032399995186,5660,5660,0.00688770213225689,0.00344385106612847
0.14323248564789,0.123107748656254,5661,5661,0.00688770213225689,0.00344385106612843
0.14889265813029,0.127032399995186,5662,5662,0.00688770213225689,0.00344385106612847
0.14323248564789,0.123107748656254,5663,5663,0.00688770213225689,0.00344385106612843
0.14889265813029,0.127032399995186,5664,5664,0.00688770213225689,0.00344385106612847
0.14323248564789,0.123107748656254,5665,5665,0.00688770213225689,0.00344385106612843
0.14889265813029,0.127032399995186,5666,5666,0.00688770213225689,0.00344385106612847
0.14323248564789,0.123107748656254,5667,5667,0.00688770213225689,0.00344385106612843
0.14889265813029,0.127032399995186,5668,5668,0.00688770213225689,0.00344385106612847
0.14323248564789,0.123107748656254,5669,5669,0.00688770213225689,0.00344385106612843
0.14889265813029,0.127032399995186,5670,5670,0.00688770213225689,0.00344385106612847
0.14323248564789,0.123107748656254,5671,5671,0.00688770213225689,0.00344385106612843
0.14889265813029,0.127032399995186,5672,5672,0.00688770213225689,0.00344385106612847
0.14323248564789,0.123107748656254,5673,5673,0.00688770213225689,0.00344385106612843
0.14889265813029,0.127032399995186,5674,5674,0.00688770213225689,0.00344385106612847
0.14323248564789,0.123107748656254,5675,5675,0.00688770213225689,0.00344385106612843
0.14889265813029,0.127032399995186,5676,5676,0.00688770213225689,0.00344385106612847
0.14323248564789,0.123107748656254,5677,5677,0.00688770213225689,0.00344385106612843
0.14889265813029,0.127032399995186,5678,5678,0.00688770213225689,0.00344385106612847
0.14323248564789,0.123107748656254,5679,5679,0.00688770213225689,0.00344385106612843
0.14889265813029,0.127032399995186,5680,5680,0.00688770213225689,0.00344385106612847
0.14323248564789,0.123107748656254,5681,5681,0.00688770213225689,0.00344385106612843
0.14889265813029,0.127032399995186,5682,5682,0.00688770213225689,0.00344385106612847
0.14323248564789,0.123107748656254,5683,5683,0.00688770213225689,0.00344385106612843
0.14889265813029,0.127032399995186,5684,5684,0.00688770213225689,0.00344385106612847
0.14323248564789,0.123107748656254,5685,5685,0.00688770213225689,0.00344385106612843
0.14889265813029,0.127032399995186,5686,5686,0.00688770213225689,0.00344385106612847
0.14323248564789,0.123107748656254,5687,5687,0.00688770213225689,0.00344385106612843
0.14889265813029,0.127032399995186,5688,5688,0.00688770213225689,0.00344385106612847
0.14323248564789,0.123107748656254,5689,5689,0.00688770213225689,0.00344385106612843
0.14889265813029,0.127032399995186,5690,5690,0.00688770213225689,0.00344385106612847
0.14323248564789,0.123107748656254,5691,5691,0.00688770213225689,0.00344385106612843
0.14889265813029,0.127032399995186,5692,5692,0.00688770213225689,0.00344385106612847
0.14323248564789,0.123107748656254,5693,5693,0.00688770213225689,0.00344385106612843
0.14889265813029,0.127032399995186,5694,5694,0.00688770213225689,0.00344385106612847
0.14323248564789,0.123107748656254,5695,5695,0.00688770213225689,0.00344385106612843
0.14889265813029,0.127032399995186,5696,5696,0.00688770213225689,0.00344385106612847
0.14323248564789,0.123107748656254,5697,5697,0.00688770213225689,0.00344385106612843
0.14889265813029,0.127032399995186,5698,5698,0.00688770213225689,0.00344385106612847
0.14323248564789,0.123107748656254,5699,5699,0.00688770213225689,0.00344385106612843
0.14889265813029,0.127032399995186,5700,5700,0.00688770213225689,0.00344385106612847
0.14323248564789,0.123107748656254,5701,5701,0.00688770213225689,0.00344385106612843
0.14889265813029,0.127032399995186,5702,5702,0.00688770213225689,0.00344385106612847
0.14323248564789,0.123107748656254,5703,5703,0.00688770213225689,0.00344385106612843
0.14889265813029,0.127032399995186,5704,5704,0.00688770213225689,0.00344385106612847
0.14323248564789,0.123107748656254,5705,5705,0.00688770213225689,0.00344385106612843
0.14889265813029,0.127032399995186,5706,5706,0.00688770213225689,0.00344385106612847
0.14323248564789,0.123107748656254,5707,5707,0.00688770213225689,0.00344385106612843
0.14889265813029,0.127032399995186,5708,5708,0.00688770213225689,0.00344385106612847
0.14323248564789,0.123107748656254,5709,5709,0.00688770213225689,0.00344385106612843
0.14889265813029,0.127032399995186,5710,5710,0.00688770213225689,0.00344385106612847
0.14323248564789,0.123107748656254,5711,5711,0.00688770213225689,0.00344385106612843
0.14889265813029,0.127032399995186,5712,5712,0.00688770213225689,0.00344385106612847
0.14323248564789,0.123107748656254,5713,5713,0.00688770213225689,0.00344385106612843
0.14889265813029,0.127032399995186,5714,5714,0.00688770213225689,0.00344385106612847
0.14323248564789,0.123107748656254,5715,5715,0.00688770213225689,0.00344385106612843
0.14889265813029,0.127032399995186,5716,5716,0.00688770213225689,0.00344385106612847
0.14323248564789,0.123107748656254,5717,5717,0.00688770213225689,0.00344385106612843
0.14889265813029,0.127032399995186,5718,5718,0.00688770213225689,0.00344385106612847
0.14323248564789,0.123107748656254,5719,5719,0.00688770213225689,0.00344385106612843
0.14889265813029,0.127032399995186,5720,5720,0.00688770213225689,0.00344385106612847
0.14323248564789,0.123107748656254,5721,5721,0.00688770213225689,0.00344385106612843
0.14889265813029,0.127032399995186,5722,5722,0.00688770213225689,0.00344385106612847
0.14323248564789,0.123107748656254,5723,5723,0.00688770213225689,0.00344385106612843
0.14889265813029,0.127032399995186,5724,5724,0.00688770213225689,0.00344385106612847
0.14323248564789,0.123107748656254,5725,5725,0.00688770213225689,0.00344385106612843
0.14889265813029,0.127032399995186,5726,5726,0.00688770213225689,0.00344385106612847
0.14323248564789,0.123107748656254,5727,5727,0.00688770213225689,0.00344385106612843
0.14889265813029,0.127032399995186,5728,5728,0.00688770213225689,0.00344385106612847
0.14323248564789,0.123107748656254,5729,5729,0.00688770213225689,0.00344385106612843
0.14889265813029,0.127032399995186,5730,5730,0.00688770213225689,0.00344385106612847
0.14323248564789,0.123107748656254,5731,5731,0.00688770213225689,0.00344385106612843
0.14889265813029,0.127032399995186,5732,5732,0.00688770213225689,0.00344385106612847
0.14323248564789,0.123107748656254,5733,5733,0.00688770213225689,0.00344385106612843
0.14889265813029,0.127032399995186,5734,5734,0.00688770213225689,0.00344385106612847
0.14323248564789,0.123107748656254,5735,5735,0.00688770213225689,0.00344385106612843
0.14889265813029,0.127032399995186,5736,5736,0.00688770213225689,0.00344385106612847
0.14323248564789,0.123107748656254,5737,5737,0.00688770213225689,0.00344385106612843
0.14889265813029,0.127032399995186,5738,5738,0.00688770213225689,0.00344385106612847
0.14323248564789,0.123107748656254,5739,5739,0.00688770213225689,0.00344385106612843
0.14889265813029,0.127032399995186,5740,5740,0.00688770213225689,0.00344385106612847
0.14323248564789,0.123107748656254,5741,5741,0.00688770213225689,0.00344385106612843
0.14889265813029,0.127032399995186,5742,5742,0.00688770213225689,0.00344385106612847
0.14323248564789,0.123107748656254,5743,5743,0.00688770213225689,0.00344385106612843
0.14889265813029,0.127032399995186,5744,5744,0.00688770213225689,0.00344385106612847
0.14323248564789,0.123107748656254,5745,5745,0.00688770213225689,0.00344385106612843
0.14889265813029,0.127032399995186,5746,5746,0.00688770213225689,0.00344385106612847
0.14323248564789,0.123107748656254,5747,5747,0.00688770213225689,0.00344385106612843
0.14889265813029,0.127032399995186,5748,5748,0.00688770213225689,0.00344385106612847
0.14323248564789,0.123107748656254,5749,5749,0.00688770213225689,0.00344385106612843
0.14889265813029,0.127032399995186,5750,5750,0.00688770213225689,0.00344385106612847
0.14323248564789,0.123107748656254,5751,5751,0.00688770213225689,0.00344385106612843
0.14889265813029,0.127032399995186,5752,5752,0.00688770213225689,0.00344385106612847
0.14323248564789,0.123107748656254,5753,5753,0.00688770213225689,0.00344385106612843
0.14889265813029,0.127032399995186,5754,5754,0.00688770213225689,0.00344385106612847
0.14323248564789,0.123107748656254,5755,5755,0.00688770213225689,0.00344385106612843
0.14889265813029,0.127032399995186,5756,5756,0.00688770213225689,0.00344385106612847
0.14323248564789,0.123107748656254,5757,5757,0.00688770213225689,0.00344385106612843
0.14889265813029,0.127032399995186,5758,5758,0.00688770213225689,0.00344385106612847
0.14323248564789,0.123107748656254,5759,5759,0.00688770213225689,0.00344385106612843
0.14889265813029,0.127032399995186,5760,5760,0.00688770213225689,0.00344385106612847
0.14323248564789,0.123107748656254,5761,5761,0.00688770213225689,0.00344385106612843
0.14889265813029,0.127032399995186,5762,5762,0.00688770213225689,0.00344385106612847
0.14323248564789,0.123107748656254,5763,5763,0.00688770213225689,0.00344385106612843
0.14889265813029,0.127032399995186,5764,5764,0.00688770213225689,0.00344385106612847
0.14323248564789,0.123107748656254,5765,5765,0.00688770213225689,0.00344385106612843
0.14889265813029,0.127032399995186,5766,5766,0.00688770213225689,0.00344385106612847
0.14323248564789,0.123107748656254,5767,5767,0.00688770213225689,0.00344385106612843
0.14889265813029,0.127032399995186,5768,5768,0.00688770213225689,0.00344385106612847
0.14323248564789,0.123107748656254,5769,5769,0.00688770213225689,0.00344385106612843
0.14889265813029,0.127032399995186,5770,5770,0.00688770213225689,0.00344385106612847
0.14323248564789,0.123107748656254,5771,5771,0.00688770213225689,0.00344385106612843
0.14889265813029,0.127032399995186,5772,5772,0.00688770213225689,0.00344385106612847
0.14323248564789,0.123107748656254,5773,5773,0.00688770213225689,0.00344385106612843
0.14889265813029,0.127032399995186,5774,5774,0.00688770213225689,0.00344385106612847
0.14323248564789,0.123107748656254,5775,5775,0.00688770213225689,0.00344385106612843
0.14889265813029,0.127032399995186,5776,5776,0.00688770213225689,0.00344385106612847
0.14323248564789,0.123107748656254,5777,5777,0.00688770213225689,0.00344385106612843
0.14889265813029,0.127032399995186,5778,5778,0.00688770213225689,0.00344385106612847
0.14323248564789,0.123107748656254,5779,5779,0.00688770213225689,0.00344385106612843
0.14889265813029,0.127032399995186,5780,5780,0.00688770213225689,0.00344385106612847
0.14323248564789,0.123107748656254,5781,5781,0.00688770213225689,0.00344385106612843
0.14889265813029,0.127032399995186,5782,5782,0.00688770213225689,0.00344385106612847
0.14323248564789,0.123107748656254,5783,5783,0.00688770213225689,0.00344385106612843
0.14889265813029,0.127032399995186,5784,5784,0.00688770213225689,0.00344385106612847
0.14323248564789,0.123107748656254,5785,5785,0.00688770213225689,0.00344385106612843
0.14889265813029,0.127032399995186,5786,5786,0.00688770213225689,0.00344385106612847
0.14323248564789,0.123107748656254,5787,5787,0.00688770213225689,0.00344385106612843
0.14889265813029,0.127032399995186,5788,5788,0.00688770213225689,0.00344385106612847
0.14323248564789,0.123107748656254,5789,5789,0.00688770213225689,0.00344385106612843
0.14889265813029,0.127032399995186,5790,5790,0.00688770213225689,0.00344385106612847
0.14323248564789,0.123107748656254,5791,5791,0.00688770213225689,0.00344385106612843
0.14889265813029,0.127032399995186,5792,5792,0.00688770213225689,0.00344385106612847
0.14323248564789,0.123107748656254,5793,5793,0.00688770213225689,0.00344385106612843
0.14889265813029,0.127032399995186,5794,5794,0.00688770213225689,0.00344385106612847
0.14323248564789,0.123107748656254,5795,5795,0.00688770213225689,0.00344385106612843
0.14889265813029,0.127032399995186,5796,5796,0.00688770213225689,0.00344385106612847
0.14323248564789,0.123107748656254,5797,5797,0.00688770213225689,0.00344385106612843
0.14889265813029,0.127032399995186,5798,5798,0.00688770213225689,0.00344385106612847
0.14323248564789,0.123107748656254,5799,5799,0.00688770213225689,0.00344385106612843
0.14889265813029,0.127032399995186,5800,5800,0.00688770213225689,0.00344385106612847
0.14323248564789,0.123107748656254,5801,5801,0.00688770213225689,0.00344385106612843
0.14889265813029,0.127032399995186,5802,5802,0.00688770213225689,0.00344385106612847
0.14323248564789,0.123107748656254,5803,5803,0.00688770213225689,0.00344385106612843
0.14889265813029,0.127032399995186,5804,5804,0.00688770213225689,0.00344385106612847
0.14323248564789,0.123107748656254,5805,5805,0.00688770213225689,0.00344385106612843
0.14889265813029,0.127032399995186,5806,5806,0.00688770213225689,0.00344385106612847
0.14323248564789,0.123107748656254,5807,5807,0.00688770213225689,0.00344385106612843
0.14889265813029,0.127032399995186,5808,5808,0.00688770213225689,0.00344385106612847
0.14323248564789,0.123107748656254,5809,5809,0.00688770213225689,0.00344385106612843
0.14889265813029,0.127032399995186,5810,5810,0.00688770213225689,0.00344385106612847
0.14323248564789,0.123107748656254,5811,5811,0.00688770213225689,0.00344385106612843
0.14889265813029,0.127032399995186,5812,5812,0.00688770213225689,0.00344385106612847
0.14323248564789,0.123107748656254,5813,5813,0.00688770213225689,0.00344385106612843
0.14889265813029,0.127032399995186,5814,5814,0.00688770213225689,0.00344385106612847
0.14323248564789,0.123107748656254,5815,5815,0.00688770213225689,0.00344385106612843
0.14889265813029,0.127032399995186,5816,5816,0.00688770213225689,0.00344385106612847
0.14323248564789,0.123107748656254,5817,5817,0.00688770213225689,0.00344385106612843
0.14889265813029,0.127032399995186,5818,5818,0.00688770213225689,0.00344385106612847
0.14323248564789,0.123107748656254,5819,5819,0.00688770213225689,0.00344385106612843
0.14889265813029,0.127032399995186,5820,5820,0.00688770213225689,0.00344385106612847
0.14323248564789,0.123107748656254,5821,5821,0.00688770213225689,0.00344385106612843
0.14889265813029,0.127032399995186,5822,5822,0.00688770213225689,0.00344385106612847
0.14323248564789,0.123107748656254,5823,5823,0.00688770213225689,0.00344385106612843
0.14889265813029,0.127032399995186,5824,5824,0.00688770213225689,0.00344385106612847
0.14323248564789,0.123107748656254,5825,5825,0.00688770213225689,0.00344385106612843
0.14889265813029,0.127032399995186,5826,5826,0.00688770213225689,0.00344385106612847
0.14323248564789,0.123107748656254,5827,5827,0.00688770213225689,0.00344385106612843
0.14889265813029,0.127032399995186,5828,5828,0.00688770213225689,0.00344385106612847
0.14323248564789,0.123107748656254,5829,5829,0.00688770213225689,0.00344385106612843
0.14889265813029,0.127032399995186,5830,5830,0.00688770213225689,0.00344385106612847
0.14323248564789,0.123107748656254,5831,5831,0.00688770213225689,0.00344385106612843
0.14889265813029,0.127032399995186,5832,5832,0.00688770213225689,0.00344385106612847
0.14323248564789,0.123107748656254,5833,5833,0.00688770213225689,0.00344385106612843
0.14889265813029,0.127032399995186,5834,5834,0.00688770213225689,0.00344385106612847
0.14323248564789,0.123107748656254,5835,5835,0.00688770213225689,0.00344385106612843
0.14889265813029,0.127032399995186,5836,5836,0.00688770213225689,0.00344385106612847
0.14323248564789,0.123107748656254,5837,5837,0.00688770213225689,0.00344385106612843
0.14889265813029,0.127032399995186,5838,5838,0.00688770213225689,0.00344385106612847
0.14323248564789,0.123107748656254,5839,5839,0.00688770213225689,0.00344385106612843
0.14889265813029,0.127032399995186,5840,5840,0.00688770213225689,0.00344385106612847
0.14323248564789,0.123107748656254,5841,5841,0.00688770213225689,0.00344385106612843
0.14889265813029,0.127032399995186,5842,5842,0.00688770213225689,0.00344385106612847
0.14323248564789,0.123107748656254,5843,5843,0.00688770213225689,0.00344385106612843
0.14889265813029,0.127032399995186,5844,5844,0.00688770213225689,0.00344385106612847
0.14323248564789,0.123107748656254,5845,5845,0.00688770213225689,0.00344385106612843
0.14889265813029,0.127032399995186,5846,5846,0.00688770213225689,0.00344385106612847
0.14323248564789,0.123107748656254,5847,5847,0.00688770213225689,0.00344385106612843
0.14889265813029,0.127032399995186,5848,5848,0.00688770213225689,0.00344385106612847
0.14323248564789,0.123107748656254,5849,5849,0.00688770213225689,0.00344385106612843
0.14889265813029,0.127032399995186,5850,5850,0.00688770213225689,0.00344385106612847
0.14323248564789,0.123107748656254,5851,5851,0.00688770213225689,0.00344385106612843
0.14889265813029,0.127032399995186,5852,5852,0.00688770213225689,0.00344385106612847
0.14323248564789,0.123107748656254,5853,5853,0.00688770213225689,0.00344385106612843
0.14889265813029,0.127032399995186,5854,5854,0.00688770213225689,0.00344385106612847
0.14323248564789,0.123107748656254,5855,5855,0.00688770213225689,0.00344385106612843
0.14889265813029,0.127032399995186,5856,5856,0.00688770213225689,0.00344385106612847
0.14323248564789,0.123107748656254,5857,5857,0.00688770213225689,0.00344385106612843
0.14889265813029,0.127032399995186,5858,5858,0.00688770213225689,0.00344385106612847
0.14323248564789,0.123107748656254,5859,5859,0.00688770213225689,0.00344385106612843
0.14889265813029,0.127032399995186,5860,5860,0.00688770213225689,0.00344385106612847
0.14323248564789,0.123107748656254,5861,5861,0.00688770213225689,0.00344385106612843
0.14889265813029,0.127032399995186,5862,5862,0.00688770213225689,0.00344385106612847
0.14323248564789,0.123107748656254,5863,5863,0.00688770213225689,0.00344385106612843
0.14889265813029,0.127032399995186,5864,5864,0.00688770213225689,0.00344385106612847
0.14323248564789,0.123107748656254,5865,5865,0.00688770213225689,0.00344385106612843
0.14889265813029,0.127032399995186,5866,5866,0.00688770213225689,0.00344385106612847
0.14323248564789,0.123107748656254,5867,5867,0.00688770213225689,0.00344385106612843
0.14889265813029,0.127032399995186,5868,5868,0.00688770213225689,0.00344385106612847
0.14323248564789,0.123107748656254,5869,5869,0.00688770213225689,0.00344385106612843
0.14889265813029,0.127032399995186,5870,5870,0.00688770213225689,0.00344385106612847
0.14323248564789,0.123107748656254,5871,5871,0.00688770213225689,0.00344385106612843
0.14889265813029,0.127032399995186,5872,5872,0.00688770213225689,0.00344385106612847
0.14323248564789,0.123107748656254,5873,5873,0.00688770213225689,0.00344385106612843
0.14889265813029,0.127032399995186,5874,5874,0.00688770213225689,0.00344385106612847
0.14323248564789,0.123107748656254,5875,5875,0.00688770213225689,0.00344385106612843
0.14889265813029,0.127032399995186,5876,5876,0.00688770213225689,0.00344385106612847
0.14323248564789,0.123107748656254,5877,5877,0.00688770213225689,0.00344385106612843
0.14889265813029,0.127032399995186,5878,5878,0.00688770213225689,0.00344385106612847
0.14323248564789,0.123107748656254,5879,5879,0.00688770213225689,0.00344385106612843
0.14889265813029,0.127032399995186,5880,5880,0.00688770213225689,0.00344385106612847
0.14323248564789,0.123107748656254,5881,5881,0.00688770213225689,0.00344385106612843
0.14889265813029,0.127032399995186,5882,5882,0.00688770213225689,0.00344385106612847
0.14323248564789,0.123107748656254,5883,5883,0.00688770213225689,0.00344385106612843
0.14889265813029,0.127032399995186,5884,5884,0.00688770213225689,0.00344385106612847
0.14323248564789,0.123107748656254,5885,5885,0.00688770213225689,0.00344385106612843
0.14889265813029,0.127032399995186,5886,5886,0.00688770213225689,0.00344385106612847
0.14323248564789,0.123107748656254,5887,5887,0.00688770213225689,0.00344385106612843
0.14889265813029,0.127032399995186,5888,5888,0.00688770213225689,0.00344385106612847
0.14323248564789,0.123107748656254,5889,5889,0.00688770213225689,0.00344385106612843
0.14889265813029,0.127032399995186,5890,5890,0.00688770213225689,0.00344385106612847
0.14323248564789,0.123107748656254,5891,5891,0.00688770213225689,0.00344385106612843
0.14889265813029,0.127032399995186,5892,5892,0.00688770213225689,0.00344385106612847
0.14323248564789,0.123107748656254,5893,5893,0.00688770213225689,0.00344385106612843
0.14889265813029,0.127032399995186,5894,5894,0.00688770213225689,0.00344385106612847
0.14323248564789,0.123107748656254,5895,5895,0.00688770213225689,0.00344385106612843
0.14889265813029,0.127032399995186,5896,5896,0.00688770213225689,0.00344385106612847
0.14323248564789,0.123107748656254,5897,5897,0.00688770213225689,0.00344385106612843
0.14889265813029,0.127032399995186,5898,5898,0.00688770213225689,0.00344385106612847
0.14323248564789,0.123107748656254,5899,5899,0.00688770213225689,0.00344385106612843
0.14889265813029,0.127032399995186,5900,5900,0.00688770213225689,0.00344385106612847
0.14323248564789,0.123107748656254,5901,5901,0.00688770213225689,0.00344385106612843
0.14889265813029,0.127032399995186,5902,5902,0.00688770213225689,0.00344385106612847
0.14323248564789,0.123107748656254,5903,5903,0.00688770213225689,0.00344385106612843
0.14889265813029,0.127032399995186,5904,5904,0.00688770213225689,0.00344385106612847
0.14323248564789,0.123107748656254,5905,5905,0.00688770213225689,0.00344385106612843
0.14889265813029,0.127032399995186,5906,5906,0.00688770213225689,0.00344385106612847
0.14323248564789,0.123107748656254,5907,5907,0.00688770213225689,0.00344385106612843
0.14889265813029,0.127032399995186,5908,5908,0.00688770213225689,0.00344385106612847
0.14323248564789,0.123107748656254,5909,5909,0.00688770213225689,0.00344385106612843
0.14889265813029,0.127032399995186,5910,5910,0.00688770213225689,0.00344385106612847
0.14323248564789,0.123107748656254,5911,5911,0.00688770213225689,0.00344385106612843
0.14889265813029,0.127032399995186,5912,5912,0.00688770213225689,0.00344385106612847
0.14323248564789,0.123107748656254,5913,5913,0.00688770213225689,0.00344385106612843
0.14889265813029,0.127032399995186,5914,5914,0.00688770213225689,0.00344385106612847
0.14323248564789,0.123107748656254,5915,5915,0.00688770213225689,0.00344385106612843
0.14889265813029,0.127032399995186,5916,5916,0.00688770213225689,0.00344385106612847
0.14323248564789,0.123107748656254,5917,5917,0.00688770213225689,0.00344385106612843
0.14889265813029,0.127032399995186,5918,5918,0.00688770213225689,0.00344385106612847
0.14323248564789,0.123107748656254,5919,5919,0.00688770213225689,0.00344385106612843
0.14889265813029,0.127032399995186,5920,5920,0.00688770213225689,0.00344385106612847
0.14323248564789,0.123107748656254,5921,5921,0.00688770213225689,0.00344385106612843
0.14889265813029,0.127032399995186,5922,5922,0.00688770213225689,0.00344385106612847
0.14323248564789,0.123107748656254,5923,5923,0.00688770213225689,0.00344385106612843
0.14889265813029,0.127032399995186,5924,5924,0.00688770213225689,0.00344385106612847
0.14323248564789,0.123107748656254,5925,5925,0.00688770213225689,0.00344385106612843
0.14889265813029,0.127032399995186,5926,5926,0.00688770213225689,0.00344385106612847
0.14323248564789,0.123107748656254,5927,5927,0.00688770213225689,0.00344385106612843
0.14889265813029,0.127032399995186,5928,5928,0.00688770213225689,0.00344385106612847
0.14323248564789,0.123107748656254,5929,5929,0.00688770213225689,0.00344385106612843
0.14889265813029,0.127032399995186,5930,5930,0.00688770213225689,0.00344385106612847
0.14323248564789,0.123107748656254,5931,5931,0.00688770213225689,0.00344385106612843
0.14889265813029,0.127032399995186,5932,5932,0.00688770213225689,0.00344385106612847
0.14323248564789,0.123107748656254,5933,5933,0.00688770213225689,0.00344385106612843
0.14889265813029,0.127032399995186,5934,5934,0.00688770213225689,0.00344385106612847
0.14323248564789,0.123107748656254,5935,5935,0.00688770213225689,0.00344385106612843
0.14889265813029,0.127032399995186,5936,5936,0.00688770213225689,0.00344385106612847
0.14323248564789,0.123107748656254,5937,5937,0.00688770213225689,0.00344385106612843
0.14889265813029,0.127032399995186,5938,5938,0.00688770213225689,0.00344385106612847
0.14323248564789,0.123107748656254,5939,5939,0.00688770213225689,0.00344385106612843
0.14889265813029,0.127032399995186,5940,5940,0.00688770213225689,0.00344385106612847
0.14323248564789,0.123107748656254,5941,5941,0.00688770213225689,0.00344385106612843
0.14889265813029,0.127032399995186,5942,5942,0.00688770213225689,0.00344385106612847
0.14323248564789,0.123107748656254,5943,5943,0.00688770213225689,0.00344385106612843
0.14889265813029,0.127032399995186,5944,5944,0.00688770213225689,0.00344385106612847
0.14323248564789,0.123107748656254,5945,5945,0.00688770213225689,0.00344385106612843
0.14889265813029,0.127032399995186,5946,5946,0.00688770213225689,0.00344385106612847
0.14323248564789,0.123107748656254,5947,5947,0.00688770213225689,0.00344385106612843
0.14889265813029,0.127032399995186,5948,5948,0.00688770213225689,0.00344385106612847
0.14323248564789,0.123107748656254,5949,5949,0.00688770213225689,0.00344385106612843
0.14889265813029,0.127032399995186,5950,5950,0.00688770213225689,0.00344385106612847
0.14323248564789,0.123107748656254,5951,5951,0.00688770213225689,0.00344385106612843
0.14889265813029,0.127032399995186,5952,5952,0.00688770213225689,0.00344385106612847
0.14323248564789,0.123107748656254,5953,5953,0.00688770213225689,0.00344385106612843
0.14889265813029,0.127032399995186,5954,5954,0.00688770213225689,0.00344385106612847
0.14323248564789,0.123107748656254,5955,5955,0.00688770213225689,0.00344385106612843
0.14889265813029,0.127032399995186,5956,5956,0.00688770213225689,0.00344385106612847
0.14323248564789,0.123107748656254,5957,5957,0.00688770213225689,0.00344385106612843
0.14889265813029,0.127032399995186,5958,5958,0.00688770213225689,0.00344385106612847
0.14323248564789,0.123107748656254,5959,5959,0.00688770213225689,0.00344385106612843
0.14889265813029,0.127032399995186,5960,5960,0.00688770213225689,0.00344385106612847
0.14323248564789,0.123107748656254,5961,5961,0.00688770213225689,0.00344385106612843
0.14889265813029,0.127032399995186,5962,5962,0.00688770213225689,0.00344385106612847
0.14323248564789,0.123107748656254,5963,5963,0.00688770213225689,0.00344385106612843
0.14889265813029,0.127032399995186,5964,5964,0.00688770213225689,0.00344385106612847
0.14323248564789,0.123107748656254,5965,5965,0.00688770213225689,0.00344385106612843
0.14889265813029,0.127032399995186,5966,5966,0.00688770213225689,0.00344385106612847
0.14323248564789,0.123107748656254,5967,5967,0.00688770213225689,0.00344385106612843
0.14889265813029,0.127032399995186,5968,5968,0.00688770213225689,0.00344385106612847
0.14323248564789,0.123107748656254,5969,5969,0.00688770213225689,0.00344385106612843
0.14889265813029,0.127032399995186,5970,5970,0.00688770213225689,0.00344385106612847
0.14323248564789,0.123107748656254,5971,5971,0.00688770213225689,0.00344385106612843
0.14889265813029,0.127032399995186,5972,5972,0.00688770213225689,0.00344385106612847
0.14323248564789,0.123107748656254,5973,5973,0.00688770213225689,0.00344385106612843
0.14889265813029,0.127032399995186,5974,5974,0.00688770213225689,0.00344385106612847
0.14323248564789,0.123107748656254,5975,5975,0.00688770213225689,0.00344385106612843
0.14889265813029,0.127032399995186,5976,5976,0.00688770213225689,0.00344385106612847
0.14323248564789,0.123107748656254,5977,5977,0.00688770213225689,0.00344385106612843
0.14889265813029,0.127032399995186,5978,5978,0.00688770213225689,0.00344385106612847
0.14323248564789,0.123107748656254,5979,5979,0.00688770213225689,0.00344385106612843
0.14889265813029,0.127032399995186,5980,5980,0.00688770213225689,0.00344385106612847
0.14323248564789,0.123107748656254,5981,5981,0.00688770213225689,0.00344385106612843
0.14889265813029,0.127032399995186,5982,5982,0.00688770213225689,0.00344385106612847
0.14323248564789,0.123107748656254,5983,5983,0.00688770213225689,0.00344385106612843
0.14889265813029,0.127032399995186,5984,5984,0.00688770213225689,0.00344385106612847
0.14323248564789,0.123107748656254,5985,5985,0.00688770213225689,0.00344385106612843
0.14889265813029,0.127032399995186,5986,5986,0.00688770213225689,0.00344385106612847
0.14323248564789,0.123107748656254,5987,5987,0.00688770213225689,0.00344385106612843
0.14889265813029,0.127032399995186,5988,5988,0.00688770213225689,0.00344385106612847
0.14323248564789,0.123107748656254,5989,5989,0.00688770213225689,0.00344385106612843
0.14889265813029,0.127032399995186,5990,5990,0.00688770213225689,0.00344385106612847
0.14323248564789,0.123107748656254,5991,5991,0.00688770213225689,0.00344385106612843
0.14889265813029,0.127032399995186,5992,5992,0.00688770213225689,0.00344385106612847
0.14323248564789,0.123107748656254,5993,5993,0.00688770213225689,0.00344385106612843
0.14889265813029,0.127032399995186,5994,5994,0.00688770213225689,0.00344385106612847
0.14323248564789,0.123107748656254,5995,5995,0.00688770213225689,0.00344385106612843
0.14889265813029,0.127032399995186,5996,5996,0.00688770213225689,0.00344385106612847
0.14323248564789,0.123107748656254,5997,5997,0.00688770213225689,0.00344385106612843
0.14889265813029,0.127032399995186,5998,5998,0.00688770213225689,0.00344385106612847
0.14323248564789,0.123107748656254,5999,5999,0.00688770213225689,0.00344385106612843
0.14889265813029,0.127032399995186,6000,6000,0.00688770213225689,0.00344385106612847
0.14323248564789,0.123107748656254,6001,6001,0.00688770213225689,0.00344385106612843
0.14889265813029,0.127032399995186,6002,6002,0.00688770213225689,0.00344385106612847
0.14323248564789,0.123107748656254,6003,6003,0.00688770213225689,0.00344385106612843
0.14889265813029,0.127032399995186,6004,6004,0.00688770213225689,0.00344385106612847
0.14323248564789,0.123107748656254,6005,6005,0.00688770213225689,0.00344385106612843
0.14889265813029,0.127032399995186,6006,6006,0.00688770213225689,0.00344385106612847
0.14323248564789,0.123107748656254,6007,6007,0.00688770213225689,0.00344385106612843
0.14889265813029,0.127032399995186,6008,6008,0.00688770213225689,0.00344385106612847
0.14323248564789,0.123107748656254,6009,6009,0.00688770213225689,0.00344385106612843
0.14889265813029,0.127032399995186,6010,6010,0.00688770213225689,0.00344385106612847
0.14323248564789,0.123107748656254,6011,6011,0.00688770213225689,0.00344385106612843
0.14889265813029,0.127032399995186,6012,6012,0.00688770213225689,0.00344385106612847
0.14323248564789,0.123107748656254,6013,6013,0.00688770213225689,0.00344385106612843
0.14889265813029,0.127032399995186,6014,6014,0.00688770213225689,0.00344385106612847
0.14323248564789,0.123107748656254,6015,6015,0.00688770213225689,0.00344385106612843
0.14889265813029,0.127032399995186,6016,6016,0.00688770213225689,0.00344385106612847
0.14323248564789,0.123107748656254,6017,6017,0.00688770213225689,0.00344385106612843
0.14889265813029,0.127032399995186,6018,6018,0.00688770213225689,0.00344385106612847
0.14323248564789,0.123107748656254,6019,6019,0.00688770213225689,0.00344385106612843
0.14889265813029,0.127032399995186,6020,6020,0.00688770213225689,0.00344385106612847
0.14323248564789,0.123107748656254,6021,6021,0.00688770213225689,0.00344385106612843
0.14889265813029,0.127032399995186,6022,6022,0.00688770213225689,0.00344385106612847
0.14323248564789,0.123107748656254,6023,6023,0.00688770213225689,0.00344385106612843
0.14889265813029,0.127032399995186,6024,6024,0.00688770213225689,0.00344385106612847
0.14323248564789,0.123107748656254,6025,6025,0.00688770213225689,0.00344385106612843
0.14889265813029,0.127032399995186,6026,6026,0.00688770213225689,0.00344385106612847
0.14323248564789,0.123107748656254,6027,6027,0.00688770213225689,0.00344385106612843
0.14889265813029,0.127032399995186,6028,6028,0.00688770213225689,0.00344385106612847
0.14323248564789,0.123107748656254,6029,6029,0.00688770213225689,0.00344385106612843
0.14889265813029,0.127032399995186,6030,6030,0.00688770213225689,0.00344385106612847
0.14323248564789,0.123107748656254,6031,6031,0.00688770213225689,0.00344385106612843
0.14889265813029,0.127032399995186,6032,6032,0.00688770213225689,0.00344385106612847
0.14323248564789,0.123107748656254,6033,6033,0.00688770213225689,0.00344385106612843
0.14889265813029,0.127032399995186,6034,6034,0.00688770213225689,0.00344385106612847
0.14323248564789,0.123107748656254,6035,6035,0.00688770213225689,0.00344385106612843
0.14889265813029,0.127032399995186,6036,6036,0.00688770213225689,0.00344385106612847
0.14323248564789,0.123107748656254,6037,6037,0.00688770213225689,0.00344385106612843
0.14889265813029,0.127032399995186,6038,6038,0.00688770213225689,0.00344385106612847
0.14323248564789,0.123107748656254,6039,6039,0.00688770213225689,0.00344385106612843
0.14889265813029,0.127032399995186,6040,6040,0.00688770213225689,0.00344385106612847
0.14323248564789,0.123107748656254,6041,6041,0.00688770213225689,0.00344385106612843
0.14889265813029,0.127032399995186,6042,6042,0.00688770213225689,0.00344385106612847
0.14323248564789,0.123107748656254,6043,6043,0.00688770213225689,0.00344385106612843
0.14889265813029,0.127032399995186,6044,6044,0.00688770213225689,0.00344385106612847
0.14323248564789,0.123107748656254,6045,6045,0.00688770213225689,0.00344385106612843
0.14889265813029,0.127032399995186,6046,6046,0.00688770213225689,0.00344385106612847
0.14323248564789,0.123107748656254,6047,6047,0.00688770213225689,0.00344385106612843
0.14889265813029,0.127032399995186,6048,6048,0.00688770213225689,0.00344385106612847
0.14323248564789,0.123107748656254,6049,6049,0.00688770213225689,0.00344385106612843
0.14889265813029,0.127032399995186,6050,6050,0.00688770213225689,0.00344385106612847
0.14323248564789,0.123107748656254,6051,6051,0.00688770213225689,0.00344385106612843
0.14889265813029,0.127032399995186,6052,6052,0.00688770213225689,0.00344385106612847
0.14323248564789,0.123107748656254,6053,6053,0.00688770213225689,0.00344385106612843
0.14889265813029,0.127032399995186,6054,6054,0.00688770213225689,0.00344385106612847
0.14323248564789,0.123107748656254,6055,6055,0.00688770213225689,0.00344385106612843
0.14889265813029,0.127032399995186,6056,6056,0.00688770213225689,0.00344385106612847
0.14323248564789,0.123107748656254,6057,6057,0.00688770213225689,0.00344385106612843
0.14889265813029,0.127032399995186,6058,6058,0.00688770213225689,0.00344385106612847
0.14323248564789,0.123107748656254,6059,6059,0.00688770213225689,0.00344385106612843
0.14889265813029,0.127032399995186,6060,6060,0.00688770213225689,0.00344385106612847
0.14323248564789,0.123107748656254,6061,6061,0.00688770213225689,0.00344385106612843
0.14889265813029,0.127032399995186,6062,6062,0.00688770213225689,0.00344385106612847
0.14323248564789,0.123107748656254,6063,6063,0.00688770213225689,0.00344385106612843
0.14889265813029,0.127032399995186,6064,6064,0.00688770213225689,0.00344385106612847
0.14323248564789,0.123107748656254,6065,6065,0.00688770213225689,0.00344385106612843
0.14889265813029,0.127032399995186,6066,6066,0.00688770213225689,0.00344385106612847
0.14323248564789,0.123107748656254,6067,6067,0.00688770213225689,0.00344385106612843
0.14889265813029,0.127032399995186,6068,6068,0.00688770213225689,0.00344385106612847
0.14323248564789,0.123107748656254,6069,6069,0.00688770213225689,0.00344385106612843
0.14889265813029,0.127032399995186,6070,6070,0.00688770213225689,0.00344385106612847
0.14323248564789,0.123107748656254,6071,6071,0.00688770213225689,0.00344385106612843
0.14889265813029,0.127032399995186,6072,6072,0.00688770213225689,0.00344385106612847
0.14323248564789,0.123107748656254,6073,6073,0.00688770213225689,0.00344385106612843
0.14889265813029,0.127032399995186,6074,6074,0.00688770213225689,0.00344385106612847
0.14323248564789,0.123107748656254,6075,6075,0.00688770213225689,0.00344385106612843
0.14889265813029,0.127032399995186,6076,6076,0.00688770213225689,0.00344385106612847
0.14323248564789,0.123107748656254,6077,6077,0.00688770213225689,0.00344385106612843
0.14889265813029,0.127032399995186,6078,6078,0.00688770213225689,0.00344385106612847
0.14323248564789,0.123107748656254,6079,6079,0.00688770213225689,0.00344385106612843
0.14889265813029,0.127032399995186,6080,6080,0.00688770213225689,0.00344385106612847
0.14323248564789,0.123107748656254,6081,6081,0.00688770213225689,0.00344385106612843
0.14889265813029,0.127032399995186,6082,6082,0.00688770213225689,0.00344385106612847
0.14323248564789,0.123107748656254,6083,6083,0.00688770213225689,0.00344385106612843
0.14889265813029,0.127032399995186,6084,6084,0.00688770213225689,0.00344385106612847
0.14323248564789,0.123107748656254,6085,6085,0.00688770213225689,0.00344385106612843
0.14889265813029,0.127032399995186,6086,6086,0.00688770213225689,0.00344385106612847
0.14323248564789,0.123107748656254,6087,6087,0.00688770213225689,0.00344385106612843
0.14889265813029,0.127032399995186,6088,6088,0.00688770213225689,0.00344385106612847
0.14323248564789,0.123107748656254,6089,6089,0.00688770213225689,0.00344385106612843
0.14889265813029,0.127032399995186,6090,6090,0.00688770213225689,0.00344385106612847
0.14323248564789,0.123107748656254,6091,6091,0.00688770213225689,0.00344385106612843
0.14889265813029,0.127032399995186,6092,6092,0.00688770213225689,0.00344385106612847
0.14323248564789,0.123107748656254,6093,6093,0.00688770213225689,0.00344385106612843
0.14889265813029,0.127032399995186,6094,6094,0.00688770213225689,0.00344385106612847
0.14323248564789,0.123107748656254,6095,6095,0.00688770213225689,0.00344385106612843
0.14889265813029,0.127032399995186,6096,6096,0.00688770213225689,0.00344385106612847
0.14323248564789,0.123107748656254,6097,6097,0.00688770213225689,0.00344385106612843
0.14889265813029,0.127032399995186,6098,6098,0.00688770213225689,0.00344385106612847
0.14323248564789,0.123107748656254,6099,6099,0.00688770213225689,0.00344385106612843
0.14889265813029,0.127032399995186,6100,6100,0.00688770213225689,0.00344385106612847
0.14323248564789,0.123107748656254,6101,6101,0.00688770213225689,0.00344385106612843
0.14889265813029,0.127032399995186,6102,6102,0.00688770213225689,0.00344385106612847
0.14323248564789,0.123107748656254,6103,6103,0.00688770213225689,0.00344385106612843
0.14889265813029,0.127032399995186,6104,6104,0.00688770213225689,0.00344385106612847
0.14323248564789,0.123107748656254,6105,6105,0.00688770213225689,0.00344385106612843
0.14889265813029,0.127032399995186,6106,6106,0.00688770213225689,0.00344385106612847
0.14323248564789,0.123107748656254,6107,6107,0.00688770213225689,0.00344385106612843
0.14889265813029,0.127032399995186,6108,6108,0.00688770213225689,0.00344385106612847
0.14323248564789,0.123107748656254,6109,6109,0.00688770213225689,0.00344385106612843
0.14889265813029,0.127032399995186,6110,6110,0.00688770213225689,0.00344385106612847
0.14323248564789,0.123107748656254,6111,6111,0.00688770213225689,0.00344385106612843
0.14889265813029,0.127032399995186,6112,6112,0.00688770213225689,0.00344385106612847
0.14323248564789,0.123107748656254,6113,6113,0.00688770213225689,0.00344385106612843
0.14889265813029,0.127032399995186,6114,6114,0.00688770213225689,0.00344385106612847
0.14323248564789,0.123107748656254,6115,6115,0.00688770213225689,0.00344385106612843
0.14889265813029,0.127032399995186,6116,6116,0.00688770213225689,0.00344385106612847
0.14323248564789,0.123107748656254,6117,6117,0.00688770213225689,0.00344385106612843
0.14889265813029,0.127032399995186,6118,6118,0.00688770213225689,0.00344385106612847
0.14323248564789,0.123107748656254,6119,6119,0.00688770213225689,0.00344385106612843
0.14889265813029,0.127032399995186,6120,6120,0.00688770213225689,0.00344385106612847
0.14323248564789,0.123107748656254,6121,6121,0.00688770213225689,0.00344385106612843
0.14889265813029,0.127032399995186,6122,6122,0.00688770213225689,0.00344385106612847
0.14323248564789,0.123107748656254,6123,6123,0.00688770213225689,0.00344385106612843
0.14889265813029,0.127032399995186,6124,6124,0.00688770213225689,0.00344385106612847
0.14323248564789,0.123107748656254,6125,6125,0.00688770213225689,0.00344385106612843
0.14889265813029,0.127032399995186,6126,6126,0.00688770213225689,0.00344385106612847
0.14323248564789,0.123107748656254,6127,6127,0.00688770213225689,0.00344385106612843
0.14889265813029,0.127032399995186,6128,6128,0.00688770213225689,0.00344385106612847
0.14323248564789,0.123107748656254,6129,6129,0.00688770213225689,0.00344385106612843
0.14889265813029,0.127032399995186,6130,6130,0.00688770213225689,0.00344385106612847
0.14323248564789,0.123107748656254,6131,6131,0.00688770213225689,0.00344385106612843
0.14889265813029,0.127032399995186,6132,6132,0.00688770213225689,0.00344385106612847
0.14323248564789,0.123107748656254,6133,6133,0.00688770213225689,0.00344385106612843
0.14889265813029,0.127032399995186,6134,6134,0.00688770213225689,0.00344385106612847
0.14323248564789,0.123107748656254,6135,6135,0.00688770213225689,0.00344385106612843
0.14889265813029,0.127032399995186,6136,6136,0.00688770213225689,0.00344385106612847
0.14323248564789,0.123107748656254,6137,6137,0.00688770213225689,0.00344385106612843
0.14889265813029,0.127032399995186,6138,6138,0.00688770213225689,0.00344385106612847
0.14323248564789,0.123107748656254,6139,6139,0.00688770213225689,0.00344385106612843
0.14889265813029,0.127032399995186,6140,6140,0.00688770213225689,0.00344385106612847
0.14323248564789,0.123107748656254,6141,6141,0.00688770213225689,0.00344385106612843
0.14889265813029,0.127032399995186,6142,6142,0.00688770213225689,0.00344385106612847
0.14323248564789,0.123107748656254,6143,6143,0.00688770213225689,0.00344385106612843
0.14889265813029,0.127032399995186,6144,6144,0.00688770213225689,0.00344385106612847
0.14323248564789,0.123107748656254,6145,6145,0.00688770213225689,0.00344385106612843
0.14889265813029,0.127032399995186,6146,6146,0.00688770213225689,0.00344385106612847
0.14323248564789,0.123107748656254,6147,6147,0.00688770213225689,0.00344385106612843
0.14889265813029,0.127032399995186,6148,6148,0.00688770213225689,0.00344385106612847
0.14323248564789,0.123107748656254,6149,6149,0.00688770213225689,0.00344385106612843
0.14889265813029,0.127032399995186,6150,6150,0.00688770213225689,0.00344385106612847
0.14323248564789,0.123107748656254,6151,6151,0.00688770213225689,0.00344385106612843
0.14889265813029,0.127032399995186,6152,6152,0.00688770213225689,0.00344385106612847
0.14323248564789,0.123107748656254,6153,6153,0.00688770213225689,0.00344385106612843
0.14889265813029,0.127032399995186,6154,6154,0.00688770213225689,0.00344385106612847
0.14323248564789,0.123107748656254,6155,6155,0.00688770213225689,0.00344385106612843
0.14889265813029,0.127032399995186,6156,6156,0.00688770213225689,0.00344385106612847
0.14323248564789,0.123107748656254,6157,6157,0.00688770213225689,0.00344385106612843
0.14889265813029,0.127032399995186,6158,6158,0.00688770213225689,0.00344385106612847
0.14323248564789,0.123107748656254,6159,6159,0.00688770213225689,0.00344385106612843
0.14889265813029,0.127032399995186,6160,6160,0.00688770213225689,0.00344385106612847
0.14323248564789,0.123107748656254,6161,6161,0.00688770213225689,0.00344385106612843
0.14889265813029,0.127032399995186,6162,6162,0.00688770213225689,0.00344385106612847
0.14323248564789,0.123107748656254,6163,6163,0.00688770213225689,0.00344385106612843
0.14889265813029,0.127032399995186,6164,6164,0.00688770213225689,0.00344385106612847
0.14323248564789,0.123107748656254,6165,6165,0.00688770213225689,0.00344385106612843
0.14889265813029,0.127032399995186,6166,6166,0.00688770213225689,0.00344385106612847
0.14323248564789,0.123107748656254,6167,6167,0.00688770213225689,0.00344385106612843
0.14889265813029,0.127032399995186,6168,6168,0.00688770213225689,0.00344385106612847
0.14323248564789,0.123107748656254,6169,6169,0.00688770213225689,0.00344385106612843
0.14889265813029,0.127032399995186,6170,6170,0.00688770213225689,0.00344385106612847
0.14323248564789,0.123107748656254,6171,6171,0.00688770213225689,0.00344385106612843
0.14889265813029,0.127032399995186,6172,6172,0.00688770213225689,0.00344385106612847
0.14323248564789,0.123107748656254,6173,6173,0.00688770213225689,0.00344385106612843
0.14889265813029,0.127032399995186,6174,6174,0.00688770213225689,0.00344385106612847
0.14323248564789,0.123107748656254,6175,6175,0.00688770213225689,0.00344385106612843
0.14889265813029,0.127032399995186,6176,6176,0.00688770213225689,0.00344385106612847
0.14323248564789,0.123107748656254,6177,6177,0.00688770213225689,0.00344385106612843
0.14889265813029,0.127032399995186,6178,6178,0.00688770213225689,0.00344385106612847
0.14323248564789,0.123107748656254,6179,6179,0.00688770213225689,0.00344385106612843
0.14889265813029,0.127032399995186,6180,6180,0.00688770213225689,0.00344385106612847
0.14323248564789,0.123107748656254,6181,6181,0.00688770213225689,0.00344385106612843
0.14889265813029,0.127032399995186,6182,6182,0.00688770213225689,0.00344385106612847
0.14323248564789,0.123107748656254,6183,6183,0.00688770213225689,0.00344385106612843
0.14889265813029,0.127032399995186,6184,6184,0.00688770213225689,0.00344385106612847
0.14323248564789,0.123107748656254,6185,6185,0.00688770213225689,0.00344385106612843
0.14889265813029,0.127032399995186,6186,6186,0.00688770213225689,0.00344385106612847
0.14323248564789,0.123107748656254,6187,6187,0.00688770213225689,0.00344385106612843
0.14889265813029,0.127032399995186,6188,6188,0.00688770213225689,0.00344385106612847
0.14323248564789,0.123107748656254,6189,6189,0.00688770213225689,0.00344385106612843
0.14889265813029,0.127032399995186,6190,6190,0.00688770213225689,0.00344385106612847
0.14323248564789,0.123107748656254,6191,6191,0.00688770213225689,0.00344385106612843
0.14889265813029,0.127032399995186,6192,6192,0.00688770213225689,0.00344385106612847
0.14323248564789,0.123107748656254,6193,6193,0.00688770213225689,0.00344385106612843
0.14889265813029,0.127032399995186,6194,6194,0.00688770213225689,0.00344385106612847
0.14323248564789,0.123107748656254,6195,6195,0.00688770213225689,0.00344385106612843
0.14889265813029,0.127032399995186,6196,6196,0.00688770213225689,0.00344385106612847
0.14323248564789,0.123107748656254,6197,6197,0.00688770213225689,0.00344385106612843
0.14889265813029,0.127032399995186,6198,6198,0.00688770213225689,0.00344385106612847
0.14323248564789,0.123107748656254,6199,6199,0.00688770213225689,0.00344385106612843
0.14889265813029,0.127032399995186,6200,6200,0.00688770213225689,0.00344385106612847
0.14323248564789,0.123107748656254,6201,6201,0.00688770213225689,0.00344385106612843
0.14889265813029,0.127032399995186,6202,6202,0.00688770213225689,0.00344385106612847
0.14323248564789,0.123107748656254,6203,6203,0.00688770213225689,0.00344385106612843
0.14889265813029,0.127032399995186,6204,6204,0.00688770213225689,0.00344385106612847
0.14323248564789,0.123107748656254,6205,6205,0.00688770213225689,0.00344385106612843
0.14889265813029,0.127032399995186,6206,6206,0.00688770213225689,0.00344385106612847
0.14323248564789,0.123107748656254,6207,6207,0.00688770213225689,0.00344385106612843
0.14889265813029,0.127032399995186,6208,6208,0.00688770213225689,0.00344385106612847
0.14323248564789,0.123107748656254,6209,6209,0.00688770213225689,0.00344385106612843
0.14889265813029,0.127032399995186,6210,6210,0.00688770213225689,0.00344385106612847
0.14323248564789,0.123107748656254,6211,6211,0.00688770213225689,0.00344385106612843
0.14889265813029,0.127032399995186,6212,6212,0.00688770213225689,0.00344385106612847
0.14323248564789,0.123107748656254,6213,6213,0.00688770213225689,0.00344385106612843
0.14889265813029,0.127032399995186,6214,6214,0.00688770213225689,0.00344385106612847
0.14323248564789,0.123107748656254,6215,6215,0.00688770213225689,0.00344385106612843
0.14889265813029,0.127032399995186,6216,6216,0.00688770213225689,0.00344385106612847
0.14323248564789,0.123107748656254,6217,6217,0.00688770213225689,0.00344385106612843
0.14889265813029,0.127032399995186,6218,6218,0.00688770213225689,0.00344385106612847
0.14323248564789,0.123107748656254,6219,6219,0.00688770213225689,0.00344385106612843
0.14889265813029,0.127032399995186,6220,6220,0.00688770213225689,0.00344385106612847
0.14323248564789,0.123107748656254,6221,6221,0.00688770213225689,0.00344385106612843
0.14889265813029,0.127032399995186,6222,6222,0.00688770213225689,0.00344385106612847
0.14323248564789,0.123107748656254,6223,6223,0.00688770213225689,0.00344385106612843
0.14889265813029,0.127032399995186,6224,6224,0.00688770213225689,0.00344385106612847
0.14323248564789,0.123107748656254,6225,6225,0.00688770213225689,0.00344385106612843
0.14889265813029,0.127032399995186,6226,6226,0.00688770213225689,0.00344385106612847
0.14323248564789,0.123107748656254,6227,6227,0.00688770213225689,0.00344385106612843
0.14889265813029,0.127032399995186,6228,6228,0.00688770213225689,0.00344385106612847
0.14323248564789,0.123107748656254,6229,6229,0.00688770213225689,0.00344385106612843
0.14889265813029,0.127032399995186,6230,6230,0.00688770213225689,0.00344385106612847
0.14323248564789,0.123107748656254,6231,6231,0.00688770213225689,0.00344385106612843
0.14889265813029,0.127032399995186,6232,6232,0.00688770213225689,0.00344385106612847
0.14323248564789,0.123107748656254,6233,6233,0.00688770213225689,0.00344385106612843
0.14889265813029,0.127032399995186,6234,6234,0.00688770213225689,0.00344385106612847
0.14323248564789,0.123107748656254,6235,6235,0.00688770213225689,0.00344385106612843
0.14889265813029,0.127032399995186,6236,6236,0.00688770213225689,0.00344385106612847
0.14323248564789,0.123107748656254,6237,6237,0.00688770213225689,0.00344385106612843
0.14889265813029,0.127032399995186,6238,6238,0.00688770213225689,0.00344385106612847
0.14323248564789,0.123107748656254,6239,6239,0.00688770213225689,0.00344385106612843
0.14889265813029,0.127032399995186,6240,6240,0.00688770213225689,0.00344385106612847
0.14323248564789,0.123107748656254,6241,6241,0.00688770213225689,0.00344385106612843
0.14889265813029,0.127032399995186,6242,6242,0.00688770213225689,0.00344385106612847
0.14323248564789,0.123107748656254,6243,6243,0.00688770213225689,0.00344385106612843
0.14889265813029,0.127032399995186,6244,6244,0.00688770213225689,0.00344385106612847
0.14323248564789,0.123107748656254,6245,6245,0.00688770213225689,0.00344385106612843
0.14889265813029,0.127032399995186,6246,6246,0.00688770213225689,0.00344385106612847
0.14323248564789,0.123107748656254,6247,6247,0.00688770213225689,0.00344385106612843
0.14889265813029,0.127032399995186,6248,6248,0.00688770213225689,0.00344385106612847
0.14323248564789,0.123107748656254,6249,6249,0.00688770213225689,0.00344385106612843
0.14889265813029,0.127032399995186,6250,6250,0.00688770213225689,0.00344385106612847
0.14323248564789,0.123107748656254,6251,6251,0.00688770213225689,0.00344385106612843
0.14889265813029,0.127032399995186,6252,6252,0.00688770213225689,0.00344385106612847
0.14323248564789,0.123107748656254,6253,6253,0.00688770213225689,0.00344385106612843
0.14889265813029,0.127032399995186,6254,6254,0.00688770213225689,0.00344385106612847
0.14323248564789,0.123107748656254,6255,6255,0.00688770213225689,0.00344385106612843
0.14889265813029,0.127032399995186,6256,6256,0.00688770213225689,0.00344385106612847
0.14323248564789,0.123107748656254,6257,6257,0.00688770213225689,0.00344385106612843
0.14889265813029,0.127032399995186,6258,6258,0.00688770213225689,0.00344385106612847
0.14323248564789,0.123107748656254,6259,6259,0.00688770213225689,0.00344385106612843
0.14889265813029,0.127032399995186,6260,6260,0.00688770213225689,0.00344385106612847
0.14323248564789,0.123107748656254,6261,6261,0.00688770213225689,0.00344385106612843
0.14889265813029,0.127032399995186,6262,6262,0.00688770213225689,0.00344385106612847
0.14323248564789,0.123107748656254,6263,6263,0.00688770213225689,0.00344385106612843
0.14889265813029,0.127032399995186,6264,6264,0.00688770213225689,0.00344385106612847
0.14323248564789,0.123107748656254,6265,6265,0.00688770213225689,0.00344385106612843
0.14889265813029,0.127032399995186,6266,6266,0.00688770213225689,0.00344385106612847
0.14323248564789,0.123107748656254,6267,6267,0.00688770213225689,0.00344385106612843
0.14889265813029,0.127032399995186,6268,6268,0.00688770213225689,0.00344385106612847
0.14323248564789,0.123107748656254,6269,6269,0.00688770213225689,0.00344385106612843
0.14889265813029,0.127032399995186,6270,6270,0.00688770213225689,0.00344385106612847
0.14323248564789,0.123107748656254,6271,6271,0.00688770213225689,0.00344385106612843
0.14889265813029,0.127032399995186,6272,6272,0.00688770213225689,0.00344385106612847
0.14323248564789,0.123107748656254,6273,6273,0.00688770213225689,0.00344385106612843
0.14889265813029,0.127032399995186,6274,6274,0.00688770213225689,0.00344385106612847
0.14323248564789,0.123107748656254,6275,6275,0.00688770213225689,0.00344385106612843
0.14889265813029,0.127032399995186,6276,6276,0.00688770213225689,0.00344385106612847
0.14323248564789,0.123107748656254,6277,6277,0.00688770213225689,0.00344385106612843
0.14889265813029,0.127032399995186,6278,6278,0.00688770213225689,0.00344385106612847
0.14323248564789,0.123107748656254,6279,6279,0.00688770213225689,0.00344385106612843
0.14889265813029,0.127032399995186,6280,6280,0.00688770213225689,0.00344385106612847
0.14323248564789,0.123107748656254,6281,6281,0.00688770213225689,0.00344385106612843
0.14889265813029,0.127032399995186,6282,6282,0.00688770213225689,0.00344385106612847
0.14323248564789,0.123107748656254,6283,6283,0.00688770213225689,0.00344385106612843
0.14889265813029,0.127032399995186,6284,6284,0.00688770213225689,0.00344385106612847
0.14323248564789,0.123107748656254,6285,6285,0.00688770213225689,0.00344385106612843
0.14889265813029,0.127032399995186,6286,6286,0.00688770213225689,0.00344385106612847
0.14323248564789,0.123107748656254,6287,6287,0.00688770213225689,0.00344385106612843
0.14889265813029,0.127032399995186,6288,6288,0.00688770213225689,0.00344385106612847
0.14323248564789,0.123107748656254,6289,6289,0.00688770213225689,0.00344385106612843
0.14889265813029,0.127032399995186,6290,6290,0.00688770213225689,0.00344385106612847
0.14323248564789,0.123107748656254,6291,6291,0.00688770213225689,0.00344385106612843
0.14889265813029,0.127032399995186,6292,6292,0.00688770213225689,0.00344385106612847
0.14323248564789,0.123107748656254,6293,6293,0.00688770213225689,0.00344385106612843
0.14889265813029,0.127032399995186,6294,6294,0.00688770213225689,0.00344385106612847
0.14323248564789,0.123107748656254,6295,6295,0.00688770213225689,0.00344385106612843
0.14889265813029,0.127032399995186,6296,6296,0.00688770213225689,0.00344385106612847
0.14323248564789,0.123107748656254,6297,6297,0.00688770213225689,0.00344385106612843
0.14889265813029,0.127032399995186,6298,6298,0.00688770213225689,0.00344385106612847
0.14323248564789,0.123107748656254,6299,6299,0.00688770213225689,0.00344385106612843
0.14889265813029,0.127032399995186,6300,6300,0.00688770213225689,0.00344385106612847
0.14323248564789,0.123107748656254,6301,6301,0.00688770213225689,0.00344385106612843
0.14889265813029,0.127032399995186,6302,6302,0.00688770213225689,0.00344385106612847
0.14323248564789,0.123107748656254,6303,6303,0.00688770213225689,0.00344385106612843
0.14889265813029,0.127032399995186,6304,6304,0.00688770213225689,0.00344385106612847
0.14323248564789,0.123107748656254,6305,6305,0.00688770213225689,0.00344385106612843
0.14889265813029,0.127032399995186,6306,6306,0.00688770213225689,0.00344385106612847
0.14323248564789,0.123107748656254,6307,6307,0.00688770213225689,0.00344385106612843
0.14889265813029,0.127032399995186,6308,6308,0.00688770213225689,0.00344385106612847
0.14323248564789,0.123107748656254,6309,6309,0.00688770213225689,0.00344385106612843
0.14889265813029,0.127032399995186,6310,6310,0.00688770213225689,0.00344385106612847
0.14323248564789,0.123107748656254,6311,6311,0.00688770213225689,0.00344385106612843
0.14889265813029,0.127032399995186,6312,6312,0.00688770213225689,0.00344385106612847
0.14323248564789,0.123107748656254,6313,6313,0.00688770213225689,0.00344385106612843
0.14889265813029,0.127032399995186,6314,6314,0.00688770213225689,0.00344385106612847
0.14323248564789,0.123107748656254,6315,6315,0.00688770213225689,0.00344385106612843
0.14889265813029,0.127032399995186,6316,6316,0.00688770213225689,0.00344385106612847
0.14323248564789,0.123107748656254,6317,6317,0.00688770213225689,0.00344385106612843
0.14889265813029,0.127032399995186,6318,6318,0.00688770213225689,0.00344385106612847
0.14323248564789,0.123107748656254,6319,6319,0.00688770213225689,0.00344385106612843
0.14889265813029,0.127032399995186,6320,6320,0.00688770213225689,0.00344385106612847
0.14323248564789,0.123107748656254,6321,6321,0.00688770213225689,0.00344385106612843
0.14889265813029,0.127032399995186,6322,6322,0.00688770213225689,0.00344385106612847
0.14323248564789,0.123107748656254,6323,6323,0.00688770213225689,0.00344385106612843
0.14889265813029,0.127032399995186,6324,6324,0.00688770213225689,0.00344385106612847
0.14323248564789,0.123107748656254,6325,6325,0.00688770213225689,0.00344385106612843
0.14889265813029,0.127032399995186,6326,6326,0.00688770213225689,0.00344385106612847
0.14323248564789,0.123107748656254,6327,6327,0.00688770213225689,0.00344385106612843
0.14889265813029,0.127032399995186,6328,6328,0.00688770213225689,0.00344385106612847
0.14323248564789,0.123107748656254,6329,6329,0.00688770213225689,0.00344385106612843
0.14889265813029,0.127032399995186,6330,6330,0.00688770213225689,0.00344385106612847
0.14323248564789,0.123107748656254,6331,6331,0.00688770213225689,0.00344385106612843
0.14889265813029,0.127032399995186,6332,6332,0.00688770213225689,0.00344385106612847
0.14323248564789,0.123107748656254,6333,6333,0.00688770213225689,0.00344385106612843
0.14889265813029,0.127032399995186,6334,6334,0.00688770213225689,0.00344385106612847
0.14323248564789,0.123107748656254,6335,6335,0.00688770213225689,0.00344385106612843
0.14889265813029,0.127032399995186,6336,6336,0.00688770213225689,0.00344385106612847
0.14323248564789,0.123107748656254,6337,6337,0.00688770213225689,0.00344385106612843
0.14889265813029,0.127032399995186,6338,6338,0.00688770213225689,0.00344385106612847
0.14323248564789,0.123107748656254,6339,6339,0.00688770213225689,0.00344385106612843
0.14889265813029,0.127032399995186,6340,6340,0.00688770213225689,0.00344385106612847
0.14323248564789,0.123107748656254,6341,6341,0.00688770213225689,0.00344385106612843
0.14889265813029,0.127032399995186,6342,6342,0.00688770213225689,0.00344385106612847
0.14323248564789,0.123107748656254,6343,6343,0.00688770213225689,0.00344385106612843
0.14889265813029,0.127032399995186,6344,6344,0.00688770213225689,0.00344385106612847
0.14323248564789,0.123107748656254,6345,6345,0.00688770213225689,0.00344385106612843
0.14889265813029,0.127032399995186,6346,6346,0.00688770213225689,0.00344385106612847
0.14323248564789,0.123107748656254,6347,6347,0.00688770213225689,0.00344385106612843
0.14889265813029,0.127032399995186,6348,6348,0.00688770213225689,0.00344385106612847
0.14323248564789,0.123107748656254,6349,6349,0.00688770213225689,0.00344385106612843
0.14889265813029,0.127032399995186,6350,6350,0.00688770213225689,0.00344385106612847
0.14323248564789,0.123107748656254,6351,6351,0.00688770213225689,0.00344385106612843
0.14889265813029,0.127032399995186,6352,6352,0.00688770213225689,0.00344385106612847
0.14323248564789,0.123107748656254,6353,6353,0.00688770213225689,0.00344385106612843
0.14889265813029,0.127032399995186,6354,6354,0.00688770213225689,0.00344385106612847
0.14323248564789,0.123107748656254,6355,6355,0.00688770213225689,0.00344385106612843
0.14889265813029,0.127032399995186,6356,6356,0.00688770213225689,0.00344385106612847
0.14323248564789,0.123107748656254,6357,6357,0.00688770213225689,0.00344385106612843
0.14889265813029,0.127032399995186,6358,6358,0.00688770213225689,0.00344385106612847
0.14323248564789,0.123107748656254,6359,6359,0.00688770213225689,0.00344385106612843
0.14889265813029,0.127032399995186,6360,6360,0.00688770213225689,0.00344385106612847
0.14323248564789,0.123107748656254,6361,6361,0.00688770213225689,0.00344385106612843
0.14889265813029,0.127032399995186,6362,6362,0.00688770213225689,0.00344385106612847
0.14323248564789,0.123107748656254,6363,6363,0.00688770213225689,0.00344385106612843
0.14889265813029,0.127032399995186,6364,6364,0.00688770213225689,0.00344385106612847
0.14323248564789,0.123107748656254,6365,6365,0.00688770213225689,0.00344385106612843
0.14889265813029,0.127032399995186,6366,6366,0.00688770213225689,0.00344385106612847
0.14323248564789,0.123107748656254,6367,6367,0.00688770213225689,0.00344385106612843
0.14889265813029,0.127032399995186,6368,6368,0.00688770213225689,0.00344385106612847
0.14323248564789,0.123107748656254,6369,6369,0.00688770213225689,0.00344385106612843
0.14889265813029,0.127032399995186,6370,6370,0.00688770213225689,0.00344385106612847
0.14323248564789,0.123107748656254,6371,6371,0.00688770213225689,0.00344385106612843
0.14889265813029,0.127032399995186,6372,6372,0.00688770213225689,0.00344385106612847
0.14323248564789,0.123107748656254,6373,6373,0.00688770213225689,0.00344385106612843
0.14889265813029,0.127032399995186,6374,6374,0.00688770213225689,0.00344385106612847
0.14323248564789,0.123107748656254,6375,6375,0.00688770213225689,0.00344385106612843
0.14889265813029,0.127032399995186,6376,6376,0.00688770213225689,0.00344385106612847
0.14323248564789,0.123107748656254,6377,6377,0.00688770213225689,0.00344385106612843
0.14889265813029,0.127032399995186,6378,6378,0.00688770213225689,0.00344385106612847
0.14323248564789,0.123107748656254,6379,6379,0.00688770213225689,0.00344385106612843
0.14889265813029,0.127032399995186,6380,6380,0.00688770213225689,0.00344385106612847
0.14323248564789,0.123107748656254,6381,6381,0.00688770213225689,0.00344385106612843
0.14889265813029,0.127032399995186,6382,6382,0.00688770213225689,0.00344385106612847
0.14323248564789,0.123107748656254,6383,6383,0.00688770213225689,0.00344385106612843
0.14889265813029,0.127032399995186,6384,6384,0.00688770213225689,0.00344385106612847
0.14323248564789,0.123107748656254,6385,6385,0.00688770213225689,0.00344385106612843
0.14889265813029,0.127032399995186,6386,6386,0.00688770213225689,0.00344385106612847
0.14323248564789,0.123107748656254,6387,6387,0.00688770213225689,0.00344385106612843
0.14889265813029,0.127032399995186,6388,6388,0.00688770213225689,0.00344385106612847
0.14323248564789,0.123107748656254,6389,6389,0.00688770213225689,0.00344385106612843
0.14889265813029,0.127032399995186,6390,6390,0.00688770213225689,0.00344385106612847
0.14323248564789,0.123107748656254,6391,6391,0.00688770213225689,0.00344385106612843
0.14889265813029,0.127032399995186,6392,6392,0.00688770213225689,0.00344385106612847
0.14323248564789,0.123107748656254,6393,6393,0.00688770213225689,0.00344385106612843
0.14889265813029,0.127032399995186,6394,6394,0.00688770213225689,0.00344385106612847
0.14323248564789,0.123107748656254,6395,6395,0.00688770213225689,0.00344385106612843
0.14889265813029,0.127032399995186,6396,6396,0.00688770213225689,0.00344385106612847
0.14323248564789,0.123107748656254,6397,6397,0.00688770213225689,0.00344385106612843
0.14889265813029,0.127032399995186,6398,6398,0.00688770213225689,0.00344385106612847
0.14323248564789,0.123107748656254,6399,6399,0.00688770213225689,0.00344385106612843
0.14889265813029,0.127032399995186,6400,6400,0.00688770213225689,0.00344385106612847
0.14323248564789,0.123107748656254,6401,6401,0.00688770213225689,0.00344385106612843
0.14889265813029,0.127032399995186,6402,6402,0.00688770213225689,0.00344385106612847
0.14323248564789,0.123107748656254,6403,6403,0.00688770213225689,0.00344385106612843
0.14889265813029,0.127032399995186,6404,6404,0.00688770213225689,0.00344385106612847
0.14323248564789,0.123107748656254,6405,6405,0.00688770213225689,0.00344385106612843
0.14889265813029,0.127032399995186,6406,6406,0.00688770213225689,0.00344385106612847
0.14323248564789,0.123107748656254,6407,6407,0.00688770213225689,0.00344385106612843
0.14889265813029,0.127032399995186,6408,6408,0.00688770213225689,0.00344385106612847
0.14323248564789,0.123107748656254,6409,6409,0.00688770213225689,0.00344385106612843
0.14889265813029,0.127032399995186,6410,6410,0.00688770213225689,0.00344385106612847
0.14323248564789,0.123107748656254,6411,6411,0.00688770213225689,0.00344385106612843
0.14889265813029,0.127032399995186,6412,6412,0.00688770213225689,0.00344385106612847
0.14323248564789,0.123107748656254,6413,6413,0.00688770213225689,0.00344385106612843
0.14889265813029,0.127032399995186,6414,6414,0.00688770213225689,0.00344385106612847
0.14323248564789,0.123107748656254,6415,6415,0.00688770213225689,0.00344385106612843
0.14889265813029,0.127032399995186,6416,6416,0.00688770213225689,0.00344385106612847
0.14323248564789,0.123107748656254,6417,6417,0.00688770213225689,0.00344385106612843
0.14889265813029,0.127032399995186,6418,6418,0.00688770213225689,0.00344385106612847
0.14323248564789,0.123107748656254,6419,6419,0.00688770213225689,0.00344385106612843
0.14889265813029,0.127032399995186,6420,6420,0.00688770213225689,0.00344385106612847
0.14323248564789,0.123107748656254,6421,6421,0.00688770213225689,0.00344385106612843
0.14889265813029,0.127032399995186,6422,6422,0.00688770213225689,0.00344385106612847
0.14323248564789,0.123107748656254,6423,6423,0.00688770213225689,0.00344385106612843
0.14889265813029,0.127032399995186,6424,6424,0.00688770213225689,0.00344385106612847
0.14323248564789,0.123107748656254,6425,6425,0.00688770213225689,0.00344385106612843
0.14889265813029,0.127032399995186,6426,6426,0.00688770213225689,0.00344385106612847
0.14323248564789,0.123107748656254,6427,6427,0.00688770213225689,0.00344385106612843
0.14889265813029,0.127032399995186,6428,6428,0.00688770213225689,0.00344385106612847
0.14323248564789,0.123107748656254,6429,6429,0.00688770213225689,0.00344385106612843
0.14889265813029,0.127032399995186,6430,6430,0.00688770213225689,0.00344385106612847
0.14323248564789,0.123107748656254,6431,6431,0.00688770213225689,0.00344385106612843
0.14889265813029,0.127032399995186,6432,6432,0.00688770213225689,0.00344385106612847
0.14323248564789,0.123107748656254,6433,6433,0.00688770213225689,0.00344385106612843
0.14889265813029,0.127032399995186,6434,6434,0.00688770213225689,0.00344385106612847
0.14323248564789,0.123107748656254,6435,6435,0.00688770213225689,0.00344385106612843
0.14889265813029,0.127032399995186,6436,6436,0.00688770213225689,0.00344385106612847
0.14323248564789,0.123107748656254,6437,6437,0.00688770213225689,0.00344385106612843
0.14889265813029,0.127032399995186,6438,6438,0.00688770213225689,0.00344385106612847
0.14323248564789,0.123107748656254,6439,6439,0.00688770213225689,0.00344385106612843
0.14889265813029,0.127032399995186,6440,6440,0.00688770213225689,0.00344385106612847
0.14323248564789,0.123107748656254,6441,6441,0.00688770213225689,0.00344385106612843
0.14889265813029,0.127032399995186,6442,6442,0.00688770213225689,0.00344385106612847
0.14323248564789,0.123107748656254,6443,6443,0.00688770213225689,0.00344385106612843
0.14889265813029,0.127032399995186,6444,6444,0.00688770213225689,0.00344385106612847
0.14323248564789,0.123107748656254,6445,6445,0.00688770213225689,0.00344385106612843
0.14889265813029,0.127032399995186,6446,6446,0.00688770213225689,0.00344385106612847
0.14323248564789,0.123107748656254,6447,6447,0.00688770213225689,0.00344385106612843
0.14889265813029,0.127032399995186,6448,6448,0.00688770213225689,0.00344385106612847
0.14323248564789,0.123107748656254,6449,6449,0.00688770213225689,0.00344385106612843
0.14889265813029,0.127032399995186,6450,6450,0.00688770213225689,0.00344385106612847
0.14323248564789,0.123107748656254,6451,6451,0.00688770213225689,0.00344385106612843
0.14889265813029,0.127032399995186,6452,6452,0.00688770213225689,0.00344385106612847
0.14323248564789,0.123107748656254,6453,6453,0.00688770213225689,0.00344385106612843
0.14889265813029,0.127032399995186,6454,6454,0.00688770213225689,0.00344385106612847
0.14323248564789,0.123107748656254,6455,6455,0.00688770213225689,0.00344385106612843
0.14889265813029,0.127032399995186,6456,6456,0.00688770213225689,0.00344385106612847
0.14323248564789,0.123107748656254,6457,6457,0.00688770213225689,0.00344385106612843
0.14889265813029,0.127032399995186,6458,6458,0.00688770213225689,0.00344385106612847
0.14323248564789,0.123107748656254,6459,6459,0.00688770213225689,0.00344385106612843
0.14889265813029,0.127032399995186,6460,6460,0.00688770213225689,0.00344385106612847
0.14323248564789,0.123107748656254,6461,6461,0.00688770213225689,0.00344385106612843
0.14889265813029,0.127032399995186,6462,6462,0.00688770213225689,0.00344385106612847
0.14323248564789,0.123107748656254,6463,6463,0.00688770213225689,0.00344385106612843
0.14889265813029,0.127032399995186,6464,6464,0.00688770213225689,0.00344385106612847
0.14323248564789,0.123107748656254,6465,6465,0.00688770213225689,0.00344385106612843
0.14889265813029,0.127032399995186,6466,6466,0.00688770213225689,0.00344385106612847
0.14323248564789,0.123107748656254,6467,6467,0.00688770213225689,0.00344385106612843
0.14889265813029,0.127032399995186,6468,6468,0.00688770213225689,0.00344385106612847
0.14323248564789,0.123107748656254,6469,6469,0.00688770213225689,0.00344385106612843
0.14889265813029,0.127032399995186,6470,6470,0.00688770213225689,0.00344385106612847
0.14323248564789,0.123107748656254,6471,6471,0.00688770213225689,0.00344385106612843
0.14889265813029,0.127032399995186,6472,6472,0.00688770213225689,0.00344385106612847
0.14323248564789,0.123107748656254,6473,6473,0.00688770213225689,0.00344385106612843
0.14889265813029,0.127032399995186,6474,6474,0.00688770213225689,0.00344385106612847
0.14323248564789,0.123107748656254,6475,6475,0.00688770213225689,0.00344385106612843
0.14889265813029,0.127032399995186,6476,6476,0.00688770213225689,0.00344385106612847
0.14323248564789,0.123107748656254,6477,6477,0.00688770213225689,0.00344385106612843
0.14889265813029,0.127032399995186,6478,6478,0.00688770213225689,0.00344385106612847
0.14323248564789,0.123107748656254,6479,6479,0.00688770213225689,0.00344385106612843
0.14889265813029,0.127032399995186,6480,6480,0.00688770213225689,0.00344385106612847
0.14323248564789,0.123107748656254,6481,6481,0.00688770213225689,0.00344385106612843
0.14889265813029,0.127032399995186,6482,6482,0.00688770213225689,0.00344385106612847
0.14323248564789,0.123107748656254,6483,6483,0.00688770213225689,0.00344385106612843
0.14889265813029,0.127032399995186,6484,6484,0.00688770213225689,0.00344385106612847
0.14323248564789,0.123107748656254,6485,6485,0.00688770213225689,0.00344385106612843
0.14889265813029,0.127032399995186,6486,6486,0.00688770213225689,0.00344385106612847
0.14323248564789,0.123107748656254,6487,6487,0.00688770213225689,0.00344385106612843
0.14889265813029,0.127032399995186,6488,6488,0.00688770213225689,0.00344385106612847
0.14323248564789,0.123107748656254,6489,6489,0.00688770213225689,0.00344385106612843
0.14889265813029,0.127032399995186,6490,6490,0.00688770213225689,0.00344385106612847
0.14323248564789,0.123107748656254,6491,6491,0.00688770213225689,0.00344385106612843
0.14889265813029,0.127032399995186,6492,6492,0.00688770213225689,0.00344385106612847
0.14323248564789,0.123107748656254,6493,6493,0.00688770213225689,0.00344385106612843
0.14889265813029,0.127032399995186,6494,6494,0.00688770213225689,0.00344385106612847
0.14323248564789,0.123107748656254,6495,6495,0.00688770213225689,0.00344385106612843
0.14889265813029,0.127032399995186,6496,6496,0.00688770213225689,0.00344385106612847
0.14323248564789,0.123107748656254,6497,6497,0.00688770213225689,0.00344385106612843
0.14889265813029,0.127032399995186,6498,6498,0.00688770213225689,0.00344385106612847
0.14323248564789,0.123107748656254,6499,6499,0.00688770213225689,0.00344385106612843
0.14889265813029,0.127032399995186,6500,6500,0.00688770213225689,0.00344385106612847
0.14323248564789,0.123107748656254,6501,6501,0.00688770213225689,0.00344385106612843
0.14889265813029,0.127032399995186,6502,6502,0.00688770213225689,0.00344385106612847
0.14323248564789,0.123107748656254,6503,6503,0.00688770213225689,0.00344385106612843
0.14889265813029,0.127032399995186,6504,6504,0.00688770213225689,0.00344385106612847
0.14323248564789,0.123107748656254,6505,6505,0.00688770213225689,0.00344385106612843
0.14889265813029,0.127032399995186,6506,6506,0.00688770213225689,0.00344385106612847
0.14323248564789,0.123107748656254,6507,6507,0.00688770213225689,0.00344385106612843
0.14889265813029,0.127032399995186,6508,6508,0.00688770213225689,0.00344385106612847
0.14323248564789,0.123107748656254,6509,6509,0.00688770213225689,0.00344385106612843
0.14889265813029,0.127032399995186,6510,6510,0.00688770213225689,0.00344385106612847
0.14323248564789,0.123107748656254,6511,6511,0.00688770213225689,0.00344385106612843
0.14889265813029,0.127032399995186,6512,6512,0.00688770213225689,0.00344385106612847
0.14323248564789,0.123107748656254,6513,6513,0.00688770213225689,0.00344385106612843
0.14889265813029,0.127032399995186,6514,6514,0.00688770213225689,0.00344385106612847
0.14323248564789,0.123107748656254,6515,6515,0.00688770213225689,0.00344385106612843
0.14889265813029,0.127032399995186,6516,6516,0.00688770213225689,0.00344385106612847
0.14323248564789,0.123107748656254,6517,6517,0.00688770213225689,0.00344385106612843
0.14889265813029,0.127032399995186,6518,6518,0.00688770213225689,0.00344385106612847
0.14323248564789,0.123107748656254,6519,6519,0.00688770213225689,0.00344385106612843
0.14889265813029,0.127032399995186,6520,6520,0.00688770213225689,0.00344385106612847
0.14323248564789,0.123107748656254,6521,6521,0.00688770213225689,0.00344385106612843
0.14889265813029,0.127032399995186,6522,6522,0.00688770213225689,0.00344385106612847
0.14323248564789,0.123107748656254,6523,6523,0.00688770213225689,0.00344385106612843
0.14889265813029,0.127032399995186,6524,6524,0.00688770213225689,0.00344385106612847
0.14323248564789,0.123107748656254,6525,6525,0.00688770213225689,0.00344385106612843
0.14889265813029,0.127032399995186,6526,6526,0.00688770213225689,0.00344385106612847
0.14323248564789,0.123107748656254,6527,6527,0.00688770213225689,0.00344385106612843
0.14889265813029,0.127032399995186,6528,6528,0.00688770213225689,0.00344385106612847
0.14323248564789,0.123107748656254,6529,6529,0.00688770213225689,0.00344385106612843
0.14889265813029,0.127032399995186,6530,6530,0.00688770213225689,0.00344385106612847
0.14323248564789,0.123107748656254,6531,6531,0.00688770213225689,0.00344385106612843
0.14889265813029,0.127032399995186,6532,6532,0.00688770213225689,0.00344385106612847
0.14323248564789,0.123107748656254,6533,6533,0.00688770213225689,0.00344385106612843
0.14889265813029,0.127032399995186,6534,6534,0.00688770213225689,0.00344385106612847
0.14323248564789,0.123107748656254,6535,6535,0.00688770213225689,0.00344385106612843
0.14889265813029,0.127032399995186,6536,6536,0.00688770213225689,0.00344385106612847
0.14323248564789,0.123107748656254,6537,6537,0.00688770213225689,0.00344385106612843
0.14889265813029,0.127032399995186,6538,6538,0.00688770213225689,0.00344385106612847
0.14323248564789,0.123107748656254,6539,6539,0.00688770213225689,0.00344385106612843
0.14889265813029,0.127032399995186,6540,6540,0.00688770213225689,0.00344385106612847
0.14323248564789,0.123107748656254,6541,6541,0.00688770213225689,0.00344385106612843
0.14889265813029,0.127032399995186,6542,6542,0.00688770213225689,0.00344385106612847
0.14323248564789,0.123107748656254,6543,6543,0.00688770213225689,0.00344385106612843
0.14889265813029,0.127032399995186,6544,6544,0.00688770213225689,0.00344385106612847
0.14323248564789,0.123107748656254,6545,6545,0.00688770213225689,0.00344385106612843
0.14889265813029,0.127032399995186,6546,6546,0.00688770213225689,0.00344385106612847
0.14323248564789,0.123107748656254,6547,6547,0.00688770213225689,0.00344385106612843
0.14889265813029,0.127032399995186,6548,6548,0.00688770213225689,0.00344385106612847
0.14323248564789,0.123107748656254,6549,6549,0.00688770213225689,0.00344385106612843
0.14889265813029,0.127032399995186,6550,6550,0.00688770213225689,0.00344385106612847
0.14323248564789,0.123107748656254,6551,6551,0.00688770213225689,0.00344385106612843
0.14889265813029,0.127032399995186,6552,6552,0.00688770213225689,0.00344385106612847
0.14323248564789,0.123107748656254,6553,6553,0.00688770213225689,0.00344385106612843
0.14889265813029,0.127032399995186,6554,6554,0.00688770213225689,0.00344385106612847
0.14323248564789,0.123107748656254,6555,6555,0.00688770213225689,0.00344385106612843
0.14889265813029,0.127032399995186,6556,6556,0.00688770213225689,0.00344385106612847
0.14323248564789,0.123107748656254,6557,6557,0.00688770213225689,0.00344385106612843
0.14889265813029,0.127032399995186,6558,6558,0.00688770213225689,0.00344385106612847
0.14323248564789,0.123107748656254,6559,6559,0.00688770213225689,0.00344385106612843
0.14889265813029,0.127032399995186,6560,6560,0.00688770213225689,0.00344385106612847
0.14323248564789,0.123107748656254,6561,6561,0.00688770213225689,0.00344385106612843
0.14889265813029,0.127032399995186,6562,6562,0.00688770213225689,0.00344385106612847
0.14323248564789,0.123107748656254,6563,6563,0.00688770213225689,0.00344385106612843
0.14889265813029,0.127032399995186,6564,6564,0.00688770213225689,0.00344385106612847
0.14323248564789,0.123107748656254,6565,6565,0.00688770213225689,0.00344385106612843
0.14889265813029,0.127032399995186,6566,6566,0.00688770213225689,0.00344385106612847
0.14323248564789,0.123107748656254,6567,6567,0.00688770213225689,0.00344385106612843
0.14889265813029,0.127032399995186,6568,6568,0.00688770213225689,0.00344385106612847
0.14323248564789,0.123107748656254,6569,6569,0.00688770213225689,0.00344385106612843
0.14889265813029,0.127032399995186,6570,6570,0.00688770213225689,0.00344385106612847
0.14323248564789,0.123107748656254,6571,6571,0.00688770213225689,0.00344385106612843
0.14889265813029,0.127032399995186,6572,6572,0.00688770213225689,0.00344385106612847
0.14323248564789,0.123107748656254,6573,6573,0.00688770213225689,0.00344385106612843
0.14889265813029,0.127032399995186,6574,6574,0.00688770213225689,0.00344385106612847
0.14323248564789,0.123107748656254,6575,6575,0.00688770213225689,0.00344385106612843
0.14889265813029,0.127032399995186,6576,6576,0.00688770213225689,0.00344385106612847
0.14323248564789,0.123107748656254,6577,6577,0.00688770213225689,0.00344385106612843
0.14889265813029,0.127032399995186,6578,6578,0.00688770213225689,0.00344385106612847
0.14323248564789,0.123107748656254,6579,6579,0.00688770213225689,0.00344385106612843
0.14889265813029,0.127032399995186,6580,6580,0.00688770213225689,0.00344385106612847
0.14323248564789,0.123107748656254,6581,6581,0.00688770213225689,0.00344385106612843
0.14889265813029,0.127032399995186,6582,6582,0.00688770213225689,0.00344385106612847
0.14323248564789,0.123107748656254,6583,6583,0.00688770213225689,0.00344385106612843
0.14889265813029,0.127032399995186,6584,6584,0.00688770213225689,0.00344385106612847
0.14323248564789,0.123107748656254,6585,6585,0.00688770213225689,0.00344385106612843
0.14889265813029,0.127032399995186,6586,6586,0.00688770213225689,0.00344385106612847
0.14323248564789,0.123107748656254,6587,6587,0.00688770213225689,0.00344385106612843
0.14889265813029,0.127032399995186,6588,6588,0.00688770213225689,0.00344385106612847
0.14323248564789,0.123107748656254,6589,6589,0.00688770213225689,0.00344385106612843
0.14889265813029,0.127032399995186,6590,6590,0.00688770213225689,0.00344385106612847
0.14323248564789,0.123107748656254,6591,6591,0.00688770213225689,0.00344385106612843
0.14889265813029,0.127032399995186,6592,6592,0.00688770213225689,0.00344385106612847
0.14323248564789,0.123107748656254,6593,6593,0.00688770213225689,0.00344385106612843
0.14889265813029,0.127032399995186,6594,6594,0.00688770213225689,0.00344385106612847
0.14323248564789,0.123107748656254,6595,6595,0.00688770213225689,0.00344385106612843
0.14889265813029,0.127032399995186,6596,6596,0.00688770213225689,0.00344385106612847
0.14323248564789,0.123107748656254,6597,6597,0.00688770213225689,0.00344385106612843
0.14889265813029,0.127032399995186,6598,6598,0.00688770213225689,0.00344385106612847
0.14323248564789,0.123107748656254,6599,6599,0.00688770213225689,0.00344385106612843
0.14889265813029,0.127032399995186,6600,6600,0.00688770213225689,0.00344385106612847
0.14323248564789,0.123107748656254,6601,6601,0.00688770213225689,0.00344385106612843
0.14889265813029,0.127032399995186,6602,6602,0.00688770213225689,0.00344385106612847
0.14323248564789,0.123107748656254,6603,6603,0.00688770213225689,0.00344385106612843
0.14889265813029,0.127032399995186,6604,6604,0.00688770213225689,0.00344385106612847
0.14323248564789,0.123107748656254,6605,6605,0.00688770213225689,0.00344385106612843
0.14889265813029,0.127032399995186,6606,6606,0.00688770213225689,0.00344385106612847
0.14323248564789,0.123107748656254,6607,6607,0.00688770213225689,0.00344385106612843
0.14889265813029,0.127032399995186,6608,6608,0.00688770213225689,0.00344385106612847
0.14323248564789,0.123107748656254,6609,6609,0.00688770213225689,0.00344385106612843
0.14889265813029,0.127032399995186,6610,6610,0.00688770213225689,0.00344385106612847
0.14323248564789,0.123107748656254,6611,6611,0.00688770213225689,0.00344385106612843
0.14889265813029,0.127032399995186,6612,6612,0.00688770213225689,0.00344385106612847
0.14323248564789,0.123107748656254,6613,6613,0.00688770213225689,0.00344385106612843
0.14889265813029,0.127032399995186,6614,6614,0.00688770213225689,0.00344385106612847
0.14323248564789,0.123107748656254,6615,6615,0.00688770213225689,0.00344385106612843
0.14889265813029,0.127032399995186,6616,6616,0.00688770213225689,0.00344385106612847
0.14323248564789,0.123107748656254,6617,6617,0.00688770213225689,0.00344385106612843
0.14889265813029,0.127032399995186,6618,6618,0.00688770213225689,0.00344385106612847
0.14323248564789,0.123107748656254,6619,6619,0.00688770213225689,0.00344385106612843
0.14889265813029,0.127032399995186,6620,6620,0.00688770213225689,0.00344385106612847
0.14323248564789,0.123107748656254,6621,6621,0.00688770213225689,0.00344385106612843
0.14889265813029,0.127032399995186,6622,6622,0.00688770213225689,0.00344385106612847
0.14323248564789,0.123107748656254,6623,6623,0.00688770213225689,0.00344385106612843
0.14889265813029,0.127032399995186,6624,6624,0.00688770213225689,0.00344385106612847
0.14323248564789,0.123107748656254,6625,6625,0.00688770213225689,0.00344385106612843
0.14889265813029,0.127032399995186,6626,6626,0.00688770213225689,0.00344385106612847
0.14323248564789,0.123107748656254,6627,6627,0.00688770213225689,0.00344385106612843
0.14889265813029,0.127032399995186,6628,6628,0.00688770213225689,0.00344385106612847
0.14323248564789,0.123107748656254,6629,6629,0.00688770213225689,0.00344385106612843
0.14889265813029,0.127032399995186,6630,6630,0.00688770213225689,0.00344385106612847
0.14323248564789,0.123107748656254,6631,6631,0.00688770213225689,0.00344385106612843
0.14889265813029,0.127032399995186,6632,6632,0.00688770213225689,0.00344385106612847
0.14323248564789,0.123107748656254,6633,6633,0.00688770213225689,0.00344385106612843
0.14889265813029,0.127032399995186,6634,6634,0.00688770213225689,0.00344385106612847
0.14323248564789,0.123107748656254,6635,6635,0.00688770213225689,0.00344385106612843
0.14889265813029,0.127032399995186,6636,6636,0.00688770213225689,0.00344385106612847
0.14323248564789,0.123107748656254,6637,6637,0.00688770213225689,0.00344385106612843
0.14889265813029,0.127032399995186,6638,6638,0.00688770213225689,0.00344385106612847
0.14323248564789,0.123107748656254,6639,6639,0.00688770213225689,0.00344385106612843
0.14889265813029,0.127032399995186,6640,6640,0.00688770213225689,0.00344385106612847
0.14323248564789,0.123107748656254,6641,6641,0.00688770213225689,0.00344385106612843
0.14889265813029,0.127032399995186,6642,6642,0.00688770213225689,0.00344385106612847
0.14323248564789,0.123107748656254,6643,6643,0.00688770213225689,0.00344385106612843
0.14889265813029,0.127032399995186,6644,6644,0.00688770213225689,0.00344385106612847
0.14323248564789,0.123107748656254,6645,6645,0.00688770213225689,0.00344385106612843
0.14889265813029,0.127032399995186,6646,6646,0.00688770213225689,0.00344385106612847
0.14323248564789,0.123107748656254,6647,6647,0.00688770213225689,0.00344385106612843
0.14889265813029,0.127032399995186,6648,6648,0.00688770213225689,0.00344385106612847
0.14323248564789,0.123107748656254,6649,6649,0.00688770213225689,0.00344385106612843
0.14889265813029,0.127032399995186,6650,6650,0.00688770213225689,0.00344385106612847
0.14323248564789,0.123107748656254,6651,6651,0.00688770213225689,0.00344385106612843
0.14889265813029,0.127032399995186,6652,6652,0.00688770213225689,0.00344385106612847
0.14323248564789,0.123107748656254,6653,6653,0.00688770213225689,0.00344385106612843
0.14889265813029,0.127032399995186,6654,6654,0.00688770213225689,0.00344385106612847
0.14323248564789,0.123107748656254,6655,6655,0.00688770213225689,0.00344385106612843
0.14889265813029,0.127032399995186,6656,6656,0.00688770213225689,0.00344385106612847
0.14323248564789,0.123107748656254,6657,6657,0.00688770213225689,0.00344385106612843
0.14889265813029,0.127032399995186,6658,6658,0.00688770213225689,0.00344385106612847
0.14323248564789,0.123107748656254,6659,6659,0.00688770213225689,0.00344385106612843
0.14889265813029,0.127032399995186,6660,6660,0.00688770213225689,0.00344385106612847
0.14323248564789,0.123107748656254,6661,6661,0.00688770213225689,0.00344385106612843
0.14889265813029,0.127032399995186,6662,6662,0.00688770213225689,0.00344385106612847
0.14323248564789,0.123107748656254,6663,6663,0.00688770213225689,0.00344385106612843
0.14889265813029,0.127032399995186,6664,6664,0.00688770213225689,0.00344385106612847
0.14323248564789,0.123107748656254,6665,6665,0.00688770213225689,0.00344385106612843
0.14889265813029,0.127032399995186,6666,6666,0.00688770213225689,0.00344385106612847
0.14323248564789,0.123107748656254,6667,6667,0.00688770213225689,0.00344385106612843
0.14889265813029,0.127032399995186,6668,6668,0.00688770213225689,0.00344385106612847
0.14323248564789,0.123107748656254,6669,6669,0.00688770213225689,0.00344385106612843
0.14889265813029,0.127032399995186,6670,6670,0.00688770213225689,0.00344385106612847
0.14323248564789,0.123107748656254,6671,6671,0.00688770213225689,0.00344385106612843
0.14889265813029,0.127032399995186,6672,6672,0.00688770213225689,0.00344385106612847
0.14323248564789,0.123107748656254,6673,6673,0.00688770213225689,0.00344385106612843
0.14889265813029,0.127032399995186,6674,6674,0.00688770213225689,0.00344385106612847
0.14323248564789,0.123107748656254,6675,6675,0.00688770213225689,0.00344385106612843
0.14889265813029,0.127032399995186,6676,6676,0.00688770213225689,0.00344385106612847
0.14323248564789,0.123107748656254,6677,6677,0.00688770213225689,0.00344385106612843
0.14889265813029,0.127032399995186,6678,6678,0.00688770213225689,0.00344385106612847
0.14323248564789,0.123107748656254,6679,6679,0.00688770213225689,0.00344385106612843
0.14889265813029,0.127032399995186,6680,6680,0.00688770213225689,0.00344385106612847
0.14323248564789,0.123107748656254,6681,6681,0.00688770213225689,0.00344385106612843
0.14889265813029,0.127032399995186,6682,6682,0.00688770213225689,0.00344385106612847
0.14323248564789,0.123107748656254,6683,6683,0.00688770213225689,0.00344385106612843
0.14889265813029,0.127032399995186,6684,6684,0.00688770213225689,0.00344385106612847
0.14323248564789,0.123107748656254,6685,6685,0.00688770213225689,0.00344385106612843
0.14889265813029,0.127032399995186,6686,6686,0.00688770213225689,0.00344385106612847
0.14323248564789,0.123107748656254,6687,6687,0.00688770213225689,0.00344385106612843
0.14889265813029,0.127032399995186,6688,6688,0.00688770213225689,0.00344385106612847
0.14323248564789,0.123107748656254,6689,6689,0.00688770213225689,0.00344385106612843
0.14889265813029,0.127032399995186,6690,6690,0.00688770213225689,0.00344385106612847
0.14323248564789,0.123107748656254,6691,6691,0.00688770213225689,0.00344385106612843
0.14889265813029,0.127032399995186,6692,6692,0.00688770213225689,0.00344385106612847
0.14323248564789,0.123107748656254,6693,6693,0.00688770213225689,0.00344385106612843
0.14889265813029,0.127032399995186,6694,6694,0.00688770213225689,0.00344385106612847
0.14323248564789,0.123107748656254,6695,6695,0.00688770213225689,0.00344385106612843
0.14889265813029,0.127032399995186,6696,6696,0.00688770213225689,0.00344385106612847
0.14323248564789,0.123107748656254,6697,6697,0.00688770213225689,0.00344385106612843
0.14889265813029,0.127032399995186,6698,6698,0.00688770213225689,0.00344385106612847
0.14323248564789,0.123107748656254,6699,6699,0.00688770213225689,0.00344385106612843
0.14889265813029,0.127032399995186,6700,6700,0.00688770213225689,0.00344385106612847
0.14323248564789,0.123107748656254,6701,6701,0.00688770213225689,0.00344385106612843
0.14889265813029,0.127032399995186,6702,6702,0.00688770213225689,0.00344385106612847
0.14323248564789,0.123107748656254,6703,6703,0.00688770213225689,0.00344385106612843
0.14889265813029,0.127032399995186,6704,6704,0.00688770213225689,0.00344385106612847
0.14323248564789,0.123107748656254,6705,6705,0.00688770213225689,0.00344385106612843
0.14889265813029,0.127032399995186,6706,6706,0.00688770213225689,0.00344385106612847
0.14323248564789,0.123107748656254,6707,6707,0.00688770213225689,0.00344385106612843
0.14889265813029,0.127032399995186,6708,6708,0.00688770213225689,0.00344385106612847
0.14323248564789,0.123107748656254,6709,6709,0.00688770213225689,0.00344385106612843
0.14889265813029,0.127032399995186,6710,6710,0.00688770213225689,0.00344385106612847
0.14323248564789,0.123107748656254,6711,6711,0.00688770213225689,0.00344385106612843
0.14889265813029,0.127032399995186,6712,6712,0.00688770213225689,0.00344385106612847
0.14323248564789,0.123107748656254,6713,6713,0.00688770213225689,0.00344385106612843
0.14889265813029,0.127032399995186,6714,6714,0.00688770213225689,0.00344385106612847
0.14323248564789,0.123107748656254,6715,6715,0.00688770213225689,0.00344385106612843
0.14889265813029,0.127032399995186,6716,6716,0.00688770213225689,0.00344385106612847
0.14323248564789,0.123107748656254,6717,6717,0.00688770213225689,0.00344385106612843
0.14889265813029,0.127032399995186,6718,6718,0.00688770213225689,0.00344385106612847
0.14323248564789,0.123107748656254,6719,6719,0.00688770213225689,0.00344385106612843
0.14889265813029,0.127032399995186,6720,6720,0.00688770213225689,0.00344385106612847
0.14323248564789,0.123107748656254,6721,6721,0.00688770213225689,0.00344385106612843
0.14889265813029,0.127032399995186,6722,6722,0.00688770213225689,0.00344385106612847
0.14323248564789,0.123107748656254,6723,6723,0.00688770213225689,0.00344385106612843
0.14889265813029,0.127032399995186,6724,6724,0.00688770213225689,0.00344385106612847
0.14323248564789,0.123107748656254,6725,6725,0.00688770213225689,0.00344385106612843
0.14889265813029,0.127032399995186,6726,6726,0.00688770213225689,0.00344385106612847
0.14323248564789,0.123107748656254,6727,6727,0.00688770213225689,0.00344385106612843
0.14889265813029,0.127032399995186,6728,6728,0.00688770213225689,0.00344385106612847
0.14323248564789,0.123107748656254,6729,6729,0.00688770213225689,0.00344385106612843
0.14889265813029,0.127032399995186,6730,6730,0.00688770213225689,0.00344385106612847
0.14323248564789,0.123107748656254,6731,6731,0.00688770213225689,0.00344385106612843
0.14889265813029,0.127032399995186,6732,6732,0.00688770213225689,0.00344385106612847
0.14323248564789,0.123107748656254,6733,6733,0.00688770213225689,0.00344385106612843
0.14889265813029,0.127032399995186,6734,6734,0.00688770213225689,0.00344385106612847
0.14323248564789,0.123107748656254,6735,6735,0.00688770213225689,0.00344385106612843
0.14889265813029,0.127032399995186,6736,6736,0.00688770213225689,0.00344385106612847
0.14323248564789,0.123107748656254,6737,6737,0.00688770213225689,0.00344385106612843
0.14889265813029,0.127032399995186,6738,6738,0.00688770213225689,0.00344385106612847
0.14323248564789,0.123107748656254,6739,6739,0.00688770213225689,0.00344385106612843
0.14889265813029,0.127032399995186,6740,6740,0.00688770213225689,0.00344385106612847
0.14323248564789,0.123107748656254,6741,6741,0.00688770213225689,0.00344385106612843
0.14889265813029,0.127032399995186,6742,6742,0.00688770213225689,0.00344385106612847
0.14323248564789,0.123107748656254,6743,6743,0.00688770213225689,0.00344385106612843
0.14889265813029,0.127032399995186,6744,6744,0.00688770213225689,0.00344385106612847
0.14323248564789,0.123107748656254,6745,6745,0.00688770213225689,0.00344385106612843
0.14889265813029,0.127032399995186,6746,6746,0.00688770213225689,0.00344385106612847
0.14323248564789,0.123107748656254,6747,6747,0.00688770213225689,0.00344385106612843
0.14889265813029,0.127032399995186,6748,6748,0.00688770213225689,0.00344385106612847
0.14323248564789,0.123107748656254,6749,6749,0.00688770213225689,0.00344385106612843
0.14889265813029,0.127032399995186,6750,6750,0.00688770213225689,0.00344385106612847
0.14323248564789,0.123107748656254,6751,6751,0.00688770213225689,0.00344385106612843
0.14889265813029,0.127032399995186,6752,6752,0.00688770213225689,0.00344385106612847
0.14323248564789,0.123107748656254,6753,6753,0.00688770213225689,0.00344385106612843
0.14889265813029,0.127032399995186,6754,6754,0.00688770213225689,0.00344385106612847
0.14323248564789,0.123107748656254,6755,6755,0.00688770213225689,0.00344385106612843
0.14889265813029,0.127032399995186,6756,6756,0.00688770213225689,0.00344385106612847
0.14323248564789,0.123107748656254,6757,6757,0.00688770213225689,0.00344385106612843
0.14889265813029,0.127032399995186,6758,6758,0.00688770213225689,0.00344385106612847
0.14323248564789,0.123107748656254,6759,6759,0.00688770213225689,0.00344385106612843
0.14889265813029,0.127032399995186,6760,6760,0.00688770213225689,0.00344385106612847
0.14323248564789,0.123107748656254,6761,6761,0.00688770213225689,0.00344385106612843
0.14889265813029,0.127032399995186,6762,6762,0.00688770213225689,0.00344385106612847
0.14323248564789,0.123107748656254,6763,6763,0.00688770213225689,0.00344385106612843
0.14889265813029,0.127032399995186,6764,6764,0.00688770213225689,0.00344385106612847
0.14323248564789,0.123107748656254,6765,6765,0.00688770213225689,0.00344385106612843
0.14889265813029,0.127032399995186,6766,6766,0.00688770213225689,0.00344385106612847
0.14323248564789,0.123107748656254,6767,6767,0.00688770213225689,0.00344385106612843
0.14889265813029,0.127032399995186,6768,6768,0.00688770213225689,0.00344385106612847
0.14323248564789,0.123107748656254,6769,6769,0.00688770213225689,0.00344385106612843
0.14889265813029,0.127032399995186,6770,6770,0.00688770213225689,0.00344385106612847
0.14323248564789,0.123107748656254,6771,6771,0.00688770213225689,0.00344385106612843
0.14889265813029,0.127032399995186,6772,6772,0.00688770213225689,0.00344385106612847
0.14323248564789,0.123107748656254,6773,6773,0.00688770213225689,0.00344385106612843
0.14889265813029,0.127032399995186,6774,6774,0.00688770213225689,0.00344385106612847
0.14323248564789,0.123107748656254,6775,6775,0.00688770213225689,0.00344385106612843
0.14889265813029,0.127032399995186,6776,6776,0.00688770213225689,0.00344385106612847
0.14323248564789,0.123107748656254,6777,6777,0.00688770213225689,0.00344385106612843
0.14889265813029,0.127032399995186,6778,6778,0.00688770213225689,0.00344385106612847
0.14323248564789,0.123107748656254,6779,6779,0.00688770213225689,0.00344385106612843
0.14889265813029,0.127032399995186,6780,6780,0.00688770213225689,0.00344385106612847
0.14323248564789,0.123107748656254,6781,6781,0.00688770213225689,0.00344385106612843
0.14889265813029,0.127032399995186,6782,6782,0.00688770213225689,0.00344385106612847
0.14323248564789,0.123107748656254,6783,6783,0.00688770213225689,0.00344385106612843
0.14889265813029,0.127032399995186,6784,6784,0.00688770213225689,0.00344385106612847
0.14323248564789,0.123107748656254,6785,6785,0.00688770213225689,0.00344385106612843
0.14889265813029,0.127032399995186,6786,6786,0.00688770213225689,0.00344385106612847
0.14323248564789,0.123107748656254,6787,6787,0.00688770213225689,0.00344385106612843
0.14889265813029,0.127032399995186,6788,6788,0.00688770213225689,0.00344385106612847
0.14323248564789,0.123107748656254,6789,6789,0.00688770213225689,0.00344385106612843
0.14889265813029,0.127032399995186,6790,6790,0.00688770213225689,0.00344385106612847
0.14323248564789,0.123107748656254,6791,6791,0.00688770213225689,0.00344385106612843
0.14889265813029,0.127032399995186,6792,6792,0.00688770213225689,0.00344385106612847
0.14323248564789,0.123107748656254,6793,6793,0.00688770213225689,0.00344385106612843
0.14889265813029,0.127032399995186,6794,6794,0.00688770213225689,0.00344385106612847
0.14323248564789,0.123107748656254,6795,6795,0.00688770213225689,0.00344385106612843
0.14889265813029,0.127032399995186,6796,6796,0.00688770213225689,0.00344385106612847
0.14323248564789,0.123107748656254,6797,6797,0.00688770213225689,0.00344385106612843
0.14889265813029,0.127032399995186,6798,6798,0.00688770213225689,0.00344385106612847
0.14323248564789,0.123107748656254,6799,6799,0.00688770213225689,0.00344385106612843
0.14889265813029,0.127032399995186,6800,6800,0.00688770213225689,0.00344385106612847
0.14323248564789,0.123107748656254,6801,6801,0.00688770213225689,0.00344385106612843
0.14889265813029,0.127032399995186,6802,6802,0.00688770213225689,0.00344385106612847
0.14323248564789,0.123107748656254,6803,6803,0.00688770213225689,0.00344385106612843
0.14889265813029,0.127032399995186,6804,6804,0.00688770213225689,0.00344385106612847
0.14323248564789,0.123107748656254,6805,6805,0.00688770213225689,0.00344385106612843
0.14889265813029,0.127032399995186,6806,6806,0.00688770213225689,0.00344385106612847
0.14323248564789,0.123107748656254,6807,6807,0.00688770213225689,0.00344385106612843
0.14889265813029,0.127032399995186,6808,6808,0.00688770213225689,0.00344385106612847
0.14323248564789,0.123107748656254,6809,6809,0.00688770213225689,0.00344385106612843
0.14889265813029,0.127032399995186,6810,6810,0.00688770213225689,0.00344385106612847
0.14323248564789,0.123107748656254,6811,6811,0.00688770213225689,0.00344385106612843
0.14889265813029,0.127032399995186,6812,6812,0.00688770213225689,0.00344385106612847
0.14323248564789,0.123107748656254,6813,6813,0.00688770213225689,0.00344385106612843
0.14889265813029,0.127032399995186,6814,6814,0.00688770213225689,0.00344385106612847
0.14323248564789,0.123107748656254,6815,6815,0.00688770213225689,0.00344385106612843
0.14889265813029,0.127032399995186,6816,6816,0.00688770213225689,0.00344385106612847
0.14323248564789,0.123107748656254,6817,6817,0.00688770213225689,0.00344385106612843
0.14889265813029,0.127032399995186,6818,6818,0.00688770213225689,0.00344385106612847
0.14323248564789,0.123107748656254,6819,6819,0.00688770213225689,0.00344385106612843
0.14889265813029,0.127032399995186,6820,6820,0.00688770213225689,0.00344385106612847
0.14323248564789,0.123107748656254,6821,6821,0.00688770213225689,0.00344385106612843
0.14889265813029,0.127032399995186,6822,6822,0.00688770213225689,0.00344385106612847
0.14323248564789,0.123107748656254,6823,6823,0.00688770213225689,0.00344385106612843
0.14889265813029,0.127032399995186,6824,6824,0.00688770213225689,0.00344385106612847
0.14323248564789,0.123107748656254,6825,6825,0.00688770213225689,0.00344385106612843
0.14889265813029,0.127032399995186,6826,6826,0.00688770213225689,0.00344385106612847
0.14323248564789,0.123107748656254,6827,6827,0.00688770213225689,0.00344385106612843
0.14889265813029,0.127032399995186,6828,6828,0.00688770213225689,0.00344385106612847
0.14323248564789,0.123107748656254,6829,6829,0.00688770213225689,0.00344385106612843
0.14889265813029,0.127032399995186,6830,6830,0.00688770213225689,0.00344385106612847
0.14323248564789,0.123107748656254,6831,6831,0.00688770213225689,0.00344385106612843
0.14889265813029,0.127032399995186,6832,6832,0.00688770213225689,0.00344385106612847
0.14323248564789,0.123107748656254,6833,6833,0.00688770213225689,0.00344385106612843
0.14889265813029,0.127032399995186,6834,6834,0.00688770213225689,0.00344385106612847
0.14323248564789,0.123107748656254,6835,6835,0.00688770213225689,0.00344385106612843
0.14889265813029,0.127032399995186,6836,6836,0.00688770213225689,0.00344385106612847
0.14323248564789,0.123107748656254,6837,6837,0.00688770213225689,0.00344385106612843
0.14889265813029,0.127032399995186,6838,6838,0.00688770213225689,0.00344385106612847
0.14323248564789,0.123107748656254,6839,6839,0.00688770213225689,0.00344385106612843
0.14889265813029,0.127032399995186,6840,6840,0.00688770213225689,0.00344385106612847
0.14323248564789,0.123107748656254,6841,6841,0.00688770213225689,0.00344385106612843
0.14889265813029,0.127032399995186,6842,6842,0.00688770213225689,0.00344385106612847
0.14323248564789,0.123107748656254,6843,6843,0.00688770213225689,0.00344385106612843
0.14889265813029,0.127032399995186,6844,6844,0.00688770213225689,0.00344385106612847
0.14323248564789,0.123107748656254,6845,6845,0.00688770213225689,0.00344385106612843
0.14889265813029,0.127032399995186,6846,6846,0.00688770213225689,0.00344385106612847
0.14323248564789,0.123107748656254,6847,6847,0.00688770213225689,0.00344385106612843
0.14889265813029,0.127032399995186,6848,6848,0.00688770213225689,0.00344385106612847
0.14323248564789,0.123107748656254,6849,6849,0.00688770213225689,0.00344385106612843
0.14889265813029,0.127032399995186,6850,6850,0.00688770213225689,0.00344385106612847
0.14323248564789,0.123107748656254,6851,6851,0.00688770213225689,0.00344385106612843
0.14889265813029,0.127032399995186,6852,6852,0.00688770213225689,0.00344385106612847
0.14323248564789,0.123107748656254,6853,6853,0.00688770213225689,0.00344385106612843
0.14889265813029,0.127032399995186,6854,6854,0.00688770213225689,0.00344385106612847
0.14323248564789,0.123107748656254,6855,6855,0.00688770213225689,0.00344385106612843
0.14889265813029,0.127032399995186,6856,6856,0.00688770213225689,0.00344385106612847
0.14323248564789,0.123107748656254,6857,6857,0.00688770213225689,0.00344385106612843
0.14889265813029,0.127032399995186,6858,6858,0.00688770213225689,0.00344385106612847
0.14323248564789,0.123107748656254,6859,6859,0.00688770213225689,0.00344385106612843
0.14889265813029,0.127032399995186,6860,6860,0.00688770213225689,0.00344385106612847
0.14323248564789,0.123107748656254,6861,6861,0.00688770213225689,0.00344385106612843
0.14889265813029,0.127032399995186,6862,6862,0.00688770213225689,0.00344385106612847
0.14323248564789,0.123107748656254,6863,6863,0.00688770213225689,0.00344385106612843
0.14889265813029,0.127032399995186,6864,6864,0.00688770213225689,0.00344385106612847
0.14323248564789,0.123107748656254,6865,6865,0.00688770213225689,0.00344385106612843
0.14889265813029,0.127032399995186,6866,6866,0.00688770213225689,0.00344385106612847
0.14323248564789,0.123107748656254,6867,6867,0.00688770213225689,0.00344385106612843
0.14889265813029,0.127032399995186,6868,6868,0.00688770213225689,0.00344385106612847
0.14323248564789,0.123107748656254,6869,6869,0.00688770213225689,0.00344385106612843
0.14889265813029,0.127032399995186,6870,6870,0.00688770213225689,0.00344385106612847
0.14323248564789,0.123107748656254,6871,6871,0.00688770213225689,0.00344385106612843
0.14889265813029,0.127032399995186,6872,6872,0.00688770213225689,0.00344385106612847
0.14323248564789,0.123107748656254,6873,6873,0.00688770213225689,0.00344385106612843
0.14889265813029,0.127032399995186,6874,6874,0.00688770213225689,0.00344385106612847
0.14323248564789,0.123107748656254,6875,6875,0.00688770213225689,0.00344385106612843
0.14889265813029,0.127032399995186,6876,6876,0.00688770213225689,0.00344385106612847
0.14323248564789,0.123107748656254,6877,6877,0.00688770213225689,0.00344385106612843
0.14889265813029,0.127032399995186,6878,6878,0.00688770213225689,0.00344385106612847
0.14323248564789,0.123107748656254,6879,6879,0.00688770213225689,0.00344385106612843
0.14889265813029,0.127032399995186,6880,6880,0.00688770213225689,0.00344385106612847
0.14323248564789,0.123107748656254,6881,6881,0.00688770213225689,0.00344385106612843
0.14889265813029,0.127032399995186,6882,6882,0.00688770213225689,0.00344385106612847
0.14323248564789,0.123107748656254,6883,6883,0.00688770213225689,0.00344385106612843
0.14889265813029,0.127032399995186,6884,6884,0.00688770213225689,0.00344385106612847
0.14323248564789,0.123107748656254,6885,6885,0.00688770213225689,0.00344385106612843
0.14889265813029,0.127032399995186,6886,6886,0.00688770213225689,0.00344385106612847
0.14323248564789,0.123107748656254,6887,6887,0.00688770213225689,0.00344385106612843
0.14889265813029,0.127032399995186,6888,6888,0.00688770213225689,0.00344385106612847
0.14323248564789,0.123107748656254,6889,6889,0.00688770213225689,0.00344385106612843
0.14889265813029,0.127032399995186,6890,6890,0.00688770213225689,0.00344385106612847
0.14323248564789,0.123107748656254,6891,6891,0.00688770213225689,0.00344385106612843
0.14889265813029,0.127032399995186,6892,6892,0.00688770213225689,0.00344385106612847
0.14323248564789,0.123107748656254,6893,6893,0.00688770213225689,0.00344385106612843
0.14889265813029,0.127032399995186,6894,6894,0.00688770213225689,0.00344385106612847
0.14323248564789,0.123107748656254,6895,6895,0.00688770213225689,0.00344385106612843
0.14889265813029,0.127032399995186,6896,6896,0.00688770213225689,0.00344385106612847
0.14323248564789,0.123107748656254,6897,6897,0.00688770213225689,0.00344385106612843
0.14889265813029,0.127032399995186,6898,6898,0.00688770213225689,0.00344385106612847
0.14323248564789,0.123107748656254,6899,6899,0.00688770213225689,0.00344385106612843
0.14889265813029,0.127032399995186,6900,6900,0.00688770213225689,0.00344385106612847
0.14323248564789,0.123107748656254,6901,6901,0.00688770213225689,0.00344385106612843
0.14889265813029,0.127032399995186,6902,6902,0.00688770213225689,0.00344385106612847
0.14323248564789,0.123107748656254,6903,6903,0.00688770213225689,0.00344385106612843
0.14889265813029,0.127032399995186,6904,6904,0.00688770213225689,0.00344385106612847
0.14323248564789,0.123107748656254,6905,6905,0.00688770213225689,0.00344385106612843
0.14889265813029,0.127032399995186,6906,6906,0.00688770213225689,0.00344385106612847
0.14323248564789,0.123107748656254,6907,6907,0.00688770213225689,0.00344385106612843
0.14889265813029,0.127032399995186,6908,6908,0.00688770213225689,0.00344385106612847
0.14323248564789,0.123107748656254,6909,6909,0.00688770213225689,0.00344385106612843
0.14889265813029,0.127032399995186,6910,6910,0.00688770213225689,0.00344385106612847
0.14323248564789,0.123107748656254,6911,6911,0.00688770213225689,0.00344385106612843
0.14889265813029,0.127032399995186,6912,6912,0.00688770213225689,0.00344385106612847
0.14323248564789,0.123107748656254,6913,6913,0.00688770213225689,0.00344385106612843
0.14889265813029,0.127032399995186,6914,6914,0.00688770213225689,0.00344385106612847
0.14323248564789,0.123107748656254,6915,6915,0.00688770213225689,0.00344385106612843
0.14889265813029,0.127032399995186,6916,6916,0.00688770213225689,0.00344385106612847
0.14323248564789,0.123107748656254,6917,6917,0.00688770213225689,0.00344385106612843
0.14889265813029,0.127032399995186,6918,6918,0.00688770213225689,0.00344385106612847
0.14323248564789,0.123107748656254,6919,6919,0.00688770213225689,0.00344385106612843
0.14889265813029,0.127032399995186,6920,6920,0.00688770213225689,0.00344385106612847
0.14323248564789,0.123107748656254,6921,6921,0.00688770213225689,0.00344385106612843
0.14889265813029,0.127032399995186,6922,6922,0.00688770213225689,0.00344385106612847
0.14323248564789,0.123107748656254,6923,6923,0.00688770213225689,0.00344385106612843
0.14889265813029,0.127032399995186,6924,6924,0.00688770213225689,0.00344385106612847
0.14323248564789,0.123107748656254,6925,6925,0.00688770213225689,0.00344385106612843
0.14889265813029,0.127032399995186,6926,6926,0.00688770213225689,0.00344385106612847
0.14323248564789,0.123107748656254,6927,6927,0.00688770213225689,0.00344385106612843
0.14889265813029,0.127032399995186,6928,6928,0.00688770213225689,0.00344385106612847
0.14323248564789,0.123107748656254,6929,6929,0.00688770213225689,0.00344385106612843
0.14889265813029,0.127032399995186,6930,6930,0.00688770213225689,0.00344385106612847
0.14323248564789,0.123107748656254,6931,6931,0.00688770213225689,0.00344385106612843
0.14889265813029,0.127032399995186,6932,6932,0.00688770213225689,0.00344385106612847
0.14323248564789,0.123107748656254,6933,6933,0.00688770213225689,0.00344385106612843
0.14889265813029,0.127032399995186,6934,6934,0.00688770213225689,0.00344385106612847
0.14323248564789,0.123107748656254,6935,6935,0.00688770213225689,0.00344385106612843
0.14889265813029,0.127032399995186,6936,6936,0.00688770213225689,0.00344385106612847
0.14323248564789,0.123107748656254,6937,6937,0.00688770213225689,0.00344385106612843
0.14889265813029,0.127032399995186,6938,6938,0.00688770213225689,0.00344385106612847
0.14323248564789,0.123107748656254,6939,6939,0.00688770213225689,0.00344385106612843
0.14889265813029,0.127032399995186,6940,6940,0.00688770213225689,0.00344385106612847
0.14323248564789,0.123107748656254,6941,6941,0.00688770213225689,0.00344385106612843
0.14889265813029,0.127032399995186,6942,6942,0.00688770213225689,0.00344385106612847
0.14323248564789,0.123107748656254,6943,6943,0.00688770213225689,0.00344385106612843
0.14889265813029,0.127032399995186,6944,6944,0.00688770213225689,0.00344385106612847
0.14323248564789,0.123107748656254,6945,6945,0.00688770213225689,0.00344385106612843
0.14889265813029,0.127032399995186,6946,6946,0.00688770213225689,0.00344385106612847
0.14323248564789,0.123107748656254,6947,6947,0.00688770213225689,0.00344385106612843
0.14889265813029,0.127032399995186,6948,6948,0.00688770213225689,0.00344385106612847
0.14323248564789,0.123107748656254,6949,6949,0.00688770213225689,0.00344385106612843
0.14889265813029,0.127032399995186,6950,6950,0.00688770213225689,0.00344385106612847
0.14323248564789,0.123107748656254,6951,6951,0.00688770213225689,0.00344385106612843
0.14889265813029,0.127032399995186,6952,6952,0.00688770213225689,0.00344385106612847
0.14323248564789,0.123107748656254,6953,6953,0.00688770213225689,0.00344385106612843
0.14889265813029,0.127032399995186,6954,6954,0.00688770213225689,0.00344385106612847
0.14323248564789,0.123107748656254,6955,6955,0.00688770213225689,0.00344385106612843
0.14889265813029,0.127032399995186,6956,6956,0.00688770213225689,0.00344385106612847
0.14323248564789,0.123107748656254,6957,6957,0.00688770213225689,0.00344385106612843
0.14889265813029,0.127032399995186,6958,6958,0.00688770213225689,0.00344385106612847
0.14323248564789,0.123107748656254,6959,6959,0.00688770213225689,0.00344385106612843
0.14889265813029,0.127032399995186,6960,6960,0.00688770213225689,0.00344385106612847
0.14323248564789,0.123107748656254,6961,6961,0.00688770213225689,0.00344385106612843
0.14889265813029,0.127032399995186,6962,6962,0.00688770213225689,0.00344385106612847
0.14323248564789,0.123107748656254,6963,6963,0.00688770213225689,0.00344385106612843
0.14889265813029,0.127032399995186,6964,6964,0.00688770213225689,0.00344385106612847
0.14323248564789,0.123107748656254,6965,6965,0.00688770213225689,0.00344385106612843
0.14889265813029,0.127032399995186,6966,6966,0.00688770213225689,0.00344385106612847
0.14323248564789,0.123107748656254,6967,6967,0.00688770213225689,0.00344385106612843
0.14889265813029,0.127032399995186,6968,6968,0.00688770213225689,0.00344385106612847
0.14323248564789,0.123107748656254,6969,6969,0.00688770213225689,0.00344385106612843
0.14889265813029,0.127032399995186,6970,6970,0.00688770213225689,0.00344385106612847
0.14323248564789,0.123107748656254,6971,6971,0.00688770213225689,0.00344385106612843
0.14889265813029,0.127032399995186,6972,6972,0.00688770213225689,0.00344385106612847
0.14323248564789,0.123107748656254,6973,6973,0.00688770213225689,0.00344385106612843
0.14889265813029,0.127032399995186,6974,6974,0.00688770213225689,0.00344385106612847
0.14323248564789,0.123107748656254,6975,6975,0.00688770213225689,0.00344385106612843
0.14889265813029,0.127032399995186,6976,6976,0.00688770213225689,0.00344385106612847
0.14323248564789,0.123107748656254,6977,6977,0.00688770213225689,0.00344385106612843
0.14889265813029,0.127032399995186,6978,6978,0.00688770213225689,0.00344385106612847
0.14323248564789,0.123107748656254,6979,6979,0.00688770213225689,0.00344385106612843
0.14889265813029,0.127032399995186,6980,6980,0.00688770213225689,0.00344385106612847
0.14323248564789,0.123107748656254,6981,6981,0.00688770213225689,0.00344385106612843
0.14889265813029,0.127032399995186,6982,6982,0.00688770213225689,0.00344385106612847
0.14323248564789,0.123107748656254,6983,6983,0.00688770213225689,0.00344385106612843
0.14889265813029,0.127032399995186,6984,6984,0.00688770213225689,0.00344385106612847
0.14323248564789,0.123107748656254,6985,6985,0.00688770213225689,0.00344385106612843
0.14889265813029,0.127032399995186,6986,6986,0.00688770213225689,0.00344385106612847
0.14323248564789,0.123107748656254,6987,6987,0.00688770213225689,0.00344385106612843
0.14889265813029,0.127032399995186,6988,6988,0.00688770213225689,0.00344385106612847
0.14323248564789,0.123107748656254,6989,6989,0.00688770213225689,0.00344385106612843
0.14889265813029,0.127032399995186,6990,6990,0.00688770213225689,0.00344385106612847
0.14323248564789,0.123107748656254,6991,6991,0.00688770213225689,0.00344385106612843
0.14889265813029,0.127032399995186,6992,6992,0.00688770213225689,0.00344385106612847
0.14323248564789,0.123107748656254,6993,6993,0.00688770213225689,0.00344385106612843
0.14889265813029,0.127032399995186,6994,6994,0.00688770213225689,0.00344385106612847
0.14323248564789,0.123107748656254,6995,6995,0.00688770213225689,0.00344385106612843
0.14889265813029,0.127032399995186,6996,6996,0.00688770213225689,0.00344385106612847
0.14323248564789,0.123107748656254,6997,6997,0.00688770213225689,0.00344385106612843
0.14889265813029,0.127032399995186,6998,6998,0.00688770213225689,0.00344385106612847
0.14323248564789,0.123107748656254,6999,6999,0.00688770213225689,0.00344385106612843
0.14889265813029,0.127032399995186,7000,7000,0.00688770213225689,0.00344385106612847
0.14323248564789,0.123107748656254,7001,7001,0.00688770213225689,0.00344385106612843
0.14889265813029,0.127032399995186,7002,7002,0.00688770213225689,0.00344385106612847
0.14323248564789,0.123107748656254,7003,7003,0.00688770213225689,0.00344385106612843
0.14889265813029,0.127032399995186,7004,7004,0.00688770213225689,0.00344385106612847
0.14323248564789,0.123107748656254,7005,7005,0.00688770213225689,0.00344385106612843
0.14889265813029,0.127032399995186,7006,7006,0.00688770213225689,0.00344385106612847
0.14323248564789,0.123107748656254,7007,7007,0.00688770213225689,0.00344385106612843
0.14889265813029,0.127032399995186,7008,7008,0.00688770213225689,0.00344385106612847
0.14323248564789,0.123107748656254,7009,7009,0.00688770213225689,0.00344385106612843
0.14889265813029,0.127032399995186,7010,7010,0.00688770213225689,0.00344385106612847
0.14323248564789,0.123107748656254,7011,7011,0.00688770213225689,0.00344385106612843
0.14889265813029,0.127032399995186,7012,7012,0.00688770213225689,0.00344385106612847
0.14323248564789,0.123107748656254,7013,7013,0.00688770213225689,0.00344385106612843
0.14889265813029,0.127032399995186,7014,7014,0.00688770213225689,0.00344385106612847
0.14323248564789,0.123107748656254,7015,7015,0.00688770213225689,0.00344385106612843
0.14889265813029,0.127032399995186,7016,7016,0.00688770213225689,0.00344385106612847
0.14323248564789,0.123107748656254,7017,7017,0.00688770213225689,0.00344385106612843
0.14889265813029,0.127032399995186,7018,7018,0.00688770213225689,0.00344385106612847
0.14323248564789,0.123107748656254,7019,7019,0.00688770213225689,0.00344385106612843
0.14889265813029,0.127032399995186,7020,7020,0.00688770213225689,0.00344385106612847
0.14323248564789,0.123107748656254,7021,7021,0.00688770213225689,0.00344385106612843
0.14889265813029,0.127032399995186,7022,7022,0.00688770213225689,0.00344385106612847
0.14323248564789,0.123107748656254,7023,7023,0.00688770213225689,0.00344385106612843
0.14889265813029,0.127032399995186,7024,7024,0.00688770213225689,0.00344385106612847
0.14323248564789,0.123107748656254,7025,7025,0.00688770213225689,0.00344385106612843
0.14889265813029,0.127032399995186,7026,7026,0.00688770213225689,0.00344385106612847
0.14323248564789,0.123107748656254,7027,7027,0.00688770213225689,0.00344385106612843
0.14889265813029,0.127032399995186,7028,7028,0.00688770213225689,0.00344385106612847
0.14323248564789,0.123107748656254,7029,7029,0.00688770213225689,0.00344385106612843
0.14889265813029,0.127032399995186,7030,7030,0.00688770213225689,0.00344385106612847
0.14323248564789,0.123107748656254,7031,7031,0.00688770213225689,0.00344385106612843
0.14889265813029,0.127032399995186,7032,7032,0.00688770213225689,0.00344385106612847
0.14323248564789,0.123107748656254,7033,7033,0.00688770213225689,0.00344385106612843
0.14889265813029,0.127032399995186,7034,7034,0.00688770213225689,0.00344385106612847
0.14323248564789,0.123107748656254,7035,7035,0.00688770213225689,0.00344385106612843
0.14889265813029,0.127032399995186,7036,7036,0.00688770213225689,0.00344385106612847
0.14323248564789,0.123107748656254,7037,7037,0.00688770213225689,0.00344385106612843
0.14889265813029,0.127032399995186,7038,7038,0.00688770213225689,0.00344385106612847
0.14323248564789,0.123107748656254,7039,7039,0.00688770213225689,0.00344385106612843
0.14889265813029,0.127032399995186,7040,7040,0.00688770213225689,0.00344385106612847
0.14323248564789,0.123107748656254,7041,7041,0.00688770213225689,0.00344385106612843
0.14889265813029,0.127032399995186,7042,7042,0.00688770213225689,0.00344385106612847
0.14323248564789,0.123107748656254,7043,7043,0.00688770213225689,0.00344385106612843
0.14889265813029,0.127032399995186,7044,7044,0.00688770213225689,0.00344385106612847
0.14323248564789,0.123107748656254,7045,7045,0.00688770213225689,0.00344385106612843
0.14889265813029,0.127032399995186,7046,7046,0.00688770213225689,0.00344385106612847
0.14323248564789,0.123107748656254,7047,7047,0.00688770213225689,0.00344385106612843
0.14889265813029,0.127032399995186,7048,7048,0.00688770213225689,0.00344385106612847
0.14323248564789,0.123107748656254,7049,7049,0.00688770213225689,0.00344385106612843
0.14889265813029,0.127032399995186,7050,7050,0.00688770213225689,0.00344385106612847
0.14323248564789,0.123107748656254,7051,7051,0.00688770213225689,0.00344385106612843
0.14889265813029,0.127032399995186,7052,7052,0.00688770213225689,0.00344385106612847
0.14323248564789,0.123107748656254,7053,7053,0.00688770213225689,0.00344385106612843
0.14889265813029,0.127032399995186,7054,7054,0.00688770213225689,0.00344385106612847
0.14323248564789,0.123107748656254,7055,7055,0.00688770213225689,0.00344385106612843
0.14889265813029,0.127032399995186,7056,7056,0.00688770213225689,0.00344385106612847
0.14323248564789,0.123107748656254,7057,7057,0.00688770213225689,0.00344385106612843
0.14889265813029,0.127032399995186,7058,7058,0.00688770213225689,0.00344385106612847
0.14323248564789,0.123107748656254,7059,7059,0.00688770213225689,0.00344385106612843
0.14889265813029,0.127032399995186,7060,7060,0.00688770213225689,0.00344385106612847
0.14323248564789,0.123107748656254,7061,7061,0.00688770213225689,0.00344385106612843
0.14889265813029,0.127032399995186,7062,7062,0.00688770213225689,0.00344385106612847
0.14323248564789,0.123107748656254,7063,7063,0.00688770213225689,0.00344385106612843
0.14889265813029,0.127032399995186,7064,7064,0.00688770213225689,0.00344385106612847
0.14323248564789,0.123107748656254,7065,7065,0.00688770213225689,0.00344385106612843
0.14889265813029,0.127032399995186,7066,7066,0.00688770213225689,0.00344385106612847
0.14323248564789,0.123107748656254,7067,7067,0.00688770213225689,0.00344385106612843
0.14889265813029,0.127032399995186,7068,7068,0.00688770213225689,0.00344385106612847
0.14323248564789,0.123107748656254,7069,7069,0.00688770213225689,0.00344385106612843
0.14889265813029,0.127032399995186,7070,7070,0.00688770213225689,0.00344385106612847
0.14323248564789,0.123107748656254,7071,7071,0.00688770213225689,0.00344385106612843
0.14889265813029,0.127032399995186,7072,7072,0.00688770213225689,0.00344385106612847
0.14323248564789,0.123107748656254,7073,7073,0.00688770213225689,0.00344385106612843
0.14889265813029,0.127032399995186,7074,7074,0.00688770213225689,0.00344385106612847
0.14323248564789,0.123107748656254,7075,7075,0.00688770213225689,0.00344385106612843
0.14889265813029,0.127032399995186,7076,7076,0.00688770213225689,0.00344385106612847
0.14323248564789,0.123107748656254,7077,7077,0.00688770213225689,0.00344385106612843
0.14889265813029,0.127032399995186,7078,7078,0.00688770213225689,0.00344385106612847
0.14323248564789,0.123107748656254,7079,7079,0.00688770213225689,0.00344385106612843
0.14889265813029,0.127032399995186,7080,7080,0.00688770213225689,0.00344385106612847
0.14323248564789,0.123107748656254,7081,7081,0.00688770213225689,0.00344385106612843
0.14889265813029,0.127032399995186,7082,7082,0.00688770213225689,0.00344385106612847
0.14323248564789,0.123107748656254,7083,7083,0.00688770213225689,0.00344385106612843
0.14889265813029,0.127032399995186,7084,7084,0.00688770213225689,0.00344385106612847
0.14323248564789,0.123107748656254,7085,7085,0.00688770213225689,0.00344385106612843
0.14889265813029,0.127032399995186,7086,7086,0.00688770213225689,0.00344385106612847
0.14323248564789,0.123107748656254,7087,7087,0.00688770213225689,0.00344385106612843
0.14889265813029,0.127032399995186,7088,7088,0.00688770213225689,0.00344385106612847
0.14323248564789,0.123107748656254,7089,7089,0.00688770213225689,0.00344385106612843
0.14889265813029,0.127032399995186,7090,7090,0.00688770213225689,0.00344385106612847
0.14323248564789,0.123107748656254,7091,7091,0.00688770213225689,0.00344385106612843
0.14889265813029,0.127032399995186,7092,7092,0.00688770213225689,0.00344385106612847
0.14323248564789,0.123107748656254,7093,7093,0.00688770213225689,0.00344385106612843
0.14889265813029,0.127032399995186,7094,7094,0.00688770213225689,0.00344385106612847
0.14323248564789,0.123107748656254,7095,7095,0.00688770213225689,0.00344385106612843
0.14889265813029,0.127032399995186,7096,7096,0.00688770213225689,0.00344385106612847
0.14323248564789,0.123107748656254,7097,7097,0.00688770213225689,0.00344385106612843
0.14889265813029,0.127032399995186,7098,7098,0.00688770213225689,0.00344385106612847
0.14323248564789,0.123107748656254,7099,7099,0.00688770213225689,0.00344385106612843
0.14889265813029,0.127032399995186,7100,7100,0.00688770213225689,0.00344385106612847
0.14323248564789,0.123107748656254,7101,7101,0.00688770213225689,0.00344385106612843
0.14889265813029,0.127032399995186,7102,7102,0.00688770213225689,0.00344385106612847
0.14323248564789,0.123107748656254,7103,7103,0.00688770213225689,0.00344385106612843
0.14889265813029,0.127032399995186,7104,7104,0.00688770213225689,0.00344385106612847
0.14323248564789,0.123107748656254,7105,7105,0.00688770213225689,0.00344385106612843
0.14889265813029,0.127032399995186,7106,7106,0.00688770213225689,0.00344385106612847
0.14323248564789,0.123107748656254,7107,7107,0.00688770213225689,0.00344385106612843
0.14889265813029,0.127032399995186,7108,7108,0.00688770213225689,0.00344385106612847
0.14323248564789,0.123107748656254,7109,7109,0.00688770213225689,0.00344385106612843
0.14889265813029,0.127032399995186,7110,7110,0.00688770213225689,0.00344385106612847
0.14323248564789,0.123107748656254,7111,7111,0.00688770213225689,0.00344385106612843
0.14889265813029,0.127032399995186,7112,7112,0.00688770213225689,0.00344385106612847
0.14323248564789,0.123107748656254,7113,7113,0.00688770213225689,0.00344385106612843
0.14889265813029,0.127032399995186,7114,7114,0.00688770213225689,0.00344385106612847
0.14323248564789,0.123107748656254,7115,7115,0.00688770213225689,0.00344385106612843
0.14889265813029,0.127032399995186,7116,7116,0.00688770213225689,0.00344385106612847
0.14323248564789,0.123107748656254,7117,7117,0.00688770213225689,0.00344385106612843
0.14889265813029,0.127032399995186,7118,7118,0.00688770213225689,0.00344385106612847
0.14323248564789,0.123107748656254,7119,7119,0.00688770213225689,0.00344385106612843
0.14889265813029,0.127032399995186,7120,7120,0.00688770213225689,0.00344385106612847
0.14323248564789,0.123107748656254,7121,7121,0.00688770213225689,0.00344385106612843
0.14889265813029,0.127032399995186,7122,7122,0.00688770213225689,0.00344385106612847
0.14323248564789,0.123107748656254,7123,7123,0.00688770213225689,0.00344385106612843
0.14889265813029,0.127032399995186,7124,7124,0.00688770213225689,0.00344385106612847
0.14323248564789,0.123107748656254,7125,7125,0.00688770213225689,0.00344385106612843
0.14889265813029,0.127032399995186,7126,7126,0.00688770213225689,0.00344385106612847
0.14323248564789,0.123107748656254,7127,7127,0.00688770213225689,0.00344385106612843
0.14889265813029,0.127032399995186,7128,7128,0.00688770213225689,0.00344385106612847
0.14323248564789,0.123107748656254,7129,7129,0.00688770213225689,0.00344385106612843
0.14889265813029,0.127032399995186,7130,7130,0.00688770213225689,0.00344385106612847
0.14323248564789,0.123107748656254,7131,7131,0.00688770213225689,0.00344385106612843
0.14889265813029,0.127032399995186,7132,7132,0.00688770213225689,0.00344385106612847
0.14323248564789,0.123107748656254,7133,7133,0.00688770213225689,0.00344385106612843
0.14889265813029,0.127032399995186,7134,7134,0.00688770213225689,0.00344385106612847
0.14323248564789,0.123107748656254,7135,7135,0.00688770213225689,0.00344385106612843
0.14889265813029,0.127032399995186,7136,7136,0.00688770213225689,0.00344385106612847
0.14323248564789,0.123107748656254,7137,7137,0.00688770213225689,0.00344385106612843
0.14889265813029,0.127032399995186,7138,7138,0.00688770213225689,0.00344385106612847
0.14323248564789,0.123107748656254,7139,7139,0.00688770213225689,0.00344385106612843
0.14889265813029,0.127032399995186,7140,7140,0.00688770213225689,0.00344385106612847
0.14323248564789,0.123107748656254,7141,7141,0.00688770213225689,0.00344385106612843
0.14889265813029,0.127032399995186,7142,7142,0.00688770213225689,0.00344385106612847
0.14323248564789,0.123107748656254,7143,7143,0.00688770213225689,0.00344385106612843
0.14889265813029,0.127032399995186,7144,7144,0.00688770213225689,0.00344385106612847
0.14323248564789,0.123107748656254,7145,7145,0.00688770213225689,0.00344385106612843
0.14889265813029,0.127032399995186,7146,7146,0.00688770213225689,0.00344385106612847
0.14323248564789,0.123107748656254,7147,7147,0.00688770213225689,0.00344385106612843
0.14889265813029,0.127032399995186,7148,7148,0.00688770213225689,0.00344385106612847
0.14323248564789,0.123107748656254,7149,7149,0.00688770213225689,0.00344385106612843
0.14889265813029,0.127032399995186,7150,7150,0.00688770213225689,0.00344385106612847
0.14323248564789,0.123107748656254,7151,7151,0.00688770213225689,0.00344385106612843
0.14889265813029,0.127032399995186,7152,7152,0.00688770213225689,0.00344385106612847
0.14323248564789,0.123107748656254,7153,7153,0.00688770213225689,0.00344385106612843
0.14889265813029,0.127032399995186,7154,7154,0.00688770213225689,0.00344385106612847
0.14323248564789,0.123107748656254,7155,7155,0.00688770213225689,0.00344385106612843
0.14889265813029,0.127032399995186,7156,7156,0.00688770213225689,0.00344385106612847
0.14323248564789,0.123107748656254,7157,7157,0.00688770213225689,0.00344385106612843
0.14889265813029,0.127032399995186,7158,7158,0.00688770213225689,0.00344385106612847
0.14323248564789,0.123107748656254,7159,7159,0.00688770213225689,0.00344385106612843
0.14889265813029,0.127032399995186,7160,7160,0.00688770213225689,0.00344385106612847
0.14323248564789,0.123107748656254,7161,7161,0.00688770213225689,0.00344385106612843
0.14889265813029,0.127032399995186,7162,7162,0.00688770213225689,0.00344385106612847
0.14323248564789,0.123107748656254,7163,7163,0.00688770213225689,0.00344385106612843
0.14889265813029,0.127032399995186,7164,7164,0.00688770213225689,0.00344385106612847
0.14323248564789,0.123107748656254,7165,7165,0.00688770213225689,0.00344385106612843
0.14889265813029,0.127032399995186,7166,7166,0.00688770213225689,0.00344385106612847
0.14323248564789,0.123107748656254,7167,7167,0.00688770213225689,0.00344385106612843
0.14889265813029,0.127032399995186,7168,7168,0.00688770213225689,0.00344385106612847
0.14323248564789,0.123107748656254,7169,7169,0.00688770213225689,0.00344385106612843
0.14889265813029,0.127032399995186,7170,7170,0.00688770213225689,0.00344385106612847
0.14323248564789,0.123107748656254,7171,7171,0.00688770213225689,0.00344385106612843
0.14889265813029,0.127032399995186,7172,7172,0.00688770213225689,0.00344385106612847
0.14323248564789,0.123107748656254,7173,7173,0.00688770213225689,0.00344385106612843
0.14889265813029,0.127032399995186,7174,7174,0.00688770213225689,0.00344385106612847
0.14323248564789,0.123107748656254,7175,7175,0.00688770213225689,0.00344385106612843
0.14889265813029,0.127032399995186,7176,7176,0.00688770213225689,0.00344385106612847
0.14323248564789,0.123107748656254,7177,7177,0.00688770213225689,0.00344385106612843
0.14889265813029,0.127032399995186,7178,7178,0.00688770213225689,0.00344385106612847
0.14323248564789,0.123107748656254,7179,7179,0.00688770213225689,0.00344385106612843
0.14889265813029,0.127032399995186,7180,7180,0.00688770213225689,0.00344385106612847
0.14323248564789,0.123107748656254,7181,7181,0.00688770213225689,0.00344385106612843
0.14889265813029,0.127032399995186,7182,7182,0.00688770213225689,0.00344385106612847
0.14323248564789,0.123107748656254,7183,7183,0.00688770213225689,0.00344385106612843
0.14889265813029,0.127032399995186,7184,7184,0.00688770213225689,0.00344385106612847
0.14323248564789,0.123107748656254,7185,7185,0.00688770213225689,0.00344385106612843
0.14889265813029,0.127032399995186,7186,7186,0.00688770213225689,0.00344385106612847
0.14323248564789,0.123107748656254,7187,7187,0.00688770213225689,0.00344385106612843
0.14889265813029,0.127032399995186,7188,7188,0.00688770213225689,0.00344385106612847
0.14323248564789,0.123107748656254,7189,7189,0.00688770213225689,0.00344385106612843
0.14889265813029,0.127032399995186,7190,7190,0.00688770213225689,0.00344385106612847
0.14323248564789,0.123107748656254,7191,7191,0.00688770213225689,0.00344385106612843
0.14889265813029,0.127032399995186,7192,7192,0.00688770213225689,0.00344385106612847
0.14323248564789,0.123107748656254,7193,7193,0.00688770213225689,0.00344385106612843
0.14889265813029,0.127032399995186,7194,7194,0.00688770213225689,0.00344385106612847
0.14323248564789,0.123107748656254,7195,7195,0.00688770213225689,0.00344385106612843
0.14889265813029,0.127032399995186,7196,7196,0.00688770213225689,0.00344385106612847
0.14323248564789,0.123107748656254,7197,7197,0.00688770213225689,0.00344385106612843
0.14889265813029,0.127032399995186,7198,7198,0.00688770213225689,0.00344385106612847
0.14323248564789,0.123107748656254,7199,7199,0.00688770213225689,0.00344385106612843
0.14889265813029,0.127032399995186,7200,7200,0.00688770213225689,0.00344385106612847
0.14323248564789,0.123107748656254,7201,7201,0.00688770213225689,0.00344385106612843
0.14889265813029,0.127032399995186,7202,7202,0.00688770213225689,0.00344385106612847
0.14323248564789,0.123107748656254,7203,7203,0.00688770213225689,0.00344385106612843
0.14889265813029,0.127032399995186,7204,7204,0.00688770213225689,0.00344385106612847
0.14323248564789,0.123107748656254,7205,7205,0.00688770213225689,0.00344385106612843
0.14889265813029,0.127032399995186,7206,7206,0.00688770213225689,0.00344385106612847
0.14323248564789,0.123107748656254,7207,7207,0.00688770213225689,0.00344385106612843
0.14889265813029,0.127032399995186,7208,7208,0.00688770213225689,0.00344385106612847
0.14323248564789,0.123107748656254,7209,7209,0.00688770213225689,0.00344385106612843
0.14889265813029,0.127032399995186,7210,7210,0.00688770213225689,0.00344385106612847
0.14323248564789,0.123107748656254,7211,7211,0.00688770213225689,0.00344385106612843
0.14889265813029,0.127032399995186,7212,7212,0.00688770213225689,0.00344385106612847
0.14323248564789,0.123107748656254,7213,7213,0.00688770213225689,0.00344385106612843
0.14889265813029,0.127032399995186,7214,7214,0.00688770213225689,0.00344385106612847
0.14323248564789,0.123107748656254,7215,7215,0.00688770213225689,0.00344385106612843
0.14889265813029,0.127032399995186,7216,7216,0.00688770213225689,0.00344385106612847
0.14323248564789,0.123107748656254,7217,7217,0.00688770213225689,0.00344385106612843
0.14889265813029,0.127032399995186,7218,7218,0.00688770213225689,0.00344385106612847
0.14323248564789,0.123107748656254,7219,7219,0.00688770213225689,0.00344385106612843
0.14889265813029,0.127032399995186,7220,7220,0.00688770213225689,0.00344385106612847
0.14323248564789,0.123107748656254,7221,7221,0.00688770213225689,0.00344385106612843
0.14889265813029,0.127032399995186,7222,7222,0.00688770213225689,0.00344385106612847
0.14323248564789,0.123107748656254,7223,7223,0.00688770213225689,0.00344385106612843
0.14889265813029,0.127032399995186,7224,7224,0.00688770213225689,0.00344385106612847
0.14323248564789,0.123107748656254,7225,7225,0.00688770213225689,0.00344385106612843
0.14889265813029,0.127032399995186,7226,7226,0.00688770213225689,0.00344385106612847
0.14323248564789,0.123107748656254,7227,7227,0.00688770213225689,0.00344385106612843
0.14889265813029,0.127032399995186,7228,7228,0.00688770213225689,0.00344385106612847
0.14323248564789,0.123107748656254,7229,7229,0.00688770213225689,0.00344385106612843
0.14889265813029,0.127032399995186,7230,7230,0.00688770213225689,0.00344385106612847
0.14323248564789,0.123107748656254,7231,7231,0.00688770213225689,0.00344385106612843
0.14889265813029,0.127032399995186,7232,7232,0.00688770213225689,0.00344385106612847
0.14323248564789,0.123107748656254,7233,7233,0.00688770213225689,0.00344385106612843
0.14889265813029,0.127032399995186,7234,7234,0.00688770213225689,0.00344385106612847
0.14323248564789,0.123107748656254,7235,7235,0.00688770213225689,0.00344385106612843
0.14889265813029,0.127032399995186,7236,7236,0.00688770213225689,0.00344385106612847
0.14323248564789,0.123107748656254,7237,7237,0.00688770213225689,0.00344385106612843
0.14889265813029,0.127032399995186,7238,7238,0.00688770213225689,0.00344385106612847
0.14323248564789,0.123107748656254,7239,7239,0.00688770213225689,0.00344385106612843
0.14889265813029,0.127032399995186,7240,7240,0.00688770213225689,0.00344385106612847
0.14323248564789,0.123107748656254,7241,7241,0.00688770213225689,0.00344385106612843
0.14889265813029,0.127032399995186,7242,7242,0.00688770213225689,0.00344385106612847
0.14323248564789,0.123107748656254,7243,7243,0.00688770213225689,0.00344385106612843
0.14889265813029,0.127032399995186,7244,7244,0.00688770213225689,0.00344385106612847
0.14323248564789,0.123107748656254,7245,7245,0.00688770213225689,0.00344385106612843
0.14889265813029,0.127032399995186,7246,7246,0.00688770213225689,0.00344385106612847
0.14323248564789,0.123107748656254,7247,7247,0.00688770213225689,0.00344385106612843
0.14889265813029,0.127032399995186,7248,7248,0.00688770213225689,0.00344385106612847
0.14323248564789,0.123107748656254,7249,7249,0.00688770213225689,0.00344385106612843
0.14889265813029,0.127032399995186,7250,7250,0.00688770213225689,0.00344385106612847
0.14323248564789,0.123107748656254,7251,7251,0.00688770213225689,0.00344385106612843
0.14889265813029,0.127032399995186,7252,7252,0.00688770213225689,0.00344385106612847
0.14323248564789,0.123107748656254,7253,7253,0.00688770213225689,0.00344385106612843
0.14889265813029,0.127032399995186,7254,7254,0.00688770213225689,0.00344385106612847
0.14323248564789,0.123107748656254,7255,7255,0.00688770213225689,0.00344385106612843
0.14889265813029,0.127032399995186,7256,7256,0.00688770213225689,0.00344385106612847
0.14323248564789,0.123107748656254,7257,7257,0.00688770213225689,0.00344385106612843
0.14889265813029,0.127032399995186,7258,7258,0.00688770213225689,0.00344385106612847
0.14323248564789,0.123107748656254,7259,7259,0.00688770213225689,0.00344385106612843
0.14889265813029,0.127032399995186,7260,7260,0.00688770213225689,0.00344385106612847
0.14323248564789,0.123107748656254,7261,7261,0.00688770213225689,0.00344385106612843
0.14889265813029,0.127032399995186,7262,7262,0.00688770213225689,0.00344385106612847
0.14323248564789,0.123107748656254,7263,7263,0.00688770213225689,0.00344385106612843
0.14889265813029,0.127032399995186,7264,7264,0.00688770213225689,0.00344385106612847
0.14323248564789,0.123107748656254,7265,7265,0.00688770213225689,0.00344385106612843
0.14889265813029,0.127032399995186,7266,7266,0.00688770213225689,0.00344385106612847
0.14323248564789,0.123107748656254,7267,7267,0.00688770213225689,0.00344385106612843
0.14889265813029,0.127032399995186,7268,7268,0.00688770213225689,0.00344385106612847
0.14323248564789,0.123107748656254,7269,7269,0.00688770213225689,0.00344385106612843
0.14889265813029,0.127032399995186,7270,7270,0.00688770213225689,0.00344385106612847
0.14323248564789,0.123107748656254,7271,7271,0.00688770213225689,0.00344385106612843
0.14889265813029,0.127032399995186,7272,7272,0.00688770213225689,0.00344385106612847
0.14323248564789,0.123107748656254,7273,7273,0.00688770213225689,0.00344385106612843
0.14889265813029,0.127032399995186,7274,7274,0.00688770213225689,0.00344385106612847
0.14323248564789,0.123107748656254,7275,7275,0.00688770213225689,0.00344385106612843
0.14889265813029,0.127032399995186,7276,7276,0.00688770213225689,0.00344385106612847
0.14323248564789,0.123107748656254,7277,7277,0.00688770213225689,0.00344385106612843
0.14889265813029,0.127032399995186,7278,7278,0.00688770213225689,0.00344385106612847
0.14323248564789,0.123107748656254,7279,7279,0.00688770213225689,0.00344385106612843
0.14889265813029,0.127032399995186,7280,7280,0.00688770213225689,0.00344385106612847
0.14323248564789,0.123107748656254,7281,7281,0.00688770213225689,0.00344385106612843
0.14889265813029,0.127032399995186,7282,7282,0.00688770213225689,0.00344385106612847
0.14323248564789,0.123107748656254,7283,7283,0.00688770213225689,0.00344385106612843
0.14889265813029,0.127032399995186,7284,7284,0.00688770213225689,0.00344385106612847
0.14323248564789,0.123107748656254,7285,7285,0.00688770213225689,0.00344385106612843
0.14889265813029,0.127032399995186,7286,7286,0.00688770213225689,0.00344385106612847
0.14323248564789,0.123107748656254,7287,7287,0.00688770213225689,0.00344385106612843
0.14889265813029,0.127032399995186,7288,7288,0.00688770213225689,0.00344385106612847
0.14323248564789,0.123107748656254,7289,7289,0.00688770213225689,0.00344385106612843
0.14889265813029,0.127032399995186,7290,7290,0.00688770213225689,0.00344385106612847
0.14323248564789,0.123107748656254,7291,7291,0.00688770213225689,0.00344385106612843
0.14889265813029,0.127032399995186,7292,7292,0.00688770213225689,0.00344385106612847
0.14323248564789,0.123107748656254,7293,7293,0.00688770213225689,0.00344385106612843
0.14889265813029,0.127032399995186,7294,7294,0.00688770213225689,0.00344385106612847
0.14323248564789,0.123107748656254,7295,7295,0.00688770213225689,0.00344385106612843
0.14889265813029,0.127032399995186,7296,7296,0.00688770213225689,0.00344385106612847
0.14323248564789,0.123107748656254,7297,7297,0.00688770213225689,0.00344385106612843
0.14889265813029,0.127032399995186,7298,7298,0.00688770213225689,0.00344385106612847
0.14323248564789,0.123107748656254,7299,7299,0.00688770213225689,0.00344385106612843
0.14889265813029,0.127032399995186,7300,7300,0.00688770213225689,0.00344385106612847
0.14323248564789,0.123107748656254,7301,7301,0.00688770213225689,0.00344385106612843
0.14889265813029,0.127032399995186,7302,7302,0.00688770213225689,0.00344385106612847
0.14323248564789,0.123107748656254,7303,7303,0.00688770213225689,0.00344385106612843
0.14889265813029,0.127032399995186,7304,7304,0.00688770213225689,0.00344385106612847
0.14323248564789,0.123107748656254,7305,7305,0.00688770213225689,0.00344385106612843
0.14889265813029,0.127032399995186,7306,7306,0.00688770213225689,0.00344385106612847
0.14323248564789,0.123107748656254,7307,7307,0.00688770213225689,0.00344385106612843
0.14889265813029,0.127032399995186,7308,7308,0.00688770213225689,0.00344385106612847
0.14323248564789,0.123107748656254,7309,7309,0.00688770213225689,0.00344385106612843
0.14889265813029,0.127032399995186,7310,7310,0.00688770213225689,0.00344385106612847
0.14323248564789,0.123107748656254,7311,7311,0.00688770213225689,0.00344385106612843
0.14889265813029,0.127032399995186,7312,7312,0.00688770213225689,0.00344385106612847
0.14323248564789,0.123107748656254,7313,7313,0.00688770213225689,0.00344385106612843
0.14889265813029,0.127032399995186,7314,7314,0.00688770213225689,0.00344385106612847
0.14323248564789,0.123107748656254,7315,7315,0.00688770213225689,0.00344385106612843
0.14889265813029,0.127032399995186,7316,7316,0.00688770213225689,0.00344385106612847
0.14323248564789,0.123107748656254,7317,7317,0.00688770213225689,0.00344385106612843
0.14889265813029,0.127032399995186,7318,7318,0.00688770213225689,0.00344385106612847
0.14323248564789,0.123107748656254,7319,7319,0.00688770213225689,0.00344385106612843
0.14889265813029,0.127032399995186,7320,7320,0.00688770213225689,0.00344385106612847
0.14323248564789,0.123107748656254,7321,7321,0.00688770213225689,0.00344385106612843
0.14889265813029,0.127032399995186,7322,7322,0.00688770213225689,0.00344385106612847
0.14323248564789,0.123107748656254,7323,7323,0.00688770213225689,0.00344385106612843
0.14889265813029,0.127032399995186,7324,7324,0.00688770213225689,0.00344385106612847
0.14323248564789,0.123107748656254,7325,7325,0.00688770213225689,0.00344385106612843
0.14889265813029,0.127032399995186,7326,7326,0.00688770213225689,0.00344385106612847
0.14323248564789,0.123107748656254,7327,7327,0.00688770213225689,0.00344385106612843
0.14889265813029,0.127032399995186,7328,7328,0.00688770213225689,0.00344385106612847
0.14323248564789,0.123107748656254,7329,7329,0.00688770213225689,0.00344385106612843
0.14889265813029,0.127032399995186,7330,7330,0.00688770213225689,0.00344385106612847
0.14323248564789,0.123107748656254,7331,7331,0.00688770213225689,0.00344385106612843
0.14889265813029,0.127032399995186,7332,7332,0.00688770213225689,0.00344385106612847
0.14323248564789,0.123107748656254,7333,7333,0.00688770213225689,0.00344385106612843
0.14889265813029,0.127032399995186,7334,7334,0.00688770213225689,0.00344385106612847
0.14323248564789,0.123107748656254,7335,7335,0.00688770213225689,0.00344385106612843
0.14889265813029,0.127032399995186,7336,7336,0.00688770213225689,0.00344385106612847
0.14323248564789,0.123107748656254,7337,7337,0.00688770213225689,0.00344385106612843
0.14889265813029,0.127032399995186,7338,7338,0.00688770213225689,0.00344385106612847
0.14323248564789,0.123107748656254,7339,7339,0.00688770213225689,0.00344385106612843
0.14889265813029,0.127032399995186,7340,7340,0.00688770213225689,0.00344385106612847
0.14323248564789,0.123107748656254,7341,7341,0.00688770213225689,0.00344385106612843
0.14889265813029,0.127032399995186,7342,7342,0.00688770213225689,0.00344385106612847
0.14323248564789,0.123107748656254,7343,7343,0.00688770213225689,0.00344385106612843
0.14889265813029,0.127032399995186,7344,7344,0.00688770213225689,0.00344385106612847
0.14323248564789,0.123107748656254,7345,7345,0.00688770213225689,0.00344385106612843
0.14889265813029,0.127032399995186,7346,7346,0.00688770213225689,0.00344385106612847
0.14323248564789,0.123107748656254,7347,7347,0.00688770213225689,0.00344385106612843
0.14889265813029,0.127032399995186,7348,7348,0.00688770213225689,0.00344385106612847
0.14323248564789,0.123107748656254,7349,7349,0.00688770213225689,0.00344385106612843
0.14889265813029,0.127032399995186,7350,7350,0.00688770213225689,0.00344385106612847
0.14323248564789,0.123107748656254,7351,7351,0.00688770213225689,0.00344385106612843
0.14889265813029,0.127032399995186,7352,7352,0.00688770213225689,0.00344385106612847
0.14323248564789,0.123107748656254,7353,7353,0.00688770213225689,0.00344385106612843
0.14889265813029,0.127032399995186,7354,7354,0.00688770213225689,0.00344385106612847
0.14323248564789,0.123107748656254,7355,7355,0.00688770213225689,0.00344385106612843
0.14889265813029,0.127032399995186,7356,7356,0.00688770213225689,0.00344385106612847
0.14323248564789,0.123107748656254,7357,7357,0.00688770213225689,0.00344385106612843
0.14889265813029,0.127032399995186,7358,7358,0.00688770213225689,0.00344385106612847
0.14323248564789,0.123107748656254,7359,7359,0.00688770213225689,0.00344385106612843
0.14889265813029,0.127032399995186,7360,7360,0.00688770213225689,0.00344385106612847
0.14323248564789,0.123107748656254,7361,7361,0.00688770213225689,0.00344385106612843
0.14889265813029,0.127032399995186,7362,7362,0.00688770213225689,0.00344385106612847
0.14323248564789,0.123107748656254,7363,7363,0.00688770213225689,0.00344385106612843
0.14889265813029,0.127032399995186,7364,7364,0.00688770213225689,0.00344385106612847
0.14323248564789,0.123107748656254,7365,7365,0.00688770213225689,0.00344385106612843
0.14889265813029,0.127032399995186,7366,7366,0.00688770213225689,0.00344385106612847
0.14323248564789,0.123107748656254,7367,7367,0.00688770213225689,0.00344385106612843
0.14889265813029,0.127032399995186,7368,7368,0.00688770213225689,0.00344385106612847
0.14323248564789,0.123107748656254,7369,7369,0.00688770213225689,0.00344385106612843
0.14889265813029,0.127032399995186,7370,7370,0.00688770213225689,0.00344385106612847
0.14323248564789,0.123107748656254,7371,7371,0.00688770213225689,0.00344385106612843
0.14889265813029,0.127032399995186,7372,7372,0.00688770213225689,0.00344385106612847
0.14323248564789,0.123107748656254,7373,7373,0.00688770213225689,0.00344385106612843
0.14889265813029,0.127032399995186,7374,7374,0.00688770213225689,0.00344385106612847
0.14323248564789,0.123107748656254,7375,7375,0.00688770213225689,0.00344385106612843
0.14889265813029,0.127032399995186,7376,7376,0.00688770213225689,0.00344385106612847
0.14323248564789,0.123107748656254,7377,7377,0.00688770213225689,0.00344385106612843
0.14889265813029,0.127032399995186,7378,7378,0.00688770213225689,0.00344385106612847
0.14323248564789,0.123107748656254,7379,7379,0.00688770213225689,0.00344385106612843
0.14889265813029,0.127032399995186,7380,7380,0.00688770213225689,0.00344385106612847
0.14323248564789,0.123107748656254,7381,7381,0.00688770213225689,0.00344385106612843
0.14889265813029,0.127032399995186,7382,7382,0.00688770213225689,0.00344385106612847
0.14323248564789,0.123107748656254,7383,7383,0.00688770213225689,0.00344385106612843
0.14889265813029,0.127032399995186,7384,7384,0.00688770213225689,0.00344385106612847
0.14323248564789,0.123107748656254,7385,7385,0.00688770213225689,0.00344385106612843
0.14889265813029,0.127032399995186,7386,7386,0.00688770213225689,0.00344385106612847
0.14323248564789,0.123107748656254,7387,7387,0.00688770213225689,0.00344385106612843
0.14889265813029,0.127032399995186,7388,7388,0.00688770213225689,0.00344385106612847
0.14323248564789,0.123107748656254,7389,7389,0.00688770213225689,0.00344385106612843
0.14889265813029,0.127032399995186,7390,7390,0.00688770213225689,0.00344385106612847
0.14323248564789,0.123107748656254,7391,7391,0.00688770213225689,0.00344385106612843
0.14889265813029,0.127032399995186,7392,7392,0.00688770213225689,0.00344385106612847
0.14323248564789,0.123107748656254,7393,7393,0.00688770213225689,0.00344385106612843
0.14889265813029,0.127032399995186,7394,7394,0.00688770213225689,0.00344385106612847
0.14323248564789,0.123107748656254,7395,7395,0.00688770213225689,0.00344385106612843
0.14889265813029,0.127032399995186,7396,7396,0.00688770213225689,0.00344385106612847
0.14323248564789,0.123107748656254,7397,7397,0.00688770213225689,0.00344385106612843
0.14889265813029,0.127032399995186,7398,7398,0.00688770213225689,0.00344385106612847
0.14323248564789,0.123107748656254,7399,7399,0.00688770213225689,0.00344385106612843
0.14889265813029,0.127032399995186,7400,7400,0.00688770213225689,0.00344385106612847
0.14323248564789,0.123107748656254,7401,7401,0.00688770213225689,0.00344385106612843
0.14889265813029,0.127032399995186,7402,7402,0.00688770213225689,0.00344385106612847
0.14323248564789,0.123107748656254,7403,7403,0.00688770213225689,0.00344385106612843
0.14889265813029,0.127032399995186,7404,7404,0.00688770213225689,0.00344385106612847
0.14323248564789,0.123107748656254,7405,7405,0.00688770213225689,0.00344385106612843
0.14889265813029,0.127032399995186,7406,7406,0.00688770213225689,0.00344385106612847
0.14323248564789,0.123107748656254,7407,7407,0.00688770213225689,0.00344385106612843
0.14889265813029,0.127032399995186,7408,7408,0.00688770213225689,0.00344385106612847
0.14323248564789,0.123107748656254,7409,7409,0.00688770213225689,0.00344385106612843
0.14889265813029,0.127032399995186,7410,7410,0.00688770213225689,0.00344385106612847
0.14323248564789,0.123107748656254,7411,7411,0.00688770213225689,0.00344385106612843
0.14889265813029,0.127032399995186,7412,7412,0.00688770213225689,0.00344385106612847
0.14323248564789,0.123107748656254,7413,7413,0.00688770213225689,0.00344385106612843
0.14889265813029,0.127032399995186,7414,7414,0.00688770213225689,0.00344385106612847
0.14323248564789,0.123107748656254,7415,7415,0.00688770213225689,0.00344385106612843
0.14889265813029,0.127032399995186,7416,7416,0.00688770213225689,0.00344385106612847
0.14323248564789,0.123107748656254,7417,7417,0.00688770213225689,0.00344385106612843
0.14889265813029,0.127032399995186,7418,7418,0.00688770213225689,0.00344385106612847
0.14323248564789,0.123107748656254,7419,7419,0.00688770213225689,0.00344385106612843
0.14889265813029,0.127032399995186,7420,7420,0.00688770213225689,0.00344385106612847
0.14323248564789,0.123107748656254,7421,7421,0.00688770213225689,0.00344385106612843
0.14889265813029,0.127032399995186,7422,7422,0.00688770213225689,0.00344385106612847
0.14323248564789,0.123107748656254,7423,7423,0.00688770213225689,0.00344385106612843
0.14889265813029,0.127032399995186,7424,7424,0.00688770213225689,0.00344385106612847
0.14323248564789,0.123107748656254,7425,7425,0.00688770213225689,0.00344385106612843
0.14889265813029,0.127032399995186,7426,7426,0.00688770213225689,0.00344385106612847
0.14323248564789,0.123107748656254,7427,7427,0.00688770213225689,0.00344385106612843
0.14889265813029,0.127032399995186,7428,7428,0.00688770213225689,0.00344385106612847
0.14323248564789,0.123107748656254,7429,7429,0.00688770213225689,0.00344385106612843
0.14889265813029,0.127032399995186,7430,7430,0.00688770213225689,0.00344385106612847
0.14323248564789,0.123107748656254,7431,7431,0.00688770213225689,0.00344385106612843
0.14889265813029,0.127032399995186,7432,7432,0.00688770213225689,0.00344385106612847
0.14323248564789,0.123107748656254,7433,7433,0.00688770213225689,0.00344385106612843
0.14889265813029,0.127032399995186,7434,7434,0.00688770213225689,0.00344385106612847
0.14323248564789,0.123107748656254,7435,7435,0.00688770213225689,0.00344385106612843
0.14889265813029,0.127032399995186,7436,7436,0.00688770213225689,0.00344385106612847
0.14323248564789,0.123107748656254,7437,7437,0.00688770213225689,0.00344385106612843
0.14889265813029,0.127032399995186,7438,7438,0.00688770213225689,0.00344385106612847
0.14323248564789,0.123107748656254,7439,7439,0.00688770213225689,0.00344385106612843
0.14889265813029,0.127032399995186,7440,7440,0.00688770213225689,0.00344385106612847
0.14323248564789,0.123107748656254,7441,7441,0.00688770213225689,0.00344385106612843
0.14889265813029,0.127032399995186,7442,7442,0.00688770213225689,0.00344385106612847
0.14323248564789,0.123107748656254,7443,7443,0.00688770213225689,0.00344385106612843
0.14889265813029,0.127032399995186,7444,7444,0.00688770213225689,0.00344385106612847
0.14323248564789,0.123107748656254,7445,7445,0.00688770213225689,0.00344385106612843
0.14889265813029,0.127032399995186,7446,7446,0.00688770213225689,0.00344385106612847
0.14323248564789,0.123107748656254,7447,7447,0.00688770213225689,0.00344385106612843
0.14889265813029,0.127032399995186,7448,7448,0.00688770213225689,0.00344385106612847
0.14323248564789,0.123107748656254,7449,7449,0.00688770213225689,0.00344385106612843
0.14889265813029,0.127032399995186,7450,7450,0.00688770213225689,0.00344385106612847
0.14323248564789,0.123107748656254,7451,7451,0.00688770213225689,0.00344385106612843
0.14889265813029,0.127032399995186,7452,7452,0.00688770213225689,0.00344385106612847
0.14323248564789,0.123107748656254,7453,7453,0.00688770213225689,0.00344385106612843
0.14889265813029,0.127032399995186,7454,7454,0.00688770213225689,0.00344385106612847
0.14323248564789,0.123107748656254,7455,7455,0.00688770213225689,0.00344385106612843
0.14889265813029,0.127032399995186,7456,7456,0.00688770213225689,0.00344385106612847
0.14323248564789,0.123107748656254,7457,7457,0.00688770213225689,0.00344385106612843
0.14889265813029,0.127032399995186,7458,7458,0.00688770213225689,0.00344385106612847
0.14323248564789,0.123107748656254,7459,7459,0.00688770213225689,0.00344385106612843
0.14889265813029,0.127032399995186,7460,7460,0.00688770213225689,0.00344385106612847
0.14323248564789,0.123107748656254,7461,7461,0.00688770213225689,0.00344385106612843
0.14889265813029,0.127032399995186,7462,7462,0.00688770213225689,0.00344385106612847
0.14323248564789,0.123107748656254,7463,7463,0.00688770213225689,0.00344385106612843
0.14889265813029,0.127032399995186,7464,7464,0.00688770213225689,0.00344385106612847
0.14323248564789,0.123107748656254,7465,7465,0.00688770213225689,0.00344385106612843
0.14889265813029,0.127032399995186,7466,7466,0.00688770213225689,0.00344385106612847
0.14323248564789,0.123107748656254,7467,7467,0.00688770213225689,0.00344385106612843
0.14889265813029,0.127032399995186,7468,7468,0.00688770213225689,0.00344385106612847
0.14323248564789,0.123107748656254,7469,7469,0.00688770213225689,0.00344385106612843
0.14889265813029,0.127032399995186,7470,7470,0.00688770213225689,0.00344385106612847
0.14323248564789,0.123107748656254,7471,7471,0.00688770213225689,0.00344385106612843
0.14889265813029,0.127032399995186,7472,7472,0.00688770213225689,0.00344385106612847
0.14323248564789,0.123107748656254,7473,7473,0.00688770213225689,0.00344385106612843
0.14889265813029,0.127032399995186,7474,7474,0.00688770213225689,0.00344385106612847
0.14323248564789,0.123107748656254,7475,7475,0.00688770213225689,0.00344385106612843
0.14889265813029,0.127032399995186,7476,7476,0.00688770213225689,0.00344385106612847
0.14323248564789,0.123107748656254,7477,7477,0.00688770213225689,0.00344385106612843
0.14889265813029,0.127032399995186,7478,7478,0.00688770213225689,0.00344385106612847
0.14323248564789,0.123107748656254,7479,7479,0.00688770213225689,0.00344385106612843
0.14889265813029,0.127032399995186,7480,7480,0.00688770213225689,0.00344385106612847
0.14323248564789,0.123107748656254,7481,7481,0.00688770213225689,0.00344385106612843
0.14889265813029,0.127032399995186,7482,7482,0.00688770213225689,0.00344385106612847
0.14323248564789,0.123107748656254,7483,7483,0.00688770213225689,0.00344385106612843
0.14889265813029,0.127032399995186,7484,7484,0.00688770213225689,0.00344385106612847
0.14323248564789,0.123107748656254,7485,7485,0.00688770213225689,0.00344385106612843
0.14889265813029,0.127032399995186,7486,7486,0.00688770213225689,0.00344385106612847
0.14323248564789,0.123107748656254,7487,7487,0.00688770213225689,0.00344385106612843
0.14889265813029,0.127032399995186,7488,7488,0.00688770213225689,0.00344385106612847
0.14323248564789,0.123107748656254,7489,7489,0.00688770213225689,0.00344385106612843
0.14889265813029,0.127032399995186,7490,7490,0.00688770213225689,0.00344385106612847
0.14323248564789,0.123107748656254,7491,7491,0.00688770213225689,0.00344385106612843
0.14889265813029,0.127032399995186,7492,7492,0.00688770213225689,0.00344385106612847
0.14323248564789,0.123107748656254,7493,7493,0.00688770213225689,0.00344385106612843
0.14889265813029,0.127032399995186,7494,7494,0.00688770213225689,0.00344385106612847
0.14323248564789,0.123107748656254,7495,7495,0.00688770213225689,0.00344385106612843
0.14889265813029,0.127032399995186,7496,7496,0.00688770213225689,0.00344385106612847
0.14323248564789,0.123107748656254,7497,7497,0.00688770213225689,0.00344385106612843
0.14889265813029,0.127032399995186,7498,7498,0.00688770213225689,0.00344385106612847
0.14323248564789,0.123107748656254,7499,7499,0.00688770213225689,0.00344385106612843
0.14889265813029,0.127032399995186,7500,7500,0.00688770213225689,0.00344385106612847
0.14323248564789,0.123107748656254,7501,7501,0.00688770213225689,0.00344385106612843
0.14889265813029,0.127032399995186,7502,7502,0.00688770213225689,0.00344385106612847
0.14323248564789,0.123107748656254,7503,7503,0.00688770213225689,0.00344385106612843
0.14889265813029,0.127032399995186,7504,7504,0.00688770213225689,0.00344385106612847
0.14323248564789,0.123107748656254,7505,7505,0.00688770213225689,0.00344385106612843
0.14889265813029,0.127032399995186,7506,7506,0.00688770213225689,0.00344385106612847
0.14323248564789,0.123107748656254,7507,7507,0.00688770213225689,0.00344385106612843
0.14889265813029,0.127032399995186,7508,7508,0.00688770213225689,0.00344385106612847
0.14323248564789,0.123107748656254,7509,7509,0.00688770213225689,0.00344385106612843
0.14889265813029,0.127032399995186,7510,7510,0.00688770213225689,0.00344385106612847
0.14323248564789,0.123107748656254,7511,7511,0.00688770213225689,0.00344385106612843
0.14889265813029,0.127032399995186,7512,7512,0.00688770213225689,0.00344385106612847
0.14323248564789,0.123107748656254,7513,7513,0.00688770213225689,0.00344385106612843
0.14889265813029,0.127032399995186,7514,7514,0.00688770213225689,0.00344385106612847
0.14323248564789,0.123107748656254,7515,7515,0.00688770213225689,0.00344385106612843
0.14889265813029,0.127032399995186,7516,7516,0.00688770213225689,0.00344385106612847
0.14323248564789,0.123107748656254,7517,7517,0.00688770213225689,0.00344385106612843
0.14889265813029,0.127032399995186,7518,7518,0.00688770213225689,0.00344385106612847
0.14323248564789,0.123107748656254,7519,7519,0.00688770213225689,0.00344385106612843
0.14889265813029,0.127032399995186,7520,7520,0.00688770213225689,0.00344385106612847
0.14323248564789,0.123107748656254,7521,7521,0.00688770213225689,0.00344385106612843
0.14889265813029,0.127032399995186,7522,7522,0.00688770213225689,0.00344385106612847
0.14323248564789,0.123107748656254,7523,7523,0.00688770213225689,0.00344385106612843
0.14889265813029,0.127032399995186,7524,7524,0.00688770213225689,0.00344385106612847
0.14323248564789,0.123107748656254,7525,7525,0.00688770213225689,0.00344385106612843
0.14889265813029,0.127032399995186,7526,7526,0.00688770213225689,0.00344385106612847
0.14323248564789,0.123107748656254,7527,7527,0.00688770213225689,0.00344385106612843
0.14889265813029,0.127032399995186,7528,7528,0.00688770213225689,0.00344385106612847
0.14323248564789,0.123107748656254,7529,7529,0.00688770213225689,0.00344385106612843
0.14889265813029,0.127032399995186,7530,7530,0.00688770213225689,0.00344385106612847
0.14323248564789,0.123107748656254,7531,7531,0.00688770213225689,0.00344385106612843
0.14889265813029,0.127032399995186,7532,7532,0.00688770213225689,0.00344385106612847
0.14323248564789,0.123107748656254,7533,7533,0.00688770213225689,0.00344385106612843
0.14889265813029,0.127032399995186,7534,7534,0.00688770213225689,0.00344385106612847
0.14323248564789,0.123107748656254,7535,7535,0.00688770213225689,0.00344385106612843
0.14889265813029,0.127032399995186,7536,7536,0.00688770213225689,0.00344385106612847
0.14323248564789,0.123107748656254,7537,7537,0.00688770213225689,0.00344385106612843
0.14889265813029,0.127032399995186,7538,7538,0.00688770213225689,0.00344385106612847
0.14323248564789,0.123107748656254,7539,7539,0.00688770213225689,0.00344385106612843
0.14889265813029,0.127032399995186,7540,7540,0.00688770213225689,0.00344385106612847
0.14323248564789,0.123107748656254,7541,7541,0.00688770213225689,0.00344385106612843
0.14889265813029,0.127032399995186,7542,7542,0.00688770213225689,0.00344385106612847
0.14323248564789,0.123107748656254,7543,7543,0.00688770213225689,0.00344385106612843
0.14889265813029,0.127032399995186,7544,7544,0.00688770213225689,0.00344385106612847
0.14323248564789,0.123107748656254,7545,7545,0.00688770213225689,0.00344385106612843
0.14889265813029,0.127032399995186,7546,7546,0.00688770213225689,0.00344385106612847
0.14323248564789,0.123107748656254,7547,7547,0.00688770213225689,0.00344385106612843
0.14889265813029,0.127032399995186,7548,7548,0.00688770213225689,0.00344385106612847
0.14323248564789,0.123107748656254,7549,7549,0.00688770213225689,0.00344385106612843
0.14889265813029,0.127032399995186,7550,7550,0.00688770213225689,0.00344385106612847
0.14323248564789,0.123107748656254,7551,7551,0.00688770213225689,0.00344385106612843
0.14889265813029,0.127032399995186,7552,7552,0.00688770213225689,0.00344385106612847
0.14323248564789,0.123107748656254,7553,7553,0.00688770213225689,0.00344385106612843
0.14889265813029,0.127032399995186,7554,7554,0.00688770213225689,0.00344385106612847
0.14323248564789,0.123107748656254,7555,7555,0.00688770213225689,0.00344385106612843
0.14889265813029,0.127032399995186,7556,7556,0.00688770213225689,0.00344385106612847
0.14323248564789,0.123107748656254,7557,7557,0.00688770213225689,0.00344385106612843
0.14889265813029,0.127032399995186,7558,7558,0.00688770213225689,0.00344385106612847
0.14323248564789,0.123107748656254,7559,7559,0.00688770213225689,0.00344385106612843
0.14889265813029,0.127032399995186,7560,7560,0.00688770213225689,0.00344385106612847
0.14323248564789,0.123107748656254,7561,7561,0.00688770213225689,0.00344385106612843
0.14889265813029,0.127032399995186,7562,7562,0.00688770213225689,0.00344385106612847
0.14323248564789,0.123107748656254,7563,7563,0.00688770213225689,0.00344385106612843
0.14889265813029,0.127032399995186,7564,7564,0.00688770213225689,0.00344385106612847
0.14323248564789,0.123107748656254,7565,7565,0.00688770213225689,0.00344385106612843
0.14889265813029,0.127032399995186,7566,7566,0.00688770213225689,0.00344385106612847
0.14323248564789,0.123107748656254,7567,7567,0.00688770213225689,0.00344385106612843
0.14889265813029,0.127032399995186,7568,7568,0.00688770213225689,0.00344385106612847
0.14323248564789,0.123107748656254,7569,7569,0.00688770213225689,0.00344385106612843
0.14889265813029,0.127032399995186,7570,7570,0.00688770213225689,0.00344385106612847
0.14323248564789,0.123107748656254,7571,7571,0.00688770213225689,0.00344385106612843
0.14889265813029,0.127032399995186,7572,7572,0.00688770213225689,0.00344385106612847
0.14323248564789,0.123107748656254,7573,7573,0.00688770213225689,0.00344385106612843
0.14889265813029,0.127032399995186,7574,7574,0.00688770213225689,0.00344385106612847
0.14323248564789,0.123107748656254,7575,7575,0.00688770213225689,0.00344385106612843
0.14889265813029,0.127032399995186,7576,7576,0.00688770213225689,0.00344385106612847
0.14323248564789,0.123107748656254,7577,7577,0.00688770213225689,0.00344385106612843
0.14889265813029,0.127032399995186,7578,7578,0.00688770213225689,0.00344385106612847
0.14323248564789,0.123107748656254,7579,7579,0.00688770213225689,0.00344385106612843
0.14889265813029,0.127032399995186,7580,7580,0.00688770213225689,0.00344385106612847
0.14323248564789,0.123107748656254,7581,7581,0.00688770213225689,0.00344385106612843
0.14889265813029,0.127032399995186,7582,7582,0.00688770213225689,0.00344385106612847
0.14323248564789,0.123107748656254,7583,7583,0.00688770213225689,0.00344385106612843
0.14889265813029,0.127032399995186,7584,7584,0.00688770213225689,0.00344385106612847
0.14323248564789,0.123107748656254,7585,7585,0.00688770213225689,0.00344385106612843
0.14889265813029,0.127032399995186,7586,7586,0.00688770213225689,0.00344385106612847
0.14323248564789,0.123107748656254,7587,7587,0.00688770213225689,0.00344385106612843
0.14889265813029,0.127032399995186,7588,7588,0.00688770213225689,0.00344385106612847
0.14323248564789,0.123107748656254,7589,7589,0.00688770213225689,0.00344385106612843
0.14889265813029,0.127032399995186,7590,7590,0.00688770213225689,0.00344385106612847
0.14323248564789,0.123107748656254,7591,7591,0.00688770213225689,0.00344385106612843
0.14889265813029,0.127032399995186,7592,7592,0.00688770213225689,0.00344385106612847
0.14323248564789,0.123107748656254,7593,7593,0.00688770213225689,0.00344385106612843
0.14889265813029,0.127032399995186,7594,7594,0.00688770213225689,0.00344385106612847
0.14323248564789,0.123107748656254,7595,7595,0.00688770213225689,0.00344385106612843
0.14889265813029,0.127032399995186,7596,7596,0.00688770213225689,0.00344385106612847
0.14323248564789,0.123107748656254,7597,7597,0.00688770213225689,0.00344385106612843
0.14889265813029,0.127032399995186,7598,7598,0.00688770213225689,0.00344385106612847
0.14323248564789,0.123107748656254,7599,7599,0.00688770213225689,0.00344385106612843
0.14889265813029,0.127032399995186,7600,7600,0.00688770213225689,0.00344385106612847
0.14323248564789,0.123107748656254,7601,7601,0.00688770213225689,0.00344385106612843
0.14889265813029,0.127032399995186,7602,7602,0.00688770213225689,0.00344385106612847
0.14323248564789,0.123107748656254,7603,7603,0.00688770213225689,0.00344385106612843
0.14889265813029,0.127032399995186,7604,7604,0.00688770213225689,0.00344385106612847
0.14323248564789,0.123107748656254,7605,7605,0.00688770213225689,0.00344385106612843
0.14889265813029,0.127032399995186,7606,7606,0.00688770213225689,0.00344385106612847
0.14323248564789,0.123107748656254,7607,7607,0.00688770213225689,0.00344385106612843
0.14889265813029,0.127032399995186,7608,7608,0.00688770213225689,0.00344385106612847
0.14323248564789,0.123107748656254,7609,7609,0.00688770213225689,0.00344385106612843
0.14889265813029,0.127032399995186,7610,7610,0.00688770213225689,0.00344385106612847
0.14323248564789,0.123107748656254,7611,7611,0.00688770213225689,0.00344385106612843
0.14889265813029,0.127032399995186,7612,7612,0.00688770213225689,0.00344385106612847
0.14323248564789,0.123107748656254,7613,7613,0.00688770213225689,0.00344385106612843
0.14889265813029,0.127032399995186,7614,7614,0.00688770213225689,0.00344385106612847
0.14323248564789,0.123107748656254,7615,7615,0.00688770213225689,0.00344385106612843
0.14889265813029,0.127032399995186,7616,7616,0.00688770213225689,0.00344385106612847
0.14323248564789,0.123107748656254,7617,7617,0.00688770213225689,0.00344385106612843
0.14889265813029,0.127032399995186,7618,7618,0.00688770213225689,0.00344385106612847
0.14323248564789,0.123107748656254,7619,7619,0.00688770213225689,0.00344385106612843
0.14889265813029,0.127032399995186,7620,7620,0.00688770213225689,0.00344385106612847
0.14323248564789,0.123107748656254,7621,7621,0.00688770213225689,0.00344385106612843
0.14889265813029,0.127032399995186,7622,7622,0.00688770213225689,0.00344385106612847
0.14323248564789,0.123107748656254,7623,7623,0.00688770213225689,0.00344385106612843
0.14889265813029,0.127032399995186,7624,7624,0.00688770213225689,0.00344385106612847
0.14323248564789,0.123107748656254,7625,7625,0.00688770213225689,0.00344385106612843
0.14889265813029,0.127032399995186,7626,7626,0.00688770213225689,0.00344385106612847
0.14323248564789,0.123107748656254,7627,7627,0.00688770213225689,0.00344385106612843
0.14889265813029,0.127032399995186,7628,7628,0.00688770213225689,0.00344385106612847
0.14323248564789,0.123107748656254,7629,7629,0.00688770213225689,0.00344385106612843
0.14889265813029,0.127032399995186,7630,7630,0.00688770213225689,0.00344385106612847
0.14323248564789,0.123107748656254,7631,7631,0.00688770213225689,0.00344385106612843
0.14889265813029,0.127032399995186,7632,7632,0.00688770213225689,0.00344385106612847
0.14323248564789,0.123107748656254,7633,7633,0.00688770213225689,0.00344385106612843
0.14889265813029,0.127032399995186,7634,7634,0.00688770213225689,0.00344385106612847
0.14323248564789,0.123107748656254,7635,7635,0.00688770213225689,0.00344385106612843
0.14889265813029,0.127032399995186,7636,7636,0.00688770213225689,0.00344385106612847
0.14323248564789,0.123107748656254,7637,7637,0.00688770213225689,0.00344385106612843
0.14889265813029,0.127032399995186,7638,7638,0.00688770213225689,0.00344385106612847
0.14323248564789,0.123107748656254,7639,7639,0.00688770213225689,0.00344385106612843
0.14889265813029,0.127032399995186,7640,7640,0.00688770213225689,0.00344385106612847
0.14323248564789,0.123107748656254,7641,7641,0.00688770213225689,0.00344385106612843
0.14889265813029,0.127032399995186,7642,7642,0.00688770213225689,0.00344385106612847
0.14323248564789,0.123107748656254,7643,7643,0.00688770213225689,0.00344385106612843
0.14889265813029,0.127032399995186,7644,7644,0.00688770213225689,0.00344385106612847
0.14323248564789,0.123107748656254,7645,7645,0.00688770213225689,0.00344385106612843
0.14889265813029,0.127032399995186,7646,7646,0.00688770213225689,0.00344385106612847
0.14323248564789,0.123107748656254,7647,7647,0.00688770213225689,0.00344385106612843
0.14889265813029,0.127032399995186,7648,7648,0.00688770213225689,0.00344385106612847
0.14323248564789,0.123107748656254,7649,7649,0.00688770213225689,0.00344385106612843
0.14889265813029,0.127032399995186,7650,7650,0.00688770213225689,0.00344385106612847
0.14323248564789,0.123107748656254,7651,7651,0.00688770213225689,0.00344385106612843
0.14889265813029,0.127032399995186,7652,7652,0.00688770213225689,0.00344385106612847
0.14323248564789,0.123107748656254,7653,7653,0.00688770213225689,0.00344385106612843
0.14889265813029,0.127032399995186,7654,7654,0.00688770213225689,0.00344385106612847
0.14323248564789,0.123107748656254,7655,7655,0.00688770213225689,0.00344385106612843
0.14889265813029,0.127032399995186,7656,7656,0.00688770213225689,0.00344385106612847
0.14323248564789,0.123107748656254,7657,7657,0.00688770213225689,0.00344385106612843
0.14889265813029,0.127032399995186,7658,7658,0.00688770213225689,0.00344385106612847
0.14323248564789,0.123107748656254,7659,7659,0.00688770213225689,0.00344385106612843
0.14889265813029,0.127032399995186,7660,7660,0.00688770213225689,0.00344385106612847
0.14323248564789,0.123107748656254,7661,7661,0.00688770213225689,0.00344385106612843
0.14889265813029,0.127032399995186,7662,7662,0.00688770213225689,0.00344385106612847
0.14323248564789,0.123107748656254,7663,7663,0.00688770213225689,0.00344385106612843
0.14889265813029,0.127032399995186,7664,7664,0.00688770213225689,0.00344385106612847
0.14323248564789,0.123107748656254,7665,7665,0.00688770213225689,0.00344385106612843
0.14889265813029,0.127032399995186,7666,7666,0.00688770213225689,0.00344385106612847
0.14323248564789,0.123107748656254,7667,7667,0.00688770213225689,0.00344385106612843
0.14889265813029,0.127032399995186,7668,7668,0.00688770213225689,0.00344385106612847
0.14323248564789,0.123107748656254,7669,7669,0.00688770213225689,0.00344385106612843
0.14889265813029,0.127032399995186,7670,7670,0.00688770213225689,0.00344385106612847
0.14323248564789,0.123107748656254,7671,7671,0.00688770213225689,0.00344385106612843
0.14889265813029,0.127032399995186,7672,7672,0.00688770213225689,0.00344385106612847
0.14323248564789,0.123107748656254,7673,7673,0.00688770213225689,0.00344385106612843
0.14889265813029,0.127032399995186,7674,7674,0.00688770213225689,0.00344385106612847
0.14323248564789,0.123107748656254,7675,7675,0.00688770213225689,0.00344385106612843
0.14889265813029,0.127032399995186,7676,7676,0.00688770213225689,0.00344385106612847
0.14323248564789,0.123107748656254,7677,7677,0.00688770213225689,0.00344385106612843
0.14889265813029,0.127032399995186,7678,7678,0.00688770213225689,0.00344385106612847
0.14323248564789,0.123107748656254,7679,7679,0.00688770213225689,0.00344385106612843
0.14889265813029,0.127032399995186,7680,7680,0.00688770213225689,0.00344385106612847
0.14323248564789,0.123107748656254,7681,7681,0.00688770213225689,0.00344385106612843
0.14889265813029,0.127032399995186,7682,7682,0.00688770213225689,0.00344385106612847
0.14323248564789,0.123107748656254,7683,7683,0.00688770213225689,0.00344385106612843
0.14889265813029,0.127032399995186,7684,7684,0.00688770213225689,0.00344385106612847
0.14323248564789,0.123107748656254,7685,7685,0.00688770213225689,0.00344385106612843
0.14889265813029,0.127032399995186,7686,7686,0.00688770213225689,0.00344385106612847
0.14323248564789,0.123107748656254,7687,7687,0.00688770213225689,0.00344385106612843
0.14889265813029,0.127032399995186,7688,7688,0.00688770213225689,0.00344385106612847
0.14323248564789,0.123107748656254,7689,7689,0.00688770213225689,0.00344385106612843
0.14889265813029,0.127032399995186,7690,7690,0.00688770213225689,0.00344385106612847
0.14323248564789,0.123107748656254,7691,7691,0.00688770213225689,0.00344385106612843
0.14889265813029,0.127032399995186,7692,7692,0.00688770213225689,0.00344385106612847
0.14323248564789,0.123107748656254,7693,7693,0.00688770213225689,0.00344385106612843
0.14889265813029,0.127032399995186,7694,7694,0.00688770213225689,0.00344385106612847
0.14323248564789,0.123107748656254,7695,7695,0.00688770213225689,0.00344385106612843
0.14889265813029,0.127032399995186,7696,7696,0.00688770213225689,0.00344385106612847
0.14323248564789,0.123107748656254,7697,7697,0.00688770213225689,0.00344385106612843
0.14889265813029,0.127032399995186,7698,7698,0.00688770213225689,0.00344385106612847
0.14323248564789,0.123107748656254,7699,7699,0.00688770213225689,0.00344385106612843
0.14889265813029,0.127032399995186,7700,7700,0.00688770213225689,0.00344385106612847
0.14323248564789,0.123107748656254,7701,7701,0.00688770213225689,0.00344385106612843
0.14889265813029,0.127032399995186,7702,7702,0.00688770213225689,0.00344385106612847
0.14323248564789,0.123107748656254,7703,7703,0.00688770213225689,0.00344385106612843
0.14889265813029,0.127032399995186,7704,7704,0.00688770213225689,0.00344385106612847
0.14323248564789,0.123107748656254,7705,7705,0.00688770213225689,0.00344385106612843
0.14889265813029,0.127032399995186,7706,7706,0.00688770213225689,0.00344385106612847
0.14323248564789,0.123107748656254,7707,7707,0.00688770213225689,0.00344385106612843
0.14889265813029,0.127032399995186,7708,7708,0.00688770213225689,0.00344385106612847
0.14323248564789,0.123107748656254,7709,7709,0.00688770213225689,0.00344385106612843
0.14889265813029,0.127032399995186,7710,7710,0.00688770213225689,0.00344385106612847
0.14323248564789,0.123107748656254,7711,7711,0.00688770213225689,0.00344385106612843
0.14889265813029,0.127032399995186,7712,7712,0.00688770213225689,0.00344385106612847
0.14323248564789,0.123107748656254,7713,7713,0.00688770213225689,0.00344385106612843
0.14889265813029,0.127032399995186,7714,7714,0.00688770213225689,0.00344385106612847
0.14323248564789,0.123107748656254,7715,7715,0.00688770213225689,0.00344385106612843
0.14889265813029,0.127032399995186,7716,7716,0.00688770213225689,0.00344385106612847
0.14323248564789,0.123107748656254,7717,7717,0.00688770213225689,0.00344385106612843
0.14889265813029,0.127032399995186,7718,7718,0.00688770213225689,0.00344385106612847
0.14323248564789,0.123107748656254,7719,7719,0.00688770213225689,0.00344385106612843
0.14889265813029,0.127032399995186,7720,7720,0.00688770213225689,0.00344385106612847
0.14323248564789,0.123107748656254,7721,7721,0.00688770213225689,0.00344385106612843
0.14889265813029,0.127032399995186,7722,7722,0.00688770213225689,0.00344385106612847
0.14323248564789,0.123107748656254,7723,7723,0.00688770213225689,0.00344385106612843
0.14889265813029,0.127032399995186,7724,7724,0.00688770213225689,0.00344385106612847
0.14323248564789,0.123107748656254,7725,7725,0.00688770213225689,0.00344385106612843
0.14889265813029,0.127032399995186,7726,7726,0.00688770213225689,0.00344385106612847
0.14323248564789,0.123107748656254,7727,7727,0.00688770213225689,0.00344385106612843
0.14889265813029,0.127032399995186,7728,7728,0.00688770213225689,0.00344385106612847
0.14323248564789,0.123107748656254,7729,7729,0.00688770213225689,0.00344385106612843
0.14889265813029,0.127032399995186,7730,7730,0.00688770213225689,0.00344385106612847
0.14323248564789,0.123107748656254,7731,7731,0.00688770213225689,0.00344385106612843
0.14889265813029,0.127032399995186,7732,7732,0.00688770213225689,0.00344385106612847
0.14323248564789,0.123107748656254,7733,7733,0.00688770213225689,0.00344385106612843
0.14889265813029,0.127032399995186,7734,7734,0.00688770213225689,0.00344385106612847
0.14323248564789,0.123107748656254,7735,7735,0.00688770213225689,0.00344385106612843
0.14889265813029,0.127032399995186,7736,7736,0.00688770213225689,0.00344385106612847
0.14323248564789,0.123107748656254,7737,7737,0.00688770213225689,0.00344385106612843
0.14889265813029,0.127032399995186,7738,7738,0.00688770213225689,0.00344385106612847
0.14323248564789,0.123107748656254,7739,7739,0.00688770213225689,0.00344385106612843
0.14889265813029,0.127032399995186,7740,7740,0.00688770213225689,0.00344385106612847
0.14323248564789,0.123107748656254,7741,7741,0.00688770213225689,0.00344385106612843
0.14889265813029,0.127032399995186,7742,7742,0.00688770213225689,0.00344385106612847
0.14323248564789,0.123107748656254,7743,7743,0.00688770213225689,0.00344385106612843
0.14889265813029,0.127032399995186,7744,7744,0.00688770213225689,0.00344385106612847
0.14323248564789,0.123107748656254,7745,7745,0.00688770213225689,0.00344385106612843
0.14889265813029,0.127032399995186,7746,7746,0.00688770213225689,0.00344385106612847
0.14323248564789,0.123107748656254,7747,7747,0.00688770213225689,0.00344385106612843
0.14889265813029,0.127032399995186,7748,7748,0.00688770213225689,0.00344385106612847
0.14323248564789,0.123107748656254,7749,7749,0.00688770213225689,0.00344385106612843
0.14889265813029,0.127032399995186,7750,7750,0.00688770213225689,0.00344385106612847
0.14323248564789,0.123107748656254,7751,7751,0.00688770213225689,0.00344385106612843
0.14889265813029,0.127032399995186,7752,7752,0.00688770213225689,0.00344385106612847
0.14323248564789,0.123107748656254,7753,7753,0.00688770213225689,0.00344385106612843
0.14889265813029,0.127032399995186,7754,7754,0.00688770213225689,0.00344385106612847
0.14323248564789,0.123107748656254,7755,7755,0.00688770213225689,0.00344385106612843
0.14889265813029,0.127032399995186,7756,7756,0.00688770213225689,0.00344385106612847
0.14323248564789,0.123107748656254,7757,7757,0.00688770213225689,0.00344385106612843
0.14889265813029,0.127032399995186,7758,7758,0.00688770213225689,0.00344385106612847
0.14323248564789,0.123107748656254,7759,7759,0.00688770213225689,0.00344385106612843
0.14889265813029,0.127032399995186,7760,7760,0.00688770213225689,0.00344385106612847
0.14323248564789,0.123107748656254,7761,7761,0.00688770213225689,0.00344385106612843
0.14889265813029,0.127032399995186,7762,7762,0.00688770213225689,0.00344385106612847
0.14323248564789,0.123107748656254,7763,7763,0.00688770213225689,0.00344385106612843
0.14889265813029,0.127032399995186,7764,7764,0.00688770213225689,0.00344385106612847
0.14323248564789,0.123107748656254,7765,7765,0.00688770213225689,0.00344385106612843
0.14889265813029,0.127032399995186,7766,7766,0.00688770213225689,0.00344385106612847
0.14323248564789,0.123107748656254,7767,7767,0.00688770213225689,0.00344385106612843
0.14889265813029,0.127032399995186,7768,7768,0.00688770213225689,0.00344385106612847
0.14323248564789,0.123107748656254,7769,7769,0.00688770213225689,0.00344385106612843
0.14889265813029,0.127032399995186,7770,7770,0.00688770213225689,0.00344385106612847
0.14323248564789,0.123107748656254,7771,7771,0.00688770213225689,0.00344385106612843
0.14889265813029,0.127032399995186,7772,7772,0.00688770213225689,0.00344385106612847
0.14323248564789,0.123107748656254,7773,7773,0.00688770213225689,0.00344385106612843
0.14889265813029,0.127032399995186,7774,7774,0.00688770213225689,0.00344385106612847
0.14323248564789,0.123107748656254,7775,7775,0.00688770213225689,0.00344385106612843
0.14889265813029,0.127032399995186,7776,7776,0.00688770213225689,0.00344385106612847
0.14323248564789,0.123107748656254,7777,7777,0.00688770213225689,0.00344385106612843
0.14889265813029,0.127032399995186,7778,7778,0.00688770213225689,0.00344385106612847
0.14323248564789,0.123107748656254,7779,7779,0.00688770213225689,0.00344385106612843
0.14889265813029,0.127032399995186,7780,7780,0.00688770213225689,0.00344385106612847
0.14323248564789,0.123107748656254,7781,7781,0.00688770213225689,0.00344385106612843
0.14889265813029,0.127032399995186,7782,7782,0.00688770213225689,0.00344385106612847
0.14323248564789,0.123107748656254,7783,7783,0.00688770213225689,0.00344385106612843
0.14889265813029,0.127032399995186,7784,7784,0.00688770213225689,0.00344385106612847
0.14323248564789,0.123107748656254,7785,7785,0.00688770213225689,0.00344385106612843
0.14889265813029,0.127032399995186,7786,7786,0.00688770213225689,0.00344385106612847
0.14323248564789,0.123107748656254,7787,7787,0.00688770213225689,0.00344385106612843
0.14889265813029,0.127032399995186,7788,7788,0.00688770213225689,0.00344385106612847
0.14323248564789,0.123107748656254,7789,7789,0.00688770213225689,0.00344385106612843
0.14889265813029,0.127032399995186,7790,7790,0.00688770213225689,0.00344385106612847
0.14323248564789,0.123107748656254,7791,7791,0.00688770213225689,0.00344385106612843
0.14889265813029,0.127032399995186,7792,7792,0.00688770213225689,0.00344385106612847
0.14323248564789,0.123107748656254,7793,7793,0.00688770213225689,0.00344385106612843
0.14889265813029,0.127032399995186,7794,7794,0.00688770213225689,0.00344385106612847
0.14323248564789,0.123107748656254,7795,7795,0.00688770213225689,0.00344385106612843
0.14889265813029,0.127032399995186,7796,7796,0.00688770213225689,0.00344385106612847
0.14323248564789,0.123107748656254,7797,7797,0.00688770213225689,0.00344385106612843
0.14889265813029,0.127032399995186,7798,7798,0.00688770213225689,0.00344385106612847
0.14323248564789,0.123107748656254,7799,7799,0.00688770213225689,0.00344385106612843
0.14889265813029,0.127032399995186,7800,7800,0.00688770213225689,0.00344385106612847
0.14323248564789,0.123107748656254,7801,7801,0.00688770213225689,0.00344385106612843
0.14889265813029,0.127032399995186,7802,7802,0.00688770213225689,0.00344385106612847
0.14323248564789,0.123107748656254,7803,7803,0.00688770213225689,0.00344385106612843
0.14889265813029,0.127032399995186,7804,7804,0.00688770213225689,0.00344385106612847
0.14323248564789,0.123107748656254,7805,7805,0.00688770213225689,0.00344385106612843
0.14889265813029,0.127032399995186,7806,7806,0.00688770213225689,0.00344385106612847
0.14323248564789,0.123107748656254,7807,7807,0.00688770213225689,0.00344385106612843
0.14889265813029,0.127032399995186,7808,7808,0.00688770213225689,0.00344385106612847
0.14323248564789,0.123107748656254,7809,7809,0.00688770213225689,0.00344385106612843
0.14889265813029,0.127032399995186,7810,7810,0.00688770213225689,0.00344385106612847
0.14323248564789,0.123107748656254,7811,7811,0.00688770213225689,0.00344385106612843
0.14889265813029,0.127032399995186,7812,7812,0.00688770213225689,0.00344385106612847
0.14323248564789,0.123107748656254,7813,7813,0.00688770213225689,0.00344385106612843
0.14889265813029,0.127032399995186,7814,7814,0.00688770213225689,0.00344385106612847
0.14323248564789,0.123107748656254,7815,7815,0.00688770213225689,0.00344385106612843
0.14889265813029,0.127032399995186,7816,7816,0.00688770213225689,0.00344385106612847
0.14323248564789,0.123107748656254,7817,7817,0.00688770213225689,0.00344385106612843
0.14889265813029,0.127032399995186,7818,7818,0.00688770213225689,0.00344385106612847
0.14323248564789,0.123107748656254,7819,7819,0.00688770213225689,0.00344385106612843
0.14889265813029,0.127032399995186,7820,7820,0.00688770213225689,0.00344385106612847
0.14323248564789,0.123107748656254,7821,7821,0.00688770213225689,0.00344385106612843
0.14889265813029,0.127032399995186,7822,7822,0.00688770213225689,0.00344385106612847
0.14323248564789,0.123107748656254,7823,7823,0.00688770213225689,0.00344385106612843
0.14889265813029,0.127032399995186,7824,7824,0.00688770213225689,0.00344385106612847
0.14323248564789,0.123107748656254,7825,7825,0.00688770213225689,0.00344385106612843
0.14889265813029,0.127032399995186,7826,7826,0.00688770213225689,0.00344385106612847
0.14323248564789,0.123107748656254,7827,7827,0.00688770213225689,0.00344385106612843
0.14889265813029,0.127032399995186,7828,7828,0.00688770213225689,0.00344385106612847
0.14323248564789,0.123107748656254,7829,7829,0.00688770213225689,0.00344385106612843
0.14889265813029,0.127032399995186,7830,7830,0.00688770213225689,0.00344385106612847
0.14323248564789,0.123107748656254,7831,7831,0.00688770213225689,0.00344385106612843
0.14889265813029,0.127032399995186,7832,7832,0.00688770213225689,0.00344385106612847
0.14323248564789,0.123107748656254,7833,7833,0.00688770213225689,0.00344385106612843
0.14889265813029,0.127032399995186,7834,7834,0.00688770213225689,0.00344385106612847
0.14323248564789,0.123107748656254,7835,7835,0.00688770213225689,0.00344385106612843
0.14889265813029,0.127032399995186,7836,7836,0.00688770213225689,0.00344385106612847
0.14323248564789,0.123107748656254,7837,7837,0.00688770213225689,0.00344385106612843
0.14889265813029,0.127032399995186,7838,7838,0.00688770213225689,0.00344385106612847
0.14323248564789,0.123107748656254,7839,7839,0.00688770213225689,0.00344385106612843
0.14889265813029,0.127032399995186,7840,7840,0.00688770213225689,0.00344385106612847
0.14323248564789,0.123107748656254,7841,7841,0.00688770213225689,0.00344385106612843
0.14889265813029,0.127032399995186,7842,7842,0.00688770213225689,0.00344385106612847
0.14323248564789,0.123107748656254,7843,7843,0.00688770213225689,0.00344385106612843
0.14889265813029,0.127032399995186,7844,7844,0.00688770213225689,0.00344385106612847
0.14323248564789,0.123107748656254,7845,7845,0.00688770213225689,0.00344385106612843
0.14889265813029,0.127032399995186,7846,7846,0.00688770213225689,0.00344385106612847
0.14323248564789,0.123107748656254,7847,7847,0.00688770213225689,0.00344385106612843
0.14889265813029,0.127032399995186,7848,7848,0.00688770213225689,0.00344385106612847
0.14323248564789,0.123107748656254,7849,7849,0.00688770213225689,0.00344385106612843
0.14889265813029,0.127032399995186,7850,7850,0.00688770213225689,0.00344385106612847
0.14323248564789,0.123107748656254,7851,7851,0.00688770213225689,0.00344385106612843
0.14889265813029,0.127032399995186,7852,7852,0.00688770213225689,0.00344385106612847
0.14323248564789,0.123107748656254,7853,7853,0.00688770213225689,0.00344385106612843
0.14889265813029,0.127032399995186,7854,7854,0.00688770213225689,0.00344385106612847
0.14323248564789,0.123107748656254,7855,7855,0.00688770213225689,0.00344385106612843
0.14889265813029,0.127032399995186,7856,7856,0.00688770213225689,0.00344385106612847
0.14323248564789,0.123107748656254,7857,7857,0.00688770213225689,0.00344385106612843
0.14889265813029,0.127032399995186,7858,7858,0.00688770213225689,0.00344385106612847
0.14323248564789,0.123107748656254,7859,7859,0.00688770213225689,0.00344385106612843
0.14889265813029,0.127032399995186,7860,7860,0.00688770213225689,0.00344385106612847
0.14323248564789,0.123107748656254,7861,7861,0.00688770213225689,0.00344385106612843
0.14889265813029,0.127032399995186,7862,7862,0.00688770213225689,0.00344385106612847
0.14323248564789,0.123107748656254,7863,7863,0.00688770213225689,0.00344385106612843
0.14889265813029,0.127032399995186,7864,7864,0.00688770213225689,0.00344385106612847
0.14323248564789,0.123107748656254,7865,7865,0.00688770213225689,0.00344385106612843
0.14889265813029,0.127032399995186,7866,7866,0.00688770213225689,0.00344385106612847
0.14323248564789,0.123107748656254,7867,7867,0.00688770213225689,0.00344385106612843
0.14889265813029,0.127032399995186,7868,7868,0.00688770213225689,0.00344385106612847
0.14323248564789,0.123107748656254,7869,7869,0.00688770213225689,0.00344385106612843
0.14889265813029,0.127032399995186,7870,7870,0.00688770213225689,0.00344385106612847
0.14323248564789,0.123107748656254,7871,7871,0.00688770213225689,0.00344385106612843
0.14889265813029,0.127032399995186,7872,7872,0.00688770213225689,0.00344385106612847
0.14323248564789,0.123107748656254,7873,7873,0.00688770213225689,0.00344385106612843
0.14889265813029,0.127032399995186,7874,7874,0.00688770213225689,0.00344385106612847
0.14323248564789,0.123107748656254,7875,7875,0.00688770213225689,0.00344385106612843
0.14889265813029,0.127032399995186,7876,7876,0.00688770213225689,0.00344385106612847
0.14323248564789,0.123107748656254,7877,7877,0.00688770213225689,0.00344385106612843
0.14889265813029,0.127032399995186,7878,7878,0.00688770213225689,0.00344385106612847
0.14323248564789,0.123107748656254,7879,7879,0.00688770213225689,0.00344385106612843
0.14889265813029,0.127032399995186,7880,7880,0.00688770213225689,0.00344385106612847
0.14323248564789,0.123107748656254,7881,7881,0.00688770213225689,0.00344385106612843
0.14889265813029,0.127032399995186,7882,7882,0.00688770213225689,0.00344385106612847
0.14323248564789,0.123107748656254,7883,7883,0.00688770213225689,0.00344385106612843
0.14889265813029,0.127032399995186,7884,7884,0.00688770213225689,0.00344385106612847
0.14323248564789,0.123107748656254,7885,7885,0.00688770213225689,0.00344385106612843
0.14889265813029,0.127032399995186,7886,7886,0.00688770213225689,0.00344385106612847
0.14323248564789,0.123107748656254,7887,7887,0.00688770213225689,0.00344385106612843
0.14889265813029,0.127032399995186,7888,7888,0.00688770213225689,0.00344385106612847
0.14323248564789,0.123107748656254,7889,7889,0.00688770213225689,0.00344385106612843
0.14889265813029,0.127032399995186,7890,7890,0.00688770213225689,0.00344385106612847
0.14323248564789,0.123107748656254,7891,7891,0.00688770213225689,0.00344385106612843
0.14889265813029,0.127032399995186,7892,7892,0.00688770213225689,0.00344385106612847
0.14323248564789,0.123107748656254,7893,7893,0.00688770213225689,0.00344385106612843
0.14889265813029,0.127032399995186,7894,7894,0.00688770213225689,0.00344385106612847
0.14323248564789,0.123107748656254,7895,7895,0.00688770213225689,0.00344385106612843
0.14889265813029,0.127032399995186,7896,7896,0.00688770213225689,0.00344385106612847
0.14323248564789,0.123107748656254,7897,7897,0.00688770213225689,0.00344385106612843
0.14889265813029,0.127032399995186,7898,7898,0.00688770213225689,0.00344385106612847
0.14323248564789,0.123107748656254,7899,7899,0.00688770213225689,0.00344385106612843
0.14889265813029,0.127032399995186,7900,7900,0.00688770213225689,0.00344385106612847
0.14323248564789,0.123107748656254,7901,7901,0.00688770213225689,0.00344385106612843
0.14889265813029,0.127032399995186,7902,7902,0.00688770213225689,0.00344385106612847
0.14323248564789,0.123107748656254,7903,7903,0.00688770213225689,0.00344385106612843
0.14889265813029,0.127032399995186,7904,7904,0.00688770213225689,0.00344385106612847
0.14323248564789,0.123107748656254,7905,7905,0.00688770213225689,0.00344385106612843
0.14889265813029,0.127032399995186,7906,7906,0.00688770213225689,0.00344385106612847
0.14323248564789,0.123107748656254,7907,7907,0.00688770213225689,0.00344385106612843
0.14889265813029,0.127032399995186,7908,7908,0.00688770213225689,0.00344385106612847
0.14323248564789,0.123107748656254,7909,7909,0.00688770213225689,0.00344385106612843
0.14889265813029,0.127032399995186,7910,7910,0.00688770213225689,0.00344385106612847
0.14323248564789,0.123107748656254,7911,7911,0.00688770213225689,0.00344385106612843
0.14889265813029,0.127032399995186,7912,7912,0.00688770213225689,0.00344385106612847
0.14323248564789,0.123107748656254,7913,7913,0.00688770213225689,0.00344385106612843
0.14889265813029,0.127032399995186,7914,7914,0.00688770213225689,0.00344385106612847
0.14323248564789,0.123107748656254,7915,7915,0.00688770213225689,0.00344385106612843
0.14889265813029,0.127032399995186,7916,7916,0.00688770213225689,0.00344385106612847
0.14323248564789,0.123107748656254,7917,7917,0.00688770213225689,0.00344385106612843
0.14889265813029,0.127032399995186,7918,7918,0.00688770213225689,0.00344385106612847
0.14323248564789,0.123107748656254,7919,7919,0.00688770213225689,0.00344385106612843
0.14889265813029,0.127032399995186,7920,7920,0.00688770213225689,0.00344385106612847
0.14323248564789,0.123107748656254,7921,7921,0.00688770213225689,0.00344385106612843
0.14889265813029,0.127032399995186,7922,7922,0.00688770213225689,0.00344385106612847
0.14323248564789,0.123107748656254,7923,7923,0.00688770213225689,0.00344385106612843
0.14889265813029,0.127032399995186,7924,7924,0.00688770213225689,0.00344385106612847
0.14323248564789,0.123107748656254,7925,7925,0.00688770213225689,0.00344385106612843
0.14889265813029,0.127032399995186,7926,7926,0.00688770213225689,0.00344385106612847
0.14323248564789,0.123107748656254,7927,7927,0.00688770213225689,0.00344385106612843
0.14889265813029,0.127032399995186,7928,7928,0.00688770213225689,0.00344385106612847
0.14323248564789,0.123107748656254,7929,7929,0.00688770213225689,0.00344385106612843
0.14889265813029,0.127032399995186,7930,7930,0.00688770213225689,0.00344385106612847
0.14323248564789,0.123107748656254,7931,7931,0.00688770213225689,0.00344385106612843
0.14889265813029,0.127032399995186,7932,7932,0.00688770213225689,0.00344385106612847
0.14323248564789,0.123107748656254,7933,7933,0.00688770213225689,0.00344385106612843
0.14889265813029,0.127032399995186,7934,7934,0.00688770213225689,0.00344385106612847
0.14323248564789,0.123107748656254,7935,7935,0.00688770213225689,0.00344385106612843
0.14889265813029,0.127032399995186,7936,7936,0.00688770213225689,0.00344385106612847
0.14323248564789,0.123107748656254,7937,7937,0.00688770213225689,0.00344385106612843
0.14889265813029,0.127032399995186,7938,7938,0.00688770213225689,0.00344385106612847
0.14323248564789,0.123107748656254,7939,7939,0.00688770213225689,0.00344385106612843
0.14889265813029,0.127032399995186,7940,7940,0.00688770213225689,0.00344385106612847
0.14323248564789,0.123107748656254,7941,7941,0.00688770213225689,0.00344385106612843
0.14889265813029,0.127032399995186,7942,7942,0.00688770213225689,0.00344385106612847
0.14323248564789,0.123107748656254,7943,7943,0.00688770213225689,0.00344385106612843
0.14889265813029,0.127032399995186,7944,7944,0.00688770213225689,0.00344385106612847
0.14323248564789,0.123107748656254,7945,7945,0.00688770213225689,0.00344385106612843
0.14889265813029,0.127032399995186,7946,7946,0.00688770213225689,0.00344385106612847
0.14323248564789,0.123107748656254,7947,7947,0.00688770213225689,0.00344385106612843
0.14889265813029,0.127032399995186,7948,7948,0.00688770213225689,0.00344385106612847
0.14323248564789,0.123107748656254,7949,7949,0.00688770213225689,0.00344385106612843
0.14889265813029,0.127032399995186,7950,7950,0.00688770213225689,0.00344385106612847
0.14323248564789,0.123107748656254,7951,7951,0.00688770213225689,0.00344385106612843
0.14889265813029,0.127032399995186,7952,7952,0.00688770213225689,0.00344385106612847
0.14323248564789,0.123107748656254,7953,7953,0.00688770213225689,0.00344385106612843
0.14889265813029,0.127032399995186,7954,7954,0.00688770213225689,0.00344385106612847
0.14323248564789,0.123107748656254,7955,7955,0.00688770213225689,0.00344385106612843
0.14889265813029,0.127032399995186,7956,7956,0.00688770213225689,0.00344385106612847
0.14323248564789,0.123107748656254,7957,7957,0.00688770213225689,0.00344385106612843
0.14889265813029,0.127032399995186,7958,7958,0.00688770213225689,0.00344385106612847
0.14323248564789,0.123107748656254,7959,7959,0.00688770213225689,0.00344385106612843
0.14889265813029,0.127032399995186,7960,7960,0.00688770213225689,0.00344385106612847
0.14323248564789,0.123107748656254,7961,7961,0.00688770213225689,0.00344385106612843
0.14889265813029,0.127032399995186,7962,7962,0.00688770213225689,0.00344385106612847
0.14323248564789,0.123107748656254,7963,7963,0.00688770213225689,0.00344385106612843
0.14889265813029,0.127032399995186,7964,7964,0.00688770213225689,0.00344385106612847
0.14323248564789,0.123107748656254,7965,7965,0.00688770213225689,0.00344385106612843
0.14889265813029,0.127032399995186,7966,7966,0.00688770213225689,0.00344385106612847
0.14323248564789,0.123107748656254,7967,7967,0.00688770213225689,0.00344385106612843
0.14889265813029,0.127032399995186,7968,7968,0.00688770213225689,0.00344385106612847
0.14323248564789,0.123107748656254,7969,7969,0.00688770213225689,0.00344385106612843
0.14889265813029,0.127032399995186,7970,7970,0.00688770213225689,0.00344385106612847
0.14323248564789,0.123107748656254,7971,7971,0.00688770213225689,0.00344385106612843
0.14889265813029,0.127032399995186,7972,7972,0.00688770213225689,0.00344385106612847
0.14323248564789,0.123107748656254,7973,7973,0.00688770213225689,0.00344385106612843
0.14889265813029,0.127032399995186,7974,7974,0.00688770213225689,0.00344385106612847
0.14323248564789,0.123107748656254,7975,7975,0.00688770213225689,0.00344385106612843
0.14889265813029,0.127032399995186,7976,7976,0.00688770213225689,0.00344385106612847
0.14323248564789,0.123107748656254,7977,7977,0.00688770213225689,0.00344385106612843
0.14889265813029,0.127032399995186,7978,7978,0.00688770213225689,0.00344385106612847
0.14323248564789,0.123107748656254,7979,7979,0.00688770213225689,0.00344385106612843
0.14889265813029,0.127032399995186,7980,7980,0.00688770213225689,0.00344385106612847
0.14323248564789,0.123107748656254,7981,7981,0.00688770213225689,0.00344385106612843
0.14889265813029,0.127032399995186,7982,7982,0.00688770213225689,0.00344385106612847
0.14323248564789,0.123107748656254,7983,7983,0.00688770213225689,0.00344385106612843
0.14889265813029,0.127032399995186,7984,7984,0.00688770213225689,0.00344385106612847
0.14323248564789,0.123107748656254,7985,7985,0.00688770213225689,0.00344385106612843
0.14889265813029,0.127032399995186,7986,7986,0.00688770213225689,0.00344385106612847
0.14323248564789,0.123107748656254,7987,7987,0.00688770213225689,0.00344385106612843
0.14889265813029,0.127032399995186,7988,7988,0.00688770213225689,0.00344385106612847
0.14323248564789,0.123107748656254,7989,7989,0.00688770213225689,0.00344385106612843
0.14889265813029,0.127032399995186,7990,7990,0.00688770213225689,0.00344385106612847
0.14323248564789,0.123107748656254,7991,7991,0.00688770213225689,0.00344385106612843
0.14889265813029,0.127032399995186,7992,7992,0.00688770213225689,0.00344385106612847
0.14323248564789,0.123107748656254,7993,7993,0.00688770213225689,0.00344385106612843
0.14889265813029,0.127032399995186,7994,7994,0.00688770213225689,0.00344385106612847
0.14323248564789,0.123107748656254,7995,7995,0.00688770213225689,0.00344385106612843
0.14889265813029,0.127032399995186,7996,7996,0.00688770213225689,0.00344385106612847
0.14323248564789,0.123107748656254,7997,7997,0.00688770213225689,0.00344385106612843
0.14889265813029,0.127032399995186,7998,7998,0.00688770213225689,0.00344385106612847
0.14323248564789,0.123107748656254,7999,7999,0.00688770213225689,0.00344385106612843
0.14889265813029,0.127032399995186,8000,8000,0.00688770213225689,0.00344385106612847
0.14323248564789,0.123107748656254,8001,8001,0.00688770213225689,0.00344385106612843
0.14889265813029,0.127032399995186,8002,8002,0.00688770213225689,0.00344385106612847
0.14323248564789,0.123107748656254,8003,8003,0.00688770213225689,0.00344385106612843
0.14889265813029,0.127032399995186,8004,8004,0.00688770213225689,0.00344385106612847
0.14323248564789,0.123107748656254,8005,8005,0.00688770213225689,0.00344385106612843
0.14889265813029,0.127032399995186,8006,8006,0.00688770213225689,0.00344385106612847
0.14323248564789,0.123107748656254,8007,8007,0.00688770213225689,0.00344385106612843
0.14889265813029,0.127032399995186,8008,8008,0.00688770213225689,0.00344385106612847
0.14323248564789,0.123107748656254,8009,8009,0.00688770213225689,0.00344385106612843
0.14889265813029,0.127032399995186,8010,8010,0.00688770213225689,0.00344385106612847
0.14323248564789,0.123107748656254,8011,8011,0.00688770213225689,0.00344385106612843
0.14889265813029,0.127032399995186,8012,8012,0.00688770213225689,0.00344385106612847
0.14323248564789,0.123107748656254,8013,8013,0.00688770213225689,0.00344385106612843
0.14889265813029,0.127032399995186,8014,8014,0.00688770213225689,0.00344385106612847
0.14323248564789,0.123107748656254,8015,8015,0.00688770213225689,0.00344385106612843
0.14889265813029,0.127032399995186,8016,8016,0.00688770213225689,0.00344385106612847
0.14323248564789,0.123107748656254,8017,8017,0.00688770213225689,0.00344385106612843
0.14889265813029,0.127032399995186,8018,8018,0.00688770213225689,0.00344385106612847
0.14323248564789,0.123107748656254,8019,8019,0.00688770213225689,0.00344385106612843
0.14889265813029,0.127032399995186,8020,8020,0.00688770213225689,0.00344385106612847
0.14323248564789,0.123107748656254,8021,8021,0.00688770213225689,0.00344385106612843
0.14889265813029,0.127032399995186,8022,8022,0.00688770213225689,0.00344385106612847
0.14323248564789,0.123107748656254,8023,8023,0.00688770213225689,0.00344385106612843
0.14889265813029,0.127032399995186,8024,8024,0.00688770213225689,0.00344385106612847
0.14323248564789,0.123107748656254,8025,8025,0.00688770213225689,0.00344385106612843
0.14889265813029,0.127032399995186,8026,8026,0.00688770213225689,0.00344385106612847
0.14323248564789,0.123107748656254,8027,8027,0.00688770213225689,0.00344385106612843
0.14889265813029,0.127032399995186,8028,8028,0.00688770213225689,0.00344385106612847
0.14323248564789,0.123107748656254,8029,8029,0.00688770213225689,0.00344385106612843
0.14889265813029,0.127032399995186,8030,8030,0.00688770213225689,0.00344385106612847
0.14323248564789,0.123107748656254,8031,8031,0.00688770213225689,0.00344385106612843
0.14889265813029,0.127032399995186,8032,8032,0.00688770213225689,0.00344385106612847
0.14323248564789,0.123107748656254,8033,8033,0.00688770213225689,0.00344385106612843
0.14889265813029,0.127032399995186,8034,8034,0.00688770213225689,0.00344385106612847
0.14323248564789,0.123107748656254,8035,8035,0.00688770213225689,0.00344385106612843
0.14889265813029,0.127032399995186,8036,8036,0.00688770213225689,0.00344385106612847
0.14323248564789,0.123107748656254,8037,8037,0.00688770213225689,0.00344385106612843
0.14889265813029,0.127032399995186,8038,8038,0.00688770213225689,0.00344385106612847
0.14323248564789,0.123107748656254,8039,8039,0.00688770213225689,0.00344385106612843
0.14889265813029,0.127032399995186,8040,8040,0.00688770213225689,0.00344385106612847
0.14323248564789,0.123107748656254,8041,8041,0.00688770213225689,0.00344385106612843
0.14889265813029,0.127032399995186,8042,8042,0.00688770213225689,0.00344385106612847
0.14323248564789,0.123107748656254,8043,8043,0.00688770213225689,0.00344385106612843
0.14889265813029,0.127032399995186,8044,8044,0.00688770213225689,0.00344385106612847
0.14323248564789,0.123107748656254,8045,8045,0.00688770213225689,0.00344385106612843
0.14889265813029,0.127032399995186,8046,8046,0.00688770213225689,0.00344385106612847
0.14323248564789,0.123107748656254,8047,8047,0.00688770213225689,0.00344385106612843
0.14889265813029,0.127032399995186,8048,8048,0.00688770213225689,0.00344385106612847
0.14323248564789,0.123107748656254,8049,8049,0.00688770213225689,0.00344385106612843
0.14889265813029,0.127032399995186,8050,8050,0.00688770213225689,0.00344385106612847
0.14323248564789,0.123107748656254,8051,8051,0.00688770213225689,0.00344385106612843
0.14889265813029,0.127032399995186,8052,8052,0.00688770213225689,0.00344385106612847
0.14323248564789,0.123107748656254,8053,8053,0.00688770213225689,0.00344385106612843
0.14889265813029,0.127032399995186,8054,8054,0.00688770213225689,0.00344385106612847
0.14323248564789,0.123107748656254,8055,8055,0.00688770213225689,0.00344385106612843
0.14889265813029,0.127032399995186,8056,8056,0.00688770213225689,0.00344385106612847
0.14323248564789,0.123107748656254,8057,8057,0.00688770213225689,0.00344385106612843
0.14889265813029,0.127032399995186,8058,8058,0.00688770213225689,0.00344385106612847
0.14323248564789,0.123107748656254,8059,8059,0.00688770213225689,0.00344385106612843
0.14889265813029,0.127032399995186,8060,8060,0.00688770213225689,0.00344385106612847
0.14323248564789,0.123107748656254,8061,8061,0.00688770213225689,0.00344385106612843
0.14889265813029,0.127032399995186,8062,8062,0.00688770213225689,0.00344385106612847
0.14323248564789,0.123107748656254,8063,8063,0.00688770213225689,0.00344385106612843
0.14889265813029,0.127032399995186,8064,8064,0.00688770213225689,0.00344385106612847
0.14323248564789,0.123107748656254,8065,8065,0.00688770213225689,0.00344385106612843
0.14889265813029,0.127032399995186,8066,8066,0.00688770213225689,0.00344385106612847
0.14323248564789,0.123107748656254,8067,8067,0.00688770213225689,0.00344385106612843
0.14889265813029,0.127032399995186,8068,8068,0.00688770213225689,0.00344385106612847
0.14323248564789,0.123107748656254,8069,8069,0.00688770213225689,0.00344385106612843
0.14889265813029,0.127032399995186,8070,8070,0.00688770213225689,0.00344385106612847
0.14323248564789,0.123107748656254,8071,8071,0.00688770213225689,0.00344385106612843
0.14889265813029,0.127032399995186,8072,8072,0.00688770213225689,0.00344385106612847
0.14323248564789,0.123107748656254,8073,8073,0.00688770213225689,0.00344385106612843
0.14889265813029,0.127032399995186,8074,8074,0.00688770213225689,0.00344385106612847
0.14323248564789,0.123107748656254,8075,8075,0.00688770213225689,0.00344385106612843
0.14889265813029,0.127032399995186,8076,8076,0.00688770213225689,0.00344385106612847
0.14323248564789,0.123107748656254,8077,8077,0.00688770213225689,0.00344385106612843
0.14889265813029,0.127032399995186,8078,8078,0.00688770213225689,0.00344385106612847
0.14323248564789,0.123107748656254,8079,8079,0.00688770213225689,0.00344385106612843
0.14889265813029,0.127032399995186,8080,8080,0.00688770213225689,0.00344385106612847
0.14323248564789,0.123107748656254,8081,8081,0.00688770213225689,0.00344385106612843
0.14889265813029,0.127032399995186,8082,8082,0.00688770213225689,0.00344385106612847
0.14323248564789,0.123107748656254,8083,8083,0.00688770213225689,0.00344385106612843
0.14889265813029,0.127032399995186,8084,8084,0.00688770213225689,0.00344385106612847
0.14323248564789,0.123107748656254,8085,8085,0.00688770213225689,0.00344385106612843
0.14889265813029,0.127032399995186,8086,8086,0.00688770213225689,0.00344385106612847
0.14323248564789,0.123107748656254,8087,8087,0.00688770213225689,0.00344385106612843
0.14889265813029,0.127032399995186,8088,8088,0.00688770213225689,0.00344385106612847
0.14323248564789,0.123107748656254,8089,8089,0.00688770213225689,0.00344385106612843
0.14889265813029,0.127032399995186,8090,8090,0.00688770213225689,0.00344385106612847
0.14323248564789,0.123107748656254,8091,8091,0.00688770213225689,0.00344385106612843
0.14889265813029,0.127032399995186,8092,8092,0.00688770213225689,0.00344385106612847
0.14323248564789,0.123107748656254,8093,8093,0.00688770213225689,0.00344385106612843
0.14889265813029,0.127032399995186,8094,8094,0.00688770213225689,0.00344385106612847
0.14323248564789,0.123107748656254,8095,8095,0.00688770213225689,0.00344385106612843
0.14889265813029,0.127032399995186,8096,8096,0.00688770213225689,0.00344385106612847
0.14323248564789,0.123107748656254,8097,8097,0.00688770213225689,0.00344385106612843
0.14889265813029,0.127032399995186,8098,8098,0.00688770213225689,0.00344385106612847
0.14323248564789,0.123107748656254,8099,8099,0.00688770213225689,0.00344385106612843
0.14889265813029,0.127032399995186,8100,8100,0.00688770213225689,0.00344385106612847
0.14323248564789,0.123107748656254,8101,8101,0.00688770213225689,0.00344385106612843
0.14889265813029,0.127032399995186,8102,8102,0.00688770213225689,0.00344385106612847
0.14323248564789,0.123107748656254,8103,8103,0.00688770213225689,0.00344385106612843
0.14889265813029,0.127032399995186,8104,8104,0.00688770213225689,0.00344385106612847
0.14323248564789,0.123107748656254,8105,8105,0.00688770213225689,0.00344385106612843
0.14889265813029,0.127032399995186,8106,8106,0.00688770213225689,0.00344385106612847
0.14323248564789,0.123107748656254,8107,8107,0.00688770213225689,0.00344385106612843
0.14889265813029,0.127032399995186,8108,8108,0.00688770213225689,0.00344385106612847
0.14323248564789,0.123107748656254,8109,8109,0.00688770213225689,0.00344385106612843
0.14889265813029,0.127032399995186,8110,8110,0.00688770213225689,0.00344385106612847
0.14323248564789,0.123107748656254,8111,8111,0.00688770213225689,0.00344385106612843
0.14889265813029,0.127032399995186,8112,8112,0.00688770213225689,0.00344385106612847
0.14323248564789,0.123107748656254,8113,8113,0.00688770213225689,0.00344385106612843
0.14889265813029,0.127032399995186,8114,8114,0.00688770213225689,0.00344385106612847
0.14323248564789,0.123107748656254,8115,8115,0.00688770213225689,0.00344385106612843
0.14889265813029,0.127032399995186,8116,8116,0.00688770213225689,0.00344385106612847
0.14323248564789,0.123107748656254,8117,8117,0.00688770213225689,0.00344385106612843
0.14889265813029,0.127032399995186,8118,8118,0.00688770213225689,0.00344385106612847
0.14323248564789,0.123107748656254,8119,8119,0.00688770213225689,0.00344385106612843
0.14889265813029,0.127032399995186,8120,8120,0.00688770213225689,0.00344385106612847
0.14323248564789,0.123107748656254,8121,8121,0.00688770213225689,0.00344385106612843
0.14889265813029,0.127032399995186,8122,8122,0.00688770213225689,0.00344385106612847
0.14323248564789,0.123107748656254,8123,8123,0.00688770213225689,0.00344385106612843
0.14889265813029,0.127032399995186,8124,8124,0.00688770213225689,0.00344385106612847
0.14323248564789,0.123107748656254,8125,8125,0.00688770213225689,0.00344385106612843
0.14889265813029,0.127032399995186,8126,8126,0.00688770213225689,0.00344385106612847
0.14323248564789,0.123107748656254,8127,8127,0.00688770213225689,0.00344385106612843
0.14889265813029,0.127032399995186,8128,8128,0.00688770213225689,0.00344385106612847
0.14323248564789,0.123107748656254,8129,8129,0.00688770213225689,0.00344385106612843
0.14889265813029,0.127032399995186,8130,8130,0.00688770213225689,0.00344385106612847
0.14323248564789,0.123107748656254,8131,8131,0.00688770213225689,0.00344385106612843
0.14889265813029,0.127032399995186,8132,8132,0.00688770213225689,0.00344385106612847
0.14323248564789,0.123107748656254,8133,8133,0.00688770213225689,0.00344385106612843
0.14889265813029,0.127032399995186,8134,8134,0.00688770213225689,0.00344385106612847
0.14323248564789,0.123107748656254,8135,8135,0.00688770213225689,0.00344385106612843
0.14889265813029,0.127032399995186,8136,8136,0.00688770213225689,0.00344385106612847
0.14323248564789,0.123107748656254,8137,8137,0.00688770213225689,0.00344385106612843
0.14889265813029,0.127032399995186,8138,8138,0.00688770213225689,0.00344385106612847
0.14323248564789,0.123107748656254,8139,8139,0.00688770213225689,0.00344385106612843
0.14889265813029,0.127032399995186,8140,8140,0.00688770213225689,0.00344385106612847
0.14323248564789,0.123107748656254,8141,8141,0.00688770213225689,0.00344385106612843
0.14889265813029,0.127032399995186,8142,8142,0.00688770213225689,0.00344385106612847
0.14323248564789,0.123107748656254,8143,8143,0.00688770213225689,0.00344385106612843
0.14889265813029,0.127032399995186,8144,8144,0.00688770213225689,0.00344385106612847
0.14323248564789,0.123107748656254,8145,8145,0.00688770213225689,0.00344385106612843
0.14889265813029,0.127032399995186,8146,8146,0.00688770213225689,0.00344385106612847
0.14323248564789,0.123107748656254,8147,8147,0.00688770213225689,0.00344385106612843
0.14889265813029,0.127032399995186,8148,8148,0.00688770213225689,0.00344385106612847
0.14323248564789,0.123107748656254,8149,8149,0.00688770213225689,0.00344385106612843
0.14889265813029,0.127032399995186,8150,8150,0.00688770213225689,0.00344385106612847
0.14323248564789,0.123107748656254,8151,8151,0.00688770213225689,0.00344385106612843
0.14889265813029,0.127032399995186,8152,8152,0.00688770213225689,0.00344385106612847
0.14323248564789,0.123107748656254,8153,8153,0.00688770213225689,0.00344385106612843
0.14889265813029,0.127032399995186,8154,8154,0.00688770213225689,0.00344385106612847
0.14323248564789,0.123107748656254,8155,8155,0.00688770213225689,0.00344385106612843
0.14889265813029,0.127032399995186,8156,8156,0.00688770213225689,0.00344385106612847
0.14323248564789,0.123107748656254,8157,8157,0.00688770213225689,0.00344385106612843
0.14889265813029,0.127032399995186,8158,8158,0.00688770213225689,0.00344385106612847
0.14323248564789,0.123107748656254,8159,8159,0.00688770213225689,0.00344385106612843
0.14889265813029,0.127032399995186,8160,8160,0.00688770213225689,0.00344385106612847
0.14323248564789,0.123107748656254,8161,8161,0.00688770213225689,0.00344385106612843
0.14889265813029,0.127032399995186,8162,8162,0.00688770213225689,0.00344385106612847
0.14323248564789,0.123107748656254,8163,8163,0.00688770213225689,0.00344385106612843
0.14889265813029,0.127032399995186,8164,8164,0.00688770213225689,0.00344385106612847
0.14323248564789,0.123107748656254,8165,8165,0.00688770213225689,0.00344385106612843
0.14889265813029,0.127032399995186,8166,8166,0.00688770213225689,0.00344385106612847
0.14323248564789,0.123107748656254,8167,8167,0.00688770213225689,0.00344385106612843
0.14889265813029,0.127032399995186,8168,8168,0.00688770213225689,0.00344385106612847
0.14323248564789,0.123107748656254,8169,8169,0.00688770213225689,0.00344385106612843
0.14889265813029,0.127032399995186,8170,8170,0.00688770213225689,0.00344385106612847
0.14323248564789,0.123107748656254,8171,8171,0.00688770213225689,0.00344385106612843
0.14889265813029,0.127032399995186,8172,8172,0.00688770213225689,0.00344385106612847
0.14323248564789,0.123107748656254,8173,8173,0.00688770213225689,0.00344385106612843
0.14889265813029,0.127032399995186,8174,8174,0.00688770213225689,0.00344385106612847
0.14323248564789,0.123107748656254,8175,8175,0.00688770213225689,0.00344385106612843
0.14889265813029,0.127032399995186,8176,8176,0.00688770213225689,0.00344385106612847
0.14323248564789,0.123107748656254,8177,8177,0.00688770213225689,0.00344385106612843
0.14889265813029,0.127032399995186,8178,8178,0.00688770213225689,0.00344385106612847
0.14323248564789,0.123107748656254,8179,8179,0.00688770213225689,0.00344385106612843
0.14889265813029,0.127032399995186,8180,8180,0.00688770213225689,0.00344385106612847
0.14323248564789,0.123107748656254,8181,8181,0.00688770213225689,0.00344385106612843
0.14889265813029,0.127032399995186,8182,8182,0.00688770213225689,0.00344385106612847
0.14323248564789,0.123107748656254,8183,8183,0.00688770213225689,0.00344385106612843
0.14889265813029,0.127032399995186,8184,8184,0.00688770213225689,0.00344385106612847
0.14323248564789,0.123107748656254,8185,8185,0.00688770213225689,0.00344385106612843
0.14889265813029,0.127032399995186,8186,8186,0.00688770213225689,0.00344385106612847
0.14323248564789,0.123107748656254,8187,8187,0.00688770213225689,0.00344385106612843
0.14889265813029,0.127032399995186,8188,8188,0.00688770213225689,0.00344385106612847
0.14323248564789,0.123107748656254,8189,8189,0.00688770213225689,0.00344385106612843
0.14889265813029,0.127032399995186,8190,8190,0.00688770213225689,0.00344385106612847
0.14323248564789,0.123107748656254,8191,8191,0.00688770213225689,0.00344385106612843
0.14889265813029,0.127032399995186,8192,8192,0.00688770213225689,0.00344385106612847
0.14323248564789,0.123107748656254,8193,8193,0.00688770213225689,0.00344385106612843
0.14889265813029,0.127032399995186,8194,8194,0.00688770213225689,0.00344385106612847
0.14323248564789,0.123107748656254,8195,8195,0.00688770213225689,0.00344385106612843
0.14889265813029,0.127032399995186,8196,8196,0.00688770213225689,0.00344385106612847
0.14323248564789,0.123107748656254,8197,8197,0.00688770213225689,0.00344385106612843
0.14889265813029,0.127032399995186,8198,8198,0.00688770213225689,0.00344385106612847
0.14323248564789,0.123107748656254,8199,8199,0.00688770213225689,0.00344385106612843
0.14889265813029,0.127032399995186,8200,8200,0.00688770213225689,0.00344385106612847
0.14323248564789,0.123107748656254,8201,8201,0.00688770213225689,0.00344385106612843
0.14889265813029,0.127032399995186,8202,8202,0.00688770213225689,0.00344385106612847
0.14323248564789,0.123107748656254,8203,8203,0.00688770213225689,0.00344385106612843
0.14889265813029,0.127032399995186,8204,8204,0.00688770213225689,0.00344385106612847
0.14323248564789,0.123107748656254,8205,8205,0.00688770213225689,0.00344385106612843
0.14889265813029,0.127032399995186,8206,8206,0.00688770213225689,0.00344385106612847
0.14323248564789,0.123107748656254,8207,8207,0.00688770213225689,0.00344385106612843
0.14889265813029,0.127032399995186,8208,8208,0.00688770213225689,0.00344385106612847
0.14323248564789,0.123107748656254,8209,8209,0.00688770213225689,0.00344385106612843
0.14889265813029,0.127032399995186,8210,8210,0.00688770213225689,0.00344385106612847
0.14323248564789,0.123107748656254,8211,8211,0.00688770213225689,0.00344385106612843
0.14889265813029,0.127032399995186,8212,8212,0.00688770213225689,0.00344385106612847
0.14323248564789,0.123107748656254,8213,8213,0.00688770213225689,0.00344385106612843
0.14889265813029,0.127032399995186,8214,8214,0.00688770213225689,0.00344385106612847
0.14323248564789,0.123107748656254,8215,8215,0.00688770213225689,0.00344385106612843
0.14889265813029,0.127032399995186,8216,8216,0.00688770213225689,0.00344385106612847
0.14323248564789,0.123107748656254,8217,8217,0.00688770213225689,0.00344385106612843
0.14889265813029,0.127032399995186,8218,8218,0.00688770213225689,0.00344385106612847
0.14323248564789,0.123107748656254,8219,8219,0.00688770213225689,0.00344385106612843
0.14889265813029,0.127032399995186,8220,8220,0.00688770213225689,0.00344385106612847
0.14323248564789,0.123107748656254,8221,8221,0.00688770213225689,0.00344385106612843
0.14889265813029,0.127032399995186,8222,8222,0.00688770213225689,0.00344385106612847
0.14323248564789,0.123107748656254,8223,8223,0.00688770213225689,0.00344385106612843
0.14889265813029,0.127032399995186,8224,8224,0.00688770213225689,0.00344385106612847
0.14323248564789,0.123107748656254,8225,8225,0.00688770213225689,0.00344385106612843
0.14889265813029,0.127032399995186,8226,8226,0.00688770213225689,0.00344385106612847
0.14323248564789,0.123107748656254,8227,8227,0.00688770213225689,0.00344385106612843
0.14889265813029,0.127032399995186,8228,8228,0.00688770213225689,0.00344385106612847
0.14323248564789,0.123107748656254,8229,8229,0.00688770213225689,0.00344385106612843
0.14889265813029,0.127032399995186,8230,8230,0.00688770213225689,0.00344385106612847
0.14323248564789,0.123107748656254,8231,8231,0.00688770213225689,0.00344385106612843
0.14889265813029,0.127032399995186,8232,8232,0.00688770213225689,0.00344385106612847
0.14323248564789,0.123107748656254,8233,8233,0.00688770213225689,0.00344385106612843
0.14889265813029,0.127032399995186,8234,8234,0.00688770213225689,0.00344385106612847
0.14323248564789,0.123107748656254,8235,8235,0.00688770213225689,0.00344385106612843
0.14889265813029,0.127032399995186,8236,8236,0.00688770213225689,0.00344385106612847
0.14323248564789,0.123107748656254,8237,8237,0.00688770213225689,0.00344385106612843
0.14889265813029,0.127032399995186,8238,8238,0.00688770213225689,0.00344385106612847
0.14323248564789,0.123107748656254,8239,8239,0.00688770213225689,0.00344385106612843
0.14889265813029,0.127032399995186,8240,8240,0.00688770213225689,0.00344385106612847
0.14323248564789,0.123107748656254,8241,8241,0.00688770213225689,0.00344385106612843
0.14889265813029,0.127032399995186,8242,8242,0.00688770213225689,0.00344385106612847
0.14323248564789,0.123107748656254,8243,8243,0.00688770213225689,0.00344385106612843
0.14889265813029,0.127032399995186,8244,8244,0.00688770213225689,0.00344385106612847
0.14323248564789,0.123107748656254,8245,8245,0.00688770213225689,0.00344385106612843
0.14889265813029,0.127032399995186,8246,8246,0.00688770213225689,0.00344385106612847
0.14323248564789,0.123107748656254,8247,8247,0.00688770213225689,0.00344385106612843
0.14889265813029,0.127032399995186,8248,8248,0.00688770213225689,0.00344385106612847
0.14323248564789,0.123107748656254,8249,8249,0.00688770213225689,0.00344385106612843
0.14889265813029,0.127032399995186,8250,8250,0.00688770213225689,0.00344385106612847
0.14323248564789,0.123107748656254,8251,8251,0.00688770213225689,0.00344385106612843
0.14889265813029,0.127032399995186,8252,8252,0.00688770213225689,0.00344385106612847
0.14323248564789,0.123107748656254,8253,8253,0.00688770213225689,0.00344385106612843
0.14889265813029,0.127032399995186,8254,8254,0.00688770213225689,0.00344385106612847
0.14323248564789,0.123107748656254,8255,8255,0.00688770213225689,0.00344385106612843
0.14889265813029,0.127032399995186,8256,8256,0.00688770213225689,0.00344385106612847
0.14323248564789,0.123107748656254,8257,8257,0.00688770213225689,0.00344385106612843
0.14889265813029,0.127032399995186,8258,8258,0.00688770213225689,0.00344385106612847
0.14323248564789,0.123107748656254,8259,8259,0.00688770213225689,0.00344385106612843
0.14889265813029,0.127032399995186,8260,8260,0.00688770213225689,0.00344385106612847
0.14323248564789,0.123107748656254,8261,8261,0.00688770213225689,0.00344385106612843
0.14889265813029,0.127032399995186,8262,8262,0.00688770213225689,0.00344385106612847
0.14323248564789,0.123107748656254,8263,8263,0.00688770213225689,0.00344385106612843
0.14889265813029,0.127032399995186,8264,8264,0.00688770213225689,0.00344385106612847
0.14323248564789,0.123107748656254,8265,8265,0.00688770213225689,0.00344385106612843
0.14889265813029,0.127032399995186,8266,8266,0.00688770213225689,0.00344385106612847
0.14323248564789,0.123107748656254,8267,8267,0.00688770213225689,0.00344385106612843
0.14889265813029,0.127032399995186,8268,8268,0.00688770213225689,0.00344385106612847
0.14323248564789,0.123107748656254,8269,8269,0.00688770213225689,0.00344385106612843
0.14889265813029,0.127032399995186,8270,8270,0.00688770213225689,0.00344385106612847
0.14323248564789,0.123107748656254,8271,8271,0.00688770213225689,0.00344385106612843
0.14889265813029,0.127032399995186,8272,8272,0.00688770213225689,0.00344385106612847
0.14323248564789,0.123107748656254,8273,8273,0.00688770213225689,0.00344385106612843
0.14889265813029,0.127032399995186,8274,8274,0.00688770213225689,0.00344385106612847
0.14323248564789,0.123107748656254,8275,8275,0.00688770213225689,0.00344385106612843
0.14889265813029,0.127032399995186,8276,8276,0.00688770213225689,0.00344385106612847
0.14323248564789,0.123107748656254,8277,8277,0.00688770213225689,0.00344385106612843
0.14889265813029,0.127032399995186,8278,8278,0.00688770213225689,0.00344385106612847
0.14323248564789,0.123107748656254,8279,8279,0.00688770213225689,0.00344385106612843
0.14889265813029,0.127032399995186,8280,8280,0.00688770213225689,0.00344385106612847
0.14323248564789,0.123107748656254,8281,8281,0.00688770213225689,0.00344385106612843
0.14889265813029,0.127032399995186,8282,8282,0.00688770213225689,0.00344385106612847
0.14323248564789,0.123107748656254,8283,8283,0.00688770213225689,0.00344385106612843
0.14889265813029,0.127032399995186,8284,8284,0.00688770213225689,0.00344385106612847
0.14323248564789,0.123107748656254,8285,8285,0.00688770213225689,0.00344385106612843
0.14889265813029,0.127032399995186,8286,8286,0.00688770213225689,0.00344385106612847
0.14323248564789,0.123107748656254,8287,8287,0.00688770213225689,0.00344385106612843
0.14889265813029,0.127032399995186,8288,8288,0.00688770213225689,0.00344385106612847
0.14323248564789,0.123107748656254,8289,8289,0.00688770213225689,0.00344385106612843
0.14889265813029,0.127032399995186,8290,8290,0.00688770213225689,0.00344385106612847
0.14323248564789,0.123107748656254,8291,8291,0.00688770213225689,0.00344385106612843
0.14889265813029,0.127032399995186,8292,8292,0.00688770213225689,0.00344385106612847
0.14323248564789,0.123107748656254,8293,8293,0.00688770213225689,0.00344385106612843
0.14889265813029,0.127032399995186,8294,8294,0.00688770213225689,0.00344385106612847
0.14323248564789,0.123107748656254,8295,8295,0.00688770213225689,0.00344385106612843
0.14889265813029,0.127032399995186,8296,8296,0.00688770213225689,0.00344385106612847
0.14323248564789,0.123107748656254,8297,8297,0.00688770213225689,0.00344385106612843
0.14889265813029,0.127032399995186,8298,8298,0.00688770213225689,0.00344385106612847
0.14323248564789,0.123107748656254,8299,8299,0.00688770213225689,0.00344385106612843
0.14889265813029,0.127032399995186,8300,8300,0.00688770213225689,0.00344385106612847
0.14323248564789,0.123107748656254,8301,8301,0.00688770213225689,0.00344385106612843
0.14889265813029,0.127032399995186,8302,8302,0.00688770213225689,0.00344385106612847
0.14323248564789,0.123107748656254,8303,8303,0.00688770213225689,0.00344385106612843
0.14889265813029,0.127032399995186,8304,8304,0.00688770213225689,0.00344385106612847
0.14323248564789,0.123107748656254,8305,8305,0.00688770213225689,0.00344385106612843
0.14889265813029,0.127032399995186,8306,8306,0.00688770213225689,0.00344385106612847
0.14323248564789,0.123107748656254,8307,8307,0.00688770213225689,0.00344385106612843
0.14889265813029,0.127032399995186,8308,8308,0.00688770213225689,0.00344385106612847
0.14323248564789,0.123107748656254,8309,8309,0.00688770213225689,0.00344385106612843
0.14889265813029,0.127032399995186,8310,8310,0.00688770213225689,0.00344385106612847
0.14323248564789,0.123107748656254,8311,8311,0.00688770213225689,0.00344385106612843
0.14889265813029,0.127032399995186,8312,8312,0.00688770213225689,0.00344385106612847
0.14323248564789,0.123107748656254,8313,8313,0.00688770213225689,0.00344385106612843
0.14889265813029,0.127032399995186,8314,8314,0.00688770213225689,0.00344385106612847
0.14323248564789,0.123107748656254,8315,8315,0.00688770213225689,0.00344385106612843
0.14889265813029,0.127032399995186,8316,8316,0.00688770213225689,0.00344385106612847
0.14323248564789,0.123107748656254,8317,8317,0.00688770213225689,0.00344385106612843
0.14889265813029,0.127032399995186,8318,8318,0.00688770213225689,0.00344385106612847
0.14323248564789,0.123107748656254,8319,8319,0.00688770213225689,0.00344385106612843
0.14889265813029,0.127032399995186,8320,8320,0.00688770213225689,0.00344385106612847
0.14323248564789,0.123107748656254,8321,8321,0.00688770213225689,0.00344385106612843
0.14889265813029,0.127032399995186,8322,8322,0.00688770213225689,0.00344385106612847
0.14323248564789,0.123107748656254,8323,8323,0.00688770213225689,0.00344385106612843
0.14889265813029,0.127032399995186,8324,8324,0.00688770213225689,0.00344385106612847
0.14323248564789,0.123107748656254,8325,8325,0.00688770213225689,0.00344385106612843
0.14889265813029,0.127032399995186,8326,8326,0.00688770213225689,0.00344385106612847
0.14323248564789,0.123107748656254,8327,8327,0.00688770213225689,0.00344385106612843
0.14889265813029,0.127032399995186,8328,8328,0.00688770213225689,0.00344385106612847
0.14323248564789,0.123107748656254,8329,8329,0.00688770213225689,0.00344385106612843
0.14889265813029,0.127032399995186,8330,8330,0.00688770213225689,0.00344385106612847
0.14323248564789,0.123107748656254,8331,8331,0.00688770213225689,0.00344385106612843
0.14889265813029,0.127032399995186,8332,8332,0.00688770213225689,0.00344385106612847
0.14323248564789,0.123107748656254,8333,8333,0.00688770213225689,0.00344385106612843
0.14889265813029,0.127032399995186,8334,8334,0.00688770213225689,0.00344385106612847
0.14323248564789,0.123107748656254,8335,8335,0.00688770213225689,0.00344385106612843
0.14889265813029,0.127032399995186,8336,8336,0.00688770213225689,0.00344385106612847
0.14323248564789,0.123107748656254,8337,8337,0.00688770213225689,0.00344385106612843
0.14889265813029,0.127032399995186,8338,8338,0.00688770213225689,0.00344385106612847
0.14323248564789,0.123107748656254,8339,8339,0.00688770213225689,0.00344385106612843
0.14889265813029,0.127032399995186,8340,8340,0.00688770213225689,0.00344385106612847
0.14323248564789,0.123107748656254,8341,8341,0.00688770213225689,0.00344385106612843
0.14889265813029,0.127032399995186,8342,8342,0.00688770213225689,0.00344385106612847
0.14323248564789,0.123107748656254,8343,8343,0.00688770213225689,0.00344385106612843
0.14889265813029,0.127032399995186,8344,8344,0.00688770213225689,0.00344385106612847
0.14323248564789,0.123107748656254,8345,8345,0.00688770213225689,0.00344385106612843
0.14889265813029,0.127032399995186,8346,8346,0.00688770213225689,0.00344385106612847
0.14323248564789,0.123107748656254,8347,8347,0.00688770213225689,0.00344385106612843
0.14889265813029,0.127032399995186,8348,8348,0.00688770213225689,0.00344385106612847
0.14323248564789,0.123107748656254,8349,8349,0.00688770213225689,0.00344385106612843
0.14889265813029,0.127032399995186,8350,8350,0.00688770213225689,0.00344385106612847
0.14323248564789,0.123107748656254,8351,8351,0.00688770213225689,0.00344385106612843
0.14889265813029,0.127032399995186,8352,8352,0.00688770213225689,0.00344385106612847
0.14323248564789,0.123107748656254,8353,8353,0.00688770213225689,0.00344385106612843
0.14889265813029,0.127032399995186,8354,8354,0.00688770213225689,0.00344385106612847
0.14323248564789,0.123107748656254,8355,8355,0.00688770213225689,0.00344385106612843
0.14889265813029,0.127032399995186,8356,8356,0.00688770213225689,0.00344385106612847
0.14323248564789,0.123107748656254,8357,8357,0.00688770213225689,0.00344385106612843
0.14889265813029,0.127032399995186,8358,8358,0.00688770213225689,0.00344385106612847
0.14323248564789,0.123107748656254,8359,8359,0.00688770213225689,0.00344385106612843
0.14889265813029,0.127032399995186,8360,8360,0.00688770213225689,0.00344385106612847
0.14323248564789,0.123107748656254,8361,8361,0.00688770213225689,0.00344385106612843
0.14889265813029,0.127032399995186,8362,8362,0.00688770213225689,0.00344385106612847
0.14323248564789,0.123107748656254,8363,8363,0.00688770213225689,0.00344385106612843
0.14889265813029,0.127032399995186,8364,8364,0.00688770213225689,0.00344385106612847
0.14323248564789,0.123107748656254,8365,8365,0.00688770213225689,0.00344385106612843
0.14889265813029,0.127032399995186,8366,8366,0.00688770213225689,0.00344385106612847
0.14323248564789,0.123107748656254,8367,8367,0.00688770213225689,0.00344385106612843
0.14889265813029,0.127032399995186,8368,8368,0.00688770213225689,0.00344385106612847
0.14323248564789,0.123107748656254,8369,8369,0.00688770213225689,0.00344385106612843
0.14889265813029,0.127032399995186,8370,8370,0.00688770213225689,0.00344385106612847
0.14323248564789,0.123107748656254,8371,8371,0.00688770213225689,0.00344385106612843
0.14889265813029,0.127032399995186,8372,8372,0.00688770213225689,0.00344385106612847
0.14323248564789,0.123107748656254,8373,8373,0.00688770213225689,0.00344385106612843
0.14889265813029,0.127032399995186,8374,8374,0.00688770213225689,0.00344385106612847
0.14323248564789,0.123107748656254,8375,8375,0.00688770213225689,0.00344385106612843
0.14889265813029,0.127032399995186,8376,8376,0.00688770213225689,0.00344385106612847
0.14323248564789,0.123107748656254,8377,8377,0.00688770213225689,0.00344385106612843
0.14889265813029,0.127032399995186,8378,8378,0.00688770213225689,0.00344385106612847
0.14323248564789,0.123107748656254,8379,8379,0.00688770213225689,0.00344385106612843
0.14889265813029,0.127032399995186,8380,8380,0.00688770213225689,0.00344385106612847
0.14323248564789,0.123107748656254,8381,8381,0.00688770213225689,0.00344385106612843
0.14889265813029,0.127032399995186,8382,8382,0.00688770213225689,0.00344385106612847
0.14323248564789,0.123107748656254,8383,8383,0.00688770213225689,0.00344385106612843
0.14889265813029,0.127032399995186,8384,8384,0.00688770213225689,0.00344385106612847
0.14323248564789,0.123107748656254,8385,8385,0.00688770213225689,0.00344385106612843
0.14889265813029,0.127032399995186,8386,8386,0.00688770213225689,0.00344385106612847
0.14323248564789,0.123107748656254,8387,8387,0.00688770213225689,0.00344385106612843
0.14889265813029,0.127032399995186,8388,8388,0.00688770213225689,0.00344385106612847
0.14323248564789,0.123107748656254,8389,8389,0.00688770213225689,0.00344385106612843
0.14889265813029,0.127032399995186,8390,8390,0.00688770213225689,0.00344385106612847
0.14323248564789,0.123107748656254,8391,8391,0.00688770213225689,0.00344385106612843
0.14889265813029,0.127032399995186,8392,8392,0.00688770213225689,0.00344385106612847
0.14323248564789,0.123107748656254,8393,8393,0.00688770213225689,0.00344385106612843
0.14889265813029,0.127032399995186,8394,8394,0.00688770213225689,0.00344385106612847
0.14323248564789,0.123107748656254,8395,8395,0.00688770213225689,0.00344385106612843
0.14889265813029,0.127032399995186,8396,8396,0.00688770213225689,0.00344385106612847
0.14323248564789,0.123107748656254,8397,8397,0.00688770213225689,0.00344385106612843
0.14889265813029,0.127032399995186,8398,8398,0.00688770213225689,0.00344385106612847
0.14323248564789,0.123107748656254,8399,8399,0.00688770213225689,0.00344385106612843
0.14889265813029,0.127032399995186,8400,8400,0.00688770213225689,0.00344385106612847
0.14323248564789,0.123107748656254,8401,8401,0.00688770213225689,0.00344385106612843
0.14889265813029,0.127032399995186,8402,8402,0.00688770213225689,0.00344385106612847
0.14323248564789,0.123107748656254,8403,8403,0.00688770213225689,0.00344385106612843
0.14889265813029,0.127032399995186,8404,8404,0.00688770213225689,0.00344385106612847
0.14323248564789,0.123107748656254,8405,8405,0.00688770213225689,0.00344385106612843
0.14889265813029,0.127032399995186,8406,8406,0.00688770213225689,0.00344385106612847
0.14323248564789,0.123107748656254,8407,8407,0.00688770213225689,0.00344385106612843
0.14889265813029,0.127032399995186,8408,8408,0.00688770213225689,0.00344385106612847
0.14323248564789,0.123107748656254,8409,8409,0.00688770213225689,0.00344385106612843
0.14889265813029,0.127032399995186,8410,8410,0.00688770213225689,0.00344385106612847
0.14323248564789,0.123107748656254,8411,8411,0.00688770213225689,0.00344385106612843
0.14889265813029,0.127032399995186,8412,8412,0.00688770213225689,0.00344385106612847
0.14323248564789,0.123107748656254,8413,8413,0.00688770213225689,0.00344385106612843
0.14889265813029,0.127032399995186,8414,8414,0.00688770213225689,0.00344385106612847
0.14323248564789,0.123107748656254,8415,8415,0.00688770213225689,0.00344385106612843
0.14889265813029,0.127032399995186,8416,8416,0.00688770213225689,0.00344385106612847
0.14323248564789,0.123107748656254,8417,8417,0.00688770213225689,0.00344385106612843
0.14889265813029,0.127032399995186,8418,8418,0.00688770213225689,0.00344385106612847
0.14323248564789,0.123107748656254,8419,8419,0.00688770213225689,0.00344385106612843
0.14889265813029,0.127032399995186,8420,8420,0.00688770213225689,0.00344385106612847
0.14323248564789,0.123107748656254,8421,8421,0.00688770213225689,0.00344385106612843
0.14889265813029,0.127032399995186,8422,8422,0.00688770213225689,0.00344385106612847
0.14323248564789,0.123107748656254,8423,8423,0.00688770213225689,0.00344385106612843
0.14889265813029,0.127032399995186,8424,8424,0.00688770213225689,0.00344385106612847
0.14323248564789,0.123107748656254,8425,8425,0.00688770213225689,0.00344385106612843
0.14889265813029,0.127032399995186,8426,8426,0.00688770213225689,0.00344385106612847
0.14323248564789,0.123107748656254,8427,8427,0.00688770213225689,0.00344385106612843
0.14889265813029,0.127032399995186,8428,8428,0.00688770213225689,0.00344385106612847
0.14323248564789,0.123107748656254,8429,8429,0.00688770213225689,0.00344385106612843
0.14889265813029,0.127032399995186,8430,8430,0.00688770213225689,0.00344385106612847
0.14323248564789,0.123107748656254,8431,8431,0.00688770213225689,0.00344385106612843
0.14889265813029,0.127032399995186,8432,8432,0.00688770213225689,0.00344385106612847
0.14323248564789,0.123107748656254,8433,8433,0.00688770213225689,0.00344385106612843
0.14889265813029,0.127032399995186,8434,8434,0.00688770213225689,0.00344385106612847
0.14323248564789,0.123107748656254,8435,8435,0.00688770213225689,0.00344385106612843
0.14889265813029,0.127032399995186,8436,8436,0.00688770213225689,0.00344385106612847
0.14323248564789,0.123107748656254,8437,8437,0.00688770213225689,0.00344385106612843
0.14889265813029,0.127032399995186,8438,8438,0.00688770213225689,0.00344385106612847
0.14323248564789,0.123107748656254,8439,8439,0.00688770213225689,0.00344385106612843
0.14889265813029,0.127032399995186,8440,8440,0.00688770213225689,0.00344385106612847
0.14323248564789,0.123107748656254,8441,8441,0.00688770213225689,0.00344385106612843
0.14889265813029,0.127032399995186,8442,8442,0.00688770213225689,0.00344385106612847
0.14323248564789,0.123107748656254,8443,8443,0.00688770213225689,0.00344385106612843
0.14889265813029,0.127032399995186,8444,8444,0.00688770213225689,0.00344385106612847
0.14323248564789,0.123107748656254,8445,8445,0.00688770213225689,0.00344385106612843
0.14889265813029,0.127032399995186,8446,8446,0.00688770213225689,0.00344385106612847
0.14323248564789,0.123107748656254,8447,8447,0.00688770213225689,0.00344385106612843
0.14889265813029,0.127032399995186,8448,8448,0.00688770213225689,0.00344385106612847
0.14323248564789,0.123107748656254,8449,8449,0.00688770213225689,0.00344385106612843
0.14889265813029,0.127032399995186,8450,8450,0.00688770213225689,0.00344385106612847
0.14323248564789,0.123107748656254,8451,8451,0.00688770213225689,0.00344385106612843
0.14889265813029,0.127032399995186,8452,8452,0.00688770213225689,0.00344385106612847
0.14323248564789,0.123107748656254,8453,8453,0.00688770213225689,0.00344385106612843
0.14889265813029,0.127032399995186,8454,8454,0.00688770213225689,0.00344385106612847
0.14323248564789,0.123107748656254,8455,8455,0.00688770213225689,0.00344385106612843
0.14889265813029,0.127032399995186,8456,8456,0.00688770213225689,0.00344385106612847
0.14323248564789,0.123107748656254,8457,8457,0.00688770213225689,0.00344385106612843
0.14889265813029,0.127032399995186,8458,8458,0.00688770213225689,0.00344385106612847
0.14323248564789,0.123107748656254,8459,8459,0.00688770213225689,0.00344385106612843
0.14889265813029,0.127032399995186,8460,8460,0.00688770213225689,0.00344385106612847
0.14323248564789,0.123107748656254,8461,8461,0.00688770213225689,0.00344385106612843
0.14889265813029,0.127032399995186,8462,8462,0.00688770213225689,0.00344385106612847
0.14323248564789,0.123107748656254,8463,8463,0.00688770213225689,0.00344385106612843
0.14889265813029,0.127032399995186,8464,8464,0.00688770213225689,0.00344385106612847
0.14323248564789,0.123107748656254,8465,8465,0.00688770213225689,0.00344385106612843
0.14889265813029,0.127032399995186,8466,8466,0.00688770213225689,0.00344385106612847
0.14323248564789,0.123107748656254,8467,8467,0.00688770213225689,0.00344385106612843
0.14889265813029,0.127032399995186,8468,8468,0.00688770213225689,0.00344385106612847
0.14323248564789,0.123107748656254,8469,8469,0.00688770213225689,0.00344385106612843
0.14889265813029,0.127032399995186,8470,8470,0.00688770213225689,0.00344385106612847
0.14323248564789,0.123107748656254,8471,8471,0.00688770213225689,0.00344385106612843
0.14889265813029,0.127032399995186,8472,8472,0.00688770213225689,0.00344385106612847
0.14323248564789,0.123107748656254,8473,8473,0.00688770213225689,0.00344385106612843
0.14889265813029,0.127032399995186,8474,8474,0.00688770213225689,0.00344385106612847
0.14323248564789,0.123107748656254,8475,8475,0.00688770213225689,0.00344385106612843
0.14889265813029,0.127032399995186,8476,8476,0.00688770213225689,0.00344385106612847
0.14323248564789,0.123107748656254,8477,8477,0.00688770213225689,0.00344385106612843
0.14889265813029,0.127032399995186,8478,8478,0.00688770213225689,0.00344385106612847
0.14323248564789,0.123107748656254,8479,8479,0.00688770213225689,0.00344385106612843
0.14889265813029,0.127032399995186,8480,8480,0.00688770213225689,0.00344385106612847
0.14323248564789,0.123107748656254,8481,8481,0.00688770213225689,0.00344385106612843
0.14889265813029,0.127032399995186,8482,8482,0.00688770213225689,0.00344385106612847
0.14323248564789,0.123107748656254,8483,8483,0.00688770213225689,0.00344385106612843
0.14889265813029,0.127032399995186,8484,8484,0.00688770213225689,0.00344385106612847
0.14323248564789,0.123107748656254,8485,8485,0.00688770213225689,0.00344385106612843
0.14889265813029,0.127032399995186,8486,8486,0.00688770213225689,0.00344385106612847
0.14323248564789,0.123107748656254,8487,8487,0.00688770213225689,0.00344385106612843
0.14889265813029,0.127032399995186,8488,8488,0.00688770213225689,0.00344385106612847
0.14323248564789,0.123107748656254,8489,8489,0.00688770213225689,0.00344385106612843
0.14889265813029,0.127032399995186,8490,8490,0.00688770213225689,0.00344385106612847
0.14323248564789,0.123107748656254,8491,8491,0.00688770213225689,0.00344385106612843
0.14889265813029,0.127032399995186,8492,8492,0.00688770213225689,0.00344385106612847
0.14323248564789,0.123107748656254,8493,8493,0.00688770213225689,0.00344385106612843
0.14889265813029,0.127032399995186,8494,8494,0.00688770213225689,0.00344385106612847
0.14323248564789,0.123107748656254,8495,8495,0.00688770213225689,0.00344385106612843
0.14889265813029,0.127032399995186,8496,8496,0.00688770213225689,0.00344385106612847
0.14323248564789,0.123107748656254,8497,8497,0.00688770213225689,0.00344385106612843
0.14889265813029,0.127032399995186,8498,8498,0.00688770213225689,0.00344385106612847
0.14323248564789,0.123107748656254,8499,8499,0.00688770213225689,0.00344385106612843
0.14889265813029,0.127032399995186,8500,8500,0.00688770213225689,0.00344385106612847
0.14323248564789,0.123107748656254,8501,8501,0.00688770213225689,0.00344385106612843
0.14889265813029,0.127032399995186,8502,8502,0.00688770213225689,0.00344385106612847
0.14323248564789,0.123107748656254,8503,8503,0.00688770213225689,0.00344385106612843
0.14889265813029,0.127032399995186,8504,8504,0.00688770213225689,0.00344385106612847
0.14323248564789,0.123107748656254,8505,8505,0.00688770213225689,0.00344385106612843
0.14889265813029,0.127032399995186,8506,8506,0.00688770213225689,0.00344385106612847
0.14323248564789,0.123107748656254,8507,8507,0.00688770213225689,0.00344385106612843
0.14889265813029,0.127032399995186,8508,8508,0.00688770213225689,0.00344385106612847
0.14323248564789,0.123107748656254,8509,8509,0.00688770213225689,0.00344385106612843
0.14889265813029,0.127032399995186,8510,8510,0.00688770213225689,0.00344385106612847
0.14323248564789,0.123107748656254,8511,8511,0.00688770213225689,0.00344385106612843
0.14889265813029,0.127032399995186,8512,8512,0.00688770213225689,0.00344385106612847
0.14323248564789,0.123107748656254,8513,8513,0.00688770213225689,0.00344385106612843
0.14889265813029,0.127032399995186,8514,8514,0.00688770213225689,0.00344385106612847
0.14323248564789,0.123107748656254,8515,8515,0.00688770213225689,0.00344385106612843
0.14889265813029,0.127032399995186,8516,8516,0.00688770213225689,0.00344385106612847
0.14323248564789,0.123107748656254,8517,8517,0.00688770213225689,0.00344385106612843
0.14889265813029,0.127032399995186,8518,8518,0.00688770213225689,0.00344385106612847
0.14323248564789,0.123107748656254,8519,8519,0.00688770213225689,0.00344385106612843
0.14889265813029,0.127032399995186,8520,8520,0.00688770213225689,0.00344385106612847
0.14323248564789,0.123107748656254,8521,8521,0.00688770213225689,0.00344385106612843
0.14889265813029,0.127032399995186,8522,8522,0.00688770213225689,0.00344385106612847
0.14323248564789,0.123107748656254,8523,8523,0.00688770213225689,0.00344385106612843
0.14889265813029,0.127032399995186,8524,8524,0.00688770213225689,0.00344385106612847
0.14323248564789,0.123107748656254,8525,8525,0.00688770213225689,0.00344385106612843
0.14889265813029,0.127032399995186,8526,8526,0.00688770213225689,0.00344385106612847
0.14323248564789,0.123107748656254,8527,8527,0.00688770213225689,0.00344385106612843
0.14889265813029,0.127032399995186,8528,8528,0.00688770213225689,0.00344385106612847
0.14323248564789,0.123107748656254,8529,8529,0.00688770213225689,0.00344385106612843
0.14889265813029,0.127032399995186,8530,8530,0.00688770213225689,0.00344385106612847
0.14323248564789,0.123107748656254,8531,8531,0.00688770213225689,0.00344385106612843
0.14889265813029,0.127032399995186,8532,8532,0.00688770213225689,0.00344385106612847
0.14323248564789,0.123107748656254,8533,8533,0.00688770213225689,0.00344385106612843
0.14889265813029,0.127032399995186,8534,8534,0.00688770213225689,0.00344385106612847
0.14323248564789,0.123107748656254,8535,8535,0.00688770213225689,0.00344385106612843
0.14889265813029,0.127032399995186,8536,8536,0.00688770213225689,0.00344385106612847
0.14323248564789,0.123107748656254,8537,8537,0.00688770213225689,0.00344385106612843
0.14889265813029,0.127032399995186,8538,8538,0.00688770213225689,0.00344385106612847
0.14323248564789,0.123107748656254,8539,8539,0.00688770213225689,0.00344385106612843
0.14889265813029,0.127032399995186,8540,8540,0.00688770213225689,0.00344385106612847
0.14323248564789,0.123107748656254,8541,8541,0.00688770213225689,0.00344385106612843
0.14889265813029,0.127032399995186,8542,8542,0.00688770213225689,0.00344385106612847
0.14323248564789,0.123107748656254,8543,8543,0.00688770213225689,0.00344385106612843
0.14889265813029,0.127032399995186,8544,8544,0.00688770213225689,0.00344385106612847
0.14323248564789,0.123107748656254,8545,8545,0.00688770213225689,0.00344385106612843
0.14889265813029,0.127032399995186,8546,8546,0.00688770213225689,0.00344385106612847
0.14323248564789,0.123107748656254,8547,8547,0.00688770213225689,0.00344385106612843
0.14889265813029,0.127032399995186,8548,8548,0.00688770213225689,0.00344385106612847
0.14323248564789,0.123107748656254,8549,8549,0.00688770213225689,0.00344385106612843
0.14889265813029,0.127032399995186,8550,8550,0.00688770213225689,0.00344385106612847
0.14323248564789,0.123107748656254,8551,8551,0.00688770213225689,0.00344385106612843
0.14889265813029,0.127032399995186,8552,8552,0.00688770213225689,0.00344385106612847
0.14323248564789,0.123107748656254,8553,8553,0.00688770213225689,0.00344385106612843
0.14889265813029,0.127032399995186,8554,8554,0.00688770213225689,0.00344385106612847
0.14323248564789,0.123107748656254,8555,8555,0.00688770213225689,0.00344385106612843
0.14889265813029,0.127032399995186,8556,8556,0.00688770213225689,0.00344385106612847
0.14323248564789,0.123107748656254,8557,8557,0.00688770213225689,0.00344385106612843
0.14889265813029,0.127032399995186,8558,8558,0.00688770213225689,0.00344385106612847
0.14323248564789,0.123107748656254,8559,8559,0.00688770213225689,0.00344385106612843
0.14889265813029,0.127032399995186,8560,8560,0.00688770213225689,0.00344385106612847
0.14323248564789,0.123107748656254,8561,8561,0.00688770213225689,0.00344385106612843
0.14889265813029,0.127032399995186,8562,8562,0.00688770213225689,0.00344385106612847
0.14323248564789,0.123107748656254,8563,8563,0.00688770213225689,0.00344385106612843
0.14889265813029,0.127032399995186,8564,8564,0.00688770213225689,0.00344385106612847
0.14323248564789,0.123107748656254,8565,8565,0.00688770213225689,0.00344385106612843
0.14889265813029,0.127032399995186,8566,8566,0.00688770213225689,0.00344385106612847
0.14323248564789,0.123107748656254,8567,8567,0.00688770213225689,0.00344385106612843
0.14889265813029,0.127032399995186,8568,8568,0.00688770213225689,0.00344385106612847
0.14323248564789,0.123107748656254,8569,8569,0.00688770213225689,0.00344385106612843
0.14889265813029,0.127032399995186,8570,8570,0.00688770213225689,0.00344385106612847
0.14323248564789,0.123107748656254,8571,8571,0.00688770213225689,0.00344385106612843
0.14889265813029,0.127032399995186,8572,8572,0.00688770213225689,0.00344385106612847
0.14323248564789,0.123107748656254,8573,8573,0.00688770213225689,0.00344385106612843
0.14889265813029,0.127032399995186,8574,8574,0.00688770213225689,0.00344385106612847
0.14323248564789,0.123107748656254,8575,8575,0.00688770213225689,0.00344385106612843
0.14889265813029,0.127032399995186,8576,8576,0.00688770213225689,0.00344385106612847
0.14323248564789,0.123107748656254,8577,8577,0.00688770213225689,0.00344385106612843
0.14889265813029,0.127032399995186,8578,8578,0.00688770213225689,0.00344385106612847
0.14323248564789,0.123107748656254,8579,8579,0.00688770213225689,0.00344385106612843
0.14889265813029,0.127032399995186,8580,8580,0.00688770213225689,0.00344385106612847
0.14323248564789,0.123107748656254,8581,8581,0.00688770213225689,0.00344385106612843
0.14889265813029,0.127032399995186,8582,8582,0.00688770213225689,0.00344385106612847
0.14323248564789,0.123107748656254,8583,8583,0.00688770213225689,0.00344385106612843
0.14889265813029,0.127032399995186,8584,8584,0.00688770213225689,0.00344385106612847
0.14323248564789,0.123107748656254,8585,8585,0.00688770213225689,0.00344385106612843
0.14889265813029,0.127032399995186,8586,8586,0.00688770213225689,0.00344385106612847
0.14323248564789,0.123107748656254,8587,8587,0.00688770213225689,0.00344385106612843
0.14889265813029,0.127032399995186,8588,8588,0.00688770213225689,0.00344385106612847
0.14323248564789,0.123107748656254,8589,8589,0.00688770213225689,0.00344385106612843
0.14889265813029,0.127032399995186,8590,8590,0.00688770213225689,0.00344385106612847
0.14323248564789,0.123107748656254,8591,8591,0.00688770213225689,0.00344385106612843
0.14889265813029,0.127032399995186,8592,8592,0.00688770213225689,0.00344385106612847
0.14323248564789,0.123107748656254,8593,8593,0.00688770213225689,0.00344385106612843
0.14889265813029,0.127032399995186,8594,8594,0.00688770213225689,0.00344385106612847
0.14323248564789,0.123107748656254,8595,8595,0.00688770213225689,0.00344385106612843
0.14889265813029,0.127032399995186,8596,8596,0.00688770213225689,0.00344385106612847
0.14323248564789,0.123107748656254,8597,8597,0.00688770213225689,0.00344385106612843
0.14889265813029,0.127032399995186,8598,8598,0.00688770213225689,0.00344385106612847
0.14323248564789,0.123107748656254,8599,8599,0.00688770213225689,0.00344385106612843
0.14889265813029,0.127032399995186,8600,8600,0.00688770213225689,0.00344385106612847
0.14323248564789,0.123107748656254,8601,8601,0.00688770213225689,0.00344385106612843
0.14889265813029,0.127032399995186,8602,8602,0.00688770213225689,0.00344385106612847
0.14323248564789,0.123107748656254,8603,8603,0.00688770213225689,0.00344385106612843
0.14889265813029,0.127032399995186,8604,8604,0.00688770213225689,0.00344385106612847
0.14323248564789,0.123107748656254,8605,8605,0.00688770213225689,0.00344385106612843
0.14889265813029,0.127032399995186,8606,8606,0.00688770213225689,0.00344385106612847
0.14323248564789,0.123107748656254,8607,8607,0.00688770213225689,0.00344385106612843
0.14889265813029,0.127032399995186,8608,8608,0.00688770213225689,0.00344385106612847
0.14323248564789,0.123107748656254,8609,8609,0.00688770213225689,0.00344385106612843
0.14889265813029,0.127032399995186,8610,8610,0.00688770213225689,0.00344385106612847
0.14323248564789,0.123107748656254,8611,8611,0.00688770213225689,0.00344385106612843
0.14889265813029,0.127032399995186,8612,8612,0.00688770213225689,0.00344385106612847
0.14323248564789,0.123107748656254,8613,8613,0.00688770213225689,0.00344385106612843
0.14889265813029,0.127032399995186,8614,8614,0.00688770213225689,0.00344385106612847
0.14323248564789,0.123107748656254,8615,8615,0.00688770213225689,0.00344385106612843
0.14889265813029,0.127032399995186,8616,8616,0.00688770213225689,0.00344385106612847
0.14323248564789,0.123107748656254,8617,8617,0.00688770213225689,0.00344385106612843
0.14889265813029,0.127032399995186,8618,8618,0.00688770213225689,0.00344385106612847
0.14323248564789,0.123107748656254,8619,8619,0.00688770213225689,0.00344385106612843
0.14889265813029,0.127032399995186,8620,8620,0.00688770213225689,0.00344385106612847
0.14323248564789,0.123107748656254,8621,8621,0.00688770213225689,0.00344385106612843
0.14889265813029,0.127032399995186,8622,8622,0.00688770213225689,0.00344385106612847
0.14323248564789,0.123107748656254,8623,8623,0.00688770213225689,0.00344385106612843
0.14889265813029,0.127032399995186,8624,8624,0.00688770213225689,0.00344385106612847
0.14323248564789,0.123107748656254,8625,8625,0.00688770213225689,0.00344385106612843
0.14889265813029,0.127032399995186,8626,8626,0.00688770213225689,0.00344385106612847
0.14323248564789,0.123107748656254,8627,8627,0.00688770213225689,0.00344385106612843
0.14889265813029,0.127032399995186,8628,8628,0.00688770213225689,0.00344385106612847
0.14323248564789,0.123107748656254,8629,8629,0.00688770213225689,0.00344385106612843
0.14889265813029,0.127032399995186,8630,8630,0.00688770213225689,0.00344385106612847
0.14323248564789,0.123107748656254,8631,8631,0.00688770213225689,0.00344385106612843
0.14889265813029,0.127032399995186,8632,8632,0.00688770213225689,0.00344385106612847
0.14323248564789,0.123107748656254,8633,8633,0.00688770213225689,0.00344385106612843
0.14889265813029,0.127032399995186,8634,8634,0.00688770213225689,0.00344385106612847
0.14323248564789,0.123107748656254,8635,8635,0.00688770213225689,0.00344385106612843
0.14889265813029,0.127032399995186,8636,8636,0.00688770213225689,0.00344385106612847
0.14323248564789,0.123107748656254,8637,8637,0.00688770213225689,0.00344385106612843
0.14889265813029,0.127032399995186,8638,8638,0.00688770213225689,0.00344385106612847
0.14323248564789,0.123107748656254,8639,8639,0.00688770213225689,0.00344385106612843
0.14889265813029,0.127032399995186,8640,8640,0.00688770213225689,0.00344385106612847
0.14323248564789,0.123107748656254,8641,8641,0.00688770213225689,0.00344385106612843
0.14889265813029,0.127032399995186,8642,8642,0.00688770213225689,0.00344385106612847
0.14323248564789,0.123107748656254,8643,8643,0.00688770213225689,0.00344385106612843
0.14889265813029,0.127032399995186,8644,8644,0.00688770213225689,0.00344385106612847
0.14323248564789,0.123107748656254,8645,8645,0.00688770213225689,0.00344385106612843
0.14889265813029,0.127032399995186,8646,8646,0.00688770213225689,0.00344385106612847
0.14323248564789,0.123107748656254,8647,8647,0.00688770213225689,0.00344385106612843
0.14889265813029,0.127032399995186,8648,8648,0.00688770213225689,0.00344385106612847
0.14323248564789,0.123107748656254,8649,8649,0.00688770213225689,0.00344385106612843
0.14889265813029,0.127032399995186,8650,8650,0.00688770213225689,0.00344385106612847
0.14323248564789,0.123107748656254,8651,8651,0.00688770213225689,0.00344385106612843
0.14889265813029,0.127032399995186,8652,8652,0.00688770213225689,0.00344385106612847
0.14323248564789,0.123107748656254,8653,8653,0.00688770213225689,0.00344385106612843
0.14889265813029,0.127032399995186,8654,8654,0.00688770213225689,0.00344385106612847
0.14323248564789,0.123107748656254,8655,8655,0.00688770213225689,0.00344385106612843
0.14889265813029,0.127032399995186,8656,8656,0.00688770213225689,0.00344385106612847
0.14323248564789,0.123107748656254,8657,8657,0.00688770213225689,0.00344385106612843
0.14889265813029,0.127032399995186,8658,8658,0.00688770213225689,0.00344385106612847
0.14323248564789,0.123107748656254,8659,8659,0.00688770213225689,0.00344385106612843
0.14889265813029,0.127032399995186,8660,8660,0.00688770213225689,0.00344385106612847
0.14323248564789,0.123107748656254,8661,8661,0.00688770213225689,0.00344385106612843
0.14889265813029,0.127032399995186,8662,8662,0.00688770213225689,0.00344385106612847
0.14323248564789,0.123107748656254,8663,8663,0.00688770213225689,0.00344385106612843
0.14889265813029,0.127032399995186,8664,8664,0.00688770213225689,0.00344385106612847
0.14323248564789,0.123107748656254,8665,8665,0.00688770213225689,0.00344385106612843
0.14889265813029,0.127032399995186,8666,8666,0.00688770213225689,0.00344385106612847
0.14323248564789,0.123107748656254,8667,8667,0.00688770213225689,0.00344385106612843
0.14889265813029,0.127032399995186,8668,8668,0.00688770213225689,0.00344385106612847
0.14323248564789,0.123107748656254,8669,8669,0.00688770213225689,0.00344385106612843
0.14889265813029,0.127032399995186,8670,8670,0.00688770213225689,0.00344385106612847
0.14323248564789,0.123107748656254,8671,8671,0.00688770213225689,0.00344385106612843
0.14889265813029,0.127032399995186,8672,8672,0.00688770213225689,0.00344385106612847
0.14323248564789,0.123107748656254,8673,8673,0.00688770213225689,0.00344385106612843
0.14889265813029,0.127032399995186,8674,8674,0.00688770213225689,0.00344385106612847
0.14323248564789,0.123107748656254,8675,8675,0.00688770213225689,0.00344385106612843
0.14889265813029,0.127032399995186,8676,8676,0.00688770213225689,0.00344385106612847
0.14323248564789,0.123107748656254,8677,8677,0.00688770213225689,0.00344385106612843
0.14889265813029,0.127032399995186,8678,8678,0.00688770213225689,0.00344385106612847
0.14323248564789,0.123107748656254,8679,8679,0.00688770213225689,0.00344385106612843
0.14889265813029,0.127032399995186,8680,8680,0.00688770213225689,0.00344385106612847
0.14323248564789,0.123107748656254,8681,8681,0.00688770213225689,0.00344385106612843
0.14889265813029,0.127032399995186,8682,8682,0.00688770213225689,0.00344385106612847
0.14323248564789,0.123107748656254,8683,8683,0.00688770213225689,0.00344385106612843
0.14889265813029,0.127032399995186,8684,8684,0.00688770213225689,0.00344385106612847
0.14323248564789,0.123107748656254,8685,8685,0.00688770213225689,0.00344385106612843
0.14889265813029,0.127032399995186,8686,8686,0.00688770213225689,0.00344385106612847
0.14323248564789,0.123107748656254,8687,8687,0.00688770213225689,0.00344385106612843
0.14889265813029,0.127032399995186,8688,8688,0.00688770213225689,0.00344385106612847
0.14323248564789,0.123107748656254,8689,8689,0.00688770213225689,0.00344385106612843
0.14889265813029,0.127032399995186,8690,8690,0.00688770213225689,0.00344385106612847
0.14323248564789,0.123107748656254,8691,8691,0.00688770213225689,0.00344385106612843
0.14889265813029,0.127032399995186,8692,8692,0.00688770213225689,0.00344385106612847
0.14323248564789,0.123107748656254,8693,8693,0.00688770213225689,0.00344385106612843
0.14889265813029,0.127032399995186,8694,8694,0.00688770213225689,0.00344385106612847
0.14323248564789,0.123107748656254,8695,8695,0.00688770213225689,0.00344385106612843
0.14889265813029,0.127032399995186,8696,8696,0.00688770213225689,0.00344385106612847
0.14323248564789,0.123107748656254,8697,8697,0.00688770213225689,0.00344385106612843
0.14889265813029,0.127032399995186,8698,8698,0.00688770213225689,0.00344385106612847
0.14323248564789,0.123107748656254,8699,8699,0.00688770213225689,0.00344385106612843
0.14889265813029,0.127032399995186,8700,8700,0.00688770213225689,0.00344385106612847
0.14323248564789,0.123107748656254,8701,8701,0.00688770213225689,0.00344385106612843
0.14889265813029,0.127032399995186,8702,8702,0.00688770213225689,0.00344385106612847
0.14323248564789,0.123107748656254,8703,8703,0.00688770213225689,0.00344385106612843
0.14889265813029,0.127032399995186,8704,8704,0.00688770213225689,0.00344385106612847
0.14323248564789,0.123107748656254,8705,8705,0.00688770213225689,0.00344385106612843
0.14889265813029,0.127032399995186,8706,8706,0.00688770213225689,0.00344385106612847
0.14323248564789,0.123107748656254,8707,8707,0.00688770213225689,0.00344385106612843
0.14889265813029,0.127032399995186,8708,8708,0.00688770213225689,0.00344385106612847
0.14323248564789,0.123107748656254,8709,8709,0.00688770213225689,0.00344385106612843
0.14889265813029,0.127032399995186,8710,8710,0.00688770213225689,0.00344385106612847
0.14323248564789,0.123107748656254,8711,8711,0.00688770213225689,0.00344385106612843
0.14889265813029,0.127032399995186,8712,8712,0.00688770213225689,0.00344385106612847
0.14323248564789,0.123107748656254,8713,8713,0.00688770213225689,0.00344385106612843
0.14889265813029,0.127032399995186,8714,8714,0.00688770213225689,0.00344385106612847
0.14323248564789,0.123107748656254,8715,8715,0.00688770213225689,0.00344385106612843
0.14889265813029,0.127032399995186,8716,8716,0.00688770213225689,0.00344385106612847
0.14323248564789,0.123107748656254,8717,8717,0.00688770213225689,0.00344385106612843
0.14889265813029,0.127032399995186,8718,8718,0.00688770213225689,0.00344385106612847
0.14323248564789,0.123107748656254,8719,8719,0.00688770213225689,0.00344385106612843
0.14889265813029,0.127032399995186,8720,8720,0.00688770213225689,0.00344385106612847
0.14323248564789,0.123107748656254,8721,8721,0.00688770213225689,0.00344385106612843
0.14889265813029,0.127032399995186,8722,8722,0.00688770213225689,0.00344385106612847
0.14323248564789,0.123107748656254,8723,8723,0.00688770213225689,0.00344385106612843
0.14889265813029,0.127032399995186,8724,8724,0.00688770213225689,0.00344385106612847
0.14323248564789,0.123107748656254,8725,8725,0.00688770213225689,0.00344385106612843
0.14889265813029,0.127032399995186,8726,8726,0.00688770213225689,0.00344385106612847
0.14323248564789,0.123107748656254,8727,8727,0.00688770213225689,0.00344385106612843
0.14889265813029,0.127032399995186,8728,8728,0.00688770213225689,0.00344385106612847
0.14323248564789,0.123107748656254,8729,8729,0.00688770213225689,0.00344385106612843
0.14889265813029,0.127032399995186,8730,8730,0.00688770213225689,0.00344385106612847
0.14323248564789,0.123107748656254,8731,8731,0.00688770213225689,0.00344385106612843
0.14889265813029,0.127032399995186,8732,8732,0.00688770213225689,0.00344385106612847
0.14323248564789,0.123107748656254,8733,8733,0.00688770213225689,0.00344385106612843
0.14889265813029,0.127032399995186,8734,8734,0.00688770213225689,0.00344385106612847
0.14323248564789,0.123107748656254,8735,8735,0.00688770213225689,0.00344385106612843
0.14889265813029,0.127032399995186,8736,8736,0.00688770213225689,0.00344385106612847
0.14323248564789,0.123107748656254,8737,8737,0.00688770213225689,0.00344385106612843
0.14889265813029,0.127032399995186,8738,8738,0.00688770213225689,0.00344385106612847
0.14323248564789,0.123107748656254,8739,8739,0.00688770213225689,0.00344385106612843
0.14889265813029,0.127032399995186,8740,8740,0.00688770213225689,0.00344385106612847
0.14323248564789,0.123107748656254,8741,8741,0.00688770213225689,0.00344385106612843
0.14889265813029,0.127032399995186,8742,8742,0.00688770213225689,0.00344385106612847
0.14323248564789,0.123107748656254,8743,8743,0.00688770213225689,0.00344385106612843
0.14889265813029,0.127032399995186,8744,8744,0.00688770213225689,0.00344385106612847
0.14323248564789,0.123107748656254,8745,8745,0.00688770213225689,0.00344385106612843
0.14889265813029,0.127032399995186,8746,8746,0.00688770213225689,0.00344385106612847
0.14323248564789,0.123107748656254,8747,8747,0.00688770213225689,0.00344385106612843
0.14889265813029,0.127032399995186,8748,8748,0.00688770213225689,0.00344385106612847
0.14323248564789,0.123107748656254,8749,8749,0.00688770213225689,0.00344385106612843
0.14889265813029,0.127032399995186,8750,8750,0.00688770213225689,0.00344385106612847
0.14323248564789,0.123107748656254,8751,8751,0.00688770213225689,0.00344385106612843
0.14889265813029,0.127032399995186,8752,8752,0.00688770213225689,0.00344385106612847
0.14323248564789,0.123107748656254,8753,8753,0.00688770213225689,0.00344385106612843
0.14889265813029,0.127032399995186,8754,8754,0.00688770213225689,0.00344385106612847
0.14323248564789,0.123107748656254,8755,8755,0.00688770213225689,0.00344385106612843
0.14889265813029,0.127032399995186,8756,8756,0.00688770213225689,0.00344385106612847
0.14323248564789,0.123107748656254,8757,8757,0.00688770213225689,0.00344385106612843
0.14889265813029,0.127032399995186,8758,8758,0.00688770213225689,0.00344385106612847
0.14323248564789,0.123107748656254,8759,8759,0.00688770213225689,0.00344385106612843
0.14889265813029,0.127032399995186,8760,8760,0.00688770213225689,0.00344385106612847
0.14323248564789,0.123107748656254,8761,8761,0.00688770213225689,0.00344385106612843
0.14889265813029,0.127032399995186,8762,8762,0.00688770213225689,0.00344385106612847
0.14323248564789,0.123107748656254,8763,8763,0.00688770213225689,0.00344385106612843
0.14889265813029,0.127032399995186,8764,8764,0.00688770213225689,0.00344385106612847
0.14323248564789,0.123107748656254,8765,8765,0.00688770213225689,0.00344385106612843
0.14889265813029,0.127032399995186,8766,8766,0.00688770213225689,0.00344385106612847
0.14323248564789,0.123107748656254,8767,8767,0.00688770213225689,0.00344385106612843
0.14889265813029,0.127032399995186,8768,8768,0.00688770213225689,0.00344385106612847
0.14323248564789,0.123107748656254,8769,8769,0.00688770213225689,0.00344385106612843
0.14889265813029,0.127032399995186,8770,8770,0.00688770213225689,0.00344385106612847
0.14323248564789,0.123107748656254,8771,8771,0.00688770213225689,0.00344385106612843
0.14889265813029,0.127032399995186,8772,8772,0.00688770213225689,0.00344385106612847
0.14323248564789,0.123107748656254,8773,8773,0.00688770213225689,0.00344385106612843
0.14889265813029,0.127032399995186,8774,8774,0.00688770213225689,0.00344385106612847
0.14323248564789,0.123107748656254,8775,8775,0.00688770213225689,0.00344385106612843
0.14889265813029,0.127032399995186,8776,8776,0.00688770213225689,0.00344385106612847
0.14323248564789,0.123107748656254,8777,8777,0.00688770213225689,0.00344385106612843
0.14889265813029,0.127032399995186,8778,8778,0.00688770213225689,0.00344385106612847
0.14323248564789,0.123107748656254,8779,8779,0.00688770213225689,0.00344385106612843
0.14889265813029,0.127032399995186,8780,8780,0.00688770213225689,0.00344385106612847
0.14323248564789,0.123107748656254,8781,8781,0.00688770213225689,0.00344385106612843
0.14889265813029,0.127032399995186,8782,8782,0.00688770213225689,0.00344385106612847
0.14323248564789,0.123107748656254,8783,8783,0.00688770213225689,0.00344385106612843
0.14889265813029,0.127032399995186,8784,8784,0.00688770213225689,0.00344385106612847
0.14323248564789,0.123107748656254,8785,8785,0.00688770213225689,0.00344385106612843
0.14889265813029,0.127032399995186,8786,8786,0.00688770213225689,0.00344385106612847
0.14323248564789,0.123107748656254,8787,8787,0.00688770213225689,0.00344385106612843
0.14889265813029,0.127032399995186,8788,8788,0.00688770213225689,0.00344385106612847
0.14323248564789,0.123107748656254,8789,8789,0.00688770213225689,0.00344385106612843
0.14889265813029,0.127032399995186,8790,8790,0.00688770213225689,0.00344385106612847
0.14323248564789,0.123107748656254,8791,8791,0.00688770213225689,0.00344385106612843
0.14889265813029,0.127032399995186,8792,8792,0.00688770213225689,0.00344385106612847
0.14323248564789,0.123107748656254,8793,8793,0.00688770213225689,0.00344385106612843
0.14889265813029,0.127032399995186,8794,8794,0.00688770213225689,0.00344385106612847
0.14323248564789,0.123107748656254,8795,8795,0.00688770213225689,0.00344385106612843
0.14889265813029,0.127032399995186,8796,8796,0.00688770213225689,0.00344385106612847
0.14323248564789,0.123107748656254,8797,8797,0.00688770213225689,0.00344385106612843
0.14889265813029,0.127032399995186,8798,8798,0.00688770213225689,0.00344385106612847
0.14323248564789,0.123107748656254,8799,8799,0.00688770213225689,0.00344385106612843
0.14889265813029,0.127032399995186,8800,8800,0.00688770213225689,0.00344385106612847
0.14323248564789,0.123107748656254,8801,8801,0.00688770213225689,0.00344385106612843
0.14889265813029,0.127032399995186,8802,8802,0.00688770213225689,0.00344385106612847
0.14323248564789,0.123107748656254,8803,8803,0.00688770213225689,0.00344385106612843
0.14889265813029,0.127032399995186,8804,8804,0.00688770213225689,0.00344385106612847
0.14323248564789,0.123107748656254,8805,8805,0.00688770213225689,0.00344385106612843
0.14889265813029,0.127032399995186,8806,8806,0.00688770213225689,0.00344385106612847
0.14323248564789,0.123107748656254,8807,8807,0.00688770213225689,0.00344385106612843
0.14889265813029,0.127032399995186,8808,8808,0.00688770213225689,0.00344385106612847
0.14323248564789,0.123107748656254,8809,8809,0.00688770213225689,0.00344385106612843
0.14889265813029,0.127032399995186,8810,8810,0.00688770213225689,0.00344385106612847
0.14323248564789,0.123107748656254,8811,8811,0.00688770213225689,0.00344385106612843
0.14889265813029,0.127032399995186,8812,8812,0.00688770213225689,0.00344385106612847
0.14323248564789,0.123107748656254,8813,8813,0.00688770213225689,0.00344385106612843
0.14889265813029,0.127032399995186,8814,8814,0.00688770213225689,0.00344385106612847
0.14323248564789,0.123107748656254,8815,8815,0.00688770213225689,0.00344385106612843
0.14889265813029,0.127032399995186,8816,8816,0.00688770213225689,0.00344385106612847
0.14323248564789,0.123107748656254,8817,8817,0.00688770213225689,0.00344385106612843
0.14889265813029,0.127032399995186,8818,8818,0.00688770213225689,0.00344385106612847
0.14323248564789,0.123107748656254,8819,8819,0.00688770213225689,0.00344385106612843
0.14889265813029,0.127032399995186,8820,8820,0.00688770213225689,0.00344385106612847
0.14323248564789,0.123107748656254,8821,8821,0.00688770213225689,0.00344385106612843
0.14889265813029,0.127032399995186,8822,8822,0.00688770213225689,0.00344385106612847
0.14323248564789,0.123107748656254,8823,8823,0.00688770213225689,0.00344385106612843
0.14889265813029,0.127032399995186,8824,8824,0.00688770213225689,0.00344385106612847
0.14323248564789,0.123107748656254,8825,8825,0.00688770213225689,0.00344385106612843
0.14889265813029,0.127032399995186,8826,8826,0.00688770213225689,0.00344385106612847
0.14323248564789,0.123107748656254,8827,8827,0.00688770213225689,0.00344385106612843
0.14889265813029,0.127032399995186,8828,8828,0.00688770213225689,0.00344385106612847
0.14323248564789,0.123107748656254,8829,8829,0.00688770213225689,0.00344385106612843
0.14889265813029,0.127032399995186,8830,8830,0.00688770213225689,0.00344385106612847
0.14323248564789,0.123107748656254,8831,8831,0.00688770213225689,0.00344385106612843
0.14889265813029,0.127032399995186,8832,8832,0.00688770213225689,0.00344385106612847
0.14323248564789,0.123107748656254,8833,8833,0.00688770213225689,0.00344385106612843
0.14889265813029,0.127032399995186,8834,8834,0.00688770213225689,0.00344385106612847
0.14323248564789,0.123107748656254,8835,8835,0.00688770213225689,0.00344385106612843
0.14889265813029,0.127032399995186,8836,8836,0.00688770213225689,0.00344385106612847
0.14323248564789,0.123107748656254,8837,8837,0.00688770213225689,0.00344385106612843
0.14889265813029,0.127032399995186,8838,8838,0.00688770213225689,0.00344385106612847
0.14323248564789,0.123107748656254,8839,8839,0.00688770213225689,0.00344385106612843
0.14889265813029,0.127032399995186,8840,8840,0.00688770213225689,0.00344385106612847
0.14323248564789,0.123107748656254,8841,8841,0.00688770213225689,0.00344385106612843
0.14889265813029,0.127032399995186,8842,8842,0.00688770213225689,0.00344385106612847
0.14323248564789,0.123107748656254,8843,8843,0.00688770213225689,0.00344385106612843
0.14889265813029,0.127032399995186,8844,8844,0.00688770213225689,0.00344385106612847
0.14323248564789,0.123107748656254,8845,8845,0.00688770213225689,0.00344385106612843
0.14889265813029,0.127032399995186,8846,8846,0.00688770213225689,0.00344385106612847
0.14323248564789,0.123107748656254,8847,8847,0.00688770213225689,0.00344385106612843
0.14889265813029,0.127032399995186,8848,8848,0.00688770213225689,0.00344385106612847
0.14323248564789,0.123107748656254,8849,8849,0.00688770213225689,0.00344385106612843
0.14889265813029,0.127032399995186,8850,8850,0.00688770213225689,0.00344385106612847
0.14323248564789,0.123107748656254,8851,8851,0.00688770213225689,0.00344385106612843
0.14889265813029,0.127032399995186,8852,8852,0.00688770213225689,0.00344385106612847
0.14323248564789,0.123107748656254,8853,8853,0.00688770213225689,0.00344385106612843
0.14889265813029,0.127032399995186,8854,8854,0.00688770213225689,0.00344385106612847
0.14323248564789,0.123107748656254,8855,8855,0.00688770213225689,0.00344385106612843
0.14889265813029,0.127032399995186,8856,8856,0.00688770213225689,0.00344385106612847
0.14323248564789,0.123107748656254,8857,8857,0.00688770213225689,0.00344385106612843
0.14889265813029,0.127032399995186,8858,8858,0.00688770213225689,0.00344385106612847
0.14323248564789,0.123107748656254,8859,8859,0.00688770213225689,0.00344385106612843
0.14889265813029,0.127032399995186,8860,8860,0.00688770213225689,0.00344385106612847
0.14323248564789,0.123107748656254,8861,8861,0.00688770213225689,0.00344385106612843
0.14889265813029,0.127032399995186,8862,8862,0.00688770213225689,0.00344385106612847
0.14323248564789,0.123107748656254,8863,8863,0.00688770213225689,0.00344385106612843
0.14889265813029,0.127032399995186,8864,8864,0.00688770213225689,0.00344385106612847
0.14323248564789,0.123107748656254,8865,8865,0.00688770213225689,0.00344385106612843
0.14889265813029,0.127032399995186,8866,8866,0.00688770213225689,0.00344385106612847
0.14323248564789,0.123107748656254,8867,8867,0.00688770213225689,0.00344385106612843
0.14889265813029,0.127032399995186,8868,8868,0.00688770213225689,0.00344385106612847
0.14323248564789,0.123107748656254,8869,8869,0.00688770213225689,0.00344385106612843
0.14889265813029,0.127032399995186,8870,8870,0.00688770213225689,0.00344385106612847
0.14323248564789,0.123107748656254,8871,8871,0.00688770213225689,0.00344385106612843
0.14889265813029,0.127032399995186,8872,8872,0.00688770213225689,0.00344385106612847
0.14323248564789,0.123107748656254,8873,8873,0.00688770213225689,0.00344385106612843
0.14889265813029,0.127032399995186,8874,8874,0.00688770213225689,0.00344385106612847
0.14323248564789,0.123107748656254,8875,8875,0.00688770213225689,0.00344385106612843
0.14889265813029,0.127032399995186,8876,8876,0.00688770213225689,0.00344385106612847
0.14323248564789,0.123107748656254,8877,8877,0.00688770213225689,0.00344385106612843
0.14889265813029,0.127032399995186,8878,8878,0.00688770213225689,0.00344385106612847
0.14323248564789,0.123107748656254,8879,8879,0.00688770213225689,0.00344385106612843
0.14889265813029,0.127032399995186,8880,8880,0.00688770213225689,0.00344385106612847
0.14323248564789,0.123107748656254,8881,8881,0.00688770213225689,0.00344385106612843
0.14889265813029,0.127032399995186,8882,8882,0.00688770213225689,0.00344385106612847
0.14323248564789,0.123107748656254,8883,8883,0.00688770213225689,0.00344385106612843
0.14889265813029,0.127032399995186,8884,8884,0.00688770213225689,0.00344385106612847
0.14323248564789,0.123107748656254,8885,8885,0.00688770213225689,0.00344385106612843
0.14889265813029,0.127032399995186,8886,8886,0.00688770213225689,0.00344385106612847
0.14323248564789,0.123107748656254,8887,8887,0.00688770213225689,0.00344385106612843
0.14889265813029,0.127032399995186,8888,8888,0.00688770213225689,0.00344385106612847
0.14323248564789,0.123107748656254,8889,8889,0.00688770213225689,0.00344385106612843
0.14889265813029,0.127032399995186,8890,8890,0.00688770213225689,0.00344385106612847
0.14323248564789,0.123107748656254,8891,8891,0.00688770213225689,0.00344385106612843
0.14889265813029,0.127032399995186,8892,8892,0.00688770213225689,0.00344385106612847
0.14323248564789,0.123107748656254,8893,8893,0.00688770213225689,0.00344385106612843
0.14889265813029,0.127032399995186,8894,8894,0.00688770213225689,0.00344385106612847
0.14323248564789,0.123107748656254,8895,8895,0.00688770213225689,0.00344385106612843
0.14889265813029,0.127032399995186,8896,8896,0.00688770213225689,0.00344385106612847
0.14323248564789,0.123107748656254,8897,8897,0.00688770213225689,0.00344385106612843
0.14889265813029,0.127032399995186,8898,8898,0.00688770213225689,0.00344385106612847
0.14323248564789,0.123107748656254,8899,8899,0.00688770213225689,0.00344385106612843
0.14889265813029,0.127032399995186,8900,8900,0.00688770213225689,0.00344385106612847
0.14323248564789,0.123107748656254,8901,8901,0.00688770213225689,0.00344385106612843
0.14889265813029,0.127032399995186,8902,8902,0.00688770213225689,0.00344385106612847
0.14323248564789,0.123107748656254,8903,8903,0.00688770213225689,0.00344385106612843
0.14889265813029,0.127032399995186,8904,8904,0.00688770213225689,0.00344385106612847
0.14323248564789,0.123107748656254,8905,8905,0.00688770213225689,0.00344385106612843
0.14889265813029,0.127032399995186,8906,8906,0.00688770213225689,0.00344385106612847
0.14323248564789,0.123107748656254,8907,8907,0.00688770213225689,0.00344385106612843
0.14889265813029,0.127032399995186,8908,8908,0.00688770213225689,0.00344385106612847
0.14323248564789,0.123107748656254,8909,8909,0.00688770213225689,0.00344385106612843
0.14889265813029,0.127032399995186,8910,8910,0.00688770213225689,0.00344385106612847
0.14323248564789,0.123107748656254,8911,8911,0.00688770213225689,0.00344385106612843
0.14889265813029,0.127032399995186,8912,8912,0.00688770213225689,0.00344385106612847
0.14323248564789,0.123107748656254,8913,8913,0.00688770213225689,0.00344385106612843
0.14889265813029,0.127032399995186,8914,8914,0.00688770213225689,0.00344385106612847
0.14323248564789,0.123107748656254,8915,8915,0.00688770213225689,0.00344385106612843
0.14889265813029,0.127032399995186,8916,8916,0.00688770213225689,0.00344385106612847
0.14323248564789,0.123107748656254,8917,8917,0.00688770213225689,0.00344385106612843
0.14889265813029,0.127032399995186,8918,8918,0.00688770213225689,0.00344385106612847
0.14323248564789,0.123107748656254,8919,8919,0.00688770213225689,0.00344385106612843
0.14889265813029,0.127032399995186,8920,8920,0.00688770213225689,0.00344385106612847
0.14323248564789,0.123107748656254,8921,8921,0.00688770213225689,0.00344385106612843
0.14889265813029,0.127032399995186,8922,8922,0.00688770213225689,0.00344385106612847
0.14323248564789,0.123107748656254,8923,8923,0.00688770213225689,0.00344385106612843
0.14889265813029,0.127032399995186,8924,8924,0.00688770213225689,0.00344385106612847
0.14323248564789,0.123107748656254,8925,8925,0.00688770213225689,0.00344385106612843
0.14889265813029,0.127032399995186,8926,8926,0.00688770213225689,0.00344385106612847
0.14323248564789,0.123107748656254,8927,8927,0.00688770213225689,0.00344385106612843
0.14889265813029,0.127032399995186,8928,8928,0.00688770213225689,0.00344385106612847
0.14323248564789,0.123107748656254,8929,8929,0.00688770213225689,0.00344385106612843
0.14889265813029,0.127032399995186,8930,8930,0.00688770213225689,0.00344385106612847
0.14323248564789,0.123107748656254,8931,8931,0.00688770213225689,0.00344385106612843
0.14889265813029,0.127032399995186,8932,8932,0.00688770213225689,0.00344385106612847
0.14323248564789,0.123107748656254,8933,8933,0.00688770213225689,0.00344385106612843
0.14889265813029,0.127032399995186,8934,8934,0.00688770213225689,0.00344385106612847
0.14323248564789,0.123107748656254,8935,8935,0.00688770213225689,0.00344385106612843
0.14889265813029,0.127032399995186,8936,8936,0.00688770213225689,0.00344385106612847
0.14323248564789,0.123107748656254,8937,8937,0.00688770213225689,0.00344385106612843
0.14889265813029,0.127032399995186,8938,8938,0.00688770213225689,0.00344385106612847
0.14323248564789,0.123107748656254,8939,8939,0.00688770213225689,0.00344385106612843
0.14889265813029,0.127032399995186,8940,8940,0.00688770213225689,0.00344385106612847
0.14323248564789,0.123107748656254,8941,8941,0.00688770213225689,0.00344385106612843
0.14889265813029,0.127032399995186,8942,8942,0.00688770213225689,0.00344385106612847
0.14323248564789,0.123107748656254,8943,8943,0.00688770213225689,0.00344385106612843
0.14889265813029,0.127032399995186,8944,8944,0.00688770213225689,0.00344385106612847
0.14323248564789,0.123107748656254,8945,8945,0.00688770213225689,0.00344385106612843
0.14889265813029,0.127032399995186,8946,8946,0.00688770213225689,0.00344385106612847
0.14323248564789,0.123107748656254,8947,8947,0.00688770213225689,0.00344385106612843
0.14889265813029,0.127032399995186,8948,8948,0.00688770213225689,0.00344385106612847
0.14323248564789,0.123107748656254,8949,8949,0.00688770213225689,0.00344385106612843
0.14889265813029,0.127032399995186,8950,8950,0.00688770213225689,0.00344385106612847
0.14323248564789,0.123107748656254,8951,8951,0.00688770213225689,0.00344385106612843
0.14889265813029,0.127032399995186,8952,8952,0.00688770213225689,0.00344385106612847
0.14323248564789,0.123107748656254,8953,8953,0.00688770213225689,0.00344385106612843
0.14889265813029,0.127032399995186,8954,8954,0.00688770213225689,0.00344385106612847
0.14323248564789,0.123107748656254,8955,8955,0.00688770213225689,0.00344385106612843
0.14889265813029,0.127032399995186,8956,8956,0.00688770213225689,0.00344385106612847
0.14323248564789,0.123107748656254,8957,8957,0.00688770213225689,0.00344385106612843
0.14889265813029,0.127032399995186,8958,8958,0.00688770213225689,0.00344385106612847
0.14323248564789,0.123107748656254,8959,8959,0.00688770213225689,0.00344385106612843
0.14889265813029,0.127032399995186,8960,8960,0.00688770213225689,0.00344385106612847
0.14323248564789,0.123107748656254,8961,8961,0.00688770213225689,0.00344385106612843
0.14889265813029,0.127032399995186,8962,8962,0.00688770213225689,0.00344385106612847
0.14323248564789,0.123107748656254,8963,8963,0.00688770213225689,0.00344385106612843
0.14889265813029,0.127032399995186,8964,8964,0.00688770213225689,0.00344385106612847
0.14323248564789,0.123107748656254,8965,8965,0.00688770213225689,0.00344385106612843
0.14889265813029,0.127032399995186,8966,8966,0.00688770213225689,0.00344385106612847
0.14323248564789,0.123107748656254,8967,8967,0.00688770213225689,0.00344385106612843
0.14889265813029,0.127032399995186,8968,8968,0.00688770213225689,0.00344385106612847
0.14323248564789,0.123107748656254,8969,8969,0.00688770213225689,0.00344385106612843
0.14889265813029,0.127032399995186,8970,8970,0.00688770213225689,0.00344385106612847
0.14323248564789,0.123107748656254,8971,8971,0.00688770213225689,0.00344385106612843
0.14889265813029,0.127032399995186,8972,8972,0.00688770213225689,0.00344385106612847
0.14323248564789,0.123107748656254,8973,8973,0.00688770213225689,0.00344385106612843
0.14889265813029,0.127032399995186,8974,8974,0.00688770213225689,0.00344385106612847
0.14323248564789,0.123107748656254,8975,8975,0.00688770213225689,0.00344385106612843
0.14889265813029,0.127032399995186,8976,8976,0.00688770213225689,0.00344385106612847
0.14323248564789,0.123107748656254,8977,8977,0.00688770213225689,0.00344385106612843
0.14889265813029,0.127032399995186,8978,8978,0.00688770213225689,0.00344385106612847
0.14323248564789,0.123107748656254,8979,8979,0.00688770213225689,0.00344385106612843
0.14889265813029,0.127032399995186,8980,8980,0.00688770213225689,0.00344385106612847
0.14323248564789,0.123107748656254,8981,8981,0.00688770213225689,0.00344385106612843
0.14889265813029,0.127032399995186,8982,8982,0.00688770213225689,0.00344385106612847
0.14323248564789,0.123107748656254,8983,8983,0.00688770213225689,0.00344385106612843
0.14889265813029,0.127032399995186,8984,8984,0.00688770213225689,0.00344385106612847
0.14323248564789,0.123107748656254,8985,8985,0.00688770213225689,0.00344385106612843
0.14889265813029,0.127032399995186,8986,8986,0.00688770213225689,0.00344385106612847
0.14323248564789,0.123107748656254,8987,8987,0.00688770213225689,0.00344385106612843
0.14889265813029,0.127032399995186,8988,8988,0.00688770213225689,0.00344385106612847
0.14323248564789,0.123107748656254,8989,8989,0.00688770213225689,0.00344385106612843
0.14889265813029,0.127032399995186,8990,8990,0.00688770213225689,0.00344385106612847
0.14323248564789,0.123107748656254,8991,8991,0.00688770213225689,0.00344385106612843
0.14889265813029,0.127032399995186,8992,8992,0.00688770213225689,0.00344385106612847
0.14323248564789,0.123107748656254,8993,8993,0.00688770213225689,0.00344385106612843
0.14889265813029,0.127032399995186,8994,8994,0.00688770213225689,0.00344385106612847
0.14323248564789,0.123107748656254,8995,8995,0.00688770213225689,0.00344385106612843
0.14889265813029,0.127032399995186,8996,8996,0.00688770213225689,0.00344385106612847
0.14323248564789,0.123107748656254,8997,8997,0.00688770213225689,0.00344385106612843
0.14889265813029,0.127032399995186,8998,8998,0.00688770213225689,0.00344385106612847
0.14323248564789,0.123107748656254,8999,8999,0.00688770213225689,0.00344385106612843
0.14889265813029,0.127032399995186,9000,9000,0.00688770213225689,0.00344385106612847
0.14323248564789,0.123107748656254,9001,9001,0.00688770213225689,0.00344385106612843
0.14889265813029,0.127032399995186,9002,9002,0.00688770213225689,0.00344385106612847
0.14323248564789,0.123107748656254,9003,9003,0.00688770213225689,0.00344385106612843
0.14889265813029,0.127032399995186,9004,9004,0.00688770213225689,0.00344385106612847
0.14323248564789,0.123107748656254,9005,9005,0.00688770213225689,0.00344385106612843
0.14889265813029,0.127032399995186,9006,9006,0.00688770213225689,0.00344385106612847
0.14323248564789,0.123107748656254,9007,9007,0.00688770213225689,0.00344385106612843
0.14889265813029,0.127032399995186,9008,9008,0.00688770213225689,0.00344385106612847
0.14323248564789,0.123107748656254,9009,9009,0.00688770213225689,0.00344385106612843
0.14889265813029,0.127032399995186,9010,9010,0.00688770213225689,0.00344385106612847
0.14323248564789,0.123107748656254,9011,9011,0.00688770213225689,0.00344385106612843
0.14889265813029,0.127032399995186,9012,9012,0.00688770213225689,0.00344385106612847
0.14323248564789,0.123107748656254,9013,9013,0.00688770213225689,0.00344385106612843
0.14889265813029,0.127032399995186,9014,9014,0.00688770213225689,0.00344385106612847
0.14323248564789,0.123107748656254,9015,9015,0.00688770213225689,0.00344385106612843
0.14889265813029,0.127032399995186,9016,9016,0.00688770213225689,0.00344385106612847
0.14323248564789,0.123107748656254,9017,9017,0.00688770213225689,0.00344385106612843
0.14889265813029,0.127032399995186,9018,9018,0.00688770213225689,0.00344385106612847
0.14323248564789,0.123107748656254,9019,9019,0.00688770213225689,0.00344385106612843
0.14889265813029,0.127032399995186,9020,9020,0.00688770213225689,0.00344385106612847
0.14323248564789,0.123107748656254,9021,9021,0.00688770213225689,0.00344385106612843
0.14889265813029,0.127032399995186,9022,9022,0.00688770213225689,0.00344385106612847
0.14323248564789,0.123107748656254,9023,9023,0.00688770213225689,0.00344385106612843
0.14889265813029,0.127032399995186,9024,9024,0.00688770213225689,0.00344385106612847
0.14323248564789,0.123107748656254,9025,9025,0.00688770213225689,0.00344385106612843
0.14889265813029,0.127032399995186,9026,9026,0.00688770213225689,0.00344385106612847
0.14323248564789,0.123107748656254,9027,9027,0.00688770213225689,0.00344385106612843
0.14889265813029,0.127032399995186,9028,9028,0.00688770213225689,0.00344385106612847
0.14323248564789,0.123107748656254,9029,9029,0.00688770213225689,0.00344385106612843
0.14889265813029,0.127032399995186,9030,9030,0.00688770213225689,0.00344385106612847
0.14323248564789,0.123107748656254,9031,9031,0.00688770213225689,0.00344385106612843
0.14889265813029,0.127032399995186,9032,9032,0.00688770213225689,0.00344385106612847
0.14323248564789,0.123107748656254,9033,9033,0.00688770213225689,0.00344385106612843
0.14889265813029,0.127032399995186,9034,9034,0.00688770213225689,0.00344385106612847
0.14323248564789,0.123107748656254,9035,9035,0.00688770213225689,0.00344385106612843
0.14889265813029,0.127032399995186,9036,9036,0.00688770213225689,0.00344385106612847
0.14323248564789,0.123107748656254,9037,9037,0.00688770213225689,0.00344385106612843
0.14889265813029,0.127032399995186,9038,9038,0.00688770213225689,0.00344385106612847
0.14323248564789,0.123107748656254,9039,9039,0.00688770213225689,0.00344385106612843
0.14889265813029,0.127032399995186,9040,9040,0.00688770213225689,0.00344385106612847
0.14323248564789,0.123107748656254,9041,9041,0.00688770213225689,0.00344385106612843
0.14889265813029,0.127032399995186,9042,9042,0.00688770213225689,0.00344385106612847
0.14323248564789,0.123107748656254,9043,9043,0.00688770213225689,0.00344385106612843
0.14889265813029,0.127032399995186,9044,9044,0.00688770213225689,0.00344385106612847
0.14323248564789,0.123107748656254,9045,9045,0.00688770213225689,0.00344385106612843
0.14889265813029,0.127032399995186,9046,9046,0.00688770213225689,0.00344385106612847
0.14323248564789,0.123107748656254,9047,9047,0.00688770213225689,0.00344385106612843
0.14889265813029,0.127032399995186,9048,9048,0.00688770213225689,0.00344385106612847
0.14323248564789,0.123107748656254,9049,9049,0.00688770213225689,0.00344385106612843
0.14889265813029,0.127032399995186,9050,9050,0.00688770213225689,0.00344385106612847
0.14323248564789,0.123107748656254,9051,9051,0.00688770213225689,0.00344385106612843
0.14889265813029,0.127032399995186,9052,9052,0.00688770213225689,0.00344385106612847
0.14323248564789,0.123107748656254,9053,9053,0.00688770213225689,0.00344385106612843
0.14889265813029,0.127032399995186,9054,9054,0.00688770213225689,0.00344385106612847
0.14323248564789,0.123107748656254,9055,9055,0.00688770213225689,0.00344385106612843
0.14889265813029,0.127032399995186,9056,9056,0.00688770213225689,0.00344385106612847
0.14323248564789,0.123107748656254,9057,9057,0.00688770213225689,0.00344385106612843
0.14889265813029,0.127032399995186,9058,9058,0.00688770213225689,0.00344385106612847
0.14323248564789,0.123107748656254,9059,9059,0.00688770213225689,0.00344385106612843
0.14889265813029,0.127032399995186,9060,9060,0.00688770213225689,0.00344385106612847
0.14323248564789,0.123107748656254,9061,9061,0.00688770213225689,0.00344385106612843
0.14889265813029,0.127032399995186,9062,9062,0.00688770213225689,0.00344385106612847
0.14323248564789,0.123107748656254,9063,9063,0.00688770213225689,0.00344385106612843
0.14889265813029,0.127032399995186,9064,9064,0.00688770213225689,0.00344385106612847
0.14323248564789,0.123107748656254,9065,9065,0.00688770213225689,0.00344385106612843
0.14889265813029,0.127032399995186,9066,9066,0.00688770213225689,0.00344385106612847
0.14323248564789,0.123107748656254,9067,9067,0.00688770213225689,0.00344385106612843
0.14889265813029,0.127032399995186,9068,9068,0.00688770213225689,0.00344385106612847
0.14323248564789,0.123107748656254,9069,9069,0.00688770213225689,0.00344385106612843
0.14889265813029,0.127032399995186,9070,9070,0.00688770213225689,0.00344385106612847
0.14323248564789,0.123107748656254,9071,9071,0.00688770213225689,0.00344385106612843
0.14889265813029,0.127032399995186,9072,9072,0.00688770213225689,0.00344385106612847
0.14323248564789,0.123107748656254,9073,9073,0.00688770213225689,0.00344385106612843
0.14889265813029,0.127032399995186,9074,9074,0.00688770213225689,0.00344385106612847
0.14323248564789,0.123107748656254,9075,9075,0.00688770213225689,0.00344385106612843
0.14889265813029,0.127032399995186,9076,9076,0.00688770213225689,0.00344385106612847
0.14323248564789,0.123107748656254,9077,9077,0.00688770213225689,0.00344385106612843
0.14889265813029,0.127032399995186,9078,9078,0.00688770213225689,0.00344385106612847
0.14323248564789,0.123107748656254,9079,9079,0.00688770213225689,0.00344385106612843
0.14889265813029,0.127032399995186,9080,9080,0.00688770213225689,0.00344385106612847
0.14323248564789,0.123107748656254,9081,9081,0.00688770213225689,0.00344385106612843
0.14889265813029,0.127032399995186,9082,9082,0.00688770213225689,0.00344385106612847
0.14323248564789,0.123107748656254,9083,9083,0.00688770213225689,0.00344385106612843
0.14889265813029,0.127032399995186,9084,9084,0.00688770213225689,0.00344385106612847
0.14323248564789,0.123107748656254,9085,9085,0.00688770213225689,0.00344385106612843
0.14889265813029,0.127032399995186,9086,9086,0.00688770213225689,0.00344385106612847
0.14323248564789,0.123107748656254,9087,9087,0.00688770213225689,0.00344385106612843
0.14889265813029,0.127032399995186,9088,9088,0.00688770213225689,0.00344385106612847
0.14323248564789,0.123107748656254,9089,9089,0.00688770213225689,0.00344385106612843
0.14889265813029,0.127032399995186,9090,9090,0.00688770213225689,0.00344385106612847
0.14323248564789,0.123107748656254,9091,9091,0.00688770213225689,0.00344385106612843
0.14889265813029,0.127032399995186,9092,9092,0.00688770213225689,0.00344385106612847
0.14323248564789,0.123107748656254,9093,9093,0.00688770213225689,0.00344385106612843
0.14889265813029,0.127032399995186,9094,9094,0.00688770213225689,0.00344385106612847
0.14323248564789,0.123107748656254,9095,9095,0.00688770213225689,0.00344385106612843
0.14889265813029,0.127032399995186,9096,9096,0.00688770213225689,0.00344385106612847
0.14323248564789,0.123107748656254,9097,9097,0.00688770213225689,0.00344385106612843
0.14889265813029,0.127032399995186,9098,9098,0.00688770213225689,0.00344385106612847
0.14323248564789,0.123107748656254,9099,9099,0.00688770213225689,0.00344385106612843
0.14889265813029,0.127032399995186,9100,9100,0.00688770213225689,0.00344385106612847
0.14323248564789,0.123107748656254,9101,9101,0.00688770213225689,0.00344385106612843
0.14889265813029,0.127032399995186,9102,9102,0.00688770213225689,0.00344385106612847
0.14323248564789,0.123107748656254,9103,9103,0.00688770213225689,0.00344385106612843
0.14889265813029,0.127032399995186,9104,9104,0.00688770213225689,0.00344385106612847
0.14323248564789,0.123107748656254,9105,9105,0.00688770213225689,0.00344385106612843
0.14889265813029,0.127032399995186,9106,9106,0.00688770213225689,0.00344385106612847
0.14323248564789,0.123107748656254,9107,9107,0.00688770213225689,0.00344385106612843
0.14889265813029,0.127032399995186,9108,9108,0.00688770213225689,0.00344385106612847
0.14323248564789,0.123107748656254,9109,9109,0.00688770213225689,0.00344385106612843
0.14889265813029,0.127032399995186,9110,9110,0.00688770213225689,0.00344385106612847
0.14323248564789,0.123107748656254,9111,9111,0.00688770213225689,0.00344385106612843
0.14889265813029,0.127032399995186,9112,9112,0.00688770213225689,0.00344385106612847
0.14323248564789,0.123107748656254,9113,9113,0.00688770213225689,0.00344385106612843
0.14889265813029,0.127032399995186,9114,9114,0.00688770213225689,0.00344385106612847
0.14323248564789,0.123107748656254,9115,9115,0.00688770213225689,0.00344385106612843
0.14889265813029,0.127032399995186,9116,9116,0.00688770213225689,0.00344385106612847
0.14323248564789,0.123107748656254,9117,9117,0.00688770213225689,0.00344385106612843
0.14889265813029,0.127032399995186,9118,9118,0.00688770213225689,0.00344385106612847
0.14323248564789,0.123107748656254,9119,9119,0.00688770213225689,0.00344385106612843
0.14889265813029,0.127032399995186,9120,9120,0.00688770213225689,0.00344385106612847
0.14323248564789,0.123107748656254,9121,9121,0.00688770213225689,0.00344385106612843
0.14889265813029,0.127032399995186,9122,9122,0.00688770213225689,0.00344385106612847
0.14323248564789,0.123107748656254,9123,9123,0.00688770213225689,0.00344385106612843
0.14889265813029,0.127032399995186,9124,9124,0.00688770213225689,0.00344385106612847
0.14323248564789,0.123107748656254,9125,9125,0.00688770213225689,0.00344385106612843
0.14889265813029,0.127032399995186,9126,9126,0.00688770213225689,0.00344385106612847
0.14323248564789,0.123107748656254,9127,9127,0.00688770213225689,0.00344385106612843
0.14889265813029,0.127032399995186,9128,9128,0.00688770213225689,0.00344385106612847
0.14323248564789,0.123107748656254,9129,9129,0.00688770213225689,0.00344385106612843
0.14889265813029,0.127032399995186,9130,9130,0.00688770213225689,0.00344385106612847
0.14323248564789,0.123107748656254,9131,9131,0.00688770213225689,0.00344385106612843
0.14889265813029,0.127032399995186,9132,9132,0.00688770213225689,0.00344385106612847
0.14323248564789,0.123107748656254,9133,9133,0.00688770213225689,0.00344385106612843
0.14889265813029,0.127032399995186,9134,9134,0.00688770213225689,0.00344385106612847
0.14323248564789,0.123107748656254,9135,9135,0.00688770213225689,0.00344385106612843
0.14889265813029,0.127032399995186,9136,9136,0.00688770213225689,0.00344385106612847
0.14323248564789,0.123107748656254,9137,9137,0.00688770213225689,0.00344385106612843
0.14889265813029,0.127032399995186,9138,9138,0.00688770213225689,0.00344385106612847
0.14323248564789,0.123107748656254,9139,9139,0.00688770213225689,0.00344385106612843
0.14889265813029,0.127032399995186,9140,9140,0.00688770213225689,0.00344385106612847
0.14323248564789,0.123107748656254,9141,9141,0.00688770213225689,0.00344385106612843
0.14889265813029,0.127032399995186,9142,9142,0.00688770213225689,0.00344385106612847
0.14323248564789,0.123107748656254,9143,9143,0.00688770213225689,0.00344385106612843
0.14889265813029,0.127032399995186,9144,9144,0.00688770213225689,0.00344385106612847
0.14323248564789,0.123107748656254,9145,9145,0.00688770213225689,0.00344385106612843
0.14889265813029,0.127032399995186,9146,9146,0.00688770213225689,0.00344385106612847
0.14323248564789,0.123107748656254,9147,9147,0.00688770213225689,0.00344385106612843
0.14889265813029,0.127032399995186,9148,9148,0.00688770213225689,0.00344385106612847
0.14323248564789,0.123107748656254,9149,9149,0.00688770213225689,0.00344385106612843
0.14889265813029,0.127032399995186,9150,9150,0.00688770213225689,0.00344385106612847
0.14323248564789,0.123107748656254,9151,9151,0.00688770213225689,0.00344385106612843
0.14889265813029,0.127032399995186,9152,9152,0.00688770213225689,0.00344385106612847
0.14323248564789,0.123107748656254,9153,9153,0.00688770213225689,0.00344385106612843
0.14889265813029,0.127032399995186,9154,9154,0.00688770213225689,0.00344385106612847
0.14323248564789,0.123107748656254,9155,9155,0.00688770213225689,0.00344385106612843
0.14889265813029,0.127032399995186,9156,9156,0.00688770213225689,0.00344385106612847
0.14323248564789,0.123107748656254,9157,9157,0.00688770213225689,0.00344385106612843
0.14889265813029,0.127032399995186,9158,9158,0.00688770213225689,0.00344385106612847
0.14323248564789,0.123107748656254,9159,9159,0.00688770213225689,0.00344385106612843
0.14889265813029,0.127032399995186,9160,9160,0.00688770213225689,0.00344385106612847
0.14323248564789,0.123107748656254,9161,9161,0.00688770213225689,0.00344385106612843
0.14889265813029,0.127032399995186,9162,9162,0.00688770213225689,0.00344385106612847
0.14323248564789,0.123107748656254,9163,9163,0.00688770213225689,0.00344385106612843
0.14889265813029,0.127032399995186,9164,9164,0.00688770213225689,0.00344385106612847
0.14323248564789,0.123107748656254,9165,9165,0.00688770213225689,0.00344385106612843
0.14889265813029,0.127032399995186,9166,9166,0.00688770213225689,0.00344385106612847
0.14323248564789,0.123107748656254,9167,9167,0.00688770213225689,0.00344385106612843
0.14889265813029,0.127032399995186,9168,9168,0.00688770213225689,0.00344385106612847
0.14323248564789,0.123107748656254,9169,9169,0.00688770213225689,0.00344385106612843
0.14889265813029,0.127032399995186,9170,9170,0.00688770213225689,0.00344385106612847
0.14323248564789,0.123107748656254,9171,9171,0.00688770213225689,0.00344385106612843
0.14889265813029,0.127032399995186,9172,9172,0.00688770213225689,0.00344385106612847
0.14323248564789,0.123107748656254,9173,9173,0.00688770213225689,0.00344385106612843
0.14889265813029,0.127032399995186,9174,9174,0.00688770213225689,0.00344385106612847
0.14323248564789,0.123107748656254,9175,9175,0.00688770213225689,0.00344385106612843
0.14889265813029,0.127032399995186,9176,9176,0.00688770213225689,0.00344385106612847
0.14323248564789,0.123107748656254,9177,9177,0.00688770213225689,0.00344385106612843
0.14889265813029,0.127032399995186,9178,9178,0.00688770213225689,0.00344385106612847
0.14323248564789,0.123107748656254,9179,9179,0.00688770213225689,0.00344385106612843
0.14889265813029,0.127032399995186,9180,9180,0.00688770213225689,0.00344385106612847
0.14323248564789,0.123107748656254,9181,9181,0.00688770213225689,0.00344385106612843
0.14889265813029,0.127032399995186,9182,9182,0.00688770213225689,0.00344385106612847
0.14323248564789,0.123107748656254,9183,9183,0.00688770213225689,0.00344385106612843
0.14889265813029,0.127032399995186,9184,9184,0.00688770213225689,0.00344385106612847
0.14323248564789,0.123107748656254,9185,9185,0.00688770213225689,0.00344385106612843
0.14889265813029,0.127032399995186,9186,9186,0.00688770213225689,0.00344385106612847
0.14323248564789,0.123107748656254,9187,9187,0.00688770213225689,0.00344385106612843
0.14889265813029,0.127032399995186,9188,9188,0.00688770213225689,0.00344385106612847
0.14323248564789,0.123107748656254,9189,9189,0.00688770213225689,0.00344385106612843
0.14889265813029,0.127032399995186,9190,9190,0.00688770213225689,0.00344385106612847
0.14323248564789,0.123107748656254,9191,9191,0.00688770213225689,0.00344385106612843
0.14889265813029,0.127032399995186,9192,9192,0.00688770213225689,0.00344385106612847
0.14323248564789,0.123107748656254,9193,9193,0.00688770213225689,0.00344385106612843
0.14889265813029,0.127032399995186,9194,9194,0.00688770213225689,0.00344385106612847
0.14323248564789,0.123107748656254,9195,9195,0.00688770213225689,0.00344385106612843
0.14889265813029,0.127032399995186,9196,9196,0.00688770213225689,0.00344385106612847
0.14323248564789,0.123107748656254,9197,9197,0.00688770213225689,0.00344385106612843
0.14889265813029,0.127032399995186,9198,9198,0.00688770213225689,0.00344385106612847
0.14323248564789,0.123107748656254,9199,9199,0.00688770213225689,0.00344385106612843
0.14889265813029,0.127032399995186,9200,9200,0.00688770213225689,0.00344385106612847
0.14323248564789,0.123107748656254,9201,9201,0.00688770213225689,0.00344385106612843
0.14889265813029,0.127032399995186,9202,9202,0.00688770213225689,0.00344385106612847
0.14323248564789,0.123107748656254,9203,9203,0.00688770213225689,0.00344385106612843
0.14889265813029,0.127032399995186,9204,9204,0.00688770213225689,0.00344385106612847
0.14323248564789,0.123107748656254,9205,9205,0.00688770213225689,0.00344385106612843
0.14889265813029,0.127032399995186,9206,9206,0.00688770213225689,0.00344385106612847
0.14323248564789,0.123107748656254,9207,9207,0.00688770213225689,0.00344385106612843
0.14889265813029,0.127032399995186,9208,9208,0.00688770213225689,0.00344385106612847
0.14323248564789,0.123107748656254,9209,9209,0.00688770213225689,0.00344385106612843
0.14889265813029,0.127032399995186,9210,9210,0.00688770213225689,0.00344385106612847
0.14323248564789,0.123107748656254,9211,9211,0.00688770213225689,0.00344385106612843
0.14889265813029,0.127032399995186,9212,9212,0.00688770213225689,0.00344385106612847
0.14323248564789,0.123107748656254,9213,9213,0.00688770213225689,0.00344385106612843
0.14889265813029,0.127032399995186,9214,9214,0.00688770213225689,0.00344385106612847
0.14323248564789,0.123107748656254,9215,9215,0.00688770213225689,0.00344385106612843
0.14889265813029,0.127032399995186,9216,9216,0.00688770213225689,0.00344385106612847
0.14323248564789,0.123107748656254,9217,9217,0.00688770213225689,0.00344385106612843
0.14889265813029,0.127032399995186,9218,9218,0.00688770213225689,0.00344385106612847
0.14323248564789,0.123107748656254,9219,9219,0.00688770213225689,0.00344385106612843
0.14889265813029,0.127032399995186,9220,9220,0.00688770213225689,0.00344385106612847
0.14323248564789,0.123107748656254,9221,9221,0.00688770213225689,0.00344385106612843
0.14889265813029,0.127032399995186,9222,9222,0.00688770213225689,0.00344385106612847
0.14323248564789,0.123107748656254,9223,9223,0.00688770213225689,0.00344385106612843
0.14889265813029,0.127032399995186,9224,9224,0.00688770213225689,0.00344385106612847
0.14323248564789,0.123107748656254,9225,9225,0.00688770213225689,0.00344385106612843
0.14889265813029,0.127032399995186,9226,9226,0.00688770213225689,0.00344385106612847
0.14323248564789,0.123107748656254,9227,9227,0.00688770213225689,0.00344385106612843
0.14889265813029,0.127032399995186,9228,9228,0.00688770213225689,0.00344385106612847
0.14323248564789,0.123107748656254,9229,9229,0.00688770213225689,0.00344385106612843
0.14889265813029,0.127032399995186,9230,9230,0.00688770213225689,0.00344385106612847
0.14323248564789,0.123107748656254,9231,9231,0.00688770213225689,0.00344385106612843
0.14889265813029,0.127032399995186,9232,9232,0.00688770213225689,0.00344385106612847
0.14323248564789,0.123107748656254,9233,9233,0.00688770213225689,0.00344385106612843
0.14889265813029,0.127032399995186,9234,9234,0.00688770213225689,0.00344385106612847
0.14323248564789,0.123107748656254,9235,9235,0.00688770213225689,0.00344385106612843
0.14889265813029,0.127032399995186,9236,9236,0.00688770213225689,0.00344385106612847
0.14323248564789,0.123107748656254,9237,9237,0.00688770213225689,0.00344385106612843
0.14889265813029,0.127032399995186,9238,9238,0.00688770213225689,0.00344385106612847
0.14323248564789,0.123107748656254,9239,9239,0.00688770213225689,0.00344385106612843
0.14889265813029,0.127032399995186,9240,9240,0.00688770213225689,0.00344385106612847
0.14323248564789,0.123107748656254,9241,9241,0.00688770213225689,0.00344385106612843
0.14889265813029,0.127032399995186,9242,9242,0.00688770213225689,0.00344385106612847
0.14323248564789,0.123107748656254,9243,9243,0.00688770213225689,0.00344385106612843
0.14889265813029,0.127032399995186,9244,9244,0.00688770213225689,0.00344385106612847
0.14323248564789,0.123107748656254,9245,9245,0.00688770213225689,0.00344385106612843
0.14889265813029,0.127032399995186,9246,9246,0.00688770213225689,0.00344385106612847
0.14323248564789,0.123107748656254,9247,9247,0.00688770213225689,0.00344385106612843
0.14889265813029,0.127032399995186,9248,9248,0.00688770213225689,0.00344385106612847
0.14323248564789,0.123107748656254,9249,9249,0.00688770213225689,0.00344385106612843
0.14889265813029,0.127032399995186,9250,9250,0.00688770213225689,0.00344385106612847
0.14323248564789,0.123107748656254,9251,9251,0.00688770213225689,0.00344385106612843
0.14889265813029,0.127032399995186,9252,9252,0.00688770213225689,0.00344385106612847
0.14323248564789,0.123107748656254,9253,9253,0.00688770213225689,0.00344385106612843
0.14889265813029,0.127032399995186,9254,9254,0.00688770213225689,0.00344385106612847
0.14323248564789,0.123107748656254,9255,9255,0.00688770213225689,0.00344385106612843
0.14889265813029,0.127032399995186,9256,9256,0.00688770213225689,0.00344385106612847
0.14323248564789,0.123107748656254,9257,9257,0.00688770213225689,0.00344385106612843
0.14889265813029,0.127032399995186,9258,9258,0.00688770213225689,0.00344385106612847
0.14323248564789,0.123107748656254,9259,9259,0.00688770213225689,0.00344385106612843
0.14889265813029,0.127032399995186,9260,9260,0.00688770213225689,0.00344385106612847
0.14323248564789,0.123107748656254,9261,9261,0.00688770213225689,0.00344385106612843
0.14889265813029,0.127032399995186,9262,9262,0.00688770213225689,0.00344385106612847
0.14323248564789,0.123107748656254,9263,9263,0.00688770213225689,0.00344385106612843
0.14889265813029,0.127032399995186,9264,9264,0.00688770213225689,0.00344385106612847
0.14323248564789,0.123107748656254,9265,9265,0.00688770213225689,0.00344385106612843
0.14889265813029,0.127032399995186,9266,9266,0.00688770213225689,0.00344385106612847
0.14323248564789,0.123107748656254,9267,9267,0.00688770213225689,0.00344385106612843
0.14889265813029,0.127032399995186,9268,9268,0.00688770213225689,0.00344385106612847
0.14323248564789,0.123107748656254,9269,9269,0.00688770213225689,0.00344385106612843
0.14889265813029,0.127032399995186,9270,9270,0.00688770213225689,0.00344385106612847
0.14323248564789,0.123107748656254,9271,9271,0.00688770213225689,0.00344385106612843
0.14889265813029,0.127032399995186,9272,9272,0.00688770213225689,0.00344385106612847
0.14323248564789,0.123107748656254,9273,9273,0.00688770213225689,0.00344385106612843
0.14889265813029,0.127032399995186,9274,9274,0.00688770213225689,0.00344385106612847
0.14323248564789,0.123107748656254,9275,9275,0.00688770213225689,0.00344385106612843
0.14889265813029,0.127032399995186,9276,9276,0.00688770213225689,0.00344385106612847
0.14323248564789,0.123107748656254,9277,9277,0.00688770213225689,0.00344385106612843
0.14889265813029,0.127032399995186,9278,9278,0.00688770213225689,0.00344385106612847
0.14323248564789,0.123107748656254,9279,9279,0.00688770213225689,0.00344385106612843
0.14889265813029,0.127032399995186,9280,9280,0.00688770213225689,0.00344385106612847
0.14323248564789,0.123107748656254,9281,9281,0.00688770213225689,0.00344385106612843
0.14889265813029,0.127032399995186,9282,9282,0.00688770213225689,0.00344385106612847
0.14323248564789,0.123107748656254,9283,9283,0.00688770213225689,0.00344385106612843
0.14889265813029,0.127032399995186,9284,9284,0.00688770213225689,0.00344385106612847
0.14323248564789,0.123107748656254,9285,9285,0.00688770213225689,0.00344385106612843
0.14889265813029,0.127032399995186,9286,9286,0.00688770213225689,0.00344385106612847
0.14323248564789,0.123107748656254,9287,9287,0.00688770213225689,0.00344385106612843
0.14889265813029,0.127032399995186,9288,9288,0.00688770213225689,0.00344385106612847
0.14323248564789,0.123107748656254,9289,9289,0.00688770213225689,0.00344385106612843
0.14889265813029,0.127032399995186,9290,9290,0.00688770213225689,0.00344385106612847
0.14323248564789,0.123107748656254,9291,9291,0.00688770213225689,0.00344385106612843
0.14889265813029,0.127032399995186,9292,9292,0.00688770213225689,0.00344385106612847
0.14323248564789,0.123107748656254,9293,9293,0.00688770213225689,0.00344385106612843
0.14889265813029,0.127032399995186,9294,9294,0.00688770213225689,0.00344385106612847
0.14323248564789,0.123107748656254,9295,9295,0.00688770213225689,0.00344385106612843
0.14889265813029,0.127032399995186,9296,9296,0.00688770213225689,0.00344385106612847
0.14323248564789,0.123107748656254,9297,9297,0.00688770213225689,0.00344385106612843
0.14889265813029,0.127032399995186,9298,9298,0.00688770213225689,0.00344385106612847
0.14323248564789,0.123107748656254,9299,9299,0.00688770213225689,0.00344385106612843
0.14889265813029,0.127032399995186,9300,9300,0.00688770213225689,0.00344385106612847
0.14323248564789,0.123107748656254,9301,9301,0.00688770213225689,0.00344385106612843
0.14889265813029,0.127032399995186,9302,9302,0.00688770213225689,0.00344385106612847
0.14323248564789,0.123107748656254,9303,9303,0.00688770213225689,0.00344385106612843
0.14889265813029,0.127032399995186,9304,9304,0.00688770213225689,0.00344385106612847
0.14323248564789,0.123107748656254,9305,9305,0.00688770213225689,0.00344385106612843
0.14889265813029,0.127032399995186,9306,9306,0.00688770213225689,0.00344385106612847
0.14323248564789,0.123107748656254,9307,9307,0.00688770213225689,0.00344385106612843
0.14889265813029,0.127032399995186,9308,9308,0.00688770213225689,0.00344385106612847
0.14323248564789,0.123107748656254,9309,9309,0.00688770213225689,0.00344385106612843
0.14889265813029,0.127032399995186,9310,9310,0.00688770213225689,0.00344385106612847
0.14323248564789,0.123107748656254,9311,9311,0.00688770213225689,0.00344385106612843
0.14889265813029,0.127032399995186,9312,9312,0.00688770213225689,0.00344385106612847
0.14323248564789,0.123107748656254,9313,9313,0.00688770213225689,0.00344385106612843
0.14889265813029,0.127032399995186,9314,9314,0.00688770213225689,0.00344385106612847
0.14323248564789,0.123107748656254,9315,9315,0.00688770213225689,0.00344385106612843
0.14889265813029,0.127032399995186,9316,9316,0.00688770213225689,0.00344385106612847
0.14323248564789,0.123107748656254,9317,9317,0.00688770213225689,0.00344385106612843
0.14889265813029,0.127032399995186,9318,9318,0.00688770213225689,0.00344385106612847
0.14323248564789,0.123107748656254,9319,9319,0.00688770213225689,0.00344385106612843
0.14889265813029,0.127032399995186,9320,9320,0.00688770213225689,0.00344385106612847
0.14323248564789,0.123107748656254,9321,9321,0.00688770213225689,0.00344385106612843
0.14889265813029,0.127032399995186,9322,9322,0.00688770213225689,0.00344385106612847
0.14323248564789,0.123107748656254,9323,9323,0.00688770213225689,0.00344385106612843
0.14889265813029,0.127032399995186,9324,9324,0.00688770213225689,0.00344385106612847
0.14323248564789,0.123107748656254,9325,9325,0.00688770213225689,0.00344385106612843
0.14889265813029,0.127032399995186,9326,9326,0.00688770213225689,0.00344385106612847
0.14323248564789,0.123107748656254,9327,9327,0.00688770213225689,0.00344385106612843
0.14889265813029,0.127032399995186,9328,9328,0.00688770213225689,0.00344385106612847
0.14323248564789,0.123107748656254,9329,9329,0.00688770213225689,0.00344385106612843
0.14889265813029,0.127032399995186,9330,9330,0.00688770213225689,0.00344385106612847
0.14323248564789,0.123107748656254,9331,9331,0.00688770213225689,0.00344385106612843
0.14889265813029,0.127032399995186,9332,9332,0.00688770213225689,0.00344385106612847
0.14323248564789,0.123107748656254,9333,9333,0.00688770213225689,0.00344385106612843
0.14889265813029,0.127032399995186,9334,9334,0.00688770213225689,0.00344385106612847
0.14323248564789,0.123107748656254,9335,9335,0.00688770213225689,0.00344385106612843
0.14889265813029,0.127032399995186,9336,9336,0.00688770213225689,0.00344385106612847
0.14323248564789,0.123107748656254,9337,9337,0.00688770213225689,0.00344385106612843
0.14889265813029,0.127032399995186,9338,9338,0.00688770213225689,0.00344385106612847
0.14323248564789,0.123107748656254,9339,9339,0.00688770213225689,0.00344385106612843
0.14889265813029,0.127032399995186,9340,9340,0.00688770213225689,0.00344385106612847
0.14323248564789,0.123107748656254,9341,9341,0.00688770213225689,0.00344385106612843
0.14889265813029,0.127032399995186,9342,9342,0.00688770213225689,0.00344385106612847
0.14323248564789,0.123107748656254,9343,9343,0.00688770213225689,0.00344385106612843
0.14889265813029,0.127032399995186,9344,9344,0.00688770213225689,0.00344385106612847
0.14323248564789,0.123107748656254,9345,9345,0.00688770213225689,0.00344385106612843
0.14889265813029,0.127032399995186,9346,9346,0.00688770213225689,0.00344385106612847
0.14323248564789,0.123107748656254,9347,9347,0.00688770213225689,0.00344385106612843
0.14889265813029,0.127032399995186,9348,9348,0.00688770213225689,0.00344385106612847
0.14323248564789,0.123107748656254,9349,9349,0.00688770213225689,0.00344385106612843
0.14889265813029,0.127032399995186,9350,9350,0.00688770213225689,0.00344385106612847
0.14323248564789,0.123107748656254,9351,9351,0.00688770213225689,0.00344385106612843
0.14889265813029,0.127032399995186,9352,9352,0.00688770213225689,0.00344385106612847
0.14323248564789,0.123107748656254,9353,9353,0.00688770213225689,0.00344385106612843
0.14889265813029,0.127032399995186,9354,9354,0.00688770213225689,0.00344385106612847
0.14323248564789,0.123107748656254,9355,9355,0.00688770213225689,0.00344385106612843
0.14889265813029,0.127032399995186,9356,9356,0.00688770213225689,0.00344385106612847
0.14323248564789,0.123107748656254,9357,9357,0.00688770213225689,0.00344385106612843
0.14889265813029,0.127032399995186,9358,9358,0.00688770213225689,0.00344385106612847
0.14323248564789,0.123107748656254,9359,9359,0.00688770213225689,0.00344385106612843
0.14889265813029,0.127032399995186,9360,9360,0.00688770213225689,0.00344385106612847
0.14323248564789,0.123107748656254,9361,9361,0.00688770213225689,0.00344385106612843
0.14889265813029,0.127032399995186,9362,9362,0.00688770213225689,0.00344385106612847
0.14323248564789,0.123107748656254,9363,9363,0.00688770213225689,0.00344385106612843
0.14889265813029,0.127032399995186,9364,9364,0.00688770213225689,0.00344385106612847
0.14323248564789,0.123107748656254,9365,9365,0.00688770213225689,0.00344385106612843
0.14889265813029,0.127032399995186,9366,9366,0.00688770213225689,0.00344385106612847
0.14323248564789,0.123107748656254,9367,9367,0.00688770213225689,0.00344385106612843
0.14889265813029,0.127032399995186,9368,9368,0.00688770213225689,0.00344385106612847
0.14323248564789,0.123107748656254,9369,9369,0.00688770213225689,0.00344385106612843
0.14889265813029,0.127032399995186,9370,9370,0.00688770213225689,0.00344385106612847
0.14323248564789,0.123107748656254,9371,9371,0.00688770213225689,0.00344385106612843
0.14889265813029,0.127032399995186,9372,9372,0.00688770213225689,0.00344385106612847
0.14323248564789,0.123107748656254,9373,9373,0.00688770213225689,0.00344385106612843
0.14889265813029,0.127032399995186,9374,9374,0.00688770213225689,0.00344385106612847
0.14323248564789,0.123107748656254,9375,9375,0.00688770213225689,0.00344385106612843
0.14889265813029,0.127032399995186,9376,9376,0.00688770213225689,0.00344385106612847
0.14323248564789,0.123107748656254,9377,9377,0.00688770213225689,0.00344385106612843
0.14889265813029,0.127032399995186,9378,9378,0.00688770213225689,0.00344385106612847
0.14323248564789,0.123107748656254,9379,9379,0.00688770213225689,0.00344385106612843
0.14889265813029,0.127032399995186,9380,9380,0.00688770213225689,0.00344385106612847
0.14323248564789,0.123107748656254,9381,9381,0.00688770213225689,0.00344385106612843
0.14889265813029,0.127032399995186,9382,9382,0.00688770213225689,0.00344385106612847
0.14323248564789,0.123107748656254,9383,9383,0.00688770213225689,0.00344385106612843
0.14889265813029,0.127032399995186,9384,9384,0.00688770213225689,0.00344385106612847
0.14323248564789,0.123107748656254,9385,9385,0.00688770213225689,0.00344385106612843
0.14889265813029,0.127032399995186,9386,9386,0.00688770213225689,0.00344385106612847
0.14323248564789,0.123107748656254,9387,9387,0.00688770213225689,0.00344385106612843
0.14889265813029,0.127032399995186,9388,9388,0.00688770213225689,0.00344385106612847
0.14323248564789,0.123107748656254,9389,9389,0.00688770213225689,0.00344385106612843
0.14889265813029,0.127032399995186,9390,9390,0.00688770213225689,0.00344385106612847
0.14323248564789,0.123107748656254,9391,9391,0.00688770213225689,0.00344385106612843
0.14889265813029,0.127032399995186,9392,9392,0.00688770213225689,0.00344385106612847
0.14323248564789,0.123107748656254,9393,9393,0.00688770213225689,0.00344385106612843
0.14889265813029,0.127032399995186,9394,9394,0.00688770213225689,0.00344385106612847
0.14323248564789,0.123107748656254,9395,9395,0.00688770213225689,0.00344385106612843
0.14889265813029,0.127032399995186,9396,9396,0.00688770213225689,0.00344385106612847
0.14323248564789,0.123107748656254,9397,9397,0.00688770213225689,0.00344385106612843
0.14889265813029,0.127032399995186,9398,9398,0.00688770213225689,0.00344385106612847
0.14323248564789,0.123107748656254,9399,9399,0.00688770213225689,0.00344385106612843
0.14889265813029,0.127032399995186,9400,9400,0.00688770213225689,0.00344385106612847
0.14323248564789,0.123107748656254,9401,9401,0.00688770213225689,0.00344385106612843
0.14889265813029,0.127032399995186,9402,9402,0.00688770213225689,0.00344385106612847
0.14323248564789,0.123107748656254,9403,9403,0.00688770213225689,0.00344385106612843
0.14889265813029,0.127032399995186,9404,9404,0.00688770213225689,0.00344385106612847
0.14323248564789,0.123107748656254,9405,9405,0.00688770213225689,0.00344385106612843
0.14889265813029,0.127032399995186,9406,9406,0.00688770213225689,0.00344385106612847
0.14323248564789,0.123107748656254,9407,9407,0.00688770213225689,0.00344385106612843
0.14889265813029,0.127032399995186,9408,9408,0.00688770213225689,0.00344385106612847
0.14323248564789,0.123107748656254,9409,9409,0.00688770213225689,0.00344385106612843
0.14889265813029,0.127032399995186,9410,9410,0.00688770213225689,0.00344385106612847
0.14323248564789,0.123107748656254,9411,9411,0.00688770213225689,0.00344385106612843
0.14889265813029,0.127032399995186,9412,9412,0.00688770213225689,0.00344385106612847
0.14323248564789,0.123107748656254,9413,9413,0.00688770213225689,0.00344385106612843
0.14889265813029,0.127032399995186,9414,9414,0.00688770213225689,0.00344385106612847
0.14323248564789,0.123107748656254,9415,9415,0.00688770213225689,0.00344385106612843
0.14889265813029,0.127032399995186,9416,9416,0.00688770213225689,0.00344385106612847
0.14323248564789,0.123107748656254,9417,9417,0.00688770213225689,0.00344385106612843
0.14889265813029,0.127032399995186,9418,9418,0.00688770213225689,0.00344385106612847
0.14323248564789,0.123107748656254,9419,9419,0.00688770213225689,0.00344385106612843
0.14889265813029,0.127032399995186,9420,9420,0.00688770213225689,0.00344385106612847
0.14323248564789,0.123107748656254,9421,9421,0.00688770213225689,0.00344385106612843
0.14889265813029,0.127032399995186,9422,9422,0.00688770213225689,0.00344385106612847
0.14323248564789,0.123107748656254,9423,9423,0.00688770213225689,0.00344385106612843
0.14889265813029,0.127032399995186,9424,9424,0.00688770213225689,0.00344385106612847
0.14323248564789,0.123107748656254,9425,9425,0.00688770213225689,0.00344385106612843
0.14889265813029,0.127032399995186,9426,9426,0.00688770213225689,0.00344385106612847
0.14323248564789,0.123107748656254,9427,9427,0.00688770213225689,0.00344385106612843
0.14889265813029,0.127032399995186,9428,9428,0.00688770213225689,0.00344385106612847
0.14323248564789,0.123107748656254,9429,9429,0.00688770213225689,0.00344385106612843
0.14889265813029,0.127032399995186,9430,9430,0.00688770213225689,0.00344385106612847
0.14323248564789,0.123107748656254,9431,9431,0.00688770213225689,0.00344385106612843
0.14889265813029,0.127032399995186,9432,9432,0.00688770213225689,0.00344385106612847
0.14323248564789,0.123107748656254,9433,9433,0.00688770213225689,0.00344385106612843
0.14889265813029,0.127032399995186,9434,9434,0.00688770213225689,0.00344385106612847
0.14323248564789,0.123107748656254,9435,9435,0.00688770213225689,0.00344385106612843
0.14889265813029,0.127032399995186,9436,9436,0.00688770213225689,0.00344385106612847
0.14323248564789,0.123107748656254,9437,9437,0.00688770213225689,0.00344385106612843
0.14889265813029,0.127032399995186,9438,9438,0.00688770213225689,0.00344385106612847
0.14323248564789,0.123107748656254,9439,9439,0.00688770213225689,0.00344385106612843
0.14889265813029,0.127032399995186,9440,9440,0.00688770213225689,0.00344385106612847
0.14323248564789,0.123107748656254,9441,9441,0.00688770213225689,0.00344385106612843
0.14889265813029,0.127032399995186,9442,9442,0.00688770213225689,0.00344385106612847
0.14323248564789,0.123107748656254,9443,9443,0.00688770213225689,0.00344385106612843
0.14889265813029,0.127032399995186,9444,9444,0.00688770213225689,0.00344385106612847
0.14323248564789,0.123107748656254,9445,9445,0.00688770213225689,0.00344385106612843
0.14889265813029,0.127032399995186,9446,9446,0.00688770213225689,0.00344385106612847
0.14323248564789,0.123107748656254,9447,9447,0.00688770213225689,0.00344385106612843
0.14889265813029,0.127032399995186,9448,9448,0.00688770213225689,0.00344385106612847
0.14323248564789,0.123107748656254,9449,9449,0.00688770213225689,0.00344385106612843
0.14889265813029,0.127032399995186,9450,9450,0.00688770213225689,0.00344385106612847
0.14323248564789,0.123107748656254,9451,9451,0.00688770213225689,0.00344385106612843
0.14889265813029,0.127032399995186,9452,9452,0.00688770213225689,0.00344385106612847
0.14323248564789,0.123107748656254,9453,9453,0.00688770213225689,0.00344385106612843
0.14889265813029,0.127032399995186,9454,9454,0.00688770213225689,0.00344385106612847
0.14323248564789,0.123107748656254,9455,9455,0.00688770213225689,0.00344385106612843
0.14889265813029,0.127032399995186,9456,9456,0.00688770213225689,0.00344385106612847
0.14323248564789,0.123107748656254,9457,9457,0.00688770213225689,0.00344385106612843
0.14889265813029,0.127032399995186,9458,9458,0.00688770213225689,0.00344385106612847
0.14323248564789,0.123107748656254,9459,9459,0.00688770213225689,0.00344385106612843
0.14889265813029,0.127032399995186,9460,9460,0.00688770213225689,0.00344385106612847
0.14323248564789,0.123107748656254,9461,9461,0.00688770213225689,0.00344385106612843
0.14889265813029,0.127032399995186,9462,9462,0.00688770213225689,0.00344385106612847
0.14323248564789,0.123107748656254,9463,9463,0.00688770213225689,0.00344385106612843
0.14889265813029,0.127032399995186,9464,9464,0.00688770213225689,0.00344385106612847
0.14323248564789,0.123107748656254,9465,9465,0.00688770213225689,0.00344385106612843
0.14889265813029,0.127032399995186,9466,9466,0.00688770213225689,0.00344385106612847
0.14323248564789,0.123107748656254,9467,9467,0.00688770213225689,0.00344385106612843
0.14889265813029,0.127032399995186,9468,9468,0.00688770213225689,0.00344385106612847
0.14323248564789,0.123107748656254,9469,9469,0.00688770213225689,0.00344385106612843
0.14889265813029,0.127032399995186,9470,9470,0.00688770213225689,0.00344385106612847
0.14323248564789,0.123107748656254,9471,9471,0.00688770213225689,0.00344385106612843
0.14889265813029,0.127032399995186,9472,9472,0.00688770213225689,0.00344385106612847
0.14323248564789,0.123107748656254,9473,9473,0.00688770213225689,0.00344385106612843
0.14889265813029,0.127032399995186,9474,9474,0.00688770213225689,0.00344385106612847
0.14323248564789,0.123107748656254,9475,9475,0.00688770213225689,0.00344385106612843
0.14889265813029,0.127032399995186,9476,9476,0.00688770213225689,0.00344385106612847
0.14323248564789,0.123107748656254,9477,9477,0.00688770213225689,0.00344385106612843
0.14889265813029,0.127032399995186,9478,9478,0.00688770213225689,0.00344385106612847
0.14323248564789,0.123107748656254,9479,9479,0.00688770213225689,0.00344385106612843
0.14889265813029,0.127032399995186,9480,9480,0.00688770213225689,0.00344385106612847
0.14323248564789,0.123107748656254,9481,9481,0.00688770213225689,0.00344385106612843
0.14889265813029,0.127032399995186,9482,9482,0.00688770213225689,0.00344385106612847
0.14323248564789,0.123107748656254,9483,9483,0.00688770213225689,0.00344385106612843
0.14889265813029,0.127032399995186,9484,9484,0.00688770213225689,0.00344385106612847
0.14323248564789,0.123107748656254,9485,9485,0.00688770213225689,0.00344385106612843
0.14889265813029,0.127032399995186,9486,9486,0.00688770213225689,0.00344385106612847
0.14323248564789,0.123107748656254,9487,9487,0.00688770213225689,0.00344385106612843
0.14889265813029,0.127032399995186,9488,9488,0.00688770213225689,0.00344385106612847
0.14323248564789,0.123107748656254,9489,9489,0.00688770213225689,0.00344385106612843
0.14889265813029,0.127032399995186,9490,9490,0.00688770213225689,0.00344385106612847
0.14323248564789,0.123107748656254,9491,9491,0.00688770213225689,0.00344385106612843
0.14889265813029,0.127032399995186,9492,9492,0.00688770213225689,0.00344385106612847
0.14323248564789,0.123107748656254,9493,9493,0.00688770213225689,0.00344385106612843
0.14889265813029,0.127032399995186,9494,9494,0.00688770213225689,0.00344385106612847
0.14323248564789,0.123107748656254,9495,9495,0.00688770213225689,0.00344385106612843
0.14889265813029,0.127032399995186,9496,9496,0.00688770213225689,0.00344385106612847
0.14323248564789,0.123107748656254,9497,9497,0.00688770213225689,0.00344385106612843
0.14889265813029,0.127032399995186,9498,9498,0.00688770213225689,0.00344385106612847
0.14323248564789,0.123107748656254,9499,9499,0.00688770213225689,0.00344385106612843
0.14889265813029,0.127032399995186,9500,9500,0.00688770213225689,0.00344385106612847
0.14323248564789,0.123107748656254,9501,9501,0.00688770213225689,0.00344385106612843
0.14889265813029,0.127032399995186,9502,9502,0.00688770213225689,0.00344385106612847
0.14323248564789,0.123107748656254,9503,9503,0.00688770213225689,0.00344385106612843
0.14889265813029,0.127032399995186,9504,9504,0.00688770213225689,0.00344385106612847
0.14323248564789,0.123107748656254,9505,9505,0.00688770213225689,0.00344385106612843
0.14889265813029,0.127032399995186,9506,9506,0.00688770213225689,0.00344385106612847
0.14323248564789,0.123107748656254,9507,9507,0.00688770213225689,0.00344385106612843
0.14889265813029,0.127032399995186,9508,9508,0.00688770213225689,0.00344385106612847
0.14323248564789,0.123107748656254,9509,9509,0.00688770213225689,0.00344385106612843
0.14889265813029,0.127032399995186,9510,9510,0.00688770213225689,0.00344385106612847
0.14323248564789,0.123107748656254,9511,9511,0.00688770213225689,0.00344385106612843
0.14889265813029,0.127032399995186,9512,9512,0.00688770213225689,0.00344385106612847
0.14323248564789,0.123107748656254,9513,9513,0.00688770213225689,0.00344385106612843
0.14889265813029,0.127032399995186,9514,9514,0.00688770213225689,0.00344385106612847
0.14323248564789,0.123107748656254,9515,9515,0.00688770213225689,0.00344385106612843
0.14889265813029,0.127032399995186,9516,9516,0.00688770213225689,0.00344385106612847
0.14323248564789,0.123107748656254,9517,9517,0.00688770213225689,0.00344385106612843
0.14889265813029,0.127032399995186,9518,9518,0.00688770213225689,0.00344385106612847
0.14323248564789,0.123107748656254,9519,9519,0.00688770213225689,0.00344385106612843
0.14889265813029,0.127032399995186,9520,9520,0.00688770213225689,0.00344385106612847
0.14323248564789,0.123107748656254,9521,9521,0.00688770213225689,0.00344385106612843
0.14889265813029,0.127032399995186,9522,9522,0.00688770213225689,0.00344385106612847
0.14323248564789,0.123107748656254,9523,9523,0.00688770213225689,0.00344385106612843
0.14889265813029,0.127032399995186,9524,9524,0.00688770213225689,0.00344385106612847
0.14323248564789,0.123107748656254,9525,9525,0.00688770213225689,0.00344385106612843
0.14889265813029,0.127032399995186,9526,9526,0.00688770213225689,0.00344385106612847
0.14323248564789,0.123107748656254,9527,9527,0.00688770213225689,0.00344385106612843
0.14889265813029,0.127032399995186,9528,9528,0.00688770213225689,0.00344385106612847
0.14323248564789,0.123107748656254,9529,9529,0.00688770213225689,0.00344385106612843
0.14889265813029,0.127032399995186,9530,9530,0.00688770213225689,0.00344385106612847
0.14323248564789,0.123107748656254,9531,9531,0.00688770213225689,0.00344385106612843
0.14889265813029,0.127032399995186,9532,9532,0.00688770213225689,0.00344385106612847
0.14323248564789,0.123107748656254,9533,9533,0.00688770213225689,0.00344385106612843
0.14889265813029,0.127032399995186,9534,9534,0.00688770213225689,0.00344385106612847
0.14323248564789,0.123107748656254,9535,9535,0.00688770213225689,0.00344385106612843
0.14889265813029,0.127032399995186,9536,9536,0.00688770213225689,0.00344385106612847
0.14323248564789,0.123107748656254,9537,9537,0.00688770213225689,0.00344385106612843
0.14889265813029,0.127032399995186,9538,9538,0.00688770213225689,0.00344385106612847
0.14323248564789,0.123107748656254,9539,9539,0.00688770213225689,0.00344385106612843
0.14889265813029,0.127032399995186,9540,9540,0.00688770213225689,0.00344385106612847
0.14323248564789,0.123107748656254,9541,9541,0.00688770213225689,0.00344385106612843
0.14889265813029,0.127032399995186,9542,9542,0.00688770213225689,0.00344385106612847
0.14323248564789,0.123107748656254,9543,9543,0.00688770213225689,0.00344385106612843
0.14889265813029,0.127032399995186,9544,9544,0.00688770213225689,0.00344385106612847
0.14323248564789,0.123107748656254,9545,9545,0.00688770213225689,0.00344385106612843
0.14889265813029,0.127032399995186,9546,9546,0.00688770213225689,0.00344385106612847
0.14323248564789,0.123107748656254,9547,9547,0.00688770213225689,0.00344385106612843
0.14889265813029,0.127032399995186,9548,9548,0.00688770213225689,0.00344385106612847
0.14323248564789,0.123107748656254,9549,9549,0.00688770213225689,0.00344385106612843
0.14889265813029,0.127032399995186,9550,9550,0.00688770213225689,0.00344385106612847
0.14323248564789,0.123107748656254,9551,9551,0.00688770213225689,0.00344385106612843
0.14889265813029,0.127032399995186,9552,9552,0.00688770213225689,0.00344385106612847
0.14323248564789,0.123107748656254,9553,9553,0.00688770213225689,0.00344385106612843
0.14889265813029,0.127032399995186,9554,9554,0.00688770213225689,0.00344385106612847
0.14323248564789,0.123107748656254,9555,9555,0.00688770213225689,0.00344385106612843
0.14889265813029,0.127032399995186,9556,9556,0.00688770213225689,0.00344385106612847
0.14323248564789,0.123107748656254,9557,9557,0.00688770213225689,0.00344385106612843
0.14889265813029,0.127032399995186,9558,9558,0.00688770213225689,0.00344385106612847
0.14323248564789,0.123107748656254,9559,9559,0.00688770213225689,0.00344385106612843
0.14889265813029,0.127032399995186,9560,9560,0.00688770213225689,0.00344385106612847
0.14323248564789,0.123107748656254,9561,9561,0.00688770213225689,0.00344385106612843
0.14889265813029,0.127032399995186,9562,9562,0.00688770213225689,0.00344385106612847
0.14323248564789,0.123107748656254,9563,9563,0.00688770213225689,0.00344385106612843
0.14889265813029,0.127032399995186,9564,9564,0.00688770213225689,0.00344385106612847
0.14323248564789,0.123107748656254,9565,9565,0.00688770213225689,0.00344385106612843
0.14889265813029,0.127032399995186,9566,9566,0.00688770213225689,0.00344385106612847
0.14323248564789,0.123107748656254,9567,9567,0.00688770213225689,0.00344385106612843
0.14889265813029,0.127032399995186,9568,9568,0.00688770213225689,0.00344385106612847
0.14323248564789,0.123107748656254,9569,9569,0.00688770213225689,0.00344385106612843
0.14889265813029,0.127032399995186,9570,9570,0.00688770213225689,0.00344385106612847
0.14323248564789,0.123107748656254,9571,9571,0.00688770213225689,0.00344385106612843
0.14889265813029,0.127032399995186,9572,9572,0.00688770213225689,0.00344385106612847
0.14323248564789,0.123107748656254,9573,9573,0.00688770213225689,0.00344385106612843
0.14889265813029,0.127032399995186,9574,9574,0.00688770213225689,0.00344385106612847
0.14323248564789,0.123107748656254,9575,9575,0.00688770213225689,0.00344385106612843
0.14889265813029,0.127032399995186,9576,9576,0.00688770213225689,0.00344385106612847
0.14323248564789,0.123107748656254,9577,9577,0.00688770213225689,0.00344385106612843
0.14889265813029,0.127032399995186,9578,9578,0.00688770213225689,0.00344385106612847
0.14323248564789,0.123107748656254,9579,9579,0.00688770213225689,0.00344385106612843
0.14889265813029,0.127032399995186,9580,9580,0.00688770213225689,0.00344385106612847
0.14323248564789,0.123107748656254,9581,9581,0.00688770213225689,0.00344385106612843
0.14889265813029,0.127032399995186,9582,9582,0.00688770213225689,0.00344385106612847
0.14323248564789,0.123107748656254,9583,9583,0.00688770213225689,0.00344385106612843
0.14889265813029,0.127032399995186,9584,9584,0.00688770213225689,0.00344385106612847
0.14323248564789,0.123107748656254,9585,9585,0.00688770213225689,0.00344385106612843
0.14889265813029,0.127032399995186,9586,9586,0.00688770213225689,0.00344385106612847
0.14323248564789,0.123107748656254,9587,9587,0.00688770213225689,0.00344385106612843
0.14889265813029,0.127032399995186,9588,9588,0.00688770213225689,0.00344385106612847
0.14323248564789,0.123107748656254,9589,9589,0.00688770213225689,0.00344385106612843
0.14889265813029,0.127032399995186,9590,9590,0.00688770213225689,0.00344385106612847
0.14323248564789,0.123107748656254,9591,9591,0.00688770213225689,0.00344385106612843
0.14889265813029,0.127032399995186,9592,9592,0.00688770213225689,0.00344385106612847
0.14323248564789,0.123107748656254,9593,9593,0.00688770213225689,0.00344385106612843
0.14889265813029,0.127032399995186,9594,9594,0.00688770213225689,0.00344385106612847
0.14323248564789,0.123107748656254,9595,9595,0.00688770213225689,0.00344385106612843
0.14889265813029,0.127032399995186,9596,9596,0.00688770213225689,0.00344385106612847
0.14323248564789,0.123107748656254,9597,9597,0.00688770213225689,0.00344385106612843
0.14889265813029,0.127032399995186,9598,9598,0.00688770213225689,0.00344385106612847
0.14323248564789,0.123107748656254,9599,9599,0.00688770213225689,0.00344385106612843
0.14889265813029,0.127032399995186,9600,9600,0.00688770213225689,0.00344385106612847
0.14323248564789,0.123107748656254,9601,9601,0.00688770213225689,0.00344385106612843
0.14889265813029,0.127032399995186,9602,9602,0.00688770213225689,0.00344385106612847
0.14323248564789,0.123107748656254,9603,9603,0.00688770213225689,0.00344385106612843
0.14889265813029,0.127032399995186,9604,9604,0.00688770213225689,0.00344385106612847
0.14323248564789,0.123107748656254,9605,9605,0.00688770213225689,0.00344385106612843
0.14889265813029,0.127032399995186,9606,9606,0.00688770213225689,0.00344385106612847
0.14323248564789,0.123107748656254,9607,9607,0.00688770213225689,0.00344385106612843
0.14889265813029,0.127032399995186,9608,9608,0.00688770213225689,0.00344385106612847
0.14323248564789,0.123107748656254,9609,9609,0.00688770213225689,0.00344385106612843
0.14889265813029,0.127032399995186,9610,9610,0.00688770213225689,0.00344385106612847
0.14323248564789,0.123107748656254,9611,9611,0.00688770213225689,0.00344385106612843
0.14889265813029,0.127032399995186,9612,9612,0.00688770213225689,0.00344385106612847
0.14323248564789,0.123107748656254,9613,9613,0.00688770213225689,0.00344385106612843
0.14889265813029,0.127032399995186,9614,9614,0.00688770213225689,0.00344385106612847
0.14323248564789,0.123107748656254,9615,9615,0.00688770213225689,0.00344385106612843
0.14889265813029,0.127032399995186,9616,9616,0.00688770213225689,0.00344385106612847
0.14323248564789,0.123107748656254,9617,9617,0.00688770213225689,0.00344385106612843
0.14889265813029,0.127032399995186,9618,9618,0.00688770213225689,0.00344385106612847
0.14323248564789,0.123107748656254,9619,9619,0.00688770213225689,0.00344385106612843
0.14889265813029,0.127032399995186,9620,9620,0.00688770213225689,0.00344385106612847
0.14323248564789,0.123107748656254,9621,9621,0.00688770213225689,0.00344385106612843
0.14889265813029,0.127032399995186,9622,9622,0.00688770213225689,0.00344385106612847
0.14323248564789,0.123107748656254,9623,9623,0.00688770213225689,0.00344385106612843
0.14889265813029,0.127032399995186,9624,9624,0.00688770213225689,0.00344385106612847
0.14323248564789,0.123107748656254,9625,9625,0.00688770213225689,0.00344385106612843
0.14889265813029,0.127032399995186,9626,9626,0.00688770213225689,0.00344385106612847
0.14323248564789,0.123107748656254,9627,9627,0.00688770213225689,0.00344385106612843
0.14889265813029,0.127032399995186,9628,9628,0.00688770213225689,0.00344385106612847
0.14323248564789,0.123107748656254,9629,9629,0.00688770213225689,0.00344385106612843
0.14889265813029,0.127032399995186,9630,9630,0.00688770213225689,0.00344385106612847
0.14323248564789,0.123107748656254,9631,9631,0.00688770213225689,0.00344385106612843
0.14889265813029,0.127032399995186,9632,9632,0.00688770213225689,0.00344385106612847
0.14323248564789,0.123107748656254,9633,9633,0.00688770213225689,0.00344385106612843
0.14889265813029,0.127032399995186,9634,9634,0.00688770213225689,0.00344385106612847
0.14323248564789,0.123107748656254,9635,9635,0.00688770213225689,0.00344385106612843
0.14889265813029,0.127032399995186,9636,9636,0.00688770213225689,0.00344385106612847
0.14323248564789,0.123107748656254,9637,9637,0.00688770213225689,0.00344385106612843
0.14889265813029,0.127032399995186,9638,9638,0.00688770213225689,0.00344385106612847
0.14323248564789,0.123107748656254,9639,9639,0.00688770213225689,0.00344385106612843
0.14889265813029,0.127032399995186,9640,9640,0.00688770213225689,0.00344385106612847
0.14323248564789,0.123107748656254,9641,9641,0.00688770213225689,0.00344385106612843
0.14889265813029,0.127032399995186,9642,9642,0.00688770213225689,0.00344385106612847
0.14323248564789,0.123107748656254,9643,9643,0.00688770213225689,0.00344385106612843
0.14889265813029,0.127032399995186,9644,9644,0.00688770213225689,0.00344385106612847
0.14323248564789,0.123107748656254,9645,9645,0.00688770213225689,0.00344385106612843
0.14889265813029,0.127032399995186,9646,9646,0.00688770213225689,0.00344385106612847
0.14323248564789,0.123107748656254,9647,9647,0.00688770213225689,0.00344385106612843
0.14889265813029,0.127032399995186,9648,9648,0.00688770213225689,0.00344385106612847
0.14323248564789,0.123107748656254,9649,9649,0.00688770213225689,0.00344385106612843
0.14889265813029,0.127032399995186,9650,9650,0.00688770213225689,0.00344385106612847
0.14323248564789,0.123107748656254,9651,9651,0.00688770213225689,0.00344385106612843
0.14889265813029,0.127032399995186,9652,9652,0.00688770213225689,0.00344385106612847
0.14323248564789,0.123107748656254,9653,9653,0.00688770213225689,0.00344385106612843
0.14889265813029,0.127032399995186,9654,9654,0.00688770213225689,0.00344385106612847
0.14323248564789,0.123107748656254,9655,9655,0.00688770213225689,0.00344385106612843
0.14889265813029,0.127032399995186,9656,9656,0.00688770213225689,0.00344385106612847
0.14323248564789,0.123107748656254,9657,9657,0.00688770213225689,0.00344385106612843
0.14889265813029,0.127032399995186,9658,9658,0.00688770213225689,0.00344385106612847
0.14323248564789,0.123107748656254,9659,9659,0.00688770213225689,0.00344385106612843
0.14889265813029,0.127032399995186,9660,9660,0.00688770213225689,0.00344385106612847
0.14323248564789,0.123107748656254,9661,9661,0.00688770213225689,0.00344385106612843
0.14889265813029,0.127032399995186,9662,9662,0.00688770213225689,0.00344385106612847
0.14323248564789,0.123107748656254,9663,9663,0.00688770213225689,0.00344385106612843
0.14889265813029,0.127032399995186,9664,9664,0.00688770213225689,0.00344385106612847
0.14323248564789,0.123107748656254,9665,9665,0.00688770213225689,0.00344385106612843
0.14889265813029,0.127032399995186,9666,9666,0.00688770213225689,0.00344385106612847
0.14323248564789,0.123107748656254,9667,9667,0.00688770213225689,0.00344385106612843
0.14889265813029,0.127032399995186,9668,9668,0.00688770213225689,0.00344385106612847
0.14323248564789,0.123107748656254,9669,9669,0.00688770213225689,0.00344385106612843
0.14889265813029,0.127032399995186,9670,9670,0.00688770213225689,0.00344385106612847
0.14323248564789,0.123107748656254,9671,9671,0.00688770213225689,0.00344385106612843
0.14889265813029,0.127032399995186,9672,9672,0.00688770213225689,0.00344385106612847
0.14323248564789,0.123107748656254,9673,9673,0.00688770213225689,0.00344385106612843
0.14889265813029,0.127032399995186,9674,9674,0.00688770213225689,0.00344385106612847
0.14323248564789,0.123107748656254,9675,9675,0.00688770213225689,0.00344385106612843
0.14889265813029,0.127032399995186,9676,9676,0.00688770213225689,0.00344385106612847
0.14323248564789,0.123107748656254,9677,9677,0.00688770213225689,0.00344385106612843
0.14889265813029,0.127032399995186,9678,9678,0.00688770213225689,0.00344385106612847
0.14323248564789,0.123107748656254,9679,9679,0.00688770213225689,0.00344385106612843
0.14889265813029,0.127032399995186,9680,9680,0.00688770213225689,0.00344385106612847
0.14323248564789,0.123107748656254,9681,9681,0.00688770213225689,0.00344385106612843
0.14889265813029,0.127032399995186,9682,9682,0.00688770213225689,0.00344385106612847
0.14323248564789,0.123107748656254,9683,9683,0.00688770213225689,0.00344385106612843
0.14889265813029,0.127032399995186,9684,9684,0.00688770213225689,0.00344385106612847
0.14323248564789,0.123107748656254,9685,9685,0.00688770213225689,0.00344385106612843
0.14889265813029,0.127032399995186,9686,9686,0.00688770213225689,0.00344385106612847
0.14323248564789,0.123107748656254,9687,9687,0.00688770213225689,0.00344385106612843
0.14889265813029,0.127032399995186,9688,9688,0.00688770213225689,0.00344385106612847
0.14323248564789,0.123107748656254,9689,9689,0.00688770213225689,0.00344385106612843
0.14889265813029,0.127032399995186,9690,9690,0.00688770213225689,0.00344385106612847
0.14323248564789,0.123107748656254,9691,9691,0.00688770213225689,0.00344385106612843
0.14889265813029,0.127032399995186,9692,9692,0.00688770213225689,0.00344385106612847
0.14323248564789,0.123107748656254,9693,9693,0.00688770213225689,0.00344385106612843
0.14889265813029,0.127032399995186,9694,9694,0.00688770213225689,0.00344385106612847
0.14323248564789,0.123107748656254,9695,9695,0.00688770213225689,0.00344385106612843
0.14889265813029,0.127032399995186,9696,9696,0.00688770213225689,0.00344385106612847
0.14323248564789,0.123107748656254,9697,9697,0.00688770213225689,0.00344385106612843
0.14889265813029,0.127032399995186,9698,9698,0.00688770213225689,0.00344385106612847
0.14323248564789,0.123107748656254,9699,9699,0.00688770213225689,0.00344385106612843
0.14889265813029,0.127032399995186,9700,9700,0.00688770213225689,0.00344385106612847
0.14323248564789,0.123107748656254,9701,9701,0.00688770213225689,0.00344385106612843
0.14889265813029,0.127032399995186,9702,9702,0.00688770213225689,0.00344385106612847
0.14323248564789,0.123107748656254,9703,9703,0.00688770213225689,0.00344385106612843
0.14889265813029,0.127032399995186,9704,9704,0.00688770213225689,0.00344385106612847
0.14323248564789,0.123107748656254,9705,9705,0.00688770213225689,0.00344385106612843
0.14889265813029,0.127032399995186,9706,9706,0.00688770213225689,0.00344385106612847
0.14323248564789,0.123107748656254,9707,9707,0.00688770213225689,0.00344385106612843
0.14889265813029,0.127032399995186,9708,9708,0.00688770213225689,0.00344385106612847
0.14323248564789,0.123107748656254,9709,9709,0.00688770213225689,0.00344385106612843
0.14889265813029,0.127032399995186,9710,9710,0.00688770213225689,0.00344385106612847
0.14323248564789,0.123107748656254,9711,9711,0.00688770213225689,0.00344385106612843
0.14889265813029,0.127032399995186,9712,9712,0.00688770213225689,0.00344385106612847
0.14323248564789,0.123107748656254,9713,9713,0.00688770213225689,0.00344385106612843
0.14889265813029,0.127032399995186,9714,9714,0.00688770213225689,0.00344385106612847
0.14323248564789,0.123107748656254,9715,9715,0.00688770213225689,0.00344385106612843
0.14889265813029,0.127032399995186,9716,9716,0.00688770213225689,0.00344385106612847
0.14323248564789,0.123107748656254,9717,9717,0.00688770213225689,0.00344385106612843
0.14889265813029,0.127032399995186,9718,9718,0.00688770213225689,0.00344385106612847
0.14323248564789,0.123107748656254,9719,9719,0.00688770213225689,0.00344385106612843
0.14889265813029,0.127032399995186,9720,9720,0.00688770213225689,0.00344385106612847
0.14323248564789,0.123107748656254,9721,9721,0.00688770213225689,0.00344385106612843
0.14889265813029,0.127032399995186,9722,9722,0.00688770213225689,0.00344385106612847
0.14323248564789,0.123107748656254,9723,9723,0.00688770213225689,0.00344385106612843
0.14889265813029,0.127032399995186,9724,9724,0.00688770213225689,0.00344385106612847
0.14323248564789,0.123107748656254,9725,9725,0.00688770213225689,0.00344385106612843
0.14889265813029,0.127032399995186,9726,9726,0.00688770213225689,0.00344385106612847
0.14323248564789,0.123107748656254,9727,9727,0.00688770213225689,0.00344385106612843
0.14889265813029,0.127032399995186,9728,9728,0.00688770213225689,0.00344385106612847
0.14323248564789,0.123107748656254,9729,9729,0.00688770213225689,0.00344385106612843
0.14889265813029,0.127032399995186,9730,9730,0.00688770213225689,0.00344385106612847
0.14323248564789,0.123107748656254,9731,9731,0.00688770213225689,0.00344385106612843
0.14889265813029,0.127032399995186,9732,9732,0.00688770213225689,0.00344385106612847
0.14323248564789,0.123107748656254,9733,9733,0.00688770213225689,0.00344385106612843
0.14889265813029,0.127032399995186,9734,9734,0.00688770213225689,0.00344385106612847
0.14323248564789,0.123107748656254,9735,9735,0.00688770213225689,0.00344385106612843
0.14889265813029,0.127032399995186,9736,9736,0.00688770213225689,0.00344385106612847
0.14323248564789,0.123107748656254,9737,9737,0.00688770213225689,0.00344385106612843
0.14889265813029,0.127032399995186,9738,9738,0.00688770213225689,0.00344385106612847
0.14323248564789,0.123107748656254,9739,9739,0.00688770213225689,0.00344385106612843
0.14889265813029,0.127032399995186,9740,9740,0.00688770213225689,0.00344385106612847
0.14323248564789,0.123107748656254,9741,9741,0.00688770213225689,0.00344385106612843
0.14889265813029,0.127032399995186,9742,9742,0.00688770213225689,0.00344385106612847
0.14323248564789,0.123107748656254,9743,9743,0.00688770213225689,0.00344385106612843
0.14889265813029,0.127032399995186,9744,9744,0.00688770213225689,0.00344385106612847
0.14323248564789,0.123107748656254,9745,9745,0.00688770213225689,0.00344385106612843
0.14889265813029,0.127032399995186,9746,9746,0.00688770213225689,0.00344385106612847
0.14323248564789,0.123107748656254,9747,9747,0.00688770213225689,0.00344385106612843
0.14889265813029,0.127032399995186,9748,9748,0.00688770213225689,0.00344385106612847
0.14323248564789,0.123107748656254,9749,9749,0.00688770213225689,0.00344385106612843
0.14889265813029,0.127032399995186,9750,9750,0.00688770213225689,0.00344385106612847
0.14323248564789,0.123107748656254,9751,9751,0.00688770213225689,0.00344385106612843
0.14889265813029,0.127032399995186,9752,9752,0.00688770213225689,0.00344385106612847
0.14323248564789,0.123107748656254,9753,9753,0.00688770213225689,0.00344385106612843
0.14889265813029,0.127032399995186,9754,9754,0.00688770213225689,0.00344385106612847
0.14323248564789,0.123107748656254,9755,9755,0.00688770213225689,0.00344385106612843
0.14889265813029,0.127032399995186,9756,9756,0.00688770213225689,0.00344385106612847
0.14323248564789,0.123107748656254,9757,9757,0.00688770213225689,0.00344385106612843
0.14889265813029,0.127032399995186,9758,9758,0.00688770213225689,0.00344385106612847
0.14323248564789,0.123107748656254,9759,9759,0.00688770213225689,0.00344385106612843
0.14889265813029,0.127032399995186,9760,9760,0.00688770213225689,0.00344385106612847
0.14323248564789,0.123107748656254,9761,9761,0.00688770213225689,0.00344385106612843
0.14889265813029,0.127032399995186,9762,9762,0.00688770213225689,0.00344385106612847
0.14323248564789,0.123107748656254,9763,9763,0.00688770213225689,0.00344385106612843
0.14889265813029,0.127032399995186,9764,9764,0.00688770213225689,0.00344385106612847
0.14323248564789,0.123107748656254,9765,9765,0.00688770213225689,0.00344385106612843
0.14889265813029,0.127032399995186,9766,9766,0.00688770213225689,0.00344385106612847
0.14323248564789,0.123107748656254,9767,9767,0.00688770213225689,0.00344385106612843
0.14889265813029,0.127032399995186,9768,9768,0.00688770213225689,0.00344385106612847
0.14323248564789,0.123107748656254,9769,9769,0.00688770213225689,0.00344385106612843
0.14889265813029,0.127032399995186,9770,9770,0.00688770213225689,0.00344385106612847
0.14323248564789,0.123107748656254,9771,9771,0.00688770213225689,0.00344385106612843
0.14889265813029,0.127032399995186,9772,9772,0.00688770213225689,0.00344385106612847
0.14323248564789,0.123107748656254,9773,9773,0.00688770213225689,0.00344385106612843
0.14889265813029,0.127032399995186,9774,9774,0.00688770213225689,0.00344385106612847
0.14323248564789,0.123107748656254,9775,9775,0.00688770213225689,0.00344385106612843
0.14889265813029,0.127032399995186,9776,9776,0.00688770213225689,0.00344385106612847
0.14323248564789,0.123107748656254,9777,9777,0.00688770213225689,0.00344385106612843
0.14889265813029,0.127032399995186,9778,9778,0.00688770213225689,0.00344385106612847
0.14323248564789,0.123107748656254,9779,9779,0.00688770213225689,0.00344385106612843
0.14889265813029,0.127032399995186,9780,9780,0.00688770213225689,0.00344385106612847
0.14323248564789,0.123107748656254,9781,9781,0.00688770213225689,0.00344385106612843
0.14889265813029,0.127032399995186,9782,9782,0.00688770213225689,0.00344385106612847
0.14323248564789,0.123107748656254,9783,9783,0.00688770213225689,0.00344385106612843
0.14889265813029,0.127032399995186,9784,9784,0.00688770213225689,0.00344385106612847
0.14323248564789,0.123107748656254,9785,9785,0.00688770213225689,0.00344385106612843
0.14889265813029,0.127032399995186,9786,9786,0.00688770213225689,0.00344385106612847
0.14323248564789,0.123107748656254,9787,9787,0.00688770213225689,0.00344385106612843
0.14889265813029,0.127032399995186,9788,9788,0.00688770213225689,0.00344385106612847
0.14323248564789,0.123107748656254,9789,9789,0.00688770213225689,0.00344385106612843
0.14889265813029,0.127032399995186,9790,9790,0.00688770213225689,0.00344385106612847
0.14323248564789,0.123107748656254,9791,9791,0.00688770213225689,0.00344385106612843
0.14889265813029,0.127032399995186,9792,9792,0.00688770213225689,0.00344385106612847
0.14323248564789,0.123107748656254,9793,9793,0.00688770213225689,0.00344385106612843
0.14889265813029,0.127032399995186,9794,9794,0.00688770213225689,0.00344385106612847
0.14323248564789,0.123107748656254,9795,9795,0.00688770213225689,0.00344385106612843
0.14889265813029,0.127032399995186,9796,9796,0.00688770213225689,0.00344385106612847
0.14323248564789,0.123107748656254,9797,9797,0.00688770213225689,0.00344385106612843
0.14889265813029,0.127032399995186,9798,9798,0.00688770213225689,0.00344385106612847
0.14323248564789,0.123107748656254,9799,9799,0.00688770213225689,0.00344385106612843
0.14889265813029,0.127032399995186,9800,9800,0.00688770213225689,0.00344385106612847
0.14323248564789,0.123107748656254,9801,9801,0.00688770213225689,0.00344385106612843
0.14889265813029,0.127032399995186,9802,9802,0.00688770213225689,0.00344385106612847
0.14323248564789,0.123107748656254,9803,9803,0.00688770213225689,0.00344385106612843
0.14889265813029,0.127032399995186,9804,9804,0.00688770213225689,0.00344385106612847
0.14323248564789,0.123107748656254,9805,9805,0.00688770213225689,0.00344385106612843
0.14889265813029,0.127032399995186,9806,9806,0.00688770213225689,0.00344385106612847
0.14323248564789,0.123107748656254,9807,9807,0.00688770213225689,0.00344385106612843
0.14889265813029,0.127032399995186,9808,9808,0.00688770213225689,0.00344385106612847
0.14323248564789,0.123107748656254,9809,9809,0.00688770213225689,0.00344385106612843
0.14889265813029,0.127032399995186,9810,9810,0.00688770213225689,0.00344385106612847
0.14323248564789,0.123107748656254,9811,9811,0.00688770213225689,0.00344385106612843
0.14889265813029,0.127032399995186,9812,9812,0.00688770213225689,0.00344385106612847
0.14323248564789,0.123107748656254,9813,9813,0.00688770213225689,0.00344385106612843
0.14889265813029,0.127032399995186,9814,9814,0.00688770213225689,0.00344385106612847
0.14323248564789,0.123107748656254,9815,9815,0.00688770213225689,0.00344385106612843
0.14889265813029,0.127032399995186,9816,9816,0.00688770213225689,0.00344385106612847
0.14323248564789,0.123107748656254,9817,9817,0.00688770213225689,0.00344385106612843
0.14889265813029,0.127032399995186,9818,9818,0.00688770213225689,0.00344385106612847
0.14323248564789,0.123107748656254,9819,9819,0.00688770213225689,0.00344385106612843
0.14889265813029,0.127032399995186,9820,9820,0.00688770213225689,0.00344385106612847
0.14323248564789,0.123107748656254,9821,9821,0.00688770213225689,0.00344385106612843
0.14889265813029,0.127032399995186,9822,9822,0.00688770213225689,0.00344385106612847
0.14323248564789,0.123107748656254,9823,9823,0.00688770213225689,0.00344385106612843
0.14889265813029,0.127032399995186,9824,9824,0.00688770213225689,0.00344385106612847
0.14323248564789,0.123107748656254,9825,9825,0.00688770213225689,0.00344385106612843
0.14889265813029,0.127032399995186,9826,9826,0.00688770213225689,0.00344385106612847
0.14323248564789,0.123107748656254,9827,9827,0.00688770213225689,0.00344385106612843
0.14889265813029,0.127032399995186,9828,9828,0.00688770213225689,0.00344385106612847
0.14323248564789,0.123107748656254,9829,9829,0.00688770213225689,0.00344385106612843
0.14889265813029,0.127032399995186,9830,9830,0.00688770213225689,0.00344385106612847
0.14323248564789,0.123107748656254,9831,9831,0.00688770213225689,0.00344385106612843
0.14889265813029,0.127032399995186,9832,9832,0.00688770213225689,0.00344385106612847
0.14323248564789,0.123107748656254,9833,9833,0.00688770213225689,0.00344385106612843
0.14889265813029,0.127032399995186,9834,9834,0.00688770213225689,0.00344385106612847
0.14323248564789,0.123107748656254,9835,9835,0.00688770213225689,0.00344385106612843
0.14889265813029,0.127032399995186,9836,9836,0.00688770213225689,0.00344385106612847
0.14323248564789,0.123107748656254,9837,9837,0.00688770213225689,0.00344385106612843
0.14889265813029,0.127032399995186,9838,9838,0.00688770213225689,0.00344385106612847
0.14323248564789,0.123107748656254,9839,9839,0.00688770213225689,0.00344385106612843
0.14889265813029,0.127032399995186,9840,9840,0.00688770213225689,0.00344385106612847
0.14323248564789,0.123107748656254,9841,9841,0.00688770213225689,0.00344385106612843
0.14889265813029,0.127032399995186,9842,9842,0.00688770213225689,0.00344385106612847
0.14323248564789,0.123107748656254,9843,9843,0.00688770213225689,0.00344385106612843
0.14889265813029,0.127032399995186,9844,9844,0.00688770213225689,0.00344385106612847
0.14323248564789,0.123107748656254,9845,9845,0.00688770213225689,0.00344385106612843
0.14889265813029,0.127032399995186,9846,9846,0.00688770213225689,0.00344385106612847
0.14323248564789,0.123107748656254,9847,9847,0.00688770213225689,0.00344385106612843
0.14889265813029,0.127032399995186,9848,9848,0.00688770213225689,0.00344385106612847
0.14323248564789,0.123107748656254,9849,9849,0.00688770213225689,0.00344385106612843
0.14889265813029,0.127032399995186,9850,9850,0.00688770213225689,0.00344385106612847
0.14323248564789,0.123107748656254,9851,9851,0.00688770213225689,0.00344385106612843
0.14889265813029,0.127032399995186,9852,9852,0.00688770213225689,0.00344385106612847
0.14323248564789,0.123107748656254,9853,9853,0.00688770213225689,0.00344385106612843
0.14889265813029,0.127032399995186,9854,9854,0.00688770213225689,0.00344385106612847
0.14323248564789,0.123107748656254,9855,9855,0.00688770213225689,0.00344385106612843
0.14889265813029,0.127032399995186,9856,9856,0.00688770213225689,0.00344385106612847
0.14323248564789,0.123107748656254,9857,9857,0.00688770213225689,0.00344385106612843
0.14889265813029,0.127032399995186,9858,9858,0.00688770213225689,0.00344385106612847
0.14323248564789,0.123107748656254,9859,9859,0.00688770213225689,0.00344385106612843
0.14889265813029,0.127032399995186,9860,9860,0.00688770213225689,0.00344385106612847
0.14323248564789,0.123107748656254,9861,9861,0.00688770213225689,0.00344385106612843
0.14889265813029,0.127032399995186,9862,9862,0.00688770213225689,0.00344385106612847
0.14323248564789,0.123107748656254,9863,9863,0.00688770213225689,0.00344385106612843
0.14889265813029,0.127032399995186,9864,9864,0.00688770213225689,0.00344385106612847
0.14323248564789,0.123107748656254,9865,9865,0.00688770213225689,0.00344385106612843
0.14889265813029,0.127032399995186,9866,9866,0.00688770213225689,0.00344385106612847
0.14323248564789,0.123107748656254,9867,9867,0.00688770213225689,0.00344385106612843
0.14889265813029,0.127032399995186,9868,9868,0.00688770213225689,0.00344385106612847
0.14323248564789,0.123107748656254,9869,9869,0.00688770213225689,0.00344385106612843
0.14889265813029,0.127032399995186,9870,9870,0.00688770213225689,0.00344385106612847
0.14323248564789,0.123107748656254,9871,9871,0.00688770213225689,0.00344385106612843
0.14889265813029,0.127032399995186,9872,9872,0.00688770213225689,0.00344385106612847
0.14323248564789,0.123107748656254,9873,9873,0.00688770213225689,0.00344385106612843
0.14889265813029,0.127032399995186,9874,9874,0.00688770213225689,0.00344385106612847
0.14323248564789,0.123107748656254,9875,9875,0.00688770213225689,0.00344385106612843
0.14889265813029,0.127032399995186,9876,9876,0.00688770213225689,0.00344385106612847
0.14323248564789,0.123107748656254,9877,9877,0.00688770213225689,0.00344385106612843
0.14889265813029,0.127032399995186,9878,9878,0.00688770213225689,0.00344385106612847
0.14323248564789,0.123107748656254,9879,9879,0.00688770213225689,0.00344385106612843
0.14889265813029,0.127032399995186,9880,9880,0.00688770213225689,0.00344385106612847
0.14323248564789,0.123107748656254,9881,9881,0.00688770213225689,0.00344385106612843
0.14889265813029,0.127032399995186,9882,9882,0.00688770213225689,0.00344385106612847
0.14323248564789,0.123107748656254,9883,9883,0.00688770213225689,0.00344385106612843
0.14889265813029,0.127032399995186,9884,9884,0.00688770213225689,0.00344385106612847
0.14323248564789,0.123107748656254,9885,9885,0.00688770213225689,0.00344385106612843
0.14889265813029,0.127032399995186,9886,9886,0.00688770213225689,0.00344385106612847
0.14323248564789,0.123107748656254,9887,9887,0.00688770213225689,0.00344385106612843
0.14889265813029,0.127032399995186,9888,9888,0.00688770213225689,0.00344385106612847
0.14323248564789,0.123107748656254,9889,9889,0.00688770213225689,0.00344385106612843
0.14889265813029,0.127032399995186,9890,9890,0.00688770213225689,0.00344385106612847
0.14323248564789,0.123107748656254,9891,9891,0.00688770213225689,0.00344385106612843
0.14889265813029,0.127032399995186,9892,9892,0.00688770213225689,0.00344385106612847
0.14323248564789,0.123107748656254,9893,9893,0.00688770213225689,0.00344385106612843
0.14889265813029,0.127032399995186,9894,9894,0.00688770213225689,0.00344385106612847
0.14323248564789,0.123107748656254,9895,9895,0.00688770213225689,0.00344385106612843
0.14889265813029,0.127032399995186,9896,9896,0.00688770213225689,0.00344385106612847
0.14323248564789,0.123107748656254,9897,9897,0.00688770213225689,0.00344385106612843
0.14889265813029,0.127032399995186,9898,9898,0.00688770213225689,0.00344385106612847
0.14323248564789,0.123107748656254,9899,9899,0.00688770213225689,0.00344385106612843
0.14889265813029,0.127032399995186,9900,9900,0.00688770213225689,0.00344385106612847
0.14323248564789,0.123107748656254,9901,9901,0.00688770213225689,0.00344385106612843
0.14889265813029,0.127032399995186,9902,9902,0.00688770213225689,0.00344385106612847
0.14323248564789,0.123107748656254,9903,9903,0.00688770213225689,0.00344385106612843
0.14889265813029,0.127032399995186,9904,9904,0.00688770213225689,0.00344385106612847
0.14323248564789,0.123107748656254,9905,9905,0.00688770213225689,0.00344385106612843
0.14889265813029,0.127032399995186,9906,9906,0.00688770213225689,0.00344385106612847
0.14323248564789,0.123107748656254,9907,9907,0.00688770213225689,0.00344385106612843
0.14889265813029,0.127032399995186,9908,9908,0.00688770213225689,0.00344385106612847
0.14323248564789,0.123107748656254,9909,9909,0.00688770213225689,0.00344385106612843
0.14889265813029,0.127032399995186,9910,9910,0.00688770213225689,0.00344385106612847
0.14323248564789,0.123107748656254,9911,9911,0.00688770213225689,0.00344385106612843
0.14889265813029,0.127032399995186,9912,9912,0.00688770213225689,0.00344385106612847
0.14323248564789,0.123107748656254,9913,9913,0.00688770213225689,0.00344385106612843
0.14889265813029,0.127032399995186,9914,9914,0.00688770213225689,0.00344385106612847
0.14323248564789,0.123107748656254,9915,9915,0.00688770213225689,0.00344385106612843
0.14889265813029,0.127032399995186,9916,9916,0.00688770213225689,0.00344385106612847
0.14323248564789,0.123107748656254,9917,9917,0.00688770213225689,0.00344385106612843
0.14889265813029,0.127032399995186,9918,9918,0.00688770213225689,0.00344385106612847
0.14323248564789,0.123107748656254,9919,9919,0.00688770213225689,0.00344385106612843
0.14889265813029,0.127032399995186,9920,9920,0.00688770213225689,0.00344385106612847
0.14323248564789,0.123107748656254,9921,9921,0.00688770213225689,0.00344385106612843
0.14889265813029,0.127032399995186,9922,9922,0.00688770213225689,0.00344385106612847
0.14323248564789,0.123107748656254,9923,9923,0.00688770213225689,0.00344385106612843
0.14889265813029,0.127032399995186,9924,9924,0.00688770213225689,0.00344385106612847
0.14323248564789,0.123107748656254,9925,9925,0.00688770213225689,0.00344385106612843
0.14889265813029,0.127032399995186,9926,9926,0.00688770213225689,0.00344385106612847
0.14323248564789,0.123107748656254,9927,9927,0.00688770213225689,0.00344385106612843
0.14889265813029,0.127032399995186,9928,9928,0.00688770213225689,0.00344385106612847
0.14323248564789,0.123107748656254,9929,9929,0.00688770213225689,0.00344385106612843
0.14889265813029,0.127032399995186,9930,9930,0.00688770213225689,0.00344385106612847
0.14323248564789,0.123107748656254,9931,9931,0.00688770213225689,0.00344385106612843
0.14889265813029,0.127032399995186,9932,9932,0.00688770213225689,0.00344385106612847
0.14323248564789,0.123107748656254,9933,9933,0.00688770213225689,0.00344385106612843
0.14889265813029,0.127032399995186,9934,9934,0.00688770213225689,0.00344385106612847
0.14323248564789,0.123107748656254,9935,9935,0.00688770213225689,0.00344385106612843
0.14889265813029,0.127032399995186,9936,9936,0.00688770213225689,0.00344385106612847
0.14323248564789,0.123107748656254,9937,9937,0.00688770213225689,0.00344385106612843
0.14889265813029,0.127032399995186,9938,9938,0.00688770213225689,0.00344385106612847
0.14323248564789,0.123107748656254,9939,9939,0.00688770213225689,0.00344385106612843
0.14889265813029,0.127032399995186,9940,9940,0.00688770213225689,0.00344385106612847
0.14323248564789,0.123107748656254,9941,9941,0.00688770213225689,0.00344385106612843
0.14889265813029,0.127032399995186,9942,9942,0.00688770213225689,0.00344385106612847
0.14323248564789,0.123107748656254,9943,9943,0.00688770213225689,0.00344385106612843
0.14889265813029,0.127032399995186,9944,9944,0.00688770213225689,0.00344385106612847
0.14323248564789,0.123107748656254,9945,9945,0.00688770213225689,0.00344385106612843
0.14889265813029,0.127032399995186,9946,9946,0.00688770213225689,0.00344385106612847
0.14323248564789,0.123107748656254,9947,9947,0.00688770213225689,0.00344385106612843
0.14889265813029,0.127032399995186,9948,9948,0.00688770213225689,0.00344385106612847
0.14323248564789,0.123107748656254,9949,9949,0.00688770213225689,0.00344385106612843
0.14889265813029,0.127032399995186,9950,9950,0.00688770213225689,0.00344385106612847
0.14323248564789,0.123107748656254,9951,9951,0.00688770213225689,0.00344385106612843
0.14889265813029,0.127032399995186,9952,9952,0.00688770213225689,0.00344385106612847
0.14323248564789,0.123107748656254,9953,9953,0.00688770213225689,0.00344385106612843
0.14889265813029,0.127032399995186,9954,9954,0.00688770213225689,0.00344385106612847
0.14323248564789,0.123107748656254,9955,9955,0.00688770213225689,0.00344385106612843
0.14889265813029,0.127032399995186,9956,9956,0.00688770213225689,0.00344385106612847
0.14323248564789,0.123107748656254,9957,9957,0.00688770213225689,0.00344385106612843
0.14889265813029,0.127032399995186,9958,9958,0.00688770213225689,0.00344385106612847
0.14323248564789,0.123107748656254,9959,9959,0.00688770213225689,0.00344385106612843
0.14889265813029,0.127032399995186,9960,9960,0.00688770213225689,0.00344385106612847
0.14323248564789,0.123107748656254,9961,9961,0.00688770213225689,0.00344385106612843
0.14889265813029,0.127032399995186,9962,9962,0.00688770213225689,0.00344385106612847
0.14323248564789,0.123107748656254,9963,9963,0.00688770213225689,0.00344385106612843
0.14889265813029,0.127032399995186,9964,9964,0.00688770213225689,0.00344385106612847
0.14323248564789,0.123107748656254,9965,9965,0.00688770213225689,0.00344385106612843
0.14889265813029,0.127032399995186,9966,9966,0.00688770213225689,0.00344385106612847
0.14323248564789,0.123107748656254,9967,9967,0.00688770213225689,0.00344385106612843
0.14889265813029,0.127032399995186,9968,9968,0.00688770213225689,0.00344385106612847
0.14323248564789,0.123107748656254,9969,9969,0.00688770213225689,0.00344385106612843
0.14889265813029,0.127032399995186,9970,9970,0.00688770213225689,0.00344385106612847
0.14323248564789,0.123107748656254,9971,9971,0.00688770213225689,0.00344385106612843
0.14889265813029,0.127032399995186,9972,9972,0.00688770213225689,0.00344385106612847
0.14323248564789,0.123107748656254,9973,9973,0.00688770213225689,0.00344385106612843
0.14889265813029,0.127032399995186,9974,9974,0.00688770213225689,0.00344385106612847
0.14323248564789,0.123107748656254,9975,9975,0.00688770213225689,0.00344385106612843
0.14889265813029,0.127032399995186,9976,9976,0.00688770213225689,0.00344385106612847
0.14323248564789,0.123107748656254,9977,9977,0.00688770213225689,0.00344385106612843
0.14889265813029,0.127032399995186,9978,9978,0.00688770213225689,0.00344385106612847
0.14323248564789,0.123107748656254,9979,9979,0.00688770213225689,0.00344385106612843
0.14889265813029,0.127032399995186,9980,9980,0.00688770213225689,0.00344385106612847
0.14323248564789,0.123107748656254,9981,9981,0.00688770213225689,0.00344385106612843
0.14889265813029,0.127032399995186,9982,9982,0.00688770213225689,0.00344385106612847
0.14323248564789,0.123107748656254,9983,9983,0.00688770213225689,0.00344385106612843
0.14889265813029,0.127032399995186,9984,9984,0.00688770213225689,0.00344385106612847
0.14323248564789,0.123107748656254,9985,9985,0.00688770213225689,0.00344385106612843
0.14889265813029,0.127032399995186,9986,9986,0.00688770213225689,0.00344385106612847
0.14323248564789,0.123107748656254,9987,9987,0.00688770213225689,0.00344385106612843
0.14889265813029,0.127032399995186,9988,9988,0.00688770213225689,0.00344385106612847
0.14323248564789,0.123107748656254,9989,9989,0.00688770213225689,0.00344385106612843
0.14889265813029,0.127032399995186,9990,9990,0.00688770213225689,0.00344385106612847
0.14323248564789,0.123107748656254,9991,9991,0.00688770213225689,0.00344385106612843
0.14889265813029,0.127032399995186,9992,9992,0.00688770213225689,0.00344385106612847
0.14323248564789,0.123107748656254,9993,9993,0.00688770213225689,0.00344385106612843
0.14889265813029,0.127032399995186,9994,9994,0.00688770213225689,0.00344385106612847
0.14323248564789,0.123107748656254,9995,9995,0.00688770213225689,0.00344385106612843
0.14889265813029,0.127032399995186,9996,9996,0.00688770213225689,0.00344385106612847
0.14323248564789,0.123107748656254,9997,9997,0.00688770213225689,0.00344385106612843
0.14889265813029,0.127032399995186,9998,9998,0.00688770213225689,0.00344385106612847
0.14323248564789,0.123107748656254,9999,9999,0.00688770213225689,0.00344385106612843
0.14889265813029,0.127032399995186,10000,10000,0.00688770213225689,0.00344385106612847
