"H","C","epoch","t","velocity","dist_to_limit"
0.997447471686785,0.00457851834691869,1,1,NA,0.88130328515265
0.302795917880262,0.241885877704293,2,2,0.734067819762578,0.225570721707742
0.0921083266398217,0.0844995041472125,3,3,0.262982379037356,0.0374116736349913
0.0619894366524019,0.058038875715375,4,4,0.040091300690824,0.0774408854867275
0.0566231061114915,0.0531775789410224,5,5,0.00724083626404014,0.084672105986846
0.0553461331447362,0.0519883025521202,6,6,0.0017450038071661,0.0864137086072107
0.0578988427648151,0.0542195527693342,7,7,0.00339039878720197,0.0830249254925464
0.057653815949068,0.0540058928137904,8,8,0.000325098011433643,0.0833498747258701
0.0624532602349329,0.0581143569504635,9,9,0.00631776408355439,0.0770336264012651
0.057951003221102,0.0543917612457824,10,10,0.00584192066011679,0.0828754591725748
0.0604147751062084,0.0563492916388185,11,11,0.00314675978452446,0.0797290293749083
0.0620709116225387,0.0580486131525867,12,12,0.00237286362184563,0.0773715169028056
0.0643090488666685,0.0596699545295446,13,13,0.00276369430006226,0.0746122838059499
0.0635151497449881,0.0588414747296688,14,14,0.00114745570468196,0.0757513510683031
0.0652590124237894,0.0603617669621029,15,15,0.00231351367286113,0.0734389382624311
0.0633015464805063,0.0588372428499087,16,16,0.00248109787952316,0.0759193458822244
0.0656370586919439,0.0608368347832911,17,17,0.00307457073260997,0.0728456351078027
0.0627668842687141,0.0583982196791209,18,18,0.00376626404359143,0.0766111564324793
0.0643626007728601,0.0597364334874212,19,19,0.00208257709541078,0.0745287584525796
0.0657474176001427,0.0608600150440656,20,20,0.00178329839330286,0.0727454679010185
0.0684937936516463,0.0631927135767368,21,21,0.00360334065286627,0.0691428480411831
0.0670041758775329,0.0619985539690976,22,22,0.00190918262129935,0.0710519732115929
0.0703962101996471,0.0647261310510907,23,23,0.0043526513277099,0.0666994098171777
0.0694968019682701,0.064050331441606,24,24,0.00112500679057875,0.0678235571709478
0.0713181131944542,0.065550280660782,25,25,0.00235945380177927,0.0654641443291251
0.0693541132082142,0.0638490316212391,26,26,0.00259837338357987,0.0680613253151179
0.0706171038619156,0.064958308265418,27,27,0.00168096402836523,0.0663815137336668
0.0727765721544541,0.0667825990918852,28,28,0.00282689588170697,0.0635551103410821
0.0755007182561397,0.0691085530568297,29,29,0.00358204324797588,0.0599741905334534
0.0724357378540365,0.0665565382539838,30,30,0.00398834356835277,0.0639621984985133
0.071420715851619,0.0656095550102125,31,31,0.00138818115870206,0.0653471494111409
0.0676447432651522,0.0624457275137829,32,32,0.00492623318580354,0.0702729214739896
0.0708798104584147,0.0651374281733619,33,33,0.00420843345981621,0.0660647007872592
0.0699631077187945,0.0643004641289469,34,34,0.00124131088953196,0.0673040772323512
0.0718706723265659,0.0658293895425546,35,35,0.0024446708680715,0.0648595087069995
0.0709952723906809,0.0649791651631802,36,36,0.00122033050565412,0.0660754298298493
0.070968709452287,0.0650775408988272,37,37,0.000101898847197571,0.0660336810727024
0.0725987823722036,0.0664188618888075,38,38,0.00211099022319087,0.0639227032257491
0.0729112374023957,0.0667041339741151,39,39,0.000423093734943098,0.063500251355763
0.0725671231765413,0.0663107861695677,40,40,0.000522625196271414,0.0640156318035509
0.0731074546823473,0.0668277363432819,41,41,0.0007477938340678,0.0632700943148081
0.0739262794328432,0.067529643596259,42,42,0.00107849328408037,0.062191905001444
0.0745443627039519,0.0679733794709504,43,43,0.000760873482592569,0.0614325146649024
0.0752399251784704,0.0686580604148891,44,44,0.000976009810888749,0.0604607014004414
0.0770124055807422,0.0701216267934572,45,45,0.00229863292435144,0.0581621147367295
0.0770056928632035,0.0700413113664231,46,46,8.05954613884087e-05,0.0582180834751628
0.0776787278792323,0.0706200489193883,47,47,0.000887644798336017,0.0573307306832699
0.0771535344895827,0.0702229189838266,48,48,0.000658437758828326,0.0579887246214078
0.0772996028137831,0.0704514866436763,49,49,0.000271254733532685,0.0577311500408193
0.076609702051415,0.069909071313545,50,50,0.000877597545733509,0.0586086343256379
0.077377092383459,0.0704986879061941,51,51,0.000967747719212894,0.0576412477239835
0.0773439594429962,0.0704865209013385,52,52,3.52962852276206e-05,0.0576746320220111
0.0793625772563138,0.072239707947921,53,53,0.00267366465671149,0.055002462214312
0.0782211360754648,0.0711551432326576,54,54,0.00157453758003185,0.0565722308735265
0.0829228984758233,0.0751820504355721,55,55,0.00619052108390803,0.050383906978878
0.0820031848066325,0.0743104748547808,56,56,0.00126709006243758,0.0516471879029923
0.0857687687630011,0.0773941964185741,57,57,0.00486713069636148,0.0467801056162048
0.0839041309899164,0.0758298933352139,58,58,0.00243391005614921,0.0492136989791539
0.0871983123845159,0.0784722983683053,59,59,0.00422302443983357,0.0449907650094739
0.0848842781740253,0.0765371493702926,60,60,0.00301654702794938,0.0480070515844175
0.0856864318503876,0.0773928119733236,61,61,0.00117286359425437,0.0468449511789928
0.0831782830230938,0.0751050330335115,62,62,0.00339481119022879,0.050234239558981
0.0857436740570908,0.0773303294320631,63,63,0.00339605288809211,0.0468398401858129
0.0861870229434322,0.0778301520728792,64,64,0.000668117435255607,0.0461807054552702
0.0893449827859128,0.0803024177976237,65,65,0.00401058701195556,0.0421706565191243
0.085936185305069,0.0774013203231146,66,66,0.0044761888724685,0.0466457030780976
0.0855052897979481,0.0772399973589887,67,67,0.000460104375996688,0.0470818932702719
0.0842688030200719,0.0762071874165244,68,68,0.00161108532645415,0.0486927943631497
0.0854547580741457,0.0771968862811658,69,69,0.00154466605871808,0.0471482942104765
0.0852981764835823,0.0769605791374388,70,70,0.000283476384695001,0.0474187586329845
0.0869487166675194,0.0782566929470152,71,71,0.00209861714139705,0.0453204456473325
0.085086687534715,0.0766523180954174,72,72,0.00245787940221887,0.0477774047654482
0.0861924624158081,0.0774963813693665,73,73,0.00139110779527904,0.0463870573141005
0.0850648766843007,0.0766195557404682,74,74,0.00142838116950338,0.0478150195873528
0.0852972987159371,0.0767896630579686,75,75,0.000288021701017805,0.047527404548666
0.0865239244712809,0.0778394072573169,76,76,0.0016144886582872,0.0459133477698307
0.0861816540424761,0.0774695855261292,77,77,0.000503901934202364,0.046412389978841
0.0860164339236487,0.0772994481023762,78,78,0.000237159082952005,0.046648011270252
0.0843850490015227,0.0760445063833869,79,79,0.00205822629518719,0.0487053086024416
0.0855901121902592,0.0770020341593522,80,80,0.00153916754467888,0.0471662897715814
0.0877156863620741,0.0784400520820333,81,81,0.00256631274513431,0.044611145214558
0.0873921770036493,0.0782270798964872,82,82,0.000387318288755804,0.0449962025353629
0.0880265462780599,0.0786121183649977,83,83,0.000742077488237657,0.0442619679192856
0.088084246152167,0.0786912541511022,84,84,9.79374704307163e-05,0.0441670463738441
0.0910424635053062,0.0812564653929098,85,85,0.00391552788567643,0.040252621547509
0.0893907198501686,0.0799727251560832,86,86,0.00209194791950829,0.0423437439155168
0.0926834798697123,0.0824005368230993,87,87,0.0040910314147908,0.03825900908503
0.0921121961277973,0.0821455642439572,88,88,0.000625600615321688,0.0388616530007489
0.0926750523328876,0.0826066208751719,89,89,0.000727585269776503,0.0381340711970637
0.0893073070628971,0.0800043021651661,90,90,0.00425602759295442,0.0423881951999214
0.0914572508885635,0.0816966737522094,91,91,0.00273612500484759,0.0396526196344867
0.0949720378878945,0.084324890001511,92,92,0.00438876386967444,0.0352689681110184
0.0944915873374611,0.0841442214210073,93,93,0.000513297055702642,0.035754366926098
0.0928598140103731,0.0827136226284792,94,94,0.00217009149488647,0.0379234596167055
0.0903845568153518,0.0808691607253547,95,95,0.00308689777828526,0.041006797865553
0.0906724467592102,0.0809702083520715,96,96,0.000305108575166067,0.040720218639606
0.0923479216981941,0.0823416048918274,97,97,0.00216516621542495,0.0385550642537914
0.0926792794286342,0.0825237489212372,98,98,0.000378119548518814,0.0381835814961257
0.0919779990909457,0.0822836486604324,99,99,0.000741243716510981,0.038877852661321
0.0912608744585197,0.0816651661012533,100,100,0.000946989131110208,0.0398244984917552
0.0939087918512748,0.0836448539818609,101,101,0.00330615042360136,0.0365216934415607
0.0939930497017909,0.0836690714362762,102,102,8.76690964477097e-05,0.0364412753244261
0.0962630358460671,0.0855207359461501,103,103,0.00292941949067261,0.0335119071499494
0.0959196986975294,0.0851477264844446,104,104,0.00050696790439618,0.0340142379869111
0.0932772081805602,0.0831986360831678,105,105,0.00328355135860877,0.0372929370201831
0.0922010336917566,0.0821757188326055,106,106,0.00148475965457365,0.0387739358012065
0.0926653014976487,0.0827774300244902,107,107,0.000760000627649256,0.0380331958215505
0.0929687747186362,0.0828835351291714,108,108,0.000321487618884341,0.0377312978630299
0.0954412384372071,0.0848009571560397,109,109,0.00312883110262745,0.0346039089333568
0.0954486380033689,0.0846508518860981,110,110,0.000150287543208403,0.0346941191811588
0.0990890911911828,0.0875727702279872,111,111,0.00466803022797973,0.0300270084156308
0.0969844311953685,0.0858147970532661,112,112,0.00274227339647603,0.0327692777833358
0.100485971160419,0.0883820106181426,113,113,0.00434181616544624,0.0284379912991003
0.099431737296253,0.0875420137107075,114,114,0.00134796284995337,0.0297851817577052
0.0997441700174469,0.0879363885546606,115,115,0.00050313588901571,0.0292917396372223
0.0988882544903509,0.0871589906958526,116,116,0.00115626070607078,0.0304473255581681
0.100922715953148,0.0888868981767889,117,117,0.00266921293760609,0.0277781127099041
0.0979107972648395,0.0865398566191986,118,118,0.00381841043603752,0.0315935812856165
0.0978802139380346,0.0868274819623458,119,119,0.000289246742244435,0.0314328898956491
0.0958587331182353,0.0852220341527602,120,120,0.00258144288608514,0.0340138582241817
0.0974864072933923,0.086460170564029,121,121,0.00204506845689392,0.0319704718300272
0.09932456884515,0.0877341294053972,122,122,0.0022364724500562,0.0297429025617938
0.104306553580472,0.0912523705533915,123,123,0.00609903210996815,0.0236707358306615
0.104901797579497,0.091811792042273,124,124,0.000816864628073737,0.022854366787098
0.105418616983683,0.0922978550726041,125,125,0.000709478375990271,0.022145357784601
0.102112682637859,0.089850820988983,126,126,0.00411304968427409,0.0262471470405844
0.105718499973433,0.0927683984528537,127,127,0.00463833773190543,0.0216105536933878
0.105372831425679,0.0921966811416916,128,128,0.000668092380430237,0.0222464380549261
0.108354042991479,0.0943650973124922,129,129,0.00368641439475427,0.0185782984877653
0.108217139652852,0.0941413768316172,130,130,0.000262284917008561,0.0188302381218892
0.107513709930302,0.0937719462753235,131,131,0.000794539055358871,0.0195994895786517
0.102585193959445,0.0900361160331806,132,132,0.00618439142301863,0.0257677567854308
0.107744021196484,0.0940036125681783,133,133,0.00650803558816583,0.0192733581971758
0.10654510909919,0.0931252588370934,134,134,0.00148623534271934,0.0207529466648992
0.108077682707963,0.094295569860952,135,135,0.00192831785732355,0.0188300278328182
0.107638852619491,0.0938300720097551,136,136,0.000639734394899626,0.0194675738123533
0.10885692774155,0.095001182279676,137,137,0.00168973556135088,0.0177787993838121
0.104440605108249,0.0916037098780549,138,138,0.00557195875085112,0.0233389214887782
0.10653959889557,0.093218084996796,139,139,0.00264801471733533,0.0206957573850541
0.105018309135413,0.0920161786738323,140,140,0.001938788627865,0.0226322167612116
0.106414243121998,0.0932425582145229,141,141,0.00185812767933981,0.0207741175504843
0.104553912485811,0.0916724419053981,142,142,0.00243435726632671,0.0232082596765552
0.108007241599796,0.0939809143207713,143,143,0.00415385686585776,0.0190934119873299
0.108429822735778,0.0943926070556302,144,144,0.000589970952186161,0.0185037486050712
0.106607270723816,0.0931140452450493,145,145,0.00222630099936658,0.0207138374837539
0.106021525550622,0.0926995675158348,146,146,0.000717557799717212,0.0214272007112625
0.109413629773584,0.0950278602977475,147,147,0.00411428223846467,0.0173498878622063
0.108181077746015,0.0941022269572849,148,148,0.00154142193498166,0.0188832756679836
0.110806237767627,0.0961495002246665,149,149,0.00332908290230359,0.0155670121985904
0.108965583805836,0.0948156658760501,150,150,0.00227313023749337,0.0178228863860931
0.112825585658213,0.0978955047941358,151,151,0.00493811928386779,0.0129009253424217
0.110523507248888,0.0959355051776194,152,152,0.00302343571114428,0.0159194572824703
0.110061896025952,0.0956854030720664,153,153,0.000525010461175149,0.0164273696353771
0.107672232844041,0.0938172008124888,154,154,0.00303326058980554,0.0194514212071271
0.108583612996578,0.0947960413863741,155,155,0.00133743884029194,0.018119279689416
0.106579884608188,0.0932176126851876,156,156,0.00255075765590709,0.0206657970621255
0.105611144407554,0.0925862594330168,157,157,0.00115631505453783,0.0218108333138101
0.103966879337325,0.0911348873418091,158,158,0.0021931914116905,0.02400393409162
0.105616034845037,0.0924704221641579,159,159,0.00212211384009503,0.0218831494852849
0.103763003947614,0.0912559459154881,160,160,0.00221555321881193,0.0240796746954172
0.106686901791875,0.0934963500798647,161,161,0.00368355662688043,0.0204018478483325
0.108134178386415,0.0943280391436464,162,162,0.00166922623988365,0.0187662909065692
0.105819681414733,0.0922140882085762,163,163,0.0031345948363078,0.02190078470725
0.103205697482771,0.0902380257787374,164,164,0.00327684829114457,0.0251672412376227
0.105167506110127,0.0919536362561502,165,165,0.00260614895978294,0.0225611058411374
0.105718883720691,0.0922006782597057,166,166,0.000604191212243402,0.0219847588832245
0.107380667840101,0.0934798705940849,167,167,0.00209710740970874,0.0198940057144909
0.10529765490892,0.0920121011739153,168,168,0.0025481934664094,0.0224248301146124
0.111378768318562,0.0964579564873435,169,169,0.00753296553615287,0.0149403276928058
0.107226875015515,0.0932635803886721,170,170,0.00523853573621962,0.0201533797985442
0.107723872520757,0.0940265753165002,171,171,0.000910586503363973,0.0192730690242897
0.10781327590444,0.0939373205286688,172,172,0.000126330448288311,0.0192662419996758
0.105513821349152,0.0924718186153642,173,173,0.0027267539510809,0.02195933142712
0.106298712840376,0.0933742851929273,174,174,0.00119603535759379,0.0207757209124976
0.109146519214855,0.0954920619285826,175,175,0.00354894060933774,0.0172364358403624
0.103586680228204,0.0913589534872708,176,176,0.00692779870847328,0.0241479515643474
0.104279315152329,0.0920220294312433,177,177,0.000958860180418319,0.0231912932349341
0.101492757856964,0.08957689348107,178,178,0.00370723500404,0.0268974644783919
0.105373092266016,0.0924286046226777,179,179,0.00481552194068731,0.0220940269575534
0.103958605058729,0.0913714748744678,180,180,0.00176587014362036,0.0238558735532274
0.102322066609951,0.0902924296126892,181,181,0.00196025426189968,0.0258022460556983
0.0987108668104145,0.0877788649485742,182,182,0.00439986037424566,0.0301871157123761
0.107558812561572,0.0943702818491015,183,183,0.0110332642845163,0.0191707667412594
0.104041571751492,0.0916554183911227,184,184,0.00444313701246763,0.0236089470949704
0.107243895545082,0.0942090178772697,185,185,0.00409582079864839,0.0195148993868459
0.106375467226638,0.0933473822549723,186,186,0.00122334937359943,0.0207349307687081
0.109368360234225,0.0958596007402667,187,187,0.00390751203103935,0.0168277484974698
0.107690403002338,0.0946375893026001,188,188,0.00207577754728945,0.0188971214086079
0.108725072304969,0.0956480084621508,189,189,0.00144619758117415,0.0174547533834799
0.109723246248218,0.0962562445578473,190,190,0.0011688893741878,0.0163000251843883
0.111178263242201,0.0971169728266859,191,191,0.00169054062523157,0.0146380559175951
0.110021516865354,0.0959250958039931,192,192,0.00166091330826523,0.016295129108251
0.110116343965987,0.0965335226799609,193,193,0.000615772232578232,0.0158211743391463
0.108697036771626,0.0954857313878513,194,194,0.00176417105287012,0.0175808256309231
0.112350202035984,0.0978196944647629,195,195,0.00433508939851311,0.0132982348851554
0.110437088439908,0.0964629814431505,196,196,0.00234535154177503,0.0156264971774117
0.108290565990224,0.0948827820292734,197,197,0.00266544345552753,0.018281960961209
0.105237526793688,0.0924576583439916,198,198,0.00389900926191447,0.0221779542145966
0.105442322995366,0.0925661505971022,199,199,0.000231758609778791,0.0219518305129577
0.105090564606073,0.091890440177004,200,200,0.00076178641118573,0.0226606151913018
0.102287775151406,0.0903603756330226,201,201,0.00319323131575904,0.0257850009853844
0.104967148862385,0.0924725491772924,202,202,0.00341179140103878,0.022374637455246
0.105860597143121,0.0930993760663727,203,203,0.00109140358219269,0.0212875574172644
0.105361114301411,0.0926467546706666,204,204,0.000674054327939191,0.021961252968163
0.105087915014548,0.0926032466461985,205,205,0.000276642004285944,0.0221981145994359
0.103668926390161,0.0914002746756978,206,206,0.00186028768687834,0.0240583756155725
0.104085963311844,0.0918278134280335,207,207,0.000597251353113399,0.0234641703069092
0.10253215049907,0.0905941549795277,208,208,0.00198399783888776,0.0254476203636939
0.102375574748395,0.0904731232064706,209,209,0.000197900620991114,0.0256453968726079
0.103982268654539,0.0916947871663195,210,210,0.00201839741845708,0.023629046871034
0.103549693386012,0.0915882207409962,211,211,0.000445508435326707,0.0240299341828193
0.100000445635046,0.0887889227496185,212,212,0.00452031291419841,0.028549403563594
0.101266948791365,0.0898834164191204,213,213,0.0016739016212269,0.0268761564989947
0.0962601468668914,0.0858010831122407,214,214,0.00646014788835175,0.0333363042958705
0.0979745214466668,0.0871920775889684,215,215,0.00220770148210016,0.0311286087871353
0.0964183898478204,0.0860532511276386,216,216,0.00192833380459744,0.0330544622859722
0.0971641682900901,0.0867512085450936,217,217,0.00102143528504484,0.032035704239041
0.0978758494778051,0.0873259358679932,218,218,0.000914768609340481,0.0311209358054898
0.0973752458050102,0.0871047908077839,219,219,0.000547274314097304,0.031649749494623
0.0978121556044903,0.0872070486058659,220,220,0.000448716870810832,0.0312451942271435
0.100368922296157,0.0891588976430541,221,221,0.00321663964092801,0.0280299967730483
0.100634209795762,0.0894104770718165,222,222,0.000365608624656577,0.0276654361763857
0.102194197665313,0.0907857454229169,223,223,0.00207964544831128,0.0255875804088267
0.100858759956907,0.0898186808983844,224,224,0.00164882008346614,0.0272342537163418
0.101981510386872,0.090655529928687,225,225,0.00140031597416634,0.0258348782719742
0.102525060666439,0.0910029057576325,226,226,0.000645071215412097,0.0251937684251285
0.104654023828603,0.0926536502124073,227,227,0.00269396388261209,0.0225004958349541
0.100205801357628,0.0892211012553555,228,228,0.00561863644435566,0.0281175783717125
0.100685152989069,0.0893963096164586,229,229,0.000510368451577639,0.0276348803598858
0.101372055439456,0.0897108526260005,230,230,0.000755494726122626,0.0269044503965401
0.102169012334024,0.0902896189746768,231,231,0.000984942017663605,0.0259215481391455
0.100139851272855,0.088865558132255,232,232,0.0024790005839211,0.0283929903226429
0.104120459942003,0.0919316999422956,233,233,0.00502458664729504,0.0233711889071198
0.10386419707516,0.0915711465525448,234,234,0.000442345344480553,0.0237989563047666
0.105038132157775,0.0923565676044767,235,235,0.00141244816082305,0.0223952834309217
0.105089915094854,0.092269660243001,236,236,0.000101165023853242,0.0224123494590629
0.108504002789826,0.0946651028065201,237,237,0.00417062823374064,0.0182659239625175
0.108453460800256,0.0947890637862111,238,238,0.000133868656509305,0.0182211976070434
0.113892500323469,0.0986566148281058,239,239,0.00667391204592419,0.0116064948537908
0.111072085413216,0.0964961488349605,240,240,0.00355279517753483,0.0151357224845678
0.111002083964584,0.0964354979414217,241,241,9.26214537655662e-05,0.0152282681779255
0.109715869638077,0.0955828690074792,242,242,0.00154315371648712,0.0167514744470656
0.112379684493304,0.0975452969583516,243,243,0.00330863008589579,0.0134650428124563
0.109982847709877,0.0963885397910109,244,244,0.00266137440255684,0.0160169657913749
0.110990396011552,0.0969886185192315,245,245,0.00117270970844051,0.0148637158708134
0.106990651841688,0.0938178618968777,246,246,0.00510408179622506,0.0199617730293186
0.113504882526431,0.0984770326249036,247,247,0.00800893708846146,0.0120084737995685
0.112323779770528,0.0975117293699397,248,248,0.00152538981707821,0.0135286365787349
0.117334095984899,0.101224833370549,249,249,0.0062362175946109,0.00738274236280168
0.113850170324591,0.0987986205301532,250,250,0.00424549723276935,0.0115367562474291
0.117610445058291,0.101194738897464,251,251,0.00445881702955691,0.00723100688448982
0.118216498843239,0.10195262199211,252,252,0.00097040608788221,0.0062606131262869
0.11845579145006,0.10218362763009,253,253,0.000332602700617165,0.00593115369227757
0.115656634291763,0.100340667478016,254,254,0.00335138522390058,0.00916843008643524
0.119543982026988,0.103034592969284,255,255,0.00472955674107676,0.00460341836695126
0.1220830309167,0.105003959797249,256,256,0.0032132810283939,0.00185936246309319
0.11759179645006,0.101903492858258,257,257,0.00545747947995316,0.00670241993221308
0.11434180936003,0.0997831796534184,258,258,0.0038804824663921,0.0105031328843287
0.117486958785138,0.101882450521438,259,259,0.00378138904155205,0.00678880262391148
0.111568164374657,0.097577561486488,260,260,0.00731875651164649,0.0140407285579649
0.112611332878333,0.0981833382922746,261,261,0.00120630264257789,0.0128597940794547
0.110844951239907,0.0970913771451115,262,262,0.0020766519302676,0.0149051670471121
0.114117069984931,0.0993382197076422,263,263,0.00396926474077193,0.0109705104817242
0.109854472161889,0.0964548603705241,264,264,0.00514621232247059,0.016071271557253
0.113645811951445,0.0993898759704568,265,265,0.00479464012953227,0.0112837670634783
0.111712618553432,0.0980539240450187,266,266,0.00234989452129328,0.0136198541356964
0.115278328055709,0.100220466439813,267,267,0.00417231233287682,0.00952159623874383
0.113549414251273,0.0989111357409887,268,268,0.00216875305695603,0.0116767891384298
0.115090594206923,0.100055391063923,269,269,0.00191951970548909,0.00977126907141336
0.115347780577573,0.100049922039738,270,270,0.000257244513010219,0.00959233685231247
0.120650501724127,0.103939591525083,271,271,0.00657635007153084,0.00326321937927248
0.119729530979874,0.103265074482042,272,272,0.00114156049034672,0.00430878589012088
0.120274073410362,0.103491005839874,273,273,0.000589551895131467,0.00383480898922798
0.119627051109401,0.103047346430757,274,274,0.000784519935526645,0.0045471118067063
0.121189623362375,0.104521409750195,275,275,0.0021481374992013,0.00251253984169444
0.118507993696675,0.102738834994514,276,276,0.00322004820205386,0.00546925801245742
0.118203528501938,0.102579757665363,277,277,0.000343518051135235,0.0057905292262089
0.11724730524981,0.101920931207992,278,278,0.0011612128180673,0.00692635961865661
0.118518820403011,0.102852534994424,279,279,0.00157627294581712,0.00537681685142542
0.117529925242742,0.102302008674781,280,280,0.00113180955404314,0.0064567672824802
0.119134620745416,0.103580424800878,281,281,0.00205168112721471,0.00442379734330008
0.117872230176693,0.102185765977651,282,282,0.00188114411494982,0.00630494075276571
0.120360019628713,0.103869777810363,283,283,0.00300416248067556,0.00346238992012266
0.123306594393954,0.105932824824516,284,284,0.00359700789959672,0.0015237179432562
0.12668483019976,0.108248685831065,285,285,0.00409581363849551,0.00478964878196938
0.123406324969502,0.106039156170083,286,286,0.00395355762163502,0.00154459878489288
0.124062609164969,0.106539674007707,287,287,0.000825364798740603,0.00198917059415445
0.118927830008417,0.103146725944162,288,288,0.00615451489140125,0.00488617938797558
0.118629443779525,0.10304895800785,289,289,0.000313995081112476,0.00515684767860251
0.116099209078753,0.101071840195939,290,290,0.00321108743000994,0.00833960741205286
0.118474650901744,0.102973082938788,291,291,0.00304260543312003,0.00531752087370087
0.116437493575806,0.101340533809939,292,292,0.00261059890230805,0.00790971264210919
0.119114974011484,0.103255228168335,293,293,0.00329164942992365,0.00468270900045893
0.115921584100275,0.100869308425112,294,294,0.00398627045571577,0.00860809300960844
0.117042201592443,0.101628705539916,295,295,0.00135368664827767,0.00727880801477248
0.113164498797698,0.0987821443735153,296,296,0.00481035231957482,0.0120476621467
0.117760357321381,0.102286732145169,297,297,0.00577962377832132,0.0063068521009826
0.115612850602878,0.100825402400013,298,298,0.00259755071752107,0.00886215409803327
0.120836019217365,0.104150231553176,299,299,0.0061916055488933,0.00299297848366897
0.117297285250381,0.101917407497422,300,300,0.00418427309732975,0.00689396329887016
0.120152487679566,0.103940426180576,301,301,0.00349925499271095,0.00351218056250808
0.120796379481636,0.104371674367852,302,302,0.000774965581043351,0.00281197011270979
0.121500300917581,0.104913730357667,303,303,0.000888442504654962,0.00203964865960036
0.119728421159696,0.103803650356661,304,304,0.00209089346573093,0.0038710704389081
0.120926980944673,0.10467474462551,305,305,0.00148167161793155,0.00248301234347112
0.118415460126477,0.102763846043663,306,306,0.00315583114414166,0.0055118426436892
0.119713268569432,0.104034946510325,307,307,0.00181659107972961,0.00370073476100044
0.117469320733284,0.102477062730029,308,308,0.00273172175820727,0.00637817847289632
0.119337994251449,0.10397302763785,309,309,0.00239371086869858,0.00399770681355993
0.110763079083094,0.0980651683152599,310,310,0.0104130673636545,0.0143502751884047
0.120012073862155,0.104369478849559,311,311,0.0111932227591512,0.00325238742167651
0.120374769642967,0.104734845674028,312,312,0.000514821469872532,0.00273975750019951
0.122248862016003,0.105865213724276,313,313,0.00218859638848516,0.00100908246854142
0.120154077386281,0.104503483206031,314,314,0.00249848607145237,0.00305856640801594
0.126487850259724,0.10862235991276,315,315,0.00755525142782153,0.00472739984578085
0.126197628371803,0.108537393336307,316,316,0.000302403808412682,0.0044264981333967
0.124566984598562,0.107338573090162,317,317,0.00202389947817964,0.00251242597828535
0.12287248161687,0.106268156189321,318,318,0.00200427859754358,0.000975173802408455
0.12472321281051,0.107758517083782,319,319,0.00237621159555567,0.00277184286756669
0.124240362027067,0.106984107628375,320,320,0.000912608833890466,0.00214383951104315
0.124179428112251,0.106932043710303,321,321,8.01473239717706e-05,0.00208063374429067
0.12035277839308,0.104698288857332,322,322,0.00443090383741296,0.00278201063525459
0.121812976256994,0.105726744029525,323,323,0.00178602851124724,0.00117216856062027
0.120869777973314,0.104724660491273,324,324,0.00137615203374148,0.00246714913013328
0.121841559919606,0.105390081187488,325,325,0.00117777113824779,0.0014956500670349
0.123146696879412,0.10626147685841,326,326,0.0015693033164924,0.00120741123492292
0.121204682805094,0.10472967743376,327,327,0.00247342437567986,0.00231378127639248
0.122075316919753,0.105629759216036,328,328,0.00125225835049869,0.00123373181210492
0.125120650586178,0.10760424021924,329,329,0.00362941212483122,0.0031102754380116
0.125209330325226,0.107417885319015,330,330,0.000206378886893627,0.00315847788991367
0.125386416778376,0.107748381406298,331,331,0.000374949697423905,0.00340359325891084
0.128648504421063,0.110008747084033,332,332,0.00396868602759888,0.0072648454718142
0.12910994430251,0.110724800064391,333,333,0.000851855994208027,0.0080032415222085
0.13079158628643,0.111717835956483,334,334,0.00195295674428933,0.00995549602806692
0.132876242912199,0.113037242679668,335,335,0.00246710910754876,0.0124196262472503
0.127028419727658,0.108997909650612,336,336,0.00710726721864869,0.00537091997322429
0.126767227796046,0.109073499956142,337,337,0.000271910131163529,0.00516419150706157
0.125643526946872,0.108391720569757,338,338,0.00131435411139199,0.00385918391584074
0.127969943476835,0.10990884796412,339,339,0.00277738895396528,0.006613072509916
0.12736681891967,0.109117490227409,340,340,0.000994990602421833,0.00572902400832919
0.129965840603857,0.110908304308426,341,341,0.00315625233269523,0.00884505610317435
0.129035031994591,0.11029977558617,342,342,0.00111207547985495,0.00773985462827937
0.124379641779803,0.107410009027252,343,343,0.00547936208120783,0.00234436058287513
0.12564630416545,0.108176131692939,344,344,0.00148033021251687,0.00378159027088329
0.127548772158298,0.109316459807726,345,345,0.00221804704034531,0.00597562703493093
0.122624687715453,0.106097897746419,346,346,0.00588266515643562,0.000927968497708672
0.124299676389019,0.106882732136035,347,347,0.00184974378650024,0.00219983057862417
0.12610903263328,0.108009068525041,348,348,0.0021312915520515,0.00416962797466358
0.128383462774847,0.110127618470641,349,349,0.00310826098339088,0.00708088191736247
0.12498657113831,0.107737433386261,350,350,0.00415353554552832,0.00301610500017207
0.125797303659948,0.108468319136717,351,351,0.00109154990809429,0.00403073415796398
0.124813749133213,0.107822862057592,352,352,0.00117643289143664,0.00287848342330792
0.126435636889665,0.109124703622725,353,353,0.00207973829008265,0.00489004385768843
0.124939508929804,0.108263000732275,354,354,0.00172653721178751,0.00316583501101303
0.12654206657488,0.108902724745927,355,355,0.00172552537490349,0.00488794786434156
0.122709780597286,0.106468039465555,356,356,0.00454027622821856,0.000726706907614792
0.123533170813138,0.106804717456077,357,357,0.000889563666559989,0.00143443322372184
0.123744395729649,0.107253787113031,358,358,0.000496265576230127,0.00169020216366955
0.125762144507117,0.108294044299745,359,359,0.00227012007248229,0.00393179156657145
0.126422777356266,0.108935665501968,360,360,0.000920930794640379,0.00479394574645366
0.129736170655417,0.111551259181907,361,361,0.00422136298526847,0.00896044707320059
0.129197822213661,0.111003123390732,362,362,0.00076829153991701,0.00821697226310183
0.133303569354298,0.113265842230625,363,363,0.00468796929717503,0.0129040587744241
0.132179984805389,0.11248228910232,364,364,0.00136981668241616,0.0115404121998321
0.13178230196424,0.112429804008948,365,365,0.000401131309137486,0.0111684761729807
0.134060658591378,0.113753587647226,366,366,0.0026350165163424,0.0138034703376404
0.131756962392983,0.11215002713175,367,367,0.00280685277513713,0.0110094638505438
0.135724677838497,0.114754328754778,368,368,0.00474606708762909,0.0157449322535016
0.136343699241857,0.115271589020909,369,369,0.000806688093835808,0.0165404094109813
0.135162734743248,0.114599168345743,370,370,0.00135898002611011,0.0151816110961016
0.133428200197251,0.113681388712233,371,371,0.00196237854323329,0.013221827983276
0.133701846895391,0.114018891685576,372,372,0.000434500601171545,0.0136311297973443
0.133301015005223,0.113968059104566,373,373,0.000404042269408152,0.0132643369572733
0.134473009663682,0.114781988522747,374,374,0.00142690314220611,0.0146901170794626
0.13535820183451,0.115144284975385,375,375,0.000956464269530845,0.0156319330698261
0.135197865204444,0.115015103343834,376,376,0.000205902231340501,0.0154275285856386
0.136168367847182,0.114913468363778,377,377,0.000975809944985749,0.0162088547659198
0.137247816271147,0.115663657838522,378,378,0.00131453153176945,0.0175187229135371
0.13584367167333,0.114867249242175,379,379,0.00161427652647071,0.0159045419194185
0.137208150063141,0.115826720615736,380,380,0.00166804873818036,0.0175670753548436
0.136918741978396,0.115456428018325,381,381,0.000469971964283537,0.0171300879252602
0.134666164748065,0.11461241514033,382,382,0.00240550658216276,0.0147634627849987
0.139257347999505,0.116549036645708,383,383,0.00498291746905297,0.0197025752329559
0.138804593781342,0.116355696713781,384,384,0.000492307537360564,0.0192133378743872
0.14345756572581,0.119083925110747,385,385,0.00539382777830525,0.0246067780233107
0.142259306851856,0.118997522690928,386,386,0.00120136992935532,0.0235295787004162
0.145852271021629,0.121583601101987,387,387,0.00442687170284195,0.0279439165815686
0.145884881239575,0.121000883449821,388,388,0.000583629410208514,0.0276694165628258
0.145018443570548,0.120426242816672,389,389,0.00103967595508124,0.0266310545184693
0.14047339493697,0.117288600956697,390,390,0.00552288543453976,0.0211251549909977
0.143305359094887,0.11904298100584,391,391,0.00333134662689918,0.0244543675337408
0.139336732255126,0.116105467338723,392,392,0.00493750802913425,0.0195582704857776
0.143139600295389,0.118863651574687,393,393,0.00469780646804117,0.0242214240738279
0.142964548390757,0.118763697767557,394,394,0.000201578602225033,0.0240198454941756
0.148242097218889,0.122208746152751,395,395,0.006302450317904,0.0303133170071379
0.139990243784943,0.117222109704218,396,396,0.00964155735165077,0.0206729127162253
0.142623311521081,0.118553286852956,397,397,0.00295043696838515,0.0236191907168263
0.144195798921578,0.119646959858013,398,398,0.00191542091110801,0.0255274496152824
0.143399021156434,0.119500991744667,399,399,0.00081003796030819,0.0247661830985895
0.146210724854698,0.121391308196002,400,400,0.00338806345469198,0.0281495103606293
0.143006821263382,0.119045616964493,401,401,0.00397080162889411,0.024197276488262
0.14180051377308,0.118257772797094,402,402,0.001440790128111,0.0227584747073813
0.141895059214428,0.118502746844368,403,403,0.000262585460978849,0.0229635591638061
0.140275825437424,0.117209034616931,404,404,0.00207258518570634,0.02091407304756
0.139323043723244,0.116968457600585,405,405,0.0009826852475089,0.0199687477316835
0.134743641216325,0.113625412532229,406,406,0.00566982165940283,0.0143384198362813
0.137125953808774,0.116170607364886,407,407,0.00348617699268455,0.0176750760583544
0.133753898142714,0.113641347426163,408,408,0.00421520049969538,0.0134817502758921
0.134257063888334,0.113668817575817,409,409,0.000503915049078675,0.013932396234498
0.134278628257825,0.113176272653867,410,410,0.000493016756480955,0.0137176875650226
0.131213603070426,0.111614870500286,411,411,0.00343981919359137,0.0102779832087513
0.130802540555257,0.111513449204365,412,412,0.000423389502283227,0.00986710639258972
0.132529400242291,0.112752009350459,413,413,0.00212510602422485,0.0119771175842274
0.131953642865608,0.112040590513845,414,414,0.00091521217097121,0.0111310609287338
0.142286991318164,0.119656568066395,415,415,0.012836713143281,0.0238995075833031
0.13972916656468,0.117765722052741,416,416,0.0031808436171692,0.0207280945398243
0.144196954272899,0.120326146641401,417,417,0.00514945638683624,0.0258752409960673
0.14081186554202,0.11815264557021,418,418,0.00402280158874311,0.0218537641503432
0.148441016646727,0.123069326763302,419,419,0.00907621620131204,0.030927169377197
0.14498126688152,0.1203606495999,420,420,0.00439395043365148,0.0265656808559896
0.14681144157812,0.121747733657185,421,421,0.00229641930013846,0.0288479928068961
0.141393392954344,0.118269687045223,422,422,0.00643832735456778,0.0224130439901841
0.147626093059524,0.122589618673813,423,423,0.00758342665796942,0.0299817228856238
0.147370213373595,0.121524642439214,424,424,0.00109528480037452,0.0292154698131909
0.148389775701507,0.122585326190097,425,425,0.0014712434740324,0.0306323309338586
0.147867356583432,0.121987623799055,426,426,0.000793832402455142,0.02987820248981
0.147690652978361,0.121621607563706,427,427,0.00040643824695031,0.0295413988569327
0.145953430125397,0.121104898535222,428,428,0.00181243798817406,0.0277815415300644
0.14922919819558,0.123059170680775,429,429,0.00381442473624969,0.0315959660714255
0.143886233283776,0.119817808432828,430,430,0.00624929622207058,0.0253468660895095
0.147197294924563,0.121541664000267,431,431,0.00373293546776339,0.0290746210805175
0.144942735345656,0.120549655125657,432,432,0.00246315255356752,0.0266291469841965
0.147749873030355,0.121802074347568,433,433,0.00307385358926986,0.0296831278276379
0.147529466953693,0.122000512265685,434,434,0.0002965745201068,0.0295938860004276
0.149287416220088,0.123411004958199,435,435,0.00225385786128013,0.0318274667000622
0.148293243107946,0.122889639677005,436,436,0.00112258716068712,0.0307072443006107
0.150934373519341,0.124378118736996,437,437,0.00303168925881639,0.0337371575149367
0.147098487838067,0.122224909439034,438,438,0.00439890091279939,0.0293412424516052
0.151116666471765,0.12493105244993,439,439,0.00484447825134192,0.0341821082197872
0.15362318485644,0.126178530301473,440,440,0.00279979202849192,0.0369702000550145
0.155223793426717,0.12734229902722,441,441,0.0019789657506557,0.0389433155165622
0.149435085374918,0.12374847599704,442,442,0.00681356770577697,0.0321297621250093
0.148791309367465,0.123593752711648,443,443,0.000662107878532829,0.0315014204872038
0.151090591527431,0.125438173022133,444,444,0.00294764053657629,0.0344308911780516
0.155065157831387,0.128263513214169,445,445,0.00487644588868498,0.0393023862726987
0.151855309535635,0.12554997004215,446,446,0.00420314675310614,0.0351365359882874
0.152601634031974,0.126252617886259,447,447,0.00102504353403412,0.0361427943459135
0.152841122242182,0.126191433281943,448,448,0.000247180417173874,0.0363125269724635
0.157579467897037,0.129122588864447,449,449,0.00557167771804159,0.0418840760713045
0.157825969298751,0.129250425692917,450,450,0.000277678223418263,0.0421608298290922
0.160454057745418,0.130815392847206,451,451,0.00305875319002744,0.0452188491404781
0.158572064733832,0.129807287425389,452,452,0.00213498811171258,0.0430888096809921
0.160184838095386,0.13038927965988,453,453,0.00171457075582935,0.0447653252971094
0.156354543783797,0.128328321844346,454,454,0.00434956338392686,0.0404243481703505
0.16239330053217,0.131995384297836,455,455,0.00706497912975023,0.0474887348877087
0.155724474701894,0.127788195860732,456,456,0.007885028376604,0.0396038307954422
0.157948332543791,0.13020748417666,457,457,0.0032861070671166,0.0427792156874465
0.155020326537001,0.127431993911033,458,458,0.0040344225597214,0.0388178539072283
0.15826492439012,0.129576390254637,459,459,0.00388919669172475,0.0427058967001972
0.152489960569837,0.125946258742511,460,460,0.00682114813802671,0.0358847492067753
0.160535396300953,0.131299953002994,461,461,0.00966390595661196,0.0455459941487985
0.158291865322344,0.130027401757332,462,462,0.00257930570596273,0.042970154369189
0.162283256452387,0.132540223483103,463,463,0.00471651101753163,0.0476865469025576
0.158248082302797,0.129837894625854,464,464,0.00485646081732845,0.0428313351011635
0.159579651332513,0.129869841286997,465,465,0.00133195220261796,0.0439776398230883
0.158769092897637,0.130334299155256,466,466,0.000934198098765475,0.0435375437333317
0.162966545851719,0.132566951891466,467,467,0.00475429800730197,0.0482779519335753
0.161757082198884,0.13173385729076,468,468,0.00146862144245927,0.0468106492785678
0.162185191556303,0.1326257487029,469,469,0.00098931689208121,0.0476501269474495
0.149504116190566,0.124513844656569,470,470,0.0150536593454335,0.0325965175600958
0.155196753077535,0.128055183255046,471,471,0.00670426683507907,0.0393000990529683
0.149409755278895,0.124589961104044,472,472,0.00674515441463413,0.0325586069875807
0.155993689763692,0.128153159637919,473,473,0.00748629261329691,0.0400255824877335
0.145949548244061,0.12179652225647,474,474,0.0118866150634066,0.0281390644042158
0.149148675432212,0.123984063452627,475,475,0.00387553238289278,0.0320118247521976
0.145694019065668,0.12186341224499,476,476,0.00405361716931426,0.0279586470126772
0.152117076723414,0.126278333618532,477,477,0.00779404903816343,0.0357487708721266
0.150171895186607,0.125091997078951,478,478,0.00227840417755093,0.033471218927441
0.156312063472973,0.128777629234771,479,479,0.00716139308884183,0.0406289324069601
0.152930697214881,0.126818469009906,480,480,0.00390793379652981,0.0367252913371555
0.153589486799461,0.127186226190793,481,481,0.000754485958017695,0.0374782016676513
0.147421009114703,0.123553721730728,482,482,0.00715857566836767,0.0303270331349007
0.147219569862215,0.122977216931195,483,483,0.000610684498188512,0.0298438649860786
0.144241144150374,0.121518849737913,484,484,0.00331630134206733,0.026552212851664
0.143609834902243,0.120691741610649,485,485,0.00104050911623225,0.0255715315118491
0.142360822965407,0.119670846405801,486,486,0.00161315152345956,0.0239695294108905
0.14415432850664,0.120824075731313,487,487,0.00213227578039381,0.0261017467273282
0.139892833628836,0.117864213654891,488,488,0.00518855684222461,0.0209190976292451
0.142018098236295,0.119450865162872,489,489,0.00265220901504711,0.023562290032119
0.134176324372722,0.114492928376365,490,490,0.00927763733427967,0.0142846530041955
0.140862286278196,0.118347039399391,491,491,0.0077172701377666,0.021997805733894
0.13773757989255,0.116776839254064,492,492,0.0034970442509188,0.0185152739660464
0.13745618370807,0.116231721217542,493,493,0.000613463516747979,0.017988407408812
0.134426881173177,0.114142937519596,494,494,0.00367963193603841,0.0143159906969499
0.140310498285429,0.117867250564254,495,495,0.00696329361568136,0.0212770498117736
0.135585459273539,0.115278174128852,496,496,0.00538788552701658,0.0158956115747624
0.138130580696598,0.116810659228337,497,497,0.00297088431923181,0.0188661796538317
0.136811188201522,0.115667699221012,498,498,0.00174560996055999,0.0171446627776646
0.141587282321994,0.118723691014739,499,499,0.00567011118858651,0.0228128688894675
0.139702191908309,0.117675926382141,500,500,0.00215670503154552,0.0206580158453703
0.141309382182154,0.118494882056903,501,501,0.00180381511623797,0.0224565790342696
0.137964804233227,0.116346642794734,502,502,0.0039750639723122,0.018483208391115
0.142206102709034,0.11904207606874,503,503,0.00502533315268783,0.0235070630040398
0.1379576128733,0.116605057359596,504,504,0.00489782871005676,0.018610989716309
0.14341642389726,0.11985470418462,505,505,0.00635285937847738,0.0249633896302099
0.141274081780401,0.118388782740657,506,506,0.00259587276759527,0.0223715449871858
0.145053553736535,0.12064006947951,507,507,0.00439917040448963,0.0267706859408902
0.144915373467004,0.121017401960886,508,508,0.00040183776376599,0.0268492925509838
0.148826274544931,0.123939775303246,509,509,0.00488215251640752,0.0317160093858005
0.144135193063578,0.121001829616693,510,510,0.00553513959370746,0.0261811437333648
0.148214611005681,0.12289146820918,511,511,0.00449581858581592,0.0306411549754096
0.148230572915725,0.12370139786629,512,512,0.000810086928693249,0.031085909433457
0.150625653748791,0.124778598838108,513,513,0.00262617100178284,0.0336849622470516
0.152508380867122,0.126297560343397,514,514,0.00241907119710196,0.036088313215152
0.154055829548855,0.126665132438766,515,515,0.00159050516122728,0.0375938041295673
0.148324958306908,0.124079972218909,516,516,0.00628696576689508,0.0313714468786309
0.150068293500484,0.124628323141274,517,517,0.00182754106143259,0.0331334758787452
0.148426500180078,0.124165729024761,518,518,0.00170571938593732,0.0315033986070868
0.144239516006624,0.120860818840676,519,519,0.00533416045818153,0.0261933815227304
0.143626544784905,0.121333733699091,520,520,0.000774197766701262,0.0259381973755631
0.146208557347814,0.122124399258829,521,521,0.00270035940244565,0.0285329393167908
0.147402169272602,0.122987794824642,522,522,0.00147314674423874,0.030003404766323
0.147268390088078,0.12275038152348,523,523,0.000272510450773007,0.0297632721523691
0.147043820466509,0.122832071522359,524,524,0.000238966045387925,0.0296175787680498
0.151399620196305,0.12545267334862,525,525,0.00508335963885065,0.0346992586533678
0.151854080905657,0.126233963157931,526,526,0.000903851925083614,0.0355040008254446
0.150134777161372,0.124750791853501,527,527,0.00227063922352117,0.0332553281889286
0.151181101866461,0.12557704737815,528,528,0.00133322675509111,0.0345820880884446
0.148023111470732,0.123700919576201,529,529,0.00367324908885324,0.0309114622388935
0.14819320711449,0.123798171523546,530,530,0.000195934859807715,0.031107084742408
0.149875821181636,0.124507280850101,531,531,0.0018259315803073,0.0329061088323202
0.146246974075304,0.122912953765427,532,532,0.00396363597900394,0.0289943575944301
0.144980066036865,0.121622012670462,533,533,0.0018087523015969,0.0272272242070853
0.145587764915543,0.122072574169061,534,534,0.000756507495776539,0.0279821723534931
0.144842606008806,0.121604796934094,535,535,0.00087981665012783,0.0271024455699552
0.145627883377455,0.122128169201088,536,536,0.000943704972737912,0.0280460761534474
0.149008338953503,0.123826145664753,537,537,0.00378293589329716,0.0318088406284798
0.144170761025749,0.121491867839076,538,538,0.00537131391509986,0.0264786344378083
0.146776949979805,0.122146544424396,539,539,0.00268715877752152,0.0290264437728161
0.144544943573164,0.120781535119905,540,540,0.0026163147747613,0.0264101746787388
0.146140973365155,0.122224565413357,541,541,0.00215166157300445,0.0285296655303368
0.142905246693269,0.120268975250732,542,542,0.00378077505008109,0.0247502465861446
0.14318091184347,0.121120807665421,543,543,0.000895326609540186,0.0254496716389134
0.139369424167333,0.118951522039145,544,544,0.00438557161994945,0.0210798905726616
0.141671879475205,0.119933358644825,545,545,0.00250305884169715,0.0235348461284967
0.14443907572516,0.121792797518143,546,546,0.00333389981993704,0.0268687339127103
0.146565488542746,0.123210710062472,547,547,0.00255579878984198,0.0294245314396877
0.148635099608807,0.124049188066629,548,548,0.00223301037351339,0.0316144229332042
0.148700044738437,0.124202379508092,549,549,0.00016638956577918,0.0317523473355577
0.146457276465916,0.122751545874795,550,550,0.00267112855469968,0.0290812364607141
0.14953098860014,0.124752106986361,551,551,0.0036674174898951,0.0327486522899411
0.148088871678284,0.124470942592985,552,552,0.00146927010192368,0.0313919731486819
0.150816027004733,0.126376567180311,553,553,0.00332697779409429,0.0347186380855816
0.147266638689695,0.123884398848961,554,554,0.00433694136491489,0.0303822774445262
0.150806780436213,0.125819777518137,555,555,0.00403463680875308,0.034401064640973
0.143139926427712,0.120795018299354,556,556,0.00916672545647672,0.0252344141063691
0.144951171381158,0.122445429847035,557,557,0.00245040130552123,0.0276583370155234
0.142757580166282,0.121106957758256,558,558,0.00256969841623865,0.025092265007885
0.142679150818817,0.121391890239678,559,559,0.000295529493473756,0.0251909857247225
0.13891979487395,0.119084299712687,560,560,0.00441109183314854,0.0207909102841273
0.141838290744684,0.121077536063057,561,561,0.00353420561030756,0.0243238331463731
0.140951601277764,0.12000617667163,562,562,0.0013906937679974,0.0229809066667193
0.145132462881193,0.122805549374877,563,563,0.00503150984086434,0.0280116855582146
0.145678820164364,0.123048607523522,564,564,0.000597982896492044,0.0285994738933208
0.14441456400028,0.122424683138661,565,565,0.00140983165181126,0.0272047999257857
0.145206372050144,0.122667018004063,566,566,0.000828061697470573,0.0279940492479747
0.147878497971856,0.124564260180704,567,567,0.00327716109129789,0.0312707591849155
0.148466350108495,0.124837550764981,568,568,0.000648272996510353,0.0319102436409925
0.149090763929859,0.125264191199783,569,569,0.000756250408872012,0.0326664936349912
0.147045313112249,0.123732470561763,570,570,0.00255539373878058,0.0301138305241759
0.147144992033004,0.124171789506765,571,571,0.000450485319051023,0.030444058920164
0.147816889999619,0.12439044381461,572,572,0.000706580911064826,0.0311217705990301
0.147226448551886,0.124058441190418,573,573,0.000677382348213565,0.0304469470501594
0.146825811655647,0.12346244146578,574,574,0.000718140372348588,0.0297809070932746
0.14695166427638,0.123662169718679,575,575,0.000236072567553671,0.0299968739683944
0.147017009657382,0.123763265121439,576,576,0.000120375658990823,0.0301076637754962
0.148044299399946,0.124392656529533,577,577,0.00120476460761417,0.0313111872415527
0.147151524145773,0.123717078212855,578,578,0.00111957747227611,0.0301932764360319
0.149591603692527,0.125434056686983,579,579,0.00298362250881487,0.033176302325339
0.149155089020496,0.125129279035844,580,580,0.000532385645498291,0.0326439810378326
0.145571194207931,0.123001775731642,581,581,0.00416780185912418,0.0284842465894162
0.145937322385366,0.123249064622449,582,582,0.000441816294208909,0.0289260478588444
0.14758373166389,0.124239945497059,583,583,0.00192159007597303,0.0308443470321834
0.146723859327031,0.123416883550015,584,584,0.00119029887186708,0.0296708733535066
0.148483918914838,0.124356045351343,585,585,0.00199495229058333,0.0316561653979233
0.151752155343929,0.126682563358026,586,586,0.00401173969642361,0.0356659460073619
0.153154098374426,0.127202945287809,587,587,0.00149540683882473,0.0371222929166655
0.150464200157654,0.125947191709667,588,588,0.00296858037883633,0.0341866743964367
0.153747330303664,0.127853175080668,589,589,0.00379627661876433,0.0379754520426331
0.154267652480314,0.127665037891967,590,590,0.000553290854150075,0.038307659836138
0.154024411173521,0.127973918665134,591,591,0.000393158575339065,0.0382731353116259
0.151620904973374,0.126059552385386,592,592,0.00307272522481012,0.0352134354799375
0.151807189521421,0.126506713093028,593,593,0.000484411634150808,0.0356144207238291
0.150829832958406,0.12625629236978,594,594,0.00100892833734657,0.0346626235469002
0.150984729691854,0.126253595188148,595,595,0.000154920214373093,0.0347896133044176
0.152286583267127,0.127055343118115,596,596,0.0015289285381138,0.0363174161506385
0.148828922425431,0.125254961757557,597,597,0.00389830623984878,0.0324452485214153
0.151496879187459,0.126557088186137,598,598,0.00296875841389202,0.0353840068214565
0.154649162299977,0.128724882307257,599,599,0.00382573132525443,0.0392094829287682
0.153460648900945,0.127448660488803,600,600,0.00174393412420762,0.0375133825384666
0.154837421720051,0.128956237950699,601,601,0.00204163983088192,0.0394948546408904
0.151278496682026,0.126312041059797,602,602,0.00443370326297703,0.0350662841017998
0.158992263278817,0.131383526723631,603,603,0.00923158501819893,0.044297723330225
0.160820242975802,0.132178107683394,604,604,0.00199320562767866,0.046261265901843
0.162423653215552,0.133772091211218,605,605,0.00226090864121172,0.0484777109956868
0.162743246228868,0.133317285734731,606,606,0.000555866634727125,0.0484942803773914
0.161885827246656,0.133407993612552,607,607,0.000862203705719563,0.0478282459037382
0.159719673202733,0.13232959900774,608,608,0.00241974342972377,0.0454288463736358
0.162654598989949,0.134094846211526,609,609,0.00342489227085182,0.0488491666782458
0.161927701307286,0.133705067322649,610,610,0.00082480774928151,0.0480284769701033
0.163810504620982,0.135354545479515,611,611,0.0025031433255096,0.050512632439159
0.164542168704662,0.135072054097423,612,612,0.000784304604284988,0.0509615573919446
0.164800813374424,0.135552772330369,613,613,0.000545881932915563,0.051443699446342
0.16372299981062,0.134648000815749,614,614,0.0014072290403447,0.0500447039646262
0.166509882748654,0.136125476374628,615,615,0.0031543066650835,0.053183849745287
0.164115185918527,0.134723217548048,616,616,0.00277505004007885,0.0504128911812554
0.166168247194217,0.136840032130936,617,617,0.00294889209366245,0.0532975058835487
0.166275204830473,0.135731760911609,618,618,0.00111342041994149,0.0527716392032856
0.166119519046233,0.135919383763022,619,619,0.000243804015116403,0.0527445087855029
0.166320102720633,0.136019908784905,620,620,0.000224363745868613,0.0529672965609626
0.167086827100636,0.137002298132729,621,621,0.00124617619364527,0.0541496372732323
0.165151109968842,0.135321325909874,622,622,0.00256372159727379,0.051606843129876
0.165110268360542,0.135465098113889,623,623,0.000149460642363575,0.051652250672466
0.161756976106706,0.133537576989676,624,624,0.00386780385023911,0.0477933164892303
0.160140752848497,0.13306277041108,625,625,0.00168452334725704,0.0461900330165559
0.159536514614383,0.132698789411004,626,626,0.000705397768625504,0.0454859653168306
0.160248032349716,0.133525056472651,627,627,0.00109040118527817,0.0465416987048748
0.161103712920966,0.133917321518427,628,628,0.000941308188720562,0.047468072942552
0.159519793390663,0.133181679759425,629,629,0.00174641629517751,0.0457482896096093
0.160106700261314,0.133261647267312,630,630,0.000592329703065925,0.0462751557884429
0.159690699874625,0.133091300874597,631,631,0.000449526656869463,0.0458364125115166
0.158017883154863,0.131802929235823,632,632,0.00211144908949032,0.0437274174181151
0.160081092869157,0.133103247764756,633,633,0.00243878301655581,0.0461639068268587
0.1553456881739,0.129369605894953,634,634,0.0060302685877002,0.0401474352385362
0.154794914112122,0.129278072589249,635,635,0.00055832823068636,0.0396407154742042
0.156108746738594,0.129923592062808,636,636,0.00146384820289831,0.0410898899709851
0.155958250978461,0.129929368010789,637,637,0.000150606558267547,0.0409686681022695
0.155306370402317,0.129158979047933,638,638,0.00100918156921552,0.0399970908970144
0.16027760350088,0.132419159048708,639,639,0.00594490808656417,0.0459416947022024
0.158737435851983,0.132005690334058,640,640,0.00159470146569894,0.0444347748350064
0.159775674305143,0.131755008844019,641,641,0.00106807316934181,0.0451559678695808
0.156161752184572,0.1303477010065,642,642,0.00387826616455011,0.0413730255004862
0.160298179311253,0.132777439517178,643,643,0.00479725531993162,0.0461589811717996
0.155602084093204,0.129967707322347,644,644,0.00547246793537054,0.0406965642949257
0.155932287827211,0.129897566888427,645,645,0.000337571009452833,0.0409293080443724
0.153560151752871,0.128456162066625,646,646,0.00277573006891895,0.0381575610792215
0.154763997639236,0.129274727695788,647,647,0.00145577972487817,0.0396133274651039
0.152624025205996,0.127759347289414,648,648,0.00262218607102011,0.036991449430295
0.153846029513608,0.129022802654907,649,649,0.00175772978253642,0.0387151220507039
0.149727472413095,0.126315577870739,650,650,0.0049286487623077,0.0337886699855682
0.152577092043842,0.128857410744448,651,651,0.00381853982535232,0.0375845790741795
0.152718586397812,0.128968291271164,652,652,0.000179764132713883,0.0377642031651817
0.155044511844906,0.130344545968402,653,653,0.00270259249186936,0.0404563568238211
0.150451177306441,0.127241031160758,654,654,0.00554351209464895,0.0349148572135637
0.153844723192457,0.129205461320177,655,655,0.00392111457773545,0.0388188919262827
0.150542238740836,0.127258611717154,656,656,0.00383361799479177,0.0349990824341613
0.152571924549711,0.128671571569811,657,657,0.00247307097107433,0.0374719283056362
0.153841960804674,0.129356256478737,658,658,0.00144283939280605,0.0389036236142613
0.157553898898407,0.131611378260651,659,659,0.00434327741031685,0.0432371811999293
0.155492278012475,0.130240406711091,660,660,0.00247585210927744,0.0407619974117765
0.1569462406151,0.13136432632404,661,661,0.00183771666646468,0.0425977485309762
0.153697306936551,0.129583921545637,662,662,0.00370478220987037,0.0389181605128737
0.154574465804769,0.130104152651843,663,663,0.00101982747754599,0.0399341345940614
0.154620327232256,0.13011048298612,664,664,4.62962597103117e-05,0.0399751191553784
0.158057092530117,0.131921526109511,665,665,0.00388474360896141,0.0438273295393327
0.16053999760949,0.133162994731696,666,666,0.00277597946192814,0.0465759105901649
0.166472759654245,0.136866707225863,667,667,0.00699393678260943,0.0535644988974153
0.160848351653105,0.133314101047888,668,668,0.00665244135780841,0.0469157519215173
0.161601687395914,0.134280361901046,669,669,0.00122522437852779,0.0480841652164666
0.160199385909067,0.133314888279807,670,670,0.0017025242357515,0.0463816535670098
0.16355285270234,0.135216555588313,671,671,0.00385513658458779,0.0502220551232862
0.160267716863215,0.133575051770067,672,672,0.00367241776855841,0.0465864829030585
0.16171689242234,0.134381198755566,673,673,0.00165830719813722,0.0482363068437179
0.159093182426914,0.132563794821721,674,674,0.00319167842973755,0.0450446312723516
0.163004854913096,0.135341964072545,675,675,0.00479785431472989,0.0498422523898663
0.159767337432336,0.133136323837657,676,676,0.00391744410093829,0.0459250266316323
0.162963676629677,0.135400529873634,677,677,0.0039170413883202,0.0498419724512611
0.156567425630108,0.131256582702542,678,678,0.00762130730296963,0.0422260939628769
0.15755989606009,0.131371294335218,679,679,0.000999077731240148,0.0431051447389702
0.158280479063502,0.132403340968949,680,680,0.00125871367633816,0.0442868880870188
0.165110494943885,0.136298420970897,681,681,0.00786261821201226,0.0521185002909938
0.161722213339143,0.134700828388073,682,682,0.00374603180628886,0.0484237151924883
0.164568176125673,0.136335479731033,683,683,0.0032820099322447,0.0516929815608673
0.161425841615212,0.134617434347241,684,684,0.00358133300830818,0.0481333788463839
0.166302925134924,0.137680271605542,685,685,0.00575907247124719,0.0538850043404436
0.162017206233823,0.134928982869253,686,686,0.00509283577289531,0.0487962538497226
0.171960535988462,0.140350256505957,687,687,0.0113251937931988,0.0600621322284254
0.166844083335621,0.137088741935382,688,688,0.0060675831302779,0.053996478644513
0.168547930867703,0.138067459855196,689,689,0.00196493897593439,0.0559564078951771
0.167858069932055,0.138274863982872,690,690,0.000720364201436297,0.0555022247761748
0.168594658243167,0.138587965457776,691,691,0.000800371709678772,0.0562869204794947
0.171212302204261,0.139901182592946,692,692,0.00292858313031313,0.0591906258303379
0.17108175574939,0.140125155187667,693,693,0.000259241393425591,0.0592078853337335
0.169677898121696,0.139510678017788,694,694,0.00153244850847847,0.057701973123619
0.1719555957692,0.14114856773879,695,695,0.00280545705930594,0.0605067807984554
0.171789879151505,0.140394738235052,696,696,0.000771829591351268,0.0599454072020873
0.171319217214235,0.140348053361484,697,697,0.000472971602334709,0.0595295757274778
0.1716634695704,0.140116037834544,698,698,0.000415139602382533,0.0596849432118385
0.173851871006202,0.14191950869585,699,699,0.00283577290906733,0.0625076377052521
0.177938271527477,0.143625706031305,700,700,0.00442829296318489,0.0668535612815969
0.177118065615015,0.14367673535346,701,701,0.000821791780536479,0.0661983991679989
0.175343486530657,0.142473919494326,702,702,0.00214380430954568,0.0640546344335955
0.178528259809131,0.144548693989689,703,703,0.00380098277316445,0.0678553549669708
0.176496468802942,0.143383030083719,704,704,0.00234242332521576,0.0655185307607585
0.179448642950955,0.145397325733681,705,705,0.00357389411785791,0.0690923293684086
0.178952946964908,0.144588851389513,706,706,0.000948338165298971,0.0682311266265048
0.17921236560111,0.14477112998146,707,707,0.000317054433640877,0.0685480690322453
0.176532947508713,0.143521647763048,708,708,0.00295643148542123,0.065626150463906
0.178921434086576,0.144758297825748,709,709,0.00268964152076177,0.0682987414273764
0.178544525605116,0.144906364521982,710,710,0.000404949070785227,0.0680681352961346
0.180403672656969,0.146031097222052,711,711,0.00217289010468072,0.0702384992245345
0.176127182266285,0.143589330176479,712,712,0.00492448945236481,0.065328011281269
0.181509331303442,0.146669412778228,713,713,0.00620116417229574,0.0715122903351577
0.179555587740507,0.144856716223409,714,714,0.00266514215560152,0.0688814647380335
0.177596851385883,0.143644615729741,715,715,0.00230343997396824,0.0665791051901123
0.174465940677262,0.142083920527821,716,716,0.0034983383739506,0.0631085953369619
0.178127271222253,0.143890960549993,717,717,0.00408298114144798,0.0671573853918029
0.173760812741571,0.141826697602405,718,718,0.00482981792413669,0.0623802017731302
0.175159538352513,0.142324023753552,719,719,0.00148450888691245,0.0638184033934697
0.176198854398737,0.142697670550151,720,720,0.00110444093212225,0.0648906727829908
0.174274643428169,0.141756662712037,721,721,0.0021419812348965,0.0627674363707652
0.172060535113824,0.140330024713968,722,722,0.00263392703110479,0.0601339102840032
0.17545971970338,0.143031635548337,723,723,0.00434202222175974,0.0644625424064579
0.177551463563521,0.143971483218605,724,724,0.00229318686978324,0.0667225123176837
0.178873059562067,0.144673460313506,725,725,0.00149645842746766,0.0682114385410707
0.177080495497693,0.143725533549072,726,726,0.00202776997601188,0.0661943398901024
0.177155080851815,0.143715316282481,727,727,7.5281920711871e-05,0.066250619067168
0.1780484702479,0.144306171719018,728,728,0.00107109978989995,0.0673217026411167
0.183421283990553,0.14744496891673,729,729,0.00622247341188319,0.0735335601956359
0.180106265211045,0.145447589893414,730,730,0.00387025483285954,0.069666967172879
0.182435065598624,0.146087776929675,731,731,0.00241519164593354,0.0719645204385759
0.178866847444032,0.144277005027007,732,732,0.0040013842207735,0.0679872935286598
0.188803599124406,0.149711549062781,733,733,0.0113257804514385,0.07928023911809
0.187451086415225,0.148860333528632,734,734,0.00159807963320764,0.0776822294678177
0.187015546951321,0.149190223132827,735,735,0.000546371462993854,0.077495871431862
0.187422128596658,0.149957944658045,736,736,0.000868737575224658,0.0782569003517702
0.189612587599582,0.150315674580274,737,737,0.00221947771801168,0.0802874351783922
0.190343944273904,0.150983712510725,738,738,0.000990533826578743,0.0812641422081252
0.190553658740686,0.151081132478454,739,739,0.00023123755683211,0.0814931544476272
0.188342647350552,0.148867191730578,740,740,0.00312891434884481,0.078437419797846
0.189651196930332,0.149439829425977,741,741,0.00142836127535512,0.0798494763967036
0.184538900501747,0.147010315158749,742,742,0.00566022211122334,0.0742321492282923
0.188430207542033,0.148675426060694,743,743,0.00423259551546754,0.0784089528387396
0.186999997379463,0.14748370465082,744,744,0.00186163933882819,0.076563961343718
0.182966576707638,0.145539293075476,745,745,0.00447763539049777,0.0721150822196678
0.185289978626005,0.147309291067171,746,746,0.00292080286306266,0.0750257594681593
0.186056949896508,0.147906753041571,747,747,0.000972216920563796,0.0759938789545917
0.180310888521722,0.144544568632201,748,748,0.00665743984767529,0.0693426100044133
0.181202372498412,0.145346242129247,749,749,0.00119892621814723,0.0705268707115562
0.183175466326788,0.146504510835614,750,750,0.00228794354207529,0.0728124357530401
0.184520520076986,0.147597478944199,751,751,0.00173313267735224,0.0745359482366565
0.184157682210386,0.146917893325584,752,752,0.000770381678433972,0.0738616217192209
0.186580566601229,0.147939100264788,753,753,0.00262930264215928,0.0764524562859013
0.186106850355762,0.147907016819069,754,754,0.000474801462411533,0.0760360227163222
0.186333194675749,0.148479415504184,755,755,0.000615525796301154,0.0765363810799892
0.18199874282333,0.145420838226967,756,756,0.00530493806011391,0.0712359142897213
0.179416601934158,0.144603421352569,757,757,0.00270843532654684,0.0686259536618942
0.179180022745427,0.144482288540483,758,758,0.000265787265880432,0.0683617520921774
0.18192113338867,0.146191953989084,759,759,0.00323057943790849,0.0715913642617051
0.181879353652732,0.14600713964469,760,760,0.000189477935994524,0.0714550466502156
0.176967185768598,0.143145091823162,761,761,0.00568513069811314,0.0657783239330268
0.177268931315979,0.143558340748504,762,762,0.000511688430258875,0.0662581956553966
0.181930126994127,0.145500827023202,763,763,0.00504975227881254,0.0712215903274251
0.182383006765083,0.146313394080333,764,764,0.00093025013264002,0.0720441761414025
0.179631779129413,0.145272333092739,765,765,0.00294160865567919,0.0691749335679565
0.181612754138737,0.146490648075411,766,766,0.00232562967485534,0.0714990001590755
0.182780035015152,0.146331129594915,767,767,0.00117813020930016,0.0723863852289589
0.183418248068343,0.146605314002567,768,768,0.000694617154022429,0.0730709783967041
0.187139936766047,0.14849519925009,769,769,0.00417404276588378,0.0772231945846294
0.185566144191417,0.147666208806127,770,770,0.00177877717102035,0.0754509237426251
0.185207869275705,0.147545917119609,771,771,0.00037792989439074,0.0750845623714027
0.181191622450548,0.145460422950904,772,772,0.00452543086217023,0.070580237867443
0.18274311934916,0.145637675603915,773,773,0.00156158929600641,0.0719795289741248
0.180585130786507,0.144829196465688,774,774,0.00230446374531833,0.0697275548104788
0.186047146646375,0.147164333645773,775,775,0.00594024266366806,0.0755871943897837
0.183670211517446,0.146810673805848,776,776,0.00240310130654375,0.0733941165053484
0.184592342936085,0.147248867692598,777,777,0.00102095065288434,0.074406316222522
0.187948497752474,0.148889837313193,778,778,0.00373584748715613,0.0781170149184972
0.181229572849496,0.145338606455587,779,779,0.00759968370762028,0.0705455017529487
0.184445416549984,0.147143199505992,780,780,0.00368757464785938,0.0742255624959437
0.182762937734407,0.146688394926812,781,781,0.00174286607922304,0.0725675049956968
0.183071334555779,0.147014956641218,782,782,0.000449167176837104,0.0730046014087322
0.181253597342887,0.146235278493983,783,783,0.0019778944836388,0.0710585188108591
0.179554076755502,0.144848446412593,784,784,0.00219355270028267,0.0688756432146404
0.179968079240116,0.145106602490437,785,785,0.000487896113732051,0.0693633679192715
0.179973969812633,0.144999738501448,786,786,0.000107026216354986,0.069309424621596
0.184020516065205,0.147136321265638,787,787,0.00457597229913332,0.0738652783927965
0.178476604636307,0.144414248409423,788,788,0.00617613427363714,0.0677377813892096
0.175998700703211,0.142826189477414,789,789,0.00294311723741802,0.0647951433222998
0.173546108625227,0.14164683639628,790,790,0.00272141169082725,0.0621015883562609
0.176617324957576,0.143050773814897,791,791,0.0033768935481416,0.0654345729046928
0.177991708982931,0.144235161022109,792,792,0.00181430551610146,0.0672350414195342
0.177526929133017,0.14398753475775,793,793,0.000526629922893124,0.0667110549665271
0.17477773776984,0.142785763277746,794,794,0.00300038461559732,0.0637603206972927
0.177260560903628,0.143784613533003,795,795,0.00267621235071075,0.066376821174148
0.176278506621924,0.143502349534105,796,796,0.00102181386626265,0.0654044484985911
0.178628418679522,0.14446017972454,797,797,0.00253762198763998,0.0678896108386034
0.179269546742623,0.145432029473766,798,798,0.00116427536621153,0.0689631491264932
0.181043410465542,0.145502290557053,799,799,0.00177525466548071,0.0704791419252834
0.18092117929408,0.146005599284606,800,800,0.000517938350104132,0.0706545326437123
0.182203312110062,0.146013198143933,801,801,0.00128215533399136,0.0717295969766843
0.185151729427814,0.147773518089644,802,802,0.00343393229270637,0.0751610241513371
0.186046743571195,0.148171995309097,803,803,0.000979711391826257,0.0761288874868161
0.187611314088581,0.149264337410869,804,804,0.00190816460798763,0.0780358492437891
0.184448315569759,0.147209474857416,805,805,0.00377187218018497,0.0742639828346948
0.182746725709844,0.146818443794653,806,806,0.00174594196450288,0.0726254187441807
0.189566343994294,0.1502024508934,807,807,0.00761306098688131,0.0801873023611237
0.192039928005234,0.151678760684193,808,808,0.0028806437574908,0.0830664398565366
0.191633887479575,0.15107416727156,809,809,0.00072828710209397,0.0823988868648162
0.190913931505029,0.151197099984856,810,810,0.000730375969814365,0.0818587635478637
0.18908993872658,0.149693894968743,811,811,0.00236359365718854,0.0795117948712008
0.1854296646717,0.147793134991739,812,812,0.00412437809215042,0.0754049791674953
0.186173469964802,0.148086839534856,813,813,0.000799692861475374,0.0761892575203693
0.187412294722736,0.148506748311555,814,814,0.00130805587098496,0.077458931309539
0.184479247479815,0.147282380811449,815,815,0.00317833948855705,0.0743295734442551
0.186634412577679,0.148378978487301,816,816,0.00241811146594509,0.0767349676343967
0.18511883818812,0.147527159689345,817,817,0.00173855140701627,0.074999576289249
0.183028445453921,0.146314552592723,818,818,0.00241664183402699,0.0725857380800321
0.186508292989044,0.148544405311208,819,819,0.0041329870570608,0.0767186811506788
0.184010457794441,0.146908007640498,820,820,0.00298613094088309,0.0737325990892417
0.184248753182227,0.148116459392572,821,821,0.00123172250484076,0.0745942599688773
0.184445927412779,0.148413862773048,822,822,0.000356828317139031,0.0749231401455148
0.183539222925344,0.148059390810066,823,823,0.000973531406825482,0.0739723519125937
0.186821187782524,0.150042859365231,824,824,0.00383476737665925,0.0778030847248652
0.186173205118938,0.149523457370014,825,825,0.000830457684016959,0.0769758273366086
0.180007511076675,0.146410401259423,826,826,0.0069070182691579,0.070123214654769
0.180810691428302,0.146491803070143,827,827,0.00080729482348676,0.0708334372869884
0.182905975095729,0.147415409736025,828,828,0.00228981722420045,0.0730879804819567
0.183626339962438,0.148191396440438,829,829,0.00105881108164531,0.074118249618923
0.182291709922669,0.147655904253963,830,830,0.00143805049453403,0.0727123863425657
0.182267068669016,0.147494867831285,831,831,0.000162910775611331,0.0726017428036661
0.183609711721379,0.148116376930762,832,832,0.00147951476058622,0.0740626345998373
0.183697608394344,0.148081009796897,833,833,9.47452335271096e-05,0.0741159754738769
0.182638105051423,0.147401207161466,834,834,0.00125884032220127,0.0728573724607167
0.18443409490446,0.147801038718331,835,835,0.00183995783268983,0.074575135051868
0.178109123220767,0.144416179280864,836,836,0.00717373962525261,0.0674333176355073
0.17805695335476,0.144515588267768,837,837,0.000112266832129938,0.0674454382845794
0.178873179755487,0.144925714259639,838,838,0.000913470780294932,0.06835168746441
0.177623731227018,0.144445178431691,839,839,0.00133866960346343,0.0670469533549587
0.17649626284954,0.143715953995481,840,840,0.00134274093576419,0.0657045122060573
0.176258683299713,0.143213705978421,841,841,0.000555605177385159,0.0652267300286449
0.178266625644984,0.144238689811727,842,842,0.00225442327890583,0.0674657046433773
0.179528985311895,0.145415997629628,843,843,0.00172615341923464,0.0691694358182301
0.181416519500705,0.147043732666988,844,844,0.00249244993245079,0.0716444630922099
0.1825801821819,0.147347306916816,845,845,0.00120260889767476,0.0727792544663861
0.179901698366333,0.146363567894081,846,846,0.00285342215858611,0.0700094254701626
0.180207192932673,0.146343490493893,847,847,0.000306153608604685,0.0702505765681466
0.178917357737729,0.145452570639807,848,848,0.00156761379699198,0.0686830100731158
0.180482262389065,0.145376000584955,849,849,0.00156677680001734,0.0699408950185744
0.179277620523837,0.145512855123733,850,850,0.00121239069125558,0.0690150735666552
0.183967448857673,0.148329052154845,851,851,0.00547041639355692,0.0744782032091337
0.181772621928986,0.147234354562657,852,852,0.00245267773366842,0.0720462098955276
0.180773895151907,0.146623353126854,853,853,0.00117080225905517,0.0708766541297302
0.178994038161,0.14551274780167,854,854,0.00209793591332229,0.0687802539578737
0.179514966351268,0.14618411645719,855,855,0.000849765880128211,0.0695889147265638
0.179180159326385,0.145324523245813,856,856,0.000922494570691446,0.0688289345253148
0.184113453631904,0.147848742153907,857,857,0.00554157683343309,0.0743336248992265
0.182398911405872,0.147279465101897,858,858,0.00180658003055249,0.0725908927769331
0.186063730530913,0.149464573220223,859,859,0.00426680169541992,0.0768520698175135
0.180806806924358,0.146520704970142,860,860,0.00602508141679345,0.0708463918994177
0.18569348570022,0.149123423228985,861,861,0.00553658484928939,0.0763548471491309
0.185466041082311,0.147987019895296,862,862,0.00115894071937937,0.0755409067322779
0.187901907297639,0.150501960938925,863,863,0.0035011958916779,0.0789571873049346
0.187356733288804,0.14984598873813,864,864,0.000852944446095268,0.0781406828717092
0.188337531029474,0.150739885698575,865,865,0.00132703277427344,0.079451740503914
0.185824524461891,0.148425209759322,866,866,0.0034165665093007,0.0760803558527226
0.187629764586009,0.150257448390351,867,867,0.00257215674226199,0.0785952657108191
0.184584915282183,0.148141536972649,868,868,0.00370785496083238,0.074888386763868
0.188041595125647,0.150244730615321,869,869,0.0040462401113604,0.0789319718200473
0.184512732634204,0.148254256497756,870,870,0.00405152535426015,0.0748904096922304
0.184819406976616,0.149036976020731,871,871,0.000840653914486474,0.0755801301721488
0.18191593829415,0.146705110338162,872,872,0.00372393984264041,0.0718702218771538
0.186851534617938,0.149816454982594,873,873,0.00583443026934265,0.0777029486924515
0.184660246071862,0.14817754719573,874,874,0.00273637793917622,0.0749710905001415
0.180534253998666,0.145722200567287,875,875,0.0048013058279882,0.0701754114095427
0.180924205299497,0.14568378778022,876,876,0.000391838690317923,0.0704792850572337
0.182595877115753,0.146729084764636,877,877,0.00197158120474209,0.072450289892221
0.177419521511637,0.14304391522223,878,878,0.00635414289236124,0.0661006644132799
0.17926805749709,0.14460816994478,879,879,0.00242156522244067,0.0685045537501712
0.179511410374824,0.144140541817141,880,880,0.000527159073582714,0.0684519879923513
0.178288472265378,0.144018554507261,881,881,0.00122900712907128,0.0673622226108099
0.175890478222694,0.142146192027032,882,882,0.00304238667596924,0.0643296911964344
0.179138650801632,0.144784269104735,883,883,0.0041845042442875,0.0684939374260989
0.176941864826971,0.143007885384674,884,884,0.00282513853454405,0.0656816000055918
0.178349298749648,0.143936389520483,885,885,0.00168611689301729,0.0673677167326107
0.174074773085394,0.140957641454758,886,886,0.00521003931783928,0.0621595683104684
0.179010228468534,0.144503979483828,887,887,0.00607743640488318,0.0682320063412012
0.177506054911784,0.142512817102517,888,888,0.00249544900119725,0.0658842196741437
0.176664902504001,0.142961118915458,889,889,0.000953158899976375,0.0654247083446826
0.173424661716961,0.140776078940458,890,890,0.00390814022910419,0.061516730600618
0.173181513680895,0.141292811091649,891,891,0.000571080627860479,0.0616013227559072
0.172699836922663,0.140511282100708,892,892,0.000918041427770575,0.0607662796024336
0.177217886403896,0.143458348051011,893,893,0.00539425331536354,0.0661603387164532
0.178122209423508,0.143568870696342,894,894,0.000911051798160414,0.0669761037927009
0.178614537196592,0.144011894191497,895,895,0.000662311447438734,0.0676307821227903
0.174674830485851,0.141492874936451,896,896,0.00467618936463796,0.0629549932633562
0.175798267520054,0.141550388366315,897,897,0.00112490824711827,0.0639273737038535
0.172801164307809,0.140578071814171,898,898,0.00315087720205365,0.0608876380094026
0.175158780782826,0.142092295940079,899,899,0.00280200466572617,0.0636893038123613
0.176545759569628,0.142382662248977,900,900,0.00141704719342127,0.0650075156936476
0.178610902200771,0.144255036306272,901,901,0.00278757936163208,0.0677616098035586
0.177862866390323,0.14341743122077,902,902,0.00112300483212333,0.0666761826745792
0.184626292363384,0.147318277122626,903,903,0.0078077224363514,0.0744725138101108
0.179670239614302,0.144407265716276,904,904,0.00574773401085875,0.0687305882631794
0.183331938139275,0.146503664565569,905,905,0.00421935116138785,0.0729432751463458
0.183311939850145,0.146394153401985,906,906,0.000111322174419688,0.0728670197972691
0.182639630123067,0.147047223776707,907,907,0.000937283992962401,0.0726622814721945
0.183158209498432,0.145893935361557,908,908,0.00126451521820551,0.0724672891148869
0.183727988203716,0.147212408212359,909,909,0.00143632114490267,0.0736618777425649
0.183846360948551,0.146656557831535,910,910,0.000568314835792696,0.0734583499926805
0.186207137574959,0.148126120844032,911,911,0.00278080594926988,0.0762388265735449
0.18671781893093,0.148322019394654,912,912,0.000546965894249162,0.0767743527044557
0.189077333232109,0.14985392998663,913,913,0.00281319352325356,0.0795875066637661
0.185192403548597,0.14679769947931,914,914,0.00494299742663337,0.0746687389063113
0.186260537460577,0.148169310869016,915,915,0.00173845559572021,0.0763071052940211
0.186951671167506,0.148191027891736,916,916,0.000691474822339416,0.0769008040225803
0.186237913500181,0.148638973443786,917,917,0.000842677414711471,0.0765434001415144
0.185724937044553,0.147937661624248,918,918,0.000868897641988112,0.075731426211231
0.184193356228038,0.147107530277136,919,919,0.00174208434094739,0.0739945658747024
0.183054736863037,0.146399494850673,920,920,0.00134080879452771,0.072653996711857
0.184160678802401,0.147272486211847,921,921,0.00140897888200285,0.0740570254466469
0.182538804630466,0.145851401704769,922,922,0.00215637589623133,0.071923109212204
0.183341178652096,0.146823359988532,923,923,0.00126035985970752,0.0731252420920025
0.183866377947637,0.146897764226136,924,924,0.000530443484840934,0.0736060902649441
0.183223636289847,0.147024774634783,925,925,0.000655170575165753,0.07313723838225
0.185047999449916,0.147521227009161,926,926,0.00189070513297118,0.074936844377892
0.185104906730993,0.14820895233481,927,927,0.00069007576553499,0.0753597658158746
0.182373306782713,0.145905466314552,928,928,0.00357318990860705,0.071813471602041
0.179077171816477,0.144856465351118,929,929,0.00345903291931845,0.0684827759524281
0.179371985363382,0.144358094498328,930,930,0.000579041047206204,0.0684540122135253
0.181210237840105,0.146199591657562,931,931,0.00260197693218992,0.0710026504826442
0.180136253747157,0.145447664057938,932,932,0.00131104422007141,0.069691979363432
0.177155020235875,0.144113868874631,933,933,0.00326600104712209,0.0664730898426818
0.177263219698234,0.1429850367883,934,934,0.00113400573313645,0.0659376380087808
0.180795913678077,0.14535220936868,935,935,0.00425246196696952,0.0701898753016884
0.179344189273759,0.144113144143071,936,936,0.00190860849296244,0.068296851537878
0.180741534561907,0.145313023584572,937,937,0.00184181555223345,0.0701229133437796
0.177462909820528,0.143037395376608,938,938,0.00399097280567891,0.0661334138165592
0.180053813295375,0.144864182224698,939,939,0.00317016261480912,0.069301684967306
0.175939895304386,0.142195220592538,940,940,0.00490384312866227,0.0643979044955204
0.177636201182008,0.143482550834207,941,941,0.00212947711459179,0.0665225578913225
0.178211327833187,0.143102109870159,942,942,0.000689569425093207,0.0667962874985861
0.1778203669676,0.143218976935418,943,943,0.000408054297076491,0.0665319928432707
0.175159471972268,0.141316342716745,944,944,0.00327114340044153,0.063263976170044
0.176108718935795,0.141771422451643,945,945,0.00105269528491397,0.0643080856124036
0.17359952630801,0.140362170980288,946,946,0.00287785290674265,0.0614360335100243
0.173806885042178,0.140966994358981,947,947,0.00063938170449995,0.0619408965900602
0.171135064042338,0.139661751756745,948,948,0.00297359810765963,0.0589931028072328
0.173334509341494,0.141234616923163,949,949,0.00270397197761206,0.061695810880909
0.172998474240793,0.141062466265057,950,950,0.000377565144034754,0.0613208634529845
0.172263424958069,0.140820955355217,951,951,0.000773708580542065,0.0605764151791895
0.170749539953837,0.139694283694079,952,952,0.00188712395937507,0.0586912379729864
0.173414154035321,0.141553277088037,953,953,0.00324900363835122,0.0619398713759361
0.172928567890188,0.140873556683481,954,954,0.000835352460171717,0.0611575954783644
0.173965645191432,0.141972894918763,955,955,0.00151131528289364,0.0626317785032113
0.17216766562188,0.140399691798612,956,956,0.00238907902543581,0.0602616890897029
0.173537938086147,0.141642489233522,957,957,0.00184991677935672,0.0620923848484847
0.169991628136751,0.139111617120985,958,958,0.00435679101027413,0.0577370939952626
0.169191174635136,0.139043090599453,959,959,0.000803381411534874,0.0570361951368639
0.169381666974913,0.138784863479175,960,960,0.000320887172010076,0.057048682269758
0.17062104727041,0.139741674087074,961,961,0.00156574265326554,0.0586113443397666
0.1682886423198,0.137751087801409,962,962,0.00306635722222764,0.0555648787928418
0.168112402580666,0.138453167600428,963,963,0.000723862203628281,0.0558128176997753
0.164890604579902,0.136576733479365,964,964,0.00372840279052746,0.0520954222619834
0.169863795885602,0.138897619181715,965,965,0.00548809094371263,0.0575116317141772
0.165533943567354,0.136157714950243,966,966,0.00512393367399251,0.05238968690416
0.166309915528871,0.137116028773446,967,967,0.00123308469652407,0.0535700805678202
0.167745304511699,0.137279828377925,968,968,0.00144470475961385,0.0548513312327154
0.167859943806149,0.137555620696412,969,969,0.000298669668309766,0.0550999144100844
0.167648038022971,0.136792495692917,970,970,0.000791999893878259,0.0545012841285346
0.172030875243894,0.13947931071751,971,971,0.00514084011436676,0.0596398088109085
0.169739437189664,0.138033296141432,972,972,0.00270954728886623,0.0569306113053856
0.169036618171789,0.138120638249103,973,973,0.000708225398908452,0.0563921723498956
0.168980038734727,0.137346462310568,974,974,0.000776240694955943,0.0559193249832918
0.168048541914509,0.137205201859354,975,975,0.000942146931828228,0.0550627738223061
0.165754602986346,0.135709844502057,976,976,0.00273829316037567,0.0523245312021056
0.166763951363079,0.136454774034599,977,977,0.0012544736561866,0.05357735696286
0.165281440764031,0.135606290070295,978,978,0.00170814598731228,0.0518729727605795
0.164922034995547,0.135218896648045,979,979,0.000528437479766722,0.051359278127198
0.165680945429582,0.135500826451173,980,980,0.000809585981090717,0.0521480178615408
0.166591175111262,0.13630396056472,981,981,0.00121389557942793,0.0533500366408393
0.164824213773464,0.135232106561105,982,982,0.0020666454399196,0.0512850516597557
0.165655090354422,0.135656257692825,983,983,0.000932877309898852,0.0522119657075045
0.165529460919623,0.135409722223347,984,984,0.000276699281890069,0.0519713893226538
0.163558436221744,0.135019239531805,985,985,0.00200933200144877,0.0501155421529886
0.165506177118317,0.135374411508611,986,986,0.00197985901853952,0.0519325398480909
0.166200833330463,0.136038336451965,987,987,0.000960907687283531,0.0528779294484125
0.167526450231196,0.136380254141198,988,988,0.00136900251048753,0.0541740006828628
0.166112809682264,0.135713553761033,989,989,0.00156296800942853,0.0526257891261748
0.166003756650743,0.135694303879918,990,990,0.000110738979618214,0.052524049147184
0.16670984685228,0.136148149328013,991,991,0.000839368252593835,0.0533633777769831
0.164363083086837,0.134667480073684,992,992,0.00277483001488594,0.0505890244306779
0.169212228885103,0.137293527023691,993,993,0.00551455687761824,0.0560853861834487
0.168340155701367,0.136656955896474,994,994,0.00107969182538285,0.0550074854835936
0.166540774308342,0.136153669612022,995,995,0.00186844065511343,0.0532251576061927
0.16811548853159,0.136446402606361,996,996,0.00160169207117805,0.0547046124143948
0.165103327196401,0.135092375354284,997,997,0.00330249991802837,0.0514409930254649
0.164516589451949,0.134536320167795,998,998,0.000808367831612764,0.0506455514704308
0.164563512302076,0.134503080860095,999,999,5.75030907037886e-05,0.0506667163290432
0.162095893673958,0.133203843184064,1000,1000,0.0027887560367758,0.0478905421748039
0.163705345709402,0.134507396315559,1001,1001,0.00207113172469165,0.049952072201423
0.162538875719591,0.133729100302458,1002,1002,0.00140228275363407,0.0485497921374742
0.163300035437517,0.134066549209041,1003,1003,0.000832607879344524,0.0493707225891026
0.161367016242674,0.132746525379539,1004,1004,0.00234073196203296,0.0470302889166982
0.159362210668824,0.132010793605274,1005,1005,0.00213554363865556,0.0449541608869435
0.159860964507801,0.132229166859515,1006,1006,0.00054446512290713,0.0454898399219495
0.159527126274667,0.1320025032798,1007,1007,0.000403514986427613,0.0450863299315989
0.159607038146301,0.131466923774293,1008,1008,0.000541508369230939,0.0448567050698578
0.158873998385058,0.131150527799116,1009,1009,0.000798406979348506,0.0440704439930174
0.157381740035343,0.130155102841811,1010,1010,0.00179379648453181,0.0422766672136985
0.158914280934388,0.131562960083944,1011,1011,0.00208104387783445,0.0443325183336025
0.161011560217518,0.132646689346915,1012,1012,0.00236073071460248,0.0466786972886438
0.160717263331621,0.132516543238837,1013,1013,0.000321789786191344,0.046361513753651
0.162055085298781,0.133484749932373,1014,1014,0.0016514211507747,0.048011652404715
0.162483835391085,0.133811967402171,1015,1015,0.00053934952877688,0.0485499048243409
0.161780003548229,0.132977818527436,1016,1016,0.00109141358257961,0.047502410420395
0.161802814144361,0.133389146087025,1017,1017,0.000411959566671984,0.0477487407774436
0.160132312102415,0.132187300371418,1018,1018,0.00205791404005726,0.045692118411899
0.159017352606567,0.13203948255003,1019,1019,0.00112471542431986,0.0446848839103036
0.160657553321269,0.132146993262398,1020,1020,0.00164372045609446,0.0461081126952392
0.162451756725428,0.133337343011812,1021,1021,0.0021531600919178,0.0482612431551789
0.162838931525245,0.133139870475482,1022,1022,0.000434625963580144,0.0484781094459239
0.160928078072515,0.132488347373659,1023,1023,0.00201887178147087,0.0465217236018417
0.159503275041164,0.131337522522136,1024,1024,0.00183151890982135,0.0446989966336092
0.159869508760699,0.13158028170967,1025,1025,0.000439384979780497,0.0451383739322842
0.15694218083871,0.129852324224961,1026,1026,0.00339927725138983,0.0417430238346221
0.157469571069098,0.130586456048207,1027,1027,0.000903930300969881,0.0425887553309914
0.155558244924872,0.129229524631264,1028,1028,0.00234402015773953,0.0402456101993708
0.157091043056221,0.130150318786825,1029,1029,0.00178810849457801,0.042031721702881
0.155970770524283,0.129386384108495,1030,1030,0.00135595233639306,0.0406758585575804
0.156454215824944,0.129942706907491,1031,1031,0.000737030810355848,0.0413869345350658
0.154114654206237,0.128630970917301,1032,1032,0.00268220056589491,0.0387140323711282
0.156399508146183,0.130190473864584,1033,1033,0.00276633457294518,0.0414803628389041
0.157573829722435,0.130325199043456,1034,1034,0.00118202455062232,0.0425307027650976
0.160725716220403,0.132487470374359,1035,1035,0.00382227756769625,0.0463524767463828
0.160681664783062,0.132213727312143,1036,1036,0.000277264843142816,0.0461648895385108
0.160693695258061,0.132662824689118,1037,1037,0.000449258484988402,0.0464230206067332
0.160861886340233,0.132562573052035,1038,1038,0.000195802530269838,0.0465074675116537
0.161931608097027,0.133668879966979,1039,1039,0.00153890208493279,0.0480115033422753
0.164758311747656,0.134766217043272,1040,1040,0.00303222726514427,0.050973651785853
0.161662857807934,0.133461537414879,1041,1041,0.00335917013943666,0.0476727828495983
0.160362838824425,0.132310330473908,1042,1042,0.00173646963072265,0.0459521943530824
0.16155340140775,0.132918932131261,1043,1043,0.00133709956328828,0.0472808105625626
0.159411543085419,0.131898307296966,1044,1044,0.00237260028772612,0.0449322894441409
0.158719314903021,0.132058433398455,1045,1045,0.000710507019588713,0.0444497096879912
0.158477555983575,0.131618169233434,1046,1046,0.000502274735710301,0.0440015655364508
0.158932774481757,0.132300906365759,1047,1047,0.000820581423712758,0.0447630748440341
0.157449528179359,0.131044025766668,1048,1048,0.00194416265624793,0.0428287762894809
0.158111587937505,0.131262148902316,1049,1049,0.00069706586895475,0.0434988027946308
0.159070641296246,0.131563464089607,1050,1050,0.00100527319023442,0.0444627275143129
0.159545148659553,0.132440266919487,1051,1051,0.000996965616417198,0.04534675588315
0.156883704340329,0.130865222590479,1052,1052,0.00309257991047424,0.0422611608536602
0.159719990656302,0.132469712032551,1053,1053,0.00325866635848098,0.0455078008180944
0.158404362320244,0.13150572110233,1054,1054,0.00163099859968938,0.0438778219447388
0.155387061254525,0.130084751408359,1055,1055,0.00333515525761114,0.0405865902135066
0.157436857356754,0.131017722291582,1056,1056,0.00225213204090166,0.042803469915999
0.158617350798211,0.131685468185134,1057,1057,0.00135626300682368,0.0441550066086275
0.157920265288923,0.131160022134955,1058,1058,0.000872938576824578,0.0432831332713201
0.158727867878519,0.13188652077894,1059,1059,0.00108628827777642,0.0443595534952235
0.157874070550536,0.131060100626138,1060,1060,0.00118825087680455,0.0431888501934573
0.158505219596249,0.131989806141149,1061,1061,0.00112369989879244,0.0442344776003232
0.154461455332117,0.129035905434207,1062,1062,0.00500774987497833,0.0392287526635902
0.156130270045963,0.129998018252249,1063,1063,0.00192629271498169,0.041149503182063
0.155932118098222,0.129566720917142,1064,1064,0.000474638373569118,0.0407438904194436
0.157647357796468,0.13105380747755,1065,1065,0.00227012635344035,0.0429977064923697
0.156198930975944,0.12964834629847,1066,1066,0.00201823224142172,0.0410110051548644
0.157288773006547,0.130855663789105,1067,1067,0.00162645970588275,0.0425897952667922
0.155517445955852,0.129554211068422,1068,1068,0.00219803974138224,0.0403931943751192
0.16046713831952,0.132312107855104,1069,1069,0.00566616706256994,0.0460400598332376
0.159985673587204,0.131898656712704,1070,1070,0.000634625980886538,0.0454103647176169
0.158071101883332,0.131010941756423,1071,1071,0.00211036078737156,0.043324776874432
0.159161588121125,0.131421398531549,1072,1072,0.00116517595197645,0.0444597484079012
0.159039586106268,0.131152448198129,1073,1073,0.00029532824699897,0.0442097659678686
0.161379367621768,0.132707716472286,1074,1074,0.00280952610681468,0.0470192592023628
0.160613213232402,0.13217964564624,1075,1075,0.000930511335592276,0.0460889676724806
0.161472962701498,0.132684878578055,1076,1076,0.000997210842801307,0.047084947432811
0.161345701679408,0.132794219426186,1077,1077,0.000167781968081335,0.0470387695400769
0.159397156111935,0.131721791102351,1078,1078,0.00222417003358185,0.0448222066572875
0.159256686476564,0.131749693982162,1079,1079,0.000143214137440847,0.0447209091481004
0.160601399705586,0.132578661507007,1080,1080,0.00157969643462099,0.046299520833472
0.159360295288503,0.13181599880548,1081,1081,0.00145670675511712,0.0448438910403999
0.162670613568555,0.13356722767462,1082,1082,0.00374499795291771,0.0485703907750247
0.161119376742585,0.133065268311754,1083,1083,0.00163042905157389,0.0470006708557119
0.160006504021402,0.132346884927946,1084,1084,0.00132459819556105,0.0456762966377233
0.160930681851319,0.132430581588324,1085,1085,0.00092796001652441,0.0464921047284818
0.160853730725374,0.132736792129992,1086,1086,0.000315731486571345,0.046597181506276
0.158471773440961,0.131302922808656,1087,1087,0.00278023411522044,0.0438201856527805
0.158363703591722,0.131525939874532,1088,1088,0.000247821919907154,0.0438555540132106
0.158065571491926,0.131312222576587,1089,1089,0.000366821253977621,0.0434888456749632
0.158811654565065,0.132065416110462,1090,1090,0.00106016057816488,0.0445297650011956
0.157610417242555,0.130927403687857,1091,1091,0.00165470341118722,0.0428961334563586
0.15783097170172,0.131169997464083,1092,1092,0.000327865841040505,0.0432148745600002
0.153623220226896,0.128737563766423,1093,1093,0.00486023725422879,0.0383693040728518
0.156708510062658,0.130561961745678,1094,1094,0.00358433276320232,0.0419449975735408
0.157746944235646,0.130738581847149,1095,1095,0.00105334713740227,0.0429038595119087
0.158842817914558,0.131192564709139,1096,1096,0.00118618698319987,0.0440676234019348
0.157592031118447,0.130724190947748,1097,1097,0.00133560532706499,0.0427672048599145
0.159137986958836,0.131831773321464,1098,1098,0.0019017671190235,0.0446681641719085
0.157621249028853,0.13089115657418,1099,1099,0.00178472793823657,0.0428847813110917
0.157424010711299,0.130722247788505,1100,1100,0.000259678901317967,0.0426267817349754
0.155404656155931,0.129394872394923,1101,1101,0.00241655090072009,0.0402104321793945
0.154485077095378,0.128929220928403,1102,1102,0.00103075551751092,0.0391880707492221
0.156214348001742,0.129909353027823,1103,1103,0.00198772150964594,0.0411693629487211
0.155067815139095,0.129664790116708,1104,1104,0.00117232615880646,0.0400848069736076
0.154461573038646,0.128766391575267,1105,1105,0.00108381244854481,0.0390771495030887
0.155038784193454,0.129265389886973,1106,1106,0.000763001987101239,0.039834960166296
0.156849352035684,0.13001419522069,1107,1107,0.00195930225823382,0.0417551033997468
0.155106880337439,0.129164793399071,1108,1108,0.00193847648264139,0.039834880089071
0.161514066859848,0.133473259035683,1109,1109,0.00772106956805898,0.0475559338096592
0.159382298628574,0.131644155532891,1110,1110,0.00280892424529304,0.0447668220581847
0.162206023633668,0.133616416835126,1111,1111,0.00344430508937389,0.0482102764548388
0.15794067127985,0.130866584836993,1112,1112,0.00507491938065794,0.0431360508788186
0.157395754769354,0.131032468828473,1113,1113,0.000569606444872435,0.0427778734322408
0.156480491567277,0.130063278908501,1114,1114,0.00133305507390045,0.0414760704569127
0.156832705811521,0.130491300728735,1115,1115,0.000554308174614679,0.042007744104255
0.159676657945058,0.131739036661557,1116,1116,0.00310562533089596,0.0450645682582891
0.157881725389003,0.13091638451428,1117,1117,0.00197447193857081,0.0431148492814299
0.15826054887051,0.131339414702031,1118,1118,0.000567857173846919,0.0436654676512696
0.158439435568145,0.131663239298035,1119,1119,0.000369949752761569,0.0439954452858039
0.1616683492715,0.13243699594817,1120,1120,0.00332032875741781,0.047113441294324
0.161982710866478,0.133042336986288,1121,1121,0.000682100421365029,0.0477072413202394
0.160412111012397,0.132011815128485,1122,1122,0.00187849918846054,0.0458287421661476
0.158661576798713,0.131356073475545,1123,1123,0.00186932264435058,0.0440074139943857
0.157800820305741,0.130069311780157,1124,1124,0.001548114143372,0.0425802176125329
0.160826028444219,0.132196708721498,1125,1125,0.00369833773838154,0.0462762887234546
0.160111428431694,0.131539081104468,1126,1126,0.000971147393849272,0.0453185471663699
0.158982903596514,0.131820295378513,1127,1127,0.0011630347249953,0.0445332227247001
0.159434340717299,0.131352259036584,1128,1128,0.00065027185960091,0.0446494104319858
0.158108296798951,0.131546592972886,1129,1129,0.0013402082495593,0.0436562707060884
0.1580997555306,0.130998403752585,1130,1130,0.000548255756485112,0.0433415868659037
0.159110368401289,0.131914126039604,1131,1131,0.00136377625780231,0.0446913751435636
0.155036647199296,0.129107642979518,1132,1132,0.00494687291105329,0.0397446904859351
0.156580253597553,0.130690340516564,1133,1133,0.00221080352055744,0.0419120869043341
0.153383194795071,0.128126135620783,1134,1134,0.00409833279933105,0.0378252960617979
0.152755393301447,0.128349995002592,1135,1135,0.000666519120671322,0.0374357811022746
0.14971338222559,0.126018589731339,1136,1136,0.00383265990200828,0.0336069909603266
0.149576838570456,0.126311250507051,1137,1137,0.000322946589079376,0.033663114664669
0.149632845961846,0.12608134613394,1138,1138,0.000236628080890968,0.03357672912388
0.151148658385329,0.127399798989874,1139,1139,0.00200898114388963,0.0355749705422554
0.152543869764234,0.12793168003249,1140,1140,0.00149315512768122,0.0370231316232581
0.15282764553445,0.128418562183738,1141,1141,0.000563544955585616,0.0375343049932635
0.148850963075107,0.125561574206893,1142,1142,0.00489656856199194,0.0326380936268667
0.152877807980088,0.128553937221094,1143,1143,0.00501694292348755,0.0376532037431598
0.150805242914864,0.127031896599351,1144,1144,0.00257140693081092,0.0350823225736136
0.154489950635564,0.129813501134556,1145,1145,0.00461675153947682,0.0396966942652777
0.154321660554074,0.129411780480862,1146,1146,0.000435546823122744,0.0393278046104678
0.154812190444353,0.130135457982376,1147,1147,0.000874258943022107,0.0401458306801558
0.150916641840536,0.127556770464571,1148,1148,0.00467171577037647,0.0354771015839342
0.150380961807065,0.127676471967633,1149,1149,0.000548891198776569,0.0351141999536959
0.147242392302429,0.125046535387775,1150,1150,0.00409477532344641,0.0310286212571384
0.145572025486183,0.124163420986118,1151,1151,0.00188944868869998,0.0291587935398349
0.145414050220058,0.123804315350409,1152,1152,0.00039231752739986,0.0288192288633461
0.146019820219059,0.124406037761598,1153,1153,0.000853830868390273,0.0296632872232367
0.143964529134704,0.122663232154669,1154,1154,0.00269473427724763,0.0269759185682039
0.145023445045018,0.123293355111128,1155,1155,0.00123221663897713,0.0282034740487677
0.14230888811298,0.121402843266825,1156,1156,0.00330799854454632,0.0248958190688131
0.143751071092885,0.122901116268868,1157,1157,0.00207959460861424,0.026944111032733
0.143406863005509,0.122221513955676,1158,1158,0.000761799521863156,0.0262652187381752
0.145155907776497,0.123832466730339,1159,1159,0.00237788276689917,0.0286274777872409
0.143745606526075,0.122449740353979,1160,1160,0.00197506502394826,0.0266734707902644
0.144651417092469,0.123311872064681,1161,1161,0.0012505054453251,0.0279128427805767
0.143596802340084,0.122609467417096,1162,1162,0.00126711663429107,0.0266469310730482
0.14278258538045,0.122407547423427,1163,1163,0.00083888076697338,0.025872716707926
0.141989705556524,0.121307477694748,1164,1164,0.00135602795809904,0.0245812719890993
0.14375362777039,0.122864800211711,1165,1165,0.00235301402426964,0.0269245666674453
0.142279592041539,0.121632842285509,1166,1166,0.00192106784415873,0.025007192272241
0.142421825910598,0.12221958663298,1167,1167,0.000603737859336609,0.0254714856629681
0.141381832072636,0.121117426770553,1168,1168,0.00151536911191424,0.0239786019402251
0.140548696302437,0.121080740302662,1169,1169,0.000833943108678283,0.0232915018805456
0.141162411219827,0.120912329510528,1170,1170,0.000636402541427158,0.0236802633531511
0.140637582783481,0.120724015686162,1171,1171,0.000557590337115693,0.0231466076081074
0.140437944709997,0.120166914203692,1172,1172,0.000591791705040882,0.022655469718284
0.140535960313431,0.120611479276297,1173,1173,0.000455241872301362,0.0229978492253794
0.139732034148336,0.119716775172241,1174,1174,0.00120282696708107,0.0218198132061746
0.140105946596435,0.120161712571565,1175,1175,0.000581188272559713,0.0223844987705101
0.140071314566168,0.120002950493882,1176,1176,0.00016249546095449,0.0222625792702246
0.140225102485762,0.120326674905766,1177,1177,0.000358396734168456,0.0225784351450178
0.141488551447216,0.120601478563156,1178,1178,0.00129298891268033,0.0237625252990158
0.140694918673948,0.120488626797841,1179,1179,0.000801616179813732,0.0230526471780504
0.139060965437713,0.119088487480473,1180,1180,0.00215178839253407,0.0209077304841363
0.140952561266127,0.12072876517708,1181,1181,0.00250372636285603,0.0234024413924154
0.140834320208764,0.12019115091011,1182,1182,0.000550463484434716,0.0229915280290494
0.14061101839476,0.120414556059827,1183,1183,0.00031586953170174,0.0229411929597196
0.141447210163417,0.120709668663047,1184,1184,0.00088674016631027,0.0237916078394169
0.14231627405441,0.12161111714918,1185,1185,0.00125215071767729,0.0250239925066428
0.142797010910859,0.121365454057945,1186,1186,0.000539868761407127,0.0252721808534124
0.14337785815098,0.122249466055798,1187,1187,0.00105776213238273,0.026258063919916
0.141737358253565,0.120978417115295,1188,1188,0.002075284395588,0.02418401489403
0.142078270691293,0.121336775730297,1189,1189,0.00049461316919735,0.0246701660097694
0.140743929149017,0.120262599665584,1190,1190,0.00171298615564897,0.0229595583300325
0.142519024918754,0.121856942273499,1191,1191,0.00238597848757078,0.0253327909095964
0.141373085878258,0.120856822388325,1192,1192,0.00152099180446588,0.0238175282391055
0.142451819226749,0.122004460071246,1193,1193,0.0015750358371811,0.0253664283872293
0.143864498203065,0.122304028490581,1194,1194,0.00144409249287891,0.0266854664152987
0.143688002461157,0.122495024617935,1195,1195,0.000260058200362624,0.0266532793690375
0.142947965443301,0.121751666922423,1196,1196,0.00104892108915437,0.0256184618487915
0.142980416944831,0.122096090696686,1197,1197,0.000345949181570139,0.0258463579821439
0.142619572213758,0.121690086969865,1198,1198,0.000543183160762703,0.0253158223082071
0.144323200169408,0.122938841041149,1199,1199,0.00211228192763662,0.027428058927371
0.140918619675955,0.120673643241557,1200,1200,0.00408928959694426,0.0233424524973531
0.140889032615642,0.120791522145922,1201,1201,0.000121535304468483,0.023388612384157
0.140769088577022,0.120633051877948,1202,1202,0.000198744555226727,0.0231979518919525
0.143339042970207,0.122894529288324,1203,1203,0.00342329456236125,0.0266101839777861
0.143163767347546,0.122284118170511,1204,1204,0.000635077378473628,0.0261053341305681
0.142891849412179,0.122445061879407,1205,1205,0.000315978228691793,0.0259826255032121
0.142526875715445,0.121665988324019,1206,1206,0.000860326335765852,0.0252265974985516
0.144344447998468,0.123041174575409,1207,1207,0.00227918981877907,0.0275053427096
0.140652472886722,0.12042408646026,1208,1208,0.0045254646643414,0.02298027802064
0.143888536189202,0.122580936664538,1209,1209,0.00388897267942895,0.0268661326676271
0.142602596814226,0.121532269911356,1210,1210,0.00165931975078403,0.0252099095261804
0.142358667235799,0.121409941796986,1211,1211,0.000272884236987965,0.0249403833813625
0.141030936840663,0.120287187011396,1212,1212,0.0017388060014661,0.0232074373181223
0.145485648098531,0.123525050313327,1213,1213,0.00550710551496567,0.0287142378142416
0.142412948464992,0.121572492160594,1214,1214,0.00364059972775869,0.0250794850810863
0.141793541635779,0.12122387802175,1215,1215,0.000710771860639637,0.0243734696694174
0.141565843155534,0.120754611517948,1216,1216,0.000521591458420004,0.0239142581690877
0.141947933009007,0.121193853276197,1217,1217,0.000582173495030701,0.0244807977824
0.141412132122612,0.12037304059906,1218,1218,0.000980212242736399,0.0235685305865134
0.142511083020967,0.121204139000214,1219,1219,0.00137783076950566,0.0249454667028658
0.143326133600295,0.121602144833694,1220,1220,0.00090703698400228,0.0258415708584089
0.142017276208737,0.12119945125428,1221,1221,0.00136940490372171,0.0245403217687994
0.138925216786181,0.118408257589414,1222,1222,0.00416552440244988,0.0204053304182833
0.139196856476351,0.119125253504751,1223,1223,0.000766727633443712,0.0210395262320875
0.138481325530777,0.118332278710741,1224,1224,0.00106807937814065,0.0199972191590984
0.139478369108046,0.119279815228669,1225,1225,0.00137547131841426,0.0213584006261266
0.136966368374751,0.117504174438371,1226,1226,0.00307620673886613,0.0182822399264804
0.137153500583114,0.118097693285628,1227,1227,0.000622320725555598,0.0187835763827957
0.137393040182021,0.117575559380627,1228,1228,0.000574458905576438,0.0186717118664015
0.140023056325824,0.11944791513732,1229,1229,0.00322842082081755,0.0219000523407339
0.139135511996276,0.118569482655982,1230,1230,0.00124875080027381,0.0206699533460276
0.14138065249403,0.12034935398542,1231,1231,0.0028650650610432,0.0235291585414239
0.137751176228441,0.117956204583089,1232,1232,0.00434744315941509,0.0191837218638763
0.138863128714007,0.11892177962777,1233,1233,0.00147267562520227,0.02064977013561
0.138347989630267,0.118251036722852,1234,1234,0.000845733007570537,0.0198414002281292
0.13916634341417,0.119220565810762,1235,1235,0.0012687354207761,0.0210704950357245
0.138377712055385,0.118609811385252,1236,1236,0.000997477011433877,0.0200735629867162
0.136981719805752,0.117795894316451,1237,1237,0.00161593791833741,0.0184659258105648
0.135898972961517,0.116828739036454,1238,1238,0.00145180235029661,0.0170212981479139
0.139004190244647,0.11926111628758,1239,1239,0.00394446871799605,0.0209633285558641
0.138370633459734,0.118499689191641,1240,1240,0.000990537945835548,0.0200035633106619
0.139140993927162,0.11966108413502,1241,1241,0.00139366189023118,0.0213115570200391
0.139072645604461,0.119220972649204,1242,1242,0.000445387037489231,0.0209949142566959
0.138557837836389,0.119055170443148,1243,1243,0.000540848786261426,0.0204818381913849
0.136638238951385,0.117319392839498,1244,1244,0.00258800768326535,0.017907913999975
0.137249796058119,0.118084220377918,1245,1245,0.000979266694175685,0.0188528155923535
0.136884103435563,0.117557001571022,1246,1246,0.000641631330700571,0.0182463185750399
0.139160554249874,0.119348662975857,1247,1247,0.002896943026633,0.0211412033324733
0.13787686866682,0.118014230854637,1248,1248,0.00185163650922317,0.0193198396053711
0.141310691964336,0.120565150373628,1249,1249,0.0042776550621736,0.0235965144127736
0.139416748725939,0.11929443227714,1250,1250,0.00228073353792487,0.0213168136311542
0.138522234889855,0.118982060439033,1251,1251,0.000947486764122882,0.0204097453460956
0.138467525006966,0.118618112314112,1252,1252,0.000368037238494812,0.0201513024887215
0.139688076866739,0.119534260441361,1253,1253,0.00152613047720621,0.0216771182733279
0.138925233586266,0.118753793838731,1254,1254,0.00109135603190904,0.020602813169596
0.139272055900295,0.119294176695635,1255,1255,0.000642105403765464,0.0211992897723074
0.138430836111803,0.118402348250881,1256,1256,0.00122597255573808,0.0199962326132215
0.139484333350508,0.119565971615662,1257,1257,0.00156967377726157,0.021530830413067
0.140484879749534,0.119850209210595,1258,1258,0.00104013658092427,0.0225092764689008
0.139215590892238,0.119366560976123,1259,1259,0.00135831138475812,0.0211961948105119
0.139261858635414,0.119090471721022,1260,1260,0.000279939244909992,0.0210721803354996
0.139951569635349,0.119723076163382,1261,1261,0.000935889760561781,0.0220012774185934
0.139543766597846,0.119129019443505,1262,1262,0.000720559993218988,0.0213245532904795
0.141020609460611,0.120496791106425,1263,1263,0.00201292428153349,0.023320926188568
0.141066388997363,0.12010954577879,1264,1264,0.000389941931266857,0.0231341945824006
0.140300426177559,0.119962931002201,1265,1265,0.000779868536380369,0.0224245344567318
0.138771152365003,0.118731989063329,1266,1266,0.0019631343435031,0.0204645219710186
0.138898603266309,0.119193113367048,1267,1267,0.000478413373270238,0.0208379700360736
0.138573355544935,0.11859734471975,1268,1268,0.000678768267793361,0.0202253001237194
0.138533334624282,0.119081002666802,1269,1269,0.000485310914607084,0.0204775562352249
0.138405854508257,0.118613286815116,1270,1270,0.000484777575698584,0.0200984222539826
0.138502214167822,0.118984984646939,1271,1271,0.000383984976494381,0.020395377359203
0.138364786316303,0.118507519843989,1272,1272,0.000496849124411968,0.0200033649237839
0.13992113597261,0.119772314484928,1273,1273,0.00200547494036597,0.0220054395593252
0.139687318837112,0.119261784328584,1274,1274,0.000561526039814366,0.021518362808317
0.1391992335304,0.119281491934273,1275,1275,0.00048848301541593,0.0211328879843405
0.138595834001183,0.118438523115649,1276,1276,0.00103667131774342,0.0201519684396767
0.13864034704628,0.11885522811232,1277,1277,0.000419075727564572,0.0204301976053705
0.138805199699769,0.11890809920069,1278,1278,0.000173123508940685,0.0205947679490438
0.138694208498785,0.119281110667997,1279,1279,0.000389174255877786,0.0207261522043992
0.139376705800292,0.119067140747288,1280,1280,0.00071525218876385,0.0211523513897449
0.13927576317052,0.119360653653682,1281,1281,0.00031038563227871,0.0212413366852682
0.139694036732264,0.119227431909611,1282,1282,0.000438976998881973,0.0215040838913048
0.140646069065464,0.1202062441573,1283,1283,0.00136544460879416,0.0228472057416228
0.140443018493556,0.119569700929648,1284,1284,0.00066814430733339,0.022314184472097
0.142046723772805,0.121052927498901,1285,1285,0.00218445226050574,0.0244790027164513
0.141980221543378,0.120886710563227,1286,1286,0.000179026858945038,0.0243286555617086
0.141911216941418,0.121240706155418,1287,1287,0.000360658445599813,0.0244785290145521
0.142076880769058,0.120861814402936,1288,1288,0.000413525650821538,0.0243934091540682
0.139370546017994,0.119617436818938,1289,1289,0.00297871169406722,0.021469594825778
0.14100764566508,0.120320183942638,1290,1290,0.00178155796267099,0.0232075596561737
0.139578701599303,0.119795290732299,1291,1291,0.00152229892773267,0.0217427040128284
0.139797376453764,0.119608587110191,1292,1292,0.000287535970760772,0.0218092473523158
0.141238530084478,0.120944839627522,1293,1293,0.00196532302113245,0.0237608338811992
0.141212378975038,0.12062413485429,1294,1294,0.000321769221801522,0.0235509596849882
0.141641930968344,0.121203236316053,1295,1295,0.000721022480904285,0.0242389161707476
0.141204092144303,0.120796604592099,1296,1296,0.000597538446263678,0.0236454525716675
0.140824486867754,0.120778111112378,1297,1297,0.000380055489075159,0.0233287898744556
0.139874541141199,0.119800074925872,1298,1298,0.00136343377745855,0.0219840460979995
0.140212264236972,0.1203972278989,1299,1299,0.000686038309874206,0.0226102909256588
0.140969651963031,0.120400228357214,1300,1300,0.000757393669325285,0.0232231830997191
0.140289804383183,0.120224554969024,1301,1301,0.00070217794834553,0.0225698038341569
0.14055274065535,0.1201650063107,1302,1302,0.000269595114809432,0.0227473731436059
0.139916952445011,0.119922997667582,1303,1303,0.000680290255515908,0.0220907976619768
0.140194691944274,0.119878054270664,1304,1304,0.000281352338497002,0.0222891359597301
0.139954652645045,0.120092508455826,1305,1305,0.000321884238054187,0.0222217111132881
0.139972450495875,0.119862913042617,1306,1306,0.000230284209751015,0.0221001871193358
0.139295039342553,0.119781604169827,1307,1307,0.000682273408128293,0.0215071082320523
0.139379631849141,0.11924440417885,1308,1308,0.000543819567941965,0.0212574954848447
0.139357140875072,0.11965276691885,1309,1309,0.000408981627135799,0.0214798303883603
0.139365448166417,0.119415643854995,1310,1310,0.000237268536686346,0.0213462116113992
0.139449290112184,0.119691667666112,1311,1311,0.000288476370216603,0.0215770396345372
0.140612382312802,0.12011830341325,1312,1312,0.0012388710699159,0.0227685610842309
0.139335267149493,0.119727142687291,1313,1313,0.00133567580418577,0.021506664683435
0.139773744364961,0.11971716470443,1314,1314,0.000438590730210364,0.0218537612223523
0.140026332239485,0.120018629764649,1315,1315,0.000393296093152988,0.0222355561613974
0.14140387322677,0.12065141194673,1316,1316,0.00151592627182504,0.0237224719979855
0.139713429272296,0.120007331726412,1317,1317,0.00180898869355893,0.0219773129857367
0.139909346389585,0.11972111434877,1318,1318,0.000346848531942577,0.0219658833042838
0.140820650173512,0.120687979166553,1319,1319,0.00132864674103621,0.0232720550634142
0.140268774475485,0.120077776004933,1320,1320,0.000822748251000313,0.0224662113054787
0.140491462477206,0.120436096415075,1321,1321,0.000421880862844934,0.0228576173802122
0.142586208992325,0.121295441802667,1322,1322,0.00226416374358803,0.0250594459586695
0.141035221119122,0.120759897169019,1323,1323,0.00164084473289003,0.0234874881284078
0.141821497780565,0.120934650143364,1324,1324,0.000805462345719505,0.0242269391845196
0.143443892667815,0.122313154203262,1325,1325,0.00212895246854666,0.0263488962285633
0.143139131959925,0.121773134984006,1326,1326,0.000620080515932493,0.025786677489128
0.142486314779569,0.121890418073143,1327,1327,0.000663268870040792,0.0253262811146601
0.142724325127517,0.121591652201275,1328,1328,0.000381981638201681,0.0253434715946009
0.142658361745067,0.121955452405955,1329,1329,0.000369732006660523,0.025503406430537
0.142203107197603,0.121230608065515,1330,1330,0.000855953281934893,0.0247094871826734
0.142498114091598,0.12198771202304,1331,1331,0.000812548749309245,0.0253936077975756
0.142493237418665,0.121435267541048,1332,1332,0.000552466005852055,0.02506453129289
0.142482968312158,0.121825680763363,1333,1333,0.000390548254005527,0.0252852256273766
0.141802027629615,0.121042105471175,1334,1334,0.00103810907503448,0.024273702623895
0.142084558766712,0.121766050216754,1335,1335,0.000777122794725066,0.0249294783787147
0.14271723344401,0.121592510198968,1336,1336,0.000656043737160409,0.0253381995026691
0.143550931903913,0.122660919333047,1337,1337,0.0013551941557684,0.0266404183893728
0.142187909974637,0.121739783456869,1338,1338,0.00164508968815339,0.0249967645399962
0.140997281120873,0.12121907173949,1339,1339,0.0012995144324064,0.0237318256318805
0.141136215048284,0.12088703345684,1340,1340,0.000359933406800054,0.0236441683695941
0.141332649444517,0.121483670281714,1341,1341,0.000628141682121194,0.02415893702243
0.143763710679821,0.122405210318591,1342,1342,0.00259986437518702,0.0266621824609023
0.143075652988225,0.122442322467229,1343,1343,0.000689057833959135,0.0261283085324247
0.14399745938818,0.122447849769207,1344,1344,0.000921822971109264,0.0268771574456782
0.143642267981744,0.122814858301637,1345,1345,0.000510740832598282,0.0268053387791762
0.143968053207591,0.122340960626405,1346,1346,0.000575078272907843,0.0267913117837713
0.143658159285779,0.122655833508411,1347,1347,0.000441790872018204,0.0267238282480247
0.143589845148197,0.122090701911725,1348,1348,0.000569245591081346,0.0263380293940762
0.143933080900063,0.123018302026514,1349,1349,0.00098906660762263,0.0271601222155184
0.142611167400231,0.121887729061402,1350,1350,0.00173943971740302,0.0254253000104343
0.144168148964508,0.123239453710571,1351,1351,0.00206188048117951,0.027480654865028
0.142294600993505,0.12176021155126,1352,1352,0.00238711947030964,0.0250947056177662
0.14371423298801,0.122744589350095,1353,1353,0.0017275284804197,0.0268215414583637
0.143703704929484,0.122561722598594,1354,1354,0.000183169563030584,0.0267051527706462
0.142138454811539,0.121927132475029,1355,1355,0.00168899750048723,0.0250691660027636
0.142818301488546,0.122200748805895,1356,1356,0.000732842002585421,0.025777700413279
0.142710851650512,0.122502539623262,1357,1357,0.000320348505756195,0.0258727177978616
0.143476703168485,0.122456449489408,1358,1358,0.000767237152398292,0.0264596740869618
0.144212972399187,0.123287809531078,1359,1359,0.00111051875218917,0.0275454688789967
0.143904960834513,0.122536624724795,1360,1360,0.000811880371214934,0.0268535676446603
0.144242620913091,0.123189404791198,1361,1361,0.000734939551091226,0.0275107641831715
0.144378325072709,0.122816293195296,1362,1362,0.000397023780061123,0.0274012139335997
0.146091769745115,0.124391223473072,1363,1363,0.00232729414240023,0.029712594742562
0.146693912814353,0.12431598598093,1364,1364,0.000606825309339961,0.0301572883157687
0.146995543877,0.124965563952741,1365,1365,0.000716193297521585,0.0307812511126887
0.14574041045821,0.123512000502085,1366,1366,0.00192047041217616,0.0289145856094057
0.145523493266702,0.124060057782496,1367,1367,0.000589423320358551,0.0290584509449278
0.144858271706898,0.123047013130195,1368,1368,0.00121193200765728,0.0279259083504229
0.14514642374404,0.124098082489787,1369,1369,0.00108985246486983,0.0287781233594676
0.145592427768122,0.123708301511998,1370,1370,0.000592324910959173,0.0289076679383051
0.144683829686257,0.12337425557474,1371,1371,0.00096805844997485,0.0279758089202719
0.143854020967032,0.122289597187772,1372,1372,0.00136567431217048,0.0266685715705494
0.14411495988284,0.123163475996211,1373,1373,0.000912005092980526,0.027392680835919
0.144327785676053,0.122573234575295,1374,1374,0.000627439043431567,0.0272191335670259
0.141839123749555,0.121513354918197,1375,1375,0.00270495528094915,0.0245817288595949
0.143218952033436,0.122066727975948,1376,1376,0.00148665659586997,0.0260222766707988
0.144199521508417,0.123150368425394,1377,1377,0.00146143529413427,0.0274529092460557
0.142022706694563,0.121228184997042,1378,1378,0.00290401650581453,0.0245615234674831
0.14303264217663,0.122148263874304,1379,1379,0.00136620453019306,0.0259193005048034
0.142806165781071,0.121744037503527,1380,1380,0.000463347080035124,0.0254987467275439
0.142749839508448,0.12206008088089,1381,1381,0.00032102346543882,0.025639081153131
0.142813405533349,0.121738876914742,1382,1382,0.000327433393823538,0.0255016154866422
0.142351974222183,0.121898562470908,1383,1383,0.000488280996734951,0.0252231236633948
0.142745202753883,0.121538482257888,1384,1384,0.000533185181669082,0.0253296224808045
0.142989070952103,0.122061803847085,1385,1385,0.000577353603801863,0.0258331627681885
0.142139270414493,0.121153999541659,1386,1386,0.00124349089690031,0.0246130195606504
0.142246525221523,0.121433248951205,1387,1387,0.000299138473558272,0.0248630290940136
0.141868621415366,0.120971311429033,1388,1388,0.000596822889220692,0.0242865930551769
0.141810969195034,0.121441329070827,1389,1389,0.000473540243386477,0.0245162294151588
0.141301458304389,0.120617886223369,1390,1390,0.000968328183373321,0.0236196687257487
0.142547176789842,0.12177773828914,1391,1391,0.00170207854092347,0.0253087319189724
0.141963572249343,0.120991121558183,1392,1392,0.000979469316064484,0.024375419639844
0.142622580037358,0.122026412560434,1393,1393,0.00122724028780305,0.0255166752236766
0.14221838023904,0.121277557307296,1394,1394,0.00085097688988254,0.024749229101986
0.143339222861339,0.122296784956147,1395,1395,0.00151496309662829,0.0262545541382027
0.142661814258421,0.121501576787367,1396,1396,0.00104462359106092,0.0252402801395486
0.142817441629146,0.121876438043985,1397,1397,0.000405882791248147,0.0255853698866224
0.144098320218435,0.122544237455234,1398,1398,0.00144450891799424,0.0270152288406227
0.144378403521047,0.123145136455991,1399,1399,0.000662967771097085,0.0275940258537544
0.14400185784873,0.122415394012352,1400,1400,0.00082116422071946,0.0268619373025242
0.142512809579721,0.121945854638225,1401,1401,0.00156132378810243,0.0253805174537772
0.141917196958568,0.121235688342498,1402,1402,0.00092687138377585,0.0244804228003743
0.140779918819258,0.120795108124504,1403,1403,0.00121963621405716,0.0233031907851446
0.140593153868934,0.120331901643676,1404,1404,0.000499441078157709,0.0228780233065989
0.142575215897183,0.121720808812624,1405,1405,0.00242025474026712,0.0252979136479506
0.142044881384382,0.121147259415866,1406,1406,0.000781161702843218,0.0245323063783165
0.142475890043156,0.121641143252447,1407,1407,0.0006555072142803,0.025170735484959
0.140243458711708,0.119960959075373,1408,1408,0.00279405950518604,0.0223771682634731
0.14074848881496,0.12064989572857,1409,1409,0.000854218424824408,0.0231913861769922
0.141589550974718,0.120759547146979,1410,1410,0.000848179810026124,0.0239364250475366
0.144566115903597,0.12295068045442,1411,1411,0.00369607953740321,0.0276321367059556
0.141735153699403,0.120604051375941,1412,1412,0.00367709328594455,0.0239656352735595
0.141484811752902,0.120952050180961,1413,1413,0.00042868899971105,0.0239638890256218
0.141547880712695,0.12077177304515,1414,1414,0.00019099094058523,0.0239096182409943
0.142953398467536,0.12188986033949,1415,1415,0.00179599536662512,0.0257034280564737
0.142018234712744,0.120903579304547,1416,1416,0.00135914735336708,0.0243694430183464
0.140707422342785,0.120559773605265,1417,1417,0.00135514996516895,0.0231048388005583
0.140136173802032,0.119816141380321,1418,1418,0.00093771732483021,0.0222054841669488
0.139417226646477,0.11940671551172,1419,1419,0.000827353947449571,0.0213828747131351
0.139216250448423,0.118998715044282,1420,1420,0.000454814042894248,0.0209818487145764
0.140562754047889,0.12036320976839,1421,1421,0.00191700751054665,0.0228719223118166
0.139621042300026,0.119411582201968,1422,1422,0.00133881142855763,0.0215511033887491
0.139961308788499,0.119999550870485,1423,1423,0.000679329403408353,0.0221718582146577
0.139121801043345,0.119152566987918,1424,1424,0.00119254138355931,0.0209945575232127
0.138709650330492,0.119361648462057,1425,1425,0.000462150703703246,0.0207868424003424
0.139542219613427,0.119440791268358,1426,1426,0.000836322422679192,0.0215041403433832
0.139827108034828,0.12011057285674,1427,1427,0.000727852175089998,0.0221301705694913
0.139653865784048,0.119454722561932,1428,1428,0.00067834540365131,0.0216029137625837
0.140010836154651,0.119980808705403,1429,1429,0.00063576290851236,0.0222006970429816
0.139792446830598,0.119386469279819,1430,1430,0.000633192900830943,0.0216761669113088
0.140198841823983,0.120069213185634,1431,1431,0.000794541459947238,0.0224046449738511
0.140076789333806,0.119606800816973,1432,1432,0.000478248898638233,0.0220355530624662
0.140849816582893,0.120473949721273,1433,1433,0.0011616877162382,0.0231691484140304
0.140481303333977,0.11990439473748,1434,1434,0.000678376661000369,0.0225376658626981
0.140808826407822,0.120333359217204,1435,1435,0.000539705372186121,0.0230535613403313
0.140032229821289,0.1196100745821,1436,1436,0.00106124592889314,0.0220011125596608
0.139542099950544,0.119783101335238,1437,1437,0.000519774516014023,0.0217060336040364
0.140107807817832,0.119818137207505,1438,1438,0.000566791763751375,0.0221836157488254
0.139428863526988,0.119788466496441,1439,1439,0.000679592305109838,0.0216183533809388
0.139476223444385,0.119289324896091,1440,1440,0.000501383385220637,0.0213621850633466
0.140037920950068,0.119932792948499,1441,1441,0.000854140048445664,0.022194245091439
0.139792488450175,0.119431210224308,1442,1442,0.000558410548978039,0.0217020802725357
0.140381518582638,0.120120860808129,1443,1443,0.000906958888106171,0.0225827537884976
0.140254954085282,0.119610469398864,1444,1444,0.000525849752916885,0.0221832491094979
0.138900147275886,0.119176368907249,1445,1445,0.00142265411383305,0.0208293120061114
0.137679526036296,0.117954970531425,1446,1446,0.0017267687172878,0.0191245944259982
0.138940206436872,0.119233042423295,1447,1447,0.00179521108318338,0.0208951361880934
0.13839970065774,0.118612619995463,1448,1448,0.000822842929259264,0.0200930400059094
0.136384592134533,0.117476935370655,1449,1449,0.00231310223019365,0.0177961210813215
0.13673897314178,0.117219276292252,1450,1450,0.000438148489648399,0.0179317845435916
0.137450539299318,0.118191302162709,1451,1451,0.0012046413115083,0.0190778932207819
0.13704671179232,0.117690979380959,1452,1452,0.000642961539555164,0.0184565989481156
0.13804141543575,0.118851614796945,1453,1453,0.00152856465584413,0.0199462249559714
0.137366037889015,0.118061813440826,1454,1454,0.00103919248109379,0.0189330903573131
0.137577361132712,0.118627413260977,1455,1455,0.000603788597012271,0.0194408449717655
0.137994904322214,0.11838456232282,1456,1456,0.000483030944415832,0.0196313749869247
0.137668593110739,0.118652184849458,1457,1457,0.000422019932584349,0.0195284996171371
0.135729456541107,0.117341827322221,1458,1458,0.00234036054591401,0.0171919927314149
0.137204373493601,0.118698982536926,1459,1459,0.00200430793381587,0.0191892892439756
0.136115032659535,0.117459236746521,1460,1460,0.0016503433211276,0.0175698057692214
0.13599379470816,0.117602381098957,1461,1461,0.000187587170372042,0.017560422893147
0.136631329248939,0.117822407432534,1462,1462,0.000674434487666566,0.0182006794917087
0.136120188995284,0.117898735917789,1463,1463,0.000516807891356028,0.0178423555843189
0.13665898407048,0.11788422063118,1464,1464,0.000538990562626659,0.0182600078785064
0.137323533081515,0.118542250582418,1465,1465,0.000935215913462757,0.019187422630621
0.137262298461793,0.118111283646461,1466,1466,0.000435295507145041,0.0188789755133812
0.138938944455812,0.119625423642131,1467,1467,0.00225915066247276,0.0211287843651389
0.139824162751869,0.119993031538519,1468,1468,0.000958512909229956,0.0220576434443681
0.140735703981178,0.120954475613953,1469,1469,0.00132487060610322,0.0233635348460023
0.141399908913973,0.121019478105951,1470,1470,0.000667378091275291,0.0239350794308539
0.141945534439701,0.121736540480725,1471,1471,0.000901046981928836,0.0248004604113121
0.142403555247621,0.121524476921469,1472,1472,0.000504731625373853,0.0250437381489937
0.143018604139791,0.122140277753795,1473,1473,0.000870342349224204,0.0259032537569081
0.141821483535407,0.120949571671223,1474,1474,0.0016884545349263,0.0242355973052749
0.142974921420191,0.121813608424614,1475,1475,0.00144117260078934,0.0256764197555735
0.139423540825813,0.119439136461157,1476,1476,0.00427205117377728,0.0214070187884385
0.14224769603003,0.121637349921043,1477,1477,0.00357882592937004,0.0249841260324258
0.144114112538203,0.122399263853185,1478,1478,0.00201594231613254,0.0269442388539987
0.140180530907944,0.12015280847073,1479,1479,0.00452985940480223,0.0224392633103292
0.139618358284241,0.119442787889049,1480,1480,0.000905630876931541,0.0215671079039192
0.140625383828236,0.120518967391133,1481,1481,0.00147385981930572,0.0230145845677972
0.138968518332716,0.118950477264365,1482,1482,0.00228152680194946,0.0207521173338492
0.140778240788497,0.120794313530851,1483,1483,0.00258356876133907,0.0233013706183155
0.140557194531716,0.120316049048808,1484,1484,0.000526876040848708,0.0228396247889846
0.141905435380042,0.121321472452496,1485,1485,0.00168185302740056,0.0245213842909655
0.142607148939977,0.121391303804359,1486,1486,0.000705179649380469,0.0251318606822929
0.141938305793959,0.121658368134239,1487,1487,0.000720190606901361,0.0247478630467129
0.139723597385898,0.119641269338504,1488,1488,0.00299560025445499,0.0217685891135133
0.139905303491755,0.120186895627859,1489,1489,0.000575087086049859,0.0222385004855741
0.142252734519867,0.121457166622114,1490,1490,0.00266908614147035,0.0248820815016056
0.144733144400781,0.123702463088373,1491,1491,0.00334571209142793,0.028210309267073
0.144054859581532,0.123118384263629,1492,1492,0.000895108021156087,0.027317547067982
0.14406003343303,0.123127771028386,1493,1493,1.07182130939951e-05,0.0273272911589961
0.145768976603841,0.12390899061897,1494,1494,0.00187903986380678,0.0291681520715261
0.142839161102392,0.122460347489897,1495,1495,0.00326839192691804,0.0259496668753758
0.143553447757507,0.122718984342061,1496,1496,0.000759669959240937,0.0266769149104407
0.14281428101694,0.122468381130835,1497,1497,0.000780493074817036,0.0259346199115683
0.142699008636156,0.121885807926828,1498,1498,0.000593868049148505,0.0254950845615134
0.141905918180663,0.12166234340362,1499,1499,0.000823971397395691,0.024724287334233
0.143457932034506,0.12218008433422,1500,1500,0.00163609372400811,0.0262824982424529
0.14415396410753,0.123059870312943,1501,1501,0.00112182173941971,0.0273625836495196
0.145035100845427,0.123351743444075,1502,1502,0.000928219734518098,0.028246991533337
0.145053469424675,0.123382339603076,1503,1503,3.56865471740778e-05,0.0282797692097296
0.145812868360474,0.12358811523263,1504,1504,0.000786784820272295,0.0290176603900329
0.145599058942485,0.123871732014285,1505,1505,0.000355180159998856,0.0290085776409472
0.147129965612556,0.124486337642585,1506,1506,0.00164967127355923,0.0306116963788968
0.146712753403931,0.124818519606294,1507,1507,0.000533301869525765,0.0304660933123034
0.145708316196735,0.123367296199909,1508,1508,0.00176492024704837,0.0288051990097036
0.145653717439769,0.12390328268485,1509,1509,0.000538760184406486,0.0290713548356317
0.145152032550848,0.123029555709979,1510,1510,0.00100751503928664,0.0281557973037883
0.144382650151473,0.122912967283323,1511,1511,0.000778165880579741,0.027461119676992
0.142806375697444,0.121789836339218,1512,1512,0.00193547520573934,0.0255256718091553
0.141778283443524,0.121447227623081,1513,1513,0.00108367634233717,0.0244934694754434
0.14064637316292,0.120522481533134,1514,1514,0.00146163477456305,0.0230335669368387
0.139874335553851,0.120320849231735,1515,1515,0.000797933364876846,0.0222943158019214
0.13972346847642,0.119753176764073,1516,1516,0.000587377992092775,0.0218343619801942
0.140448310947851,0.120890493974677,1517,1517,0.00134866120502023,0.0230960322758781
0.139242966321702,0.119567665791917,1518,1518,0.0017896172967678,0.0213374299754825
0.140470221757007,0.120862950570592,1519,1519,0.0017843538217943,0.0230967375383562
0.141736591700713,0.121289884193078,1520,1520,0.00133640007195884,0.024366499646403
0.14122252474227,0.121409678415692,1521,1521,0.000527840405363366,0.024026490811838
0.141985746654126,0.121408578316781,1522,1522,0.000763222704690376,0.0246376201772381
0.14269926721093,0.122445446681031,1523,1523,0.00125865308554964,0.0258290069787606
0.142448414645721,0.122010473981291,1524,1524,0.00050212374868247,0.0253672874661595
0.142227767651441,0.122015576521811,1525,1525,0.000220705985430123,0.0251937075517509
0.142310957244624,0.121678379073923,1526,1526,0.000347307683871091,0.0250594038435018
0.142557560038374,0.122342601689454,1527,1527,0.000708522844280793,0.0256539472547585
0.141083205372017,0.120863669861685,1528,1528,0.0020882914148649,0.0235876354722377
0.140913478584389,0.121052388515327,1529,1529,0.00025381472114717,0.0235644077286407
0.142538545281505,0.121749355933079,1530,1530,0.00176822095663491,0.0252850389240172
0.142388593213326,0.121859531640468,1531,1531,0.000186076084572227,0.0252293156581153
0.141757260085142,0.120982721085418,1532,1532,0.00108045280701601,0.024202688591374
0.141096889503435,0.121194878870853,1533,1533,0.000693613891949328,0.0237966406546053
0.142543888256789,0.121466073668998,1534,1534,0.00147219292579085,0.0251236528916963
0.142893792199188,0.122036151065541,1535,1535,0.000668895363233696,0.0257410505209512
0.142201704233894,0.12142169280231,1536,1536,0.000925497006455655,0.0248199442290913
0.140689448708138,0.120875465297095,1537,1537,0.00160788098522042,0.0232790126965944
0.139247512851123,0.119480212748293,1538,1538,0.00200646671805965,0.0212891378131999
0.140492692761216,0.120545509239534,1539,1539,0.00163869753851924,0.0229237428556648
0.140761976969499,0.120347215436108,1540,1540,0.000334416532647586,0.0230236696607936
0.140966496234772,0.120961413584131,1541,1541,0.00064735422675861,0.0235521885679333
0.139121372150337,0.119158490184636,1542,1542,0.0025797317053149,0.0209976775830241
0.140692034983175,0.120724745466055,1543,1543,0.00221813826012507,0.0231906763953228
0.141811980469027,0.120981099625153,1544,1544,0.00114891050398493,0.0242462091207638
0.142750357996508,0.121971954203249,1545,1545,0.00136467768319628,0.0255873634668073
0.140660223052633,0.120239840849352,1546,1546,0.0027145682445566,0.0228783238913909
0.140174619240966,0.12007516413891,1547,1547,0.000512766497410842,0.0223885933023963
0.13997974523167,0.119654576224771,1548,1548,0.000463540799735854,0.0219842184302895
0.142454952790579,0.121629669515964,1549,1549,0.00316664585462318,0.0251470504493771
0.143055480341397,0.12174625943263,1550,1550,0.00061174058877827,0.0257029007424083
0.14411810634902,0.122653890664305,1551,1551,0.00139748648823187,0.0270951005308768
0.145101969282036,0.123081552686746,1552,1552,0.00107279125481184,0.0281447544552456
0.143160330437574,0.122279434316079,1553,1553,0.00210079872498161,0.0260997941862125
0.144076971995037,0.122523161798558,1554,1554,0.000948490817342383,0.0269856121262101
0.143800620729825,0.122714903998844,1555,1555,0.000336355605207853,0.0268736853633055
0.142980704037469,0.121993839688785,1556,1556,0.00109187779611274,0.0257864599741539
0.143602810080365,0.12236643637799,1557,1557,0.000725151171421924,0.0265089171721714
0.143835808240454,0.122236918265797,1558,1558,0.000266576600606516,0.026623262885715
0.14524475518195,0.123377033373465,1559,1559,0.00181245522501475,0.0284321653461336
0.145501612037096,0.123187035839832,1560,1560,0.0003194910121147,0.0285325210198895
0.146348317983469,0.124266338937585,1561,1561,0.00137178939215977,0.0298471419075237
0.144901158994792,0.12303261076753,1562,1562,0.00190167145850583,0.027952536948985
0.144465055051286,0.122732251469605,1563,1563,0.00052953031772714,0.0274230573768956
0.144680075234671,0.12287300771601,1564,1564,0.000256994163679425,0.0276798726696657
0.143027132583007,0.122405908799479,1565,1565,0.00171767307934746,0.0260676447599122
0.142028915168893,0.1212158114475,1566,1566,0.00155330927797065,0.0245593264602301
0.141519609707444,0.121423834205145,1567,1567,0.000550150452839671,0.0242720955544588
0.141708488481125,0.121089648394302,1568,1568,0.000383868919445068,0.0242257306062182
0.140261722782238,0.120339922073394,1569,1569,0.00162948474793124,0.0226157346325523
0.139697854781219,0.119648940625773,1570,1570,0.000891853398002951,0.0217522615654453
0.13848235515031,0.118986997068421,1571,1571,0.00138405513830202,0.0203806069030988
0.138887704720766,0.118567776242703,1572,1572,0.000583141813784068,0.0204652229417673
0.137263746019885,0.117977802695691,1573,1573,0.0017278051534645,0.0188009211167892
0.137753591723127,0.117754255551495,1574,1574,0.000538444183423333,0.019069639746975
0.138609093720078,0.1186590784908,1575,1575,0.00124522617153632,0.0202902462762156
0.139008245284626,0.118728348935702,1576,1576,0.000405117718716631,0.0206560338614361
0.141266122453779,0.120641761103833,1577,1577,0.00295958703810753,0.0236048796996262
0.14108671992961,0.120285888061069,1578,1578,0.000398535930932689,0.0232522137889814
0.14075833503444,0.120580056205132,1579,1579,0.000440875874092491,0.0231578690019303
0.137215764833104,0.117603932030192,1580,1580,0.00462678276300611,0.0185432129606008
0.13675577753619,0.117673392758148,1581,1581,0.000465202220600178,0.0182113450839508
0.137712548974403,0.117957488351576,1582,1582,0.000998059061972394,0.0191529640181831
0.138807323396308,0.119050591675351,1583,1583,0.00154706364164653,0.0206801434077598
0.136460246696117,0.117190246979587,1584,1584,0.0029949376326785,0.0176880071062934
0.138213847375675,0.118562960925992,1585,1585,0.00222698426622247,0.0199133524844962
0.138564040497258,0.118541287366276,1586,1586,0.000350863172183882,0.0201852304356631
0.139143984121621,0.119090192023194,1587,1587,0.00079851795836168,0.020976127650894
0.138540718802923,0.118397526714035,1588,1588,0.000918539207251082,0.0200833042877452
0.138573392199832,0.118574909519714,1589,1589,0.000180366877824482,0.0202123220429619
0.138004300486918,0.11807941389285,1590,1590,0.000754573584184358,0.0194615355963976
0.137934308535182,0.118150911487457,1591,1591,0.000100053882195485,0.0194457934040412
0.137415808003818,0.117543862676751,1592,1592,0.000798342695592111,0.0186722156829188
0.135456014246649,0.116928570954192,1593,1593,0.00205411184566154,0.0167241055771008
0.135352957168451,0.116418379543219,1594,1594,0.000520495953104293,0.0163383983469585
0.135545235013794,0.116829980936134,1595,1595,0.000454297783903512,0.0167365464248161
0.133931988980153,0.115261521945369,1596,1596,0.00225002808221871,0.0145096043259382
0.134533543476586,0.116005331253396,1597,1597,0.000956619098119695,0.0154328359114755
0.133290736775937,0.114812515468594,1598,1598,0.00172260790421142,0.0137267987066674
0.134483612914301,0.115975697351122,1599,1599,0.00166611691466084,0.0153750554383535
0.134043609637422,0.115476232796242,1600,1600,0.000665633326423536,0.0147253177802538
0.133136086380452,0.115283730060088,1601,1601,0.000927715347166079,0.0138816880094681
0.13279463906878,0.114666723331426,1602,1602,0.000705183359036677,0.01323899632991
0.134124107335765,0.115868278524297,1603,1603,0.00179198793367523,0.0150223636740498
0.132823901450405,0.114816607557933,1604,1604,0.00167228800325097,0.0133513852119591
0.131872568987217,0.114150026786591,1605,1605,0.00116162101403169,0.0121902261521155
0.131704899963971,0.113674225654693,1606,1606,0.00050447955208511,0.0117747551431721
0.13143986982318,0.113763822494101,1607,1607,0.000279765203625574,0.0116125966041934
0.132621481296031,0.114382208399241,1608,1608,0.00133364418060009,0.012932045505265
0.131798746963952,0.114030443435422,1609,1609,0.000894779509684628,0.0120596739753752
0.130949429577917,0.113137815244814,1610,1610,0.00123212219722285,0.0108482178911113
0.129821601389446,0.112725133297269,1611,1611,0.00120095912192739,0.0096946328184419
0.128216421480123,0.111283787982722,1612,1612,0.00215733142031021,0.00754669718541544
0.129498815621525,0.112572775859705,1613,1613,0.00181824764014952,0.00934570567755075
0.129378686200288,0.112184460752971,1614,1614,0.00040647226223268,0.00901640689526116
0.129697295655682,0.112656473901398,1615,1615,0.000569480813859837,0.00955413149515553
0.129449461626321,0.112151587709264,1616,1616,0.000562433794429804,0.00905439936461303
0.129569831448618,0.112583418235003,1617,1617,0.00044829286976201,0.00940849471025173
0.129822144973165,0.112477867921259,1618,1618,0.00027350134076518,0.00954759429832642
0.132180556612368,0.114558954867934,1619,1619,0.00314531847982808,0.0126823867493067
0.13149061582906,0.113785664798904,1620,1620,0.00103633769367511,0.0116663974823705
0.130855861399018,0.113595067758171,1621,1621,0.000662752154574909,0.0110446244471454
0.128954450502561,0.111958219798511,1622,1622,0.00250891104669062,0.00854067830482594
0.129089551772359,0.112373460654863,1623,1623,0.000436666144651378,0.00890040754855413
0.127954577210151,0.111112519896634,1624,1624,0.0016965078404251,0.00723416909434015
0.127071183760968,0.110884063740189,1625,1625,0.000912456136741021,0.00639377217543604
0.126870600879424,0.110409668001782,1626,1626,0.000515058063704565,0.00594444222397291
0.126357051683208,0.110270662671492,1627,1627,0.000532029377745033,0.00545284871629348
0.125378766758299,0.109297996173697,1628,1628,0.00137953670130075,0.00408396470232598
0.125928171718327,0.109976936312002,1629,1629,0.000873387383412777,0.00493462148804189
0.125669994180923,0.109476357621474,1630,1630,0.000563235888621596,0.00442421725943959
0.125928171718327,0.109976936312002,1631,1631,0.000563235888621596,0.00493462148804189
0.125901483584025,0.109657886800999,1632,1632,0.000320163781498891,0.00471824266384239
0.125928171718327,0.109976936312002,1633,1633,0.000320163781498891,0.00493462148804189
0.125901483584025,0.109657886800999,1634,1634,0.000320163781498891,0.00471824266384239
0.126992391436516,0.110710499292119,1635,1635,0.00151593964229627,0.00622394732614413
0.126717698197659,0.110199838524808,1636,1636,0.00057985411505324,0.00569707090698142
0.126484857694829,0.110445506195095,1637,1637,0.000338477922445022,0.00566216958154868
0.126253796092698,0.109959390908998,1638,1638,0.000538235576077714,0.00518080135016503
0.126484857694829,0.110445506195095,1639,1639,0.000538235576077714,0.00566216958154868
0.126253796092698,0.109959390908998,1640,1640,0.000538235576077714,0.00518080135016503
0.126484857694829,0.110445506195095,1641,1641,0.000538235576077714,0.00566216958154868
0.126139035287928,0.109891505417208,1642,1642,0.00065307733004113,0.00504823858911559
0.125639531892944,0.109798338734778,1643,1643,0.000508117774060449,0.00459821043077697
0.125378766758299,0.109297996173697,1644,1644,0.000564217275413657,0.00408396470232598
0.126452510623977,0.11047233816323,1645,1645,0.00159122751279011,0.00565424529658248
0.1261968740965,0.109974005478018,1646,1646,0.000560076333486211,0.00514409968157098
0.126452510623977,0.11047233816323,1647,1647,0.000560076333486211,0.00565424529658248
0.1261968740965,0.109974005478018,1648,1648,0.000560076333486211,0.00514409968157098
0.126452510623977,0.11047233816323,1649,1649,0.000560076333486211,0.00565424529658248
0.1261968740965,0.109974005478018,1650,1650,0.000560076333486211,0.00514409968157098
0.12726230514521,0.111143535931369,1651,1651,0.00158206978381798,0.00670604070144655
0.127011722160537,0.110647160563974,1652,1652,0.000556039870480312,0.00620029797836396
0.126452510623977,0.11047233816323,1653,1653,0.000585901369194397,0.00565424529658248
0.1261968740965,0.109974005478018,1654,1654,0.000560076333486211,0.00514409968157098
0.126452510623977,0.11047233816323,1655,1655,0.000560076333486211,0.00565424529658248
0.1261968740965,0.109974005478018,1656,1656,0.000560076333486211,0.00514409968157098
0.126452510623977,0.11047233816323,1657,1657,0.000560076333486211,0.00565424529658248
0.1261968740965,0.109974005478018,1658,1658,0.000560076333486211,0.00514409968157098
0.125639531892944,0.109798338734778,1659,1659,0.00058437071841897,0.00459821043077697
0.125378766758299,0.109297996173697,1660,1660,0.000564217275413657,0.00408396470232598
0.125928171718327,0.109976936312002,1661,1661,0.000873387383412777,0.00493462148804189
0.125669994180923,0.109476357621474,1662,1662,0.000563235888621596,0.00442421725943959
0.125928171718327,0.109976936312002,1663,1663,0.000563235888621596,0.00493462148804189
0.125669994180923,0.109476357621474,1664,1664,0.000563235888621596,0.00442421725943959
0.125928171718327,0.109976936312002,1665,1665,0.000563235888621596,0.00493462148804189
0.125669994180923,0.109476357621474,1666,1666,0.000563235888621596,0.00442421725943959
0.126222605824605,0.110190084044718,1667,1667,0.000902654438847144,0.00529757430674046
0.125910030976435,0.109662054290528,1668,1668,0.00061361099812389,0.00472759814728359
0.126189151619082,0.110174199905673,1669,1669,0.000583267918081879,0.00526157158505052
0.125901483584025,0.109657886800999,1670,1670,0.000591043247529751,0.00471824266384239
0.126189151619082,0.110174199905673,1671,1671,0.000591043247529751,0.00526157158505052
0.125669994180923,0.109476357621474,1672,1672,0.000869774855472343,0.00442421725943959
0.125928171718327,0.109976936312002,1673,1673,0.000563235888621596,0.00493462148804189
0.125669994180923,0.109476357621474,1674,1674,0.000563235888621596,0.00442421725943959
0.125639531892944,0.109798338734778,1675,1675,0.000323418905312974,0.00459821043077697
0.125378766758299,0.109297996173697,1676,1676,0.000564217275413657,0.00408396470232598
0.126452510623977,0.11047233816323,1677,1677,0.00159122751279011,0.00565424529658248
0.1261968740965,0.109974005478018,1678,1678,0.000560076333486211,0.00514409968157098
0.126452510623977,0.11047233816323,1679,1679,0.000560076333486211,0.00565424529658248
0.1261968740965,0.109974005478018,1680,1680,0.000560076333486211,0.00514409968157098
0.126452510623977,0.11047233816323,1681,1681,0.000560076333486211,0.00565424529658248
0.1261968740965,0.109974005478018,1682,1682,0.000560076333486211,0.00514409968157098
0.12726230514521,0.111143535931369,1683,1683,0.00158206978381798,0.00670604070144655
0.127011722160537,0.110647160563974,1684,1684,0.000556039870480312,0.00620029797836396
0.126452510623977,0.11047233816323,1685,1685,0.000585901369194397,0.00565424529658248
0.1261968740965,0.109974005478018,1686,1686,0.000560076333486211,0.00514409968157098
0.126452510623977,0.11047233816323,1687,1687,0.000560076333486211,0.00565424529658248
0.1261968740965,0.109974005478018,1688,1688,0.000560076333486211,0.00514409968157098
0.126452510623977,0.11047233816323,1689,1689,0.000560076333486211,0.00565424529658248
0.1261968740965,0.109974005478018,1690,1690,0.000560076333486211,0.00514409968157098
0.125639531892944,0.109798338734778,1691,1691,0.00058437071841897,0.00459821043077697
0.125378766758299,0.109297996173697,1692,1692,0.000564217275413657,0.00408396470232598
0.125928171718327,0.109976936312002,1693,1693,0.000873387383412777,0.00493462148804189
0.125669994180923,0.109476357621474,1694,1694,0.000563235888621596,0.00442421725943959
0.125928171718327,0.109976936312002,1695,1695,0.000563235888621596,0.00493462148804189
0.125669994180923,0.109476357621474,1696,1696,0.000563235888621596,0.00442421725943959
0.125928171718327,0.109976936312002,1697,1697,0.000563235888621596,0.00493462148804189
0.125669994180923,0.109476357621474,1698,1698,0.000563235888621596,0.00442421725943959
0.126222605824605,0.110190084044718,1699,1699,0.000902654438847144,0.00529757430674046
0.125910030976435,0.109662054290528,1700,1700,0.00061361099812389,0.00472759814728359
0.126189151619082,0.110174199905673,1701,1701,0.000583267918081879,0.00526157158505052
0.125901483584025,0.109657886800999,1702,1702,0.000591043247529751,0.00471824266384239
0.126189151619082,0.110174199905673,1703,1703,0.000591043247529751,0.00526157158505052
0.125669994180923,0.109476357621474,1704,1704,0.000869774855472343,0.00442421725943959
0.125928171718327,0.109976936312002,1705,1705,0.000563235888621596,0.00493462148804189
0.125669994180923,0.109476357621474,1706,1706,0.000563235888621596,0.00442421725943959
0.125639531892944,0.109798338734778,1707,1707,0.000323418905312974,0.00459821043077697
0.125378766758299,0.109297996173697,1708,1708,0.000564217275413657,0.00408396470232598
0.126189151619082,0.110174199905673,1709,1709,0.00119350601276806,0.00526157158505052
0.125901483584025,0.109657886800999,1710,1710,0.000591043247529751,0.00471824266384239
0.125928171718327,0.109976936312002,1711,1711,0.000320163781498891,0.00493462148804189
0.125669994180923,0.109476357621474,1712,1712,0.000563235888621596,0.00442421725943959
0.125928171718327,0.109976936312002,1713,1713,0.000563235888621596,0.00493462148804189
0.125669994180923,0.109476357621474,1714,1714,0.000563235888621596,0.00442421725943959
0.126743456962999,0.110652035115036,1715,1715,0.00159202384196046,0.00599310020962317
0.126490504457054,0.11015350240526,1716,1716,0.000559034733249679,0.00548661246152487
0.126452510623977,0.11047233816323,1717,1717,0.000321091531984055,0.00565424529658248
0.1261968740965,0.109974005478018,1718,1718,0.000560076333486211,0.00514409968157098
0.126452510623977,0.11047233816323,1719,1719,0.000560076333486211,0.00565424529658248
0.1261968740965,0.109974005478018,1720,1720,0.000560076333486211,0.00514409968157098
0.126452510623977,0.11047233816323,1721,1721,0.000560076333486211,0.00565424529658248
0.1261968740965,0.109974005478018,1722,1722,0.000560076333486211,0.00514409968157098
0.125639531892944,0.109798338734778,1723,1723,0.00058437071841897,0.00459821043077697
0.125378766758299,0.109297996173697,1724,1724,0.000564217275413657,0.00408396470232598
0.125928171718327,0.109976936312002,1725,1725,0.000873387383412777,0.00493462148804189
0.125669994180923,0.109476357621474,1726,1726,0.000563235888621596,0.00442421725943959
0.125928171718327,0.109976936312002,1727,1727,0.000563235888621596,0.00493462148804189
0.125901483584025,0.109657886800999,1728,1728,0.000320163781498891,0.00471824266384239
0.125928171718327,0.109976936312002,1729,1729,0.000320163781498891,0.00493462148804189
0.125901483584025,0.109657886800999,1730,1730,0.000320163781498891,0.00471824266384239
0.126992391436516,0.110710499292119,1731,1731,0.00151593964229627,0.00622394732614413
0.126717698197659,0.110199838524808,1732,1732,0.00057985411505324,0.00569707090698142
0.126484857694829,0.110445506195095,1733,1733,0.000338477922445022,0.00566216958154868
0.126253796092698,0.109959390908998,1734,1734,0.000538235576077714,0.00518080135016503
0.126484857694829,0.110445506195095,1735,1735,0.000538235576077714,0.00566216958154868
0.126253796092698,0.109959390908998,1736,1736,0.000538235576077714,0.00518080135016503
0.126484857694829,0.110445506195095,1737,1737,0.000538235576077714,0.00566216958154868
0.126139035287928,0.109891505417208,1738,1738,0.00065307733004113,0.00504823858911559
0.125639531892944,0.109798338734778,1739,1739,0.000508117774060449,0.00459821043077697
0.125378766758299,0.109297996173697,1740,1740,0.000564217275413657,0.00408396470232598
0.126189151619082,0.110174199905673,1741,1741,0.00119350601276806,0.00526157158505052
0.125669994180923,0.109476357621474,1742,1742,0.000869774855472343,0.00442421725943959
0.125928171718327,0.109976936312002,1743,1743,0.000563235888621596,0.00493462148804189
0.125669994180923,0.109476357621474,1744,1744,0.000563235888621596,0.00442421725943959
0.125928171718327,0.109976936312002,1745,1745,0.000563235888621596,0.00493462148804189
0.125669994180923,0.109476357621474,1746,1746,0.000563235888621596,0.00442421725943959
0.126743456962999,0.110652035115036,1747,1747,0.00159202384196046,0.00599310020962317
0.126490504457054,0.11015350240526,1748,1748,0.000559034733249679,0.00548661246152487
0.126452510623977,0.11047233816323,1749,1749,0.000321091531984055,0.00565424529658248
0.1261968740965,0.109974005478018,1750,1750,0.000560076333486211,0.00514409968157098
0.126452510623977,0.11047233816323,1751,1751,0.000560076333486211,0.00565424529658248
0.1261968740965,0.109974005478018,1752,1752,0.000560076333486211,0.00514409968157098
0.126452510623977,0.11047233816323,1753,1753,0.000560076333486211,0.00565424529658248
0.1261968740965,0.109974005478018,1754,1754,0.000560076333486211,0.00514409968157098
0.125639531892944,0.109798338734778,1755,1755,0.00058437071841897,0.00459821043077697
0.125378766758299,0.109297996173697,1756,1756,0.000564217275413657,0.00408396470232598
0.126484857694829,0.110445506195095,1757,1757,0.00159380563717174,0.00566216958154868
0.126253796092698,0.109959390908998,1758,1758,0.000538235576077714,0.00518080135016503
0.126484857694829,0.110445506195095,1759,1759,0.000538235576077714,0.00566216958154868
0.126253796092698,0.109959390908998,1760,1760,0.000538235576077714,0.00518080135016503
0.126484857694829,0.110445506195095,1761,1761,0.000538235576077714,0.00566216958154868
0.126253796092698,0.109959390908998,1762,1762,0.000538235576077714,0.00518080135016503
0.126992391436516,0.110710499292119,1763,1763,0.00105341676705035,0.00622394732614413
0.126717698197659,0.110199838524808,1764,1764,0.00057985411505324,0.00569707090698142
0.126189151619082,0.110174199905673,1765,1765,0.000529168049410633,0.00526157158505052
0.125669994180923,0.109476357621474,1766,1766,0.000869774855472343,0.00442421725943959
0.125928171718327,0.109976936312002,1767,1767,0.000563235888621596,0.00493462148804189
0.125669994180923,0.109476357621474,1768,1768,0.000563235888621596,0.00442421725943959
0.125928171718327,0.109976936312002,1769,1769,0.000563235888621596,0.00493462148804189
0.125669994180923,0.109476357621474,1770,1770,0.000563235888621596,0.00442421725943959
0.125639531892944,0.109798338734778,1771,1771,0.000323418905312974,0.00459821043077697
0.125378766758299,0.109297996173697,1772,1772,0.000564217275413657,0.00408396470232598
0.126452510623977,0.11047233816323,1773,1773,0.00159122751279011,0.00565424529658248
0.1261968740965,0.109974005478018,1774,1774,0.000560076333486211,0.00514409968157098
0.126452510623977,0.11047233816323,1775,1775,0.000560076333486211,0.00565424529658248
0.1261968740965,0.109974005478018,1776,1776,0.000560076333486211,0.00514409968157098
0.126452510623977,0.11047233816323,1777,1777,0.000560076333486211,0.00565424529658248
0.1261968740965,0.109974005478018,1778,1778,0.000560076333486211,0.00514409968157098
0.126743456962999,0.110652035115036,1779,1779,0.000870905860943056,0.00599310020962317
0.126490504457054,0.11015350240526,1780,1780,0.000559034733249679,0.00548661246152487
0.125928171718327,0.109976936312002,1781,1781,0.000589401131941064,0.00493462148804189
0.125901483584025,0.109657886800999,1782,1782,0.000320163781498891,0.00471824266384239
0.125928171718327,0.109976936312002,1783,1783,0.000320163781498891,0.00493462148804189
0.125901483584025,0.109657886800999,1784,1784,0.000320163781498891,0.00471824266384239
0.126189151619082,0.110174199905673,1785,1785,0.000591043247529751,0.00526157158505052
0.125901483584025,0.109657886800999,1786,1786,0.000591043247529751,0.00471824266384239
0.125639531892944,0.109798338734778,1787,1787,0.000297229598396327,0.00459821043077697
0.125378766758299,0.109297996173697,1788,1788,0.000564217275413657,0.00408396470232598
0.125928171718327,0.109976936312002,1789,1789,0.000873387383412777,0.00493462148804189
0.125669994180923,0.109476357621474,1790,1790,0.000563235888621596,0.00442421725943959
0.126189151619082,0.110174199905673,1791,1791,0.000869774855472343,0.00526157158505052
0.125901483584025,0.109657886800999,1792,1792,0.000591043247529751,0.00471824266384239
0.126189151619082,0.110174199905673,1793,1793,0.000591043247529751,0.00526157158505052
0.125901483584025,0.109657886800999,1794,1794,0.000591043247529751,0.00471824266384239
0.126222605824605,0.110190084044718,1795,1795,0.000621573326017556,0.00529757430674046
0.125910030976435,0.109662054290528,1796,1796,0.00061361099812389,0.00472759814728359
0.125928171718327,0.109976936312002,1797,1797,0.000315404143860086,0.00493462148804189
0.125669994180923,0.109476357621474,1798,1798,0.000563235888621596,0.00442421725943959
0.125928171718327,0.109976936312002,1799,1799,0.000563235888621596,0.00493462148804189
0.125669994180923,0.109476357621474,1800,1800,0.000563235888621596,0.00442421725943959
0.125928171718327,0.109976936312002,1801,1801,0.000563235888621596,0.00493462148804189
0.125669994180923,0.109476357621474,1802,1802,0.000563235888621596,0.00442421725943959
0.125639531892944,0.109798338734778,1803,1803,0.000323418905312974,0.00459821043077697
0.125378766758299,0.109297996173697,1804,1804,0.000564217275413657,0.00408396470232598
0.126452510623977,0.11047233816323,1805,1805,0.00159122751279011,0.00565424529658248
0.1261968740965,0.109974005478018,1806,1806,0.000560076333486211,0.00514409968157098
0.126452510623977,0.11047233816323,1807,1807,0.000560076333486211,0.00565424529658248
0.1261968740965,0.109974005478018,1808,1808,0.000560076333486211,0.00514409968157098
0.126452510623977,0.11047233816323,1809,1809,0.000560076333486211,0.00565424529658248
0.1261968740965,0.109974005478018,1810,1810,0.000560076333486211,0.00514409968157098
0.12726230514521,0.111143535931369,1811,1811,0.00158206978381798,0.00670604070144655
0.127011722160537,0.110647160563974,1812,1812,0.000556039870480312,0.00620029797836396
0.126452510623977,0.11047233816323,1813,1813,0.000585901369194397,0.00565424529658248
0.1261968740965,0.109974005478018,1814,1814,0.000560076333486211,0.00514409968157098
0.126452510623977,0.11047233816323,1815,1815,0.000560076333486211,0.00565424529658248
0.1261968740965,0.109974005478018,1816,1816,0.000560076333486211,0.00514409968157098
0.126452510623977,0.11047233816323,1817,1817,0.000560076333486211,0.00565424529658248
0.1261968740965,0.109974005478018,1818,1818,0.000560076333486211,0.00514409968157098
0.125639531892944,0.109798338734778,1819,1819,0.00058437071841897,0.00459821043077697
0.125378766758299,0.109297996173697,1820,1820,0.000564217275413657,0.00408396470232598
0.125928171718327,0.109976936312002,1821,1821,0.000873387383412777,0.00493462148804189
0.125669994180923,0.109476357621474,1822,1822,0.000563235888621596,0.00442421725943959
0.125928171718327,0.109976936312002,1823,1823,0.000563235888621596,0.00493462148804189
0.125669994180923,0.109476357621474,1824,1824,0.000563235888621596,0.00442421725943959
0.125928171718327,0.109976936312002,1825,1825,0.000563235888621596,0.00493462148804189
0.125669994180923,0.109476357621474,1826,1826,0.000563235888621596,0.00442421725943959
0.126222605824605,0.110190084044718,1827,1827,0.000902654438847144,0.00529757430674046
0.125910030976435,0.109662054290528,1828,1828,0.00061361099812389,0.00472759814728359
0.126189151619082,0.110174199905673,1829,1829,0.000583267918081879,0.00526157158505052
0.125901483584025,0.109657886800999,1830,1830,0.000591043247529751,0.00471824266384239
0.126189151619082,0.110174199905673,1831,1831,0.000591043247529751,0.00526157158505052
0.125669994180923,0.109476357621474,1832,1832,0.000869774855472343,0.00442421725943959
0.125928171718327,0.109976936312002,1833,1833,0.000563235888621596,0.00493462148804189
0.125669994180923,0.109476357621474,1834,1834,0.000563235888621596,0.00442421725943959
0.125639531892944,0.109798338734778,1835,1835,0.000323418905312974,0.00459821043077697
0.125378766758299,0.109297996173697,1836,1836,0.000564217275413657,0.00408396470232598
0.126189151619082,0.110174199905673,1837,1837,0.00119350601276806,0.00526157158505052
0.125901483584025,0.109657886800999,1838,1838,0.000591043247529751,0.00471824266384239
0.125928171718327,0.109976936312002,1839,1839,0.000320163781498891,0.00493462148804189
0.125669994180923,0.109476357621474,1840,1840,0.000563235888621596,0.00442421725943959
0.125928171718327,0.109976936312002,1841,1841,0.000563235888621596,0.00493462148804189
0.125669994180923,0.109476357621474,1842,1842,0.000563235888621596,0.00442421725943959
0.126743456962999,0.110652035115036,1843,1843,0.00159202384196046,0.00599310020962317
0.126490504457054,0.11015350240526,1844,1844,0.000559034733249679,0.00548661246152487
0.126452510623977,0.11047233816323,1845,1845,0.000321091531984055,0.00565424529658248
0.1261968740965,0.109974005478018,1846,1846,0.000560076333486211,0.00514409968157098
0.126452510623977,0.11047233816323,1847,1847,0.000560076333486211,0.00565424529658248
0.1261968740965,0.109974005478018,1848,1848,0.000560076333486211,0.00514409968157098
0.126452510623977,0.11047233816323,1849,1849,0.000560076333486211,0.00565424529658248
0.1261968740965,0.109974005478018,1850,1850,0.000560076333486211,0.00514409968157098
0.125639531892944,0.109798338734778,1851,1851,0.00058437071841897,0.00459821043077697
0.125378766758299,0.109297996173697,1852,1852,0.000564217275413657,0.00408396470232598
0.125928171718327,0.109976936312002,1853,1853,0.000873387383412777,0.00493462148804189
0.125669994180923,0.109476357621474,1854,1854,0.000563235888621596,0.00442421725943959
0.125928171718327,0.109976936312002,1855,1855,0.000563235888621596,0.00493462148804189
0.125901483584025,0.109657886800999,1856,1856,0.000320163781498891,0.00471824266384239
0.125928171718327,0.109976936312002,1857,1857,0.000320163781498891,0.00493462148804189
0.125901483584025,0.109657886800999,1858,1858,0.000320163781498891,0.00471824266384239
0.126992391436516,0.110710499292119,1859,1859,0.00151593964229627,0.00622394732614413
0.126717698197659,0.110199838524808,1860,1860,0.00057985411505324,0.00569707090698142
0.126484857694829,0.110445506195095,1861,1861,0.000338477922445022,0.00566216958154868
0.126253796092698,0.109959390908998,1862,1862,0.000538235576077714,0.00518080135016503
0.126484857694829,0.110445506195095,1863,1863,0.000538235576077714,0.00566216958154868
0.126253796092698,0.109959390908998,1864,1864,0.000538235576077714,0.00518080135016503
0.126484857694829,0.110445506195095,1865,1865,0.000538235576077714,0.00566216958154868
0.126139035287928,0.109891505417208,1866,1866,0.00065307733004113,0.00504823858911559
0.125639531892944,0.109798338734778,1867,1867,0.000508117774060449,0.00459821043077697
0.125378766758299,0.109297996173697,1868,1868,0.000564217275413657,0.00408396470232598
0.126189151619082,0.110174199905673,1869,1869,0.00119350601276806,0.00526157158505052
0.125669994180923,0.109476357621474,1870,1870,0.000869774855472343,0.00442421725943959
0.125928171718327,0.109976936312002,1871,1871,0.000563235888621596,0.00493462148804189
0.125669994180923,0.109476357621474,1872,1872,0.000563235888621596,0.00442421725943959
0.125928171718327,0.109976936312002,1873,1873,0.000563235888621596,0.00493462148804189
0.125669994180923,0.109476357621474,1874,1874,0.000563235888621596,0.00442421725943959
0.126743456962999,0.110652035115036,1875,1875,0.00159202384196046,0.00599310020962317
0.126490504457054,0.11015350240526,1876,1876,0.000559034733249679,0.00548661246152487
0.126452510623977,0.11047233816323,1877,1877,0.000321091531984055,0.00565424529658248
0.1261968740965,0.109974005478018,1878,1878,0.000560076333486211,0.00514409968157098
0.126452510623977,0.11047233816323,1879,1879,0.000560076333486211,0.00565424529658248
0.1261968740965,0.109974005478018,1880,1880,0.000560076333486211,0.00514409968157098
0.126452510623977,0.11047233816323,1881,1881,0.000560076333486211,0.00565424529658248
0.1261968740965,0.109974005478018,1882,1882,0.000560076333486211,0.00514409968157098
0.125639531892944,0.109798338734778,1883,1883,0.00058437071841897,0.00459821043077697
0.125378766758299,0.109297996173697,1884,1884,0.000564217275413657,0.00408396470232598
0.125928171718327,0.109976936312002,1885,1885,0.000873387383412777,0.00493462148804189
0.125669994180923,0.109476357621474,1886,1886,0.000563235888621596,0.00442421725943959
0.125928171718327,0.109976936312002,1887,1887,0.000563235888621596,0.00493462148804189
0.125901483584025,0.109657886800999,1888,1888,0.000320163781498891,0.00471824266384239
0.125928171718327,0.109976936312002,1889,1889,0.000320163781498891,0.00493462148804189
0.125901483584025,0.109657886800999,1890,1890,0.000320163781498891,0.00471824266384239
0.126992391436516,0.110710499292119,1891,1891,0.00151593964229627,0.00622394732614413
0.126717698197659,0.110199838524808,1892,1892,0.00057985411505324,0.00569707090698142
0.126484857694829,0.110445506195095,1893,1893,0.000338477922445022,0.00566216958154868
0.126253796092698,0.109959390908998,1894,1894,0.000538235576077714,0.00518080135016503
0.126484857694829,0.110445506195095,1895,1895,0.000538235576077714,0.00566216958154868
0.126253796092698,0.109959390908998,1896,1896,0.000538235576077714,0.00518080135016503
0.126484857694829,0.110445506195095,1897,1897,0.000538235576077714,0.00566216958154868
0.126139035287928,0.109891505417208,1898,1898,0.00065307733004113,0.00504823858911559
0.125639531892944,0.109798338734778,1899,1899,0.000508117774060449,0.00459821043077697
0.125378766758299,0.109297996173697,1900,1900,0.000564217275413657,0.00408396470232598
0.126452510623977,0.11047233816323,1901,1901,0.00159122751279011,0.00565424529658248
0.1261968740965,0.109974005478018,1902,1902,0.000560076333486211,0.00514409968157098
0.126452510623977,0.11047233816323,1903,1903,0.000560076333486211,0.00565424529658248
0.1261968740965,0.109974005478018,1904,1904,0.000560076333486211,0.00514409968157098
0.126452510623977,0.11047233816323,1905,1905,0.000560076333486211,0.00565424529658248
0.1261968740965,0.109974005478018,1906,1906,0.000560076333486211,0.00514409968157098
0.12726230514521,0.111143535931369,1907,1907,0.00158206978381798,0.00670604070144655
0.127011722160537,0.110647160563974,1908,1908,0.000556039870480312,0.00620029797836396
0.126452510623977,0.11047233816323,1909,1909,0.000585901369194397,0.00565424529658248
0.1261968740965,0.109974005478018,1910,1910,0.000560076333486211,0.00514409968157098
0.126452510623977,0.11047233816323,1911,1911,0.000560076333486211,0.00565424529658248
0.1261968740965,0.109974005478018,1912,1912,0.000560076333486211,0.00514409968157098
0.126452510623977,0.11047233816323,1913,1913,0.000560076333486211,0.00565424529658248
0.1261968740965,0.109974005478018,1914,1914,0.000560076333486211,0.00514409968157098
0.125639531892944,0.109798338734778,1915,1915,0.00058437071841897,0.00459821043077697
0.125378766758299,0.109297996173697,1916,1916,0.000564217275413657,0.00408396470232598
0.125928171718327,0.109976936312002,1917,1917,0.000873387383412777,0.00493462148804189
0.125669994180923,0.109476357621474,1918,1918,0.000563235888621596,0.00442421725943959
0.125928171718327,0.109976936312002,1919,1919,0.000563235888621596,0.00493462148804189
0.125669994180923,0.109476357621474,1920,1920,0.000563235888621596,0.00442421725943959
0.125928171718327,0.109976936312002,1921,1921,0.000563235888621596,0.00493462148804189
0.125669994180923,0.109476357621474,1922,1922,0.000563235888621596,0.00442421725943959
0.126222605824605,0.110190084044718,1923,1923,0.000902654438847144,0.00529757430674046
0.125910030976435,0.109662054290528,1924,1924,0.00061361099812389,0.00472759814728359
0.126189151619082,0.110174199905673,1925,1925,0.000583267918081879,0.00526157158505052
0.125901483584025,0.109657886800999,1926,1926,0.000591043247529751,0.00471824266384239
0.126189151619082,0.110174199905673,1927,1927,0.000591043247529751,0.00526157158505052
0.125669994180923,0.109476357621474,1928,1928,0.000869774855472343,0.00442421725943959
0.125928171718327,0.109976936312002,1929,1929,0.000563235888621596,0.00493462148804189
0.125669994180923,0.109476357621474,1930,1930,0.000563235888621596,0.00442421725943959
0.125639531892944,0.109798338734778,1931,1931,0.000323418905312974,0.00459821043077697
0.125378766758299,0.109297996173697,1932,1932,0.000564217275413657,0.00408396470232598
0.126452510623977,0.11047233816323,1933,1933,0.00159122751279011,0.00565424529658248
0.1261968740965,0.109974005478018,1934,1934,0.000560076333486211,0.00514409968157098
0.126452510623977,0.11047233816323,1935,1935,0.000560076333486211,0.00565424529658248
0.1261968740965,0.109974005478018,1936,1936,0.000560076333486211,0.00514409968157098
0.126452510623977,0.11047233816323,1937,1937,0.000560076333486211,0.00565424529658248
0.1261968740965,0.109974005478018,1938,1938,0.000560076333486211,0.00514409968157098
0.12726230514521,0.111143535931369,1939,1939,0.00158206978381798,0.00670604070144655
0.127011722160537,0.110647160563974,1940,1940,0.000556039870480312,0.00620029797836396
0.126452510623977,0.11047233816323,1941,1941,0.000585901369194397,0.00565424529658248
0.1261968740965,0.109974005478018,1942,1942,0.000560076333486211,0.00514409968157098
0.126452510623977,0.11047233816323,1943,1943,0.000560076333486211,0.00565424529658248
0.1261968740965,0.109974005478018,1944,1944,0.000560076333486211,0.00514409968157098
0.126452510623977,0.11047233816323,1945,1945,0.000560076333486211,0.00565424529658248
0.1261968740965,0.109974005478018,1946,1946,0.000560076333486211,0.00514409968157098
0.125639531892944,0.109798338734778,1947,1947,0.00058437071841897,0.00459821043077697
0.125378766758299,0.109297996173697,1948,1948,0.000564217275413657,0.00408396470232598
0.125928171718327,0.109976936312002,1949,1949,0.000873387383412777,0.00493462148804189
0.125669994180923,0.109476357621474,1950,1950,0.000563235888621596,0.00442421725943959
0.125928171718327,0.109976936312002,1951,1951,0.000563235888621596,0.00493462148804189
0.125669994180923,0.109476357621474,1952,1952,0.000563235888621596,0.00442421725943959
0.125928171718327,0.109976936312002,1953,1953,0.000563235888621596,0.00493462148804189
0.125669994180923,0.109476357621474,1954,1954,0.000563235888621596,0.00442421725943959
0.126222605824605,0.110190084044718,1955,1955,0.000902654438847144,0.00529757430674046
0.125910030976435,0.109662054290528,1956,1956,0.00061361099812389,0.00472759814728359
0.126189151619082,0.110174199905673,1957,1957,0.000583267918081879,0.00526157158505052
0.125901483584025,0.109657886800999,1958,1958,0.000591043247529751,0.00471824266384239
0.126189151619082,0.110174199905673,1959,1959,0.000591043247529751,0.00526157158505052
0.125669994180923,0.109476357621474,1960,1960,0.000869774855472343,0.00442421725943959
0.125928171718327,0.109976936312002,1961,1961,0.000563235888621596,0.00493462148804189
0.125669994180923,0.109476357621474,1962,1962,0.000563235888621596,0.00442421725943959
0.125639531892944,0.109798338734778,1963,1963,0.000323418905312974,0.00459821043077697
0.125378766758299,0.109297996173697,1964,1964,0.000564217275413657,0.00408396470232598
0.126189151619082,0.110174199905673,1965,1965,0.00119350601276806,0.00526157158505052
0.125901483584025,0.109657886800999,1966,1966,0.000591043247529751,0.00471824266384239
0.125928171718327,0.109976936312002,1967,1967,0.000320163781498891,0.00493462148804189
0.125669994180923,0.109476357621474,1968,1968,0.000563235888621596,0.00442421725943959
0.125928171718327,0.109976936312002,1969,1969,0.000563235888621596,0.00493462148804189
0.125669994180923,0.109476357621474,1970,1970,0.000563235888621596,0.00442421725943959
0.126743456962999,0.110652035115036,1971,1971,0.00159202384196046,0.00599310020962317
0.126490504457054,0.11015350240526,1972,1972,0.000559034733249679,0.00548661246152487
0.126452510623977,0.11047233816323,1973,1973,0.000321091531984055,0.00565424529658248
0.1261968740965,0.109974005478018,1974,1974,0.000560076333486211,0.00514409968157098
0.126452510623977,0.11047233816323,1975,1975,0.000560076333486211,0.00565424529658248
0.1261968740965,0.109974005478018,1976,1976,0.000560076333486211,0.00514409968157098
0.126452510623977,0.11047233816323,1977,1977,0.000560076333486211,0.00565424529658248
0.1261968740965,0.109974005478018,1978,1978,0.000560076333486211,0.00514409968157098
0.125639531892944,0.109798338734778,1979,1979,0.00058437071841897,0.00459821043077697
0.125378766758299,0.109297996173697,1980,1980,0.000564217275413657,0.00408396470232598
0.125928171718327,0.109976936312002,1981,1981,0.000873387383412777,0.00493462148804189
0.125669994180923,0.109476357621474,1982,1982,0.000563235888621596,0.00442421725943959
0.125928171718327,0.109976936312002,1983,1983,0.000563235888621596,0.00493462148804189
0.125901483584025,0.109657886800999,1984,1984,0.000320163781498891,0.00471824266384239
0.125928171718327,0.109976936312002,1985,1985,0.000320163781498891,0.00493462148804189
0.125901483584025,0.109657886800999,1986,1986,0.000320163781498891,0.00471824266384239
0.127022469528359,0.110681739277966,1987,1987,0.0015181842384854,0.00622994941228941
0.126772359610393,0.11018323286869,1988,1988,0.000557730769417579,0.00573183174362778
0.12650070495854,0.110409916831993,1989,1989,0.000353810498844253,0.00565205091054883
0.126290862054992,0.109934574475935,1990,1990,0.000519600230592955,0.00519585947925062
0.12650070495854,0.110409916831993,1991,1991,0.000519600230592955,0.00565205091054883
0.126290862054992,0.109934574475935,1992,1992,0.000519600230592955,0.00519585947925062
0.12650070495854,0.110409916831993,1993,1993,0.000519600230592955,0.00565205091054883
0.126194533547455,0.109875870137655,1994,1994,0.000615586553377835,0.00508347011209328
0.125669568349085,0.109770192089398,1995,1995,0.000535496320606304,0.00460354663217999
0.125433386591855,0.109282146377622,1996,1996,0.000542190408648836,0.00411861632484279
0.12617558949709,0.110035386992135,1997,1997,0.00105746705664607,0.00516463600292467
0.125508066280701,0.10927182280749,1998,1998,0.00101420782312639,0.0041733228202158
0.125856763784558,0.109815112310362,1999,1999,0.000645564429880037,0.00477779260113855
0.125508066280701,0.10927182280749,2000,2000,0.000645564429880037,0.0041733228202158
0.125856763784558,0.109815112310362,2001,2001,0.000645564429880037,0.00477779260113855
0.125508066280701,0.10927182280749,2002,2002,0.000645564429880037,0.0041733228202158
0.126535023969906,0.110265909512667,2003,2003,0.00142928320245702,0.00559000558729448
0.126263711681425,0.109732107861144,2004,2004,0.000598794256026136,0.00505642480322289
0.12605892670399,0.109997775252589,2005,2005,0.00033543412149112,0.00504964505913085
0.125931826014227,0.109568095310996,2006,2006,0.000448084185779191,0.0046903756359859
0.12605892670399,0.109997775252589,2007,2007,0.000448084185779191,0.00504964505913085
0.125931826014227,0.109568095310996,2008,2008,0.000448084185779191,0.0046903756359859
0.125924628567599,0.109874596515785,2009,2009,0.000306585700538792,0.00486790901522554
0.12569956908912,0.109386226876115,2010,2010,0.000537732901917192,0.00439577315202995
0.125109623264105,0.109298972363106,2011,2011,0.000596363501979018,0.00387182210294009
0.124846140179389,0.108796291425178,2012,2012,0.000567548642221429,0.00335832182220939
0.125987333862498,0.109943132519949,2013,2013,0.00161788983525542,0.00495959642457247
0.125749874135635,0.109453345287745,2014,2014,0.000544314848881124,0.00447556632234509
0.125987333862498,0.109943132519949,2015,2015,0.000544314848881124,0.00495959642457247
0.125749874135635,0.109453345287745,2016,2016,0.000544314848881124,0.00447556632234509
0.125987333862498,0.109943132519949,2017,2017,0.000544314848881124,0.00495959642457247
0.125749874135635,0.109453345287745,2018,2018,0.000544314848881124,0.00447556632234509
0.126153273661776,0.110018366068117,2019,2019,0.000694247549469078,0.00513657120976299
0.125970448511629,0.109569923970774,2020,2020,0.00048427817439524,0.00472302930036632
0.125806869582763,0.109787964268815,2021,2021,0.000272579598537254,0.00472179685545343
0.12508697219004,0.108982796701343,2022,2022,0.00108006808477952,0.0036626364687775
0.125404842091292,0.109513070074242,2023,2023,0.000618248432369392,0.00423603593915721
0.12508697219004,0.108982796701343,2024,2024,0.000618248432369392,0.0036626364687775
0.125404842091292,0.109513070074242,2025,2025,0.000618248432369392,0.00423603593915721
0.12508697219004,0.108982796701343,2026,2026,0.000618248432369392,0.0036626364687775
0.125371387885769,0.109497089772131,2027,2027,0.00058769860527081,0.00419994747119089
0.12507842479763,0.108978605220998,2028,2028,0.000595528001671995,0.00365324042553389
0.126189151619082,0.110174199905673,2029,2029,0.00163191933682844,0.00526157158505052
0.125901483584025,0.109657886800999,2030,2030,0.000591043247529751,0.00471824266384239
0.126189151619082,0.110174199905673,2031,2031,0.000591043247529751,0.00526157158505052
0.125901483584025,0.109657886800999,2032,2032,0.000591043247529751,0.00471824266384239
0.126189151619082,0.110174199905673,2033,2033,0.000591043247529751,0.00526157158505052
0.125901483584025,0.109657886800999,2034,2034,0.000591043247529751,0.00471824266384239
0.126476178749495,0.110351085843854,2035,2035,0.000900444027260309,0.00559612054925111
0.126191009415608,0.109834509987035,2036,2036,0.000590061153473417,0.00505621661021428
0.125928171718327,0.109976936312002,2037,2037,0.00029894633825501,0.00493462148804189
0.125901483584025,0.109657886800999,2038,2038,0.000320163781498891,0.00471824266384239
0.125928171718327,0.109976936312002,2039,2039,0.000320163781498891,0.00493462148804189
0.125901483584025,0.109657886800999,2040,2040,0.000320163781498891,0.00471824266384239
0.126189151619082,0.110174199905673,2041,2041,0.000591043247529751,0.00526157158505052
0.125901483584025,0.109657886800999,2042,2042,0.000591043247529751,0.00471824266384239
0.125639531892944,0.109798338734778,2043,2043,0.000297229598396327,0.00459821043077697
0.125378766758299,0.109297996173697,2044,2044,0.000564217275413657,0.00408396470232598
0.125928171718327,0.109976936312002,2045,2045,0.000873387383412777,0.00493462148804189
0.125669994180923,0.109476357621474,2046,2046,0.000563235888621596,0.00442421725943959
0.126189151619082,0.110174199905673,2047,2047,0.000869774855472343,0.00526157158505052
0.125901483584025,0.109657886800999,2048,2048,0.000591043247529751,0.00471824266384239
0.126189151619082,0.110174199905673,2049,2049,0.000591043247529751,0.00526157158505052
0.125901483584025,0.109657886800999,2050,2050,0.000591043247529751,0.00471824266384239
0.126222605824605,0.110190084044718,2051,2051,0.000621573326017556,0.00529757430674046
0.125910030976435,0.109662054290528,2052,2052,0.00061361099812389,0.00472759814728359
0.125928171718327,0.109976936312002,2053,2053,0.000315404143860086,0.00493462148804189
0.125669994180923,0.109476357621474,2054,2054,0.000563235888621596,0.00442421725943959
0.125928171718327,0.109976936312002,2055,2055,0.000563235888621596,0.00493462148804189
0.125669994180923,0.109476357621474,2056,2056,0.000563235888621596,0.00442421725943959
0.125928171718327,0.109976936312002,2057,2057,0.000563235888621596,0.00493462148804189
0.125669994180923,0.109476357621474,2058,2058,0.000563235888621596,0.00442421725943959
0.125639531892944,0.109798338734778,2059,2059,0.000323418905312974,0.00459821043077697
0.125378766758299,0.109297996173697,2060,2060,0.000564217275413657,0.00408396470232598
0.126383811485587,0.110384308163644,2061,2061,0.00147992859400396,0.00554522362754569
0.126139035287928,0.109891505417208,2062,2062,0.000550245339675846,0.00504823858911559
0.126383811485587,0.110384308163644,2063,2063,0.000550245339675846,0.00554522362754569
0.126139035287928,0.109891505417208,2064,2064,0.000550245339675846,0.00504823858911559
0.126383811485587,0.110384308163644,2065,2065,0.000550245339675846,0.00554522362754569
0.126139035287928,0.109891505417208,2066,2066,0.000550245339675846,0.00504823858911559
0.127195060398595,0.111056412901912,2067,2067,0.00157232263937143,0.00659871089588712
0.126955329500263,0.110565528740549,2068,2068,0.000546294941851675,0.00610588120678959
0.126383811485587,0.110384308163644,2069,2069,0.000599561288437385,0.00554522362754569
0.126139035287928,0.109891505417208,2070,2070,0.000550245339675846,0.00504823858911559
0.126383811485587,0.110384308163644,2071,2071,0.000550245339675846,0.00554522362754569
0.126139035287928,0.109891505417208,2072,2072,0.000550245339675846,0.00504823858911559
0.126383811485587,0.110384308163644,2073,2073,0.000550245339675846,0.00554522362754569
0.126139035287928,0.109891505417208,2074,2074,0.000550245339675846,0.00504823858911559
0.125639531892944,0.109798338734778,2075,2075,0.000508117774060449,0.00459821043077697
0.125378766758299,0.109297996173697,2076,2076,0.000564217275413657,0.00408396470232598
0.125928171718327,0.109976936312002,2077,2077,0.000873387383412777,0.00493462148804189
0.125669994180923,0.109476357621474,2078,2078,0.000563235888621596,0.00442421725943959
0.125928171718327,0.109976936312002,2079,2079,0.000563235888621596,0.00493462148804189
0.125901483584025,0.109657886800999,2080,2080,0.000320163781498891,0.00471824266384239
0.125928171718327,0.109976936312002,2081,2081,0.000320163781498891,0.00493462148804189
0.125901483584025,0.109657886800999,2082,2082,0.000320163781498891,0.00471824266384239
0.126992391436516,0.110710499292119,2083,2083,0.00151593964229627,0.00622394732614413
0.126717698197659,0.110199838524808,2084,2084,0.00057985411505324,0.00569707090698142
0.126484857694829,0.110445506195095,2085,2085,0.000338477922445022,0.00566216958154868
0.126253796092698,0.109959390908998,2086,2086,0.000538235576077714,0.00518080135016503
0.126484857694829,0.110445506195095,2087,2087,0.000538235576077714,0.00566216958154868
0.126253796092698,0.109959390908998,2088,2088,0.000538235576077714,0.00518080135016503
0.126484857694829,0.110445506195095,2089,2089,0.000538235576077714,0.00566216958154868
0.126139035287928,0.109891505417208,2090,2090,0.00065307733004113,0.00504823858911559
0.125639531892944,0.109798338734778,2091,2091,0.000508117774060449,0.00459821043077697
0.125378766758299,0.109297996173697,2092,2092,0.000564217275413657,0.00408396470232598
0.126452510623977,0.11047233816323,2093,2093,0.00159122751279011,0.00565424529658248
0.1261968740965,0.109974005478018,2094,2094,0.000560076333486211,0.00514409968157098
0.126452510623977,0.11047233816323,2095,2095,0.000560076333486211,0.00565424529658248
0.1261968740965,0.109974005478018,2096,2096,0.000560076333486211,0.00514409968157098
0.126452510623977,0.11047233816323,2097,2097,0.000560076333486211,0.00565424529658248
0.1261968740965,0.109974005478018,2098,2098,0.000560076333486211,0.00514409968157098
0.126960405899245,0.110752228459429,2099,2099,0.00109023475572953,0.00622482081959387
0.12660146896039,0.110204897291767,2100,2100,0.00065452817599306,0.00560628852108648
0.126145077727737,0.110077738965227,2101,2101,0.000473774415995035,0.00516683380531078
0.125780837133083,0.10952800411911,2102,2102,0.000659454025561256,0.00454422716194907
0.126145077727737,0.110077738965227,2103,2103,0.000659454025561256,0.00516683380531078
0.125780837133083,0.10952800411911,2104,2104,0.000659454025561256,0.00454422716194907
0.126145077727737,0.110077738965227,2105,2105,0.000659454025561256,0.00516683380531078
0.125780837133083,0.10952800411911,2106,2106,0.000659454025561256,0.00454422716194907
0.125326485073603,0.109400386542472,2107,2107,0.00047193435965333,0.00410459850713074
0.124956857728235,0.108848188561329,2108,2108,0.000664490018602137,0.00347879621426746
0.125253880860608,0.109366861966589,2109,2109,0.000597699625638578,0.00402684595428837
0.125223228746875,0.108980515805569,2110,2110,0.000387560199467656,0.00377330300837024
0.125499671467515,0.109493115968174,2111,2111,0.000582391195415435,0.00429819108383891
0.125155998276738,0.108949678061737,2112,2112,0.000642989906772567,0.00370037044260052
0.12542537412669,0.10945916635237,2113,2113,0.00057631733171063,0.00421869291260164
0.125155998276738,0.108949678061737,2114,2114,0.00057631733171063,0.00370037044260052
0.12542537412669,0.10945916635237,2115,2115,0.00057631733171063,0.00421869291260164
0.125155998276738,0.108949678061737,2116,2116,0.00057631733171063,0.00370037044260052
0.125415095879749,0.109454222825239,2117,2117,0.000567183379748567,0.0042075497064842
0.125155998276738,0.108949678061737,2118,2118,0.000567183379748493,0.00370037044260057
0.125432440997378,0.109462193627422,2119,2119,0.000582316737578633,0.00422612672152109
0.125111943765183,0.108929800169604,2120,2120,0.00062141875556825,0.00365278832873263
0.124912405698024,0.109176935995207,2121,2121,0.000317634312602528,0.00364186375142295
0.124657529612461,0.108680188207226,2122,2122,0.000558319069937499,0.00313728958332247
0.124912405698024,0.109176935995207,2123,2123,0.000558319069937499,0.00364186375142295
0.124657529612461,0.108680188207226,2124,2124,0.000558319069937499,0.00313728958332247
0.124823325378037,0.109121499100046,2125,2125,0.000471427131170977,0.0035378779520156
0.124557354161645,0.108619092293212,2126,2126,0.000568465731159322,0.00302025185047816
0.123815327857277,0.108395095414802,2127,2127,0.000775098469815646,0.00229981452781132
0.12196490016322,0.106611657030226,2128,2128,0.00256996792246726,0.000285535216638166
0.122234964079314,0.107114833858972,2129,2129,0.000571070433276337,0.000285535216638172
0.12196490016322,0.106611657030226,2130,2130,0.000571070433276337,0.000285535216638166
0.122234964079314,0.107114833858972,2131,2131,0.000571070433276337,0.000285535216638172
0.12196490016322,0.106611657030226,2132,2132,0.000571070433276337,0.000285535216638166
0.122234964079314,0.107114833858972,2133,2133,0.000571070433276337,0.000285535216638172
0.12196490016322,0.106611657030226,2134,2134,0.000571070433276337,0.000285535216638166
0.122234964079314,0.107114833858972,2135,2135,0.000571070433276337,0.000285535216638172
0.12196490016322,0.106611657030226,2136,2136,0.000571070433276337,0.000285535216638166
0.122234964079314,0.107114833858972,2137,2137,0.000571070433276337,0.000285535216638172
0.12196490016322,0.106611657030226,2138,2138,0.000571070433276337,0.000285535216638166
0.122234964079314,0.107114833858972,2139,2139,0.000571070433276337,0.000285535216638172
0.12196490016322,0.106611657030226,2140,2140,0.000571070433276337,0.000285535216638166
0.122234964079314,0.107114833858972,2141,2141,0.000571070433276337,0.000285535216638172
0.12196490016322,0.106611657030226,2142,2142,0.000571070433276337,0.000285535216638166
0.122234964079314,0.107114833858972,2143,2143,0.000571070433276337,0.000285535216638172
0.12196490016322,0.106611657030226,2144,2144,0.000571070433276337,0.000285535216638166
0.122234964079314,0.107114833858972,2145,2145,0.000571070433276337,0.000285535216638172
0.12196490016322,0.106611657030226,2146,2146,0.000571070433276337,0.000285535216638166
0.122234964079314,0.107114833858972,2147,2147,0.000571070433276337,0.000285535216638172
0.12196490016322,0.106611657030226,2148,2148,0.000571070433276337,0.000285535216638166
0.122234964079314,0.107114833858972,2149,2149,0.000571070433276337,0.000285535216638172
0.12196490016322,0.106611657030226,2150,2150,0.000571070433276337,0.000285535216638166
0.122234964079314,0.107114833858972,2151,2151,0.000571070433276337,0.000285535216638172
0.12196490016322,0.106611657030226,2152,2152,0.000571070433276337,0.000285535216638166
0.122234964079314,0.107114833858972,2153,2153,0.000571070433276337,0.000285535216638172
0.12196490016322,0.106611657030226,2154,2154,0.000571070433276337,0.000285535216638166
0.122234964079314,0.107114833858972,2155,2155,0.000571070433276337,0.000285535216638172
0.12196490016322,0.106611657030226,2156,2156,0.000571070433276337,0.000285535216638166
0.122234964079314,0.107114833858972,2157,2157,0.000571070433276337,0.000285535216638172
0.12196490016322,0.106611657030226,2158,2158,0.000571070433276337,0.000285535216638166
0.122234964079314,0.107114833858972,2159,2159,0.000571070433276337,0.000285535216638172
0.12196490016322,0.106611657030226,2160,2160,0.000571070433276337,0.000285535216638166
0.122234964079314,0.107114833858972,2161,2161,0.000571070433276337,0.000285535216638172
0.12196490016322,0.106611657030226,2162,2162,0.000571070433276337,0.000285535216638166
0.122234964079314,0.107114833858972,2163,2163,0.000571070433276337,0.000285535216638172
0.12196490016322,0.106611657030226,2164,2164,0.000571070433276337,0.000285535216638166
0.122234964079314,0.107114833858972,2165,2165,0.000571070433276337,0.000285535216638172
0.12196490016322,0.106611657030226,2166,2166,0.000571070433276337,0.000285535216638166
0.122234964079314,0.107114833858972,2167,2167,0.000571070433276337,0.000285535216638172
0.12196490016322,0.106611657030226,2168,2168,0.000571070433276337,0.000285535216638166
0.122234964079314,0.107114833858972,2169,2169,0.000571070433276337,0.000285535216638172
0.12196490016322,0.106611657030226,2170,2170,0.000571070433276337,0.000285535216638166
0.122234964079314,0.107114833858972,2171,2171,0.000571070433276337,0.000285535216638172
0.12196490016322,0.106611657030226,2172,2172,0.000571070433276337,0.000285535216638166
0.122234964079314,0.107114833858972,2173,2173,0.000571070433276337,0.000285535216638172
0.12196490016322,0.106611657030226,2174,2174,0.000571070433276337,0.000285535216638166
0.122234964079314,0.107114833858972,2175,2175,0.000571070433276337,0.000285535216638172
0.12196490016322,0.106611657030226,2176,2176,0.000571070433276337,0.000285535216638166
0.122234964079314,0.107114833858972,2177,2177,0.000571070433276337,0.000285535216638172
0.12196490016322,0.106611657030226,2178,2178,0.000571070433276337,0.000285535216638166
0.122234964079314,0.107114833858972,2179,2179,0.000571070433276337,0.000285535216638172
0.12196490016322,0.106611657030226,2180,2180,0.000571070433276337,0.000285535216638166
0.122234964079314,0.107114833858972,2181,2181,0.000571070433276337,0.000285535216638172
0.12196490016322,0.106611657030226,2182,2182,0.000571070433276337,0.000285535216638166
0.122234964079314,0.107114833858972,2183,2183,0.000571070433276337,0.000285535216638172
0.12196490016322,0.106611657030226,2184,2184,0.000571070433276337,0.000285535216638166
0.122234964079314,0.107114833858972,2185,2185,0.000571070433276337,0.000285535216638172
0.12196490016322,0.106611657030226,2186,2186,0.000571070433276337,0.000285535216638166
0.122234964079314,0.107114833858972,2187,2187,0.000571070433276337,0.000285535216638172
0.12196490016322,0.106611657030226,2188,2188,0.000571070433276337,0.000285535216638166
0.122234964079314,0.107114833858972,2189,2189,0.000571070433276337,0.000285535216638172
0.12196490016322,0.106611657030226,2190,2190,0.000571070433276337,0.000285535216638166
0.122234964079314,0.107114833858972,2191,2191,0.000571070433276337,0.000285535216638172
0.12196490016322,0.106611657030226,2192,2192,0.000571070433276337,0.000285535216638166
0.122234964079314,0.107114833858972,2193,2193,0.000571070433276337,0.000285535216638172
0.12196490016322,0.106611657030226,2194,2194,0.000571070433276337,0.000285535216638166
0.122234964079314,0.107114833858972,2195,2195,0.000571070433276337,0.000285535216638172
0.12196490016322,0.106611657030226,2196,2196,0.000571070433276337,0.000285535216638166
0.122234964079314,0.107114833858972,2197,2197,0.000571070433276337,0.000285535216638172
0.12196490016322,0.106611657030226,2198,2198,0.000571070433276337,0.000285535216638166
0.122234964079314,0.107114833858972,2199,2199,0.000571070433276337,0.000285535216638172
0.12196490016322,0.106611657030226,2200,2200,0.000571070433276337,0.000285535216638166
0.122234964079314,0.107114833858972,2201,2201,0.000571070433276337,0.000285535216638172
0.12196490016322,0.106611657030226,2202,2202,0.000571070433276337,0.000285535216638166
0.122234964079314,0.107114833858972,2203,2203,0.000571070433276337,0.000285535216638172
0.12196490016322,0.106611657030226,2204,2204,0.000571070433276337,0.000285535216638166
0.122234964079314,0.107114833858972,2205,2205,0.000571070433276337,0.000285535216638172
0.12196490016322,0.106611657030226,2206,2206,0.000571070433276337,0.000285535216638166
0.122234964079314,0.107114833858972,2207,2207,0.000571070433276337,0.000285535216638172
0.12196490016322,0.106611657030226,2208,2208,0.000571070433276337,0.000285535216638166
0.122234964079314,0.107114833858972,2209,2209,0.000571070433276337,0.000285535216638172
0.12196490016322,0.106611657030226,2210,2210,0.000571070433276337,0.000285535216638166
0.122234964079314,0.107114833858972,2211,2211,0.000571070433276337,0.000285535216638172
0.12196490016322,0.106611657030226,2212,2212,0.000571070433276337,0.000285535216638166
0.122234964079314,0.107114833858972,2213,2213,0.000571070433276337,0.000285535216638172
0.12196490016322,0.106611657030226,2214,2214,0.000571070433276337,0.000285535216638166
0.122234964079314,0.107114833858972,2215,2215,0.000571070433276337,0.000285535216638172
0.12196490016322,0.106611657030226,2216,2216,0.000571070433276337,0.000285535216638166
0.122234964079314,0.107114833858972,2217,2217,0.000571070433276337,0.000285535216638172
0.12196490016322,0.106611657030226,2218,2218,0.000571070433276337,0.000285535216638166
0.122234964079314,0.107114833858972,2219,2219,0.000571070433276337,0.000285535216638172
0.12196490016322,0.106611657030226,2220,2220,0.000571070433276337,0.000285535216638166
0.122234964079314,0.107114833858972,2221,2221,0.000571070433276337,0.000285535216638172
0.12196490016322,0.106611657030226,2222,2222,0.000571070433276337,0.000285535216638166
0.122234964079314,0.107114833858972,2223,2223,0.000571070433276337,0.000285535216638172
0.12196490016322,0.106611657030226,2224,2224,0.000571070433276337,0.000285535216638166
0.122234964079314,0.107114833858972,2225,2225,0.000571070433276337,0.000285535216638172
0.12196490016322,0.106611657030226,2226,2226,0.000571070433276337,0.000285535216638166
0.122234964079314,0.107114833858972,2227,2227,0.000571070433276337,0.000285535216638172
0.12196490016322,0.106611657030226,2228,2228,0.000571070433276337,0.000285535216638166
0.122234964079314,0.107114833858972,2229,2229,0.000571070433276337,0.000285535216638172
0.12196490016322,0.106611657030226,2230,2230,0.000571070433276337,0.000285535216638166
0.122234964079314,0.107114833858972,2231,2231,0.000571070433276337,0.000285535216638172
0.12196490016322,0.106611657030226,2232,2232,0.000571070433276337,0.000285535216638166
0.122234964079314,0.107114833858972,2233,2233,0.000571070433276337,0.000285535216638172
0.12196490016322,0.106611657030226,2234,2234,0.000571070433276337,0.000285535216638166
0.122234964079314,0.107114833858972,2235,2235,0.000571070433276337,0.000285535216638172
0.12196490016322,0.106611657030226,2236,2236,0.000571070433276337,0.000285535216638166
0.122234964079314,0.107114833858972,2237,2237,0.000571070433276337,0.000285535216638172
0.12196490016322,0.106611657030226,2238,2238,0.000571070433276337,0.000285535216638166
0.122234964079314,0.107114833858972,2239,2239,0.000571070433276337,0.000285535216638172
0.12196490016322,0.106611657030226,2240,2240,0.000571070433276337,0.000285535216638166
0.122234964079314,0.107114833858972,2241,2241,0.000571070433276337,0.000285535216638172
0.12196490016322,0.106611657030226,2242,2242,0.000571070433276337,0.000285535216638166
0.122234964079314,0.107114833858972,2243,2243,0.000571070433276337,0.000285535216638172
0.12196490016322,0.106611657030226,2244,2244,0.000571070433276337,0.000285535216638166
0.122234964079314,0.107114833858972,2245,2245,0.000571070433276337,0.000285535216638172
0.12196490016322,0.106611657030226,2246,2246,0.000571070433276337,0.000285535216638166
0.122234964079314,0.107114833858972,2247,2247,0.000571070433276337,0.000285535216638172
0.12196490016322,0.106611657030226,2248,2248,0.000571070433276337,0.000285535216638166
0.122234964079314,0.107114833858972,2249,2249,0.000571070433276337,0.000285535216638172
0.12196490016322,0.106611657030226,2250,2250,0.000571070433276337,0.000285535216638166
0.122234964079314,0.107114833858972,2251,2251,0.000571070433276337,0.000285535216638172
0.12196490016322,0.106611657030226,2252,2252,0.000571070433276337,0.000285535216638166
0.122234964079314,0.107114833858972,2253,2253,0.000571070433276337,0.000285535216638172
0.12196490016322,0.106611657030226,2254,2254,0.000571070433276337,0.000285535216638166
0.122234964079314,0.107114833858972,2255,2255,0.000571070433276337,0.000285535216638172
0.12196490016322,0.106611657030226,2256,2256,0.000571070433276337,0.000285535216638166
0.122234964079314,0.107114833858972,2257,2257,0.000571070433276337,0.000285535216638172
0.12196490016322,0.106611657030226,2258,2258,0.000571070433276337,0.000285535216638166
0.122234964079314,0.107114833858972,2259,2259,0.000571070433276337,0.000285535216638172
0.12196490016322,0.106611657030226,2260,2260,0.000571070433276337,0.000285535216638166
0.122234964079314,0.107114833858972,2261,2261,0.000571070433276337,0.000285535216638172
0.12196490016322,0.106611657030226,2262,2262,0.000571070433276337,0.000285535216638166
0.122234964079314,0.107114833858972,2263,2263,0.000571070433276337,0.000285535216638172
0.12196490016322,0.106611657030226,2264,2264,0.000571070433276337,0.000285535216638166
0.122234964079314,0.107114833858972,2265,2265,0.000571070433276337,0.000285535216638172
0.12196490016322,0.106611657030226,2266,2266,0.000571070433276337,0.000285535216638166
0.122234964079314,0.107114833858972,2267,2267,0.000571070433276337,0.000285535216638172
0.12196490016322,0.106611657030226,2268,2268,0.000571070433276337,0.000285535216638166
0.122234964079314,0.107114833858972,2269,2269,0.000571070433276337,0.000285535216638172
0.12196490016322,0.106611657030226,2270,2270,0.000571070433276337,0.000285535216638166
0.122234964079314,0.107114833858972,2271,2271,0.000571070433276337,0.000285535216638172
0.12196490016322,0.106611657030226,2272,2272,0.000571070433276337,0.000285535216638166
0.122234964079314,0.107114833858972,2273,2273,0.000571070433276337,0.000285535216638172
0.12196490016322,0.106611657030226,2274,2274,0.000571070433276337,0.000285535216638166
0.122234964079314,0.107114833858972,2275,2275,0.000571070433276337,0.000285535216638172
0.12196490016322,0.106611657030226,2276,2276,0.000571070433276337,0.000285535216638166
0.122234964079314,0.107114833858972,2277,2277,0.000571070433276337,0.000285535216638172
0.12196490016322,0.106611657030226,2278,2278,0.000571070433276337,0.000285535216638166
0.122234964079314,0.107114833858972,2279,2279,0.000571070433276337,0.000285535216638172
0.12196490016322,0.106611657030226,2280,2280,0.000571070433276337,0.000285535216638166
0.122234964079314,0.107114833858972,2281,2281,0.000571070433276337,0.000285535216638172
0.12196490016322,0.106611657030226,2282,2282,0.000571070433276337,0.000285535216638166
0.122234964079314,0.107114833858972,2283,2283,0.000571070433276337,0.000285535216638172
0.12196490016322,0.106611657030226,2284,2284,0.000571070433276337,0.000285535216638166
0.122234964079314,0.107114833858972,2285,2285,0.000571070433276337,0.000285535216638172
0.12196490016322,0.106611657030226,2286,2286,0.000571070433276337,0.000285535216638166
0.122234964079314,0.107114833858972,2287,2287,0.000571070433276337,0.000285535216638172
0.12196490016322,0.106611657030226,2288,2288,0.000571070433276337,0.000285535216638166
0.122234964079314,0.107114833858972,2289,2289,0.000571070433276337,0.000285535216638172
0.12196490016322,0.106611657030226,2290,2290,0.000571070433276337,0.000285535216638166
0.122234964079314,0.107114833858972,2291,2291,0.000571070433276337,0.000285535216638172
0.12196490016322,0.106611657030226,2292,2292,0.000571070433276337,0.000285535216638166
0.122234964079314,0.107114833858972,2293,2293,0.000571070433276337,0.000285535216638172
0.12196490016322,0.106611657030226,2294,2294,0.000571070433276337,0.000285535216638166
0.122234964079314,0.107114833858972,2295,2295,0.000571070433276337,0.000285535216638172
0.12196490016322,0.106611657030226,2296,2296,0.000571070433276337,0.000285535216638166
0.122234964079314,0.107114833858972,2297,2297,0.000571070433276337,0.000285535216638172
0.12196490016322,0.106611657030226,2298,2298,0.000571070433276337,0.000285535216638166
0.122234964079314,0.107114833858972,2299,2299,0.000571070433276337,0.000285535216638172
0.12196490016322,0.106611657030226,2300,2300,0.000571070433276337,0.000285535216638166
0.122234964079314,0.107114833858972,2301,2301,0.000571070433276337,0.000285535216638172
0.12196490016322,0.106611657030226,2302,2302,0.000571070433276337,0.000285535216638166
0.122234964079314,0.107114833858972,2303,2303,0.000571070433276337,0.000285535216638172
0.12196490016322,0.106611657030226,2304,2304,0.000571070433276337,0.000285535216638166
0.122234964079314,0.107114833858972,2305,2305,0.000571070433276337,0.000285535216638172
0.12196490016322,0.106611657030226,2306,2306,0.000571070433276337,0.000285535216638166
0.122234964079314,0.107114833858972,2307,2307,0.000571070433276337,0.000285535216638172
0.12196490016322,0.106611657030226,2308,2308,0.000571070433276337,0.000285535216638166
0.122234964079314,0.107114833858972,2309,2309,0.000571070433276337,0.000285535216638172
0.12196490016322,0.106611657030226,2310,2310,0.000571070433276337,0.000285535216638166
0.122234964079314,0.107114833858972,2311,2311,0.000571070433276337,0.000285535216638172
0.12196490016322,0.106611657030226,2312,2312,0.000571070433276337,0.000285535216638166
0.122234964079314,0.107114833858972,2313,2313,0.000571070433276337,0.000285535216638172
0.12196490016322,0.106611657030226,2314,2314,0.000571070433276337,0.000285535216638166
0.122234964079314,0.107114833858972,2315,2315,0.000571070433276337,0.000285535216638172
0.12196490016322,0.106611657030226,2316,2316,0.000571070433276337,0.000285535216638166
0.122234964079314,0.107114833858972,2317,2317,0.000571070433276337,0.000285535216638172
0.12196490016322,0.106611657030226,2318,2318,0.000571070433276337,0.000285535216638166
0.122234964079314,0.107114833858972,2319,2319,0.000571070433276337,0.000285535216638172
0.12196490016322,0.106611657030226,2320,2320,0.000571070433276337,0.000285535216638166
0.122234964079314,0.107114833858972,2321,2321,0.000571070433276337,0.000285535216638172
0.12196490016322,0.106611657030226,2322,2322,0.000571070433276337,0.000285535216638166
0.122234964079314,0.107114833858972,2323,2323,0.000571070433276337,0.000285535216638172
0.12196490016322,0.106611657030226,2324,2324,0.000571070433276337,0.000285535216638166
0.122234964079314,0.107114833858972,2325,2325,0.000571070433276337,0.000285535216638172
0.12196490016322,0.106611657030226,2326,2326,0.000571070433276337,0.000285535216638166
0.122234964079314,0.107114833858972,2327,2327,0.000571070433276337,0.000285535216638172
0.12196490016322,0.106611657030226,2328,2328,0.000571070433276337,0.000285535216638166
0.122234964079314,0.107114833858972,2329,2329,0.000571070433276337,0.000285535216638172
0.12196490016322,0.106611657030226,2330,2330,0.000571070433276337,0.000285535216638166
0.122234964079314,0.107114833858972,2331,2331,0.000571070433276337,0.000285535216638172
0.12196490016322,0.106611657030226,2332,2332,0.000571070433276337,0.000285535216638166
0.122234964079314,0.107114833858972,2333,2333,0.000571070433276337,0.000285535216638172
0.12196490016322,0.106611657030226,2334,2334,0.000571070433276337,0.000285535216638166
0.122234964079314,0.107114833858972,2335,2335,0.000571070433276337,0.000285535216638172
0.12196490016322,0.106611657030226,2336,2336,0.000571070433276337,0.000285535216638166
0.122234964079314,0.107114833858972,2337,2337,0.000571070433276337,0.000285535216638172
0.12196490016322,0.106611657030226,2338,2338,0.000571070433276337,0.000285535216638166
0.122234964079314,0.107114833858972,2339,2339,0.000571070433276337,0.000285535216638172
0.12196490016322,0.106611657030226,2340,2340,0.000571070433276337,0.000285535216638166
0.122234964079314,0.107114833858972,2341,2341,0.000571070433276337,0.000285535216638172
0.12196490016322,0.106611657030226,2342,2342,0.000571070433276337,0.000285535216638166
0.122234964079314,0.107114833858972,2343,2343,0.000571070433276337,0.000285535216638172
0.12196490016322,0.106611657030226,2344,2344,0.000571070433276337,0.000285535216638166
0.122234964079314,0.107114833858972,2345,2345,0.000571070433276337,0.000285535216638172
0.12196490016322,0.106611657030226,2346,2346,0.000571070433276337,0.000285535216638166
0.122234964079314,0.107114833858972,2347,2347,0.000571070433276337,0.000285535216638172
0.12196490016322,0.106611657030226,2348,2348,0.000571070433276337,0.000285535216638166
0.122234964079314,0.107114833858972,2349,2349,0.000571070433276337,0.000285535216638172
0.12196490016322,0.106611657030226,2350,2350,0.000571070433276337,0.000285535216638166
0.122234964079314,0.107114833858972,2351,2351,0.000571070433276337,0.000285535216638172
0.12196490016322,0.106611657030226,2352,2352,0.000571070433276337,0.000285535216638166
0.122234964079314,0.107114833858972,2353,2353,0.000571070433276337,0.000285535216638172
0.12196490016322,0.106611657030226,2354,2354,0.000571070433276337,0.000285535216638166
0.122234964079314,0.107114833858972,2355,2355,0.000571070433276337,0.000285535216638172
0.12196490016322,0.106611657030226,2356,2356,0.000571070433276337,0.000285535216638166
0.122234964079314,0.107114833858972,2357,2357,0.000571070433276337,0.000285535216638172
0.12196490016322,0.106611657030226,2358,2358,0.000571070433276337,0.000285535216638166
0.122234964079314,0.107114833858972,2359,2359,0.000571070433276337,0.000285535216638172
0.12196490016322,0.106611657030226,2360,2360,0.000571070433276337,0.000285535216638166
0.122234964079314,0.107114833858972,2361,2361,0.000571070433276337,0.000285535216638172
0.12196490016322,0.106611657030226,2362,2362,0.000571070433276337,0.000285535216638166
0.122234964079314,0.107114833858972,2363,2363,0.000571070433276337,0.000285535216638172
0.12196490016322,0.106611657030226,2364,2364,0.000571070433276337,0.000285535216638166
0.122234964079314,0.107114833858972,2365,2365,0.000571070433276337,0.000285535216638172
0.12196490016322,0.106611657030226,2366,2366,0.000571070433276337,0.000285535216638166
0.122234964079314,0.107114833858972,2367,2367,0.000571070433276337,0.000285535216638172
0.12196490016322,0.106611657030226,2368,2368,0.000571070433276337,0.000285535216638166
0.122234964079314,0.107114833858972,2369,2369,0.000571070433276337,0.000285535216638172
0.12196490016322,0.106611657030226,2370,2370,0.000571070433276337,0.000285535216638166
0.122234964079314,0.107114833858972,2371,2371,0.000571070433276337,0.000285535216638172
0.12196490016322,0.106611657030226,2372,2372,0.000571070433276337,0.000285535216638166
0.122234964079314,0.107114833858972,2373,2373,0.000571070433276337,0.000285535216638172
0.12196490016322,0.106611657030226,2374,2374,0.000571070433276337,0.000285535216638166
0.122234964079314,0.107114833858972,2375,2375,0.000571070433276337,0.000285535216638172
0.12196490016322,0.106611657030226,2376,2376,0.000571070433276337,0.000285535216638166
0.122234964079314,0.107114833858972,2377,2377,0.000571070433276337,0.000285535216638172
0.12196490016322,0.106611657030226,2378,2378,0.000571070433276337,0.000285535216638166
0.122234964079314,0.107114833858972,2379,2379,0.000571070433276337,0.000285535216638172
0.12196490016322,0.106611657030226,2380,2380,0.000571070433276337,0.000285535216638166
0.122234964079314,0.107114833858972,2381,2381,0.000571070433276337,0.000285535216638172
0.12196490016322,0.106611657030226,2382,2382,0.000571070433276337,0.000285535216638166
0.122234964079314,0.107114833858972,2383,2383,0.000571070433276337,0.000285535216638172
0.12196490016322,0.106611657030226,2384,2384,0.000571070433276337,0.000285535216638166
0.122234964079314,0.107114833858972,2385,2385,0.000571070433276337,0.000285535216638172
0.12196490016322,0.106611657030226,2386,2386,0.000571070433276337,0.000285535216638166
0.122234964079314,0.107114833858972,2387,2387,0.000571070433276337,0.000285535216638172
0.12196490016322,0.106611657030226,2388,2388,0.000571070433276337,0.000285535216638166
0.122234964079314,0.107114833858972,2389,2389,0.000571070433276337,0.000285535216638172
0.12196490016322,0.106611657030226,2390,2390,0.000571070433276337,0.000285535216638166
0.122234964079314,0.107114833858972,2391,2391,0.000571070433276337,0.000285535216638172
0.12196490016322,0.106611657030226,2392,2392,0.000571070433276337,0.000285535216638166
0.122234964079314,0.107114833858972,2393,2393,0.000571070433276337,0.000285535216638172
0.12196490016322,0.106611657030226,2394,2394,0.000571070433276337,0.000285535216638166
0.122234964079314,0.107114833858972,2395,2395,0.000571070433276337,0.000285535216638172
0.12196490016322,0.106611657030226,2396,2396,0.000571070433276337,0.000285535216638166
0.122234964079314,0.107114833858972,2397,2397,0.000571070433276337,0.000285535216638172
0.12196490016322,0.106611657030226,2398,2398,0.000571070433276337,0.000285535216638166
0.122234964079314,0.107114833858972,2399,2399,0.000571070433276337,0.000285535216638172
0.12196490016322,0.106611657030226,2400,2400,0.000571070433276337,0.000285535216638166
0.122234964079314,0.107114833858972,2401,2401,0.000571070433276337,0.000285535216638172
0.12196490016322,0.106611657030226,2402,2402,0.000571070433276337,0.000285535216638166
0.122234964079314,0.107114833858972,2403,2403,0.000571070433276337,0.000285535216638172
0.12196490016322,0.106611657030226,2404,2404,0.000571070433276337,0.000285535216638166
0.122234964079314,0.107114833858972,2405,2405,0.000571070433276337,0.000285535216638172
0.12196490016322,0.106611657030226,2406,2406,0.000571070433276337,0.000285535216638166
0.122234964079314,0.107114833858972,2407,2407,0.000571070433276337,0.000285535216638172
0.12196490016322,0.106611657030226,2408,2408,0.000571070433276337,0.000285535216638166
0.122234964079314,0.107114833858972,2409,2409,0.000571070433276337,0.000285535216638172
0.12196490016322,0.106611657030226,2410,2410,0.000571070433276337,0.000285535216638166
0.122234964079314,0.107114833858972,2411,2411,0.000571070433276337,0.000285535216638172
0.12196490016322,0.106611657030226,2412,2412,0.000571070433276337,0.000285535216638166
0.122234964079314,0.107114833858972,2413,2413,0.000571070433276337,0.000285535216638172
0.12196490016322,0.106611657030226,2414,2414,0.000571070433276337,0.000285535216638166
0.122234964079314,0.107114833858972,2415,2415,0.000571070433276337,0.000285535216638172
0.12196490016322,0.106611657030226,2416,2416,0.000571070433276337,0.000285535216638166
0.122234964079314,0.107114833858972,2417,2417,0.000571070433276337,0.000285535216638172
0.12196490016322,0.106611657030226,2418,2418,0.000571070433276337,0.000285535216638166
0.122234964079314,0.107114833858972,2419,2419,0.000571070433276337,0.000285535216638172
0.12196490016322,0.106611657030226,2420,2420,0.000571070433276337,0.000285535216638166
0.122234964079314,0.107114833858972,2421,2421,0.000571070433276337,0.000285535216638172
0.12196490016322,0.106611657030226,2422,2422,0.000571070433276337,0.000285535216638166
0.122234964079314,0.107114833858972,2423,2423,0.000571070433276337,0.000285535216638172
0.12196490016322,0.106611657030226,2424,2424,0.000571070433276337,0.000285535216638166
0.122234964079314,0.107114833858972,2425,2425,0.000571070433276337,0.000285535216638172
0.12196490016322,0.106611657030226,2426,2426,0.000571070433276337,0.000285535216638166
0.122234964079314,0.107114833858972,2427,2427,0.000571070433276337,0.000285535216638172
0.12196490016322,0.106611657030226,2428,2428,0.000571070433276337,0.000285535216638166
0.122234964079314,0.107114833858972,2429,2429,0.000571070433276337,0.000285535216638172
0.12196490016322,0.106611657030226,2430,2430,0.000571070433276337,0.000285535216638166
0.122234964079314,0.107114833858972,2431,2431,0.000571070433276337,0.000285535216638172
0.12196490016322,0.106611657030226,2432,2432,0.000571070433276337,0.000285535216638166
0.122234964079314,0.107114833858972,2433,2433,0.000571070433276337,0.000285535216638172
0.12196490016322,0.106611657030226,2434,2434,0.000571070433276337,0.000285535216638166
0.122234964079314,0.107114833858972,2435,2435,0.000571070433276337,0.000285535216638172
0.12196490016322,0.106611657030226,2436,2436,0.000571070433276337,0.000285535216638166
0.122234964079314,0.107114833858972,2437,2437,0.000571070433276337,0.000285535216638172
0.12196490016322,0.106611657030226,2438,2438,0.000571070433276337,0.000285535216638166
0.122234964079314,0.107114833858972,2439,2439,0.000571070433276337,0.000285535216638172
0.12196490016322,0.106611657030226,2440,2440,0.000571070433276337,0.000285535216638166
0.122234964079314,0.107114833858972,2441,2441,0.000571070433276337,0.000285535216638172
0.12196490016322,0.106611657030226,2442,2442,0.000571070433276337,0.000285535216638166
0.122234964079314,0.107114833858972,2443,2443,0.000571070433276337,0.000285535216638172
0.12196490016322,0.106611657030226,2444,2444,0.000571070433276337,0.000285535216638166
0.122234964079314,0.107114833858972,2445,2445,0.000571070433276337,0.000285535216638172
0.12196490016322,0.106611657030226,2446,2446,0.000571070433276337,0.000285535216638166
0.122234964079314,0.107114833858972,2447,2447,0.000571070433276337,0.000285535216638172
0.12196490016322,0.106611657030226,2448,2448,0.000571070433276337,0.000285535216638166
0.122234964079314,0.107114833858972,2449,2449,0.000571070433276337,0.000285535216638172
0.12196490016322,0.106611657030226,2450,2450,0.000571070433276337,0.000285535216638166
0.122234964079314,0.107114833858972,2451,2451,0.000571070433276337,0.000285535216638172
0.12196490016322,0.106611657030226,2452,2452,0.000571070433276337,0.000285535216638166
0.122234964079314,0.107114833858972,2453,2453,0.000571070433276337,0.000285535216638172
0.12196490016322,0.106611657030226,2454,2454,0.000571070433276337,0.000285535216638166
0.122234964079314,0.107114833858972,2455,2455,0.000571070433276337,0.000285535216638172
0.12196490016322,0.106611657030226,2456,2456,0.000571070433276337,0.000285535216638166
0.122234964079314,0.107114833858972,2457,2457,0.000571070433276337,0.000285535216638172
0.12196490016322,0.106611657030226,2458,2458,0.000571070433276337,0.000285535216638166
0.122234964079314,0.107114833858972,2459,2459,0.000571070433276337,0.000285535216638172
0.12196490016322,0.106611657030226,2460,2460,0.000571070433276337,0.000285535216638166
0.122234964079314,0.107114833858972,2461,2461,0.000571070433276337,0.000285535216638172
0.12196490016322,0.106611657030226,2462,2462,0.000571070433276337,0.000285535216638166
0.122234964079314,0.107114833858972,2463,2463,0.000571070433276337,0.000285535216638172
0.12196490016322,0.106611657030226,2464,2464,0.000571070433276337,0.000285535216638166
0.122234964079314,0.107114833858972,2465,2465,0.000571070433276337,0.000285535216638172
0.12196490016322,0.106611657030226,2466,2466,0.000571070433276337,0.000285535216638166
0.122234964079314,0.107114833858972,2467,2467,0.000571070433276337,0.000285535216638172
0.12196490016322,0.106611657030226,2468,2468,0.000571070433276337,0.000285535216638166
0.122234964079314,0.107114833858972,2469,2469,0.000571070433276337,0.000285535216638172
0.12196490016322,0.106611657030226,2470,2470,0.000571070433276337,0.000285535216638166
0.122234964079314,0.107114833858972,2471,2471,0.000571070433276337,0.000285535216638172
0.12196490016322,0.106611657030226,2472,2472,0.000571070433276337,0.000285535216638166
0.122234964079314,0.107114833858972,2473,2473,0.000571070433276337,0.000285535216638172
0.12196490016322,0.106611657030226,2474,2474,0.000571070433276337,0.000285535216638166
0.122234964079314,0.107114833858972,2475,2475,0.000571070433276337,0.000285535216638172
0.12196490016322,0.106611657030226,2476,2476,0.000571070433276337,0.000285535216638166
0.122234964079314,0.107114833858972,2477,2477,0.000571070433276337,0.000285535216638172
0.12196490016322,0.106611657030226,2478,2478,0.000571070433276337,0.000285535216638166
0.122234964079314,0.107114833858972,2479,2479,0.000571070433276337,0.000285535216638172
0.12196490016322,0.106611657030226,2480,2480,0.000571070433276337,0.000285535216638166
0.122234964079314,0.107114833858972,2481,2481,0.000571070433276337,0.000285535216638172
0.12196490016322,0.106611657030226,2482,2482,0.000571070433276337,0.000285535216638166
0.122234964079314,0.107114833858972,2483,2483,0.000571070433276337,0.000285535216638172
0.12196490016322,0.106611657030226,2484,2484,0.000571070433276337,0.000285535216638166
0.122234964079314,0.107114833858972,2485,2485,0.000571070433276337,0.000285535216638172
0.12196490016322,0.106611657030226,2486,2486,0.000571070433276337,0.000285535216638166
0.122234964079314,0.107114833858972,2487,2487,0.000571070433276337,0.000285535216638172
0.12196490016322,0.106611657030226,2488,2488,0.000571070433276337,0.000285535216638166
0.122234964079314,0.107114833858972,2489,2489,0.000571070433276337,0.000285535216638172
0.12196490016322,0.106611657030226,2490,2490,0.000571070433276337,0.000285535216638166
0.122234964079314,0.107114833858972,2491,2491,0.000571070433276337,0.000285535216638172
0.12196490016322,0.106611657030226,2492,2492,0.000571070433276337,0.000285535216638166
0.122234964079314,0.107114833858972,2493,2493,0.000571070433276337,0.000285535216638172
0.12196490016322,0.106611657030226,2494,2494,0.000571070433276337,0.000285535216638166
0.122234964079314,0.107114833858972,2495,2495,0.000571070433276337,0.000285535216638172
0.12196490016322,0.106611657030226,2496,2496,0.000571070433276337,0.000285535216638166
0.122234964079314,0.107114833858972,2497,2497,0.000571070433276337,0.000285535216638172
0.12196490016322,0.106611657030226,2498,2498,0.000571070433276337,0.000285535216638166
0.122234964079314,0.107114833858972,2499,2499,0.000571070433276337,0.000285535216638172
0.12196490016322,0.106611657030226,2500,2500,0.000571070433276337,0.000285535216638166
0.122234964079314,0.107114833858972,2501,2501,0.000571070433276337,0.000285535216638172
0.12196490016322,0.106611657030226,2502,2502,0.000571070433276337,0.000285535216638166
0.122234964079314,0.107114833858972,2503,2503,0.000571070433276337,0.000285535216638172
0.12196490016322,0.106611657030226,2504,2504,0.000571070433276337,0.000285535216638166
0.122234964079314,0.107114833858972,2505,2505,0.000571070433276337,0.000285535216638172
0.12196490016322,0.106611657030226,2506,2506,0.000571070433276337,0.000285535216638166
0.122234964079314,0.107114833858972,2507,2507,0.000571070433276337,0.000285535216638172
0.12196490016322,0.106611657030226,2508,2508,0.000571070433276337,0.000285535216638166
0.122234964079314,0.107114833858972,2509,2509,0.000571070433276337,0.000285535216638172
0.12196490016322,0.106611657030226,2510,2510,0.000571070433276337,0.000285535216638166
0.122234964079314,0.107114833858972,2511,2511,0.000571070433276337,0.000285535216638172
0.12196490016322,0.106611657030226,2512,2512,0.000571070433276337,0.000285535216638166
0.122234964079314,0.107114833858972,2513,2513,0.000571070433276337,0.000285535216638172
0.12196490016322,0.106611657030226,2514,2514,0.000571070433276337,0.000285535216638166
0.122234964079314,0.107114833858972,2515,2515,0.000571070433276337,0.000285535216638172
0.12196490016322,0.106611657030226,2516,2516,0.000571070433276337,0.000285535216638166
0.122234964079314,0.107114833858972,2517,2517,0.000571070433276337,0.000285535216638172
0.12196490016322,0.106611657030226,2518,2518,0.000571070433276337,0.000285535216638166
0.122234964079314,0.107114833858972,2519,2519,0.000571070433276337,0.000285535216638172
0.12196490016322,0.106611657030226,2520,2520,0.000571070433276337,0.000285535216638166
0.122234964079314,0.107114833858972,2521,2521,0.000571070433276337,0.000285535216638172
0.12196490016322,0.106611657030226,2522,2522,0.000571070433276337,0.000285535216638166
0.122234964079314,0.107114833858972,2523,2523,0.000571070433276337,0.000285535216638172
0.12196490016322,0.106611657030226,2524,2524,0.000571070433276337,0.000285535216638166
0.122234964079314,0.107114833858972,2525,2525,0.000571070433276337,0.000285535216638172
0.12196490016322,0.106611657030226,2526,2526,0.000571070433276337,0.000285535216638166
0.122234964079314,0.107114833858972,2527,2527,0.000571070433276337,0.000285535216638172
0.12196490016322,0.106611657030226,2528,2528,0.000571070433276337,0.000285535216638166
0.122234964079314,0.107114833858972,2529,2529,0.000571070433276337,0.000285535216638172
0.12196490016322,0.106611657030226,2530,2530,0.000571070433276337,0.000285535216638166
0.122234964079314,0.107114833858972,2531,2531,0.000571070433276337,0.000285535216638172
0.12196490016322,0.106611657030226,2532,2532,0.000571070433276337,0.000285535216638166
0.122234964079314,0.107114833858972,2533,2533,0.000571070433276337,0.000285535216638172
0.12196490016322,0.106611657030226,2534,2534,0.000571070433276337,0.000285535216638166
0.122234964079314,0.107114833858972,2535,2535,0.000571070433276337,0.000285535216638172
0.12196490016322,0.106611657030226,2536,2536,0.000571070433276337,0.000285535216638166
0.122234964079314,0.107114833858972,2537,2537,0.000571070433276337,0.000285535216638172
0.12196490016322,0.106611657030226,2538,2538,0.000571070433276337,0.000285535216638166
0.122234964079314,0.107114833858972,2539,2539,0.000571070433276337,0.000285535216638172
0.12196490016322,0.106611657030226,2540,2540,0.000571070433276337,0.000285535216638166
0.122234964079314,0.107114833858972,2541,2541,0.000571070433276337,0.000285535216638172
0.12196490016322,0.106611657030226,2542,2542,0.000571070433276337,0.000285535216638166
0.122234964079314,0.107114833858972,2543,2543,0.000571070433276337,0.000285535216638172
0.12196490016322,0.106611657030226,2544,2544,0.000571070433276337,0.000285535216638166
0.122234964079314,0.107114833858972,2545,2545,0.000571070433276337,0.000285535216638172
0.12196490016322,0.106611657030226,2546,2546,0.000571070433276337,0.000285535216638166
0.122234964079314,0.107114833858972,2547,2547,0.000571070433276337,0.000285535216638172
0.12196490016322,0.106611657030226,2548,2548,0.000571070433276337,0.000285535216638166
0.122234964079314,0.107114833858972,2549,2549,0.000571070433276337,0.000285535216638172
0.12196490016322,0.106611657030226,2550,2550,0.000571070433276337,0.000285535216638166
0.122234964079314,0.107114833858972,2551,2551,0.000571070433276337,0.000285535216638172
0.12196490016322,0.106611657030226,2552,2552,0.000571070433276337,0.000285535216638166
0.122234964079314,0.107114833858972,2553,2553,0.000571070433276337,0.000285535216638172
0.12196490016322,0.106611657030226,2554,2554,0.000571070433276337,0.000285535216638166
0.122234964079314,0.107114833858972,2555,2555,0.000571070433276337,0.000285535216638172
0.12196490016322,0.106611657030226,2556,2556,0.000571070433276337,0.000285535216638166
0.122234964079314,0.107114833858972,2557,2557,0.000571070433276337,0.000285535216638172
0.12196490016322,0.106611657030226,2558,2558,0.000571070433276337,0.000285535216638166
0.122234964079314,0.107114833858972,2559,2559,0.000571070433276337,0.000285535216638172
0.12196490016322,0.106611657030226,2560,2560,0.000571070433276337,0.000285535216638166
0.122234964079314,0.107114833858972,2561,2561,0.000571070433276337,0.000285535216638172
0.12196490016322,0.106611657030226,2562,2562,0.000571070433276337,0.000285535216638166
0.122234964079314,0.107114833858972,2563,2563,0.000571070433276337,0.000285535216638172
0.12196490016322,0.106611657030226,2564,2564,0.000571070433276337,0.000285535216638166
0.122234964079314,0.107114833858972,2565,2565,0.000571070433276337,0.000285535216638172
0.12196490016322,0.106611657030226,2566,2566,0.000571070433276337,0.000285535216638166
0.122234964079314,0.107114833858972,2567,2567,0.000571070433276337,0.000285535216638172
0.12196490016322,0.106611657030226,2568,2568,0.000571070433276337,0.000285535216638166
0.122234964079314,0.107114833858972,2569,2569,0.000571070433276337,0.000285535216638172
0.12196490016322,0.106611657030226,2570,2570,0.000571070433276337,0.000285535216638166
0.122234964079314,0.107114833858972,2571,2571,0.000571070433276337,0.000285535216638172
0.12196490016322,0.106611657030226,2572,2572,0.000571070433276337,0.000285535216638166
0.122234964079314,0.107114833858972,2573,2573,0.000571070433276337,0.000285535216638172
0.12196490016322,0.106611657030226,2574,2574,0.000571070433276337,0.000285535216638166
0.122234964079314,0.107114833858972,2575,2575,0.000571070433276337,0.000285535216638172
0.12196490016322,0.106611657030226,2576,2576,0.000571070433276337,0.000285535216638166
0.122234964079314,0.107114833858972,2577,2577,0.000571070433276337,0.000285535216638172
0.12196490016322,0.106611657030226,2578,2578,0.000571070433276337,0.000285535216638166
0.122234964079314,0.107114833858972,2579,2579,0.000571070433276337,0.000285535216638172
0.12196490016322,0.106611657030226,2580,2580,0.000571070433276337,0.000285535216638166
0.122234964079314,0.107114833858972,2581,2581,0.000571070433276337,0.000285535216638172
0.12196490016322,0.106611657030226,2582,2582,0.000571070433276337,0.000285535216638166
0.122234964079314,0.107114833858972,2583,2583,0.000571070433276337,0.000285535216638172
0.12196490016322,0.106611657030226,2584,2584,0.000571070433276337,0.000285535216638166
0.122234964079314,0.107114833858972,2585,2585,0.000571070433276337,0.000285535216638172
0.12196490016322,0.106611657030226,2586,2586,0.000571070433276337,0.000285535216638166
0.122234964079314,0.107114833858972,2587,2587,0.000571070433276337,0.000285535216638172
0.12196490016322,0.106611657030226,2588,2588,0.000571070433276337,0.000285535216638166
0.122234964079314,0.107114833858972,2589,2589,0.000571070433276337,0.000285535216638172
0.12196490016322,0.106611657030226,2590,2590,0.000571070433276337,0.000285535216638166
0.122234964079314,0.107114833858972,2591,2591,0.000571070433276337,0.000285535216638172
0.12196490016322,0.106611657030226,2592,2592,0.000571070433276337,0.000285535216638166
0.122234964079314,0.107114833858972,2593,2593,0.000571070433276337,0.000285535216638172
0.12196490016322,0.106611657030226,2594,2594,0.000571070433276337,0.000285535216638166
0.122234964079314,0.107114833858972,2595,2595,0.000571070433276337,0.000285535216638172
0.12196490016322,0.106611657030226,2596,2596,0.000571070433276337,0.000285535216638166
0.122234964079314,0.107114833858972,2597,2597,0.000571070433276337,0.000285535216638172
0.12196490016322,0.106611657030226,2598,2598,0.000571070433276337,0.000285535216638166
0.122234964079314,0.107114833858972,2599,2599,0.000571070433276337,0.000285535216638172
0.12196490016322,0.106611657030226,2600,2600,0.000571070433276337,0.000285535216638166
0.122234964079314,0.107114833858972,2601,2601,0.000571070433276337,0.000285535216638172
0.12196490016322,0.106611657030226,2602,2602,0.000571070433276337,0.000285535216638166
0.122234964079314,0.107114833858972,2603,2603,0.000571070433276337,0.000285535216638172
0.12196490016322,0.106611657030226,2604,2604,0.000571070433276337,0.000285535216638166
0.122234964079314,0.107114833858972,2605,2605,0.000571070433276337,0.000285535216638172
0.12196490016322,0.106611657030226,2606,2606,0.000571070433276337,0.000285535216638166
0.122234964079314,0.107114833858972,2607,2607,0.000571070433276337,0.000285535216638172
0.12196490016322,0.106611657030226,2608,2608,0.000571070433276337,0.000285535216638166
0.122234964079314,0.107114833858972,2609,2609,0.000571070433276337,0.000285535216638172
0.12196490016322,0.106611657030226,2610,2610,0.000571070433276337,0.000285535216638166
0.122234964079314,0.107114833858972,2611,2611,0.000571070433276337,0.000285535216638172
0.12196490016322,0.106611657030226,2612,2612,0.000571070433276337,0.000285535216638166
0.122234964079314,0.107114833858972,2613,2613,0.000571070433276337,0.000285535216638172
0.12196490016322,0.106611657030226,2614,2614,0.000571070433276337,0.000285535216638166
0.122234964079314,0.107114833858972,2615,2615,0.000571070433276337,0.000285535216638172
0.12196490016322,0.106611657030226,2616,2616,0.000571070433276337,0.000285535216638166
0.122234964079314,0.107114833858972,2617,2617,0.000571070433276337,0.000285535216638172
0.12196490016322,0.106611657030226,2618,2618,0.000571070433276337,0.000285535216638166
0.122234964079314,0.107114833858972,2619,2619,0.000571070433276337,0.000285535216638172
0.12196490016322,0.106611657030226,2620,2620,0.000571070433276337,0.000285535216638166
0.122234964079314,0.107114833858972,2621,2621,0.000571070433276337,0.000285535216638172
0.12196490016322,0.106611657030226,2622,2622,0.000571070433276337,0.000285535216638166
0.122234964079314,0.107114833858972,2623,2623,0.000571070433276337,0.000285535216638172
0.12196490016322,0.106611657030226,2624,2624,0.000571070433276337,0.000285535216638166
0.122234964079314,0.107114833858972,2625,2625,0.000571070433276337,0.000285535216638172
0.12196490016322,0.106611657030226,2626,2626,0.000571070433276337,0.000285535216638166
0.122234964079314,0.107114833858972,2627,2627,0.000571070433276337,0.000285535216638172
0.12196490016322,0.106611657030226,2628,2628,0.000571070433276337,0.000285535216638166
0.122234964079314,0.107114833858972,2629,2629,0.000571070433276337,0.000285535216638172
0.12196490016322,0.106611657030226,2630,2630,0.000571070433276337,0.000285535216638166
0.122234964079314,0.107114833858972,2631,2631,0.000571070433276337,0.000285535216638172
0.12196490016322,0.106611657030226,2632,2632,0.000571070433276337,0.000285535216638166
0.122234964079314,0.107114833858972,2633,2633,0.000571070433276337,0.000285535216638172
0.12196490016322,0.106611657030226,2634,2634,0.000571070433276337,0.000285535216638166
0.122234964079314,0.107114833858972,2635,2635,0.000571070433276337,0.000285535216638172
0.12196490016322,0.106611657030226,2636,2636,0.000571070433276337,0.000285535216638166
0.122234964079314,0.107114833858972,2637,2637,0.000571070433276337,0.000285535216638172
0.12196490016322,0.106611657030226,2638,2638,0.000571070433276337,0.000285535216638166
0.122234964079314,0.107114833858972,2639,2639,0.000571070433276337,0.000285535216638172
0.12196490016322,0.106611657030226,2640,2640,0.000571070433276337,0.000285535216638166
0.122234964079314,0.107114833858972,2641,2641,0.000571070433276337,0.000285535216638172
0.12196490016322,0.106611657030226,2642,2642,0.000571070433276337,0.000285535216638166
0.122234964079314,0.107114833858972,2643,2643,0.000571070433276337,0.000285535216638172
0.12196490016322,0.106611657030226,2644,2644,0.000571070433276337,0.000285535216638166
0.122234964079314,0.107114833858972,2645,2645,0.000571070433276337,0.000285535216638172
0.12196490016322,0.106611657030226,2646,2646,0.000571070433276337,0.000285535216638166
0.122234964079314,0.107114833858972,2647,2647,0.000571070433276337,0.000285535216638172
0.12196490016322,0.106611657030226,2648,2648,0.000571070433276337,0.000285535216638166
0.122234964079314,0.107114833858972,2649,2649,0.000571070433276337,0.000285535216638172
0.12196490016322,0.106611657030226,2650,2650,0.000571070433276337,0.000285535216638166
0.122234964079314,0.107114833858972,2651,2651,0.000571070433276337,0.000285535216638172
0.12196490016322,0.106611657030226,2652,2652,0.000571070433276337,0.000285535216638166
0.122234964079314,0.107114833858972,2653,2653,0.000571070433276337,0.000285535216638172
0.12196490016322,0.106611657030226,2654,2654,0.000571070433276337,0.000285535216638166
0.122234964079314,0.107114833858972,2655,2655,0.000571070433276337,0.000285535216638172
0.12196490016322,0.106611657030226,2656,2656,0.000571070433276337,0.000285535216638166
0.122234964079314,0.107114833858972,2657,2657,0.000571070433276337,0.000285535216638172
0.12196490016322,0.106611657030226,2658,2658,0.000571070433276337,0.000285535216638166
0.122234964079314,0.107114833858972,2659,2659,0.000571070433276337,0.000285535216638172
0.12196490016322,0.106611657030226,2660,2660,0.000571070433276337,0.000285535216638166
0.122234964079314,0.107114833858972,2661,2661,0.000571070433276337,0.000285535216638172
0.12196490016322,0.106611657030226,2662,2662,0.000571070433276337,0.000285535216638166
0.122234964079314,0.107114833858972,2663,2663,0.000571070433276337,0.000285535216638172
0.12196490016322,0.106611657030226,2664,2664,0.000571070433276337,0.000285535216638166
0.122234964079314,0.107114833858972,2665,2665,0.000571070433276337,0.000285535216638172
0.12196490016322,0.106611657030226,2666,2666,0.000571070433276337,0.000285535216638166
0.122234964079314,0.107114833858972,2667,2667,0.000571070433276337,0.000285535216638172
0.12196490016322,0.106611657030226,2668,2668,0.000571070433276337,0.000285535216638166
0.122234964079314,0.107114833858972,2669,2669,0.000571070433276337,0.000285535216638172
0.12196490016322,0.106611657030226,2670,2670,0.000571070433276337,0.000285535216638166
0.122234964079314,0.107114833858972,2671,2671,0.000571070433276337,0.000285535216638172
0.12196490016322,0.106611657030226,2672,2672,0.000571070433276337,0.000285535216638166
0.122234964079314,0.107114833858972,2673,2673,0.000571070433276337,0.000285535216638172
0.12196490016322,0.106611657030226,2674,2674,0.000571070433276337,0.000285535216638166
0.122234964079314,0.107114833858972,2675,2675,0.000571070433276337,0.000285535216638172
0.12196490016322,0.106611657030226,2676,2676,0.000571070433276337,0.000285535216638166
0.122234964079314,0.107114833858972,2677,2677,0.000571070433276337,0.000285535216638172
0.12196490016322,0.106611657030226,2678,2678,0.000571070433276337,0.000285535216638166
0.122234964079314,0.107114833858972,2679,2679,0.000571070433276337,0.000285535216638172
0.12196490016322,0.106611657030226,2680,2680,0.000571070433276337,0.000285535216638166
0.122234964079314,0.107114833858972,2681,2681,0.000571070433276337,0.000285535216638172
0.12196490016322,0.106611657030226,2682,2682,0.000571070433276337,0.000285535216638166
0.122234964079314,0.107114833858972,2683,2683,0.000571070433276337,0.000285535216638172
0.12196490016322,0.106611657030226,2684,2684,0.000571070433276337,0.000285535216638166
0.122234964079314,0.107114833858972,2685,2685,0.000571070433276337,0.000285535216638172
0.12196490016322,0.106611657030226,2686,2686,0.000571070433276337,0.000285535216638166
0.122234964079314,0.107114833858972,2687,2687,0.000571070433276337,0.000285535216638172
0.12196490016322,0.106611657030226,2688,2688,0.000571070433276337,0.000285535216638166
0.122234964079314,0.107114833858972,2689,2689,0.000571070433276337,0.000285535216638172
0.12196490016322,0.106611657030226,2690,2690,0.000571070433276337,0.000285535216638166
0.122234964079314,0.107114833858972,2691,2691,0.000571070433276337,0.000285535216638172
0.12196490016322,0.106611657030226,2692,2692,0.000571070433276337,0.000285535216638166
0.122234964079314,0.107114833858972,2693,2693,0.000571070433276337,0.000285535216638172
0.12196490016322,0.106611657030226,2694,2694,0.000571070433276337,0.000285535216638166
0.122234964079314,0.107114833858972,2695,2695,0.000571070433276337,0.000285535216638172
0.12196490016322,0.106611657030226,2696,2696,0.000571070433276337,0.000285535216638166
0.122234964079314,0.107114833858972,2697,2697,0.000571070433276337,0.000285535216638172
0.12196490016322,0.106611657030226,2698,2698,0.000571070433276337,0.000285535216638166
0.122234964079314,0.107114833858972,2699,2699,0.000571070433276337,0.000285535216638172
0.12196490016322,0.106611657030226,2700,2700,0.000571070433276337,0.000285535216638166
0.122234964079314,0.107114833858972,2701,2701,0.000571070433276337,0.000285535216638172
0.12196490016322,0.106611657030226,2702,2702,0.000571070433276337,0.000285535216638166
0.122234964079314,0.107114833858972,2703,2703,0.000571070433276337,0.000285535216638172
0.12196490016322,0.106611657030226,2704,2704,0.000571070433276337,0.000285535216638166
0.122234964079314,0.107114833858972,2705,2705,0.000571070433276337,0.000285535216638172
0.12196490016322,0.106611657030226,2706,2706,0.000571070433276337,0.000285535216638166
0.122234964079314,0.107114833858972,2707,2707,0.000571070433276337,0.000285535216638172
0.12196490016322,0.106611657030226,2708,2708,0.000571070433276337,0.000285535216638166
0.122234964079314,0.107114833858972,2709,2709,0.000571070433276337,0.000285535216638172
0.12196490016322,0.106611657030226,2710,2710,0.000571070433276337,0.000285535216638166
0.122234964079314,0.107114833858972,2711,2711,0.000571070433276337,0.000285535216638172
0.12196490016322,0.106611657030226,2712,2712,0.000571070433276337,0.000285535216638166
0.122234964079314,0.107114833858972,2713,2713,0.000571070433276337,0.000285535216638172
0.12196490016322,0.106611657030226,2714,2714,0.000571070433276337,0.000285535216638166
0.122234964079314,0.107114833858972,2715,2715,0.000571070433276337,0.000285535216638172
0.12196490016322,0.106611657030226,2716,2716,0.000571070433276337,0.000285535216638166
0.122234964079314,0.107114833858972,2717,2717,0.000571070433276337,0.000285535216638172
0.12196490016322,0.106611657030226,2718,2718,0.000571070433276337,0.000285535216638166
0.122234964079314,0.107114833858972,2719,2719,0.000571070433276337,0.000285535216638172
0.12196490016322,0.106611657030226,2720,2720,0.000571070433276337,0.000285535216638166
0.122234964079314,0.107114833858972,2721,2721,0.000571070433276337,0.000285535216638172
0.12196490016322,0.106611657030226,2722,2722,0.000571070433276337,0.000285535216638166
0.122234964079314,0.107114833858972,2723,2723,0.000571070433276337,0.000285535216638172
0.12196490016322,0.106611657030226,2724,2724,0.000571070433276337,0.000285535216638166
0.122234964079314,0.107114833858972,2725,2725,0.000571070433276337,0.000285535216638172
0.12196490016322,0.106611657030226,2726,2726,0.000571070433276337,0.000285535216638166
0.122234964079314,0.107114833858972,2727,2727,0.000571070433276337,0.000285535216638172
0.12196490016322,0.106611657030226,2728,2728,0.000571070433276337,0.000285535216638166
0.122234964079314,0.107114833858972,2729,2729,0.000571070433276337,0.000285535216638172
0.12196490016322,0.106611657030226,2730,2730,0.000571070433276337,0.000285535216638166
0.122234964079314,0.107114833858972,2731,2731,0.000571070433276337,0.000285535216638172
0.12196490016322,0.106611657030226,2732,2732,0.000571070433276337,0.000285535216638166
0.122234964079314,0.107114833858972,2733,2733,0.000571070433276337,0.000285535216638172
0.12196490016322,0.106611657030226,2734,2734,0.000571070433276337,0.000285535216638166
0.122234964079314,0.107114833858972,2735,2735,0.000571070433276337,0.000285535216638172
0.12196490016322,0.106611657030226,2736,2736,0.000571070433276337,0.000285535216638166
0.122234964079314,0.107114833858972,2737,2737,0.000571070433276337,0.000285535216638172
0.12196490016322,0.106611657030226,2738,2738,0.000571070433276337,0.000285535216638166
0.122234964079314,0.107114833858972,2739,2739,0.000571070433276337,0.000285535216638172
0.12196490016322,0.106611657030226,2740,2740,0.000571070433276337,0.000285535216638166
0.122234964079314,0.107114833858972,2741,2741,0.000571070433276337,0.000285535216638172
0.12196490016322,0.106611657030226,2742,2742,0.000571070433276337,0.000285535216638166
0.122234964079314,0.107114833858972,2743,2743,0.000571070433276337,0.000285535216638172
0.12196490016322,0.106611657030226,2744,2744,0.000571070433276337,0.000285535216638166
0.122234964079314,0.107114833858972,2745,2745,0.000571070433276337,0.000285535216638172
0.12196490016322,0.106611657030226,2746,2746,0.000571070433276337,0.000285535216638166
0.122234964079314,0.107114833858972,2747,2747,0.000571070433276337,0.000285535216638172
0.12196490016322,0.106611657030226,2748,2748,0.000571070433276337,0.000285535216638166
0.122234964079314,0.107114833858972,2749,2749,0.000571070433276337,0.000285535216638172
0.12196490016322,0.106611657030226,2750,2750,0.000571070433276337,0.000285535216638166
0.122234964079314,0.107114833858972,2751,2751,0.000571070433276337,0.000285535216638172
0.12196490016322,0.106611657030226,2752,2752,0.000571070433276337,0.000285535216638166
0.122234964079314,0.107114833858972,2753,2753,0.000571070433276337,0.000285535216638172
0.12196490016322,0.106611657030226,2754,2754,0.000571070433276337,0.000285535216638166
0.122234964079314,0.107114833858972,2755,2755,0.000571070433276337,0.000285535216638172
0.12196490016322,0.106611657030226,2756,2756,0.000571070433276337,0.000285535216638166
0.122234964079314,0.107114833858972,2757,2757,0.000571070433276337,0.000285535216638172
0.12196490016322,0.106611657030226,2758,2758,0.000571070433276337,0.000285535216638166
0.122234964079314,0.107114833858972,2759,2759,0.000571070433276337,0.000285535216638172
0.12196490016322,0.106611657030226,2760,2760,0.000571070433276337,0.000285535216638166
0.122234964079314,0.107114833858972,2761,2761,0.000571070433276337,0.000285535216638172
0.12196490016322,0.106611657030226,2762,2762,0.000571070433276337,0.000285535216638166
0.122234964079314,0.107114833858972,2763,2763,0.000571070433276337,0.000285535216638172
0.12196490016322,0.106611657030226,2764,2764,0.000571070433276337,0.000285535216638166
0.122234964079314,0.107114833858972,2765,2765,0.000571070433276337,0.000285535216638172
0.12196490016322,0.106611657030226,2766,2766,0.000571070433276337,0.000285535216638166
0.122234964079314,0.107114833858972,2767,2767,0.000571070433276337,0.000285535216638172
0.12196490016322,0.106611657030226,2768,2768,0.000571070433276337,0.000285535216638166
0.122234964079314,0.107114833858972,2769,2769,0.000571070433276337,0.000285535216638172
0.12196490016322,0.106611657030226,2770,2770,0.000571070433276337,0.000285535216638166
0.122234964079314,0.107114833858972,2771,2771,0.000571070433276337,0.000285535216638172
0.12196490016322,0.106611657030226,2772,2772,0.000571070433276337,0.000285535216638166
0.122234964079314,0.107114833858972,2773,2773,0.000571070433276337,0.000285535216638172
0.12196490016322,0.106611657030226,2774,2774,0.000571070433276337,0.000285535216638166
0.122234964079314,0.107114833858972,2775,2775,0.000571070433276337,0.000285535216638172
0.12196490016322,0.106611657030226,2776,2776,0.000571070433276337,0.000285535216638166
0.122234964079314,0.107114833858972,2777,2777,0.000571070433276337,0.000285535216638172
0.12196490016322,0.106611657030226,2778,2778,0.000571070433276337,0.000285535216638166
0.122234964079314,0.107114833858972,2779,2779,0.000571070433276337,0.000285535216638172
0.12196490016322,0.106611657030226,2780,2780,0.000571070433276337,0.000285535216638166
0.122234964079314,0.107114833858972,2781,2781,0.000571070433276337,0.000285535216638172
0.12196490016322,0.106611657030226,2782,2782,0.000571070433276337,0.000285535216638166
0.122234964079314,0.107114833858972,2783,2783,0.000571070433276337,0.000285535216638172
0.12196490016322,0.106611657030226,2784,2784,0.000571070433276337,0.000285535216638166
0.122234964079314,0.107114833858972,2785,2785,0.000571070433276337,0.000285535216638172
0.12196490016322,0.106611657030226,2786,2786,0.000571070433276337,0.000285535216638166
0.122234964079314,0.107114833858972,2787,2787,0.000571070433276337,0.000285535216638172
0.12196490016322,0.106611657030226,2788,2788,0.000571070433276337,0.000285535216638166
0.122234964079314,0.107114833858972,2789,2789,0.000571070433276337,0.000285535216638172
0.12196490016322,0.106611657030226,2790,2790,0.000571070433276337,0.000285535216638166
0.122234964079314,0.107114833858972,2791,2791,0.000571070433276337,0.000285535216638172
0.12196490016322,0.106611657030226,2792,2792,0.000571070433276337,0.000285535216638166
0.122234964079314,0.107114833858972,2793,2793,0.000571070433276337,0.000285535216638172
0.12196490016322,0.106611657030226,2794,2794,0.000571070433276337,0.000285535216638166
0.122234964079314,0.107114833858972,2795,2795,0.000571070433276337,0.000285535216638172
0.12196490016322,0.106611657030226,2796,2796,0.000571070433276337,0.000285535216638166
0.122234964079314,0.107114833858972,2797,2797,0.000571070433276337,0.000285535216638172
0.12196490016322,0.106611657030226,2798,2798,0.000571070433276337,0.000285535216638166
0.122234964079314,0.107114833858972,2799,2799,0.000571070433276337,0.000285535216638172
0.12196490016322,0.106611657030226,2800,2800,0.000571070433276337,0.000285535216638166
0.122234964079314,0.107114833858972,2801,2801,0.000571070433276337,0.000285535216638172
0.12196490016322,0.106611657030226,2802,2802,0.000571070433276337,0.000285535216638166
0.122234964079314,0.107114833858972,2803,2803,0.000571070433276337,0.000285535216638172
0.12196490016322,0.106611657030226,2804,2804,0.000571070433276337,0.000285535216638166
0.122234964079314,0.107114833858972,2805,2805,0.000571070433276337,0.000285535216638172
0.12196490016322,0.106611657030226,2806,2806,0.000571070433276337,0.000285535216638166
0.122234964079314,0.107114833858972,2807,2807,0.000571070433276337,0.000285535216638172
0.12196490016322,0.106611657030226,2808,2808,0.000571070433276337,0.000285535216638166
0.122234964079314,0.107114833858972,2809,2809,0.000571070433276337,0.000285535216638172
0.12196490016322,0.106611657030226,2810,2810,0.000571070433276337,0.000285535216638166
0.122234964079314,0.107114833858972,2811,2811,0.000571070433276337,0.000285535216638172
0.12196490016322,0.106611657030226,2812,2812,0.000571070433276337,0.000285535216638166
0.122234964079314,0.107114833858972,2813,2813,0.000571070433276337,0.000285535216638172
0.12196490016322,0.106611657030226,2814,2814,0.000571070433276337,0.000285535216638166
0.122234964079314,0.107114833858972,2815,2815,0.000571070433276337,0.000285535216638172
0.12196490016322,0.106611657030226,2816,2816,0.000571070433276337,0.000285535216638166
0.122234964079314,0.107114833858972,2817,2817,0.000571070433276337,0.000285535216638172
0.12196490016322,0.106611657030226,2818,2818,0.000571070433276337,0.000285535216638166
0.122234964079314,0.107114833858972,2819,2819,0.000571070433276337,0.000285535216638172
0.12196490016322,0.106611657030226,2820,2820,0.000571070433276337,0.000285535216638166
0.122234964079314,0.107114833858972,2821,2821,0.000571070433276337,0.000285535216638172
0.12196490016322,0.106611657030226,2822,2822,0.000571070433276337,0.000285535216638166
0.122234964079314,0.107114833858972,2823,2823,0.000571070433276337,0.000285535216638172
0.12196490016322,0.106611657030226,2824,2824,0.000571070433276337,0.000285535216638166
0.122234964079314,0.107114833858972,2825,2825,0.000571070433276337,0.000285535216638172
0.12196490016322,0.106611657030226,2826,2826,0.000571070433276337,0.000285535216638166
0.122234964079314,0.107114833858972,2827,2827,0.000571070433276337,0.000285535216638172
0.12196490016322,0.106611657030226,2828,2828,0.000571070433276337,0.000285535216638166
0.122234964079314,0.107114833858972,2829,2829,0.000571070433276337,0.000285535216638172
0.12196490016322,0.106611657030226,2830,2830,0.000571070433276337,0.000285535216638166
0.122234964079314,0.107114833858972,2831,2831,0.000571070433276337,0.000285535216638172
0.12196490016322,0.106611657030226,2832,2832,0.000571070433276337,0.000285535216638166
0.122234964079314,0.107114833858972,2833,2833,0.000571070433276337,0.000285535216638172
0.12196490016322,0.106611657030226,2834,2834,0.000571070433276337,0.000285535216638166
0.122234964079314,0.107114833858972,2835,2835,0.000571070433276337,0.000285535216638172
0.12196490016322,0.106611657030226,2836,2836,0.000571070433276337,0.000285535216638166
0.122234964079314,0.107114833858972,2837,2837,0.000571070433276337,0.000285535216638172
0.12196490016322,0.106611657030226,2838,2838,0.000571070433276337,0.000285535216638166
0.122234964079314,0.107114833858972,2839,2839,0.000571070433276337,0.000285535216638172
0.12196490016322,0.106611657030226,2840,2840,0.000571070433276337,0.000285535216638166
0.122234964079314,0.107114833858972,2841,2841,0.000571070433276337,0.000285535216638172
0.12196490016322,0.106611657030226,2842,2842,0.000571070433276337,0.000285535216638166
0.122234964079314,0.107114833858972,2843,2843,0.000571070433276337,0.000285535216638172
0.12196490016322,0.106611657030226,2844,2844,0.000571070433276337,0.000285535216638166
0.122234964079314,0.107114833858972,2845,2845,0.000571070433276337,0.000285535216638172
0.12196490016322,0.106611657030226,2846,2846,0.000571070433276337,0.000285535216638166
0.122234964079314,0.107114833858972,2847,2847,0.000571070433276337,0.000285535216638172
0.12196490016322,0.106611657030226,2848,2848,0.000571070433276337,0.000285535216638166
0.122234964079314,0.107114833858972,2849,2849,0.000571070433276337,0.000285535216638172
0.12196490016322,0.106611657030226,2850,2850,0.000571070433276337,0.000285535216638166
0.122234964079314,0.107114833858972,2851,2851,0.000571070433276337,0.000285535216638172
0.12196490016322,0.106611657030226,2852,2852,0.000571070433276337,0.000285535216638166
0.122234964079314,0.107114833858972,2853,2853,0.000571070433276337,0.000285535216638172
0.12196490016322,0.106611657030226,2854,2854,0.000571070433276337,0.000285535216638166
0.122234964079314,0.107114833858972,2855,2855,0.000571070433276337,0.000285535216638172
0.12196490016322,0.106611657030226,2856,2856,0.000571070433276337,0.000285535216638166
0.122234964079314,0.107114833858972,2857,2857,0.000571070433276337,0.000285535216638172
0.12196490016322,0.106611657030226,2858,2858,0.000571070433276337,0.000285535216638166
0.122234964079314,0.107114833858972,2859,2859,0.000571070433276337,0.000285535216638172
0.12196490016322,0.106611657030226,2860,2860,0.000571070433276337,0.000285535216638166
0.122234964079314,0.107114833858972,2861,2861,0.000571070433276337,0.000285535216638172
0.12196490016322,0.106611657030226,2862,2862,0.000571070433276337,0.000285535216638166
0.122234964079314,0.107114833858972,2863,2863,0.000571070433276337,0.000285535216638172
0.12196490016322,0.106611657030226,2864,2864,0.000571070433276337,0.000285535216638166
0.122234964079314,0.107114833858972,2865,2865,0.000571070433276337,0.000285535216638172
0.12196490016322,0.106611657030226,2866,2866,0.000571070433276337,0.000285535216638166
0.122234964079314,0.107114833858972,2867,2867,0.000571070433276337,0.000285535216638172
0.12196490016322,0.106611657030226,2868,2868,0.000571070433276337,0.000285535216638166
0.122234964079314,0.107114833858972,2869,2869,0.000571070433276337,0.000285535216638172
0.12196490016322,0.106611657030226,2870,2870,0.000571070433276337,0.000285535216638166
0.122234964079314,0.107114833858972,2871,2871,0.000571070433276337,0.000285535216638172
0.12196490016322,0.106611657030226,2872,2872,0.000571070433276337,0.000285535216638166
0.122234964079314,0.107114833858972,2873,2873,0.000571070433276337,0.000285535216638172
0.12196490016322,0.106611657030226,2874,2874,0.000571070433276337,0.000285535216638166
0.122234964079314,0.107114833858972,2875,2875,0.000571070433276337,0.000285535216638172
0.12196490016322,0.106611657030226,2876,2876,0.000571070433276337,0.000285535216638166
0.122234964079314,0.107114833858972,2877,2877,0.000571070433276337,0.000285535216638172
0.12196490016322,0.106611657030226,2878,2878,0.000571070433276337,0.000285535216638166
0.122234964079314,0.107114833858972,2879,2879,0.000571070433276337,0.000285535216638172
0.12196490016322,0.106611657030226,2880,2880,0.000571070433276337,0.000285535216638166
0.122234964079314,0.107114833858972,2881,2881,0.000571070433276337,0.000285535216638172
0.12196490016322,0.106611657030226,2882,2882,0.000571070433276337,0.000285535216638166
0.122234964079314,0.107114833858972,2883,2883,0.000571070433276337,0.000285535216638172
0.12196490016322,0.106611657030226,2884,2884,0.000571070433276337,0.000285535216638166
0.122234964079314,0.107114833858972,2885,2885,0.000571070433276337,0.000285535216638172
0.12196490016322,0.106611657030226,2886,2886,0.000571070433276337,0.000285535216638166
0.122234964079314,0.107114833858972,2887,2887,0.000571070433276337,0.000285535216638172
0.12196490016322,0.106611657030226,2888,2888,0.000571070433276337,0.000285535216638166
0.122234964079314,0.107114833858972,2889,2889,0.000571070433276337,0.000285535216638172
0.12196490016322,0.106611657030226,2890,2890,0.000571070433276337,0.000285535216638166
0.122234964079314,0.107114833858972,2891,2891,0.000571070433276337,0.000285535216638172
0.12196490016322,0.106611657030226,2892,2892,0.000571070433276337,0.000285535216638166
0.122234964079314,0.107114833858972,2893,2893,0.000571070433276337,0.000285535216638172
0.12196490016322,0.106611657030226,2894,2894,0.000571070433276337,0.000285535216638166
0.122234964079314,0.107114833858972,2895,2895,0.000571070433276337,0.000285535216638172
0.12196490016322,0.106611657030226,2896,2896,0.000571070433276337,0.000285535216638166
0.122234964079314,0.107114833858972,2897,2897,0.000571070433276337,0.000285535216638172
0.12196490016322,0.106611657030226,2898,2898,0.000571070433276337,0.000285535216638166
0.122234964079314,0.107114833858972,2899,2899,0.000571070433276337,0.000285535216638172
0.12196490016322,0.106611657030226,2900,2900,0.000571070433276337,0.000285535216638166
0.122234964079314,0.107114833858972,2901,2901,0.000571070433276337,0.000285535216638172
0.12196490016322,0.106611657030226,2902,2902,0.000571070433276337,0.000285535216638166
0.122234964079314,0.107114833858972,2903,2903,0.000571070433276337,0.000285535216638172
0.12196490016322,0.106611657030226,2904,2904,0.000571070433276337,0.000285535216638166
0.122234964079314,0.107114833858972,2905,2905,0.000571070433276337,0.000285535216638172
0.12196490016322,0.106611657030226,2906,2906,0.000571070433276337,0.000285535216638166
0.122234964079314,0.107114833858972,2907,2907,0.000571070433276337,0.000285535216638172
0.12196490016322,0.106611657030226,2908,2908,0.000571070433276337,0.000285535216638166
0.122234964079314,0.107114833858972,2909,2909,0.000571070433276337,0.000285535216638172
0.12196490016322,0.106611657030226,2910,2910,0.000571070433276337,0.000285535216638166
0.122234964079314,0.107114833858972,2911,2911,0.000571070433276337,0.000285535216638172
0.12196490016322,0.106611657030226,2912,2912,0.000571070433276337,0.000285535216638166
0.122234964079314,0.107114833858972,2913,2913,0.000571070433276337,0.000285535216638172
0.12196490016322,0.106611657030226,2914,2914,0.000571070433276337,0.000285535216638166
0.122234964079314,0.107114833858972,2915,2915,0.000571070433276337,0.000285535216638172
0.12196490016322,0.106611657030226,2916,2916,0.000571070433276337,0.000285535216638166
0.122234964079314,0.107114833858972,2917,2917,0.000571070433276337,0.000285535216638172
0.12196490016322,0.106611657030226,2918,2918,0.000571070433276337,0.000285535216638166
0.122234964079314,0.107114833858972,2919,2919,0.000571070433276337,0.000285535216638172
0.12196490016322,0.106611657030226,2920,2920,0.000571070433276337,0.000285535216638166
0.122234964079314,0.107114833858972,2921,2921,0.000571070433276337,0.000285535216638172
0.12196490016322,0.106611657030226,2922,2922,0.000571070433276337,0.000285535216638166
0.122234964079314,0.107114833858972,2923,2923,0.000571070433276337,0.000285535216638172
0.12196490016322,0.106611657030226,2924,2924,0.000571070433276337,0.000285535216638166
0.122234964079314,0.107114833858972,2925,2925,0.000571070433276337,0.000285535216638172
0.12196490016322,0.106611657030226,2926,2926,0.000571070433276337,0.000285535216638166
0.122234964079314,0.107114833858972,2927,2927,0.000571070433276337,0.000285535216638172
0.12196490016322,0.106611657030226,2928,2928,0.000571070433276337,0.000285535216638166
0.122234964079314,0.107114833858972,2929,2929,0.000571070433276337,0.000285535216638172
0.12196490016322,0.106611657030226,2930,2930,0.000571070433276337,0.000285535216638166
0.122234964079314,0.107114833858972,2931,2931,0.000571070433276337,0.000285535216638172
0.12196490016322,0.106611657030226,2932,2932,0.000571070433276337,0.000285535216638166
0.122234964079314,0.107114833858972,2933,2933,0.000571070433276337,0.000285535216638172
0.12196490016322,0.106611657030226,2934,2934,0.000571070433276337,0.000285535216638166
0.122234964079314,0.107114833858972,2935,2935,0.000571070433276337,0.000285535216638172
0.12196490016322,0.106611657030226,2936,2936,0.000571070433276337,0.000285535216638166
0.122234964079314,0.107114833858972,2937,2937,0.000571070433276337,0.000285535216638172
0.12196490016322,0.106611657030226,2938,2938,0.000571070433276337,0.000285535216638166
0.122234964079314,0.107114833858972,2939,2939,0.000571070433276337,0.000285535216638172
0.12196490016322,0.106611657030226,2940,2940,0.000571070433276337,0.000285535216638166
0.122234964079314,0.107114833858972,2941,2941,0.000571070433276337,0.000285535216638172
0.12196490016322,0.106611657030226,2942,2942,0.000571070433276337,0.000285535216638166
0.122234964079314,0.107114833858972,2943,2943,0.000571070433276337,0.000285535216638172
0.12196490016322,0.106611657030226,2944,2944,0.000571070433276337,0.000285535216638166
0.122234964079314,0.107114833858972,2945,2945,0.000571070433276337,0.000285535216638172
0.12196490016322,0.106611657030226,2946,2946,0.000571070433276337,0.000285535216638166
0.122234964079314,0.107114833858972,2947,2947,0.000571070433276337,0.000285535216638172
0.12196490016322,0.106611657030226,2948,2948,0.000571070433276337,0.000285535216638166
0.122234964079314,0.107114833858972,2949,2949,0.000571070433276337,0.000285535216638172
0.12196490016322,0.106611657030226,2950,2950,0.000571070433276337,0.000285535216638166
0.122234964079314,0.107114833858972,2951,2951,0.000571070433276337,0.000285535216638172
0.12196490016322,0.106611657030226,2952,2952,0.000571070433276337,0.000285535216638166
0.122234964079314,0.107114833858972,2953,2953,0.000571070433276337,0.000285535216638172
0.12196490016322,0.106611657030226,2954,2954,0.000571070433276337,0.000285535216638166
0.122234964079314,0.107114833858972,2955,2955,0.000571070433276337,0.000285535216638172
0.12196490016322,0.106611657030226,2956,2956,0.000571070433276337,0.000285535216638166
0.122234964079314,0.107114833858972,2957,2957,0.000571070433276337,0.000285535216638172
0.12196490016322,0.106611657030226,2958,2958,0.000571070433276337,0.000285535216638166
0.122234964079314,0.107114833858972,2959,2959,0.000571070433276337,0.000285535216638172
0.12196490016322,0.106611657030226,2960,2960,0.000571070433276337,0.000285535216638166
0.122234964079314,0.107114833858972,2961,2961,0.000571070433276337,0.000285535216638172
0.12196490016322,0.106611657030226,2962,2962,0.000571070433276337,0.000285535216638166
0.122234964079314,0.107114833858972,2963,2963,0.000571070433276337,0.000285535216638172
0.12196490016322,0.106611657030226,2964,2964,0.000571070433276337,0.000285535216638166
0.122234964079314,0.107114833858972,2965,2965,0.000571070433276337,0.000285535216638172
0.12196490016322,0.106611657030226,2966,2966,0.000571070433276337,0.000285535216638166
0.122234964079314,0.107114833858972,2967,2967,0.000571070433276337,0.000285535216638172
0.12196490016322,0.106611657030226,2968,2968,0.000571070433276337,0.000285535216638166
0.122234964079314,0.107114833858972,2969,2969,0.000571070433276337,0.000285535216638172
0.12196490016322,0.106611657030226,2970,2970,0.000571070433276337,0.000285535216638166
0.122234964079314,0.107114833858972,2971,2971,0.000571070433276337,0.000285535216638172
0.12196490016322,0.106611657030226,2972,2972,0.000571070433276337,0.000285535216638166
0.122234964079314,0.107114833858972,2973,2973,0.000571070433276337,0.000285535216638172
0.12196490016322,0.106611657030226,2974,2974,0.000571070433276337,0.000285535216638166
0.122234964079314,0.107114833858972,2975,2975,0.000571070433276337,0.000285535216638172
0.12196490016322,0.106611657030226,2976,2976,0.000571070433276337,0.000285535216638166
0.122234964079314,0.107114833858972,2977,2977,0.000571070433276337,0.000285535216638172
0.12196490016322,0.106611657030226,2978,2978,0.000571070433276337,0.000285535216638166
0.122234964079314,0.107114833858972,2979,2979,0.000571070433276337,0.000285535216638172
0.12196490016322,0.106611657030226,2980,2980,0.000571070433276337,0.000285535216638166
0.122234964079314,0.107114833858972,2981,2981,0.000571070433276337,0.000285535216638172
0.12196490016322,0.106611657030226,2982,2982,0.000571070433276337,0.000285535216638166
0.122234964079314,0.107114833858972,2983,2983,0.000571070433276337,0.000285535216638172
0.12196490016322,0.106611657030226,2984,2984,0.000571070433276337,0.000285535216638166
0.122234964079314,0.107114833858972,2985,2985,0.000571070433276337,0.000285535216638172
0.12196490016322,0.106611657030226,2986,2986,0.000571070433276337,0.000285535216638166
0.122234964079314,0.107114833858972,2987,2987,0.000571070433276337,0.000285535216638172
0.12196490016322,0.106611657030226,2988,2988,0.000571070433276337,0.000285535216638166
0.122234964079314,0.107114833858972,2989,2989,0.000571070433276337,0.000285535216638172
0.12196490016322,0.106611657030226,2990,2990,0.000571070433276337,0.000285535216638166
0.122234964079314,0.107114833858972,2991,2991,0.000571070433276337,0.000285535216638172
0.12196490016322,0.106611657030226,2992,2992,0.000571070433276337,0.000285535216638166
0.122234964079314,0.107114833858972,2993,2993,0.000571070433276337,0.000285535216638172
0.12196490016322,0.106611657030226,2994,2994,0.000571070433276337,0.000285535216638166
0.122234964079314,0.107114833858972,2995,2995,0.000571070433276337,0.000285535216638172
0.12196490016322,0.106611657030226,2996,2996,0.000571070433276337,0.000285535216638166
0.122234964079314,0.107114833858972,2997,2997,0.000571070433276337,0.000285535216638172
0.12196490016322,0.106611657030226,2998,2998,0.000571070433276337,0.000285535216638166
0.122234964079314,0.107114833858972,2999,2999,0.000571070433276337,0.000285535216638172
0.12196490016322,0.106611657030226,3000,3000,0.000571070433276337,0.000285535216638166
0.122234964079314,0.107114833858972,3001,3001,0.000571070433276337,0.000285535216638172
0.12196490016322,0.106611657030226,3002,3002,0.000571070433276337,0.000285535216638166
0.122234964079314,0.107114833858972,3003,3003,0.000571070433276337,0.000285535216638172
0.12196490016322,0.106611657030226,3004,3004,0.000571070433276337,0.000285535216638166
0.122234964079314,0.107114833858972,3005,3005,0.000571070433276337,0.000285535216638172
0.12196490016322,0.106611657030226,3006,3006,0.000571070433276337,0.000285535216638166
0.122234964079314,0.107114833858972,3007,3007,0.000571070433276337,0.000285535216638172
0.12196490016322,0.106611657030226,3008,3008,0.000571070433276337,0.000285535216638166
0.122234964079314,0.107114833858972,3009,3009,0.000571070433276337,0.000285535216638172
0.12196490016322,0.106611657030226,3010,3010,0.000571070433276337,0.000285535216638166
0.122234964079314,0.107114833858972,3011,3011,0.000571070433276337,0.000285535216638172
0.12196490016322,0.106611657030226,3012,3012,0.000571070433276337,0.000285535216638166
0.122234964079314,0.107114833858972,3013,3013,0.000571070433276337,0.000285535216638172
0.12196490016322,0.106611657030226,3014,3014,0.000571070433276337,0.000285535216638166
0.122234964079314,0.107114833858972,3015,3015,0.000571070433276337,0.000285535216638172
0.12196490016322,0.106611657030226,3016,3016,0.000571070433276337,0.000285535216638166
0.122234964079314,0.107114833858972,3017,3017,0.000571070433276337,0.000285535216638172
0.12196490016322,0.106611657030226,3018,3018,0.000571070433276337,0.000285535216638166
0.122234964079314,0.107114833858972,3019,3019,0.000571070433276337,0.000285535216638172
0.12196490016322,0.106611657030226,3020,3020,0.000571070433276337,0.000285535216638166
0.122234964079314,0.107114833858972,3021,3021,0.000571070433276337,0.000285535216638172
0.12196490016322,0.106611657030226,3022,3022,0.000571070433276337,0.000285535216638166
0.122234964079314,0.107114833858972,3023,3023,0.000571070433276337,0.000285535216638172
0.12196490016322,0.106611657030226,3024,3024,0.000571070433276337,0.000285535216638166
0.122234964079314,0.107114833858972,3025,3025,0.000571070433276337,0.000285535216638172
0.12196490016322,0.106611657030226,3026,3026,0.000571070433276337,0.000285535216638166
0.122234964079314,0.107114833858972,3027,3027,0.000571070433276337,0.000285535216638172
0.12196490016322,0.106611657030226,3028,3028,0.000571070433276337,0.000285535216638166
0.122234964079314,0.107114833858972,3029,3029,0.000571070433276337,0.000285535216638172
0.12196490016322,0.106611657030226,3030,3030,0.000571070433276337,0.000285535216638166
0.122234964079314,0.107114833858972,3031,3031,0.000571070433276337,0.000285535216638172
0.12196490016322,0.106611657030226,3032,3032,0.000571070433276337,0.000285535216638166
0.122234964079314,0.107114833858972,3033,3033,0.000571070433276337,0.000285535216638172
0.12196490016322,0.106611657030226,3034,3034,0.000571070433276337,0.000285535216638166
0.122234964079314,0.107114833858972,3035,3035,0.000571070433276337,0.000285535216638172
0.12196490016322,0.106611657030226,3036,3036,0.000571070433276337,0.000285535216638166
0.122234964079314,0.107114833858972,3037,3037,0.000571070433276337,0.000285535216638172
0.12196490016322,0.106611657030226,3038,3038,0.000571070433276337,0.000285535216638166
0.122234964079314,0.107114833858972,3039,3039,0.000571070433276337,0.000285535216638172
0.12196490016322,0.106611657030226,3040,3040,0.000571070433276337,0.000285535216638166
0.122234964079314,0.107114833858972,3041,3041,0.000571070433276337,0.000285535216638172
0.12196490016322,0.106611657030226,3042,3042,0.000571070433276337,0.000285535216638166
0.122234964079314,0.107114833858972,3043,3043,0.000571070433276337,0.000285535216638172
0.12196490016322,0.106611657030226,3044,3044,0.000571070433276337,0.000285535216638166
0.122234964079314,0.107114833858972,3045,3045,0.000571070433276337,0.000285535216638172
0.12196490016322,0.106611657030226,3046,3046,0.000571070433276337,0.000285535216638166
0.122234964079314,0.107114833858972,3047,3047,0.000571070433276337,0.000285535216638172
0.12196490016322,0.106611657030226,3048,3048,0.000571070433276337,0.000285535216638166
0.122234964079314,0.107114833858972,3049,3049,0.000571070433276337,0.000285535216638172
0.12196490016322,0.106611657030226,3050,3050,0.000571070433276337,0.000285535216638166
0.122234964079314,0.107114833858972,3051,3051,0.000571070433276337,0.000285535216638172
0.12196490016322,0.106611657030226,3052,3052,0.000571070433276337,0.000285535216638166
0.122234964079314,0.107114833858972,3053,3053,0.000571070433276337,0.000285535216638172
0.12196490016322,0.106611657030226,3054,3054,0.000571070433276337,0.000285535216638166
0.122234964079314,0.107114833858972,3055,3055,0.000571070433276337,0.000285535216638172
0.12196490016322,0.106611657030226,3056,3056,0.000571070433276337,0.000285535216638166
0.122234964079314,0.107114833858972,3057,3057,0.000571070433276337,0.000285535216638172
0.12196490016322,0.106611657030226,3058,3058,0.000571070433276337,0.000285535216638166
0.122234964079314,0.107114833858972,3059,3059,0.000571070433276337,0.000285535216638172
0.12196490016322,0.106611657030226,3060,3060,0.000571070433276337,0.000285535216638166
0.122234964079314,0.107114833858972,3061,3061,0.000571070433276337,0.000285535216638172
0.12196490016322,0.106611657030226,3062,3062,0.000571070433276337,0.000285535216638166
0.122234964079314,0.107114833858972,3063,3063,0.000571070433276337,0.000285535216638172
0.12196490016322,0.106611657030226,3064,3064,0.000571070433276337,0.000285535216638166
0.122234964079314,0.107114833858972,3065,3065,0.000571070433276337,0.000285535216638172
0.12196490016322,0.106611657030226,3066,3066,0.000571070433276337,0.000285535216638166
0.122234964079314,0.107114833858972,3067,3067,0.000571070433276337,0.000285535216638172
0.12196490016322,0.106611657030226,3068,3068,0.000571070433276337,0.000285535216638166
0.122234964079314,0.107114833858972,3069,3069,0.000571070433276337,0.000285535216638172
0.12196490016322,0.106611657030226,3070,3070,0.000571070433276337,0.000285535216638166
0.122234964079314,0.107114833858972,3071,3071,0.000571070433276337,0.000285535216638172
0.12196490016322,0.106611657030226,3072,3072,0.000571070433276337,0.000285535216638166
0.122234964079314,0.107114833858972,3073,3073,0.000571070433276337,0.000285535216638172
0.12196490016322,0.106611657030226,3074,3074,0.000571070433276337,0.000285535216638166
0.122234964079314,0.107114833858972,3075,3075,0.000571070433276337,0.000285535216638172
0.12196490016322,0.106611657030226,3076,3076,0.000571070433276337,0.000285535216638166
0.122234964079314,0.107114833858972,3077,3077,0.000571070433276337,0.000285535216638172
0.12196490016322,0.106611657030226,3078,3078,0.000571070433276337,0.000285535216638166
0.122234964079314,0.107114833858972,3079,3079,0.000571070433276337,0.000285535216638172
0.12196490016322,0.106611657030226,3080,3080,0.000571070433276337,0.000285535216638166
0.122234964079314,0.107114833858972,3081,3081,0.000571070433276337,0.000285535216638172
0.12196490016322,0.106611657030226,3082,3082,0.000571070433276337,0.000285535216638166
0.122234964079314,0.107114833858972,3083,3083,0.000571070433276337,0.000285535216638172
0.12196490016322,0.106611657030226,3084,3084,0.000571070433276337,0.000285535216638166
0.122234964079314,0.107114833858972,3085,3085,0.000571070433276337,0.000285535216638172
0.12196490016322,0.106611657030226,3086,3086,0.000571070433276337,0.000285535216638166
0.122234964079314,0.107114833858972,3087,3087,0.000571070433276337,0.000285535216638172
0.12196490016322,0.106611657030226,3088,3088,0.000571070433276337,0.000285535216638166
0.122234964079314,0.107114833858972,3089,3089,0.000571070433276337,0.000285535216638172
0.12196490016322,0.106611657030226,3090,3090,0.000571070433276337,0.000285535216638166
0.122234964079314,0.107114833858972,3091,3091,0.000571070433276337,0.000285535216638172
0.12196490016322,0.106611657030226,3092,3092,0.000571070433276337,0.000285535216638166
0.122234964079314,0.107114833858972,3093,3093,0.000571070433276337,0.000285535216638172
0.12196490016322,0.106611657030226,3094,3094,0.000571070433276337,0.000285535216638166
0.122234964079314,0.107114833858972,3095,3095,0.000571070433276337,0.000285535216638172
0.12196490016322,0.106611657030226,3096,3096,0.000571070433276337,0.000285535216638166
0.122234964079314,0.107114833858972,3097,3097,0.000571070433276337,0.000285535216638172
0.12196490016322,0.106611657030226,3098,3098,0.000571070433276337,0.000285535216638166
0.122234964079314,0.107114833858972,3099,3099,0.000571070433276337,0.000285535216638172
0.12196490016322,0.106611657030226,3100,3100,0.000571070433276337,0.000285535216638166
0.122234964079314,0.107114833858972,3101,3101,0.000571070433276337,0.000285535216638172
0.12196490016322,0.106611657030226,3102,3102,0.000571070433276337,0.000285535216638166
0.122234964079314,0.107114833858972,3103,3103,0.000571070433276337,0.000285535216638172
0.12196490016322,0.106611657030226,3104,3104,0.000571070433276337,0.000285535216638166
0.122234964079314,0.107114833858972,3105,3105,0.000571070433276337,0.000285535216638172
0.12196490016322,0.106611657030226,3106,3106,0.000571070433276337,0.000285535216638166
0.122234964079314,0.107114833858972,3107,3107,0.000571070433276337,0.000285535216638172
0.12196490016322,0.106611657030226,3108,3108,0.000571070433276337,0.000285535216638166
0.122234964079314,0.107114833858972,3109,3109,0.000571070433276337,0.000285535216638172
0.12196490016322,0.106611657030226,3110,3110,0.000571070433276337,0.000285535216638166
0.122234964079314,0.107114833858972,3111,3111,0.000571070433276337,0.000285535216638172
0.12196490016322,0.106611657030226,3112,3112,0.000571070433276337,0.000285535216638166
0.122234964079314,0.107114833858972,3113,3113,0.000571070433276337,0.000285535216638172
0.12196490016322,0.106611657030226,3114,3114,0.000571070433276337,0.000285535216638166
0.122234964079314,0.107114833858972,3115,3115,0.000571070433276337,0.000285535216638172
0.12196490016322,0.106611657030226,3116,3116,0.000571070433276337,0.000285535216638166
0.122234964079314,0.107114833858972,3117,3117,0.000571070433276337,0.000285535216638172
0.12196490016322,0.106611657030226,3118,3118,0.000571070433276337,0.000285535216638166
0.122234964079314,0.107114833858972,3119,3119,0.000571070433276337,0.000285535216638172
0.12196490016322,0.106611657030226,3120,3120,0.000571070433276337,0.000285535216638166
0.122234964079314,0.107114833858972,3121,3121,0.000571070433276337,0.000285535216638172
0.12196490016322,0.106611657030226,3122,3122,0.000571070433276337,0.000285535216638166
0.122234964079314,0.107114833858972,3123,3123,0.000571070433276337,0.000285535216638172
0.12196490016322,0.106611657030226,3124,3124,0.000571070433276337,0.000285535216638166
0.122234964079314,0.107114833858972,3125,3125,0.000571070433276337,0.000285535216638172
0.12196490016322,0.106611657030226,3126,3126,0.000571070433276337,0.000285535216638166
0.122234964079314,0.107114833858972,3127,3127,0.000571070433276337,0.000285535216638172
0.12196490016322,0.106611657030226,3128,3128,0.000571070433276337,0.000285535216638166
0.122234964079314,0.107114833858972,3129,3129,0.000571070433276337,0.000285535216638172
0.12196490016322,0.106611657030226,3130,3130,0.000571070433276337,0.000285535216638166
0.122234964079314,0.107114833858972,3131,3131,0.000571070433276337,0.000285535216638172
0.12196490016322,0.106611657030226,3132,3132,0.000571070433276337,0.000285535216638166
0.122234964079314,0.107114833858972,3133,3133,0.000571070433276337,0.000285535216638172
0.12196490016322,0.106611657030226,3134,3134,0.000571070433276337,0.000285535216638166
0.122234964079314,0.107114833858972,3135,3135,0.000571070433276337,0.000285535216638172
0.12196490016322,0.106611657030226,3136,3136,0.000571070433276337,0.000285535216638166
0.122234964079314,0.107114833858972,3137,3137,0.000571070433276337,0.000285535216638172
0.12196490016322,0.106611657030226,3138,3138,0.000571070433276337,0.000285535216638166
0.122234964079314,0.107114833858972,3139,3139,0.000571070433276337,0.000285535216638172
0.12196490016322,0.106611657030226,3140,3140,0.000571070433276337,0.000285535216638166
0.122234964079314,0.107114833858972,3141,3141,0.000571070433276337,0.000285535216638172
0.12196490016322,0.106611657030226,3142,3142,0.000571070433276337,0.000285535216638166
0.122234964079314,0.107114833858972,3143,3143,0.000571070433276337,0.000285535216638172
0.12196490016322,0.106611657030226,3144,3144,0.000571070433276337,0.000285535216638166
0.122234964079314,0.107114833858972,3145,3145,0.000571070433276337,0.000285535216638172
0.12196490016322,0.106611657030226,3146,3146,0.000571070433276337,0.000285535216638166
0.122234964079314,0.107114833858972,3147,3147,0.000571070433276337,0.000285535216638172
0.12196490016322,0.106611657030226,3148,3148,0.000571070433276337,0.000285535216638166
0.122234964079314,0.107114833858972,3149,3149,0.000571070433276337,0.000285535216638172
0.12196490016322,0.106611657030226,3150,3150,0.000571070433276337,0.000285535216638166
0.122234964079314,0.107114833858972,3151,3151,0.000571070433276337,0.000285535216638172
0.12196490016322,0.106611657030226,3152,3152,0.000571070433276337,0.000285535216638166
0.122234964079314,0.107114833858972,3153,3153,0.000571070433276337,0.000285535216638172
0.12196490016322,0.106611657030226,3154,3154,0.000571070433276337,0.000285535216638166
0.122234964079314,0.107114833858972,3155,3155,0.000571070433276337,0.000285535216638172
0.12196490016322,0.106611657030226,3156,3156,0.000571070433276337,0.000285535216638166
0.122234964079314,0.107114833858972,3157,3157,0.000571070433276337,0.000285535216638172
0.12196490016322,0.106611657030226,3158,3158,0.000571070433276337,0.000285535216638166
0.122234964079314,0.107114833858972,3159,3159,0.000571070433276337,0.000285535216638172
0.12196490016322,0.106611657030226,3160,3160,0.000571070433276337,0.000285535216638166
0.122234964079314,0.107114833858972,3161,3161,0.000571070433276337,0.000285535216638172
0.12196490016322,0.106611657030226,3162,3162,0.000571070433276337,0.000285535216638166
0.122234964079314,0.107114833858972,3163,3163,0.000571070433276337,0.000285535216638172
0.12196490016322,0.106611657030226,3164,3164,0.000571070433276337,0.000285535216638166
0.122234964079314,0.107114833858972,3165,3165,0.000571070433276337,0.000285535216638172
0.12196490016322,0.106611657030226,3166,3166,0.000571070433276337,0.000285535216638166
0.122234964079314,0.107114833858972,3167,3167,0.000571070433276337,0.000285535216638172
0.12196490016322,0.106611657030226,3168,3168,0.000571070433276337,0.000285535216638166
0.122234964079314,0.107114833858972,3169,3169,0.000571070433276337,0.000285535216638172
0.12196490016322,0.106611657030226,3170,3170,0.000571070433276337,0.000285535216638166
0.122234964079314,0.107114833858972,3171,3171,0.000571070433276337,0.000285535216638172
0.12196490016322,0.106611657030226,3172,3172,0.000571070433276337,0.000285535216638166
0.122234964079314,0.107114833858972,3173,3173,0.000571070433276337,0.000285535216638172
0.12196490016322,0.106611657030226,3174,3174,0.000571070433276337,0.000285535216638166
0.122234964079314,0.107114833858972,3175,3175,0.000571070433276337,0.000285535216638172
0.12196490016322,0.106611657030226,3176,3176,0.000571070433276337,0.000285535216638166
0.122234964079314,0.107114833858972,3177,3177,0.000571070433276337,0.000285535216638172
0.12196490016322,0.106611657030226,3178,3178,0.000571070433276337,0.000285535216638166
0.122234964079314,0.107114833858972,3179,3179,0.000571070433276337,0.000285535216638172
0.12196490016322,0.106611657030226,3180,3180,0.000571070433276337,0.000285535216638166
0.122234964079314,0.107114833858972,3181,3181,0.000571070433276337,0.000285535216638172
0.12196490016322,0.106611657030226,3182,3182,0.000571070433276337,0.000285535216638166
0.122234964079314,0.107114833858972,3183,3183,0.000571070433276337,0.000285535216638172
0.12196490016322,0.106611657030226,3184,3184,0.000571070433276337,0.000285535216638166
0.122234964079314,0.107114833858972,3185,3185,0.000571070433276337,0.000285535216638172
0.12196490016322,0.106611657030226,3186,3186,0.000571070433276337,0.000285535216638166
0.122234964079314,0.107114833858972,3187,3187,0.000571070433276337,0.000285535216638172
0.12196490016322,0.106611657030226,3188,3188,0.000571070433276337,0.000285535216638166
0.122234964079314,0.107114833858972,3189,3189,0.000571070433276337,0.000285535216638172
0.12196490016322,0.106611657030226,3190,3190,0.000571070433276337,0.000285535216638166
0.122234964079314,0.107114833858972,3191,3191,0.000571070433276337,0.000285535216638172
0.12196490016322,0.106611657030226,3192,3192,0.000571070433276337,0.000285535216638166
0.122234964079314,0.107114833858972,3193,3193,0.000571070433276337,0.000285535216638172
0.12196490016322,0.106611657030226,3194,3194,0.000571070433276337,0.000285535216638166
0.122234964079314,0.107114833858972,3195,3195,0.000571070433276337,0.000285535216638172
0.12196490016322,0.106611657030226,3196,3196,0.000571070433276337,0.000285535216638166
0.122234964079314,0.107114833858972,3197,3197,0.000571070433276337,0.000285535216638172
0.12196490016322,0.106611657030226,3198,3198,0.000571070433276337,0.000285535216638166
0.122234964079314,0.107114833858972,3199,3199,0.000571070433276337,0.000285535216638172
0.12196490016322,0.106611657030226,3200,3200,0.000571070433276337,0.000285535216638166
0.122234964079314,0.107114833858972,3201,3201,0.000571070433276337,0.000285535216638172
0.12196490016322,0.106611657030226,3202,3202,0.000571070433276337,0.000285535216638166
0.122234964079314,0.107114833858972,3203,3203,0.000571070433276337,0.000285535216638172
0.12196490016322,0.106611657030226,3204,3204,0.000571070433276337,0.000285535216638166
0.122234964079314,0.107114833858972,3205,3205,0.000571070433276337,0.000285535216638172
0.12196490016322,0.106611657030226,3206,3206,0.000571070433276337,0.000285535216638166
0.122234964079314,0.107114833858972,3207,3207,0.000571070433276337,0.000285535216638172
0.12196490016322,0.106611657030226,3208,3208,0.000571070433276337,0.000285535216638166
0.122234964079314,0.107114833858972,3209,3209,0.000571070433276337,0.000285535216638172
0.12196490016322,0.106611657030226,3210,3210,0.000571070433276337,0.000285535216638166
0.122234964079314,0.107114833858972,3211,3211,0.000571070433276337,0.000285535216638172
0.12196490016322,0.106611657030226,3212,3212,0.000571070433276337,0.000285535216638166
0.122234964079314,0.107114833858972,3213,3213,0.000571070433276337,0.000285535216638172
0.12196490016322,0.106611657030226,3214,3214,0.000571070433276337,0.000285535216638166
0.122234964079314,0.107114833858972,3215,3215,0.000571070433276337,0.000285535216638172
0.12196490016322,0.106611657030226,3216,3216,0.000571070433276337,0.000285535216638166
0.122234964079314,0.107114833858972,3217,3217,0.000571070433276337,0.000285535216638172
0.12196490016322,0.106611657030226,3218,3218,0.000571070433276337,0.000285535216638166
0.122234964079314,0.107114833858972,3219,3219,0.000571070433276337,0.000285535216638172
0.12196490016322,0.106611657030226,3220,3220,0.000571070433276337,0.000285535216638166
0.122234964079314,0.107114833858972,3221,3221,0.000571070433276337,0.000285535216638172
0.12196490016322,0.106611657030226,3222,3222,0.000571070433276337,0.000285535216638166
0.122234964079314,0.107114833858972,3223,3223,0.000571070433276337,0.000285535216638172
0.12196490016322,0.106611657030226,3224,3224,0.000571070433276337,0.000285535216638166
0.122234964079314,0.107114833858972,3225,3225,0.000571070433276337,0.000285535216638172
0.12196490016322,0.106611657030226,3226,3226,0.000571070433276337,0.000285535216638166
0.122234964079314,0.107114833858972,3227,3227,0.000571070433276337,0.000285535216638172
0.12196490016322,0.106611657030226,3228,3228,0.000571070433276337,0.000285535216638166
0.122234964079314,0.107114833858972,3229,3229,0.000571070433276337,0.000285535216638172
0.12196490016322,0.106611657030226,3230,3230,0.000571070433276337,0.000285535216638166
0.122234964079314,0.107114833858972,3231,3231,0.000571070433276337,0.000285535216638172
0.12196490016322,0.106611657030226,3232,3232,0.000571070433276337,0.000285535216638166
0.122234964079314,0.107114833858972,3233,3233,0.000571070433276337,0.000285535216638172
0.12196490016322,0.106611657030226,3234,3234,0.000571070433276337,0.000285535216638166
0.122234964079314,0.107114833858972,3235,3235,0.000571070433276337,0.000285535216638172
0.12196490016322,0.106611657030226,3236,3236,0.000571070433276337,0.000285535216638166
0.122234964079314,0.107114833858972,3237,3237,0.000571070433276337,0.000285535216638172
0.12196490016322,0.106611657030226,3238,3238,0.000571070433276337,0.000285535216638166
0.122234964079314,0.107114833858972,3239,3239,0.000571070433276337,0.000285535216638172
0.12196490016322,0.106611657030226,3240,3240,0.000571070433276337,0.000285535216638166
0.122234964079314,0.107114833858972,3241,3241,0.000571070433276337,0.000285535216638172
0.12196490016322,0.106611657030226,3242,3242,0.000571070433276337,0.000285535216638166
0.122234964079314,0.107114833858972,3243,3243,0.000571070433276337,0.000285535216638172
0.12196490016322,0.106611657030226,3244,3244,0.000571070433276337,0.000285535216638166
0.122234964079314,0.107114833858972,3245,3245,0.000571070433276337,0.000285535216638172
0.12196490016322,0.106611657030226,3246,3246,0.000571070433276337,0.000285535216638166
0.122234964079314,0.107114833858972,3247,3247,0.000571070433276337,0.000285535216638172
0.12196490016322,0.106611657030226,3248,3248,0.000571070433276337,0.000285535216638166
0.122234964079314,0.107114833858972,3249,3249,0.000571070433276337,0.000285535216638172
0.12196490016322,0.106611657030226,3250,3250,0.000571070433276337,0.000285535216638166
0.122234964079314,0.107114833858972,3251,3251,0.000571070433276337,0.000285535216638172
0.12196490016322,0.106611657030226,3252,3252,0.000571070433276337,0.000285535216638166
0.122234964079314,0.107114833858972,3253,3253,0.000571070433276337,0.000285535216638172
0.12196490016322,0.106611657030226,3254,3254,0.000571070433276337,0.000285535216638166
0.122234964079314,0.107114833858972,3255,3255,0.000571070433276337,0.000285535216638172
0.12196490016322,0.106611657030226,3256,3256,0.000571070433276337,0.000285535216638166
0.122234964079314,0.107114833858972,3257,3257,0.000571070433276337,0.000285535216638172
0.12196490016322,0.106611657030226,3258,3258,0.000571070433276337,0.000285535216638166
0.122234964079314,0.107114833858972,3259,3259,0.000571070433276337,0.000285535216638172
0.12196490016322,0.106611657030226,3260,3260,0.000571070433276337,0.000285535216638166
0.122234964079314,0.107114833858972,3261,3261,0.000571070433276337,0.000285535216638172
0.12196490016322,0.106611657030226,3262,3262,0.000571070433276337,0.000285535216638166
0.122234964079314,0.107114833858972,3263,3263,0.000571070433276337,0.000285535216638172
0.12196490016322,0.106611657030226,3264,3264,0.000571070433276337,0.000285535216638166
0.122234964079314,0.107114833858972,3265,3265,0.000571070433276337,0.000285535216638172
0.12196490016322,0.106611657030226,3266,3266,0.000571070433276337,0.000285535216638166
0.122234964079314,0.107114833858972,3267,3267,0.000571070433276337,0.000285535216638172
0.12196490016322,0.106611657030226,3268,3268,0.000571070433276337,0.000285535216638166
0.122234964079314,0.107114833858972,3269,3269,0.000571070433276337,0.000285535216638172
0.12196490016322,0.106611657030226,3270,3270,0.000571070433276337,0.000285535216638166
0.122234964079314,0.107114833858972,3271,3271,0.000571070433276337,0.000285535216638172
0.12196490016322,0.106611657030226,3272,3272,0.000571070433276337,0.000285535216638166
0.122234964079314,0.107114833858972,3273,3273,0.000571070433276337,0.000285535216638172
0.12196490016322,0.106611657030226,3274,3274,0.000571070433276337,0.000285535216638166
0.122234964079314,0.107114833858972,3275,3275,0.000571070433276337,0.000285535216638172
0.12196490016322,0.106611657030226,3276,3276,0.000571070433276337,0.000285535216638166
0.122234964079314,0.107114833858972,3277,3277,0.000571070433276337,0.000285535216638172
0.12196490016322,0.106611657030226,3278,3278,0.000571070433276337,0.000285535216638166
0.122234964079314,0.107114833858972,3279,3279,0.000571070433276337,0.000285535216638172
0.12196490016322,0.106611657030226,3280,3280,0.000571070433276337,0.000285535216638166
0.122234964079314,0.107114833858972,3281,3281,0.000571070433276337,0.000285535216638172
0.12196490016322,0.106611657030226,3282,3282,0.000571070433276337,0.000285535216638166
0.122234964079314,0.107114833858972,3283,3283,0.000571070433276337,0.000285535216638172
0.12196490016322,0.106611657030226,3284,3284,0.000571070433276337,0.000285535216638166
0.122234964079314,0.107114833858972,3285,3285,0.000571070433276337,0.000285535216638172
0.12196490016322,0.106611657030226,3286,3286,0.000571070433276337,0.000285535216638166
0.122234964079314,0.107114833858972,3287,3287,0.000571070433276337,0.000285535216638172
0.12196490016322,0.106611657030226,3288,3288,0.000571070433276337,0.000285535216638166
0.122234964079314,0.107114833858972,3289,3289,0.000571070433276337,0.000285535216638172
0.12196490016322,0.106611657030226,3290,3290,0.000571070433276337,0.000285535216638166
0.122234964079314,0.107114833858972,3291,3291,0.000571070433276337,0.000285535216638172
0.12196490016322,0.106611657030226,3292,3292,0.000571070433276337,0.000285535216638166
0.122234964079314,0.107114833858972,3293,3293,0.000571070433276337,0.000285535216638172
0.12196490016322,0.106611657030226,3294,3294,0.000571070433276337,0.000285535216638166
0.122234964079314,0.107114833858972,3295,3295,0.000571070433276337,0.000285535216638172
0.12196490016322,0.106611657030226,3296,3296,0.000571070433276337,0.000285535216638166
0.122234964079314,0.107114833858972,3297,3297,0.000571070433276337,0.000285535216638172
0.12196490016322,0.106611657030226,3298,3298,0.000571070433276337,0.000285535216638166
0.122234964079314,0.107114833858972,3299,3299,0.000571070433276337,0.000285535216638172
0.12196490016322,0.106611657030226,3300,3300,0.000571070433276337,0.000285535216638166
0.122234964079314,0.107114833858972,3301,3301,0.000571070433276337,0.000285535216638172
0.12196490016322,0.106611657030226,3302,3302,0.000571070433276337,0.000285535216638166
0.122234964079314,0.107114833858972,3303,3303,0.000571070433276337,0.000285535216638172
0.12196490016322,0.106611657030226,3304,3304,0.000571070433276337,0.000285535216638166
0.122234964079314,0.107114833858972,3305,3305,0.000571070433276337,0.000285535216638172
0.12196490016322,0.106611657030226,3306,3306,0.000571070433276337,0.000285535216638166
0.122234964079314,0.107114833858972,3307,3307,0.000571070433276337,0.000285535216638172
0.12196490016322,0.106611657030226,3308,3308,0.000571070433276337,0.000285535216638166
0.122234964079314,0.107114833858972,3309,3309,0.000571070433276337,0.000285535216638172
0.12196490016322,0.106611657030226,3310,3310,0.000571070433276337,0.000285535216638166
0.122234964079314,0.107114833858972,3311,3311,0.000571070433276337,0.000285535216638172
0.12196490016322,0.106611657030226,3312,3312,0.000571070433276337,0.000285535216638166
0.122234964079314,0.107114833858972,3313,3313,0.000571070433276337,0.000285535216638172
0.12196490016322,0.106611657030226,3314,3314,0.000571070433276337,0.000285535216638166
0.122234964079314,0.107114833858972,3315,3315,0.000571070433276337,0.000285535216638172
0.12196490016322,0.106611657030226,3316,3316,0.000571070433276337,0.000285535216638166
0.122234964079314,0.107114833858972,3317,3317,0.000571070433276337,0.000285535216638172
0.12196490016322,0.106611657030226,3318,3318,0.000571070433276337,0.000285535216638166
0.122234964079314,0.107114833858972,3319,3319,0.000571070433276337,0.000285535216638172
0.12196490016322,0.106611657030226,3320,3320,0.000571070433276337,0.000285535216638166
0.122234964079314,0.107114833858972,3321,3321,0.000571070433276337,0.000285535216638172
0.12196490016322,0.106611657030226,3322,3322,0.000571070433276337,0.000285535216638166
0.122234964079314,0.107114833858972,3323,3323,0.000571070433276337,0.000285535216638172
0.12196490016322,0.106611657030226,3324,3324,0.000571070433276337,0.000285535216638166
0.122234964079314,0.107114833858972,3325,3325,0.000571070433276337,0.000285535216638172
0.12196490016322,0.106611657030226,3326,3326,0.000571070433276337,0.000285535216638166
0.122234964079314,0.107114833858972,3327,3327,0.000571070433276337,0.000285535216638172
0.12196490016322,0.106611657030226,3328,3328,0.000571070433276337,0.000285535216638166
0.122234964079314,0.107114833858972,3329,3329,0.000571070433276337,0.000285535216638172
0.12196490016322,0.106611657030226,3330,3330,0.000571070433276337,0.000285535216638166
0.122234964079314,0.107114833858972,3331,3331,0.000571070433276337,0.000285535216638172
0.12196490016322,0.106611657030226,3332,3332,0.000571070433276337,0.000285535216638166
0.122234964079314,0.107114833858972,3333,3333,0.000571070433276337,0.000285535216638172
0.12196490016322,0.106611657030226,3334,3334,0.000571070433276337,0.000285535216638166
0.122234964079314,0.107114833858972,3335,3335,0.000571070433276337,0.000285535216638172
0.12196490016322,0.106611657030226,3336,3336,0.000571070433276337,0.000285535216638166
0.122234964079314,0.107114833858972,3337,3337,0.000571070433276337,0.000285535216638172
0.12196490016322,0.106611657030226,3338,3338,0.000571070433276337,0.000285535216638166
0.122234964079314,0.107114833858972,3339,3339,0.000571070433276337,0.000285535216638172
0.12196490016322,0.106611657030226,3340,3340,0.000571070433276337,0.000285535216638166
0.122234964079314,0.107114833858972,3341,3341,0.000571070433276337,0.000285535216638172
0.12196490016322,0.106611657030226,3342,3342,0.000571070433276337,0.000285535216638166
0.122234964079314,0.107114833858972,3343,3343,0.000571070433276337,0.000285535216638172
0.12196490016322,0.106611657030226,3344,3344,0.000571070433276337,0.000285535216638166
0.122234964079314,0.107114833858972,3345,3345,0.000571070433276337,0.000285535216638172
0.12196490016322,0.106611657030226,3346,3346,0.000571070433276337,0.000285535216638166
0.122234964079314,0.107114833858972,3347,3347,0.000571070433276337,0.000285535216638172
0.12196490016322,0.106611657030226,3348,3348,0.000571070433276337,0.000285535216638166
0.122234964079314,0.107114833858972,3349,3349,0.000571070433276337,0.000285535216638172
0.12196490016322,0.106611657030226,3350,3350,0.000571070433276337,0.000285535216638166
0.122234964079314,0.107114833858972,3351,3351,0.000571070433276337,0.000285535216638172
0.12196490016322,0.106611657030226,3352,3352,0.000571070433276337,0.000285535216638166
0.122234964079314,0.107114833858972,3353,3353,0.000571070433276337,0.000285535216638172
0.12196490016322,0.106611657030226,3354,3354,0.000571070433276337,0.000285535216638166
0.122234964079314,0.107114833858972,3355,3355,0.000571070433276337,0.000285535216638172
0.12196490016322,0.106611657030226,3356,3356,0.000571070433276337,0.000285535216638166
0.122234964079314,0.107114833858972,3357,3357,0.000571070433276337,0.000285535216638172
0.12196490016322,0.106611657030226,3358,3358,0.000571070433276337,0.000285535216638166
0.122234964079314,0.107114833858972,3359,3359,0.000571070433276337,0.000285535216638172
0.12196490016322,0.106611657030226,3360,3360,0.000571070433276337,0.000285535216638166
0.122234964079314,0.107114833858972,3361,3361,0.000571070433276337,0.000285535216638172
0.12196490016322,0.106611657030226,3362,3362,0.000571070433276337,0.000285535216638166
0.122234964079314,0.107114833858972,3363,3363,0.000571070433276337,0.000285535216638172
0.12196490016322,0.106611657030226,3364,3364,0.000571070433276337,0.000285535216638166
0.122234964079314,0.107114833858972,3365,3365,0.000571070433276337,0.000285535216638172
0.12196490016322,0.106611657030226,3366,3366,0.000571070433276337,0.000285535216638166
0.122234964079314,0.107114833858972,3367,3367,0.000571070433276337,0.000285535216638172
0.12196490016322,0.106611657030226,3368,3368,0.000571070433276337,0.000285535216638166
0.122234964079314,0.107114833858972,3369,3369,0.000571070433276337,0.000285535216638172
0.12196490016322,0.106611657030226,3370,3370,0.000571070433276337,0.000285535216638166
0.122234964079314,0.107114833858972,3371,3371,0.000571070433276337,0.000285535216638172
0.12196490016322,0.106611657030226,3372,3372,0.000571070433276337,0.000285535216638166
0.122234964079314,0.107114833858972,3373,3373,0.000571070433276337,0.000285535216638172
0.12196490016322,0.106611657030226,3374,3374,0.000571070433276337,0.000285535216638166
0.122234964079314,0.107114833858972,3375,3375,0.000571070433276337,0.000285535216638172
0.12196490016322,0.106611657030226,3376,3376,0.000571070433276337,0.000285535216638166
0.122234964079314,0.107114833858972,3377,3377,0.000571070433276337,0.000285535216638172
0.12196490016322,0.106611657030226,3378,3378,0.000571070433276337,0.000285535216638166
0.122234964079314,0.107114833858972,3379,3379,0.000571070433276337,0.000285535216638172
0.12196490016322,0.106611657030226,3380,3380,0.000571070433276337,0.000285535216638166
0.122234964079314,0.107114833858972,3381,3381,0.000571070433276337,0.000285535216638172
0.12196490016322,0.106611657030226,3382,3382,0.000571070433276337,0.000285535216638166
0.122234964079314,0.107114833858972,3383,3383,0.000571070433276337,0.000285535216638172
0.12196490016322,0.106611657030226,3384,3384,0.000571070433276337,0.000285535216638166
0.122234964079314,0.107114833858972,3385,3385,0.000571070433276337,0.000285535216638172
0.12196490016322,0.106611657030226,3386,3386,0.000571070433276337,0.000285535216638166
0.122234964079314,0.107114833858972,3387,3387,0.000571070433276337,0.000285535216638172
0.12196490016322,0.106611657030226,3388,3388,0.000571070433276337,0.000285535216638166
0.122234964079314,0.107114833858972,3389,3389,0.000571070433276337,0.000285535216638172
0.12196490016322,0.106611657030226,3390,3390,0.000571070433276337,0.000285535216638166
0.122234964079314,0.107114833858972,3391,3391,0.000571070433276337,0.000285535216638172
0.12196490016322,0.106611657030226,3392,3392,0.000571070433276337,0.000285535216638166
0.122234964079314,0.107114833858972,3393,3393,0.000571070433276337,0.000285535216638172
0.12196490016322,0.106611657030226,3394,3394,0.000571070433276337,0.000285535216638166
0.122234964079314,0.107114833858972,3395,3395,0.000571070433276337,0.000285535216638172
0.12196490016322,0.106611657030226,3396,3396,0.000571070433276337,0.000285535216638166
0.122234964079314,0.107114833858972,3397,3397,0.000571070433276337,0.000285535216638172
0.12196490016322,0.106611657030226,3398,3398,0.000571070433276337,0.000285535216638166
0.122234964079314,0.107114833858972,3399,3399,0.000571070433276337,0.000285535216638172
0.12196490016322,0.106611657030226,3400,3400,0.000571070433276337,0.000285535216638166
0.122234964079314,0.107114833858972,3401,3401,0.000571070433276337,0.000285535216638172
0.12196490016322,0.106611657030226,3402,3402,0.000571070433276337,0.000285535216638166
0.122234964079314,0.107114833858972,3403,3403,0.000571070433276337,0.000285535216638172
0.12196490016322,0.106611657030226,3404,3404,0.000571070433276337,0.000285535216638166
0.122234964079314,0.107114833858972,3405,3405,0.000571070433276337,0.000285535216638172
0.12196490016322,0.106611657030226,3406,3406,0.000571070433276337,0.000285535216638166
0.122234964079314,0.107114833858972,3407,3407,0.000571070433276337,0.000285535216638172
0.12196490016322,0.106611657030226,3408,3408,0.000571070433276337,0.000285535216638166
0.122234964079314,0.107114833858972,3409,3409,0.000571070433276337,0.000285535216638172
0.12196490016322,0.106611657030226,3410,3410,0.000571070433276337,0.000285535216638166
0.122234964079314,0.107114833858972,3411,3411,0.000571070433276337,0.000285535216638172
0.12196490016322,0.106611657030226,3412,3412,0.000571070433276337,0.000285535216638166
0.122234964079314,0.107114833858972,3413,3413,0.000571070433276337,0.000285535216638172
0.12196490016322,0.106611657030226,3414,3414,0.000571070433276337,0.000285535216638166
0.122234964079314,0.107114833858972,3415,3415,0.000571070433276337,0.000285535216638172
0.12196490016322,0.106611657030226,3416,3416,0.000571070433276337,0.000285535216638166
0.122234964079314,0.107114833858972,3417,3417,0.000571070433276337,0.000285535216638172
0.12196490016322,0.106611657030226,3418,3418,0.000571070433276337,0.000285535216638166
0.122234964079314,0.107114833858972,3419,3419,0.000571070433276337,0.000285535216638172
0.12196490016322,0.106611657030226,3420,3420,0.000571070433276337,0.000285535216638166
0.122234964079314,0.107114833858972,3421,3421,0.000571070433276337,0.000285535216638172
0.12196490016322,0.106611657030226,3422,3422,0.000571070433276337,0.000285535216638166
0.122234964079314,0.107114833858972,3423,3423,0.000571070433276337,0.000285535216638172
0.12196490016322,0.106611657030226,3424,3424,0.000571070433276337,0.000285535216638166
0.122234964079314,0.107114833858972,3425,3425,0.000571070433276337,0.000285535216638172
0.12196490016322,0.106611657030226,3426,3426,0.000571070433276337,0.000285535216638166
0.122234964079314,0.107114833858972,3427,3427,0.000571070433276337,0.000285535216638172
0.12196490016322,0.106611657030226,3428,3428,0.000571070433276337,0.000285535216638166
0.122234964079314,0.107114833858972,3429,3429,0.000571070433276337,0.000285535216638172
0.12196490016322,0.106611657030226,3430,3430,0.000571070433276337,0.000285535216638166
0.122234964079314,0.107114833858972,3431,3431,0.000571070433276337,0.000285535216638172
0.12196490016322,0.106611657030226,3432,3432,0.000571070433276337,0.000285535216638166
0.122234964079314,0.107114833858972,3433,3433,0.000571070433276337,0.000285535216638172
0.12196490016322,0.106611657030226,3434,3434,0.000571070433276337,0.000285535216638166
0.122234964079314,0.107114833858972,3435,3435,0.000571070433276337,0.000285535216638172
0.12196490016322,0.106611657030226,3436,3436,0.000571070433276337,0.000285535216638166
0.122234964079314,0.107114833858972,3437,3437,0.000571070433276337,0.000285535216638172
0.12196490016322,0.106611657030226,3438,3438,0.000571070433276337,0.000285535216638166
0.122234964079314,0.107114833858972,3439,3439,0.000571070433276337,0.000285535216638172
0.12196490016322,0.106611657030226,3440,3440,0.000571070433276337,0.000285535216638166
0.122234964079314,0.107114833858972,3441,3441,0.000571070433276337,0.000285535216638172
0.12196490016322,0.106611657030226,3442,3442,0.000571070433276337,0.000285535216638166
0.122234964079314,0.107114833858972,3443,3443,0.000571070433276337,0.000285535216638172
0.12196490016322,0.106611657030226,3444,3444,0.000571070433276337,0.000285535216638166
0.122234964079314,0.107114833858972,3445,3445,0.000571070433276337,0.000285535216638172
0.12196490016322,0.106611657030226,3446,3446,0.000571070433276337,0.000285535216638166
0.122234964079314,0.107114833858972,3447,3447,0.000571070433276337,0.000285535216638172
0.12196490016322,0.106611657030226,3448,3448,0.000571070433276337,0.000285535216638166
0.122234964079314,0.107114833858972,3449,3449,0.000571070433276337,0.000285535216638172
0.12196490016322,0.106611657030226,3450,3450,0.000571070433276337,0.000285535216638166
0.122234964079314,0.107114833858972,3451,3451,0.000571070433276337,0.000285535216638172
0.12196490016322,0.106611657030226,3452,3452,0.000571070433276337,0.000285535216638166
0.122234964079314,0.107114833858972,3453,3453,0.000571070433276337,0.000285535216638172
0.12196490016322,0.106611657030226,3454,3454,0.000571070433276337,0.000285535216638166
0.122234964079314,0.107114833858972,3455,3455,0.000571070433276337,0.000285535216638172
0.12196490016322,0.106611657030226,3456,3456,0.000571070433276337,0.000285535216638166
0.122234964079314,0.107114833858972,3457,3457,0.000571070433276337,0.000285535216638172
0.12196490016322,0.106611657030226,3458,3458,0.000571070433276337,0.000285535216638166
0.122234964079314,0.107114833858972,3459,3459,0.000571070433276337,0.000285535216638172
0.12196490016322,0.106611657030226,3460,3460,0.000571070433276337,0.000285535216638166
0.122234964079314,0.107114833858972,3461,3461,0.000571070433276337,0.000285535216638172
0.12196490016322,0.106611657030226,3462,3462,0.000571070433276337,0.000285535216638166
0.122234964079314,0.107114833858972,3463,3463,0.000571070433276337,0.000285535216638172
0.12196490016322,0.106611657030226,3464,3464,0.000571070433276337,0.000285535216638166
0.122234964079314,0.107114833858972,3465,3465,0.000571070433276337,0.000285535216638172
0.12196490016322,0.106611657030226,3466,3466,0.000571070433276337,0.000285535216638166
0.122234964079314,0.107114833858972,3467,3467,0.000571070433276337,0.000285535216638172
0.12196490016322,0.106611657030226,3468,3468,0.000571070433276337,0.000285535216638166
0.122234964079314,0.107114833858972,3469,3469,0.000571070433276337,0.000285535216638172
0.12196490016322,0.106611657030226,3470,3470,0.000571070433276337,0.000285535216638166
0.122234964079314,0.107114833858972,3471,3471,0.000571070433276337,0.000285535216638172
0.12196490016322,0.106611657030226,3472,3472,0.000571070433276337,0.000285535216638166
0.122234964079314,0.107114833858972,3473,3473,0.000571070433276337,0.000285535216638172
0.12196490016322,0.106611657030226,3474,3474,0.000571070433276337,0.000285535216638166
0.122234964079314,0.107114833858972,3475,3475,0.000571070433276337,0.000285535216638172
0.12196490016322,0.106611657030226,3476,3476,0.000571070433276337,0.000285535216638166
0.122234964079314,0.107114833858972,3477,3477,0.000571070433276337,0.000285535216638172
0.12196490016322,0.106611657030226,3478,3478,0.000571070433276337,0.000285535216638166
0.122234964079314,0.107114833858972,3479,3479,0.000571070433276337,0.000285535216638172
0.12196490016322,0.106611657030226,3480,3480,0.000571070433276337,0.000285535216638166
0.122234964079314,0.107114833858972,3481,3481,0.000571070433276337,0.000285535216638172
0.12196490016322,0.106611657030226,3482,3482,0.000571070433276337,0.000285535216638166
0.122234964079314,0.107114833858972,3483,3483,0.000571070433276337,0.000285535216638172
0.12196490016322,0.106611657030226,3484,3484,0.000571070433276337,0.000285535216638166
0.122234964079314,0.107114833858972,3485,3485,0.000571070433276337,0.000285535216638172
0.12196490016322,0.106611657030226,3486,3486,0.000571070433276337,0.000285535216638166
0.122234964079314,0.107114833858972,3487,3487,0.000571070433276337,0.000285535216638172
0.12196490016322,0.106611657030226,3488,3488,0.000571070433276337,0.000285535216638166
0.122234964079314,0.107114833858972,3489,3489,0.000571070433276337,0.000285535216638172
0.12196490016322,0.106611657030226,3490,3490,0.000571070433276337,0.000285535216638166
0.122234964079314,0.107114833858972,3491,3491,0.000571070433276337,0.000285535216638172
0.12196490016322,0.106611657030226,3492,3492,0.000571070433276337,0.000285535216638166
0.122234964079314,0.107114833858972,3493,3493,0.000571070433276337,0.000285535216638172
0.12196490016322,0.106611657030226,3494,3494,0.000571070433276337,0.000285535216638166
0.122234964079314,0.107114833858972,3495,3495,0.000571070433276337,0.000285535216638172
0.12196490016322,0.106611657030226,3496,3496,0.000571070433276337,0.000285535216638166
0.122234964079314,0.107114833858972,3497,3497,0.000571070433276337,0.000285535216638172
0.12196490016322,0.106611657030226,3498,3498,0.000571070433276337,0.000285535216638166
0.122234964079314,0.107114833858972,3499,3499,0.000571070433276337,0.000285535216638172
0.12196490016322,0.106611657030226,3500,3500,0.000571070433276337,0.000285535216638166
0.122234964079314,0.107114833858972,3501,3501,0.000571070433276337,0.000285535216638172
0.12196490016322,0.106611657030226,3502,3502,0.000571070433276337,0.000285535216638166
0.122234964079314,0.107114833858972,3503,3503,0.000571070433276337,0.000285535216638172
0.12196490016322,0.106611657030226,3504,3504,0.000571070433276337,0.000285535216638166
0.122234964079314,0.107114833858972,3505,3505,0.000571070433276337,0.000285535216638172
0.12196490016322,0.106611657030226,3506,3506,0.000571070433276337,0.000285535216638166
0.122234964079314,0.107114833858972,3507,3507,0.000571070433276337,0.000285535216638172
0.12196490016322,0.106611657030226,3508,3508,0.000571070433276337,0.000285535216638166
0.122234964079314,0.107114833858972,3509,3509,0.000571070433276337,0.000285535216638172
0.12196490016322,0.106611657030226,3510,3510,0.000571070433276337,0.000285535216638166
0.122234964079314,0.107114833858972,3511,3511,0.000571070433276337,0.000285535216638172
0.12196490016322,0.106611657030226,3512,3512,0.000571070433276337,0.000285535216638166
0.122234964079314,0.107114833858972,3513,3513,0.000571070433276337,0.000285535216638172
0.12196490016322,0.106611657030226,3514,3514,0.000571070433276337,0.000285535216638166
0.122234964079314,0.107114833858972,3515,3515,0.000571070433276337,0.000285535216638172
0.12196490016322,0.106611657030226,3516,3516,0.000571070433276337,0.000285535216638166
0.122234964079314,0.107114833858972,3517,3517,0.000571070433276337,0.000285535216638172
0.12196490016322,0.106611657030226,3518,3518,0.000571070433276337,0.000285535216638166
0.122234964079314,0.107114833858972,3519,3519,0.000571070433276337,0.000285535216638172
0.12196490016322,0.106611657030226,3520,3520,0.000571070433276337,0.000285535216638166
0.122234964079314,0.107114833858972,3521,3521,0.000571070433276337,0.000285535216638172
0.12196490016322,0.106611657030226,3522,3522,0.000571070433276337,0.000285535216638166
0.122234964079314,0.107114833858972,3523,3523,0.000571070433276337,0.000285535216638172
0.12196490016322,0.106611657030226,3524,3524,0.000571070433276337,0.000285535216638166
0.122234964079314,0.107114833858972,3525,3525,0.000571070433276337,0.000285535216638172
0.12196490016322,0.106611657030226,3526,3526,0.000571070433276337,0.000285535216638166
0.122234964079314,0.107114833858972,3527,3527,0.000571070433276337,0.000285535216638172
0.12196490016322,0.106611657030226,3528,3528,0.000571070433276337,0.000285535216638166
0.122234964079314,0.107114833858972,3529,3529,0.000571070433276337,0.000285535216638172
0.12196490016322,0.106611657030226,3530,3530,0.000571070433276337,0.000285535216638166
0.122234964079314,0.107114833858972,3531,3531,0.000571070433276337,0.000285535216638172
0.12196490016322,0.106611657030226,3532,3532,0.000571070433276337,0.000285535216638166
0.122234964079314,0.107114833858972,3533,3533,0.000571070433276337,0.000285535216638172
0.12196490016322,0.106611657030226,3534,3534,0.000571070433276337,0.000285535216638166
0.122234964079314,0.107114833858972,3535,3535,0.000571070433276337,0.000285535216638172
0.12196490016322,0.106611657030226,3536,3536,0.000571070433276337,0.000285535216638166
0.122234964079314,0.107114833858972,3537,3537,0.000571070433276337,0.000285535216638172
0.12196490016322,0.106611657030226,3538,3538,0.000571070433276337,0.000285535216638166
0.122234964079314,0.107114833858972,3539,3539,0.000571070433276337,0.000285535216638172
0.12196490016322,0.106611657030226,3540,3540,0.000571070433276337,0.000285535216638166
0.122234964079314,0.107114833858972,3541,3541,0.000571070433276337,0.000285535216638172
0.12196490016322,0.106611657030226,3542,3542,0.000571070433276337,0.000285535216638166
0.122234964079314,0.107114833858972,3543,3543,0.000571070433276337,0.000285535216638172
0.12196490016322,0.106611657030226,3544,3544,0.000571070433276337,0.000285535216638166
0.122234964079314,0.107114833858972,3545,3545,0.000571070433276337,0.000285535216638172
0.12196490016322,0.106611657030226,3546,3546,0.000571070433276337,0.000285535216638166
0.122234964079314,0.107114833858972,3547,3547,0.000571070433276337,0.000285535216638172
0.12196490016322,0.106611657030226,3548,3548,0.000571070433276337,0.000285535216638166
0.122234964079314,0.107114833858972,3549,3549,0.000571070433276337,0.000285535216638172
0.12196490016322,0.106611657030226,3550,3550,0.000571070433276337,0.000285535216638166
0.122234964079314,0.107114833858972,3551,3551,0.000571070433276337,0.000285535216638172
0.12196490016322,0.106611657030226,3552,3552,0.000571070433276337,0.000285535216638166
0.122234964079314,0.107114833858972,3553,3553,0.000571070433276337,0.000285535216638172
0.12196490016322,0.106611657030226,3554,3554,0.000571070433276337,0.000285535216638166
0.122234964079314,0.107114833858972,3555,3555,0.000571070433276337,0.000285535216638172
0.12196490016322,0.106611657030226,3556,3556,0.000571070433276337,0.000285535216638166
0.122234964079314,0.107114833858972,3557,3557,0.000571070433276337,0.000285535216638172
0.12196490016322,0.106611657030226,3558,3558,0.000571070433276337,0.000285535216638166
0.122234964079314,0.107114833858972,3559,3559,0.000571070433276337,0.000285535216638172
0.12196490016322,0.106611657030226,3560,3560,0.000571070433276337,0.000285535216638166
0.122234964079314,0.107114833858972,3561,3561,0.000571070433276337,0.000285535216638172
0.12196490016322,0.106611657030226,3562,3562,0.000571070433276337,0.000285535216638166
0.122234964079314,0.107114833858972,3563,3563,0.000571070433276337,0.000285535216638172
0.12196490016322,0.106611657030226,3564,3564,0.000571070433276337,0.000285535216638166
0.122234964079314,0.107114833858972,3565,3565,0.000571070433276337,0.000285535216638172
0.12196490016322,0.106611657030226,3566,3566,0.000571070433276337,0.000285535216638166
0.122234964079314,0.107114833858972,3567,3567,0.000571070433276337,0.000285535216638172
0.12196490016322,0.106611657030226,3568,3568,0.000571070433276337,0.000285535216638166
0.122234964079314,0.107114833858972,3569,3569,0.000571070433276337,0.000285535216638172
0.12196490016322,0.106611657030226,3570,3570,0.000571070433276337,0.000285535216638166
0.122234964079314,0.107114833858972,3571,3571,0.000571070433276337,0.000285535216638172
0.12196490016322,0.106611657030226,3572,3572,0.000571070433276337,0.000285535216638166
0.122234964079314,0.107114833858972,3573,3573,0.000571070433276337,0.000285535216638172
0.12196490016322,0.106611657030226,3574,3574,0.000571070433276337,0.000285535216638166
0.122234964079314,0.107114833858972,3575,3575,0.000571070433276337,0.000285535216638172
0.12196490016322,0.106611657030226,3576,3576,0.000571070433276337,0.000285535216638166
0.122234964079314,0.107114833858972,3577,3577,0.000571070433276337,0.000285535216638172
0.12196490016322,0.106611657030226,3578,3578,0.000571070433276337,0.000285535216638166
0.122234964079314,0.107114833858972,3579,3579,0.000571070433276337,0.000285535216638172
0.12196490016322,0.106611657030226,3580,3580,0.000571070433276337,0.000285535216638166
0.122234964079314,0.107114833858972,3581,3581,0.000571070433276337,0.000285535216638172
0.12196490016322,0.106611657030226,3582,3582,0.000571070433276337,0.000285535216638166
0.122234964079314,0.107114833858972,3583,3583,0.000571070433276337,0.000285535216638172
0.12196490016322,0.106611657030226,3584,3584,0.000571070433276337,0.000285535216638166
0.122234964079314,0.107114833858972,3585,3585,0.000571070433276337,0.000285535216638172
0.12196490016322,0.106611657030226,3586,3586,0.000571070433276337,0.000285535216638166
0.122234964079314,0.107114833858972,3587,3587,0.000571070433276337,0.000285535216638172
0.12196490016322,0.106611657030226,3588,3588,0.000571070433276337,0.000285535216638166
0.122234964079314,0.107114833858972,3589,3589,0.000571070433276337,0.000285535216638172
0.12196490016322,0.106611657030226,3590,3590,0.000571070433276337,0.000285535216638166
0.122234964079314,0.107114833858972,3591,3591,0.000571070433276337,0.000285535216638172
0.12196490016322,0.106611657030226,3592,3592,0.000571070433276337,0.000285535216638166
0.122234964079314,0.107114833858972,3593,3593,0.000571070433276337,0.000285535216638172
0.12196490016322,0.106611657030226,3594,3594,0.000571070433276337,0.000285535216638166
0.122234964079314,0.107114833858972,3595,3595,0.000571070433276337,0.000285535216638172
0.12196490016322,0.106611657030226,3596,3596,0.000571070433276337,0.000285535216638166
0.122234964079314,0.107114833858972,3597,3597,0.000571070433276337,0.000285535216638172
0.12196490016322,0.106611657030226,3598,3598,0.000571070433276337,0.000285535216638166
0.122234964079314,0.107114833858972,3599,3599,0.000571070433276337,0.000285535216638172
0.12196490016322,0.106611657030226,3600,3600,0.000571070433276337,0.000285535216638166
0.122234964079314,0.107114833858972,3601,3601,0.000571070433276337,0.000285535216638172
0.12196490016322,0.106611657030226,3602,3602,0.000571070433276337,0.000285535216638166
0.122234964079314,0.107114833858972,3603,3603,0.000571070433276337,0.000285535216638172
0.12196490016322,0.106611657030226,3604,3604,0.000571070433276337,0.000285535216638166
0.122234964079314,0.107114833858972,3605,3605,0.000571070433276337,0.000285535216638172
0.12196490016322,0.106611657030226,3606,3606,0.000571070433276337,0.000285535216638166
0.122234964079314,0.107114833858972,3607,3607,0.000571070433276337,0.000285535216638172
0.12196490016322,0.106611657030226,3608,3608,0.000571070433276337,0.000285535216638166
0.122234964079314,0.107114833858972,3609,3609,0.000571070433276337,0.000285535216638172
0.12196490016322,0.106611657030226,3610,3610,0.000571070433276337,0.000285535216638166
0.122234964079314,0.107114833858972,3611,3611,0.000571070433276337,0.000285535216638172
0.12196490016322,0.106611657030226,3612,3612,0.000571070433276337,0.000285535216638166
0.122234964079314,0.107114833858972,3613,3613,0.000571070433276337,0.000285535216638172
0.12196490016322,0.106611657030226,3614,3614,0.000571070433276337,0.000285535216638166
0.122234964079314,0.107114833858972,3615,3615,0.000571070433276337,0.000285535216638172
0.12196490016322,0.106611657030226,3616,3616,0.000571070433276337,0.000285535216638166
0.122234964079314,0.107114833858972,3617,3617,0.000571070433276337,0.000285535216638172
0.12196490016322,0.106611657030226,3618,3618,0.000571070433276337,0.000285535216638166
0.122234964079314,0.107114833858972,3619,3619,0.000571070433276337,0.000285535216638172
0.12196490016322,0.106611657030226,3620,3620,0.000571070433276337,0.000285535216638166
0.122234964079314,0.107114833858972,3621,3621,0.000571070433276337,0.000285535216638172
0.12196490016322,0.106611657030226,3622,3622,0.000571070433276337,0.000285535216638166
0.122234964079314,0.107114833858972,3623,3623,0.000571070433276337,0.000285535216638172
0.12196490016322,0.106611657030226,3624,3624,0.000571070433276337,0.000285535216638166
0.122234964079314,0.107114833858972,3625,3625,0.000571070433276337,0.000285535216638172
0.12196490016322,0.106611657030226,3626,3626,0.000571070433276337,0.000285535216638166
0.122234964079314,0.107114833858972,3627,3627,0.000571070433276337,0.000285535216638172
0.12196490016322,0.106611657030226,3628,3628,0.000571070433276337,0.000285535216638166
0.122234964079314,0.107114833858972,3629,3629,0.000571070433276337,0.000285535216638172
0.12196490016322,0.106611657030226,3630,3630,0.000571070433276337,0.000285535216638166
0.122234964079314,0.107114833858972,3631,3631,0.000571070433276337,0.000285535216638172
0.12196490016322,0.106611657030226,3632,3632,0.000571070433276337,0.000285535216638166
0.122234964079314,0.107114833858972,3633,3633,0.000571070433276337,0.000285535216638172
0.12196490016322,0.106611657030226,3634,3634,0.000571070433276337,0.000285535216638166
0.122234964079314,0.107114833858972,3635,3635,0.000571070433276337,0.000285535216638172
0.12196490016322,0.106611657030226,3636,3636,0.000571070433276337,0.000285535216638166
0.122234964079314,0.107114833858972,3637,3637,0.000571070433276337,0.000285535216638172
0.12196490016322,0.106611657030226,3638,3638,0.000571070433276337,0.000285535216638166
0.122234964079314,0.107114833858972,3639,3639,0.000571070433276337,0.000285535216638172
0.12196490016322,0.106611657030226,3640,3640,0.000571070433276337,0.000285535216638166
0.122234964079314,0.107114833858972,3641,3641,0.000571070433276337,0.000285535216638172
0.12196490016322,0.106611657030226,3642,3642,0.000571070433276337,0.000285535216638166
0.122234964079314,0.107114833858972,3643,3643,0.000571070433276337,0.000285535216638172
0.12196490016322,0.106611657030226,3644,3644,0.000571070433276337,0.000285535216638166
0.122234964079314,0.107114833858972,3645,3645,0.000571070433276337,0.000285535216638172
0.12196490016322,0.106611657030226,3646,3646,0.000571070433276337,0.000285535216638166
0.122234964079314,0.107114833858972,3647,3647,0.000571070433276337,0.000285535216638172
0.12196490016322,0.106611657030226,3648,3648,0.000571070433276337,0.000285535216638166
0.122234964079314,0.107114833858972,3649,3649,0.000571070433276337,0.000285535216638172
0.12196490016322,0.106611657030226,3650,3650,0.000571070433276337,0.000285535216638166
0.122234964079314,0.107114833858972,3651,3651,0.000571070433276337,0.000285535216638172
0.12196490016322,0.106611657030226,3652,3652,0.000571070433276337,0.000285535216638166
0.122234964079314,0.107114833858972,3653,3653,0.000571070433276337,0.000285535216638172
0.12196490016322,0.106611657030226,3654,3654,0.000571070433276337,0.000285535216638166
0.122234964079314,0.107114833858972,3655,3655,0.000571070433276337,0.000285535216638172
0.12196490016322,0.106611657030226,3656,3656,0.000571070433276337,0.000285535216638166
0.122234964079314,0.107114833858972,3657,3657,0.000571070433276337,0.000285535216638172
0.12196490016322,0.106611657030226,3658,3658,0.000571070433276337,0.000285535216638166
0.122234964079314,0.107114833858972,3659,3659,0.000571070433276337,0.000285535216638172
0.12196490016322,0.106611657030226,3660,3660,0.000571070433276337,0.000285535216638166
0.122234964079314,0.107114833858972,3661,3661,0.000571070433276337,0.000285535216638172
0.12196490016322,0.106611657030226,3662,3662,0.000571070433276337,0.000285535216638166
0.122234964079314,0.107114833858972,3663,3663,0.000571070433276337,0.000285535216638172
0.12196490016322,0.106611657030226,3664,3664,0.000571070433276337,0.000285535216638166
0.122234964079314,0.107114833858972,3665,3665,0.000571070433276337,0.000285535216638172
0.12196490016322,0.106611657030226,3666,3666,0.000571070433276337,0.000285535216638166
0.122234964079314,0.107114833858972,3667,3667,0.000571070433276337,0.000285535216638172
0.12196490016322,0.106611657030226,3668,3668,0.000571070433276337,0.000285535216638166
0.122234964079314,0.107114833858972,3669,3669,0.000571070433276337,0.000285535216638172
0.12196490016322,0.106611657030226,3670,3670,0.000571070433276337,0.000285535216638166
0.122234964079314,0.107114833858972,3671,3671,0.000571070433276337,0.000285535216638172
0.12196490016322,0.106611657030226,3672,3672,0.000571070433276337,0.000285535216638166
0.122234964079314,0.107114833858972,3673,3673,0.000571070433276337,0.000285535216638172
0.12196490016322,0.106611657030226,3674,3674,0.000571070433276337,0.000285535216638166
0.122234964079314,0.107114833858972,3675,3675,0.000571070433276337,0.000285535216638172
0.12196490016322,0.106611657030226,3676,3676,0.000571070433276337,0.000285535216638166
0.122234964079314,0.107114833858972,3677,3677,0.000571070433276337,0.000285535216638172
0.12196490016322,0.106611657030226,3678,3678,0.000571070433276337,0.000285535216638166
0.122234964079314,0.107114833858972,3679,3679,0.000571070433276337,0.000285535216638172
0.12196490016322,0.106611657030226,3680,3680,0.000571070433276337,0.000285535216638166
0.122234964079314,0.107114833858972,3681,3681,0.000571070433276337,0.000285535216638172
0.12196490016322,0.106611657030226,3682,3682,0.000571070433276337,0.000285535216638166
0.122234964079314,0.107114833858972,3683,3683,0.000571070433276337,0.000285535216638172
0.12196490016322,0.106611657030226,3684,3684,0.000571070433276337,0.000285535216638166
0.122234964079314,0.107114833858972,3685,3685,0.000571070433276337,0.000285535216638172
0.12196490016322,0.106611657030226,3686,3686,0.000571070433276337,0.000285535216638166
0.122234964079314,0.107114833858972,3687,3687,0.000571070433276337,0.000285535216638172
0.12196490016322,0.106611657030226,3688,3688,0.000571070433276337,0.000285535216638166
0.122234964079314,0.107114833858972,3689,3689,0.000571070433276337,0.000285535216638172
0.12196490016322,0.106611657030226,3690,3690,0.000571070433276337,0.000285535216638166
0.122234964079314,0.107114833858972,3691,3691,0.000571070433276337,0.000285535216638172
0.12196490016322,0.106611657030226,3692,3692,0.000571070433276337,0.000285535216638166
0.122234964079314,0.107114833858972,3693,3693,0.000571070433276337,0.000285535216638172
0.12196490016322,0.106611657030226,3694,3694,0.000571070433276337,0.000285535216638166
0.122234964079314,0.107114833858972,3695,3695,0.000571070433276337,0.000285535216638172
0.12196490016322,0.106611657030226,3696,3696,0.000571070433276337,0.000285535216638166
0.122234964079314,0.107114833858972,3697,3697,0.000571070433276337,0.000285535216638172
0.12196490016322,0.106611657030226,3698,3698,0.000571070433276337,0.000285535216638166
0.122234964079314,0.107114833858972,3699,3699,0.000571070433276337,0.000285535216638172
0.12196490016322,0.106611657030226,3700,3700,0.000571070433276337,0.000285535216638166
0.122234964079314,0.107114833858972,3701,3701,0.000571070433276337,0.000285535216638172
0.12196490016322,0.106611657030226,3702,3702,0.000571070433276337,0.000285535216638166
0.122234964079314,0.107114833858972,3703,3703,0.000571070433276337,0.000285535216638172
0.12196490016322,0.106611657030226,3704,3704,0.000571070433276337,0.000285535216638166
0.122234964079314,0.107114833858972,3705,3705,0.000571070433276337,0.000285535216638172
0.12196490016322,0.106611657030226,3706,3706,0.000571070433276337,0.000285535216638166
0.122234964079314,0.107114833858972,3707,3707,0.000571070433276337,0.000285535216638172
0.12196490016322,0.106611657030226,3708,3708,0.000571070433276337,0.000285535216638166
0.122234964079314,0.107114833858972,3709,3709,0.000571070433276337,0.000285535216638172
0.12196490016322,0.106611657030226,3710,3710,0.000571070433276337,0.000285535216638166
0.122234964079314,0.107114833858972,3711,3711,0.000571070433276337,0.000285535216638172
0.12196490016322,0.106611657030226,3712,3712,0.000571070433276337,0.000285535216638166
0.122234964079314,0.107114833858972,3713,3713,0.000571070433276337,0.000285535216638172
0.12196490016322,0.106611657030226,3714,3714,0.000571070433276337,0.000285535216638166
0.122234964079314,0.107114833858972,3715,3715,0.000571070433276337,0.000285535216638172
0.12196490016322,0.106611657030226,3716,3716,0.000571070433276337,0.000285535216638166
0.122234964079314,0.107114833858972,3717,3717,0.000571070433276337,0.000285535216638172
0.12196490016322,0.106611657030226,3718,3718,0.000571070433276337,0.000285535216638166
0.122234964079314,0.107114833858972,3719,3719,0.000571070433276337,0.000285535216638172
0.12196490016322,0.106611657030226,3720,3720,0.000571070433276337,0.000285535216638166
0.122234964079314,0.107114833858972,3721,3721,0.000571070433276337,0.000285535216638172
0.12196490016322,0.106611657030226,3722,3722,0.000571070433276337,0.000285535216638166
0.122234964079314,0.107114833858972,3723,3723,0.000571070433276337,0.000285535216638172
0.12196490016322,0.106611657030226,3724,3724,0.000571070433276337,0.000285535216638166
0.122234964079314,0.107114833858972,3725,3725,0.000571070433276337,0.000285535216638172
0.12196490016322,0.106611657030226,3726,3726,0.000571070433276337,0.000285535216638166
0.122234964079314,0.107114833858972,3727,3727,0.000571070433276337,0.000285535216638172
0.12196490016322,0.106611657030226,3728,3728,0.000571070433276337,0.000285535216638166
0.122234964079314,0.107114833858972,3729,3729,0.000571070433276337,0.000285535216638172
0.12196490016322,0.106611657030226,3730,3730,0.000571070433276337,0.000285535216638166
0.122234964079314,0.107114833858972,3731,3731,0.000571070433276337,0.000285535216638172
0.12196490016322,0.106611657030226,3732,3732,0.000571070433276337,0.000285535216638166
0.122234964079314,0.107114833858972,3733,3733,0.000571070433276337,0.000285535216638172
0.12196490016322,0.106611657030226,3734,3734,0.000571070433276337,0.000285535216638166
0.122234964079314,0.107114833858972,3735,3735,0.000571070433276337,0.000285535216638172
0.12196490016322,0.106611657030226,3736,3736,0.000571070433276337,0.000285535216638166
0.122234964079314,0.107114833858972,3737,3737,0.000571070433276337,0.000285535216638172
0.12196490016322,0.106611657030226,3738,3738,0.000571070433276337,0.000285535216638166
0.122234964079314,0.107114833858972,3739,3739,0.000571070433276337,0.000285535216638172
0.12196490016322,0.106611657030226,3740,3740,0.000571070433276337,0.000285535216638166
0.122234964079314,0.107114833858972,3741,3741,0.000571070433276337,0.000285535216638172
0.12196490016322,0.106611657030226,3742,3742,0.000571070433276337,0.000285535216638166
0.122234964079314,0.107114833858972,3743,3743,0.000571070433276337,0.000285535216638172
0.12196490016322,0.106611657030226,3744,3744,0.000571070433276337,0.000285535216638166
0.122234964079314,0.107114833858972,3745,3745,0.000571070433276337,0.000285535216638172
0.12196490016322,0.106611657030226,3746,3746,0.000571070433276337,0.000285535216638166
0.122234964079314,0.107114833858972,3747,3747,0.000571070433276337,0.000285535216638172
0.12196490016322,0.106611657030226,3748,3748,0.000571070433276337,0.000285535216638166
0.122234964079314,0.107114833858972,3749,3749,0.000571070433276337,0.000285535216638172
0.12196490016322,0.106611657030226,3750,3750,0.000571070433276337,0.000285535216638166
0.122234964079314,0.107114833858972,3751,3751,0.000571070433276337,0.000285535216638172
0.12196490016322,0.106611657030226,3752,3752,0.000571070433276337,0.000285535216638166
0.122234964079314,0.107114833858972,3753,3753,0.000571070433276337,0.000285535216638172
0.12196490016322,0.106611657030226,3754,3754,0.000571070433276337,0.000285535216638166
0.122234964079314,0.107114833858972,3755,3755,0.000571070433276337,0.000285535216638172
0.12196490016322,0.106611657030226,3756,3756,0.000571070433276337,0.000285535216638166
0.122234964079314,0.107114833858972,3757,3757,0.000571070433276337,0.000285535216638172
0.12196490016322,0.106611657030226,3758,3758,0.000571070433276337,0.000285535216638166
0.122234964079314,0.107114833858972,3759,3759,0.000571070433276337,0.000285535216638172
0.12196490016322,0.106611657030226,3760,3760,0.000571070433276337,0.000285535216638166
0.122234964079314,0.107114833858972,3761,3761,0.000571070433276337,0.000285535216638172
0.12196490016322,0.106611657030226,3762,3762,0.000571070433276337,0.000285535216638166
0.122234964079314,0.107114833858972,3763,3763,0.000571070433276337,0.000285535216638172
0.12196490016322,0.106611657030226,3764,3764,0.000571070433276337,0.000285535216638166
0.122234964079314,0.107114833858972,3765,3765,0.000571070433276337,0.000285535216638172
0.12196490016322,0.106611657030226,3766,3766,0.000571070433276337,0.000285535216638166
0.122234964079314,0.107114833858972,3767,3767,0.000571070433276337,0.000285535216638172
0.12196490016322,0.106611657030226,3768,3768,0.000571070433276337,0.000285535216638166
0.122234964079314,0.107114833858972,3769,3769,0.000571070433276337,0.000285535216638172
0.12196490016322,0.106611657030226,3770,3770,0.000571070433276337,0.000285535216638166
0.122234964079314,0.107114833858972,3771,3771,0.000571070433276337,0.000285535216638172
0.12196490016322,0.106611657030226,3772,3772,0.000571070433276337,0.000285535216638166
0.122234964079314,0.107114833858972,3773,3773,0.000571070433276337,0.000285535216638172
0.12196490016322,0.106611657030226,3774,3774,0.000571070433276337,0.000285535216638166
0.122234964079314,0.107114833858972,3775,3775,0.000571070433276337,0.000285535216638172
0.12196490016322,0.106611657030226,3776,3776,0.000571070433276337,0.000285535216638166
0.122234964079314,0.107114833858972,3777,3777,0.000571070433276337,0.000285535216638172
0.12196490016322,0.106611657030226,3778,3778,0.000571070433276337,0.000285535216638166
0.122234964079314,0.107114833858972,3779,3779,0.000571070433276337,0.000285535216638172
0.12196490016322,0.106611657030226,3780,3780,0.000571070433276337,0.000285535216638166
0.122234964079314,0.107114833858972,3781,3781,0.000571070433276337,0.000285535216638172
0.12196490016322,0.106611657030226,3782,3782,0.000571070433276337,0.000285535216638166
0.122234964079314,0.107114833858972,3783,3783,0.000571070433276337,0.000285535216638172
0.12196490016322,0.106611657030226,3784,3784,0.000571070433276337,0.000285535216638166
0.122234964079314,0.107114833858972,3785,3785,0.000571070433276337,0.000285535216638172
0.12196490016322,0.106611657030226,3786,3786,0.000571070433276337,0.000285535216638166
0.122234964079314,0.107114833858972,3787,3787,0.000571070433276337,0.000285535216638172
0.12196490016322,0.106611657030226,3788,3788,0.000571070433276337,0.000285535216638166
0.122234964079314,0.107114833858972,3789,3789,0.000571070433276337,0.000285535216638172
0.12196490016322,0.106611657030226,3790,3790,0.000571070433276337,0.000285535216638166
0.122234964079314,0.107114833858972,3791,3791,0.000571070433276337,0.000285535216638172
0.12196490016322,0.106611657030226,3792,3792,0.000571070433276337,0.000285535216638166
0.122234964079314,0.107114833858972,3793,3793,0.000571070433276337,0.000285535216638172
0.12196490016322,0.106611657030226,3794,3794,0.000571070433276337,0.000285535216638166
0.122234964079314,0.107114833858972,3795,3795,0.000571070433276337,0.000285535216638172
0.12196490016322,0.106611657030226,3796,3796,0.000571070433276337,0.000285535216638166
0.122234964079314,0.107114833858972,3797,3797,0.000571070433276337,0.000285535216638172
0.12196490016322,0.106611657030226,3798,3798,0.000571070433276337,0.000285535216638166
0.122234964079314,0.107114833858972,3799,3799,0.000571070433276337,0.000285535216638172
0.12196490016322,0.106611657030226,3800,3800,0.000571070433276337,0.000285535216638166
0.122234964079314,0.107114833858972,3801,3801,0.000571070433276337,0.000285535216638172
0.12196490016322,0.106611657030226,3802,3802,0.000571070433276337,0.000285535216638166
0.122234964079314,0.107114833858972,3803,3803,0.000571070433276337,0.000285535216638172
0.12196490016322,0.106611657030226,3804,3804,0.000571070433276337,0.000285535216638166
0.122234964079314,0.107114833858972,3805,3805,0.000571070433276337,0.000285535216638172
0.12196490016322,0.106611657030226,3806,3806,0.000571070433276337,0.000285535216638166
0.122234964079314,0.107114833858972,3807,3807,0.000571070433276337,0.000285535216638172
0.12196490016322,0.106611657030226,3808,3808,0.000571070433276337,0.000285535216638166
0.122234964079314,0.107114833858972,3809,3809,0.000571070433276337,0.000285535216638172
0.12196490016322,0.106611657030226,3810,3810,0.000571070433276337,0.000285535216638166
0.122234964079314,0.107114833858972,3811,3811,0.000571070433276337,0.000285535216638172
0.12196490016322,0.106611657030226,3812,3812,0.000571070433276337,0.000285535216638166
0.122234964079314,0.107114833858972,3813,3813,0.000571070433276337,0.000285535216638172
0.12196490016322,0.106611657030226,3814,3814,0.000571070433276337,0.000285535216638166
0.122234964079314,0.107114833858972,3815,3815,0.000571070433276337,0.000285535216638172
0.12196490016322,0.106611657030226,3816,3816,0.000571070433276337,0.000285535216638166
0.122234964079314,0.107114833858972,3817,3817,0.000571070433276337,0.000285535216638172
0.12196490016322,0.106611657030226,3818,3818,0.000571070433276337,0.000285535216638166
0.122234964079314,0.107114833858972,3819,3819,0.000571070433276337,0.000285535216638172
0.12196490016322,0.106611657030226,3820,3820,0.000571070433276337,0.000285535216638166
0.122234964079314,0.107114833858972,3821,3821,0.000571070433276337,0.000285535216638172
0.12196490016322,0.106611657030226,3822,3822,0.000571070433276337,0.000285535216638166
0.122234964079314,0.107114833858972,3823,3823,0.000571070433276337,0.000285535216638172
0.12196490016322,0.106611657030226,3824,3824,0.000571070433276337,0.000285535216638166
0.122234964079314,0.107114833858972,3825,3825,0.000571070433276337,0.000285535216638172
0.12196490016322,0.106611657030226,3826,3826,0.000571070433276337,0.000285535216638166
0.122234964079314,0.107114833858972,3827,3827,0.000571070433276337,0.000285535216638172
0.12196490016322,0.106611657030226,3828,3828,0.000571070433276337,0.000285535216638166
0.122234964079314,0.107114833858972,3829,3829,0.000571070433276337,0.000285535216638172
0.12196490016322,0.106611657030226,3830,3830,0.000571070433276337,0.000285535216638166
0.122234964079314,0.107114833858972,3831,3831,0.000571070433276337,0.000285535216638172
0.12196490016322,0.106611657030226,3832,3832,0.000571070433276337,0.000285535216638166
0.122234964079314,0.107114833858972,3833,3833,0.000571070433276337,0.000285535216638172
0.12196490016322,0.106611657030226,3834,3834,0.000571070433276337,0.000285535216638166
0.122234964079314,0.107114833858972,3835,3835,0.000571070433276337,0.000285535216638172
0.12196490016322,0.106611657030226,3836,3836,0.000571070433276337,0.000285535216638166
0.122234964079314,0.107114833858972,3837,3837,0.000571070433276337,0.000285535216638172
0.12196490016322,0.106611657030226,3838,3838,0.000571070433276337,0.000285535216638166
0.122234964079314,0.107114833858972,3839,3839,0.000571070433276337,0.000285535216638172
0.12196490016322,0.106611657030226,3840,3840,0.000571070433276337,0.000285535216638166
0.122234964079314,0.107114833858972,3841,3841,0.000571070433276337,0.000285535216638172
0.12196490016322,0.106611657030226,3842,3842,0.000571070433276337,0.000285535216638166
0.122234964079314,0.107114833858972,3843,3843,0.000571070433276337,0.000285535216638172
0.12196490016322,0.106611657030226,3844,3844,0.000571070433276337,0.000285535216638166
0.122234964079314,0.107114833858972,3845,3845,0.000571070433276337,0.000285535216638172
0.12196490016322,0.106611657030226,3846,3846,0.000571070433276337,0.000285535216638166
0.122234964079314,0.107114833858972,3847,3847,0.000571070433276337,0.000285535216638172
0.12196490016322,0.106611657030226,3848,3848,0.000571070433276337,0.000285535216638166
0.122234964079314,0.107114833858972,3849,3849,0.000571070433276337,0.000285535216638172
0.12196490016322,0.106611657030226,3850,3850,0.000571070433276337,0.000285535216638166
0.122234964079314,0.107114833858972,3851,3851,0.000571070433276337,0.000285535216638172
0.12196490016322,0.106611657030226,3852,3852,0.000571070433276337,0.000285535216638166
0.122234964079314,0.107114833858972,3853,3853,0.000571070433276337,0.000285535216638172
0.12196490016322,0.106611657030226,3854,3854,0.000571070433276337,0.000285535216638166
0.122234964079314,0.107114833858972,3855,3855,0.000571070433276337,0.000285535216638172
0.12196490016322,0.106611657030226,3856,3856,0.000571070433276337,0.000285535216638166
0.122234964079314,0.107114833858972,3857,3857,0.000571070433276337,0.000285535216638172
0.12196490016322,0.106611657030226,3858,3858,0.000571070433276337,0.000285535216638166
0.122234964079314,0.107114833858972,3859,3859,0.000571070433276337,0.000285535216638172
0.12196490016322,0.106611657030226,3860,3860,0.000571070433276337,0.000285535216638166
0.122234964079314,0.107114833858972,3861,3861,0.000571070433276337,0.000285535216638172
0.12196490016322,0.106611657030226,3862,3862,0.000571070433276337,0.000285535216638166
0.122234964079314,0.107114833858972,3863,3863,0.000571070433276337,0.000285535216638172
0.12196490016322,0.106611657030226,3864,3864,0.000571070433276337,0.000285535216638166
0.122234964079314,0.107114833858972,3865,3865,0.000571070433276337,0.000285535216638172
0.12196490016322,0.106611657030226,3866,3866,0.000571070433276337,0.000285535216638166
0.122234964079314,0.107114833858972,3867,3867,0.000571070433276337,0.000285535216638172
0.12196490016322,0.106611657030226,3868,3868,0.000571070433276337,0.000285535216638166
0.122234964079314,0.107114833858972,3869,3869,0.000571070433276337,0.000285535216638172
0.12196490016322,0.106611657030226,3870,3870,0.000571070433276337,0.000285535216638166
0.122234964079314,0.107114833858972,3871,3871,0.000571070433276337,0.000285535216638172
0.12196490016322,0.106611657030226,3872,3872,0.000571070433276337,0.000285535216638166
0.122234964079314,0.107114833858972,3873,3873,0.000571070433276337,0.000285535216638172
0.12196490016322,0.106611657030226,3874,3874,0.000571070433276337,0.000285535216638166
0.122234964079314,0.107114833858972,3875,3875,0.000571070433276337,0.000285535216638172
0.12196490016322,0.106611657030226,3876,3876,0.000571070433276337,0.000285535216638166
0.122234964079314,0.107114833858972,3877,3877,0.000571070433276337,0.000285535216638172
0.12196490016322,0.106611657030226,3878,3878,0.000571070433276337,0.000285535216638166
0.122234964079314,0.107114833858972,3879,3879,0.000571070433276337,0.000285535216638172
0.12196490016322,0.106611657030226,3880,3880,0.000571070433276337,0.000285535216638166
0.122234964079314,0.107114833858972,3881,3881,0.000571070433276337,0.000285535216638172
0.12196490016322,0.106611657030226,3882,3882,0.000571070433276337,0.000285535216638166
0.122234964079314,0.107114833858972,3883,3883,0.000571070433276337,0.000285535216638172
0.12196490016322,0.106611657030226,3884,3884,0.000571070433276337,0.000285535216638166
0.122234964079314,0.107114833858972,3885,3885,0.000571070433276337,0.000285535216638172
0.12196490016322,0.106611657030226,3886,3886,0.000571070433276337,0.000285535216638166
0.122234964079314,0.107114833858972,3887,3887,0.000571070433276337,0.000285535216638172
0.12196490016322,0.106611657030226,3888,3888,0.000571070433276337,0.000285535216638166
0.122234964079314,0.107114833858972,3889,3889,0.000571070433276337,0.000285535216638172
0.12196490016322,0.106611657030226,3890,3890,0.000571070433276337,0.000285535216638166
0.122234964079314,0.107114833858972,3891,3891,0.000571070433276337,0.000285535216638172
0.12196490016322,0.106611657030226,3892,3892,0.000571070433276337,0.000285535216638166
0.122234964079314,0.107114833858972,3893,3893,0.000571070433276337,0.000285535216638172
0.12196490016322,0.106611657030226,3894,3894,0.000571070433276337,0.000285535216638166
0.122234964079314,0.107114833858972,3895,3895,0.000571070433276337,0.000285535216638172
0.12196490016322,0.106611657030226,3896,3896,0.000571070433276337,0.000285535216638166
0.122234964079314,0.107114833858972,3897,3897,0.000571070433276337,0.000285535216638172
0.12196490016322,0.106611657030226,3898,3898,0.000571070433276337,0.000285535216638166
0.122234964079314,0.107114833858972,3899,3899,0.000571070433276337,0.000285535216638172
0.12196490016322,0.106611657030226,3900,3900,0.000571070433276337,0.000285535216638166
0.122234964079314,0.107114833858972,3901,3901,0.000571070433276337,0.000285535216638172
0.12196490016322,0.106611657030226,3902,3902,0.000571070433276337,0.000285535216638166
0.122234964079314,0.107114833858972,3903,3903,0.000571070433276337,0.000285535216638172
0.12196490016322,0.106611657030226,3904,3904,0.000571070433276337,0.000285535216638166
0.122234964079314,0.107114833858972,3905,3905,0.000571070433276337,0.000285535216638172
0.12196490016322,0.106611657030226,3906,3906,0.000571070433276337,0.000285535216638166
0.122234964079314,0.107114833858972,3907,3907,0.000571070433276337,0.000285535216638172
0.12196490016322,0.106611657030226,3908,3908,0.000571070433276337,0.000285535216638166
0.122234964079314,0.107114833858972,3909,3909,0.000571070433276337,0.000285535216638172
0.12196490016322,0.106611657030226,3910,3910,0.000571070433276337,0.000285535216638166
0.122234964079314,0.107114833858972,3911,3911,0.000571070433276337,0.000285535216638172
0.12196490016322,0.106611657030226,3912,3912,0.000571070433276337,0.000285535216638166
0.122234964079314,0.107114833858972,3913,3913,0.000571070433276337,0.000285535216638172
0.12196490016322,0.106611657030226,3914,3914,0.000571070433276337,0.000285535216638166
0.122234964079314,0.107114833858972,3915,3915,0.000571070433276337,0.000285535216638172
0.12196490016322,0.106611657030226,3916,3916,0.000571070433276337,0.000285535216638166
0.122234964079314,0.107114833858972,3917,3917,0.000571070433276337,0.000285535216638172
0.12196490016322,0.106611657030226,3918,3918,0.000571070433276337,0.000285535216638166
0.122234964079314,0.107114833858972,3919,3919,0.000571070433276337,0.000285535216638172
0.12196490016322,0.106611657030226,3920,3920,0.000571070433276337,0.000285535216638166
0.122234964079314,0.107114833858972,3921,3921,0.000571070433276337,0.000285535216638172
0.12196490016322,0.106611657030226,3922,3922,0.000571070433276337,0.000285535216638166
0.122234964079314,0.107114833858972,3923,3923,0.000571070433276337,0.000285535216638172
0.12196490016322,0.106611657030226,3924,3924,0.000571070433276337,0.000285535216638166
0.122234964079314,0.107114833858972,3925,3925,0.000571070433276337,0.000285535216638172
0.12196490016322,0.106611657030226,3926,3926,0.000571070433276337,0.000285535216638166
0.122234964079314,0.107114833858972,3927,3927,0.000571070433276337,0.000285535216638172
0.12196490016322,0.106611657030226,3928,3928,0.000571070433276337,0.000285535216638166
0.122234964079314,0.107114833858972,3929,3929,0.000571070433276337,0.000285535216638172
0.12196490016322,0.106611657030226,3930,3930,0.000571070433276337,0.000285535216638166
0.122234964079314,0.107114833858972,3931,3931,0.000571070433276337,0.000285535216638172
0.12196490016322,0.106611657030226,3932,3932,0.000571070433276337,0.000285535216638166
0.122234964079314,0.107114833858972,3933,3933,0.000571070433276337,0.000285535216638172
0.12196490016322,0.106611657030226,3934,3934,0.000571070433276337,0.000285535216638166
0.122234964079314,0.107114833858972,3935,3935,0.000571070433276337,0.000285535216638172
0.12196490016322,0.106611657030226,3936,3936,0.000571070433276337,0.000285535216638166
0.122234964079314,0.107114833858972,3937,3937,0.000571070433276337,0.000285535216638172
0.12196490016322,0.106611657030226,3938,3938,0.000571070433276337,0.000285535216638166
0.122234964079314,0.107114833858972,3939,3939,0.000571070433276337,0.000285535216638172
0.12196490016322,0.106611657030226,3940,3940,0.000571070433276337,0.000285535216638166
0.122234964079314,0.107114833858972,3941,3941,0.000571070433276337,0.000285535216638172
0.12196490016322,0.106611657030226,3942,3942,0.000571070433276337,0.000285535216638166
0.122234964079314,0.107114833858972,3943,3943,0.000571070433276337,0.000285535216638172
0.12196490016322,0.106611657030226,3944,3944,0.000571070433276337,0.000285535216638166
0.122234964079314,0.107114833858972,3945,3945,0.000571070433276337,0.000285535216638172
0.12196490016322,0.106611657030226,3946,3946,0.000571070433276337,0.000285535216638166
0.122234964079314,0.107114833858972,3947,3947,0.000571070433276337,0.000285535216638172
0.12196490016322,0.106611657030226,3948,3948,0.000571070433276337,0.000285535216638166
0.122234964079314,0.107114833858972,3949,3949,0.000571070433276337,0.000285535216638172
0.12196490016322,0.106611657030226,3950,3950,0.000571070433276337,0.000285535216638166
0.122234964079314,0.107114833858972,3951,3951,0.000571070433276337,0.000285535216638172
0.12196490016322,0.106611657030226,3952,3952,0.000571070433276337,0.000285535216638166
0.122234964079314,0.107114833858972,3953,3953,0.000571070433276337,0.000285535216638172
0.12196490016322,0.106611657030226,3954,3954,0.000571070433276337,0.000285535216638166
0.122234964079314,0.107114833858972,3955,3955,0.000571070433276337,0.000285535216638172
0.12196490016322,0.106611657030226,3956,3956,0.000571070433276337,0.000285535216638166
0.122234964079314,0.107114833858972,3957,3957,0.000571070433276337,0.000285535216638172
0.12196490016322,0.106611657030226,3958,3958,0.000571070433276337,0.000285535216638166
0.122234964079314,0.107114833858972,3959,3959,0.000571070433276337,0.000285535216638172
0.12196490016322,0.106611657030226,3960,3960,0.000571070433276337,0.000285535216638166
0.122234964079314,0.107114833858972,3961,3961,0.000571070433276337,0.000285535216638172
0.12196490016322,0.106611657030226,3962,3962,0.000571070433276337,0.000285535216638166
0.122234964079314,0.107114833858972,3963,3963,0.000571070433276337,0.000285535216638172
0.12196490016322,0.106611657030226,3964,3964,0.000571070433276337,0.000285535216638166
0.122234964079314,0.107114833858972,3965,3965,0.000571070433276337,0.000285535216638172
0.12196490016322,0.106611657030226,3966,3966,0.000571070433276337,0.000285535216638166
0.122234964079314,0.107114833858972,3967,3967,0.000571070433276337,0.000285535216638172
0.12196490016322,0.106611657030226,3968,3968,0.000571070433276337,0.000285535216638166
0.122234964079314,0.107114833858972,3969,3969,0.000571070433276337,0.000285535216638172
0.12196490016322,0.106611657030226,3970,3970,0.000571070433276337,0.000285535216638166
0.122234964079314,0.107114833858972,3971,3971,0.000571070433276337,0.000285535216638172
0.12196490016322,0.106611657030226,3972,3972,0.000571070433276337,0.000285535216638166
0.122234964079314,0.107114833858972,3973,3973,0.000571070433276337,0.000285535216638172
0.12196490016322,0.106611657030226,3974,3974,0.000571070433276337,0.000285535216638166
0.122234964079314,0.107114833858972,3975,3975,0.000571070433276337,0.000285535216638172
0.12196490016322,0.106611657030226,3976,3976,0.000571070433276337,0.000285535216638166
0.122234964079314,0.107114833858972,3977,3977,0.000571070433276337,0.000285535216638172
0.12196490016322,0.106611657030226,3978,3978,0.000571070433276337,0.000285535216638166
0.122234964079314,0.107114833858972,3979,3979,0.000571070433276337,0.000285535216638172
0.12196490016322,0.106611657030226,3980,3980,0.000571070433276337,0.000285535216638166
0.122234964079314,0.107114833858972,3981,3981,0.000571070433276337,0.000285535216638172
0.12196490016322,0.106611657030226,3982,3982,0.000571070433276337,0.000285535216638166
0.122234964079314,0.107114833858972,3983,3983,0.000571070433276337,0.000285535216638172
0.12196490016322,0.106611657030226,3984,3984,0.000571070433276337,0.000285535216638166
0.122234964079314,0.107114833858972,3985,3985,0.000571070433276337,0.000285535216638172
0.12196490016322,0.106611657030226,3986,3986,0.000571070433276337,0.000285535216638166
0.122234964079314,0.107114833858972,3987,3987,0.000571070433276337,0.000285535216638172
0.12196490016322,0.106611657030226,3988,3988,0.000571070433276337,0.000285535216638166
0.122234964079314,0.107114833858972,3989,3989,0.000571070433276337,0.000285535216638172
0.12196490016322,0.106611657030226,3990,3990,0.000571070433276337,0.000285535216638166
0.122234964079314,0.107114833858972,3991,3991,0.000571070433276337,0.000285535216638172
0.12196490016322,0.106611657030226,3992,3992,0.000571070433276337,0.000285535216638166
0.122234964079314,0.107114833858972,3993,3993,0.000571070433276337,0.000285535216638172
0.12196490016322,0.106611657030226,3994,3994,0.000571070433276337,0.000285535216638166
0.122234964079314,0.107114833858972,3995,3995,0.000571070433276337,0.000285535216638172
0.12196490016322,0.106611657030226,3996,3996,0.000571070433276337,0.000285535216638166
0.122234964079314,0.107114833858972,3997,3997,0.000571070433276337,0.000285535216638172
0.12196490016322,0.106611657030226,3998,3998,0.000571070433276337,0.000285535216638166
0.122234964079314,0.107114833858972,3999,3999,0.000571070433276337,0.000285535216638172
0.12196490016322,0.106611657030226,4000,4000,0.000571070433276337,0.000285535216638166
0.122234964079314,0.107114833858972,4001,4001,0.000571070433276337,0.000285535216638172
0.12196490016322,0.106611657030226,4002,4002,0.000571070433276337,0.000285535216638166
0.122234964079314,0.107114833858972,4003,4003,0.000571070433276337,0.000285535216638172
0.12196490016322,0.106611657030226,4004,4004,0.000571070433276337,0.000285535216638166
0.122234964079314,0.107114833858972,4005,4005,0.000571070433276337,0.000285535216638172
0.12196490016322,0.106611657030226,4006,4006,0.000571070433276337,0.000285535216638166
0.122234964079314,0.107114833858972,4007,4007,0.000571070433276337,0.000285535216638172
0.12196490016322,0.106611657030226,4008,4008,0.000571070433276337,0.000285535216638166
0.122234964079314,0.107114833858972,4009,4009,0.000571070433276337,0.000285535216638172
0.12196490016322,0.106611657030226,4010,4010,0.000571070433276337,0.000285535216638166
0.122234964079314,0.107114833858972,4011,4011,0.000571070433276337,0.000285535216638172
0.12196490016322,0.106611657030226,4012,4012,0.000571070433276337,0.000285535216638166
0.122234964079314,0.107114833858972,4013,4013,0.000571070433276337,0.000285535216638172
0.12196490016322,0.106611657030226,4014,4014,0.000571070433276337,0.000285535216638166
0.122234964079314,0.107114833858972,4015,4015,0.000571070433276337,0.000285535216638172
0.12196490016322,0.106611657030226,4016,4016,0.000571070433276337,0.000285535216638166
0.122234964079314,0.107114833858972,4017,4017,0.000571070433276337,0.000285535216638172
0.12196490016322,0.106611657030226,4018,4018,0.000571070433276337,0.000285535216638166
0.122234964079314,0.107114833858972,4019,4019,0.000571070433276337,0.000285535216638172
0.12196490016322,0.106611657030226,4020,4020,0.000571070433276337,0.000285535216638166
0.122234964079314,0.107114833858972,4021,4021,0.000571070433276337,0.000285535216638172
0.12196490016322,0.106611657030226,4022,4022,0.000571070433276337,0.000285535216638166
0.122234964079314,0.107114833858972,4023,4023,0.000571070433276337,0.000285535216638172
0.12196490016322,0.106611657030226,4024,4024,0.000571070433276337,0.000285535216638166
0.122234964079314,0.107114833858972,4025,4025,0.000571070433276337,0.000285535216638172
0.12196490016322,0.106611657030226,4026,4026,0.000571070433276337,0.000285535216638166
0.122234964079314,0.107114833858972,4027,4027,0.000571070433276337,0.000285535216638172
0.12196490016322,0.106611657030226,4028,4028,0.000571070433276337,0.000285535216638166
0.122234964079314,0.107114833858972,4029,4029,0.000571070433276337,0.000285535216638172
0.12196490016322,0.106611657030226,4030,4030,0.000571070433276337,0.000285535216638166
0.122234964079314,0.107114833858972,4031,4031,0.000571070433276337,0.000285535216638172
0.12196490016322,0.106611657030226,4032,4032,0.000571070433276337,0.000285535216638166
0.122234964079314,0.107114833858972,4033,4033,0.000571070433276337,0.000285535216638172
0.12196490016322,0.106611657030226,4034,4034,0.000571070433276337,0.000285535216638166
0.122234964079314,0.107114833858972,4035,4035,0.000571070433276337,0.000285535216638172
0.12196490016322,0.106611657030226,4036,4036,0.000571070433276337,0.000285535216638166
0.122234964079314,0.107114833858972,4037,4037,0.000571070433276337,0.000285535216638172
0.12196490016322,0.106611657030226,4038,4038,0.000571070433276337,0.000285535216638166
0.122234964079314,0.107114833858972,4039,4039,0.000571070433276337,0.000285535216638172
0.12196490016322,0.106611657030226,4040,4040,0.000571070433276337,0.000285535216638166
0.122234964079314,0.107114833858972,4041,4041,0.000571070433276337,0.000285535216638172
0.12196490016322,0.106611657030226,4042,4042,0.000571070433276337,0.000285535216638166
0.122234964079314,0.107114833858972,4043,4043,0.000571070433276337,0.000285535216638172
0.12196490016322,0.106611657030226,4044,4044,0.000571070433276337,0.000285535216638166
0.122234964079314,0.107114833858972,4045,4045,0.000571070433276337,0.000285535216638172
0.12196490016322,0.106611657030226,4046,4046,0.000571070433276337,0.000285535216638166
0.122234964079314,0.107114833858972,4047,4047,0.000571070433276337,0.000285535216638172
0.12196490016322,0.106611657030226,4048,4048,0.000571070433276337,0.000285535216638166
0.122234964079314,0.107114833858972,4049,4049,0.000571070433276337,0.000285535216638172
0.12196490016322,0.106611657030226,4050,4050,0.000571070433276337,0.000285535216638166
0.122234964079314,0.107114833858972,4051,4051,0.000571070433276337,0.000285535216638172
0.12196490016322,0.106611657030226,4052,4052,0.000571070433276337,0.000285535216638166
0.122234964079314,0.107114833858972,4053,4053,0.000571070433276337,0.000285535216638172
0.12196490016322,0.106611657030226,4054,4054,0.000571070433276337,0.000285535216638166
0.122234964079314,0.107114833858972,4055,4055,0.000571070433276337,0.000285535216638172
0.12196490016322,0.106611657030226,4056,4056,0.000571070433276337,0.000285535216638166
0.122234964079314,0.107114833858972,4057,4057,0.000571070433276337,0.000285535216638172
0.12196490016322,0.106611657030226,4058,4058,0.000571070433276337,0.000285535216638166
0.122234964079314,0.107114833858972,4059,4059,0.000571070433276337,0.000285535216638172
0.12196490016322,0.106611657030226,4060,4060,0.000571070433276337,0.000285535216638166
0.122234964079314,0.107114833858972,4061,4061,0.000571070433276337,0.000285535216638172
0.12196490016322,0.106611657030226,4062,4062,0.000571070433276337,0.000285535216638166
0.122234964079314,0.107114833858972,4063,4063,0.000571070433276337,0.000285535216638172
0.12196490016322,0.106611657030226,4064,4064,0.000571070433276337,0.000285535216638166
0.122234964079314,0.107114833858972,4065,4065,0.000571070433276337,0.000285535216638172
0.12196490016322,0.106611657030226,4066,4066,0.000571070433276337,0.000285535216638166
0.122234964079314,0.107114833858972,4067,4067,0.000571070433276337,0.000285535216638172
0.12196490016322,0.106611657030226,4068,4068,0.000571070433276337,0.000285535216638166
0.122234964079314,0.107114833858972,4069,4069,0.000571070433276337,0.000285535216638172
0.12196490016322,0.106611657030226,4070,4070,0.000571070433276337,0.000285535216638166
0.122234964079314,0.107114833858972,4071,4071,0.000571070433276337,0.000285535216638172
0.12196490016322,0.106611657030226,4072,4072,0.000571070433276337,0.000285535216638166
0.122234964079314,0.107114833858972,4073,4073,0.000571070433276337,0.000285535216638172
0.12196490016322,0.106611657030226,4074,4074,0.000571070433276337,0.000285535216638166
0.122234964079314,0.107114833858972,4075,4075,0.000571070433276337,0.000285535216638172
0.12196490016322,0.106611657030226,4076,4076,0.000571070433276337,0.000285535216638166
0.122234964079314,0.107114833858972,4077,4077,0.000571070433276337,0.000285535216638172
0.12196490016322,0.106611657030226,4078,4078,0.000571070433276337,0.000285535216638166
0.122234964079314,0.107114833858972,4079,4079,0.000571070433276337,0.000285535216638172
0.12196490016322,0.106611657030226,4080,4080,0.000571070433276337,0.000285535216638166
0.122234964079314,0.107114833858972,4081,4081,0.000571070433276337,0.000285535216638172
0.12196490016322,0.106611657030226,4082,4082,0.000571070433276337,0.000285535216638166
0.122234964079314,0.107114833858972,4083,4083,0.000571070433276337,0.000285535216638172
0.12196490016322,0.106611657030226,4084,4084,0.000571070433276337,0.000285535216638166
0.122234964079314,0.107114833858972,4085,4085,0.000571070433276337,0.000285535216638172
0.12196490016322,0.106611657030226,4086,4086,0.000571070433276337,0.000285535216638166
0.122234964079314,0.107114833858972,4087,4087,0.000571070433276337,0.000285535216638172
0.12196490016322,0.106611657030226,4088,4088,0.000571070433276337,0.000285535216638166
0.122234964079314,0.107114833858972,4089,4089,0.000571070433276337,0.000285535216638172
0.12196490016322,0.106611657030226,4090,4090,0.000571070433276337,0.000285535216638166
0.122234964079314,0.107114833858972,4091,4091,0.000571070433276337,0.000285535216638172
0.12196490016322,0.106611657030226,4092,4092,0.000571070433276337,0.000285535216638166
0.122234964079314,0.107114833858972,4093,4093,0.000571070433276337,0.000285535216638172
0.12196490016322,0.106611657030226,4094,4094,0.000571070433276337,0.000285535216638166
0.122234964079314,0.107114833858972,4095,4095,0.000571070433276337,0.000285535216638172
0.12196490016322,0.106611657030226,4096,4096,0.000571070433276337,0.000285535216638166
0.122234964079314,0.107114833858972,4097,4097,0.000571070433276337,0.000285535216638172
0.12196490016322,0.106611657030226,4098,4098,0.000571070433276337,0.000285535216638166
0.122234964079314,0.107114833858972,4099,4099,0.000571070433276337,0.000285535216638172
0.12196490016322,0.106611657030226,4100,4100,0.000571070433276337,0.000285535216638166
0.122234964079314,0.107114833858972,4101,4101,0.000571070433276337,0.000285535216638172
0.12196490016322,0.106611657030226,4102,4102,0.000571070433276337,0.000285535216638166
0.122234964079314,0.107114833858972,4103,4103,0.000571070433276337,0.000285535216638172
0.12196490016322,0.106611657030226,4104,4104,0.000571070433276337,0.000285535216638166
0.122234964079314,0.107114833858972,4105,4105,0.000571070433276337,0.000285535216638172
0.12196490016322,0.106611657030226,4106,4106,0.000571070433276337,0.000285535216638166
0.122234964079314,0.107114833858972,4107,4107,0.000571070433276337,0.000285535216638172
0.12196490016322,0.106611657030226,4108,4108,0.000571070433276337,0.000285535216638166
0.122234964079314,0.107114833858972,4109,4109,0.000571070433276337,0.000285535216638172
0.12196490016322,0.106611657030226,4110,4110,0.000571070433276337,0.000285535216638166
0.122234964079314,0.107114833858972,4111,4111,0.000571070433276337,0.000285535216638172
0.12196490016322,0.106611657030226,4112,4112,0.000571070433276337,0.000285535216638166
0.122234964079314,0.107114833858972,4113,4113,0.000571070433276337,0.000285535216638172
0.12196490016322,0.106611657030226,4114,4114,0.000571070433276337,0.000285535216638166
0.122234964079314,0.107114833858972,4115,4115,0.000571070433276337,0.000285535216638172
0.12196490016322,0.106611657030226,4116,4116,0.000571070433276337,0.000285535216638166
0.122234964079314,0.107114833858972,4117,4117,0.000571070433276337,0.000285535216638172
0.12196490016322,0.106611657030226,4118,4118,0.000571070433276337,0.000285535216638166
0.122234964079314,0.107114833858972,4119,4119,0.000571070433276337,0.000285535216638172
0.12196490016322,0.106611657030226,4120,4120,0.000571070433276337,0.000285535216638166
0.122234964079314,0.107114833858972,4121,4121,0.000571070433276337,0.000285535216638172
0.12196490016322,0.106611657030226,4122,4122,0.000571070433276337,0.000285535216638166
0.122234964079314,0.107114833858972,4123,4123,0.000571070433276337,0.000285535216638172
0.12196490016322,0.106611657030226,4124,4124,0.000571070433276337,0.000285535216638166
0.122234964079314,0.107114833858972,4125,4125,0.000571070433276337,0.000285535216638172
0.12196490016322,0.106611657030226,4126,4126,0.000571070433276337,0.000285535216638166
0.122234964079314,0.107114833858972,4127,4127,0.000571070433276337,0.000285535216638172
0.12196490016322,0.106611657030226,4128,4128,0.000571070433276337,0.000285535216638166
0.122234964079314,0.107114833858972,4129,4129,0.000571070433276337,0.000285535216638172
0.12196490016322,0.106611657030226,4130,4130,0.000571070433276337,0.000285535216638166
0.122234964079314,0.107114833858972,4131,4131,0.000571070433276337,0.000285535216638172
0.12196490016322,0.106611657030226,4132,4132,0.000571070433276337,0.000285535216638166
0.122234964079314,0.107114833858972,4133,4133,0.000571070433276337,0.000285535216638172
0.12196490016322,0.106611657030226,4134,4134,0.000571070433276337,0.000285535216638166
0.122234964079314,0.107114833858972,4135,4135,0.000571070433276337,0.000285535216638172
0.12196490016322,0.106611657030226,4136,4136,0.000571070433276337,0.000285535216638166
0.122234964079314,0.107114833858972,4137,4137,0.000571070433276337,0.000285535216638172
0.12196490016322,0.106611657030226,4138,4138,0.000571070433276337,0.000285535216638166
0.122234964079314,0.107114833858972,4139,4139,0.000571070433276337,0.000285535216638172
0.12196490016322,0.106611657030226,4140,4140,0.000571070433276337,0.000285535216638166
0.122234964079314,0.107114833858972,4141,4141,0.000571070433276337,0.000285535216638172
0.12196490016322,0.106611657030226,4142,4142,0.000571070433276337,0.000285535216638166
0.122234964079314,0.107114833858972,4143,4143,0.000571070433276337,0.000285535216638172
0.12196490016322,0.106611657030226,4144,4144,0.000571070433276337,0.000285535216638166
0.122234964079314,0.107114833858972,4145,4145,0.000571070433276337,0.000285535216638172
0.12196490016322,0.106611657030226,4146,4146,0.000571070433276337,0.000285535216638166
0.122234964079314,0.107114833858972,4147,4147,0.000571070433276337,0.000285535216638172
0.12196490016322,0.106611657030226,4148,4148,0.000571070433276337,0.000285535216638166
0.122234964079314,0.107114833858972,4149,4149,0.000571070433276337,0.000285535216638172
0.12196490016322,0.106611657030226,4150,4150,0.000571070433276337,0.000285535216638166
0.122234964079314,0.107114833858972,4151,4151,0.000571070433276337,0.000285535216638172
0.12196490016322,0.106611657030226,4152,4152,0.000571070433276337,0.000285535216638166
0.122234964079314,0.107114833858972,4153,4153,0.000571070433276337,0.000285535216638172
0.12196490016322,0.106611657030226,4154,4154,0.000571070433276337,0.000285535216638166
0.122234964079314,0.107114833858972,4155,4155,0.000571070433276337,0.000285535216638172
0.12196490016322,0.106611657030226,4156,4156,0.000571070433276337,0.000285535216638166
0.122234964079314,0.107114833858972,4157,4157,0.000571070433276337,0.000285535216638172
0.12196490016322,0.106611657030226,4158,4158,0.000571070433276337,0.000285535216638166
0.122234964079314,0.107114833858972,4159,4159,0.000571070433276337,0.000285535216638172
0.12196490016322,0.106611657030226,4160,4160,0.000571070433276337,0.000285535216638166
0.122234964079314,0.107114833858972,4161,4161,0.000571070433276337,0.000285535216638172
0.12196490016322,0.106611657030226,4162,4162,0.000571070433276337,0.000285535216638166
0.122234964079314,0.107114833858972,4163,4163,0.000571070433276337,0.000285535216638172
0.12196490016322,0.106611657030226,4164,4164,0.000571070433276337,0.000285535216638166
0.122234964079314,0.107114833858972,4165,4165,0.000571070433276337,0.000285535216638172
0.12196490016322,0.106611657030226,4166,4166,0.000571070433276337,0.000285535216638166
0.122234964079314,0.107114833858972,4167,4167,0.000571070433276337,0.000285535216638172
0.12196490016322,0.106611657030226,4168,4168,0.000571070433276337,0.000285535216638166
0.122234964079314,0.107114833858972,4169,4169,0.000571070433276337,0.000285535216638172
0.12196490016322,0.106611657030226,4170,4170,0.000571070433276337,0.000285535216638166
0.122234964079314,0.107114833858972,4171,4171,0.000571070433276337,0.000285535216638172
0.12196490016322,0.106611657030226,4172,4172,0.000571070433276337,0.000285535216638166
0.122234964079314,0.107114833858972,4173,4173,0.000571070433276337,0.000285535216638172
0.12196490016322,0.106611657030226,4174,4174,0.000571070433276337,0.000285535216638166
0.122234964079314,0.107114833858972,4175,4175,0.000571070433276337,0.000285535216638172
0.12196490016322,0.106611657030226,4176,4176,0.000571070433276337,0.000285535216638166
0.122234964079314,0.107114833858972,4177,4177,0.000571070433276337,0.000285535216638172
0.12196490016322,0.106611657030226,4178,4178,0.000571070433276337,0.000285535216638166
0.122234964079314,0.107114833858972,4179,4179,0.000571070433276337,0.000285535216638172
0.12196490016322,0.106611657030226,4180,4180,0.000571070433276337,0.000285535216638166
0.122234964079314,0.107114833858972,4181,4181,0.000571070433276337,0.000285535216638172
0.12196490016322,0.106611657030226,4182,4182,0.000571070433276337,0.000285535216638166
0.122234964079314,0.107114833858972,4183,4183,0.000571070433276337,0.000285535216638172
0.12196490016322,0.106611657030226,4184,4184,0.000571070433276337,0.000285535216638166
0.122234964079314,0.107114833858972,4185,4185,0.000571070433276337,0.000285535216638172
0.12196490016322,0.106611657030226,4186,4186,0.000571070433276337,0.000285535216638166
0.122234964079314,0.107114833858972,4187,4187,0.000571070433276337,0.000285535216638172
0.12196490016322,0.106611657030226,4188,4188,0.000571070433276337,0.000285535216638166
0.122234964079314,0.107114833858972,4189,4189,0.000571070433276337,0.000285535216638172
0.12196490016322,0.106611657030226,4190,4190,0.000571070433276337,0.000285535216638166
0.122234964079314,0.107114833858972,4191,4191,0.000571070433276337,0.000285535216638172
0.12196490016322,0.106611657030226,4192,4192,0.000571070433276337,0.000285535216638166
0.122234964079314,0.107114833858972,4193,4193,0.000571070433276337,0.000285535216638172
0.12196490016322,0.106611657030226,4194,4194,0.000571070433276337,0.000285535216638166
0.122234964079314,0.107114833858972,4195,4195,0.000571070433276337,0.000285535216638172
0.12196490016322,0.106611657030226,4196,4196,0.000571070433276337,0.000285535216638166
0.122234964079314,0.107114833858972,4197,4197,0.000571070433276337,0.000285535216638172
0.12196490016322,0.106611657030226,4198,4198,0.000571070433276337,0.000285535216638166
0.122234964079314,0.107114833858972,4199,4199,0.000571070433276337,0.000285535216638172
0.12196490016322,0.106611657030226,4200,4200,0.000571070433276337,0.000285535216638166
0.122234964079314,0.107114833858972,4201,4201,0.000571070433276337,0.000285535216638172
0.12196490016322,0.106611657030226,4202,4202,0.000571070433276337,0.000285535216638166
0.122234964079314,0.107114833858972,4203,4203,0.000571070433276337,0.000285535216638172
0.12196490016322,0.106611657030226,4204,4204,0.000571070433276337,0.000285535216638166
0.122234964079314,0.107114833858972,4205,4205,0.000571070433276337,0.000285535216638172
0.12196490016322,0.106611657030226,4206,4206,0.000571070433276337,0.000285535216638166
0.122234964079314,0.107114833858972,4207,4207,0.000571070433276337,0.000285535216638172
0.12196490016322,0.106611657030226,4208,4208,0.000571070433276337,0.000285535216638166
0.122234964079314,0.107114833858972,4209,4209,0.000571070433276337,0.000285535216638172
0.12196490016322,0.106611657030226,4210,4210,0.000571070433276337,0.000285535216638166
0.122234964079314,0.107114833858972,4211,4211,0.000571070433276337,0.000285535216638172
0.12196490016322,0.106611657030226,4212,4212,0.000571070433276337,0.000285535216638166
0.122234964079314,0.107114833858972,4213,4213,0.000571070433276337,0.000285535216638172
0.12196490016322,0.106611657030226,4214,4214,0.000571070433276337,0.000285535216638166
0.122234964079314,0.107114833858972,4215,4215,0.000571070433276337,0.000285535216638172
0.12196490016322,0.106611657030226,4216,4216,0.000571070433276337,0.000285535216638166
0.122234964079314,0.107114833858972,4217,4217,0.000571070433276337,0.000285535216638172
0.12196490016322,0.106611657030226,4218,4218,0.000571070433276337,0.000285535216638166
0.122234964079314,0.107114833858972,4219,4219,0.000571070433276337,0.000285535216638172
0.12196490016322,0.106611657030226,4220,4220,0.000571070433276337,0.000285535216638166
0.122234964079314,0.107114833858972,4221,4221,0.000571070433276337,0.000285535216638172
0.12196490016322,0.106611657030226,4222,4222,0.000571070433276337,0.000285535216638166
0.122234964079314,0.107114833858972,4223,4223,0.000571070433276337,0.000285535216638172
0.12196490016322,0.106611657030226,4224,4224,0.000571070433276337,0.000285535216638166
0.122234964079314,0.107114833858972,4225,4225,0.000571070433276337,0.000285535216638172
0.12196490016322,0.106611657030226,4226,4226,0.000571070433276337,0.000285535216638166
0.122234964079314,0.107114833858972,4227,4227,0.000571070433276337,0.000285535216638172
0.12196490016322,0.106611657030226,4228,4228,0.000571070433276337,0.000285535216638166
0.122234964079314,0.107114833858972,4229,4229,0.000571070433276337,0.000285535216638172
0.12196490016322,0.106611657030226,4230,4230,0.000571070433276337,0.000285535216638166
0.122234964079314,0.107114833858972,4231,4231,0.000571070433276337,0.000285535216638172
0.12196490016322,0.106611657030226,4232,4232,0.000571070433276337,0.000285535216638166
0.122234964079314,0.107114833858972,4233,4233,0.000571070433276337,0.000285535216638172
0.12196490016322,0.106611657030226,4234,4234,0.000571070433276337,0.000285535216638166
0.122234964079314,0.107114833858972,4235,4235,0.000571070433276337,0.000285535216638172
0.12196490016322,0.106611657030226,4236,4236,0.000571070433276337,0.000285535216638166
0.122234964079314,0.107114833858972,4237,4237,0.000571070433276337,0.000285535216638172
0.12196490016322,0.106611657030226,4238,4238,0.000571070433276337,0.000285535216638166
0.122234964079314,0.107114833858972,4239,4239,0.000571070433276337,0.000285535216638172
0.12196490016322,0.106611657030226,4240,4240,0.000571070433276337,0.000285535216638166
0.122234964079314,0.107114833858972,4241,4241,0.000571070433276337,0.000285535216638172
0.12196490016322,0.106611657030226,4242,4242,0.000571070433276337,0.000285535216638166
0.122234964079314,0.107114833858972,4243,4243,0.000571070433276337,0.000285535216638172
0.12196490016322,0.106611657030226,4244,4244,0.000571070433276337,0.000285535216638166
0.122234964079314,0.107114833858972,4245,4245,0.000571070433276337,0.000285535216638172
0.12196490016322,0.106611657030226,4246,4246,0.000571070433276337,0.000285535216638166
0.122234964079314,0.107114833858972,4247,4247,0.000571070433276337,0.000285535216638172
0.12196490016322,0.106611657030226,4248,4248,0.000571070433276337,0.000285535216638166
0.122234964079314,0.107114833858972,4249,4249,0.000571070433276337,0.000285535216638172
0.12196490016322,0.106611657030226,4250,4250,0.000571070433276337,0.000285535216638166
0.122234964079314,0.107114833858972,4251,4251,0.000571070433276337,0.000285535216638172
0.12196490016322,0.106611657030226,4252,4252,0.000571070433276337,0.000285535216638166
0.122234964079314,0.107114833858972,4253,4253,0.000571070433276337,0.000285535216638172
0.12196490016322,0.106611657030226,4254,4254,0.000571070433276337,0.000285535216638166
0.122234964079314,0.107114833858972,4255,4255,0.000571070433276337,0.000285535216638172
0.12196490016322,0.106611657030226,4256,4256,0.000571070433276337,0.000285535216638166
0.122234964079314,0.107114833858972,4257,4257,0.000571070433276337,0.000285535216638172
0.12196490016322,0.106611657030226,4258,4258,0.000571070433276337,0.000285535216638166
0.122234964079314,0.107114833858972,4259,4259,0.000571070433276337,0.000285535216638172
0.12196490016322,0.106611657030226,4260,4260,0.000571070433276337,0.000285535216638166
0.122234964079314,0.107114833858972,4261,4261,0.000571070433276337,0.000285535216638172
0.12196490016322,0.106611657030226,4262,4262,0.000571070433276337,0.000285535216638166
0.122234964079314,0.107114833858972,4263,4263,0.000571070433276337,0.000285535216638172
0.12196490016322,0.106611657030226,4264,4264,0.000571070433276337,0.000285535216638166
0.122234964079314,0.107114833858972,4265,4265,0.000571070433276337,0.000285535216638172
0.12196490016322,0.106611657030226,4266,4266,0.000571070433276337,0.000285535216638166
0.122234964079314,0.107114833858972,4267,4267,0.000571070433276337,0.000285535216638172
0.12196490016322,0.106611657030226,4268,4268,0.000571070433276337,0.000285535216638166
0.122234964079314,0.107114833858972,4269,4269,0.000571070433276337,0.000285535216638172
0.12196490016322,0.106611657030226,4270,4270,0.000571070433276337,0.000285535216638166
0.122234964079314,0.107114833858972,4271,4271,0.000571070433276337,0.000285535216638172
0.12196490016322,0.106611657030226,4272,4272,0.000571070433276337,0.000285535216638166
0.122234964079314,0.107114833858972,4273,4273,0.000571070433276337,0.000285535216638172
0.12196490016322,0.106611657030226,4274,4274,0.000571070433276337,0.000285535216638166
0.122234964079314,0.107114833858972,4275,4275,0.000571070433276337,0.000285535216638172
0.12196490016322,0.106611657030226,4276,4276,0.000571070433276337,0.000285535216638166
0.122234964079314,0.107114833858972,4277,4277,0.000571070433276337,0.000285535216638172
0.12196490016322,0.106611657030226,4278,4278,0.000571070433276337,0.000285535216638166
0.122234964079314,0.107114833858972,4279,4279,0.000571070433276337,0.000285535216638172
0.12196490016322,0.106611657030226,4280,4280,0.000571070433276337,0.000285535216638166
0.122234964079314,0.107114833858972,4281,4281,0.000571070433276337,0.000285535216638172
0.12196490016322,0.106611657030226,4282,4282,0.000571070433276337,0.000285535216638166
0.122234964079314,0.107114833858972,4283,4283,0.000571070433276337,0.000285535216638172
0.12196490016322,0.106611657030226,4284,4284,0.000571070433276337,0.000285535216638166
0.122234964079314,0.107114833858972,4285,4285,0.000571070433276337,0.000285535216638172
0.12196490016322,0.106611657030226,4286,4286,0.000571070433276337,0.000285535216638166
0.122234964079314,0.107114833858972,4287,4287,0.000571070433276337,0.000285535216638172
0.12196490016322,0.106611657030226,4288,4288,0.000571070433276337,0.000285535216638166
0.122234964079314,0.107114833858972,4289,4289,0.000571070433276337,0.000285535216638172
0.12196490016322,0.106611657030226,4290,4290,0.000571070433276337,0.000285535216638166
0.122234964079314,0.107114833858972,4291,4291,0.000571070433276337,0.000285535216638172
0.12196490016322,0.106611657030226,4292,4292,0.000571070433276337,0.000285535216638166
0.122234964079314,0.107114833858972,4293,4293,0.000571070433276337,0.000285535216638172
0.12196490016322,0.106611657030226,4294,4294,0.000571070433276337,0.000285535216638166
0.122234964079314,0.107114833858972,4295,4295,0.000571070433276337,0.000285535216638172
0.12196490016322,0.106611657030226,4296,4296,0.000571070433276337,0.000285535216638166
0.122234964079314,0.107114833858972,4297,4297,0.000571070433276337,0.000285535216638172
0.12196490016322,0.106611657030226,4298,4298,0.000571070433276337,0.000285535216638166
0.122234964079314,0.107114833858972,4299,4299,0.000571070433276337,0.000285535216638172
0.12196490016322,0.106611657030226,4300,4300,0.000571070433276337,0.000285535216638166
0.122234964079314,0.107114833858972,4301,4301,0.000571070433276337,0.000285535216638172
0.12196490016322,0.106611657030226,4302,4302,0.000571070433276337,0.000285535216638166
0.122234964079314,0.107114833858972,4303,4303,0.000571070433276337,0.000285535216638172
0.12196490016322,0.106611657030226,4304,4304,0.000571070433276337,0.000285535216638166
0.122234964079314,0.107114833858972,4305,4305,0.000571070433276337,0.000285535216638172
0.12196490016322,0.106611657030226,4306,4306,0.000571070433276337,0.000285535216638166
0.122234964079314,0.107114833858972,4307,4307,0.000571070433276337,0.000285535216638172
0.12196490016322,0.106611657030226,4308,4308,0.000571070433276337,0.000285535216638166
0.122234964079314,0.107114833858972,4309,4309,0.000571070433276337,0.000285535216638172
0.12196490016322,0.106611657030226,4310,4310,0.000571070433276337,0.000285535216638166
0.122234964079314,0.107114833858972,4311,4311,0.000571070433276337,0.000285535216638172
0.12196490016322,0.106611657030226,4312,4312,0.000571070433276337,0.000285535216638166
0.122234964079314,0.107114833858972,4313,4313,0.000571070433276337,0.000285535216638172
0.12196490016322,0.106611657030226,4314,4314,0.000571070433276337,0.000285535216638166
0.122234964079314,0.107114833858972,4315,4315,0.000571070433276337,0.000285535216638172
0.12196490016322,0.106611657030226,4316,4316,0.000571070433276337,0.000285535216638166
0.122234964079314,0.107114833858972,4317,4317,0.000571070433276337,0.000285535216638172
0.12196490016322,0.106611657030226,4318,4318,0.000571070433276337,0.000285535216638166
0.122234964079314,0.107114833858972,4319,4319,0.000571070433276337,0.000285535216638172
0.12196490016322,0.106611657030226,4320,4320,0.000571070433276337,0.000285535216638166
0.122234964079314,0.107114833858972,4321,4321,0.000571070433276337,0.000285535216638172
0.12196490016322,0.106611657030226,4322,4322,0.000571070433276337,0.000285535216638166
0.122234964079314,0.107114833858972,4323,4323,0.000571070433276337,0.000285535216638172
0.12196490016322,0.106611657030226,4324,4324,0.000571070433276337,0.000285535216638166
0.122234964079314,0.107114833858972,4325,4325,0.000571070433276337,0.000285535216638172
0.12196490016322,0.106611657030226,4326,4326,0.000571070433276337,0.000285535216638166
0.122234964079314,0.107114833858972,4327,4327,0.000571070433276337,0.000285535216638172
0.12196490016322,0.106611657030226,4328,4328,0.000571070433276337,0.000285535216638166
0.122234964079314,0.107114833858972,4329,4329,0.000571070433276337,0.000285535216638172
0.12196490016322,0.106611657030226,4330,4330,0.000571070433276337,0.000285535216638166
0.122234964079314,0.107114833858972,4331,4331,0.000571070433276337,0.000285535216638172
0.12196490016322,0.106611657030226,4332,4332,0.000571070433276337,0.000285535216638166
0.122234964079314,0.107114833858972,4333,4333,0.000571070433276337,0.000285535216638172
0.12196490016322,0.106611657030226,4334,4334,0.000571070433276337,0.000285535216638166
0.122234964079314,0.107114833858972,4335,4335,0.000571070433276337,0.000285535216638172
0.12196490016322,0.106611657030226,4336,4336,0.000571070433276337,0.000285535216638166
0.122234964079314,0.107114833858972,4337,4337,0.000571070433276337,0.000285535216638172
0.12196490016322,0.106611657030226,4338,4338,0.000571070433276337,0.000285535216638166
0.122234964079314,0.107114833858972,4339,4339,0.000571070433276337,0.000285535216638172
0.12196490016322,0.106611657030226,4340,4340,0.000571070433276337,0.000285535216638166
0.122234964079314,0.107114833858972,4341,4341,0.000571070433276337,0.000285535216638172
0.12196490016322,0.106611657030226,4342,4342,0.000571070433276337,0.000285535216638166
0.122234964079314,0.107114833858972,4343,4343,0.000571070433276337,0.000285535216638172
0.12196490016322,0.106611657030226,4344,4344,0.000571070433276337,0.000285535216638166
0.122234964079314,0.107114833858972,4345,4345,0.000571070433276337,0.000285535216638172
0.12196490016322,0.106611657030226,4346,4346,0.000571070433276337,0.000285535216638166
0.122234964079314,0.107114833858972,4347,4347,0.000571070433276337,0.000285535216638172
0.12196490016322,0.106611657030226,4348,4348,0.000571070433276337,0.000285535216638166
0.122234964079314,0.107114833858972,4349,4349,0.000571070433276337,0.000285535216638172
0.12196490016322,0.106611657030226,4350,4350,0.000571070433276337,0.000285535216638166
0.122234964079314,0.107114833858972,4351,4351,0.000571070433276337,0.000285535216638172
0.12196490016322,0.106611657030226,4352,4352,0.000571070433276337,0.000285535216638166
0.122234964079314,0.107114833858972,4353,4353,0.000571070433276337,0.000285535216638172
0.12196490016322,0.106611657030226,4354,4354,0.000571070433276337,0.000285535216638166
0.122234964079314,0.107114833858972,4355,4355,0.000571070433276337,0.000285535216638172
0.12196490016322,0.106611657030226,4356,4356,0.000571070433276337,0.000285535216638166
0.122234964079314,0.107114833858972,4357,4357,0.000571070433276337,0.000285535216638172
0.12196490016322,0.106611657030226,4358,4358,0.000571070433276337,0.000285535216638166
0.122234964079314,0.107114833858972,4359,4359,0.000571070433276337,0.000285535216638172
0.12196490016322,0.106611657030226,4360,4360,0.000571070433276337,0.000285535216638166
0.122234964079314,0.107114833858972,4361,4361,0.000571070433276337,0.000285535216638172
0.12196490016322,0.106611657030226,4362,4362,0.000571070433276337,0.000285535216638166
0.122234964079314,0.107114833858972,4363,4363,0.000571070433276337,0.000285535216638172
0.12196490016322,0.106611657030226,4364,4364,0.000571070433276337,0.000285535216638166
0.122234964079314,0.107114833858972,4365,4365,0.000571070433276337,0.000285535216638172
0.12196490016322,0.106611657030226,4366,4366,0.000571070433276337,0.000285535216638166
0.122234964079314,0.107114833858972,4367,4367,0.000571070433276337,0.000285535216638172
0.12196490016322,0.106611657030226,4368,4368,0.000571070433276337,0.000285535216638166
0.122234964079314,0.107114833858972,4369,4369,0.000571070433276337,0.000285535216638172
0.12196490016322,0.106611657030226,4370,4370,0.000571070433276337,0.000285535216638166
0.122234964079314,0.107114833858972,4371,4371,0.000571070433276337,0.000285535216638172
0.12196490016322,0.106611657030226,4372,4372,0.000571070433276337,0.000285535216638166
0.122234964079314,0.107114833858972,4373,4373,0.000571070433276337,0.000285535216638172
0.12196490016322,0.106611657030226,4374,4374,0.000571070433276337,0.000285535216638166
0.122234964079314,0.107114833858972,4375,4375,0.000571070433276337,0.000285535216638172
0.12196490016322,0.106611657030226,4376,4376,0.000571070433276337,0.000285535216638166
0.122234964079314,0.107114833858972,4377,4377,0.000571070433276337,0.000285535216638172
0.12196490016322,0.106611657030226,4378,4378,0.000571070433276337,0.000285535216638166
0.122234964079314,0.107114833858972,4379,4379,0.000571070433276337,0.000285535216638172
0.12196490016322,0.106611657030226,4380,4380,0.000571070433276337,0.000285535216638166
0.122234964079314,0.107114833858972,4381,4381,0.000571070433276337,0.000285535216638172
0.12196490016322,0.106611657030226,4382,4382,0.000571070433276337,0.000285535216638166
0.122234964079314,0.107114833858972,4383,4383,0.000571070433276337,0.000285535216638172
0.12196490016322,0.106611657030226,4384,4384,0.000571070433276337,0.000285535216638166
0.122234964079314,0.107114833858972,4385,4385,0.000571070433276337,0.000285535216638172
0.12196490016322,0.106611657030226,4386,4386,0.000571070433276337,0.000285535216638166
0.122234964079314,0.107114833858972,4387,4387,0.000571070433276337,0.000285535216638172
0.12196490016322,0.106611657030226,4388,4388,0.000571070433276337,0.000285535216638166
0.122234964079314,0.107114833858972,4389,4389,0.000571070433276337,0.000285535216638172
0.12196490016322,0.106611657030226,4390,4390,0.000571070433276337,0.000285535216638166
0.122234964079314,0.107114833858972,4391,4391,0.000571070433276337,0.000285535216638172
0.12196490016322,0.106611657030226,4392,4392,0.000571070433276337,0.000285535216638166
0.122234964079314,0.107114833858972,4393,4393,0.000571070433276337,0.000285535216638172
0.12196490016322,0.106611657030226,4394,4394,0.000571070433276337,0.000285535216638166
0.122234964079314,0.107114833858972,4395,4395,0.000571070433276337,0.000285535216638172
0.12196490016322,0.106611657030226,4396,4396,0.000571070433276337,0.000285535216638166
0.122234964079314,0.107114833858972,4397,4397,0.000571070433276337,0.000285535216638172
0.12196490016322,0.106611657030226,4398,4398,0.000571070433276337,0.000285535216638166
0.122234964079314,0.107114833858972,4399,4399,0.000571070433276337,0.000285535216638172
0.12196490016322,0.106611657030226,4400,4400,0.000571070433276337,0.000285535216638166
0.122234964079314,0.107114833858972,4401,4401,0.000571070433276337,0.000285535216638172
0.12196490016322,0.106611657030226,4402,4402,0.000571070433276337,0.000285535216638166
0.122234964079314,0.107114833858972,4403,4403,0.000571070433276337,0.000285535216638172
0.12196490016322,0.106611657030226,4404,4404,0.000571070433276337,0.000285535216638166
0.122234964079314,0.107114833858972,4405,4405,0.000571070433276337,0.000285535216638172
0.12196490016322,0.106611657030226,4406,4406,0.000571070433276337,0.000285535216638166
0.122234964079314,0.107114833858972,4407,4407,0.000571070433276337,0.000285535216638172
0.12196490016322,0.106611657030226,4408,4408,0.000571070433276337,0.000285535216638166
0.122234964079314,0.107114833858972,4409,4409,0.000571070433276337,0.000285535216638172
0.12196490016322,0.106611657030226,4410,4410,0.000571070433276337,0.000285535216638166
0.122234964079314,0.107114833858972,4411,4411,0.000571070433276337,0.000285535216638172
0.12196490016322,0.106611657030226,4412,4412,0.000571070433276337,0.000285535216638166
0.122234964079314,0.107114833858972,4413,4413,0.000571070433276337,0.000285535216638172
0.12196490016322,0.106611657030226,4414,4414,0.000571070433276337,0.000285535216638166
0.122234964079314,0.107114833858972,4415,4415,0.000571070433276337,0.000285535216638172
0.12196490016322,0.106611657030226,4416,4416,0.000571070433276337,0.000285535216638166
0.122234964079314,0.107114833858972,4417,4417,0.000571070433276337,0.000285535216638172
0.12196490016322,0.106611657030226,4418,4418,0.000571070433276337,0.000285535216638166
0.122234964079314,0.107114833858972,4419,4419,0.000571070433276337,0.000285535216638172
0.12196490016322,0.106611657030226,4420,4420,0.000571070433276337,0.000285535216638166
0.122234964079314,0.107114833858972,4421,4421,0.000571070433276337,0.000285535216638172
0.12196490016322,0.106611657030226,4422,4422,0.000571070433276337,0.000285535216638166
0.122234964079314,0.107114833858972,4423,4423,0.000571070433276337,0.000285535216638172
0.12196490016322,0.106611657030226,4424,4424,0.000571070433276337,0.000285535216638166
0.122234964079314,0.107114833858972,4425,4425,0.000571070433276337,0.000285535216638172
0.12196490016322,0.106611657030226,4426,4426,0.000571070433276337,0.000285535216638166
0.122234964079314,0.107114833858972,4427,4427,0.000571070433276337,0.000285535216638172
0.12196490016322,0.106611657030226,4428,4428,0.000571070433276337,0.000285535216638166
0.122234964079314,0.107114833858972,4429,4429,0.000571070433276337,0.000285535216638172
0.12196490016322,0.106611657030226,4430,4430,0.000571070433276337,0.000285535216638166
0.122234964079314,0.107114833858972,4431,4431,0.000571070433276337,0.000285535216638172
0.12196490016322,0.106611657030226,4432,4432,0.000571070433276337,0.000285535216638166
0.122234964079314,0.107114833858972,4433,4433,0.000571070433276337,0.000285535216638172
0.12196490016322,0.106611657030226,4434,4434,0.000571070433276337,0.000285535216638166
0.122234964079314,0.107114833858972,4435,4435,0.000571070433276337,0.000285535216638172
0.12196490016322,0.106611657030226,4436,4436,0.000571070433276337,0.000285535216638166
0.122234964079314,0.107114833858972,4437,4437,0.000571070433276337,0.000285535216638172
0.12196490016322,0.106611657030226,4438,4438,0.000571070433276337,0.000285535216638166
0.122234964079314,0.107114833858972,4439,4439,0.000571070433276337,0.000285535216638172
0.12196490016322,0.106611657030226,4440,4440,0.000571070433276337,0.000285535216638166
0.122234964079314,0.107114833858972,4441,4441,0.000571070433276337,0.000285535216638172
0.12196490016322,0.106611657030226,4442,4442,0.000571070433276337,0.000285535216638166
0.122234964079314,0.107114833858972,4443,4443,0.000571070433276337,0.000285535216638172
0.12196490016322,0.106611657030226,4444,4444,0.000571070433276337,0.000285535216638166
0.122234964079314,0.107114833858972,4445,4445,0.000571070433276337,0.000285535216638172
0.12196490016322,0.106611657030226,4446,4446,0.000571070433276337,0.000285535216638166
0.122234964079314,0.107114833858972,4447,4447,0.000571070433276337,0.000285535216638172
0.12196490016322,0.106611657030226,4448,4448,0.000571070433276337,0.000285535216638166
0.122234964079314,0.107114833858972,4449,4449,0.000571070433276337,0.000285535216638172
0.12196490016322,0.106611657030226,4450,4450,0.000571070433276337,0.000285535216638166
0.122234964079314,0.107114833858972,4451,4451,0.000571070433276337,0.000285535216638172
0.12196490016322,0.106611657030226,4452,4452,0.000571070433276337,0.000285535216638166
0.122234964079314,0.107114833858972,4453,4453,0.000571070433276337,0.000285535216638172
0.12196490016322,0.106611657030226,4454,4454,0.000571070433276337,0.000285535216638166
0.122234964079314,0.107114833858972,4455,4455,0.000571070433276337,0.000285535216638172
0.12196490016322,0.106611657030226,4456,4456,0.000571070433276337,0.000285535216638166
0.122234964079314,0.107114833858972,4457,4457,0.000571070433276337,0.000285535216638172
0.12196490016322,0.106611657030226,4458,4458,0.000571070433276337,0.000285535216638166
0.122234964079314,0.107114833858972,4459,4459,0.000571070433276337,0.000285535216638172
0.12196490016322,0.106611657030226,4460,4460,0.000571070433276337,0.000285535216638166
0.122234964079314,0.107114833858972,4461,4461,0.000571070433276337,0.000285535216638172
0.12196490016322,0.106611657030226,4462,4462,0.000571070433276337,0.000285535216638166
0.122234964079314,0.107114833858972,4463,4463,0.000571070433276337,0.000285535216638172
0.12196490016322,0.106611657030226,4464,4464,0.000571070433276337,0.000285535216638166
0.122234964079314,0.107114833858972,4465,4465,0.000571070433276337,0.000285535216638172
0.12196490016322,0.106611657030226,4466,4466,0.000571070433276337,0.000285535216638166
0.122234964079314,0.107114833858972,4467,4467,0.000571070433276337,0.000285535216638172
0.12196490016322,0.106611657030226,4468,4468,0.000571070433276337,0.000285535216638166
0.122234964079314,0.107114833858972,4469,4469,0.000571070433276337,0.000285535216638172
0.12196490016322,0.106611657030226,4470,4470,0.000571070433276337,0.000285535216638166
0.122234964079314,0.107114833858972,4471,4471,0.000571070433276337,0.000285535216638172
0.12196490016322,0.106611657030226,4472,4472,0.000571070433276337,0.000285535216638166
0.122234964079314,0.107114833858972,4473,4473,0.000571070433276337,0.000285535216638172
0.12196490016322,0.106611657030226,4474,4474,0.000571070433276337,0.000285535216638166
0.122234964079314,0.107114833858972,4475,4475,0.000571070433276337,0.000285535216638172
0.12196490016322,0.106611657030226,4476,4476,0.000571070433276337,0.000285535216638166
0.122234964079314,0.107114833858972,4477,4477,0.000571070433276337,0.000285535216638172
0.12196490016322,0.106611657030226,4478,4478,0.000571070433276337,0.000285535216638166
0.122234964079314,0.107114833858972,4479,4479,0.000571070433276337,0.000285535216638172
0.12196490016322,0.106611657030226,4480,4480,0.000571070433276337,0.000285535216638166
0.122234964079314,0.107114833858972,4481,4481,0.000571070433276337,0.000285535216638172
0.12196490016322,0.106611657030226,4482,4482,0.000571070433276337,0.000285535216638166
0.122234964079314,0.107114833858972,4483,4483,0.000571070433276337,0.000285535216638172
0.12196490016322,0.106611657030226,4484,4484,0.000571070433276337,0.000285535216638166
0.122234964079314,0.107114833858972,4485,4485,0.000571070433276337,0.000285535216638172
0.12196490016322,0.106611657030226,4486,4486,0.000571070433276337,0.000285535216638166
0.122234964079314,0.107114833858972,4487,4487,0.000571070433276337,0.000285535216638172
0.12196490016322,0.106611657030226,4488,4488,0.000571070433276337,0.000285535216638166
0.122234964079314,0.107114833858972,4489,4489,0.000571070433276337,0.000285535216638172
0.12196490016322,0.106611657030226,4490,4490,0.000571070433276337,0.000285535216638166
0.122234964079314,0.107114833858972,4491,4491,0.000571070433276337,0.000285535216638172
0.12196490016322,0.106611657030226,4492,4492,0.000571070433276337,0.000285535216638166
0.122234964079314,0.107114833858972,4493,4493,0.000571070433276337,0.000285535216638172
0.12196490016322,0.106611657030226,4494,4494,0.000571070433276337,0.000285535216638166
0.122234964079314,0.107114833858972,4495,4495,0.000571070433276337,0.000285535216638172
0.12196490016322,0.106611657030226,4496,4496,0.000571070433276337,0.000285535216638166
0.122234964079314,0.107114833858972,4497,4497,0.000571070433276337,0.000285535216638172
0.12196490016322,0.106611657030226,4498,4498,0.000571070433276337,0.000285535216638166
0.122234964079314,0.107114833858972,4499,4499,0.000571070433276337,0.000285535216638172
0.12196490016322,0.106611657030226,4500,4500,0.000571070433276337,0.000285535216638166
0.122234964079314,0.107114833858972,4501,4501,0.000571070433276337,0.000285535216638172
0.12196490016322,0.106611657030226,4502,4502,0.000571070433276337,0.000285535216638166
0.122234964079314,0.107114833858972,4503,4503,0.000571070433276337,0.000285535216638172
0.12196490016322,0.106611657030226,4504,4504,0.000571070433276337,0.000285535216638166
0.122234964079314,0.107114833858972,4505,4505,0.000571070433276337,0.000285535216638172
0.12196490016322,0.106611657030226,4506,4506,0.000571070433276337,0.000285535216638166
0.122234964079314,0.107114833858972,4507,4507,0.000571070433276337,0.000285535216638172
0.12196490016322,0.106611657030226,4508,4508,0.000571070433276337,0.000285535216638166
0.122234964079314,0.107114833858972,4509,4509,0.000571070433276337,0.000285535216638172
0.12196490016322,0.106611657030226,4510,4510,0.000571070433276337,0.000285535216638166
0.122234964079314,0.107114833858972,4511,4511,0.000571070433276337,0.000285535216638172
0.12196490016322,0.106611657030226,4512,4512,0.000571070433276337,0.000285535216638166
0.122234964079314,0.107114833858972,4513,4513,0.000571070433276337,0.000285535216638172
0.12196490016322,0.106611657030226,4514,4514,0.000571070433276337,0.000285535216638166
0.122234964079314,0.107114833858972,4515,4515,0.000571070433276337,0.000285535216638172
0.12196490016322,0.106611657030226,4516,4516,0.000571070433276337,0.000285535216638166
0.122234964079314,0.107114833858972,4517,4517,0.000571070433276337,0.000285535216638172
0.12196490016322,0.106611657030226,4518,4518,0.000571070433276337,0.000285535216638166
0.122234964079314,0.107114833858972,4519,4519,0.000571070433276337,0.000285535216638172
0.12196490016322,0.106611657030226,4520,4520,0.000571070433276337,0.000285535216638166
0.122234964079314,0.107114833858972,4521,4521,0.000571070433276337,0.000285535216638172
0.12196490016322,0.106611657030226,4522,4522,0.000571070433276337,0.000285535216638166
0.122234964079314,0.107114833858972,4523,4523,0.000571070433276337,0.000285535216638172
0.12196490016322,0.106611657030226,4524,4524,0.000571070433276337,0.000285535216638166
0.122234964079314,0.107114833858972,4525,4525,0.000571070433276337,0.000285535216638172
0.12196490016322,0.106611657030226,4526,4526,0.000571070433276337,0.000285535216638166
0.122234964079314,0.107114833858972,4527,4527,0.000571070433276337,0.000285535216638172
0.12196490016322,0.106611657030226,4528,4528,0.000571070433276337,0.000285535216638166
0.122234964079314,0.107114833858972,4529,4529,0.000571070433276337,0.000285535216638172
0.12196490016322,0.106611657030226,4530,4530,0.000571070433276337,0.000285535216638166
0.122234964079314,0.107114833858972,4531,4531,0.000571070433276337,0.000285535216638172
0.12196490016322,0.106611657030226,4532,4532,0.000571070433276337,0.000285535216638166
0.122234964079314,0.107114833858972,4533,4533,0.000571070433276337,0.000285535216638172
0.12196490016322,0.106611657030226,4534,4534,0.000571070433276337,0.000285535216638166
0.122234964079314,0.107114833858972,4535,4535,0.000571070433276337,0.000285535216638172
0.12196490016322,0.106611657030226,4536,4536,0.000571070433276337,0.000285535216638166
0.122234964079314,0.107114833858972,4537,4537,0.000571070433276337,0.000285535216638172
0.12196490016322,0.106611657030226,4538,4538,0.000571070433276337,0.000285535216638166
0.122234964079314,0.107114833858972,4539,4539,0.000571070433276337,0.000285535216638172
0.12196490016322,0.106611657030226,4540,4540,0.000571070433276337,0.000285535216638166
0.122234964079314,0.107114833858972,4541,4541,0.000571070433276337,0.000285535216638172
0.12196490016322,0.106611657030226,4542,4542,0.000571070433276337,0.000285535216638166
0.122234964079314,0.107114833858972,4543,4543,0.000571070433276337,0.000285535216638172
0.12196490016322,0.106611657030226,4544,4544,0.000571070433276337,0.000285535216638166
0.122234964079314,0.107114833858972,4545,4545,0.000571070433276337,0.000285535216638172
0.12196490016322,0.106611657030226,4546,4546,0.000571070433276337,0.000285535216638166
0.122234964079314,0.107114833858972,4547,4547,0.000571070433276337,0.000285535216638172
0.12196490016322,0.106611657030226,4548,4548,0.000571070433276337,0.000285535216638166
0.122234964079314,0.107114833858972,4549,4549,0.000571070433276337,0.000285535216638172
0.12196490016322,0.106611657030226,4550,4550,0.000571070433276337,0.000285535216638166
0.122234964079314,0.107114833858972,4551,4551,0.000571070433276337,0.000285535216638172
0.12196490016322,0.106611657030226,4552,4552,0.000571070433276337,0.000285535216638166
0.122234964079314,0.107114833858972,4553,4553,0.000571070433276337,0.000285535216638172
0.12196490016322,0.106611657030226,4554,4554,0.000571070433276337,0.000285535216638166
0.122234964079314,0.107114833858972,4555,4555,0.000571070433276337,0.000285535216638172
0.12196490016322,0.106611657030226,4556,4556,0.000571070433276337,0.000285535216638166
0.122234964079314,0.107114833858972,4557,4557,0.000571070433276337,0.000285535216638172
0.12196490016322,0.106611657030226,4558,4558,0.000571070433276337,0.000285535216638166
0.122234964079314,0.107114833858972,4559,4559,0.000571070433276337,0.000285535216638172
0.12196490016322,0.106611657030226,4560,4560,0.000571070433276337,0.000285535216638166
0.122234964079314,0.107114833858972,4561,4561,0.000571070433276337,0.000285535216638172
0.12196490016322,0.106611657030226,4562,4562,0.000571070433276337,0.000285535216638166
0.122234964079314,0.107114833858972,4563,4563,0.000571070433276337,0.000285535216638172
0.12196490016322,0.106611657030226,4564,4564,0.000571070433276337,0.000285535216638166
0.122234964079314,0.107114833858972,4565,4565,0.000571070433276337,0.000285535216638172
0.12196490016322,0.106611657030226,4566,4566,0.000571070433276337,0.000285535216638166
0.122234964079314,0.107114833858972,4567,4567,0.000571070433276337,0.000285535216638172
0.12196490016322,0.106611657030226,4568,4568,0.000571070433276337,0.000285535216638166
0.122234964079314,0.107114833858972,4569,4569,0.000571070433276337,0.000285535216638172
0.12196490016322,0.106611657030226,4570,4570,0.000571070433276337,0.000285535216638166
0.122234964079314,0.107114833858972,4571,4571,0.000571070433276337,0.000285535216638172
0.12196490016322,0.106611657030226,4572,4572,0.000571070433276337,0.000285535216638166
0.122234964079314,0.107114833858972,4573,4573,0.000571070433276337,0.000285535216638172
0.12196490016322,0.106611657030226,4574,4574,0.000571070433276337,0.000285535216638166
0.122234964079314,0.107114833858972,4575,4575,0.000571070433276337,0.000285535216638172
0.12196490016322,0.106611657030226,4576,4576,0.000571070433276337,0.000285535216638166
0.122234964079314,0.107114833858972,4577,4577,0.000571070433276337,0.000285535216638172
0.12196490016322,0.106611657030226,4578,4578,0.000571070433276337,0.000285535216638166
0.122234964079314,0.107114833858972,4579,4579,0.000571070433276337,0.000285535216638172
0.12196490016322,0.106611657030226,4580,4580,0.000571070433276337,0.000285535216638166
0.122234964079314,0.107114833858972,4581,4581,0.000571070433276337,0.000285535216638172
0.12196490016322,0.106611657030226,4582,4582,0.000571070433276337,0.000285535216638166
0.122234964079314,0.107114833858972,4583,4583,0.000571070433276337,0.000285535216638172
0.12196490016322,0.106611657030226,4584,4584,0.000571070433276337,0.000285535216638166
0.122234964079314,0.107114833858972,4585,4585,0.000571070433276337,0.000285535216638172
0.12196490016322,0.106611657030226,4586,4586,0.000571070433276337,0.000285535216638166
0.122234964079314,0.107114833858972,4587,4587,0.000571070433276337,0.000285535216638172
0.12196490016322,0.106611657030226,4588,4588,0.000571070433276337,0.000285535216638166
0.122234964079314,0.107114833858972,4589,4589,0.000571070433276337,0.000285535216638172
0.12196490016322,0.106611657030226,4590,4590,0.000571070433276337,0.000285535216638166
0.122234964079314,0.107114833858972,4591,4591,0.000571070433276337,0.000285535216638172
0.12196490016322,0.106611657030226,4592,4592,0.000571070433276337,0.000285535216638166
0.122234964079314,0.107114833858972,4593,4593,0.000571070433276337,0.000285535216638172
0.12196490016322,0.106611657030226,4594,4594,0.000571070433276337,0.000285535216638166
0.122234964079314,0.107114833858972,4595,4595,0.000571070433276337,0.000285535216638172
0.12196490016322,0.106611657030226,4596,4596,0.000571070433276337,0.000285535216638166
0.122234964079314,0.107114833858972,4597,4597,0.000571070433276337,0.000285535216638172
0.12196490016322,0.106611657030226,4598,4598,0.000571070433276337,0.000285535216638166
0.122234964079314,0.107114833858972,4599,4599,0.000571070433276337,0.000285535216638172
0.12196490016322,0.106611657030226,4600,4600,0.000571070433276337,0.000285535216638166
0.122234964079314,0.107114833858972,4601,4601,0.000571070433276337,0.000285535216638172
0.12196490016322,0.106611657030226,4602,4602,0.000571070433276337,0.000285535216638166
0.122234964079314,0.107114833858972,4603,4603,0.000571070433276337,0.000285535216638172
0.12196490016322,0.106611657030226,4604,4604,0.000571070433276337,0.000285535216638166
0.122234964079314,0.107114833858972,4605,4605,0.000571070433276337,0.000285535216638172
0.12196490016322,0.106611657030226,4606,4606,0.000571070433276337,0.000285535216638166
0.122234964079314,0.107114833858972,4607,4607,0.000571070433276337,0.000285535216638172
0.12196490016322,0.106611657030226,4608,4608,0.000571070433276337,0.000285535216638166
0.122234964079314,0.107114833858972,4609,4609,0.000571070433276337,0.000285535216638172
0.12196490016322,0.106611657030226,4610,4610,0.000571070433276337,0.000285535216638166
0.122234964079314,0.107114833858972,4611,4611,0.000571070433276337,0.000285535216638172
0.12196490016322,0.106611657030226,4612,4612,0.000571070433276337,0.000285535216638166
0.122234964079314,0.107114833858972,4613,4613,0.000571070433276337,0.000285535216638172
0.12196490016322,0.106611657030226,4614,4614,0.000571070433276337,0.000285535216638166
0.122234964079314,0.107114833858972,4615,4615,0.000571070433276337,0.000285535216638172
0.12196490016322,0.106611657030226,4616,4616,0.000571070433276337,0.000285535216638166
0.122234964079314,0.107114833858972,4617,4617,0.000571070433276337,0.000285535216638172
0.12196490016322,0.106611657030226,4618,4618,0.000571070433276337,0.000285535216638166
0.122234964079314,0.107114833858972,4619,4619,0.000571070433276337,0.000285535216638172
0.12196490016322,0.106611657030226,4620,4620,0.000571070433276337,0.000285535216638166
0.122234964079314,0.107114833858972,4621,4621,0.000571070433276337,0.000285535216638172
0.12196490016322,0.106611657030226,4622,4622,0.000571070433276337,0.000285535216638166
0.122234964079314,0.107114833858972,4623,4623,0.000571070433276337,0.000285535216638172
0.12196490016322,0.106611657030226,4624,4624,0.000571070433276337,0.000285535216638166
0.122234964079314,0.107114833858972,4625,4625,0.000571070433276337,0.000285535216638172
0.12196490016322,0.106611657030226,4626,4626,0.000571070433276337,0.000285535216638166
0.122234964079314,0.107114833858972,4627,4627,0.000571070433276337,0.000285535216638172
0.12196490016322,0.106611657030226,4628,4628,0.000571070433276337,0.000285535216638166
0.122234964079314,0.107114833858972,4629,4629,0.000571070433276337,0.000285535216638172
0.12196490016322,0.106611657030226,4630,4630,0.000571070433276337,0.000285535216638166
0.122234964079314,0.107114833858972,4631,4631,0.000571070433276337,0.000285535216638172
0.12196490016322,0.106611657030226,4632,4632,0.000571070433276337,0.000285535216638166
0.122234964079314,0.107114833858972,4633,4633,0.000571070433276337,0.000285535216638172
0.12196490016322,0.106611657030226,4634,4634,0.000571070433276337,0.000285535216638166
0.122234964079314,0.107114833858972,4635,4635,0.000571070433276337,0.000285535216638172
0.12196490016322,0.106611657030226,4636,4636,0.000571070433276337,0.000285535216638166
0.122234964079314,0.107114833858972,4637,4637,0.000571070433276337,0.000285535216638172
0.12196490016322,0.106611657030226,4638,4638,0.000571070433276337,0.000285535216638166
0.122234964079314,0.107114833858972,4639,4639,0.000571070433276337,0.000285535216638172
0.12196490016322,0.106611657030226,4640,4640,0.000571070433276337,0.000285535216638166
0.122234964079314,0.107114833858972,4641,4641,0.000571070433276337,0.000285535216638172
0.12196490016322,0.106611657030226,4642,4642,0.000571070433276337,0.000285535216638166
0.122234964079314,0.107114833858972,4643,4643,0.000571070433276337,0.000285535216638172
0.12196490016322,0.106611657030226,4644,4644,0.000571070433276337,0.000285535216638166
0.122234964079314,0.107114833858972,4645,4645,0.000571070433276337,0.000285535216638172
0.12196490016322,0.106611657030226,4646,4646,0.000571070433276337,0.000285535216638166
0.122234964079314,0.107114833858972,4647,4647,0.000571070433276337,0.000285535216638172
0.12196490016322,0.106611657030226,4648,4648,0.000571070433276337,0.000285535216638166
0.122234964079314,0.107114833858972,4649,4649,0.000571070433276337,0.000285535216638172
0.12196490016322,0.106611657030226,4650,4650,0.000571070433276337,0.000285535216638166
0.122234964079314,0.107114833858972,4651,4651,0.000571070433276337,0.000285535216638172
0.12196490016322,0.106611657030226,4652,4652,0.000571070433276337,0.000285535216638166
0.122234964079314,0.107114833858972,4653,4653,0.000571070433276337,0.000285535216638172
0.12196490016322,0.106611657030226,4654,4654,0.000571070433276337,0.000285535216638166
0.122234964079314,0.107114833858972,4655,4655,0.000571070433276337,0.000285535216638172
0.12196490016322,0.106611657030226,4656,4656,0.000571070433276337,0.000285535216638166
0.122234964079314,0.107114833858972,4657,4657,0.000571070433276337,0.000285535216638172
0.12196490016322,0.106611657030226,4658,4658,0.000571070433276337,0.000285535216638166
0.122234964079314,0.107114833858972,4659,4659,0.000571070433276337,0.000285535216638172
0.12196490016322,0.106611657030226,4660,4660,0.000571070433276337,0.000285535216638166
0.122234964079314,0.107114833858972,4661,4661,0.000571070433276337,0.000285535216638172
0.12196490016322,0.106611657030226,4662,4662,0.000571070433276337,0.000285535216638166
0.122234964079314,0.107114833858972,4663,4663,0.000571070433276337,0.000285535216638172
0.12196490016322,0.106611657030226,4664,4664,0.000571070433276337,0.000285535216638166
0.122234964079314,0.107114833858972,4665,4665,0.000571070433276337,0.000285535216638172
0.12196490016322,0.106611657030226,4666,4666,0.000571070433276337,0.000285535216638166
0.122234964079314,0.107114833858972,4667,4667,0.000571070433276337,0.000285535216638172
0.12196490016322,0.106611657030226,4668,4668,0.000571070433276337,0.000285535216638166
0.122234964079314,0.107114833858972,4669,4669,0.000571070433276337,0.000285535216638172
0.12196490016322,0.106611657030226,4670,4670,0.000571070433276337,0.000285535216638166
0.122234964079314,0.107114833858972,4671,4671,0.000571070433276337,0.000285535216638172
0.12196490016322,0.106611657030226,4672,4672,0.000571070433276337,0.000285535216638166
0.122234964079314,0.107114833858972,4673,4673,0.000571070433276337,0.000285535216638172
0.12196490016322,0.106611657030226,4674,4674,0.000571070433276337,0.000285535216638166
0.122234964079314,0.107114833858972,4675,4675,0.000571070433276337,0.000285535216638172
0.12196490016322,0.106611657030226,4676,4676,0.000571070433276337,0.000285535216638166
0.122234964079314,0.107114833858972,4677,4677,0.000571070433276337,0.000285535216638172
0.12196490016322,0.106611657030226,4678,4678,0.000571070433276337,0.000285535216638166
0.122234964079314,0.107114833858972,4679,4679,0.000571070433276337,0.000285535216638172
0.12196490016322,0.106611657030226,4680,4680,0.000571070433276337,0.000285535216638166
0.122234964079314,0.107114833858972,4681,4681,0.000571070433276337,0.000285535216638172
0.12196490016322,0.106611657030226,4682,4682,0.000571070433276337,0.000285535216638166
0.122234964079314,0.107114833858972,4683,4683,0.000571070433276337,0.000285535216638172
0.12196490016322,0.106611657030226,4684,4684,0.000571070433276337,0.000285535216638166
0.122234964079314,0.107114833858972,4685,4685,0.000571070433276337,0.000285535216638172
0.12196490016322,0.106611657030226,4686,4686,0.000571070433276337,0.000285535216638166
0.122234964079314,0.107114833858972,4687,4687,0.000571070433276337,0.000285535216638172
0.12196490016322,0.106611657030226,4688,4688,0.000571070433276337,0.000285535216638166
0.122234964079314,0.107114833858972,4689,4689,0.000571070433276337,0.000285535216638172
0.12196490016322,0.106611657030226,4690,4690,0.000571070433276337,0.000285535216638166
0.122234964079314,0.107114833858972,4691,4691,0.000571070433276337,0.000285535216638172
0.12196490016322,0.106611657030226,4692,4692,0.000571070433276337,0.000285535216638166
0.122234964079314,0.107114833858972,4693,4693,0.000571070433276337,0.000285535216638172
0.12196490016322,0.106611657030226,4694,4694,0.000571070433276337,0.000285535216638166
0.122234964079314,0.107114833858972,4695,4695,0.000571070433276337,0.000285535216638172
0.12196490016322,0.106611657030226,4696,4696,0.000571070433276337,0.000285535216638166
0.122234964079314,0.107114833858972,4697,4697,0.000571070433276337,0.000285535216638172
0.12196490016322,0.106611657030226,4698,4698,0.000571070433276337,0.000285535216638166
0.122234964079314,0.107114833858972,4699,4699,0.000571070433276337,0.000285535216638172
0.12196490016322,0.106611657030226,4700,4700,0.000571070433276337,0.000285535216638166
0.122234964079314,0.107114833858972,4701,4701,0.000571070433276337,0.000285535216638172
0.12196490016322,0.106611657030226,4702,4702,0.000571070433276337,0.000285535216638166
0.122234964079314,0.107114833858972,4703,4703,0.000571070433276337,0.000285535216638172
0.12196490016322,0.106611657030226,4704,4704,0.000571070433276337,0.000285535216638166
0.122234964079314,0.107114833858972,4705,4705,0.000571070433276337,0.000285535216638172
0.12196490016322,0.106611657030226,4706,4706,0.000571070433276337,0.000285535216638166
0.122234964079314,0.107114833858972,4707,4707,0.000571070433276337,0.000285535216638172
0.12196490016322,0.106611657030226,4708,4708,0.000571070433276337,0.000285535216638166
0.122234964079314,0.107114833858972,4709,4709,0.000571070433276337,0.000285535216638172
0.12196490016322,0.106611657030226,4710,4710,0.000571070433276337,0.000285535216638166
0.122234964079314,0.107114833858972,4711,4711,0.000571070433276337,0.000285535216638172
0.12196490016322,0.106611657030226,4712,4712,0.000571070433276337,0.000285535216638166
0.122234964079314,0.107114833858972,4713,4713,0.000571070433276337,0.000285535216638172
0.12196490016322,0.106611657030226,4714,4714,0.000571070433276337,0.000285535216638166
0.122234964079314,0.107114833858972,4715,4715,0.000571070433276337,0.000285535216638172
0.12196490016322,0.106611657030226,4716,4716,0.000571070433276337,0.000285535216638166
0.122234964079314,0.107114833858972,4717,4717,0.000571070433276337,0.000285535216638172
0.12196490016322,0.106611657030226,4718,4718,0.000571070433276337,0.000285535216638166
0.122234964079314,0.107114833858972,4719,4719,0.000571070433276337,0.000285535216638172
0.12196490016322,0.106611657030226,4720,4720,0.000571070433276337,0.000285535216638166
0.122234964079314,0.107114833858972,4721,4721,0.000571070433276337,0.000285535216638172
0.12196490016322,0.106611657030226,4722,4722,0.000571070433276337,0.000285535216638166
0.122234964079314,0.107114833858972,4723,4723,0.000571070433276337,0.000285535216638172
0.12196490016322,0.106611657030226,4724,4724,0.000571070433276337,0.000285535216638166
0.122234964079314,0.107114833858972,4725,4725,0.000571070433276337,0.000285535216638172
0.12196490016322,0.106611657030226,4726,4726,0.000571070433276337,0.000285535216638166
0.122234964079314,0.107114833858972,4727,4727,0.000571070433276337,0.000285535216638172
0.12196490016322,0.106611657030226,4728,4728,0.000571070433276337,0.000285535216638166
0.122234964079314,0.107114833858972,4729,4729,0.000571070433276337,0.000285535216638172
0.12196490016322,0.106611657030226,4730,4730,0.000571070433276337,0.000285535216638166
0.122234964079314,0.107114833858972,4731,4731,0.000571070433276337,0.000285535216638172
0.12196490016322,0.106611657030226,4732,4732,0.000571070433276337,0.000285535216638166
0.122234964079314,0.107114833858972,4733,4733,0.000571070433276337,0.000285535216638172
0.12196490016322,0.106611657030226,4734,4734,0.000571070433276337,0.000285535216638166
0.122234964079314,0.107114833858972,4735,4735,0.000571070433276337,0.000285535216638172
0.12196490016322,0.106611657030226,4736,4736,0.000571070433276337,0.000285535216638166
0.122234964079314,0.107114833858972,4737,4737,0.000571070433276337,0.000285535216638172
0.12196490016322,0.106611657030226,4738,4738,0.000571070433276337,0.000285535216638166
0.122234964079314,0.107114833858972,4739,4739,0.000571070433276337,0.000285535216638172
0.12196490016322,0.106611657030226,4740,4740,0.000571070433276337,0.000285535216638166
0.122234964079314,0.107114833858972,4741,4741,0.000571070433276337,0.000285535216638172
0.12196490016322,0.106611657030226,4742,4742,0.000571070433276337,0.000285535216638166
0.122234964079314,0.107114833858972,4743,4743,0.000571070433276337,0.000285535216638172
0.12196490016322,0.106611657030226,4744,4744,0.000571070433276337,0.000285535216638166
0.122234964079314,0.107114833858972,4745,4745,0.000571070433276337,0.000285535216638172
0.12196490016322,0.106611657030226,4746,4746,0.000571070433276337,0.000285535216638166
0.122234964079314,0.107114833858972,4747,4747,0.000571070433276337,0.000285535216638172
0.12196490016322,0.106611657030226,4748,4748,0.000571070433276337,0.000285535216638166
0.122234964079314,0.107114833858972,4749,4749,0.000571070433276337,0.000285535216638172
0.12196490016322,0.106611657030226,4750,4750,0.000571070433276337,0.000285535216638166
0.122234964079314,0.107114833858972,4751,4751,0.000571070433276337,0.000285535216638172
0.12196490016322,0.106611657030226,4752,4752,0.000571070433276337,0.000285535216638166
0.122234964079314,0.107114833858972,4753,4753,0.000571070433276337,0.000285535216638172
0.12196490016322,0.106611657030226,4754,4754,0.000571070433276337,0.000285535216638166
0.122234964079314,0.107114833858972,4755,4755,0.000571070433276337,0.000285535216638172
0.12196490016322,0.106611657030226,4756,4756,0.000571070433276337,0.000285535216638166
0.122234964079314,0.107114833858972,4757,4757,0.000571070433276337,0.000285535216638172
0.12196490016322,0.106611657030226,4758,4758,0.000571070433276337,0.000285535216638166
0.122234964079314,0.107114833858972,4759,4759,0.000571070433276337,0.000285535216638172
0.12196490016322,0.106611657030226,4760,4760,0.000571070433276337,0.000285535216638166
0.122234964079314,0.107114833858972,4761,4761,0.000571070433276337,0.000285535216638172
0.12196490016322,0.106611657030226,4762,4762,0.000571070433276337,0.000285535216638166
0.122234964079314,0.107114833858972,4763,4763,0.000571070433276337,0.000285535216638172
0.12196490016322,0.106611657030226,4764,4764,0.000571070433276337,0.000285535216638166
0.122234964079314,0.107114833858972,4765,4765,0.000571070433276337,0.000285535216638172
0.12196490016322,0.106611657030226,4766,4766,0.000571070433276337,0.000285535216638166
0.122234964079314,0.107114833858972,4767,4767,0.000571070433276337,0.000285535216638172
0.12196490016322,0.106611657030226,4768,4768,0.000571070433276337,0.000285535216638166
0.122234964079314,0.107114833858972,4769,4769,0.000571070433276337,0.000285535216638172
0.12196490016322,0.106611657030226,4770,4770,0.000571070433276337,0.000285535216638166
0.122234964079314,0.107114833858972,4771,4771,0.000571070433276337,0.000285535216638172
0.12196490016322,0.106611657030226,4772,4772,0.000571070433276337,0.000285535216638166
0.122234964079314,0.107114833858972,4773,4773,0.000571070433276337,0.000285535216638172
0.12196490016322,0.106611657030226,4774,4774,0.000571070433276337,0.000285535216638166
0.122234964079314,0.107114833858972,4775,4775,0.000571070433276337,0.000285535216638172
0.12196490016322,0.106611657030226,4776,4776,0.000571070433276337,0.000285535216638166
0.122234964079314,0.107114833858972,4777,4777,0.000571070433276337,0.000285535216638172
0.12196490016322,0.106611657030226,4778,4778,0.000571070433276337,0.000285535216638166
0.122234964079314,0.107114833858972,4779,4779,0.000571070433276337,0.000285535216638172
0.12196490016322,0.106611657030226,4780,4780,0.000571070433276337,0.000285535216638166
0.122234964079314,0.107114833858972,4781,4781,0.000571070433276337,0.000285535216638172
0.12196490016322,0.106611657030226,4782,4782,0.000571070433276337,0.000285535216638166
0.122234964079314,0.107114833858972,4783,4783,0.000571070433276337,0.000285535216638172
0.12196490016322,0.106611657030226,4784,4784,0.000571070433276337,0.000285535216638166
0.122234964079314,0.107114833858972,4785,4785,0.000571070433276337,0.000285535216638172
0.12196490016322,0.106611657030226,4786,4786,0.000571070433276337,0.000285535216638166
0.122234964079314,0.107114833858972,4787,4787,0.000571070433276337,0.000285535216638172
0.12196490016322,0.106611657030226,4788,4788,0.000571070433276337,0.000285535216638166
0.122234964079314,0.107114833858972,4789,4789,0.000571070433276337,0.000285535216638172
0.12196490016322,0.106611657030226,4790,4790,0.000571070433276337,0.000285535216638166
0.122234964079314,0.107114833858972,4791,4791,0.000571070433276337,0.000285535216638172
0.12196490016322,0.106611657030226,4792,4792,0.000571070433276337,0.000285535216638166
0.122234964079314,0.107114833858972,4793,4793,0.000571070433276337,0.000285535216638172
0.12196490016322,0.106611657030226,4794,4794,0.000571070433276337,0.000285535216638166
0.122234964079314,0.107114833858972,4795,4795,0.000571070433276337,0.000285535216638172
0.12196490016322,0.106611657030226,4796,4796,0.000571070433276337,0.000285535216638166
0.122234964079314,0.107114833858972,4797,4797,0.000571070433276337,0.000285535216638172
0.12196490016322,0.106611657030226,4798,4798,0.000571070433276337,0.000285535216638166
0.122234964079314,0.107114833858972,4799,4799,0.000571070433276337,0.000285535216638172
0.12196490016322,0.106611657030226,4800,4800,0.000571070433276337,0.000285535216638166
0.122234964079314,0.107114833858972,4801,4801,0.000571070433276337,0.000285535216638172
0.12196490016322,0.106611657030226,4802,4802,0.000571070433276337,0.000285535216638166
0.122234964079314,0.107114833858972,4803,4803,0.000571070433276337,0.000285535216638172
0.12196490016322,0.106611657030226,4804,4804,0.000571070433276337,0.000285535216638166
0.122234964079314,0.107114833858972,4805,4805,0.000571070433276337,0.000285535216638172
0.12196490016322,0.106611657030226,4806,4806,0.000571070433276337,0.000285535216638166
0.122234964079314,0.107114833858972,4807,4807,0.000571070433276337,0.000285535216638172
0.12196490016322,0.106611657030226,4808,4808,0.000571070433276337,0.000285535216638166
0.122234964079314,0.107114833858972,4809,4809,0.000571070433276337,0.000285535216638172
0.12196490016322,0.106611657030226,4810,4810,0.000571070433276337,0.000285535216638166
0.122234964079314,0.107114833858972,4811,4811,0.000571070433276337,0.000285535216638172
0.12196490016322,0.106611657030226,4812,4812,0.000571070433276337,0.000285535216638166
0.122234964079314,0.107114833858972,4813,4813,0.000571070433276337,0.000285535216638172
0.12196490016322,0.106611657030226,4814,4814,0.000571070433276337,0.000285535216638166
0.122234964079314,0.107114833858972,4815,4815,0.000571070433276337,0.000285535216638172
0.12196490016322,0.106611657030226,4816,4816,0.000571070433276337,0.000285535216638166
0.122234964079314,0.107114833858972,4817,4817,0.000571070433276337,0.000285535216638172
0.12196490016322,0.106611657030226,4818,4818,0.000571070433276337,0.000285535216638166
0.122234964079314,0.107114833858972,4819,4819,0.000571070433276337,0.000285535216638172
0.12196490016322,0.106611657030226,4820,4820,0.000571070433276337,0.000285535216638166
0.122234964079314,0.107114833858972,4821,4821,0.000571070433276337,0.000285535216638172
0.12196490016322,0.106611657030226,4822,4822,0.000571070433276337,0.000285535216638166
0.122234964079314,0.107114833858972,4823,4823,0.000571070433276337,0.000285535216638172
0.12196490016322,0.106611657030226,4824,4824,0.000571070433276337,0.000285535216638166
0.122234964079314,0.107114833858972,4825,4825,0.000571070433276337,0.000285535216638172
0.12196490016322,0.106611657030226,4826,4826,0.000571070433276337,0.000285535216638166
0.122234964079314,0.107114833858972,4827,4827,0.000571070433276337,0.000285535216638172
0.12196490016322,0.106611657030226,4828,4828,0.000571070433276337,0.000285535216638166
0.122234964079314,0.107114833858972,4829,4829,0.000571070433276337,0.000285535216638172
0.12196490016322,0.106611657030226,4830,4830,0.000571070433276337,0.000285535216638166
0.122234964079314,0.107114833858972,4831,4831,0.000571070433276337,0.000285535216638172
0.12196490016322,0.106611657030226,4832,4832,0.000571070433276337,0.000285535216638166
0.122234964079314,0.107114833858972,4833,4833,0.000571070433276337,0.000285535216638172
0.12196490016322,0.106611657030226,4834,4834,0.000571070433276337,0.000285535216638166
0.122234964079314,0.107114833858972,4835,4835,0.000571070433276337,0.000285535216638172
0.12196490016322,0.106611657030226,4836,4836,0.000571070433276337,0.000285535216638166
0.122234964079314,0.107114833858972,4837,4837,0.000571070433276337,0.000285535216638172
0.12196490016322,0.106611657030226,4838,4838,0.000571070433276337,0.000285535216638166
0.122234964079314,0.107114833858972,4839,4839,0.000571070433276337,0.000285535216638172
0.12196490016322,0.106611657030226,4840,4840,0.000571070433276337,0.000285535216638166
0.122234964079314,0.107114833858972,4841,4841,0.000571070433276337,0.000285535216638172
0.12196490016322,0.106611657030226,4842,4842,0.000571070433276337,0.000285535216638166
0.122234964079314,0.107114833858972,4843,4843,0.000571070433276337,0.000285535216638172
0.12196490016322,0.106611657030226,4844,4844,0.000571070433276337,0.000285535216638166
0.122234964079314,0.107114833858972,4845,4845,0.000571070433276337,0.000285535216638172
0.12196490016322,0.106611657030226,4846,4846,0.000571070433276337,0.000285535216638166
0.122234964079314,0.107114833858972,4847,4847,0.000571070433276337,0.000285535216638172
0.12196490016322,0.106611657030226,4848,4848,0.000571070433276337,0.000285535216638166
0.122234964079314,0.107114833858972,4849,4849,0.000571070433276337,0.000285535216638172
0.12196490016322,0.106611657030226,4850,4850,0.000571070433276337,0.000285535216638166
0.122234964079314,0.107114833858972,4851,4851,0.000571070433276337,0.000285535216638172
0.12196490016322,0.106611657030226,4852,4852,0.000571070433276337,0.000285535216638166
0.122234964079314,0.107114833858972,4853,4853,0.000571070433276337,0.000285535216638172
0.12196490016322,0.106611657030226,4854,4854,0.000571070433276337,0.000285535216638166
0.122234964079314,0.107114833858972,4855,4855,0.000571070433276337,0.000285535216638172
0.12196490016322,0.106611657030226,4856,4856,0.000571070433276337,0.000285535216638166
0.122234964079314,0.107114833858972,4857,4857,0.000571070433276337,0.000285535216638172
0.12196490016322,0.106611657030226,4858,4858,0.000571070433276337,0.000285535216638166
0.122234964079314,0.107114833858972,4859,4859,0.000571070433276337,0.000285535216638172
0.12196490016322,0.106611657030226,4860,4860,0.000571070433276337,0.000285535216638166
0.122234964079314,0.107114833858972,4861,4861,0.000571070433276337,0.000285535216638172
0.12196490016322,0.106611657030226,4862,4862,0.000571070433276337,0.000285535216638166
0.122234964079314,0.107114833858972,4863,4863,0.000571070433276337,0.000285535216638172
0.12196490016322,0.106611657030226,4864,4864,0.000571070433276337,0.000285535216638166
0.122234964079314,0.107114833858972,4865,4865,0.000571070433276337,0.000285535216638172
0.12196490016322,0.106611657030226,4866,4866,0.000571070433276337,0.000285535216638166
0.122234964079314,0.107114833858972,4867,4867,0.000571070433276337,0.000285535216638172
0.12196490016322,0.106611657030226,4868,4868,0.000571070433276337,0.000285535216638166
0.122234964079314,0.107114833858972,4869,4869,0.000571070433276337,0.000285535216638172
0.12196490016322,0.106611657030226,4870,4870,0.000571070433276337,0.000285535216638166
0.122234964079314,0.107114833858972,4871,4871,0.000571070433276337,0.000285535216638172
0.12196490016322,0.106611657030226,4872,4872,0.000571070433276337,0.000285535216638166
0.122234964079314,0.107114833858972,4873,4873,0.000571070433276337,0.000285535216638172
0.12196490016322,0.106611657030226,4874,4874,0.000571070433276337,0.000285535216638166
0.122234964079314,0.107114833858972,4875,4875,0.000571070433276337,0.000285535216638172
0.12196490016322,0.106611657030226,4876,4876,0.000571070433276337,0.000285535216638166
0.122234964079314,0.107114833858972,4877,4877,0.000571070433276337,0.000285535216638172
0.12196490016322,0.106611657030226,4878,4878,0.000571070433276337,0.000285535216638166
0.122234964079314,0.107114833858972,4879,4879,0.000571070433276337,0.000285535216638172
0.12196490016322,0.106611657030226,4880,4880,0.000571070433276337,0.000285535216638166
0.122234964079314,0.107114833858972,4881,4881,0.000571070433276337,0.000285535216638172
0.12196490016322,0.106611657030226,4882,4882,0.000571070433276337,0.000285535216638166
0.122234964079314,0.107114833858972,4883,4883,0.000571070433276337,0.000285535216638172
0.12196490016322,0.106611657030226,4884,4884,0.000571070433276337,0.000285535216638166
0.122234964079314,0.107114833858972,4885,4885,0.000571070433276337,0.000285535216638172
0.12196490016322,0.106611657030226,4886,4886,0.000571070433276337,0.000285535216638166
0.122234964079314,0.107114833858972,4887,4887,0.000571070433276337,0.000285535216638172
0.12196490016322,0.106611657030226,4888,4888,0.000571070433276337,0.000285535216638166
0.122234964079314,0.107114833858972,4889,4889,0.000571070433276337,0.000285535216638172
0.12196490016322,0.106611657030226,4890,4890,0.000571070433276337,0.000285535216638166
0.122234964079314,0.107114833858972,4891,4891,0.000571070433276337,0.000285535216638172
0.12196490016322,0.106611657030226,4892,4892,0.000571070433276337,0.000285535216638166
0.122234964079314,0.107114833858972,4893,4893,0.000571070433276337,0.000285535216638172
0.12196490016322,0.106611657030226,4894,4894,0.000571070433276337,0.000285535216638166
0.122234964079314,0.107114833858972,4895,4895,0.000571070433276337,0.000285535216638172
0.12196490016322,0.106611657030226,4896,4896,0.000571070433276337,0.000285535216638166
0.122234964079314,0.107114833858972,4897,4897,0.000571070433276337,0.000285535216638172
0.12196490016322,0.106611657030226,4898,4898,0.000571070433276337,0.000285535216638166
0.122234964079314,0.107114833858972,4899,4899,0.000571070433276337,0.000285535216638172
0.12196490016322,0.106611657030226,4900,4900,0.000571070433276337,0.000285535216638166
0.122234964079314,0.107114833858972,4901,4901,0.000571070433276337,0.000285535216638172
0.12196490016322,0.106611657030226,4902,4902,0.000571070433276337,0.000285535216638166
0.122234964079314,0.107114833858972,4903,4903,0.000571070433276337,0.000285535216638172
0.12196490016322,0.106611657030226,4904,4904,0.000571070433276337,0.000285535216638166
0.122234964079314,0.107114833858972,4905,4905,0.000571070433276337,0.000285535216638172
0.12196490016322,0.106611657030226,4906,4906,0.000571070433276337,0.000285535216638166
0.122234964079314,0.107114833858972,4907,4907,0.000571070433276337,0.000285535216638172
0.12196490016322,0.106611657030226,4908,4908,0.000571070433276337,0.000285535216638166
0.122234964079314,0.107114833858972,4909,4909,0.000571070433276337,0.000285535216638172
0.12196490016322,0.106611657030226,4910,4910,0.000571070433276337,0.000285535216638166
0.122234964079314,0.107114833858972,4911,4911,0.000571070433276337,0.000285535216638172
0.12196490016322,0.106611657030226,4912,4912,0.000571070433276337,0.000285535216638166
0.122234964079314,0.107114833858972,4913,4913,0.000571070433276337,0.000285535216638172
0.12196490016322,0.106611657030226,4914,4914,0.000571070433276337,0.000285535216638166
0.122234964079314,0.107114833858972,4915,4915,0.000571070433276337,0.000285535216638172
0.12196490016322,0.106611657030226,4916,4916,0.000571070433276337,0.000285535216638166
0.122234964079314,0.107114833858972,4917,4917,0.000571070433276337,0.000285535216638172
0.12196490016322,0.106611657030226,4918,4918,0.000571070433276337,0.000285535216638166
0.122234964079314,0.107114833858972,4919,4919,0.000571070433276337,0.000285535216638172
0.12196490016322,0.106611657030226,4920,4920,0.000571070433276337,0.000285535216638166
0.122234964079314,0.107114833858972,4921,4921,0.000571070433276337,0.000285535216638172
0.12196490016322,0.106611657030226,4922,4922,0.000571070433276337,0.000285535216638166
0.122234964079314,0.107114833858972,4923,4923,0.000571070433276337,0.000285535216638172
0.12196490016322,0.106611657030226,4924,4924,0.000571070433276337,0.000285535216638166
0.122234964079314,0.107114833858972,4925,4925,0.000571070433276337,0.000285535216638172
0.12196490016322,0.106611657030226,4926,4926,0.000571070433276337,0.000285535216638166
0.122234964079314,0.107114833858972,4927,4927,0.000571070433276337,0.000285535216638172
0.12196490016322,0.106611657030226,4928,4928,0.000571070433276337,0.000285535216638166
0.122234964079314,0.107114833858972,4929,4929,0.000571070433276337,0.000285535216638172
0.12196490016322,0.106611657030226,4930,4930,0.000571070433276337,0.000285535216638166
0.122234964079314,0.107114833858972,4931,4931,0.000571070433276337,0.000285535216638172
0.12196490016322,0.106611657030226,4932,4932,0.000571070433276337,0.000285535216638166
0.122234964079314,0.107114833858972,4933,4933,0.000571070433276337,0.000285535216638172
0.12196490016322,0.106611657030226,4934,4934,0.000571070433276337,0.000285535216638166
0.122234964079314,0.107114833858972,4935,4935,0.000571070433276337,0.000285535216638172
0.12196490016322,0.106611657030226,4936,4936,0.000571070433276337,0.000285535216638166
0.122234964079314,0.107114833858972,4937,4937,0.000571070433276337,0.000285535216638172
0.12196490016322,0.106611657030226,4938,4938,0.000571070433276337,0.000285535216638166
0.122234964079314,0.107114833858972,4939,4939,0.000571070433276337,0.000285535216638172
0.12196490016322,0.106611657030226,4940,4940,0.000571070433276337,0.000285535216638166
0.122234964079314,0.107114833858972,4941,4941,0.000571070433276337,0.000285535216638172
0.12196490016322,0.106611657030226,4942,4942,0.000571070433276337,0.000285535216638166
0.122234964079314,0.107114833858972,4943,4943,0.000571070433276337,0.000285535216638172
0.12196490016322,0.106611657030226,4944,4944,0.000571070433276337,0.000285535216638166
0.122234964079314,0.107114833858972,4945,4945,0.000571070433276337,0.000285535216638172
0.12196490016322,0.106611657030226,4946,4946,0.000571070433276337,0.000285535216638166
0.122234964079314,0.107114833858972,4947,4947,0.000571070433276337,0.000285535216638172
0.12196490016322,0.106611657030226,4948,4948,0.000571070433276337,0.000285535216638166
0.122234964079314,0.107114833858972,4949,4949,0.000571070433276337,0.000285535216638172
0.12196490016322,0.106611657030226,4950,4950,0.000571070433276337,0.000285535216638166
0.122234964079314,0.107114833858972,4951,4951,0.000571070433276337,0.000285535216638172
0.12196490016322,0.106611657030226,4952,4952,0.000571070433276337,0.000285535216638166
0.122234964079314,0.107114833858972,4953,4953,0.000571070433276337,0.000285535216638172
0.12196490016322,0.106611657030226,4954,4954,0.000571070433276337,0.000285535216638166
0.122234964079314,0.107114833858972,4955,4955,0.000571070433276337,0.000285535216638172
0.12196490016322,0.106611657030226,4956,4956,0.000571070433276337,0.000285535216638166
0.122234964079314,0.107114833858972,4957,4957,0.000571070433276337,0.000285535216638172
0.12196490016322,0.106611657030226,4958,4958,0.000571070433276337,0.000285535216638166
0.122234964079314,0.107114833858972,4959,4959,0.000571070433276337,0.000285535216638172
0.12196490016322,0.106611657030226,4960,4960,0.000571070433276337,0.000285535216638166
0.122234964079314,0.107114833858972,4961,4961,0.000571070433276337,0.000285535216638172
0.12196490016322,0.106611657030226,4962,4962,0.000571070433276337,0.000285535216638166
0.122234964079314,0.107114833858972,4963,4963,0.000571070433276337,0.000285535216638172
0.12196490016322,0.106611657030226,4964,4964,0.000571070433276337,0.000285535216638166
0.122234964079314,0.107114833858972,4965,4965,0.000571070433276337,0.000285535216638172
0.12196490016322,0.106611657030226,4966,4966,0.000571070433276337,0.000285535216638166
0.122234964079314,0.107114833858972,4967,4967,0.000571070433276337,0.000285535216638172
0.12196490016322,0.106611657030226,4968,4968,0.000571070433276337,0.000285535216638166
0.122234964079314,0.107114833858972,4969,4969,0.000571070433276337,0.000285535216638172
0.12196490016322,0.106611657030226,4970,4970,0.000571070433276337,0.000285535216638166
0.122234964079314,0.107114833858972,4971,4971,0.000571070433276337,0.000285535216638172
0.12196490016322,0.106611657030226,4972,4972,0.000571070433276337,0.000285535216638166
0.122234964079314,0.107114833858972,4973,4973,0.000571070433276337,0.000285535216638172
0.12196490016322,0.106611657030226,4974,4974,0.000571070433276337,0.000285535216638166
0.122234964079314,0.107114833858972,4975,4975,0.000571070433276337,0.000285535216638172
0.12196490016322,0.106611657030226,4976,4976,0.000571070433276337,0.000285535216638166
0.122234964079314,0.107114833858972,4977,4977,0.000571070433276337,0.000285535216638172
0.12196490016322,0.106611657030226,4978,4978,0.000571070433276337,0.000285535216638166
0.122234964079314,0.107114833858972,4979,4979,0.000571070433276337,0.000285535216638172
0.12196490016322,0.106611657030226,4980,4980,0.000571070433276337,0.000285535216638166
0.122234964079314,0.107114833858972,4981,4981,0.000571070433276337,0.000285535216638172
0.12196490016322,0.106611657030226,4982,4982,0.000571070433276337,0.000285535216638166
0.122234964079314,0.107114833858972,4983,4983,0.000571070433276337,0.000285535216638172
0.12196490016322,0.106611657030226,4984,4984,0.000571070433276337,0.000285535216638166
0.122234964079314,0.107114833858972,4985,4985,0.000571070433276337,0.000285535216638172
0.12196490016322,0.106611657030226,4986,4986,0.000571070433276337,0.000285535216638166
0.122234964079314,0.107114833858972,4987,4987,0.000571070433276337,0.000285535216638172
0.12196490016322,0.106611657030226,4988,4988,0.000571070433276337,0.000285535216638166
0.122234964079314,0.107114833858972,4989,4989,0.000571070433276337,0.000285535216638172
0.12196490016322,0.106611657030226,4990,4990,0.000571070433276337,0.000285535216638166
0.122234964079314,0.107114833858972,4991,4991,0.000571070433276337,0.000285535216638172
0.12196490016322,0.106611657030226,4992,4992,0.000571070433276337,0.000285535216638166
0.122234964079314,0.107114833858972,4993,4993,0.000571070433276337,0.000285535216638172
0.12196490016322,0.106611657030226,4994,4994,0.000571070433276337,0.000285535216638166
0.122234964079314,0.107114833858972,4995,4995,0.000571070433276337,0.000285535216638172
0.12196490016322,0.106611657030226,4996,4996,0.000571070433276337,0.000285535216638166
0.122234964079314,0.107114833858972,4997,4997,0.000571070433276337,0.000285535216638172
0.12196490016322,0.106611657030226,4998,4998,0.000571070433276337,0.000285535216638166
0.122234964079314,0.107114833858972,4999,4999,0.000571070433276337,0.000285535216638172
0.12196490016322,0.106611657030226,5000,5000,0.000571070433276337,0.000285535216638166
